arm,asset,cohort,effect,global_task_id,kind,metric,noise_seed,query_fraction,query_position,total,value
,C1200,A,cc_minus_cw,5,probe,full_mse,5898604950164596219,0.25,27,,0.0017659366130828857
,C1200,A,wc_minus_ww,5,probe,full_mse,5898604950164596219,0.25,27,,0.0018583834171295166
,C1200,A,interaction,5,probe,full_mse,5898604950164596219,0.25,27,,-9.244680404663086e-05
,C1200,A,cc_minus_cw,5,probe,first5_mse,5898604950164596219,0.25,27,,-0.0023030489683151245
,C1200,A,wc_minus_ww,5,probe,first5_mse,5898604950164596219,0.25,27,,-0.0021114349365234375
,C1200,A,interaction,5,probe,first5_mse,5898604950164596219,0.25,27,,-0.000191614031791687
,C1200,A,cc_minus_cw,5,probe,tau1_first5_mse,5898604950164596219,0.25,27,,-0.0026195868849754333
,C1200,A,wc_minus_ww,5,probe,tau1_first5_mse,5898604950164596219,0.25,27,,-0.0032225996255874634
,C1200,A,interaction,5,probe,tau1_first5_mse,5898604950164596219,0.25,27,,0.00060301274061203
,C1200,A,cc_minus_cw,5,probe,inference_first5_mse,5898604950164596219,0.25,27,,0.00027514994144439697
,C1200,A,wc_minus_ww,5,probe,inference_first5_mse,5898604950164596219,0.25,27,,0.0001380443572998047
,C1200,A,interaction,5,probe,inference_first5_mse,5898604950164596219,0.25,27,,0.00013710558414459229
,C1200,A,cc_minus_cw,5,probe,full_mse,1908307486257974580,0.75,81,,0.001915767788887024
,C1200,A,wc_minus_ww,5,probe,full_mse,1908307486257974580,0.75,81,,0.0012445151805877686
,C1200,A,interaction,5,probe,full_mse,1908307486257974580,0.75,81,,0.0006712526082992554
,C1200,A,cc_minus_cw,5,probe,first5_mse,1908307486257974580,0.75,81,,-0.006679654121398926
,C1200,A,wc_minus_ww,5,probe,first5_mse,1908307486257974580,0.75,81,,-0.006301462650299072
,C1200,A,interaction,5,probe,first5_mse,1908307486257974580,0.75,81,,-0.0003781914710998535
,C1200,A,cc_minus_cw,5,probe,tau1_first5_mse,1908307486257974580,0.75,81,,-0.0034129470586776733
,C1200,A,wc_minus_ww,5,probe,tau1_first5_mse,1908307486257974580,0.75,81,,-0.003953553736209869
,C1200,A,interaction,5,probe,tau1_first5_mse,1908307486257974580,0.75,81,,0.000540606677532196
,C1200,A,cc_minus_cw,5,probe,inference_first5_mse,1908307486257974580,0.75,81,,0.0001458972692489624
,C1200,A,wc_minus_ww,5,probe,inference_first5_mse,1908307486257974580,0.75,81,,0.0005179345607757568
,C1200,A,interaction,5,probe,inference_first5_mse,1908307486257974580,0.75,81,,-0.00037203729152679443
,C1200,B,cc_minus_cw,5,probe,full_mse,4644491651927860461,0.25,27,,0.0149211585521698
,C1200,B,wc_minus_ww,5,probe,full_mse,4644491651927860461,0.25,27,,0.01485423743724823
,C1200,B,interaction,5,probe,full_mse,4644491651927860461,0.25,27,,6.692111492156982e-05
,C1200,B,cc_minus_cw,5,probe,first5_mse,4644491651927860461,0.25,27,,0.003582864999771118
,C1200,B,wc_minus_ww,5,probe,first5_mse,4644491651927860461,0.25,27,,0.0024814605712890625
,C1200,B,interaction,5,probe,first5_mse,4644491651927860461,0.25,27,,0.0011014044284820557
,C1200,B,cc_minus_cw,5,probe,tau1_first5_mse,4644491651927860461,0.25,27,,0.003798186779022217
,C1200,B,wc_minus_ww,5,probe,tau1_first5_mse,4644491651927860461,0.25,27,,0.003170982003211975
,C1200,B,interaction,5,probe,tau1_first5_mse,4644491651927860461,0.25,27,,0.0006272047758102417
,C1200,B,cc_minus_cw,5,probe,inference_first5_mse,4644491651927860461,0.25,27,,0.002342313528060913
,C1200,B,wc_minus_ww,5,probe,inference_first5_mse,4644491651927860461,0.25,27,,0.002269238233566284
,C1200,B,interaction,5,probe,inference_first5_mse,4644491651927860461,0.25,27,,7.30752944946289e-05
,C1200,B,cc_minus_cw,5,probe,full_mse,4698308146476797737,0.75,80,,-0.0014390051364898682
,C1200,B,wc_minus_ww,5,probe,full_mse,4698308146476797737,0.75,80,,-0.0013906210660934448
,C1200,B,interaction,5,probe,full_mse,4698308146476797737,0.75,80,,-4.838407039642334e-05
,C1200,B,cc_minus_cw,5,probe,first5_mse,4698308146476797737,0.75,80,,-0.008711308240890503
,C1200,B,wc_minus_ww,5,probe,first5_mse,4698308146476797737,0.75,80,,-0.0076789408922195435
,C1200,B,interaction,5,probe,first5_mse,4698308146476797737,0.75,80,,-0.0010323673486709595
,C1200,B,cc_minus_cw,5,probe,tau1_first5_mse,4698308146476797737,0.75,80,,0.0022907517850399017
,C1200,B,wc_minus_ww,5,probe,tau1_first5_mse,4698308146476797737,0.75,80,,0.002590235322713852
,C1200,B,interaction,5,probe,tau1_first5_mse,4698308146476797737,0.75,80,,-0.0002994835376739502
,C1200,B,cc_minus_cw,5,probe,inference_first5_mse,4698308146476797737,0.75,80,,-0.0042787715792655945
,C1200,B,wc_minus_ww,5,probe,inference_first5_mse,4698308146476797737,0.75,80,,-0.0037369877099990845
,C1200,B,interaction,5,probe,inference_first5_mse,4698308146476797737,0.75,80,,-0.00054178386926651
,C1200,A,cc_minus_cw,7,probe,full_mse,3060169894559326343,0.25,30,,-0.009754061698913574
,C1200,A,wc_minus_ww,7,probe,full_mse,3060169894559326343,0.25,30,,-0.009480394423007965
,C1200,A,interaction,7,probe,full_mse,3060169894559326343,0.25,30,,-0.00027366727590560913
,C1200,A,cc_minus_cw,7,probe,first5_mse,3060169894559326343,0.25,30,,0.001585245132446289
,C1200,A,wc_minus_ww,7,probe,first5_mse,3060169894559326343,0.25,30,,0.0028125792741775513
,C1200,A,interaction,7,probe,first5_mse,3060169894559326343,0.25,30,,-0.0012273341417312622
,C1200,A,cc_minus_cw,7,probe,tau1_first5_mse,3060169894559326343,0.25,30,,-0.0010366588830947876
,C1200,A,wc_minus_ww,7,probe,tau1_first5_mse,3060169894559326343,0.25,30,,-0.0007754415273666382
,C1200,A,interaction,7,probe,tau1_first5_mse,3060169894559326343,0.25,30,,-0.0002612173557281494
,C1200,A,cc_minus_cw,7,probe,inference_first5_mse,3060169894559326343,0.25,30,,-0.0016588270664215088
,C1200,A,wc_minus_ww,7,probe,inference_first5_mse,3060169894559326343,0.25,30,,-0.001278415322303772
,C1200,A,interaction,7,probe,inference_first5_mse,3060169894559326343,0.25,30,,-0.0003804117441177368
,C1200,A,cc_minus_cw,7,probe,full_mse,5106880675780522306,0.75,92,,0.002748720347881317
,C1200,A,wc_minus_ww,7,probe,full_mse,5106880675780522306,0.75,92,,0.003123462200164795
,C1200,A,interaction,7,probe,full_mse,5106880675780522306,0.75,92,,-0.0003747418522834778
,C1200,A,cc_minus_cw,7,probe,first5_mse,5106880675780522306,0.75,92,,-0.0017925892025232315
,C1200,A,wc_minus_ww,7,probe,first5_mse,5106880675780522306,0.75,92,,-0.00213606096804142
,C1200,A,interaction,7,probe,first5_mse,5106880675780522306,0.75,92,,0.0003434717655181885
,C1200,A,cc_minus_cw,7,probe,tau1_first5_mse,5106880675780522306,0.75,92,,-0.0020888634026050568
,C1200,A,wc_minus_ww,7,probe,tau1_first5_mse,5106880675780522306,0.75,92,,-0.0020152516663074493
,C1200,A,interaction,7,probe,tau1_first5_mse,5106880675780522306,0.75,92,,-7.361173629760742e-05
,C1200,A,cc_minus_cw,7,probe,inference_first5_mse,5106880675780522306,0.75,92,,-0.00012037158012390137
,C1200,A,wc_minus_ww,7,probe,inference_first5_mse,5106880675780522306,0.75,92,,-0.0003308802843093872
,C1200,A,interaction,7,probe,inference_first5_mse,5106880675780522306,0.75,92,,0.00021050870418548584
,C1200,B,cc_minus_cw,7,probe,full_mse,4594143207052349333,0.25,38,,-0.006266005337238312
,C1200,B,wc_minus_ww,7,probe,full_mse,4594143207052349333,0.25,38,,-0.006556309759616852
,C1200,B,interaction,7,probe,full_mse,4594143207052349333,0.25,38,,0.00029030442237854004
,C1200,B,cc_minus_cw,7,probe,first5_mse,4594143207052349333,0.25,38,,-0.007501870393753052
,C1200,B,wc_minus_ww,7,probe,first5_mse,4594143207052349333,0.25,38,,-0.007782012224197388
,C1200,B,interaction,7,probe,first5_mse,4594143207052349333,0.25,38,,0.00028014183044433594
,C1200,B,cc_minus_cw,7,probe,tau1_first5_mse,4594143207052349333,0.25,38,,0.001926470547914505
,C1200,B,wc_minus_ww,7,probe,tau1_first5_mse,4594143207052349333,0.25,38,,0.0015093237161636353
,C1200,B,interaction,7,probe,tau1_first5_mse,4594143207052349333,0.25,38,,0.00041714683175086975
,C1200,B,cc_minus_cw,7,probe,inference_first5_mse,4594143207052349333,0.25,38,,-0.0018573887646198273
,C1200,B,wc_minus_ww,7,probe,inference_first5_mse,4594143207052349333,0.25,38,,-0.0017153695225715637
,C1200,B,interaction,7,probe,inference_first5_mse,4594143207052349333,0.25,38,,-0.00014201924204826355
,C1200,B,cc_minus_cw,7,probe,full_mse,4843176701914511588,0.75,114,,-0.011872217059135437
,C1200,B,wc_minus_ww,7,probe,full_mse,4843176701914511588,0.75,114,,-0.012707628309726715
,C1200,B,interaction,7,probe,full_mse,4843176701914511588,0.75,114,,0.0008354112505912781
,C1200,B,cc_minus_cw,7,probe,first5_mse,4843176701914511588,0.75,114,,-0.0007205801084637642
,C1200,B,wc_minus_ww,7,probe,first5_mse,4843176701914511588,0.75,114,,-0.0009890347719192505
,C1200,B,interaction,7,probe,first5_mse,4843176701914511588,0.75,114,,0.0002684546634554863
,C1200,B,cc_minus_cw,7,probe,tau1_first5_mse,4843176701914511588,0.75,114,,-0.0021417438983917236
,C1200,B,wc_minus_ww,7,probe,tau1_first5_mse,4843176701914511588,0.75,114,,-0.002495763823390007
,C1200,B,interaction,7,probe,tau1_first5_mse,4843176701914511588,0.75,114,,0.0003540199249982834
,C1200,B,cc_minus_cw,7,probe,inference_first5_mse,4843176701914511588,0.75,114,,0.0030530896037817
,C1200,B,wc_minus_ww,7,probe,inference_first5_mse,4843176701914511588,0.75,114,,0.0029480066150426865
,C1200,B,interaction,7,probe,inference_first5_mse,4843176701914511588,0.75,114,,0.00010508298873901367
,C1200,A,cc_minus_cw,12,probe,full_mse,5545119331277237353,0.25,32,,-0.0006568916141986847
,C1200,A,wc_minus_ww,12,probe,full_mse,5545119331277237353,0.25,32,,-0.0006086342036724091
,C1200,A,interaction,12,probe,full_mse,5545119331277237353,0.25,32,,-4.8257410526275635e-05
,C1200,A,cc_minus_cw,12,probe,first5_mse,5545119331277237353,0.25,32,,0.0020626597106456757
,C1200,A,wc_minus_ww,12,probe,first5_mse,5545119331277237353,0.25,32,,0.002033378928899765
,C1200,A,interaction,12,probe,first5_mse,5545119331277237353,0.25,32,,2.9280781745910645e-05
,C1200,A,cc_minus_cw,12,probe,tau1_first5_mse,5545119331277237353,0.25,32,,-0.0003884434700012207
,C1200,A,wc_minus_ww,12,probe,tau1_first5_mse,5545119331277237353,0.25,32,,-0.0003576725721359253
,C1200,A,interaction,12,probe,tau1_first5_mse,5545119331277237353,0.25,32,,-3.077089786529541e-05
,C1200,A,cc_minus_cw,12,probe,inference_first5_mse,5545119331277237353,0.25,32,,0.0006715329363942146
,C1200,A,wc_minus_ww,12,probe,inference_first5_mse,5545119331277237353,0.25,32,,0.0007561631500720978
,C1200,A,interaction,12,probe,inference_first5_mse,5545119331277237353,0.25,32,,-8.463021367788315e-05
,C1200,A,cc_minus_cw,12,probe,full_mse,6063945589377718727,0.75,95,,-0.003090992569923401
,C1200,A,wc_minus_ww,12,probe,full_mse,6063945589377718727,0.75,95,,-0.0028642043471336365
,C1200,A,interaction,12,probe,full_mse,6063945589377718727,0.75,95,,-0.0002267882227897644
,C1200,A,cc_minus_cw,12,probe,first5_mse,6063945589377718727,0.75,95,,0.0017480403184890747
,C1200,A,wc_minus_ww,12,probe,first5_mse,6063945589377718727,0.75,95,,0.001967780292034149
,C1200,A,interaction,12,probe,first5_mse,6063945589377718727,0.75,95,,-0.00021973997354507446
,C1200,A,cc_minus_cw,12,probe,tau1_first5_mse,6063945589377718727,0.75,95,,0.0005409400910139084
,C1200,A,wc_minus_ww,12,probe,tau1_first5_mse,6063945589377718727,0.75,95,,0.0005831755697727203
,C1200,A,interaction,12,probe,tau1_first5_mse,6063945589377718727,0.75,95,,-4.223547875881195e-05
,C1200,A,cc_minus_cw,12,probe,inference_first5_mse,6063945589377718727,0.75,95,,0.0015109311789274216
,C1200,A,wc_minus_ww,12,probe,inference_first5_mse,6063945589377718727,0.75,95,,0.0015383511781692505
,C1200,A,interaction,12,probe,inference_first5_mse,6063945589377718727,0.75,95,,-2.741999924182892e-05
,C1200,B,cc_minus_cw,12,probe,full_mse,1288635900652328787,0.25,33,,-0.0013067163527011871
,C1200,B,wc_minus_ww,12,probe,full_mse,1288635900652328787,0.25,33,,-0.001439020037651062
,C1200,B,interaction,12,probe,full_mse,1288635900652328787,0.25,33,,0.00013230368494987488
,C1200,B,cc_minus_cw,12,probe,first5_mse,1288635900652328787,0.25,33,,0.00016781408339738846
,C1200,B,wc_minus_ww,12,probe,first5_mse,1288635900652328787,0.25,33,,0.00028708577156066895
,C1200,B,interaction,12,probe,first5_mse,1288635900652328787,0.25,33,,-0.00011927168816328049
,C1200,B,cc_minus_cw,12,probe,tau1_first5_mse,1288635900652328787,0.25,33,,6.519351154565811e-05
,C1200,B,wc_minus_ww,12,probe,tau1_first5_mse,1288635900652328787,0.25,33,,2.8922222554683685e-05
,C1200,B,interaction,12,probe,tau1_first5_mse,1288635900652328787,0.25,33,,3.6271288990974426e-05
,C1200,B,cc_minus_cw,12,probe,inference_first5_mse,1288635900652328787,0.25,33,,0.006551578640937805
,C1200,B,wc_minus_ww,12,probe,inference_first5_mse,1288635900652328787,0.25,33,,0.0073575228452682495
,C1200,B,interaction,12,probe,inference_first5_mse,1288635900652328787,0.25,33,,-0.0008059442043304443
,C1200,B,cc_minus_cw,12,probe,full_mse,8916442828729476527,0.75,99,,0.0025977492332458496
,C1200,B,wc_minus_ww,12,probe,full_mse,8916442828729476527,0.75,99,,-0.00034502148628234863
,C1200,B,interaction,12,probe,full_mse,8916442828729476527,0.75,99,,0.0029427707195281982
,C1200,B,cc_minus_cw,12,probe,first5_mse,8916442828729476527,0.75,99,,0.0044476985931396484
,C1200,B,wc_minus_ww,12,probe,first5_mse,8916442828729476527,0.75,99,,-0.010094374418258667
,C1200,B,interaction,12,probe,first5_mse,8916442828729476527,0.75,99,,0.014542073011398315
,C1200,B,cc_minus_cw,12,probe,tau1_first5_mse,8916442828729476527,0.75,99,,-0.0006063468754291534
,C1200,B,wc_minus_ww,12,probe,tau1_first5_mse,8916442828729476527,0.75,99,,-0.0008510071784257889
,C1200,B,interaction,12,probe,tau1_first5_mse,8916442828729476527,0.75,99,,0.00024466030299663544
,C1200,B,cc_minus_cw,12,probe,inference_first5_mse,8916442828729476527,0.75,99,,-0.0008076820522546768
,C1200,B,wc_minus_ww,12,probe,inference_first5_mse,8916442828729476527,0.75,99,,-0.0007377341389656067
,C1200,B,interaction,12,probe,inference_first5_mse,8916442828729476527,0.75,99,,-6.994791328907013e-05
,C1200,A,cc_minus_cw,14,probe,full_mse,6673264783416593914,0.25,40,,-0.0020810142159461975
,C1200,A,wc_minus_ww,14,probe,full_mse,6673264783416593914,0.25,40,,-0.0014831200242042542
,C1200,A,interaction,14,probe,full_mse,6673264783416593914,0.25,40,,-0.0005978941917419434
,C1200,A,cc_minus_cw,14,probe,first5_mse,6673264783416593914,0.25,40,,-0.005131537094712257
,C1200,A,wc_minus_ww,14,probe,first5_mse,6673264783416593914,0.25,40,,-0.00508103147149086
,C1200,A,interaction,14,probe,first5_mse,6673264783416593914,0.25,40,,-5.05056232213974e-05
,C1200,A,cc_minus_cw,14,probe,tau1_first5_mse,6673264783416593914,0.25,40,,-0.0004106154665350914
,C1200,A,wc_minus_ww,14,probe,tau1_first5_mse,6673264783416593914,0.25,40,,-0.0005654348060488701
,C1200,A,interaction,14,probe,tau1_first5_mse,6673264783416593914,0.25,40,,0.0001548193395137787
,C1200,A,cc_minus_cw,14,probe,inference_first5_mse,6673264783416593914,0.25,40,,-0.002589728683233261
,C1200,A,wc_minus_ww,14,probe,inference_first5_mse,6673264783416593914,0.25,40,,-0.002474413253366947
,C1200,A,interaction,14,probe,inference_first5_mse,6673264783416593914,0.25,40,,-0.00011531542986631393
,C1200,A,cc_minus_cw,14,probe,full_mse,4112929797682724988,0.75,121,,0.0007929690182209015
,C1200,A,wc_minus_ww,14,probe,full_mse,4112929797682724988,0.75,121,,0.0008195005357265472
,C1200,A,interaction,14,probe,full_mse,4112929797682724988,0.75,121,,-2.6531517505645752e-05
,C1200,A,cc_minus_cw,14,probe,first5_mse,4112929797682724988,0.75,121,,-0.001368638128042221
,C1200,A,wc_minus_ww,14,probe,first5_mse,4112929797682724988,0.75,121,,-0.0013599954545497894
,C1200,A,interaction,14,probe,first5_mse,4112929797682724988,0.75,121,,-8.64267349243164e-06
,C1200,A,cc_minus_cw,14,probe,tau1_first5_mse,4112929797682724988,0.75,121,,-0.0005412045866250992
,C1200,A,wc_minus_ww,14,probe,tau1_first5_mse,4112929797682724988,0.75,121,,-0.0006208103150129318
,C1200,A,interaction,14,probe,tau1_first5_mse,4112929797682724988,0.75,121,,7.960572838783264e-05
,C1200,A,cc_minus_cw,14,probe,inference_first5_mse,4112929797682724988,0.75,121,,-0.0014626644551753998
,C1200,A,wc_minus_ww,14,probe,inference_first5_mse,4112929797682724988,0.75,121,,-0.001268133521080017
,C1200,A,interaction,14,probe,inference_first5_mse,4112929797682724988,0.75,121,,-0.0001945309340953827
,C1200,B,cc_minus_cw,14,probe,full_mse,6941690631084841007,0.25,39,,-0.0004813671112060547
,C1200,B,wc_minus_ww,14,probe,full_mse,6941690631084841007,0.25,39,,-0.0004885941743850708
,C1200,B,interaction,14,probe,full_mse,6941690631084841007,0.25,39,,7.227063179016113e-06
,C1200,B,cc_minus_cw,14,probe,first5_mse,6941690631084841007,0.25,39,,0.000686008483171463
,C1200,B,wc_minus_ww,14,probe,first5_mse,6941690631084841007,0.25,39,,3.100186586380005e-05
,C1200,B,interaction,14,probe,first5_mse,6941690631084841007,0.25,39,,0.000655006617307663
,C1200,B,cc_minus_cw,14,probe,tau1_first5_mse,6941690631084841007,0.25,39,,0.0012944228947162628
,C1200,B,wc_minus_ww,14,probe,tau1_first5_mse,6941690631084841007,0.25,39,,0.0012439414858818054
,C1200,B,interaction,14,probe,tau1_first5_mse,6941690631084841007,0.25,39,,5.04814088344574e-05
,C1200,B,cc_minus_cw,14,probe,inference_first5_mse,6941690631084841007,0.25,39,,0.0005637109279632568
,C1200,B,wc_minus_ww,14,probe,inference_first5_mse,6941690631084841007,0.25,39,,0.0006376281380653381
,C1200,B,interaction,14,probe,inference_first5_mse,6941690631084841007,0.25,39,,-7.39172101020813e-05
,C1200,B,cc_minus_cw,14,probe,full_mse,7799883917981918442,0.75,116,,-0.00015788525342941284
,C1200,B,wc_minus_ww,14,probe,full_mse,7799883917981918442,0.75,116,,-0.0002630166709423065
,C1200,B,interaction,14,probe,full_mse,7799883917981918442,0.75,116,,0.00010513141751289368
,C1200,B,cc_minus_cw,14,probe,first5_mse,7799883917981918442,0.75,116,,-7.7064149081707e-05
,C1200,B,wc_minus_ww,14,probe,first5_mse,7799883917981918442,0.75,116,,0.00018913578242063522
,C1200,B,interaction,14,probe,first5_mse,7799883917981918442,0.75,116,,-0.0002661999315023422
,C1200,B,cc_minus_cw,14,probe,tau1_first5_mse,7799883917981918442,0.75,116,,-8.499249815940857e-06
,C1200,B,wc_minus_ww,14,probe,tau1_first5_mse,7799883917981918442,0.75,116,,8.003786206245422e-05
,C1200,B,interaction,14,probe,tau1_first5_mse,7799883917981918442,0.75,116,,-8.853711187839508e-05
,C1200,B,cc_minus_cw,14,probe,inference_first5_mse,7799883917981918442,0.75,116,,-0.00020953267812728882
,C1200,B,wc_minus_ww,14,probe,inference_first5_mse,7799883917981918442,0.75,116,,-0.0006442368030548096
,C1200,B,interaction,14,probe,inference_first5_mse,7799883917981918442,0.75,116,,0.00043470412492752075
,C1200,A,cc_minus_cw,20,probe,full_mse,3228420230932740579,0.25,31,,-0.004750393331050873
,C1200,A,wc_minus_ww,20,probe,full_mse,3228420230932740579,0.25,31,,-0.004514332860708237
,C1200,A,interaction,20,probe,full_mse,3228420230932740579,0.25,31,,-0.0002360604703426361
,C1200,A,cc_minus_cw,20,probe,first5_mse,3228420230932740579,0.25,31,,0.0002873428165912628
,C1200,A,wc_minus_ww,20,probe,first5_mse,3228420230932740579,0.25,31,,-0.00017714686691761017
,C1200,A,interaction,20,probe,first5_mse,3228420230932740579,0.25,31,,0.000464489683508873
,C1200,A,cc_minus_cw,20,probe,tau1_first5_mse,3228420230932740579,0.25,31,,-0.00039353035390377045
,C1200,A,wc_minus_ww,20,probe,tau1_first5_mse,3228420230932740579,0.25,31,,-0.0009253304451704025
,C1200,A,interaction,20,probe,tau1_first5_mse,3228420230932740579,0.25,31,,0.0005318000912666321
,C1200,A,cc_minus_cw,20,probe,inference_first5_mse,3228420230932740579,0.25,31,,0.0003606081008911133
,C1200,A,wc_minus_ww,20,probe,inference_first5_mse,3228420230932740579,0.25,31,,8.119642734527588e-05
,C1200,A,interaction,20,probe,inference_first5_mse,3228420230932740579,0.25,31,,0.0002794116735458374
,C1200,A,cc_minus_cw,20,probe,full_mse,166261170614490845,0.75,94,,0.004143252968788147
,C1200,A,wc_minus_ww,20,probe,full_mse,166261170614490845,0.75,94,,0.004311554133892059
,C1200,A,interaction,20,probe,full_mse,166261170614490845,0.75,94,,-0.00016830116510391235
,C1200,A,cc_minus_cw,20,probe,first5_mse,166261170614490845,0.75,94,,-0.0026445258408784866
,C1200,A,wc_minus_ww,20,probe,first5_mse,166261170614490845,0.75,94,,-0.00255504809319973
,C1200,A,interaction,20,probe,first5_mse,166261170614490845,0.75,94,,-8.947774767875671e-05
,C1200,A,cc_minus_cw,20,probe,tau1_first5_mse,166261170614490845,0.75,94,,-0.008451402187347412
,C1200,A,wc_minus_ww,20,probe,tau1_first5_mse,166261170614490845,0.75,94,,-0.008193790912628174
,C1200,A,interaction,20,probe,tau1_first5_mse,166261170614490845,0.75,94,,-0.0002576112747192383
,C1200,A,cc_minus_cw,20,probe,inference_first5_mse,166261170614490845,0.75,94,,-0.009183235466480255
,C1200,A,wc_minus_ww,20,probe,inference_first5_mse,166261170614490845,0.75,94,,-0.007467407733201981
,C1200,A,interaction,20,probe,inference_first5_mse,166261170614490845,0.75,94,,-0.0017158277332782745
,C1200,B,cc_minus_cw,20,probe,full_mse,1347094762221098555,0.25,32,,0.0026705674827098846
,C1200,B,wc_minus_ww,20,probe,full_mse,1347094762221098555,0.25,32,,0.003082718700170517
,C1200,B,interaction,20,probe,full_mse,1347094762221098555,0.25,32,,-0.0004121512174606323
,C1200,B,cc_minus_cw,20,probe,first5_mse,1347094762221098555,0.25,32,,-0.00046399980783462524
,C1200,B,wc_minus_ww,20,probe,first5_mse,1347094762221098555,0.25,32,,-0.0006256327033042908
,C1200,B,interaction,20,probe,first5_mse,1347094762221098555,0.25,32,,0.00016163289546966553
,C1200,B,cc_minus_cw,20,probe,tau1_first5_mse,1347094762221098555,0.25,32,,0.0003077797591686249
,C1200,B,wc_minus_ww,20,probe,tau1_first5_mse,1347094762221098555,0.25,32,,0.000642918050289154
,C1200,B,interaction,20,probe,tau1_first5_mse,1347094762221098555,0.25,32,,-0.0003351382911205292
,C1200,B,cc_minus_cw,20,probe,inference_first5_mse,1347094762221098555,0.25,32,,0.0019876286387443542
,C1200,B,wc_minus_ww,20,probe,inference_first5_mse,1347094762221098555,0.25,32,,0.0019808784127235413
,C1200,B,interaction,20,probe,inference_first5_mse,1347094762221098555,0.25,32,,6.750226020812988e-06
,C1200,B,cc_minus_cw,20,probe,full_mse,8043149644140822759,0.75,95,,-0.004320576786994934
,C1200,B,wc_minus_ww,20,probe,full_mse,8043149644140822759,0.75,95,,-0.004566580057144165
,C1200,B,interaction,20,probe,full_mse,8043149644140822759,0.75,95,,0.00024600327014923096
,C1200,B,cc_minus_cw,20,probe,first5_mse,8043149644140822759,0.75,95,,-0.011330530047416687
,C1200,B,wc_minus_ww,20,probe,first5_mse,8043149644140822759,0.75,95,,-0.012672051787376404
,C1200,B,interaction,20,probe,first5_mse,8043149644140822759,0.75,95,,0.0013415217399597168
,C1200,B,cc_minus_cw,20,probe,tau1_first5_mse,8043149644140822759,0.75,95,,-0.0020822621881961823
,C1200,B,wc_minus_ww,20,probe,tau1_first5_mse,8043149644140822759,0.75,95,,-0.001844950020313263
,C1200,B,interaction,20,probe,tau1_first5_mse,8043149644140822759,0.75,95,,-0.0002373121678829193
,C1200,B,cc_minus_cw,20,probe,inference_first5_mse,8043149644140822759,0.75,95,,-0.019466280937194824
,C1200,B,wc_minus_ww,20,probe,inference_first5_mse,8043149644140822759,0.75,95,,-0.019527703523635864
,C1200,B,interaction,20,probe,inference_first5_mse,8043149644140822759,0.75,95,,6.142258644104004e-05
,C1200,A,cc_minus_cw,25,probe,full_mse,2197700932143374439,0.25,35,,-0.004600822925567627
,C1200,A,wc_minus_ww,25,probe,full_mse,2197700932143374439,0.25,35,,-0.004415005445480347
,C1200,A,interaction,25,probe,full_mse,2197700932143374439,0.25,35,,-0.00018581748008728027
,C1200,A,cc_minus_cw,25,probe,first5_mse,2197700932143374439,0.25,35,,-0.002466771751642227
,C1200,A,wc_minus_ww,25,probe,first5_mse,2197700932143374439,0.25,35,,-0.0030329450964927673
,C1200,A,interaction,25,probe,first5_mse,2197700932143374439,0.25,35,,0.0005661733448505402
,C1200,A,cc_minus_cw,25,probe,tau1_first5_mse,2197700932143374439,0.25,35,,-0.002301427535712719
,C1200,A,wc_minus_ww,25,probe,tau1_first5_mse,2197700932143374439,0.25,35,,-0.0021933699026703835
,C1200,A,interaction,25,probe,tau1_first5_mse,2197700932143374439,0.25,35,,-0.00010805763304233551
,C1200,A,cc_minus_cw,25,probe,inference_first5_mse,2197700932143374439,0.25,35,,-0.0038081761449575424
,C1200,A,wc_minus_ww,25,probe,inference_first5_mse,2197700932143374439,0.25,35,,-0.0036449339240789413
,C1200,A,interaction,25,probe,inference_first5_mse,2197700932143374439,0.25,35,,-0.00016324222087860107
,C1200,A,cc_minus_cw,25,probe,full_mse,7313767176395743740,0.75,104,,0.0010412484407424927
,C1200,A,wc_minus_ww,25,probe,full_mse,7313767176395743740,0.75,104,,0.0008645504713058472
,C1200,A,interaction,25,probe,full_mse,7313767176395743740,0.75,104,,0.0001766979694366455
,C1200,A,cc_minus_cw,25,probe,first5_mse,7313767176395743740,0.75,104,,-0.00672738254070282
,C1200,A,wc_minus_ww,25,probe,first5_mse,7313767176395743740,0.75,104,,-0.0058949291706085205
,C1200,A,interaction,25,probe,first5_mse,7313767176395743740,0.75,104,,-0.0008324533700942993
,C1200,A,cc_minus_cw,25,probe,tau1_first5_mse,7313767176395743740,0.75,104,,-0.006149470806121826
,C1200,A,wc_minus_ww,25,probe,tau1_first5_mse,7313767176395743740,0.75,104,,-0.006248578429222107
,C1200,A,interaction,25,probe,tau1_first5_mse,7313767176395743740,0.75,104,,9.910762310028076e-05
,C1200,A,cc_minus_cw,25,probe,inference_first5_mse,7313767176395743740,0.75,104,,-0.00557592511177063
,C1200,A,wc_minus_ww,25,probe,inference_first5_mse,7313767176395743740,0.75,104,,-0.005936324596405029
,C1200,A,interaction,25,probe,inference_first5_mse,7313767176395743740,0.75,104,,0.0003603994846343994
,C1200,B,cc_minus_cw,25,probe,full_mse,5172841219135816146,0.25,29,,0.0027108192443847656
,C1200,B,wc_minus_ww,25,probe,full_mse,5172841219135816146,0.25,29,,0.0026624947786331177
,C1200,B,interaction,25,probe,full_mse,5172841219135816146,0.25,29,,4.832446575164795e-05
,C1200,B,cc_minus_cw,25,probe,first5_mse,5172841219135816146,0.25,29,,0.003936953842639923
,C1200,B,wc_minus_ww,25,probe,first5_mse,5172841219135816146,0.25,29,,0.003773059695959091
,C1200,B,interaction,25,probe,first5_mse,5172841219135816146,0.25,29,,0.0001638941466808319
,C1200,B,cc_minus_cw,25,probe,tau1_first5_mse,5172841219135816146,0.25,29,,-0.000685935840010643
,C1200,B,wc_minus_ww,25,probe,tau1_first5_mse,5172841219135816146,0.25,29,,-0.0005385112017393112
,C1200,B,interaction,25,probe,tau1_first5_mse,5172841219135816146,0.25,29,,-0.0001474246382713318
,C1200,B,cc_minus_cw,25,probe,inference_first5_mse,5172841219135816146,0.25,29,,0.0011031478643417358
,C1200,B,wc_minus_ww,25,probe,inference_first5_mse,5172841219135816146,0.25,29,,0.0011494755744934082
,C1200,B,interaction,25,probe,inference_first5_mse,5172841219135816146,0.25,29,,-4.632771015167236e-05
,C1200,B,cc_minus_cw,25,probe,full_mse,5635482954592866291,0.75,87,,0.0015267282724380493
,C1200,B,wc_minus_ww,25,probe,full_mse,5635482954592866291,0.75,87,,0.0013341307640075684
,C1200,B,interaction,25,probe,full_mse,5635482954592866291,0.75,87,,0.00019259750843048096
,C1200,B,cc_minus_cw,25,probe,first5_mse,5635482954592866291,0.75,87,,-0.0019841939210891724
,C1200,B,wc_minus_ww,25,probe,first5_mse,5635482954592866291,0.75,87,,-0.00407661497592926
,C1200,B,interaction,25,probe,first5_mse,5635482954592866291,0.75,87,,0.002092421054840088
,C1200,B,cc_minus_cw,25,probe,tau1_first5_mse,5635482954592866291,0.75,87,,-0.004319317638874054
,C1200,B,wc_minus_ww,25,probe,tau1_first5_mse,5635482954592866291,0.75,87,,-0.003674052655696869
,C1200,B,interaction,25,probe,tau1_first5_mse,5635482954592866291,0.75,87,,-0.0006452649831771851
,C1200,B,cc_minus_cw,25,probe,inference_first5_mse,5635482954592866291,0.75,87,,-0.01778087019920349
,C1200,B,wc_minus_ww,25,probe,inference_first5_mse,5635482954592866291,0.75,87,,-0.01831318438053131
,C1200,B,interaction,25,probe,inference_first5_mse,5635482954592866291,0.75,87,,0.0005323141813278198
,C1200,A,cc_minus_cw,34,probe,full_mse,7570421501061691922,0.25,68,,-0.0024134963750839233
,C1200,A,wc_minus_ww,34,probe,full_mse,7570421501061691922,0.25,68,,-0.0027027875185012817
,C1200,A,interaction,34,probe,full_mse,7570421501061691922,0.25,68,,0.0002892911434173584
,C1200,A,cc_minus_cw,34,probe,first5_mse,7570421501061691922,0.25,68,,-0.004648979753255844
,C1200,A,wc_minus_ww,34,probe,first5_mse,7570421501061691922,0.25,68,,-0.004311680793762207
,C1200,A,interaction,34,probe,first5_mse,7570421501061691922,0.25,68,,-0.0003372989594936371
,C1200,A,cc_minus_cw,34,probe,tau1_first5_mse,7570421501061691922,0.25,68,,-0.010019347071647644
,C1200,A,wc_minus_ww,34,probe,tau1_first5_mse,7570421501061691922,0.25,68,,-0.009754437953233719
,C1200,A,interaction,34,probe,tau1_first5_mse,7570421501061691922,0.25,68,,-0.00026490911841392517
,C1200,A,cc_minus_cw,34,probe,inference_first5_mse,7570421501061691922,0.25,68,,-0.0017937086522579193
,C1200,A,wc_minus_ww,34,probe,inference_first5_mse,7570421501061691922,0.25,68,,-0.0014150775969028473
,C1200,A,interaction,34,probe,inference_first5_mse,7570421501061691922,0.25,68,,-0.000378631055355072
,C1200,A,cc_minus_cw,34,probe,full_mse,5052251981188736845,0.75,206,,-0.00044592469930648804
,C1200,A,wc_minus_ww,34,probe,full_mse,5052251981188736845,0.75,206,,-0.0006644949316978455
,C1200,A,interaction,34,probe,full_mse,5052251981188736845,0.75,206,,0.00021857023239135742
,C1200,A,cc_minus_cw,34,probe,first5_mse,5052251981188736845,0.75,206,,-0.0007344689220190048
,C1200,A,wc_minus_ww,34,probe,first5_mse,5052251981188736845,0.75,206,,-0.0005874764174222946
,C1200,A,interaction,34,probe,first5_mse,5052251981188736845,0.75,206,,-0.0001469925045967102
,C1200,A,cc_minus_cw,34,probe,tau1_first5_mse,5052251981188736845,0.75,206,,-0.014676228165626526
,C1200,A,wc_minus_ww,34,probe,tau1_first5_mse,5052251981188736845,0.75,206,,-0.013453595340251923
,C1200,A,interaction,34,probe,tau1_first5_mse,5052251981188736845,0.75,206,,-0.0012226328253746033
,C1200,A,cc_minus_cw,34,probe,inference_first5_mse,5052251981188736845,0.75,206,,-0.00029082829132676125
,C1200,A,wc_minus_ww,34,probe,inference_first5_mse,5052251981188736845,0.75,206,,-0.00030730688013136387
,C1200,A,interaction,34,probe,inference_first5_mse,5052251981188736845,0.75,206,,1.6478588804602623e-05
,C1200,B,cc_minus_cw,34,probe,full_mse,1750272122191094264,0.25,66,,-0.001934729516506195
,C1200,B,wc_minus_ww,34,probe,full_mse,1750272122191094264,0.25,66,,-0.0018015168607234955
,C1200,B,interaction,34,probe,full_mse,1750272122191094264,0.25,66,,-0.00013321265578269958
,C1200,B,cc_minus_cw,34,probe,first5_mse,1750272122191094264,0.25,66,,-0.008486948907375336
,C1200,B,wc_minus_ww,34,probe,first5_mse,1750272122191094264,0.25,66,,-0.00889674574136734
,C1200,B,interaction,34,probe,first5_mse,1750272122191094264,0.25,66,,0.0004097968339920044
,C1200,B,cc_minus_cw,34,probe,tau1_first5_mse,1750272122191094264,0.25,66,,-0.008514322340488434
,C1200,B,wc_minus_ww,34,probe,tau1_first5_mse,1750272122191094264,0.25,66,,-0.007408134639263153
,C1200,B,interaction,34,probe,tau1_first5_mse,1750272122191094264,0.25,66,,-0.0011061877012252808
,C1200,B,cc_minus_cw,34,probe,inference_first5_mse,1750272122191094264,0.25,66,,0.0008424818515777588
,C1200,B,wc_minus_ww,34,probe,inference_first5_mse,1750272122191094264,0.25,66,,0.0006184540688991547
,C1200,B,interaction,34,probe,inference_first5_mse,1750272122191094264,0.25,66,,0.00022402778267860413
,C1200,B,cc_minus_cw,34,probe,full_mse,2317014375466178463,0.75,199,,0.0017678476870059967
,C1200,B,wc_minus_ww,34,probe,full_mse,2317014375466178463,0.75,199,,0.001969490200281143
,C1200,B,interaction,34,probe,full_mse,2317014375466178463,0.75,199,,-0.00020164251327514648
,C1200,B,cc_minus_cw,34,probe,first5_mse,2317014375466178463,0.75,199,,0.009456470608711243
,C1200,B,wc_minus_ww,34,probe,first5_mse,2317014375466178463,0.75,199,,0.010192155838012695
,C1200,B,interaction,34,probe,first5_mse,2317014375466178463,0.75,199,,-0.0007356852293014526
,C1200,B,cc_minus_cw,34,probe,tau1_first5_mse,2317014375466178463,0.75,199,,0.00961320847272873
,C1200,B,wc_minus_ww,34,probe,tau1_first5_mse,2317014375466178463,0.75,199,,0.009678959846496582
,C1200,B,interaction,34,probe,tau1_first5_mse,2317014375466178463,0.75,199,,-6.575137376785278e-05
,C1200,B,cc_minus_cw,34,probe,inference_first5_mse,2317014375466178463,0.75,199,,0.0006538629531860352
,C1200,B,wc_minus_ww,34,probe,inference_first5_mse,2317014375466178463,0.75,199,,0.0006402432918548584
,C1200,B,interaction,34,probe,inference_first5_mse,2317014375466178463,0.75,199,,1.3619661331176758e-05
,C1200,A,cc_minus_cw,37,probe,full_mse,8442714955617139331,0.25,62,,0.0031860172748565674
,C1200,A,wc_minus_ww,37,probe,full_mse,8442714955617139331,0.25,62,,0.0025873035192489624
,C1200,A,interaction,37,probe,full_mse,8442714955617139331,0.25,62,,0.000598713755607605
,C1200,A,cc_minus_cw,37,probe,first5_mse,8442714955617139331,0.25,62,,0.00014184415340423584
,C1200,A,wc_minus_ww,37,probe,first5_mse,8442714955617139331,0.25,62,,0.00040249526500701904
,C1200,A,interaction,37,probe,first5_mse,8442714955617139331,0.25,62,,-0.0002606511116027832
,C1200,A,cc_minus_cw,37,probe,tau1_first5_mse,8442714955617139331,0.25,62,,0.0007616281509399414
,C1200,A,wc_minus_ww,37,probe,tau1_first5_mse,8442714955617139331,0.25,62,,7.781386375427246e-05
,C1200,A,interaction,37,probe,tau1_first5_mse,8442714955617139331,0.25,62,,0.0006838142871856689
,C1200,A,cc_minus_cw,37,probe,inference_first5_mse,8442714955617139331,0.25,62,,-0.0006680190563201904
,C1200,A,wc_minus_ww,37,probe,inference_first5_mse,8442714955617139331,0.25,62,,-0.0003813058137893677
,C1200,A,interaction,37,probe,inference_first5_mse,8442714955617139331,0.25,62,,-0.00028671324253082275
,C1200,A,cc_minus_cw,37,probe,full_mse,4151392753901295008,0.75,186,,0.0004335939884185791
,C1200,A,wc_minus_ww,37,probe,full_mse,4151392753901295008,0.75,186,,0.0003196299076080322
,C1200,A,interaction,37,probe,full_mse,4151392753901295008,0.75,186,,0.00011396408081054688
,C1200,A,cc_minus_cw,37,probe,first5_mse,4151392753901295008,0.75,186,,0.0012406110763549805
,C1200,A,wc_minus_ww,37,probe,first5_mse,4151392753901295008,0.75,186,,0.0008133351802825928
,C1200,A,interaction,37,probe,first5_mse,4151392753901295008,0.75,186,,0.0004272758960723877
,C1200,A,cc_minus_cw,37,probe,tau1_first5_mse,4151392753901295008,0.75,186,,0.00042057037353515625
,C1200,A,wc_minus_ww,37,probe,tau1_first5_mse,4151392753901295008,0.75,186,,-5.136430263519287e-05
,C1200,A,interaction,37,probe,tau1_first5_mse,4151392753901295008,0.75,186,,0.0004719346761703491
,C1200,A,cc_minus_cw,37,probe,inference_first5_mse,4151392753901295008,0.75,186,,0.002091154456138611
,C1200,A,wc_minus_ww,37,probe,inference_first5_mse,4151392753901295008,0.75,186,,0.0019409805536270142
,C1200,A,interaction,37,probe,inference_first5_mse,4151392753901295008,0.75,186,,0.00015017390251159668
,C1200,B,cc_minus_cw,37,probe,full_mse,895811180839841733,0.25,72,,0.00021298974752426147
,C1200,B,wc_minus_ww,37,probe,full_mse,895811180839841733,0.25,72,,0.00044933706521987915
,C1200,B,interaction,37,probe,full_mse,895811180839841733,0.25,72,,-0.00023634731769561768
,C1200,B,cc_minus_cw,37,probe,first5_mse,895811180839841733,0.25,72,,0.00037197768688201904
,C1200,B,wc_minus_ww,37,probe,first5_mse,895811180839841733,0.25,72,,0.0004311874508857727
,C1200,B,interaction,37,probe,first5_mse,895811180839841733,0.25,72,,-5.920976400375366e-05
,C1200,B,cc_minus_cw,37,probe,tau1_first5_mse,895811180839841733,0.25,72,,-0.00022363848984241486
,C1200,B,wc_minus_ww,37,probe,tau1_first5_mse,895811180839841733,0.25,72,,-0.00012304633855819702
,C1200,B,interaction,37,probe,tau1_first5_mse,895811180839841733,0.25,72,,-0.00010059215128421783
,C1200,B,cc_minus_cw,37,probe,inference_first5_mse,895811180839841733,0.25,72,,-0.000388413667678833
,C1200,B,wc_minus_ww,37,probe,inference_first5_mse,895811180839841733,0.25,72,,-0.00011061877012252808
,C1200,B,interaction,37,probe,inference_first5_mse,895811180839841733,0.25,72,,-0.00027779489755630493
,C1200,B,cc_minus_cw,37,probe,full_mse,4825284986999109913,0.75,218,,-0.0007066726684570312
,C1200,B,wc_minus_ww,37,probe,full_mse,4825284986999109913,0.75,218,,-0.0006441324949264526
,C1200,B,interaction,37,probe,full_mse,4825284986999109913,0.75,218,,-6.254017353057861e-05
,C1200,B,cc_minus_cw,37,probe,first5_mse,4825284986999109913,0.75,218,,-0.0024337321519851685
,C1200,B,wc_minus_ww,37,probe,first5_mse,4825284986999109913,0.75,218,,-0.0016357004642486572
,C1200,B,interaction,37,probe,first5_mse,4825284986999109913,0.75,218,,-0.0007980316877365112
,C1200,B,cc_minus_cw,37,probe,tau1_first5_mse,4825284986999109913,0.75,218,,0.0004436615854501724
,C1200,B,wc_minus_ww,37,probe,tau1_first5_mse,4825284986999109913,0.75,218,,-2.277083694934845e-05
,C1200,B,interaction,37,probe,tau1_first5_mse,4825284986999109913,0.75,218,,0.0004664324223995209
,C1200,B,cc_minus_cw,37,probe,inference_first5_mse,4825284986999109913,0.75,218,,0.00011564046144485474
,C1200,B,wc_minus_ww,37,probe,inference_first5_mse,4825284986999109913,0.75,218,,1.2405216693878174e-06
,C1200,B,interaction,37,probe,inference_first5_mse,4825284986999109913,0.75,218,,0.00011439993977546692
,C600,A,cc_minus_cw,5,probe,full_mse,5898604950164596219,0.25,27,,0.0067360177636146545
,C600,A,wc_minus_ww,5,probe,full_mse,5898604950164596219,0.25,27,,0.006023384630680084
,C600,A,interaction,5,probe,full_mse,5898604950164596219,0.25,27,,0.0007126331329345703
,C600,A,cc_minus_cw,5,probe,first5_mse,5898604950164596219,0.25,27,,0.0020652562379837036
,C600,A,wc_minus_ww,5,probe,first5_mse,5898604950164596219,0.25,27,,0.000577092170715332
,C600,A,interaction,5,probe,first5_mse,5898604950164596219,0.25,27,,0.0014881640672683716
,C600,A,cc_minus_cw,5,probe,tau1_first5_mse,5898604950164596219,0.25,27,,-0.00718621164560318
,C600,A,wc_minus_ww,5,probe,tau1_first5_mse,5898604950164596219,0.25,27,,-0.006206497550010681
,C600,A,interaction,5,probe,tau1_first5_mse,5898604950164596219,0.25,27,,-0.0009797140955924988
,C600,A,cc_minus_cw,5,probe,inference_first5_mse,5898604950164596219,0.25,27,,0.10713671147823334
,C600,A,wc_minus_ww,5,probe,inference_first5_mse,5898604950164596219,0.25,27,,0.11392224580049515
,C600,A,interaction,5,probe,inference_first5_mse,5898604950164596219,0.25,27,,-0.00678553432226181
,C600,A,cc_minus_cw,5,probe,full_mse,1908307486257974580,0.75,81,,-0.008441582322120667
,C600,A,wc_minus_ww,5,probe,full_mse,1908307486257974580,0.75,81,,-0.008910045027732849
,C600,A,interaction,5,probe,full_mse,1908307486257974580,0.75,81,,0.0004684627056121826
,C600,A,cc_minus_cw,5,probe,first5_mse,1908307486257974580,0.75,81,,-0.008903861045837402
,C600,A,wc_minus_ww,5,probe,first5_mse,1908307486257974580,0.75,81,,-0.012052908539772034
,C600,A,interaction,5,probe,first5_mse,1908307486257974580,0.75,81,,0.0031490474939346313
,C600,A,cc_minus_cw,5,probe,tau1_first5_mse,1908307486257974580,0.75,81,,-0.01332046091556549
,C600,A,wc_minus_ww,5,probe,tau1_first5_mse,1908307486257974580,0.75,81,,-0.013013962656259537
,C600,A,interaction,5,probe,tau1_first5_mse,1908307486257974580,0.75,81,,-0.000306498259305954
,C600,A,cc_minus_cw,5,probe,inference_first5_mse,1908307486257974580,0.75,81,,-0.00833313912153244
,C600,A,wc_minus_ww,5,probe,inference_first5_mse,1908307486257974580,0.75,81,,-0.008212745189666748
,C600,A,interaction,5,probe,inference_first5_mse,1908307486257974580,0.75,81,,-0.00012039393186569214
,C600,B,cc_minus_cw,5,probe,full_mse,4644491651927860461,0.25,27,,0.008113369345664978
,C600,B,wc_minus_ww,5,probe,full_mse,4644491651927860461,0.25,27,,0.007524922490119934
,C600,B,interaction,5,probe,full_mse,4644491651927860461,0.25,27,,0.0005884468555450439
,C600,B,cc_minus_cw,5,probe,first5_mse,4644491651927860461,0.25,27,,0.014050006866455078
,C600,B,wc_minus_ww,5,probe,first5_mse,4644491651927860461,0.25,27,,0.01340445876121521
,C600,B,interaction,5,probe,first5_mse,4644491651927860461,0.25,27,,0.0006455481052398682
,C600,B,cc_minus_cw,5,probe,tau1_first5_mse,4644491651927860461,0.25,27,,0.007762283086776733
,C600,B,wc_minus_ww,5,probe,tau1_first5_mse,4644491651927860461,0.25,27,,0.007591679692268372
,C600,B,interaction,5,probe,tau1_first5_mse,4644491651927860461,0.25,27,,0.00017060339450836182
,C600,B,cc_minus_cw,5,probe,inference_first5_mse,4644491651927860461,0.25,27,,0.00839337706565857
,C600,B,wc_minus_ww,5,probe,inference_first5_mse,4644491651927860461,0.25,27,,0.008632898330688477
,C600,B,interaction,5,probe,inference_first5_mse,4644491651927860461,0.25,27,,-0.00023952126502990723
,C600,B,cc_minus_cw,5,probe,full_mse,4698308146476797737,0.75,80,,-0.0006646513938903809
,C600,B,wc_minus_ww,5,probe,full_mse,4698308146476797737,0.75,80,,-0.0006730556488037109
,C600,B,interaction,5,probe,full_mse,4698308146476797737,0.75,80,,8.404254913330078e-06
,C600,B,cc_minus_cw,5,probe,first5_mse,4698308146476797737,0.75,80,,-0.008405804634094238
,C600,B,wc_minus_ww,5,probe,first5_mse,4698308146476797737,0.75,80,,-0.010360375046730042
,C600,B,interaction,5,probe,first5_mse,4698308146476797737,0.75,80,,0.0019545704126358032
,C600,B,cc_minus_cw,5,probe,tau1_first5_mse,4698308146476797737,0.75,80,,-0.003011845052242279
,C600,B,wc_minus_ww,5,probe,tau1_first5_mse,4698308146476797737,0.75,80,,-0.003871418535709381
,C600,B,interaction,5,probe,tau1_first5_mse,4698308146476797737,0.75,80,,0.000859573483467102
,C600,B,cc_minus_cw,5,probe,inference_first5_mse,4698308146476797737,0.75,80,,-0.009164579212665558
,C600,B,wc_minus_ww,5,probe,inference_first5_mse,4698308146476797737,0.75,80,,-0.009726427495479584
,C600,B,interaction,5,probe,inference_first5_mse,4698308146476797737,0.75,80,,0.0005618482828140259
,C600,A,cc_minus_cw,7,probe,full_mse,3060169894559326343,0.25,30,,-0.004706889390945435
,C600,A,wc_minus_ww,7,probe,full_mse,3060169894559326343,0.25,30,,-0.005902476608753204
,C600,A,interaction,7,probe,full_mse,3060169894559326343,0.25,30,,0.0011955872178077698
,C600,A,cc_minus_cw,7,probe,first5_mse,3060169894559326343,0.25,30,,0.0038907527923583984
,C600,A,wc_minus_ww,7,probe,first5_mse,3060169894559326343,0.25,30,,0.004224210977554321
,C600,A,interaction,7,probe,first5_mse,3060169894559326343,0.25,30,,-0.00033345818519592285
,C600,A,cc_minus_cw,7,probe,tau1_first5_mse,3060169894559326343,0.25,30,,0.0013050511479377747
,C600,A,wc_minus_ww,7,probe,tau1_first5_mse,3060169894559326343,0.25,30,,9.914487600326538e-05
,C600,A,interaction,7,probe,tau1_first5_mse,3060169894559326343,0.25,30,,0.0012059062719345093
,C600,A,cc_minus_cw,7,probe,inference_first5_mse,3060169894559326343,0.25,30,,0.0003643631935119629
,C600,A,wc_minus_ww,7,probe,inference_first5_mse,3060169894559326343,0.25,30,,5.3241848945617676e-05
,C600,A,interaction,7,probe,inference_first5_mse,3060169894559326343,0.25,30,,0.0003111213445663452
,C600,A,cc_minus_cw,7,probe,full_mse,5106880675780522306,0.75,92,,0.01213037222623825
,C600,A,wc_minus_ww,7,probe,full_mse,5106880675780522306,0.75,92,,0.014108754694461823
,C600,A,interaction,7,probe,full_mse,5106880675780522306,0.75,92,,-0.0019783824682235718
,C600,A,cc_minus_cw,7,probe,first5_mse,5106880675780522306,0.75,92,,0.0030629150569438934
,C600,A,wc_minus_ww,7,probe,first5_mse,5106880675780522306,0.75,92,,0.0021753795444965363
,C600,A,interaction,7,probe,first5_mse,5106880675780522306,0.75,92,,0.0008875355124473572
,C600,A,cc_minus_cw,7,probe,tau1_first5_mse,5106880675780522306,0.75,92,,0.002976873889565468
,C600,A,wc_minus_ww,7,probe,tau1_first5_mse,5106880675780522306,0.75,92,,0.0019731465727090836
,C600,A,interaction,7,probe,tau1_first5_mse,5106880675780522306,0.75,92,,0.0010037273168563843
,C600,A,cc_minus_cw,7,probe,inference_first5_mse,5106880675780522306,0.75,92,,0.00488811731338501
,C600,A,wc_minus_ww,7,probe,inference_first5_mse,5106880675780522306,0.75,92,,0.0052301883697509766
,C600,A,interaction,7,probe,inference_first5_mse,5106880675780522306,0.75,92,,-0.0003420710563659668
,C600,B,cc_minus_cw,7,probe,full_mse,4594143207052349333,0.25,38,,-0.007424212992191315
,C600,B,wc_minus_ww,7,probe,full_mse,4594143207052349333,0.25,38,,-0.007769674062728882
,C600,B,interaction,7,probe,full_mse,4594143207052349333,0.25,38,,0.00034546107053756714
,C600,B,cc_minus_cw,7,probe,first5_mse,4594143207052349333,0.25,38,,-0.0034958869218826294
,C600,B,wc_minus_ww,7,probe,first5_mse,4594143207052349333,0.25,38,,-0.004213154315948486
,C600,B,interaction,7,probe,first5_mse,4594143207052349333,0.25,38,,0.0007172673940658569
,C600,B,cc_minus_cw,7,probe,tau1_first5_mse,4594143207052349333,0.25,38,,-0.001421656459569931
,C600,B,wc_minus_ww,7,probe,tau1_first5_mse,4594143207052349333,0.25,38,,-0.0019248276948928833
,C600,B,interaction,7,probe,tau1_first5_mse,4594143207052349333,0.25,38,,0.0005031712353229523
,C600,B,cc_minus_cw,7,probe,inference_first5_mse,4594143207052349333,0.25,38,,-0.0017961300909519196
,C600,B,wc_minus_ww,7,probe,inference_first5_mse,4594143207052349333,0.25,38,,-0.002211073413491249
,C600,B,interaction,7,probe,inference_first5_mse,4594143207052349333,0.25,38,,0.00041494332253932953
,C600,B,cc_minus_cw,7,probe,full_mse,4843176701914511588,0.75,114,,-0.004648435860872269
,C600,B,wc_minus_ww,7,probe,full_mse,4843176701914511588,0.75,114,,-0.006656758487224579
,C600,B,interaction,7,probe,full_mse,4843176701914511588,0.75,114,,0.00200832262635231
,C600,B,cc_minus_cw,7,probe,first5_mse,4843176701914511588,0.75,114,,0.006093134172260761
,C600,B,wc_minus_ww,7,probe,first5_mse,4843176701914511588,0.75,114,,0.005986238829791546
,C600,B,interaction,7,probe,first5_mse,4843176701914511588,0.75,114,,0.00010689534246921539
,C600,B,cc_minus_cw,7,probe,tau1_first5_mse,4843176701914511588,0.75,114,,0.0013308273628354073
,C600,B,wc_minus_ww,7,probe,tau1_first5_mse,4843176701914511588,0.75,114,,0.0010553495958447456
,C600,B,interaction,7,probe,tau1_first5_mse,4843176701914511588,0.75,114,,0.0002754777669906616
,C600,B,cc_minus_cw,7,probe,inference_first5_mse,4843176701914511588,0.75,114,,0.006342601031064987
,C600,B,wc_minus_ww,7,probe,inference_first5_mse,4843176701914511588,0.75,114,,0.006521336734294891
,C600,B,interaction,7,probe,inference_first5_mse,4843176701914511588,0.75,114,,-0.00017873570322990417
,C600,A,cc_minus_cw,12,probe,full_mse,5545119331277237353,0.25,32,,0.003107890486717224
,C600,A,wc_minus_ww,12,probe,full_mse,5545119331277237353,0.25,32,,0.0029941685497760773
,C600,A,interaction,12,probe,full_mse,5545119331277237353,0.25,32,,0.00011372193694114685
,C600,A,cc_minus_cw,12,probe,first5_mse,5545119331277237353,0.25,32,,0.0015700645744800568
,C600,A,wc_minus_ww,12,probe,first5_mse,5545119331277237353,0.25,32,,0.001333620399236679
,C600,A,interaction,12,probe,first5_mse,5545119331277237353,0.25,32,,0.00023644417524337769
,C600,A,cc_minus_cw,12,probe,tau1_first5_mse,5545119331277237353,0.25,32,,0.022160423919558525
,C600,A,wc_minus_ww,12,probe,tau1_first5_mse,5545119331277237353,0.25,32,,0.021428588777780533
,C600,A,interaction,12,probe,tau1_first5_mse,5545119331277237353,0.25,32,,0.0007318351417779922
,C600,A,cc_minus_cw,12,probe,inference_first5_mse,5545119331277237353,0.25,32,,0.0018681809306144714
,C600,A,wc_minus_ww,12,probe,inference_first5_mse,5545119331277237353,0.25,32,,0.0018383786082267761
,C600,A,interaction,12,probe,inference_first5_mse,5545119331277237353,0.25,32,,2.9802322387695312e-05
,C600,A,cc_minus_cw,12,probe,full_mse,6063945589377718727,0.75,95,,-0.004571661353111267
,C600,A,wc_minus_ww,12,probe,full_mse,6063945589377718727,0.75,95,,-0.00431843101978302
,C600,A,interaction,12,probe,full_mse,6063945589377718727,0.75,95,,-0.00025323033332824707
,C600,A,cc_minus_cw,12,probe,first5_mse,6063945589377718727,0.75,95,,0.0015714378096163273
,C600,A,wc_minus_ww,12,probe,first5_mse,6063945589377718727,0.75,95,,0.0015379427932202816
,C600,A,interaction,12,probe,first5_mse,6063945589377718727,0.75,95,,3.3495016396045685e-05
,C600,A,cc_minus_cw,12,probe,tau1_first5_mse,6063945589377718727,0.75,95,,0.0007023527286946774
,C600,A,wc_minus_ww,12,probe,tau1_first5_mse,6063945589377718727,0.75,95,,0.0006912234239280224
,C600,A,interaction,12,probe,tau1_first5_mse,6063945589377718727,0.75,95,,1.1129304766654968e-05
,C600,A,cc_minus_cw,12,probe,inference_first5_mse,6063945589377718727,0.75,95,,0.0001838929019868374
,C600,A,wc_minus_ww,12,probe,inference_first5_mse,6063945589377718727,0.75,95,,0.00020285136997699738
,C600,A,interaction,12,probe,inference_first5_mse,6063945589377718727,0.75,95,,-1.895846799015999e-05
,C600,B,cc_minus_cw,12,probe,full_mse,1288635900652328787,0.25,33,,0.0010249018669128418
,C600,B,wc_minus_ww,12,probe,full_mse,1288635900652328787,0.25,33,,0.0011043939739465714
,C600,B,interaction,12,probe,full_mse,1288635900652328787,0.25,33,,-7.949210703372955e-05
,C600,B,cc_minus_cw,12,probe,first5_mse,1288635900652328787,0.25,33,,0.006281701847910881
,C600,B,wc_minus_ww,12,probe,first5_mse,1288635900652328787,0.25,33,,0.005786171182990074
,C600,B,interaction,12,probe,first5_mse,1288635900652328787,0.25,33,,0.0004955306649208069
,C600,B,cc_minus_cw,12,probe,tau1_first5_mse,1288635900652328787,0.25,33,,0.007093515247106552
,C600,B,wc_minus_ww,12,probe,tau1_first5_mse,1288635900652328787,0.25,33,,0.007194535806775093
,C600,B,interaction,12,probe,tau1_first5_mse,1288635900652328787,0.25,33,,-0.00010102055966854095
,C600,B,cc_minus_cw,12,probe,inference_first5_mse,1288635900652328787,0.25,33,,0.07435259222984314
,C600,B,wc_minus_ww,12,probe,inference_first5_mse,1288635900652328787,0.25,33,,0.06763747334480286
,C600,B,interaction,12,probe,inference_first5_mse,1288635900652328787,0.25,33,,0.006715118885040283
,C600,B,cc_minus_cw,12,probe,full_mse,8916442828729476527,0.75,99,,-0.0017046928405761719
,C600,B,wc_minus_ww,12,probe,full_mse,8916442828729476527,0.75,99,,-0.0015078485012054443
,C600,B,interaction,12,probe,full_mse,8916442828729476527,0.75,99,,-0.00019684433937072754
,C600,B,cc_minus_cw,12,probe,first5_mse,8916442828729476527,0.75,99,,-0.003463149070739746
,C600,B,wc_minus_ww,12,probe,first5_mse,8916442828729476527,0.75,99,,-0.0031398534774780273
,C600,B,interaction,12,probe,first5_mse,8916442828729476527,0.75,99,,-0.00032329559326171875
,C600,B,cc_minus_cw,12,probe,tau1_first5_mse,8916442828729476527,0.75,99,,-0.000711396336555481
,C600,B,wc_minus_ww,12,probe,tau1_first5_mse,8916442828729476527,0.75,99,,-0.0011635422706604004
,C600,B,interaction,12,probe,tau1_first5_mse,8916442828729476527,0.75,99,,0.00045214593410491943
,C600,B,cc_minus_cw,12,probe,inference_first5_mse,8916442828729476527,0.75,99,,0.0004125349223613739
,C600,B,wc_minus_ww,12,probe,inference_first5_mse,8916442828729476527,0.75,99,,0.0005574226379394531
,C600,B,interaction,12,probe,inference_first5_mse,8916442828729476527,0.75,99,,-0.00014488771557807922
,C600,A,cc_minus_cw,14,probe,full_mse,6673264783416593914,0.25,40,,0.0026889145374298096
,C600,A,wc_minus_ww,14,probe,full_mse,6673264783416593914,0.25,40,,0.002576097846031189
,C600,A,interaction,14,probe,full_mse,6673264783416593914,0.25,40,,0.0001128166913986206
,C600,A,cc_minus_cw,14,probe,first5_mse,6673264783416593914,0.25,40,,-0.0025801071897149086
,C600,A,wc_minus_ww,14,probe,first5_mse,6673264783416593914,0.25,40,,-0.0028547141700983047
,C600,A,interaction,14,probe,first5_mse,6673264783416593914,0.25,40,,0.00027460698038339615
,C600,A,cc_minus_cw,14,probe,tau1_first5_mse,6673264783416593914,0.25,40,,-0.002412778325378895
,C600,A,wc_minus_ww,14,probe,tau1_first5_mse,6673264783416593914,0.25,40,,-0.0021378854289650917
,C600,A,interaction,14,probe,tau1_first5_mse,6673264783416593914,0.25,40,,-0.0002748928964138031
,C600,A,cc_minus_cw,14,probe,inference_first5_mse,6673264783416593914,0.25,40,,0.0013066981919109821
,C600,A,wc_minus_ww,14,probe,inference_first5_mse,6673264783416593914,0.25,40,,0.00129662174731493
,C600,A,interaction,14,probe,inference_first5_mse,6673264783416593914,0.25,40,,1.007644459605217e-05
,C600,A,cc_minus_cw,14,probe,full_mse,4112929797682724988,0.75,121,,-0.0014160871505737305
,C600,A,wc_minus_ww,14,probe,full_mse,4112929797682724988,0.75,121,,-0.0014767758548259735
,C600,A,interaction,14,probe,full_mse,4112929797682724988,0.75,121,,6.068870425224304e-05
,C600,A,cc_minus_cw,14,probe,first5_mse,4112929797682724988,0.75,121,,-0.004680337384343147
,C600,A,wc_minus_ww,14,probe,first5_mse,4112929797682724988,0.75,121,,-0.004283282905817032
,C600,A,interaction,14,probe,first5_mse,4112929797682724988,0.75,121,,-0.0003970544785261154
,C600,A,cc_minus_cw,14,probe,tau1_first5_mse,4112929797682724988,0.75,121,,-0.002885041758418083
,C600,A,wc_minus_ww,14,probe,tau1_first5_mse,4112929797682724988,0.75,121,,-0.002942178398370743
,C600,A,interaction,14,probe,tau1_first5_mse,4112929797682724988,0.75,121,,5.713663995265961e-05
,C600,A,cc_minus_cw,14,probe,inference_first5_mse,4112929797682724988,0.75,121,,-0.0012844353914260864
,C600,A,wc_minus_ww,14,probe,inference_first5_mse,4112929797682724988,0.75,121,,-0.0010933205485343933
,C600,A,interaction,14,probe,inference_first5_mse,4112929797682724988,0.75,121,,-0.00019111484289169312
,C600,B,cc_minus_cw,14,probe,full_mse,6941690631084841007,0.25,39,,-0.0004069507122039795
,C600,B,wc_minus_ww,14,probe,full_mse,6941690631084841007,0.25,39,,-0.0005051344633102417
,C600,B,interaction,14,probe,full_mse,6941690631084841007,0.25,39,,9.818375110626221e-05
,C600,B,cc_minus_cw,14,probe,first5_mse,6941690631084841007,0.25,39,,0.0017700381577014923
,C600,B,wc_minus_ww,14,probe,first5_mse,6941690631084841007,0.25,39,,0.001768067479133606
,C600,B,interaction,14,probe,first5_mse,6941690631084841007,0.25,39,,1.9706785678863525e-06
,C600,B,cc_minus_cw,14,probe,tau1_first5_mse,6941690631084841007,0.25,39,,0.00150219164788723
,C600,B,wc_minus_ww,14,probe,tau1_first5_mse,6941690631084841007,0.25,39,,0.001702580600976944
,C600,B,interaction,14,probe,tau1_first5_mse,6941690631084841007,0.25,39,,-0.00020038895308971405
,C600,B,cc_minus_cw,14,probe,inference_first5_mse,6941690631084841007,0.25,39,,0.002244209870696068
,C600,B,wc_minus_ww,14,probe,inference_first5_mse,6941690631084841007,0.25,39,,0.0021413471549749374
,C600,B,interaction,14,probe,inference_first5_mse,6941690631084841007,0.25,39,,0.00010286271572113037
,C600,B,cc_minus_cw,14,probe,full_mse,7799883917981918442,0.75,116,,0.002209886908531189
,C600,B,wc_minus_ww,14,probe,full_mse,7799883917981918442,0.75,116,,0.0022275634109973907
,C600,B,interaction,14,probe,full_mse,7799883917981918442,0.75,116,,-1.7676502466201782e-05
,C600,B,cc_minus_cw,14,probe,first5_mse,7799883917981918442,0.75,116,,0.0008700881153345108
,C600,B,wc_minus_ww,14,probe,first5_mse,7799883917981918442,0.75,116,,0.0007035713642835617
,C600,B,interaction,14,probe,first5_mse,7799883917981918442,0.75,116,,0.0001665167510509491
,C600,B,cc_minus_cw,14,probe,tau1_first5_mse,7799883917981918442,0.75,116,,0.0008040629327297211
,C600,B,wc_minus_ww,14,probe,tau1_first5_mse,7799883917981918442,0.75,116,,0.0006892569363117218
,C600,B,interaction,14,probe,tau1_first5_mse,7799883917981918442,0.75,116,,0.00011480599641799927
,C600,B,cc_minus_cw,14,probe,inference_first5_mse,7799883917981918442,0.75,116,,-0.0006246715784072876
,C600,B,wc_minus_ww,14,probe,inference_first5_mse,7799883917981918442,0.75,116,,-0.0004919618368148804
,C600,B,interaction,14,probe,inference_first5_mse,7799883917981918442,0.75,116,,-0.00013270974159240723
,C600,A,cc_minus_cw,20,probe,full_mse,3228420230932740579,0.25,31,,-0.006473202258348465
,C600,A,wc_minus_ww,20,probe,full_mse,3228420230932740579,0.25,31,,-0.004441790282726288
,C600,A,interaction,20,probe,full_mse,3228420230932740579,0.25,31,,-0.002031411975622177
,C600,A,cc_minus_cw,20,probe,first5_mse,3228420230932740579,0.25,31,,0.0030344948172569275
,C600,A,wc_minus_ww,20,probe,first5_mse,3228420230932740579,0.25,31,,0.005353998392820358
,C600,A,interaction,20,probe,first5_mse,3228420230932740579,0.25,31,,-0.002319503575563431
,C600,A,cc_minus_cw,20,probe,tau1_first5_mse,3228420230932740579,0.25,31,,-0.003320213407278061
,C600,A,wc_minus_ww,20,probe,tau1_first5_mse,3228420230932740579,0.25,31,,-0.0025409236550331116
,C600,A,interaction,20,probe,tau1_first5_mse,3228420230932740579,0.25,31,,-0.0007792897522449493
,C600,A,cc_minus_cw,20,probe,inference_first5_mse,3228420230932740579,0.25,31,,-0.0014062486588954926
,C600,A,wc_minus_ww,20,probe,inference_first5_mse,3228420230932740579,0.25,31,,-0.0007666833698749542
,C600,A,interaction,20,probe,inference_first5_mse,3228420230932740579,0.25,31,,-0.0006395652890205383
,C600,A,cc_minus_cw,20,probe,full_mse,166261170614490845,0.75,94,,-0.005595773458480835
,C600,A,wc_minus_ww,20,probe,full_mse,166261170614490845,0.75,94,,-0.005503334105014801
,C600,A,interaction,20,probe,full_mse,166261170614490845,0.75,94,,-9.243935346603394e-05
,C600,A,cc_minus_cw,20,probe,first5_mse,166261170614490845,0.75,94,,-0.013804459944367409
,C600,A,wc_minus_ww,20,probe,first5_mse,166261170614490845,0.75,94,,-0.013239093124866486
,C600,A,interaction,20,probe,first5_mse,166261170614490845,0.75,94,,-0.0005653668195009232
,C600,A,cc_minus_cw,20,probe,tau1_first5_mse,166261170614490845,0.75,94,,-0.008741205558180809
,C600,A,wc_minus_ww,20,probe,tau1_first5_mse,166261170614490845,0.75,94,,-0.009523438289761543
,C600,A,interaction,20,probe,tau1_first5_mse,166261170614490845,0.75,94,,0.0007822327315807343
,C600,A,cc_minus_cw,20,probe,inference_first5_mse,166261170614490845,0.75,94,,-0.015167206525802612
,C600,A,wc_minus_ww,20,probe,inference_first5_mse,166261170614490845,0.75,94,,-0.011951036751270294
,C600,A,interaction,20,probe,inference_first5_mse,166261170614490845,0.75,94,,-0.003216169774532318
,C600,B,cc_minus_cw,20,probe,full_mse,1347094762221098555,0.25,32,,0.014537066221237183
,C600,B,wc_minus_ww,20,probe,full_mse,1347094762221098555,0.25,32,,0.01340847834944725
,C600,B,interaction,20,probe,full_mse,1347094762221098555,0.25,32,,0.0011285878717899323
,C600,B,cc_minus_cw,20,probe,first5_mse,1347094762221098555,0.25,32,,0.01865530014038086
,C600,B,wc_minus_ww,20,probe,first5_mse,1347094762221098555,0.25,32,,0.016800254583358765
,C600,B,interaction,20,probe,first5_mse,1347094762221098555,0.25,32,,0.0018550455570220947
,C600,B,cc_minus_cw,20,probe,tau1_first5_mse,1347094762221098555,0.25,32,,0.0050474293529987335
,C600,B,wc_minus_ww,20,probe,tau1_first5_mse,1347094762221098555,0.25,32,,0.004406902939081192
,C600,B,interaction,20,probe,tau1_first5_mse,1347094762221098555,0.25,32,,0.0006405264139175415
,C600,B,cc_minus_cw,20,probe,inference_first5_mse,1347094762221098555,0.25,32,,0.024402879178524017
,C600,B,wc_minus_ww,20,probe,inference_first5_mse,1347094762221098555,0.25,32,,0.020731233060359955
,C600,B,interaction,20,probe,inference_first5_mse,1347094762221098555,0.25,32,,0.0036716461181640625
,C600,B,cc_minus_cw,20,probe,full_mse,8043149644140822759,0.75,95,,-0.01682080328464508
,C600,B,wc_minus_ww,20,probe,full_mse,8043149644140822759,0.75,95,,-0.016319837421178818
,C600,B,interaction,20,probe,full_mse,8043149644140822759,0.75,95,,-0.0005009658634662628
,C600,B,cc_minus_cw,20,probe,first5_mse,8043149644140822759,0.75,95,,-0.037803009152412415
,C600,B,wc_minus_ww,20,probe,first5_mse,8043149644140822759,0.75,95,,-0.03297264873981476
,C600,B,interaction,20,probe,first5_mse,8043149644140822759,0.75,95,,-0.004830360412597656
,C600,B,cc_minus_cw,20,probe,tau1_first5_mse,8043149644140822759,0.75,95,,-0.00846577063202858
,C600,B,wc_minus_ww,20,probe,tau1_first5_mse,8043149644140822759,0.75,95,,-0.007021799683570862
,C600,B,interaction,20,probe,tau1_first5_mse,8043149644140822759,0.75,95,,-0.001443970948457718
,C600,B,cc_minus_cw,20,probe,inference_first5_mse,8043149644140822759,0.75,95,,-0.05781960487365723
,C600,B,wc_minus_ww,20,probe,inference_first5_mse,8043149644140822759,0.75,95,,-0.051542818546295166
,C600,B,interaction,20,probe,inference_first5_mse,8043149644140822759,0.75,95,,-0.0062767863273620605
,C600,A,cc_minus_cw,25,probe,full_mse,2197700932143374439,0.25,35,,-0.006458215415477753
,C600,A,wc_minus_ww,25,probe,full_mse,2197700932143374439,0.25,35,,-0.0068097785115242004
,C600,A,interaction,25,probe,full_mse,2197700932143374439,0.25,35,,0.00035156309604644775
,C600,A,cc_minus_cw,25,probe,first5_mse,2197700932143374439,0.25,35,,1.5985220670700073e-05
,C600,A,wc_minus_ww,25,probe,first5_mse,2197700932143374439,0.25,35,,-0.00022264942526817322
,C600,A,interaction,25,probe,first5_mse,2197700932143374439,0.25,35,,0.0002386346459388733
,C600,A,cc_minus_cw,25,probe,tau1_first5_mse,2197700932143374439,0.25,35,,-0.0028937887400388718
,C600,A,wc_minus_ww,25,probe,tau1_first5_mse,2197700932143374439,0.25,35,,-0.003291729837656021
,C600,A,interaction,25,probe,tau1_first5_mse,2197700932143374439,0.25,35,,0.00039794109761714935
,C600,A,cc_minus_cw,25,probe,inference_first5_mse,2197700932143374439,0.25,35,,-0.0025711562484502792
,C600,A,wc_minus_ww,25,probe,inference_first5_mse,2197700932143374439,0.25,35,,-0.0027123726904392242
,C600,A,interaction,25,probe,inference_first5_mse,2197700932143374439,0.25,35,,0.000141216441988945
,C600,A,cc_minus_cw,25,probe,full_mse,7313767176395743740,0.75,104,,8.405745029449463e-05
,C600,A,wc_minus_ww,25,probe,full_mse,7313767176395743740,0.75,104,,-2.3543834686279297e-05
,C600,A,interaction,25,probe,full_mse,7313767176395743740,0.75,104,,0.00010760128498077393
,C600,A,cc_minus_cw,25,probe,first5_mse,7313767176395743740,0.75,104,,-0.018540501594543457
,C600,A,wc_minus_ww,25,probe,first5_mse,7313767176395743740,0.75,104,,-0.02037137746810913
,C600,A,interaction,25,probe,first5_mse,7313767176395743740,0.75,104,,0.0018308758735656738
,C600,A,cc_minus_cw,25,probe,tau1_first5_mse,7313767176395743740,0.75,104,,0.00769466906785965
,C600,A,wc_minus_ww,25,probe,tau1_first5_mse,7313767176395743740,0.75,104,,0.0073972344398498535
,C600,A,interaction,25,probe,tau1_first5_mse,7313767176395743740,0.75,104,,0.00029743462800979614
,C600,A,cc_minus_cw,25,probe,inference_first5_mse,7313767176395743740,0.75,104,,0.06079345941543579
,C600,A,wc_minus_ww,25,probe,inference_first5_mse,7313767176395743740,0.75,104,,0.056299030780792236
,C600,A,interaction,25,probe,inference_first5_mse,7313767176395743740,0.75,104,,0.004494428634643555
,C600,B,cc_minus_cw,25,probe,full_mse,5172841219135816146,0.25,29,,-0.0024415142834186554
,C600,B,wc_minus_ww,25,probe,full_mse,5172841219135816146,0.25,29,,-0.0019750334322452545
,C600,B,interaction,25,probe,full_mse,5172841219135816146,0.25,29,,-0.0004664808511734009
,C600,B,cc_minus_cw,25,probe,first5_mse,5172841219135816146,0.25,29,,0.0013049840927124023
,C600,B,wc_minus_ww,25,probe,first5_mse,5172841219135816146,0.25,29,,0.0019114352762699127
,C600,B,interaction,25,probe,first5_mse,5172841219135816146,0.25,29,,-0.0006064511835575104
,C600,B,cc_minus_cw,25,probe,tau1_first5_mse,5172841219135816146,0.25,29,,-0.0015198923647403717
,C600,B,wc_minus_ww,25,probe,tau1_first5_mse,5172841219135816146,0.25,29,,-0.0014144349843263626
,C600,B,interaction,25,probe,tau1_first5_mse,5172841219135816146,0.25,29,,-0.0001054573804140091
,C600,B,cc_minus_cw,25,probe,inference_first5_mse,5172841219135816146,0.25,29,,0.0009856577962636948
,C600,B,wc_minus_ww,25,probe,inference_first5_mse,5172841219135816146,0.25,29,,0.0011822283267974854
,C600,B,interaction,25,probe,inference_first5_mse,5172841219135816146,0.25,29,,-0.0001965705305337906
,C600,B,cc_minus_cw,25,probe,full_mse,5635482954592866291,0.75,87,,-0.0010750815272331238
,C600,B,wc_minus_ww,25,probe,full_mse,5635482954592866291,0.75,87,,-0.0012633204460144043
,C600,B,interaction,25,probe,full_mse,5635482954592866291,0.75,87,,0.00018823891878128052
,C600,B,cc_minus_cw,25,probe,first5_mse,5635482954592866291,0.75,87,,-0.012001454830169678
,C600,B,wc_minus_ww,25,probe,first5_mse,5635482954592866291,0.75,87,,-0.015418827533721924
,C600,B,interaction,25,probe,first5_mse,5635482954592866291,0.75,87,,0.003417372703552246
,C600,B,cc_minus_cw,25,probe,tau1_first5_mse,5635482954592866291,0.75,87,,0.007885456085205078
,C600,B,wc_minus_ww,25,probe,tau1_first5_mse,5635482954592866291,0.75,87,,0.005168840289115906
,C600,B,interaction,25,probe,tau1_first5_mse,5635482954592866291,0.75,87,,0.0027166157960891724
,C600,B,cc_minus_cw,25,probe,inference_first5_mse,5635482954592866291,0.75,87,,-0.004034310579299927
,C600,B,wc_minus_ww,25,probe,inference_first5_mse,5635482954592866291,0.75,87,,-0.002929285168647766
,C600,B,interaction,25,probe,inference_first5_mse,5635482954592866291,0.75,87,,-0.0011050254106521606
,C600,A,cc_minus_cw,34,probe,full_mse,7570421501061691922,0.25,68,,-0.000559099018573761
,C600,A,wc_minus_ww,34,probe,full_mse,7570421501061691922,0.25,68,,-0.0009765550494194031
,C600,A,interaction,34,probe,full_mse,7570421501061691922,0.25,68,,0.0004174560308456421
,C600,A,cc_minus_cw,34,probe,first5_mse,7570421501061691922,0.25,68,,0.00015907734632492065
,C600,A,wc_minus_ww,34,probe,first5_mse,7570421501061691922,0.25,68,,-4.281476140022278e-05
,C600,A,interaction,34,probe,first5_mse,7570421501061691922,0.25,68,,0.00020189210772514343
,C600,A,cc_minus_cw,34,probe,tau1_first5_mse,7570421501061691922,0.25,68,,-0.011789731681346893
,C600,A,wc_minus_ww,34,probe,tau1_first5_mse,7570421501061691922,0.25,68,,-0.01153065636754036
,C600,A,interaction,34,probe,tau1_first5_mse,7570421501061691922,0.25,68,,-0.0002590753138065338
,C600,A,cc_minus_cw,34,probe,inference_first5_mse,7570421501061691922,0.25,68,,0.002316923812031746
,C600,A,wc_minus_ww,34,probe,inference_first5_mse,7570421501061691922,0.25,68,,0.002046305686235428
,C600,A,interaction,34,probe,inference_first5_mse,7570421501061691922,0.25,68,,0.00027061812579631805
,C600,A,cc_minus_cw,34,probe,full_mse,5052251981188736845,0.75,206,,0.00247318297624588
,C600,A,wc_minus_ww,34,probe,full_mse,5052251981188736845,0.75,206,,0.0016642585396766663
,C600,A,interaction,34,probe,full_mse,5052251981188736845,0.75,206,,0.0008089244365692139
,C600,A,cc_minus_cw,34,probe,first5_mse,5052251981188736845,0.75,206,,0.0037274882197380066
,C600,A,wc_minus_ww,34,probe,first5_mse,5052251981188736845,0.75,206,,0.004434233531355858
,C600,A,interaction,34,probe,first5_mse,5052251981188736845,0.75,206,,-0.0007067453116178513
,C600,A,cc_minus_cw,34,probe,tau1_first5_mse,5052251981188736845,0.75,206,,-0.002115890383720398
,C600,A,wc_minus_ww,34,probe,tau1_first5_mse,5052251981188736845,0.75,206,,-0.002470254898071289
,C600,A,interaction,34,probe,tau1_first5_mse,5052251981188736845,0.75,206,,0.0003543645143508911
,C600,A,cc_minus_cw,34,probe,inference_first5_mse,5052251981188736845,0.75,206,,0.0012489708606153727
,C600,A,wc_minus_ww,34,probe,inference_first5_mse,5052251981188736845,0.75,206,,0.001314014196395874
,C600,A,interaction,34,probe,inference_first5_mse,5052251981188736845,0.75,206,,-6.504333578050137e-05
,C600,B,cc_minus_cw,34,probe,full_mse,1750272122191094264,0.25,66,,-0.0002396702766418457
,C600,B,wc_minus_ww,34,probe,full_mse,1750272122191094264,0.25,66,,-0.00024583935737609863
,C600,B,interaction,34,probe,full_mse,1750272122191094264,0.25,66,,6.16908073425293e-06
,C600,B,cc_minus_cw,34,probe,first5_mse,1750272122191094264,0.25,66,,0.0012326091527938843
,C600,B,wc_minus_ww,34,probe,first5_mse,1750272122191094264,0.25,66,,0.0017038360238075256
,C600,B,interaction,34,probe,first5_mse,1750272122191094264,0.25,66,,-0.00047122687101364136
,C600,B,cc_minus_cw,34,probe,tau1_first5_mse,1750272122191094264,0.25,66,,0.001767076551914215
,C600,B,wc_minus_ww,34,probe,tau1_first5_mse,1750272122191094264,0.25,66,,0.0018800795078277588
,C600,B,interaction,34,probe,tau1_first5_mse,1750272122191094264,0.25,66,,-0.0001130029559135437
,C600,B,cc_minus_cw,34,probe,inference_first5_mse,1750272122191094264,0.25,66,,-0.005560107529163361
,C600,B,wc_minus_ww,34,probe,inference_first5_mse,1750272122191094264,0.25,66,,-0.005184799432754517
,C600,B,interaction,34,probe,inference_first5_mse,1750272122191094264,0.25,66,,-0.000375308096408844
,C600,B,cc_minus_cw,34,probe,full_mse,2317014375466178463,0.75,199,,0.0006755366921424866
,C600,B,wc_minus_ww,34,probe,full_mse,2317014375466178463,0.75,199,,0.0006033852696418762
,C600,B,interaction,34,probe,full_mse,2317014375466178463,0.75,199,,7.215142250061035e-05
,C600,B,cc_minus_cw,34,probe,first5_mse,2317014375466178463,0.75,199,,-0.0005351603031158447
,C600,B,wc_minus_ww,34,probe,first5_mse,2317014375466178463,0.75,199,,3.0413269996643066e-05
,C600,B,interaction,34,probe,first5_mse,2317014375466178463,0.75,199,,-0.0005655735731124878
,C600,B,cc_minus_cw,34,probe,tau1_first5_mse,2317014375466178463,0.75,199,,0.0001357346773147583
,C600,B,wc_minus_ww,34,probe,tau1_first5_mse,2317014375466178463,0.75,199,,0.0006219446659088135
,C600,B,interaction,34,probe,tau1_first5_mse,2317014375466178463,0.75,199,,-0.0004862099885940552
,C600,B,cc_minus_cw,34,probe,inference_first5_mse,2317014375466178463,0.75,199,,-0.0012494921684265137
,C600,B,wc_minus_ww,34,probe,inference_first5_mse,2317014375466178463,0.75,199,,-0.0014455318450927734
,C600,B,interaction,34,probe,inference_first5_mse,2317014375466178463,0.75,199,,0.00019603967666625977
,C600,A,cc_minus_cw,37,probe,full_mse,8442714955617139331,0.25,62,,0.013511329889297485
,C600,A,wc_minus_ww,37,probe,full_mse,8442714955617139331,0.25,62,,0.01361478865146637
,C600,A,interaction,37,probe,full_mse,8442714955617139331,0.25,62,,-0.00010345876216888428
,C600,A,cc_minus_cw,37,probe,first5_mse,8442714955617139331,0.25,62,,-0.001719146966934204
,C600,A,wc_minus_ww,37,probe,first5_mse,8442714955617139331,0.25,62,,-0.0010298416018486023
,C600,A,interaction,37,probe,first5_mse,8442714955617139331,0.25,62,,-0.0006893053650856018
,C600,A,cc_minus_cw,37,probe,tau1_first5_mse,8442714955617139331,0.25,62,,-0.0024329572916030884
,C600,A,wc_minus_ww,37,probe,tau1_first5_mse,8442714955617139331,0.25,62,,-0.002166152000427246
,C600,A,interaction,37,probe,tau1_first5_mse,8442714955617139331,0.25,62,,-0.0002668052911758423
,C600,A,cc_minus_cw,37,probe,inference_first5_mse,8442714955617139331,0.25,62,,0.0014172270894050598
,C600,A,wc_minus_ww,37,probe,inference_first5_mse,8442714955617139331,0.25,62,,0.0015258416533470154
,C600,A,interaction,37,probe,inference_first5_mse,8442714955617139331,0.25,62,,-0.00010861456394195557
,C600,A,cc_minus_cw,37,probe,full_mse,4151392753901295008,0.75,186,,0.0019498765468597412
,C600,A,wc_minus_ww,37,probe,full_mse,4151392753901295008,0.75,186,,0.002638578414916992
,C600,A,interaction,37,probe,full_mse,4151392753901295008,0.75,186,,-0.000688701868057251
,C600,A,cc_minus_cw,37,probe,first5_mse,4151392753901295008,0.75,186,,0.0016529262065887451
,C600,A,wc_minus_ww,37,probe,first5_mse,4151392753901295008,0.75,186,,0.00320318341255188
,C600,A,interaction,37,probe,first5_mse,4151392753901295008,0.75,186,,-0.0015502572059631348
,C600,A,cc_minus_cw,37,probe,tau1_first5_mse,4151392753901295008,0.75,186,,0.002006448805332184
,C600,A,wc_minus_ww,37,probe,tau1_first5_mse,4151392753901295008,0.75,186,,0.0026546865701675415
,C600,A,interaction,37,probe,tau1_first5_mse,4151392753901295008,0.75,186,,-0.0006482377648353577
,C600,A,cc_minus_cw,37,probe,inference_first5_mse,4151392753901295008,0.75,186,,0.001763850450515747
,C600,A,wc_minus_ww,37,probe,inference_first5_mse,4151392753901295008,0.75,186,,0.0017999857664108276
,C600,A,interaction,37,probe,inference_first5_mse,4151392753901295008,0.75,186,,-3.6135315895080566e-05
,C600,B,cc_minus_cw,37,probe,full_mse,895811180839841733,0.25,72,,9.917467832565308e-05
,C600,B,wc_minus_ww,37,probe,full_mse,895811180839841733,0.25,72,,0.00034277886152267456
,C600,B,interaction,37,probe,full_mse,895811180839841733,0.25,72,,-0.00024360418319702148
,C600,B,cc_minus_cw,37,probe,first5_mse,895811180839841733,0.25,72,,0.00029969215393066406
,C600,B,wc_minus_ww,37,probe,first5_mse,895811180839841733,0.25,72,,0.0010246038436889648
,C600,B,interaction,37,probe,first5_mse,895811180839841733,0.25,72,,-0.0007249116897583008
,C600,B,cc_minus_cw,37,probe,tau1_first5_mse,895811180839841733,0.25,72,,0.0008073151111602783
,C600,B,wc_minus_ww,37,probe,tau1_first5_mse,895811180839841733,0.25,72,,0.0009927749633789062
,C600,B,interaction,37,probe,tau1_first5_mse,895811180839841733,0.25,72,,-0.00018545985221862793
,C600,B,cc_minus_cw,37,probe,inference_first5_mse,895811180839841733,0.25,72,,0.0021003857254981995
,C600,B,wc_minus_ww,37,probe,inference_first5_mse,895811180839841733,0.25,72,,0.002066671848297119
,C600,B,interaction,37,probe,inference_first5_mse,895811180839841733,0.25,72,,3.371387720108032e-05
,C600,B,cc_minus_cw,37,probe,full_mse,4825284986999109913,0.75,218,,-0.0009610503911972046
,C600,B,wc_minus_ww,37,probe,full_mse,4825284986999109913,0.75,218,,-0.0007573217153549194
,C600,B,interaction,37,probe,full_mse,4825284986999109913,0.75,218,,-0.00020372867584228516
,C600,B,cc_minus_cw,37,probe,first5_mse,4825284986999109913,0.75,218,,-0.0015238076448440552
,C600,B,wc_minus_ww,37,probe,first5_mse,4825284986999109913,0.75,218,,-0.0011575371026992798
,C600,B,interaction,37,probe,first5_mse,4825284986999109913,0.75,218,,-0.0003662705421447754
,C600,B,cc_minus_cw,37,probe,tau1_first5_mse,4825284986999109913,0.75,218,,-0.000932963564991951
,C600,B,wc_minus_ww,37,probe,tau1_first5_mse,4825284986999109913,0.75,218,,-0.0009466614574193954
,C600,B,interaction,37,probe,tau1_first5_mse,4825284986999109913,0.75,218,,1.3697892427444458e-05
,C600,B,cc_minus_cw,37,probe,inference_first5_mse,4825284986999109913,0.75,218,,0.0008200518786907196
,C600,B,wc_minus_ww,37,probe,inference_first5_mse,4825284986999109913,0.75,218,,0.0006971210241317749
,C600,B,interaction,37,probe,inference_first5_mse,4825284986999109913,0.75,218,,0.0001229308545589447
,O1200,A,cc_minus_cw,5,probe,full_mse,5898604950164596219,0.25,27,,-0.00933355838060379
,O1200,A,wc_minus_ww,5,probe,full_mse,5898604950164596219,0.25,27,,-0.009779520332813263
,O1200,A,interaction,5,probe,full_mse,5898604950164596219,0.25,27,,0.00044596195220947266
,O1200,A,cc_minus_cw,5,probe,first5_mse,5898604950164596219,0.25,27,,-0.024408549070358276
,O1200,A,wc_minus_ww,5,probe,first5_mse,5898604950164596219,0.25,27,,-0.024182409048080444
,O1200,A,interaction,5,probe,first5_mse,5898604950164596219,0.25,27,,-0.00022614002227783203
,O1200,A,cc_minus_cw,5,probe,tau1_first5_mse,5898604950164596219,0.25,27,,-0.021430447697639465
,O1200,A,wc_minus_ww,5,probe,tau1_first5_mse,5898604950164596219,0.25,27,,-0.02280789613723755
,O1200,A,interaction,5,probe,tau1_first5_mse,5898604950164596219,0.25,27,,0.0013774484395980835
,O1200,A,cc_minus_cw,5,probe,inference_first5_mse,5898604950164596219,0.25,27,,-0.17711277306079865
,O1200,A,wc_minus_ww,5,probe,inference_first5_mse,5898604950164596219,0.25,27,,-0.1892283782362938
,O1200,A,interaction,5,probe,inference_first5_mse,5898604950164596219,0.25,27,,0.012115605175495148
,O1200,A,cc_minus_cw,5,probe,full_mse,1908307486257974580,0.75,81,,0.007284775376319885
,O1200,A,wc_minus_ww,5,probe,full_mse,1908307486257974580,0.75,81,,0.006625905632972717
,O1200,A,interaction,5,probe,full_mse,1908307486257974580,0.75,81,,0.000658869743347168
,O1200,A,cc_minus_cw,5,probe,first5_mse,1908307486257974580,0.75,81,,-0.026714935898780823
,O1200,A,wc_minus_ww,5,probe,first5_mse,1908307486257974580,0.75,81,,-0.028398074209690094
,O1200,A,interaction,5,probe,first5_mse,1908307486257974580,0.75,81,,0.0016831383109092712
,O1200,A,cc_minus_cw,5,probe,tau1_first5_mse,1908307486257974580,0.75,81,,-0.008536998182535172
,O1200,A,wc_minus_ww,5,probe,tau1_first5_mse,1908307486257974580,0.75,81,,-0.008714061230421066
,O1200,A,interaction,5,probe,tau1_first5_mse,1908307486257974580,0.75,81,,0.00017706304788589478
,O1200,A,cc_minus_cw,5,probe,inference_first5_mse,1908307486257974580,0.75,81,,-0.0009536966681480408
,O1200,A,wc_minus_ww,5,probe,inference_first5_mse,1908307486257974580,0.75,81,,-0.0017245933413505554
,O1200,A,interaction,5,probe,inference_first5_mse,1908307486257974580,0.75,81,,0.0007708966732025146
,O1200,B,cc_minus_cw,5,probe,full_mse,4644491651927860461,0.25,27,,0.01346348226070404
,O1200,B,wc_minus_ww,5,probe,full_mse,4644491651927860461,0.25,27,,0.013366326689720154
,O1200,B,interaction,5,probe,full_mse,4644491651927860461,0.25,27,,9.715557098388672e-05
,O1200,B,cc_minus_cw,5,probe,first5_mse,4644491651927860461,0.25,27,,-0.030795812606811523
,O1200,B,wc_minus_ww,5,probe,first5_mse,4644491651927860461,0.25,27,,-0.03089556097984314
,O1200,B,interaction,5,probe,first5_mse,4644491651927860461,0.25,27,,9.974837303161621e-05
,O1200,B,cc_minus_cw,5,probe,tau1_first5_mse,4644491651927860461,0.25,27,,-0.015344813466072083
,O1200,B,wc_minus_ww,5,probe,tau1_first5_mse,4644491651927860461,0.25,27,,-0.015943676233291626
,O1200,B,interaction,5,probe,tau1_first5_mse,4644491651927860461,0.25,27,,0.0005988627672195435
,O1200,B,cc_minus_cw,5,probe,inference_first5_mse,4644491651927860461,0.25,27,,-0.0019049495458602905
,O1200,B,wc_minus_ww,5,probe,inference_first5_mse,4644491651927860461,0.25,27,,-0.001837700605392456
,O1200,B,interaction,5,probe,inference_first5_mse,4644491651927860461,0.25,27,,-6.724894046783447e-05
,O1200,B,cc_minus_cw,5,probe,full_mse,4698308146476797737,0.75,80,,-0.0036573559045791626
,O1200,B,wc_minus_ww,5,probe,full_mse,4698308146476797737,0.75,80,,-0.003520980477333069
,O1200,B,interaction,5,probe,full_mse,4698308146476797737,0.75,80,,-0.00013637542724609375
,O1200,B,cc_minus_cw,5,probe,first5_mse,4698308146476797737,0.75,80,,-0.013526752591133118
,O1200,B,wc_minus_ww,5,probe,first5_mse,4698308146476797737,0.75,80,,-0.012672662734985352
,O1200,B,interaction,5,probe,first5_mse,4698308146476797737,0.75,80,,-0.0008540898561477661
,O1200,B,cc_minus_cw,5,probe,tau1_first5_mse,4698308146476797737,0.75,80,,0.007008664309978485
,O1200,B,wc_minus_ww,5,probe,tau1_first5_mse,4698308146476797737,0.75,80,,0.007062561810016632
,O1200,B,interaction,5,probe,tau1_first5_mse,4698308146476797737,0.75,80,,-5.389750003814697e-05
,O1200,B,cc_minus_cw,5,probe,inference_first5_mse,4698308146476797737,0.75,80,,-0.014023944735527039
,O1200,B,wc_minus_ww,5,probe,inference_first5_mse,4698308146476797737,0.75,80,,-0.014315471053123474
,O1200,B,interaction,5,probe,inference_first5_mse,4698308146476797737,0.75,80,,0.00029152631759643555
,O1200,A,cc_minus_cw,7,probe,full_mse,3060169894559326343,0.25,30,,-0.04766036570072174
,O1200,A,wc_minus_ww,7,probe,full_mse,3060169894559326343,0.25,30,,-0.04684782028198242
,O1200,A,interaction,7,probe,full_mse,3060169894559326343,0.25,30,,-0.0008125454187393188
,O1200,A,cc_minus_cw,7,probe,first5_mse,3060169894559326343,0.25,30,,-0.0482654869556427
,O1200,A,wc_minus_ww,7,probe,first5_mse,3060169894559326343,0.25,30,,-0.047972194850444794
,O1200,A,interaction,7,probe,first5_mse,3060169894559326343,0.25,30,,-0.0002932921051979065
,O1200,A,cc_minus_cw,7,probe,tau1_first5_mse,3060169894559326343,0.25,30,,-0.026795826852321625
,O1200,A,wc_minus_ww,7,probe,tau1_first5_mse,3060169894559326343,0.25,30,,-0.02672327682375908
,O1200,A,interaction,7,probe,tau1_first5_mse,3060169894559326343,0.25,30,,-7.255002856254578e-05
,O1200,A,cc_minus_cw,7,probe,inference_first5_mse,3060169894559326343,0.25,30,,-0.04126620665192604
,O1200,A,wc_minus_ww,7,probe,inference_first5_mse,3060169894559326343,0.25,30,,-0.04085598513484001
,O1200,A,interaction,7,probe,inference_first5_mse,3060169894559326343,0.25,30,,-0.00041022151708602905
,O1200,A,cc_minus_cw,7,probe,full_mse,5106880675780522306,0.75,92,,-0.013628184795379639
,O1200,A,wc_minus_ww,7,probe,full_mse,5106880675780522306,0.75,92,,-0.013273097574710846
,O1200,A,interaction,7,probe,full_mse,5106880675780522306,0.75,92,,-0.0003550872206687927
,O1200,A,cc_minus_cw,7,probe,first5_mse,5106880675780522306,0.75,92,,0.01442023180425167
,O1200,A,wc_minus_ww,7,probe,first5_mse,5106880675780522306,0.75,92,,0.014188077300786972
,O1200,A,interaction,7,probe,first5_mse,5106880675780522306,0.75,92,,0.0002321545034646988
,O1200,A,cc_minus_cw,7,probe,tau1_first5_mse,5106880675780522306,0.75,92,,0.014702396467328072
,O1200,A,wc_minus_ww,7,probe,tau1_first5_mse,5106880675780522306,0.75,92,,0.014460904523730278
,O1200,A,interaction,7,probe,tau1_first5_mse,5106880675780522306,0.75,92,,0.00024149194359779358
,O1200,A,cc_minus_cw,7,probe,inference_first5_mse,5106880675780522306,0.75,92,,0.020742416381835938
,O1200,A,wc_minus_ww,7,probe,inference_first5_mse,5106880675780522306,0.75,92,,0.02091137319803238
,O1200,A,interaction,7,probe,inference_first5_mse,5106880675780522306,0.75,92,,-0.00016895681619644165
,O1200,B,cc_minus_cw,7,probe,full_mse,4594143207052349333,0.25,38,,-0.002198837697505951
,O1200,B,wc_minus_ww,7,probe,full_mse,4594143207052349333,0.25,38,,-0.0027531757950782776
,O1200,B,interaction,7,probe,full_mse,4594143207052349333,0.25,38,,0.0005543380975723267
,O1200,B,cc_minus_cw,7,probe,first5_mse,4594143207052349333,0.25,38,,0.002358078956604004
,O1200,B,wc_minus_ww,7,probe,first5_mse,4594143207052349333,0.25,38,,0.0011350885033607483
,O1200,B,interaction,7,probe,first5_mse,4594143207052349333,0.25,38,,0.0012229904532432556
,O1200,B,cc_minus_cw,7,probe,tau1_first5_mse,4594143207052349333,0.25,38,,0.01034276932477951
,O1200,B,wc_minus_ww,7,probe,tau1_first5_mse,4594143207052349333,0.25,38,,0.010309506207704544
,O1200,B,interaction,7,probe,tau1_first5_mse,4594143207052349333,0.25,38,,3.326311707496643e-05
,O1200,B,cc_minus_cw,7,probe,inference_first5_mse,4594143207052349333,0.25,38,,0.06098492816090584
,O1200,B,wc_minus_ww,7,probe,inference_first5_mse,4594143207052349333,0.25,38,,0.0594269298017025
,O1200,B,interaction,7,probe,inference_first5_mse,4594143207052349333,0.25,38,,0.0015579983592033386
,O1200,B,cc_minus_cw,7,probe,full_mse,4843176701914511588,0.75,114,,-0.018252603709697723
,O1200,B,wc_minus_ww,7,probe,full_mse,4843176701914511588,0.75,114,,-0.020562782883644104
,O1200,B,interaction,7,probe,full_mse,4843176701914511588,0.75,114,,0.0023101791739463806
,O1200,B,cc_minus_cw,7,probe,first5_mse,4843176701914511588,0.75,114,,0.01913943514227867
,O1200,B,wc_minus_ww,7,probe,first5_mse,4843176701914511588,0.75,114,,0.0184368584305048
,O1200,B,interaction,7,probe,first5_mse,4843176701914511588,0.75,114,,0.0007025767117738724
,O1200,B,cc_minus_cw,7,probe,tau1_first5_mse,4843176701914511588,0.75,114,,0.006606856361031532
,O1200,B,wc_minus_ww,7,probe,tau1_first5_mse,4843176701914511588,0.75,114,,0.006317999213933945
,O1200,B,interaction,7,probe,tau1_first5_mse,4843176701914511588,0.75,114,,0.0002888571470975876
,O1200,B,cc_minus_cw,7,probe,inference_first5_mse,4843176701914511588,0.75,114,,0.036527570337057114
,O1200,B,wc_minus_ww,7,probe,inference_first5_mse,4843176701914511588,0.75,114,,0.036428052932024
,O1200,B,interaction,7,probe,inference_first5_mse,4843176701914511588,0.75,114,,9.951740503311157e-05
,O1200,A,cc_minus_cw,12,probe,full_mse,5545119331277237353,0.25,32,,-0.0021301694214344025
,O1200,A,wc_minus_ww,12,probe,full_mse,5545119331277237353,0.25,32,,-0.002179320901632309
,O1200,A,interaction,12,probe,full_mse,5545119331277237353,0.25,32,,4.9151480197906494e-05
,O1200,A,cc_minus_cw,12,probe,first5_mse,5545119331277237353,0.25,32,,-0.0023944638669490814
,O1200,A,wc_minus_ww,12,probe,first5_mse,5545119331277237353,0.25,32,,-0.002457592636346817
,O1200,A,interaction,12,probe,first5_mse,5545119331277237353,0.25,32,,6.31287693977356e-05
,O1200,A,cc_minus_cw,12,probe,tau1_first5_mse,5545119331277237353,0.25,32,,0.002747204154729843
,O1200,A,wc_minus_ww,12,probe,tau1_first5_mse,5545119331277237353,0.25,32,,0.0023512504994869232
,O1200,A,interaction,12,probe,tau1_first5_mse,5545119331277237353,0.25,32,,0.0003959536552429199
,O1200,A,cc_minus_cw,12,probe,inference_first5_mse,5545119331277237353,0.25,32,,-0.0009630806744098663
,O1200,A,wc_minus_ww,12,probe,inference_first5_mse,5545119331277237353,0.25,32,,-0.0010584145784378052
,O1200,A,interaction,12,probe,inference_first5_mse,5545119331277237353,0.25,32,,9.533390402793884e-05
,O1200,A,cc_minus_cw,12,probe,full_mse,6063945589377718727,0.75,95,,0.0012552067637443542
,O1200,A,wc_minus_ww,12,probe,full_mse,6063945589377718727,0.75,95,,0.0011009350419044495
,O1200,A,interaction,12,probe,full_mse,6063945589377718727,0.75,95,,0.00015427172183990479
,O1200,A,cc_minus_cw,12,probe,first5_mse,6063945589377718727,0.75,95,,-0.0020492924377322197
,O1200,A,wc_minus_ww,12,probe,first5_mse,6063945589377718727,0.75,95,,-0.0020056311041116714
,O1200,A,interaction,12,probe,first5_mse,6063945589377718727,0.75,95,,-4.366133362054825e-05
,O1200,A,cc_minus_cw,12,probe,tau1_first5_mse,6063945589377718727,0.75,95,,-0.0021735841874033213
,O1200,A,wc_minus_ww,12,probe,tau1_first5_mse,6063945589377718727,0.75,95,,-0.002248697215691209
,O1200,A,interaction,12,probe,tau1_first5_mse,6063945589377718727,0.75,95,,7.511302828788757e-05
,O1200,A,cc_minus_cw,12,probe,inference_first5_mse,6063945589377718727,0.75,95,,0.0011813268065452576
,O1200,A,wc_minus_ww,12,probe,inference_first5_mse,6063945589377718727,0.75,95,,0.001092568039894104
,O1200,A,interaction,12,probe,inference_first5_mse,6063945589377718727,0.75,95,,8.875876665115356e-05
,O1200,B,cc_minus_cw,12,probe,full_mse,1288635900652328787,0.25,33,,-0.004361394792795181
,O1200,B,wc_minus_ww,12,probe,full_mse,1288635900652328787,0.25,33,,-0.0045319776982069016
,O1200,B,interaction,12,probe,full_mse,1288635900652328787,0.25,33,,0.00017058290541172028
,O1200,B,cc_minus_cw,12,probe,first5_mse,1288635900652328787,0.25,33,,-0.002927688881754875
,O1200,B,wc_minus_ww,12,probe,first5_mse,1288635900652328787,0.25,33,,-0.0030160052701830864
,O1200,B,interaction,12,probe,first5_mse,1288635900652328787,0.25,33,,8.831638842821121e-05
,O1200,B,cc_minus_cw,12,probe,tau1_first5_mse,1288635900652328787,0.25,33,,-0.002757682465016842
,O1200,B,wc_minus_ww,12,probe,tau1_first5_mse,1288635900652328787,0.25,33,,-0.002701881807297468
,O1200,B,interaction,12,probe,tau1_first5_mse,1288635900652328787,0.25,33,,-5.58006577193737e-05
,O1200,B,cc_minus_cw,12,probe,inference_first5_mse,1288635900652328787,0.25,33,,-0.012348666787147522
,O1200,B,wc_minus_ww,12,probe,inference_first5_mse,1288635900652328787,0.25,33,,-0.012196049094200134
,O1200,B,interaction,12,probe,inference_first5_mse,1288635900652328787,0.25,33,,-0.0001526176929473877
,O1200,B,cc_minus_cw,12,probe,full_mse,8916442828729476527,0.75,99,,0.0018030107021331787
,O1200,B,wc_minus_ww,12,probe,full_mse,8916442828729476527,0.75,99,,1.055002212524414e-05
,O1200,B,interaction,12,probe,full_mse,8916442828729476527,0.75,99,,0.0017924606800079346
,O1200,B,cc_minus_cw,12,probe,first5_mse,8916442828729476527,0.75,99,,-0.011129587888717651
,O1200,B,wc_minus_ww,12,probe,first5_mse,8916442828729476527,0.75,99,,-0.013379186391830444
,O1200,B,interaction,12,probe,first5_mse,8916442828729476527,0.75,99,,0.002249598503112793
,O1200,B,cc_minus_cw,12,probe,tau1_first5_mse,8916442828729476527,0.75,99,,0.005958538502454758
,O1200,B,wc_minus_ww,12,probe,tau1_first5_mse,8916442828729476527,0.75,99,,0.006054628640413284
,O1200,B,interaction,12,probe,tau1_first5_mse,8916442828729476527,0.75,99,,-9.609013795852661e-05
,O1200,B,cc_minus_cw,12,probe,inference_first5_mse,8916442828729476527,0.75,99,,0.004227600991725922
,O1200,B,wc_minus_ww,12,probe,inference_first5_mse,8916442828729476527,0.75,99,,0.004434885457158089
,O1200,B,interaction,12,probe,inference_first5_mse,8916442828729476527,0.75,99,,-0.00020728446543216705
,O1200,A,cc_minus_cw,14,probe,full_mse,6673264783416593914,0.25,40,,-0.0006211623549461365
,O1200,A,wc_minus_ww,14,probe,full_mse,6673264783416593914,0.25,40,,-0.001004926860332489
,O1200,A,interaction,14,probe,full_mse,6673264783416593914,0.25,40,,0.00038376450538635254
,O1200,A,cc_minus_cw,14,probe,first5_mse,6673264783416593914,0.25,40,,0.00022675935178995132
,O1200,A,wc_minus_ww,14,probe,first5_mse,6673264783416593914,0.25,40,,0.0003685923293232918
,O1200,A,interaction,14,probe,first5_mse,6673264783416593914,0.25,40,,-0.00014183297753334045
,O1200,A,cc_minus_cw,14,probe,tau1_first5_mse,6673264783416593914,0.25,40,,-0.0005678343586623669
,O1200,A,wc_minus_ww,14,probe,tau1_first5_mse,6673264783416593914,0.25,40,,-0.0003712838515639305
,O1200,A,interaction,14,probe,tau1_first5_mse,6673264783416593914,0.25,40,,-0.00019655050709843636
,O1200,A,cc_minus_cw,14,probe,inference_first5_mse,6673264783416593914,0.25,40,,3.5616569221019745e-05
,O1200,A,wc_minus_ww,14,probe,inference_first5_mse,6673264783416593914,0.25,40,,-6.084516644477844e-05
,O1200,A,interaction,14,probe,inference_first5_mse,6673264783416593914,0.25,40,,9.646173566579819e-05
,O1200,A,cc_minus_cw,14,probe,full_mse,4112929797682724988,0.75,121,,-0.0010286904871463776
,O1200,A,wc_minus_ww,14,probe,full_mse,4112929797682724988,0.75,121,,-0.0013030245900154114
,O1200,A,interaction,14,probe,full_mse,4112929797682724988,0.75,121,,0.0002743341028690338
,O1200,A,cc_minus_cw,14,probe,first5_mse,4112929797682724988,0.75,121,,-0.0011347620747983456
,O1200,A,wc_minus_ww,14,probe,first5_mse,4112929797682724988,0.75,121,,-0.0012019947171211243
,O1200,A,interaction,14,probe,first5_mse,4112929797682724988,0.75,121,,6.72326423227787e-05
,O1200,A,cc_minus_cw,14,probe,tau1_first5_mse,4112929797682724988,0.75,121,,-0.0007112659513950348
,O1200,A,wc_minus_ww,14,probe,tau1_first5_mse,4112929797682724988,0.75,121,,-0.0006167953833937645
,O1200,A,interaction,14,probe,tau1_first5_mse,4112929797682724988,0.75,121,,-9.44705680012703e-05
,O1200,A,cc_minus_cw,14,probe,inference_first5_mse,4112929797682724988,0.75,121,,-0.001929059624671936
,O1200,A,wc_minus_ww,14,probe,inference_first5_mse,4112929797682724988,0.75,121,,-0.0017927810549736023
,O1200,A,interaction,14,probe,inference_first5_mse,4112929797682724988,0.75,121,,-0.00013627856969833374
,O1200,B,cc_minus_cw,14,probe,full_mse,6941690631084841007,0.25,39,,0.002080276608467102
,O1200,B,wc_minus_ww,14,probe,full_mse,6941690631084841007,0.25,39,,0.002014264464378357
,O1200,B,interaction,14,probe,full_mse,6941690631084841007,0.25,39,,6.601214408874512e-05
,O1200,B,cc_minus_cw,14,probe,first5_mse,6941690631084841007,0.25,39,,-3.0446797609329224e-05
,O1200,B,wc_minus_ww,14,probe,first5_mse,6941690631084841007,0.25,39,,0.00037071481347084045
,O1200,B,interaction,14,probe,first5_mse,6941690631084841007,0.25,39,,-0.0004011616110801697
,O1200,B,cc_minus_cw,14,probe,tau1_first5_mse,6941690631084841007,0.25,39,,0.000154910609126091
,O1200,B,wc_minus_ww,14,probe,tau1_first5_mse,6941690631084841007,0.25,39,,0.00022138655185699463
,O1200,B,interaction,14,probe,tau1_first5_mse,6941690631084841007,0.25,39,,-6.647594273090363e-05
,O1200,B,cc_minus_cw,14,probe,inference_first5_mse,6941690631084841007,0.25,39,,0.0003693774342536926
,O1200,B,wc_minus_ww,14,probe,inference_first5_mse,6941690631084841007,0.25,39,,0.0004052910953760147
,O1200,B,interaction,14,probe,inference_first5_mse,6941690631084841007,0.25,39,,-3.591366112232208e-05
,O1200,B,cc_minus_cw,14,probe,full_mse,7799883917981918442,0.75,116,,-0.0011842697858810425
,O1200,B,wc_minus_ww,14,probe,full_mse,7799883917981918442,0.75,116,,-0.0012454837560653687
,O1200,B,interaction,14,probe,full_mse,7799883917981918442,0.75,116,,6.121397018432617e-05
,O1200,B,cc_minus_cw,14,probe,first5_mse,7799883917981918442,0.75,116,,-0.0005408776924014091
,O1200,B,wc_minus_ww,14,probe,first5_mse,7799883917981918442,0.75,116,,-0.0004669027402997017
,O1200,B,interaction,14,probe,first5_mse,7799883917981918442,0.75,116,,-7.397495210170746e-05
,O1200,B,cc_minus_cw,14,probe,tau1_first5_mse,7799883917981918442,0.75,116,,-0.00021140370517969131
,O1200,B,wc_minus_ww,14,probe,tau1_first5_mse,7799883917981918442,0.75,116,,-0.00039198342710733414
,O1200,B,interaction,14,probe,tau1_first5_mse,7799883917981918442,0.75,116,,0.00018057972192764282
,O1200,B,cc_minus_cw,14,probe,inference_first5_mse,7799883917981918442,0.75,116,,-0.0052113644778728485
,O1200,B,wc_minus_ww,14,probe,inference_first5_mse,7799883917981918442,0.75,116,,-0.005188856273889542
,O1200,B,interaction,14,probe,inference_first5_mse,7799883917981918442,0.75,116,,-2.2508203983306885e-05
,O1200,A,cc_minus_cw,20,probe,full_mse,3228420230932740579,0.25,31,,-0.0007779747247695923
,O1200,A,wc_minus_ww,20,probe,full_mse,3228420230932740579,0.25,31,,-0.0008465796709060669
,O1200,A,interaction,20,probe,full_mse,3228420230932740579,0.25,31,,6.860494613647461e-05
,O1200,A,cc_minus_cw,20,probe,first5_mse,3228420230932740579,0.25,31,,-0.0030840113759040833
,O1200,A,wc_minus_ww,20,probe,first5_mse,3228420230932740579,0.25,31,,-0.0028609037399291992
,O1200,A,interaction,20,probe,first5_mse,3228420230932740579,0.25,31,,-0.00022310763597488403
,O1200,A,cc_minus_cw,20,probe,tau1_first5_mse,3228420230932740579,0.25,31,,-0.0022872518748044968
,O1200,A,wc_minus_ww,20,probe,tau1_first5_mse,3228420230932740579,0.25,31,,-0.0021657831966876984
,O1200,A,interaction,20,probe,tau1_first5_mse,3228420230932740579,0.25,31,,-0.0001214686781167984
,O1200,A,cc_minus_cw,20,probe,inference_first5_mse,3228420230932740579,0.25,31,,-0.0020573288202285767
,O1200,A,wc_minus_ww,20,probe,inference_first5_mse,3228420230932740579,0.25,31,,-0.0022566504776477814
,O1200,A,interaction,20,probe,inference_first5_mse,3228420230932740579,0.25,31,,0.0001993216574192047
,O1200,A,cc_minus_cw,20,probe,full_mse,166261170614490845,0.75,94,,0.0008867084980010986
,O1200,A,wc_minus_ww,20,probe,full_mse,166261170614490845,0.75,94,,0.0010333359241485596
,O1200,A,interaction,20,probe,full_mse,166261170614490845,0.75,94,,-0.00014662742614746094
,O1200,A,cc_minus_cw,20,probe,first5_mse,166261170614490845,0.75,94,,-0.0035460591316223145
,O1200,A,wc_minus_ww,20,probe,first5_mse,166261170614490845,0.75,94,,-0.0037250667810440063
,O1200,A,interaction,20,probe,first5_mse,166261170614490845,0.75,94,,0.0001790076494216919
,O1200,A,cc_minus_cw,20,probe,tau1_first5_mse,166261170614490845,0.75,94,,-0.002924516797065735
,O1200,A,wc_minus_ww,20,probe,tau1_first5_mse,166261170614490845,0.75,94,,-0.0029884353280067444
,O1200,A,interaction,20,probe,tau1_first5_mse,166261170614490845,0.75,94,,6.391853094100952e-05
,O1200,A,cc_minus_cw,20,probe,inference_first5_mse,166261170614490845,0.75,94,,-0.0012814961373806
,O1200,A,wc_minus_ww,20,probe,inference_first5_mse,166261170614490845,0.75,94,,-0.0012919344007968903
,O1200,A,interaction,20,probe,inference_first5_mse,166261170614490845,0.75,94,,1.0438263416290283e-05
,O1200,B,cc_minus_cw,20,probe,full_mse,1347094762221098555,0.25,32,,0.0026216991245746613
,O1200,B,wc_minus_ww,20,probe,full_mse,1347094762221098555,0.25,32,,0.0024397186934947968
,O1200,B,interaction,20,probe,full_mse,1347094762221098555,0.25,32,,0.0001819804310798645
,O1200,B,cc_minus_cw,20,probe,first5_mse,1347094762221098555,0.25,32,,-0.0011871382594108582
,O1200,B,wc_minus_ww,20,probe,first5_mse,1347094762221098555,0.25,32,,-0.0015067234635353088
,O1200,B,interaction,20,probe,first5_mse,1347094762221098555,0.25,32,,0.0003195852041244507
,O1200,B,cc_minus_cw,20,probe,tau1_first5_mse,1347094762221098555,0.25,32,,0.00047539547085762024
,O1200,B,wc_minus_ww,20,probe,tau1_first5_mse,1347094762221098555,0.25,32,,0.000636618584394455
,O1200,B,interaction,20,probe,tau1_first5_mse,1347094762221098555,0.25,32,,-0.00016122311353683472
,O1200,B,cc_minus_cw,20,probe,inference_first5_mse,1347094762221098555,0.25,32,,-0.0009241923689842224
,O1200,B,wc_minus_ww,20,probe,inference_first5_mse,1347094762221098555,0.25,32,,-0.00098525732755661
,O1200,B,interaction,20,probe,inference_first5_mse,1347094762221098555,0.25,32,,6.10649585723877e-05
,O1200,B,cc_minus_cw,20,probe,full_mse,8043149644140822759,0.75,95,,-0.00044786930084228516
,O1200,B,wc_minus_ww,20,probe,full_mse,8043149644140822759,0.75,95,,-0.0006264150142669678
,O1200,B,interaction,20,probe,full_mse,8043149644140822759,0.75,95,,0.00017854571342468262
,O1200,B,cc_minus_cw,20,probe,first5_mse,8043149644140822759,0.75,95,,0.0011458396911621094
,O1200,B,wc_minus_ww,20,probe,first5_mse,8043149644140822759,0.75,95,,0.0008791238069534302
,O1200,B,interaction,20,probe,first5_mse,8043149644140822759,0.75,95,,0.0002667158842086792
,O1200,B,cc_minus_cw,20,probe,tau1_first5_mse,8043149644140822759,0.75,95,,-0.000438932329416275
,O1200,B,wc_minus_ww,20,probe,tau1_first5_mse,8043149644140822759,0.75,95,,-0.0011728070676326752
,O1200,B,interaction,20,probe,tau1_first5_mse,8043149644140822759,0.75,95,,0.0007338747382164001
,O1200,B,cc_minus_cw,20,probe,inference_first5_mse,8043149644140822759,0.75,95,,-0.004196584224700928
,O1200,B,wc_minus_ww,20,probe,inference_first5_mse,8043149644140822759,0.75,95,,-0.005043298006057739
,O1200,B,interaction,20,probe,inference_first5_mse,8043149644140822759,0.75,95,,0.0008467137813568115
,O1200,A,cc_minus_cw,25,probe,full_mse,2197700932143374439,0.25,35,,-0.0024389363825321198
,O1200,A,wc_minus_ww,25,probe,full_mse,2197700932143374439,0.25,35,,-0.0027435384690761566
,O1200,A,interaction,25,probe,full_mse,2197700932143374439,0.25,35,,0.00030460208654403687
,O1200,A,cc_minus_cw,25,probe,first5_mse,2197700932143374439,0.25,35,,-0.0029214173555374146
,O1200,A,wc_minus_ww,25,probe,first5_mse,2197700932143374439,0.25,35,,-0.0027793757617473602
,O1200,A,interaction,25,probe,first5_mse,2197700932143374439,0.25,35,,-0.00014204159379005432
,O1200,A,cc_minus_cw,25,probe,tau1_first5_mse,2197700932143374439,0.25,35,,-0.0008229347877204418
,O1200,A,wc_minus_ww,25,probe,tau1_first5_mse,2197700932143374439,0.25,35,,-0.0008483603596687317
,O1200,A,interaction,25,probe,tau1_first5_mse,2197700932143374439,0.25,35,,2.542557194828987e-05
,O1200,A,cc_minus_cw,25,probe,inference_first5_mse,2197700932143374439,0.25,35,,-0.001338023692369461
,O1200,A,wc_minus_ww,25,probe,inference_first5_mse,2197700932143374439,0.25,35,,-0.0012410786002874374
,O1200,A,interaction,25,probe,inference_first5_mse,2197700932143374439,0.25,35,,-9.694509208202362e-05
,O1200,A,cc_minus_cw,25,probe,full_mse,7313767176395743740,0.75,104,,-0.00024481117725372314
,O1200,A,wc_minus_ww,25,probe,full_mse,7313767176395743740,0.75,104,,-0.0009972453117370605
,O1200,A,interaction,25,probe,full_mse,7313767176395743740,0.75,104,,0.0007524341344833374
,O1200,A,cc_minus_cw,25,probe,first5_mse,7313767176395743740,0.75,104,,0.005020439624786377
,O1200,A,wc_minus_ww,25,probe,first5_mse,7313767176395743740,0.75,104,,0.0037329643964767456
,O1200,A,interaction,25,probe,first5_mse,7313767176395743740,0.75,104,,0.0012874752283096313
,O1200,A,cc_minus_cw,25,probe,tau1_first5_mse,7313767176395743740,0.75,104,,-0.0007876008749008179
,O1200,A,wc_minus_ww,25,probe,tau1_first5_mse,7313767176395743740,0.75,104,,-0.0010212324559688568
,O1200,A,interaction,25,probe,tau1_first5_mse,7313767176395743740,0.75,104,,0.00023363158106803894
,O1200,A,cc_minus_cw,25,probe,inference_first5_mse,7313767176395743740,0.75,104,,0.007454007863998413
,O1200,A,wc_minus_ww,25,probe,inference_first5_mse,7313767176395743740,0.75,104,,0.007414102554321289
,O1200,A,interaction,25,probe,inference_first5_mse,7313767176395743740,0.75,104,,3.9905309677124023e-05
,O1200,B,cc_minus_cw,25,probe,full_mse,5172841219135816146,0.25,29,,0.001256059855222702
,O1200,B,wc_minus_ww,25,probe,full_mse,5172841219135816146,0.25,29,,0.0007682107388973236
,O1200,B,interaction,25,probe,full_mse,5172841219135816146,0.25,29,,0.0004878491163253784
,O1200,B,cc_minus_cw,25,probe,first5_mse,5172841219135816146,0.25,29,,0.0007245913147926331
,O1200,B,wc_minus_ww,25,probe,first5_mse,5172841219135816146,0.25,29,,0.00012916326522827148
,O1200,B,interaction,25,probe,first5_mse,5172841219135816146,0.25,29,,0.0005954280495643616
,O1200,B,cc_minus_cw,25,probe,tau1_first5_mse,5172841219135816146,0.25,29,,0.0001518595963716507
,O1200,B,wc_minus_ww,25,probe,tau1_first5_mse,5172841219135816146,0.25,29,,0.00019834004342556
,O1200,B,interaction,25,probe,tau1_first5_mse,5172841219135816146,0.25,29,,-4.64804470539093e-05
,O1200,B,cc_minus_cw,25,probe,inference_first5_mse,5172841219135816146,0.25,29,,0.0008087251335382462
,O1200,B,wc_minus_ww,25,probe,inference_first5_mse,5172841219135816146,0.25,29,,0.0008372385054826736
,O1200,B,interaction,25,probe,inference_first5_mse,5172841219135816146,0.25,29,,-2.851337194442749e-05
,O1200,B,cc_minus_cw,25,probe,full_mse,5635482954592866291,0.75,87,,0.0007777437567710876
,O1200,B,wc_minus_ww,25,probe,full_mse,5635482954592866291,0.75,87,,0.0003301277756690979
,O1200,B,interaction,25,probe,full_mse,5635482954592866291,0.75,87,,0.00044761598110198975
,O1200,B,cc_minus_cw,25,probe,first5_mse,5635482954592866291,0.75,87,,0.005857720971107483
,O1200,B,wc_minus_ww,25,probe,first5_mse,5635482954592866291,0.75,87,,0.003319293260574341
,O1200,B,interaction,25,probe,first5_mse,5635482954592866291,0.75,87,,0.002538427710533142
,O1200,B,cc_minus_cw,25,probe,tau1_first5_mse,5635482954592866291,0.75,87,,-0.0010955408215522766
,O1200,B,wc_minus_ww,25,probe,tau1_first5_mse,5635482954592866291,0.75,87,,-0.001357927918434143
,O1200,B,interaction,25,probe,tau1_first5_mse,5635482954592866291,0.75,87,,0.00026238709688186646
,O1200,B,cc_minus_cw,25,probe,inference_first5_mse,5635482954592866291,0.75,87,,0.0044974833726882935
,O1200,B,wc_minus_ww,25,probe,inference_first5_mse,5635482954592866291,0.75,87,,0.004431203007698059
,O1200,B,interaction,25,probe,inference_first5_mse,5635482954592866291,0.75,87,,6.628036499023438e-05
,O1200,A,cc_minus_cw,34,probe,full_mse,7570421501061691922,0.25,68,,-0.000871703028678894
,O1200,A,wc_minus_ww,34,probe,full_mse,7570421501061691922,0.25,68,,-0.00034540146589279175
,O1200,A,interaction,34,probe,full_mse,7570421501061691922,0.25,68,,-0.0005263015627861023
,O1200,A,cc_minus_cw,34,probe,first5_mse,7570421501061691922,0.25,68,,0.0009539872407913208
,O1200,A,wc_minus_ww,34,probe,first5_mse,7570421501061691922,0.25,68,,0.0011154673993587494
,O1200,A,interaction,34,probe,first5_mse,7570421501061691922,0.25,68,,-0.0001614801585674286
,O1200,A,cc_minus_cw,34,probe,tau1_first5_mse,7570421501061691922,0.25,68,,-0.002858385443687439
,O1200,A,wc_minus_ww,34,probe,tau1_first5_mse,7570421501061691922,0.25,68,,-0.0021774284541606903
,O1200,A,interaction,34,probe,tau1_first5_mse,7570421501061691922,0.25,68,,-0.0006809569895267487
,O1200,A,cc_minus_cw,34,probe,inference_first5_mse,7570421501061691922,0.25,68,,0.0009303316473960876
,O1200,A,wc_minus_ww,34,probe,inference_first5_mse,7570421501061691922,0.25,68,,0.0009239688515663147
,O1200,A,interaction,34,probe,inference_first5_mse,7570421501061691922,0.25,68,,6.362795829772949e-06
,O1200,A,cc_minus_cw,34,probe,full_mse,5052251981188736845,0.75,206,,0.0014955773949623108
,O1200,A,wc_minus_ww,34,probe,full_mse,5052251981188736845,0.75,206,,0.0022333934903144836
,O1200,A,interaction,34,probe,full_mse,5052251981188736845,0.75,206,,-0.0007378160953521729
,O1200,A,cc_minus_cw,34,probe,first5_mse,5052251981188736845,0.75,206,,0.002652237191796303
,O1200,A,wc_minus_ww,34,probe,first5_mse,5052251981188736845,0.75,206,,0.0022145826369524
,O1200,A,interaction,34,probe,first5_mse,5052251981188736845,0.75,206,,0.0004376545548439026
,O1200,A,cc_minus_cw,34,probe,tau1_first5_mse,5052251981188736845,0.75,206,,-0.004194032400846481
,O1200,A,wc_minus_ww,34,probe,tau1_first5_mse,5052251981188736845,0.75,206,,-0.0022193826735019684
,O1200,A,interaction,34,probe,tau1_first5_mse,5052251981188736845,0.75,206,,-0.001974649727344513
,O1200,A,cc_minus_cw,34,probe,inference_first5_mse,5052251981188736845,0.75,206,,3.249873407185078e-05
,O1200,A,wc_minus_ww,34,probe,inference_first5_mse,5052251981188736845,0.75,206,,-1.552118919789791e-05
,O1200,A,interaction,34,probe,inference_first5_mse,5052251981188736845,0.75,206,,4.801992326974869e-05
,O1200,B,cc_minus_cw,34,probe,full_mse,1750272122191094264,0.25,66,,-0.0011739879846572876
,O1200,B,wc_minus_ww,34,probe,full_mse,1750272122191094264,0.25,66,,-0.0004687272012233734
,O1200,B,interaction,34,probe,full_mse,1750272122191094264,0.25,66,,-0.0007052607834339142
,O1200,B,cc_minus_cw,34,probe,first5_mse,1750272122191094264,0.25,66,,-0.017294764518737793
,O1200,B,wc_minus_ww,34,probe,first5_mse,1750272122191094264,0.25,66,,-0.014179926365613937
,O1200,B,interaction,34,probe,first5_mse,1750272122191094264,0.25,66,,-0.0031148381531238556
,O1200,B,cc_minus_cw,34,probe,tau1_first5_mse,1750272122191094264,0.25,66,,-0.01963559165596962
,O1200,B,wc_minus_ww,34,probe,tau1_first5_mse,1750272122191094264,0.25,66,,-0.016171790659427643
,O1200,B,interaction,34,probe,tau1_first5_mse,1750272122191094264,0.25,66,,-0.003463800996541977
,O1200,B,cc_minus_cw,34,probe,inference_first5_mse,1750272122191094264,0.25,66,,0.003336608409881592
,O1200,B,wc_minus_ww,34,probe,inference_first5_mse,1750272122191094264,0.25,66,,0.0026445165276527405
,O1200,B,interaction,34,probe,inference_first5_mse,1750272122191094264,0.25,66,,0.0006920918822288513
,O1200,B,cc_minus_cw,34,probe,full_mse,2317014375466178463,0.75,199,,0.004189252853393555
,O1200,B,wc_minus_ww,34,probe,full_mse,2317014375466178463,0.75,199,,0.004128776490688324
,O1200,B,interaction,34,probe,full_mse,2317014375466178463,0.75,199,,6.047636270523071e-05
,O1200,B,cc_minus_cw,34,probe,first5_mse,2317014375466178463,0.75,199,,0.02815335988998413
,O1200,B,wc_minus_ww,34,probe,first5_mse,2317014375466178463,0.75,199,,0.026109009981155396
,O1200,B,interaction,34,probe,first5_mse,2317014375466178463,0.75,199,,0.0020443499088287354
,O1200,B,cc_minus_cw,34,probe,tau1_first5_mse,2317014375466178463,0.75,199,,0.02105306088924408
,O1200,B,wc_minus_ww,34,probe,tau1_first5_mse,2317014375466178463,0.75,199,,0.019830793142318726
,O1200,B,interaction,34,probe,tau1_first5_mse,2317014375466178463,0.75,199,,0.001222267746925354
,O1200,B,cc_minus_cw,34,probe,inference_first5_mse,2317014375466178463,0.75,199,,0.03922513127326965
,O1200,B,wc_minus_ww,34,probe,inference_first5_mse,2317014375466178463,0.75,199,,0.004958927631378174
,O1200,B,interaction,34,probe,inference_first5_mse,2317014375466178463,0.75,199,,0.03426620364189148
,O1200,A,cc_minus_cw,37,probe,full_mse,8442714955617139331,0.25,62,,-0.005180224776268005
,O1200,A,wc_minus_ww,37,probe,full_mse,8442714955617139331,0.25,62,,-0.005161121487617493
,O1200,A,interaction,37,probe,full_mse,8442714955617139331,0.25,62,,-1.9103288650512695e-05
,O1200,A,cc_minus_cw,37,probe,first5_mse,8442714955617139331,0.25,62,,-0.0034135431051254272
,O1200,A,wc_minus_ww,37,probe,first5_mse,8442714955617139331,0.25,62,,-0.002949140965938568
,O1200,A,interaction,37,probe,first5_mse,8442714955617139331,0.25,62,,-0.00046440213918685913
,O1200,A,cc_minus_cw,37,probe,tau1_first5_mse,8442714955617139331,0.25,62,,-0.002865135669708252
,O1200,A,wc_minus_ww,37,probe,tau1_first5_mse,8442714955617139331,0.25,62,,-0.002360876649618149
,O1200,A,interaction,37,probe,tau1_first5_mse,8442714955617139331,0.25,62,,-0.0005042590200901031
,O1200,A,cc_minus_cw,37,probe,inference_first5_mse,8442714955617139331,0.25,62,,-0.0029508844017982483
,O1200,A,wc_minus_ww,37,probe,inference_first5_mse,8442714955617139331,0.25,62,,-0.0028594806790351868
,O1200,A,interaction,37,probe,inference_first5_mse,8442714955617139331,0.25,62,,-9.140372276306152e-05
,O1200,A,cc_minus_cw,37,probe,full_mse,4151392753901295008,0.75,186,,0.007513940334320068
,O1200,A,wc_minus_ww,37,probe,full_mse,4151392753901295008,0.75,186,,0.007468312978744507
,O1200,A,interaction,37,probe,full_mse,4151392753901295008,0.75,186,,4.5627355575561523e-05
,O1200,A,cc_minus_cw,37,probe,first5_mse,4151392753901295008,0.75,186,,0.019390761852264404
,O1200,A,wc_minus_ww,37,probe,first5_mse,4151392753901295008,0.75,186,,0.019040584564208984
,O1200,A,interaction,37,probe,first5_mse,4151392753901295008,0.75,186,,0.0003501772880554199
,O1200,A,cc_minus_cw,37,probe,tau1_first5_mse,4151392753901295008,0.75,186,,0.002165265381336212
,O1200,A,wc_minus_ww,37,probe,tau1_first5_mse,4151392753901295008,0.75,186,,0.0019376575946807861
,O1200,A,interaction,37,probe,tau1_first5_mse,4151392753901295008,0.75,186,,0.00022760778665542603
,O1200,A,cc_minus_cw,37,probe,inference_first5_mse,4151392753901295008,0.75,186,,0.010256513953208923
,O1200,A,wc_minus_ww,37,probe,inference_first5_mse,4151392753901295008,0.75,186,,0.009950056672096252
,O1200,A,interaction,37,probe,inference_first5_mse,4151392753901295008,0.75,186,,0.0003064572811126709
,O1200,B,cc_minus_cw,37,probe,full_mse,895811180839841733,0.25,72,,-0.0006903260946273804
,O1200,B,wc_minus_ww,37,probe,full_mse,895811180839841733,0.25,72,,-0.000578068196773529
,O1200,B,interaction,37,probe,full_mse,895811180839841733,0.25,72,,-0.00011225789785385132
,O1200,B,cc_minus_cw,37,probe,first5_mse,895811180839841733,0.25,72,,-0.006399534642696381
,O1200,B,wc_minus_ww,37,probe,first5_mse,895811180839841733,0.25,72,,-0.006552979350090027
,O1200,B,interaction,37,probe,first5_mse,895811180839841733,0.25,72,,0.00015344470739364624
,O1200,B,cc_minus_cw,37,probe,tau1_first5_mse,895811180839841733,0.25,72,,-0.002984214574098587
,O1200,B,wc_minus_ww,37,probe,tau1_first5_mse,895811180839841733,0.25,72,,-0.002882426604628563
,O1200,B,interaction,37,probe,tau1_first5_mse,895811180839841733,0.25,72,,-0.00010178796947002411
,O1200,B,cc_minus_cw,37,probe,inference_first5_mse,895811180839841733,0.25,72,,-0.006807141005992889
,O1200,B,wc_minus_ww,37,probe,inference_first5_mse,895811180839841733,0.25,72,,-0.006840512156486511
,O1200,B,interaction,37,probe,inference_first5_mse,895811180839841733,0.25,72,,3.3371150493621826e-05
,O1200,B,cc_minus_cw,37,probe,full_mse,4825284986999109913,0.75,218,,-0.001436665654182434
,O1200,B,wc_minus_ww,37,probe,full_mse,4825284986999109913,0.75,218,,-0.0016141384840011597
,O1200,B,interaction,37,probe,full_mse,4825284986999109913,0.75,218,,0.00017747282981872559
,O1200,B,cc_minus_cw,37,probe,first5_mse,4825284986999109913,0.75,218,,0.01337037980556488
,O1200,B,wc_minus_ww,37,probe,first5_mse,4825284986999109913,0.75,218,,0.013136476278305054
,O1200,B,interaction,37,probe,first5_mse,4825284986999109913,0.75,218,,0.00023390352725982666
,O1200,B,cc_minus_cw,37,probe,tau1_first5_mse,4825284986999109913,0.75,218,,0.003205094486474991
,O1200,B,wc_minus_ww,37,probe,tau1_first5_mse,4825284986999109913,0.75,218,,0.003155957907438278
,O1200,B,interaction,37,probe,tau1_first5_mse,4825284986999109913,0.75,218,,4.9136579036712646e-05
,O1200,B,cc_minus_cw,37,probe,inference_first5_mse,4825284986999109913,0.75,218,,0.008230652660131454
,O1200,B,wc_minus_ww,37,probe,inference_first5_mse,4825284986999109913,0.75,218,,0.008073896169662476
,O1200,B,interaction,37,probe,inference_first5_mse,4825284986999109913,0.75,218,,0.00015675649046897888
CC,C600,,count,,rollout,success,,,,16,2
CW,C600,,count,,rollout,success,,,,16,3
WC,C600,,count,,rollout,success,,,,16,5
WW,C600,,count,,rollout,success,,,,16,4
CO,C600,,count,,rollout,success,,,,16,5
CC,O1200,,count,,rollout,success,,,,16,10
WW,O1200,,count,,rollout,success,,,,16,10
