action_delta_mse_vs_cc,action_delta_mse_vs_parent,arm,asset,candidate,cc_reconstruction_max_abs,cohort,core_norm,core_reference_norm,core_reference_shape,core_relative_l2,core_shape,core_shape_match,donor_global_task_id,e_norm,e_reference_norm,e_reference_shape,e_relative_l2,e_shape,e_shape_match,first5_dimension_mse,first5_mse,first5_time_mse,full_mse,fused_norm,fused_reference_norm,fused_reference_shape,fused_relative_l2,fused_shape,fused_shape_match,global_task_id,h_norm,h_reference_norm,h_reference_shape,h_relative_l2,h_shape,h_shape_match,inference_first5_actions,inference_first5_dimension_mse,inference_first5_mse,inference_first5_time_mse,lora_a_norm,lora_a_relative_l2,lora_b_norm,lora_b_relative_l2,noise_seed,other_demo,procedure_norm,procedure_reference_norm,procedure_reference_shape,procedure_relative_l2,procedure_shape,procedure_shape_match,query_demo,query_fraction,query_position,suite,suite_task_id,target_first5_actions,tau1_first5_dimension_mse,tau1_first5_mse,tau1_first5_time_mse,teacher_demo,window
0.0,7.537882629549131e-05,CC,C600,J,,A,178.8418426513672,178.8418426513672,"[1,15,256]",0.0,"[1,15,256]",True,7,535.6664428710938,535.6664428710938,"[23,15,256]",0.0,"[23,15,256]",True,"[0.14275048673152924,0.0859932079911232,0.22702491283416748,0.0011209049262106419,0.13727207481861115,0.042285311967134476,0.4617614448070526]",0.15688690543174744,"[0.25387686491012573,0.20328828692436218,0.1437481939792633,0.10468710958957672,0.07883408665657043]",0.07395613938570023,281.98089599609375,281.98089599609375,[81920],0.0,[81920],True,5,418.1316833496094,418.1316833496094,"[23,50,1024]",0.0,"[23,50,1024]",True,"[[[-0.24316732585430145,0.08666350692510605,-0.5464643239974976,-0.08227270841598511,-0.07978447526693344,-0.002903219312429428,1.0058140754699707],[-0.19695505499839783,0.09912058711051941,-0.5030427575111389,-0.09729740023612976,-0.1068945974111557,-0.006898373365402222,1.0163211822509766],[-0.15304741263389587,0.086546391248703,-0.49107182025909424,-0.08189442753791809,-0.09417089819908142,-0.025739498436450958,1.0079352855682373],[-0.10431478172540665,0.08254681527614594,-0.4376245141029358,-0.08357849717140198,-0.0781569853425026,-0.028765171766281128,1.0166213512420654],[-0.0347207710146904,0.07584893703460693,-0.31988388299942017,-0.11672653257846832,-0.06730343401432037,-0.08278484642505646,1.008253812789917]]]","[0.0031036860309541225,0.08499250560998917,0.14133980870246887,0.03839726746082306,0.10472259670495987,0.026735467836260796,0.8047928214073181]",0.17201203107833862,"[0.6286399960517883,0.05922095477581024,0.06293114274740219,0.06456905603408813,0.04469897970557213]",35.80295705889915,0.0,42.40165515743549,0.0,5898604950164596219,48,979.16650390625,979.16650390625,"[1,23,256]",0.0,"[1,23,256]",True,47,0.25,27,libero_spatial,5,"[[[-0.26428622007369995,0.42056000232696533,-0.2790701985359192,-0.27946358919143677,-0.46504712104797363,-0.08318740129470825,-1.0],[-0.1285719871520996,0.40186846256256104,-0.10755860805511475,-0.2659956216812134,-0.44073110818862915,-0.15398377180099487,0.9999990463256836],[-0.12142914533615112,0.3676004409790039,-0.03197723627090454,-0.27272963523864746,-0.3799409866333008,-0.20354115962982178,0.9999990463256836],[-0.1285719871520996,0.3676004409790039,-0.017442405223846436,-0.30639952421188354,-0.3981780409812927,-0.2318597435951233,0.9999990463256836],[-0.1285719871520996,0.32398688793182373,-0.017442405223846436,-0.3131335377693176,-0.3495458960533142,-0.2637180685997009,0.9999990463256836]]]","[0.13380739092826843,0.0599021315574646,0.1581348031759262,0.0008609229698777199,0.11282870918512344,0.03135239705443382,0.3773709833621979]",0.12489389628171921,"[0.1916472613811493,0.16774393618106842,0.118065245449543,0.08627121150493622,0.06074189394712448]",46,B4
0.0,7.528354035457596e-05,CC,C600,J,,A,178.8418426513672,178.8418426513672,"[1,15,256]",0.0,"[1,15,256]",True,7,535.6664428710938,535.6664428710938,"[23,15,256]",0.0,"[23,15,256]",True,"[0.40388527512550354,0.0035529439337551594,0.14154909551143646,0.13457785546779633,0.2116156816482544,0.10834445804357529,0.0016552305314689875]",0.14359721541404724,"[0.13280904293060303,0.18054801225662231,0.1764025241136551,0.13562703132629395,0.09259951859712601]",0.15384724736213684,281.98089599609375,281.98089599609375,[81920],0.0,[81920],True,5,418.1316833496094,418.1316833496094,"[23,50,1024]",0.0,"[23,50,1024]",True,"[[[-0.6190029978752136,0.15806806087493896,-0.598516583442688,0.03844732046127319,-0.11822500824928284,-0.14391393959522247,1.0080527067184448],[-0.7028957009315491,0.13441060483455658,-0.6396210193634033,0.03641638904809952,-0.2361031472682953,-0.10140933841466904,1.0041084289550781],[-0.788354754447937,0.12012795358896255,-0.6789635419845581,0.06493637710809708,-0.41155362129211426,-0.07594650238752365,0.999292254447937],[-0.9086947441101074,0.0865815207362175,-0.7294067740440369,0.0953606367111206,-0.6958580017089844,-0.04205644875764847,1.0052720308303833],[-1.0054107904434204,0.06236904859542847,-0.746543288230896,0.11908954381942749,-0.9113542437553406,0.0026927292346954346,0.9954644441604614]]]","[0.25169283151626587,0.0008973957155831158,0.1200157031416893,0.11450468748807907,0.16269095242023468,0.06661643087863922,2.612300158943981e-05]",0.1023491695523262,"[0.12970590591430664,0.1223541870713234,0.0973183810710907,0.07852838933467865,0.08383896201848984]",35.80295705889915,0.0,42.40165515743549,0.0,1908307486257974580,48,979.16650390625,979.16650390625,"[1,23,256]",0.0,"[1,23,256]",True,47,0.75,81,libero_spatial,5,"[[[-1.1464284658432007,0.11837947368621826,-1.034883737564087,-0.2659956216812134,-0.6656544208526611,0.06902480125427246,0.9999990463256836],[-1.2999998331069946,0.10591840744018555,-1.034883737564087,-0.2659956216812134,-0.6717334985733032,0.14690065383911133,0.9999990463256836],[-1.3642854690551758,0.09968781471252441,-1.034883737564087,-0.2659956216812134,-0.5927063226699829,0.20707762241363525,0.9999990463256836],[-1.374999761581421,0.09345734119415283,-1.0058139562606812,-0.2659956216812134,-0.4954422116279602,0.24955546855926514,0.9999990463256836],[-1.2785712480545044,0.10280311107635498,-0.970930278301239,-0.2659956216812134,-0.41033607721328735,0.24955546855926514,0.9999990463256836]]]","[0.0969170480966568,0.007308061700314283,0.09715386480093002,0.012114357203245163,0.012051640078425407,0.031004026532173157,0.006863500457257032]",0.0376303605735302,"[0.022619998082518578,0.03503461554646492,0.047102734446525574,0.04576357454061508,0.03763087838888168]",46,B4
0.0,5.809600042994134e-05,CC,C600,J,,B,178.1055145263672,178.1055145263672,"[1,15,256]",0.0,"[1,15,256]",True,7,534.7340698242188,534.7340698242188,"[23,15,256]",0.0,"[23,15,256]",True,"[0.14074426889419556,0.02502921223640442,0.056014902889728546,0.045839495956897736,2.2523491382598877,0.49091610312461853,0.004671681672334671]",0.43079495429992676,"[0.5124384760856628,0.5451701879501343,0.4912557601928711,0.35860997438430786,0.24650044739246368]",0.1727156788110733,281.9867248535156,281.9867248535156,[81920],0.0,[81920],True,5,418.71795654296875,418.71795654296875,"[23,50,1024]",0.0,"[23,50,1024]",True,"[[[-0.644752025604248,0.04120577871799469,-1.0650280714035034,-0.24433022737503052,-0.08251744508743286,-0.04500395432114601,-1.0143837928771973],[-0.6501711010932922,0.053490545600652695,-1.0799360275268555,-0.25743091106414795,-0.07798651605844498,-0.03403336554765701,-1.0176448822021484],[-0.6678628921508789,0.07679829746484756,-1.1067821979522705,-0.27642500400543213,-0.09279616922140121,-0.0333094596862793,-1.0120640993118286],[-0.6675825119018555,0.07338456064462662,-1.095165491104126,-0.2659696638584137,-0.08655061572790146,-0.028878673911094666,-1.0062309503555298],[-0.6714820265769958,0.08785240352153778,-1.0657470226287842,-0.2539452612400055,-0.06729239225387573,-0.04075920581817627,-1.0117334127426147]]]","[0.040925346314907074,0.002285345923155546,0.12464483827352524,0.03319331631064415,1.5086703300476074,0.28286418318748474,0.00016805512132123113]",0.28467878699302673,"[0.3448235094547272,0.35238614678382874,0.32021188735961914,0.23580555617809296,0.17016680538654327]",35.91787384170016,0.0,42.41052245122033,0.0,4644491651927860461,46,974.5165405273438,974.5165405273438,"[1,23,256]",0.0,"[1,23,256]",True,49,0.25,27,libero_spatial,5,"[[[-0.3571432828903198,0.02180635929107666,-0.6802327036857605,-0.07071006298065186,-1.4255306720733643,-0.6353988647460938,-1.0],[-0.3964289426803589,0.02180635929107666,-0.6744188070297241,-0.050508081912994385,-1.443767786026001,-0.607080340385437,-1.0],[-0.4500003457069397,0.02180635929107666,-0.7005815505981445,-0.05724203586578369,-1.38905668258667,-0.5787618160247803,-1.0],[-0.5678573846817017,0.02180635929107666,-0.7790699005126953,-0.08417803049087524,-1.2066863775253296,-0.5292043685913086,-1.0],[-0.6821430921554565,0.02180635929107666,-0.8517442941665649,-0.14478391408920288,-1.0364739894866943,-0.476107120513916,-1.0]]]","[0.17233802378177643,0.032059185206890106,0.035231322050094604,0.03069671429693699,1.1631144285202026,0.24284003674983978,0.0019283074652776122]",0.23974402248859406,"[0.2950763404369354,0.30333513021469116,0.2745603024959564,0.1962805539369583,0.12946771085262299]",48,B4
0.0,0.0003766596782952547,CC,C600,J,,B,178.1055145263672,178.1055145263672,"[1,15,256]",0.0,"[1,15,256]",True,7,534.7340698242188,534.7340698242188,"[23,15,256]",0.0,"[23,15,256]",True,"[1.0516116619110107,0.23239807784557343,0.058452364057302475,0.07943659275770187,0.014479102566838264,0.02331571839749813,9.160864283330739e-05]",0.20854072272777557,"[0.21530957520008087,0.13997122645378113,0.14901480078697205,0.24800240993499756,0.29040566086769104]",0.1521451622247696,281.9867248535156,281.9867248535156,[81920],0.0,[81920],True,5,418.71795654296875,418.71795654296875,"[23,50,1024]",0.0,"[23,50,1024]",True,"[[[0.6113251447677612,-0.13998034596443176,-0.45839017629623413,-0.0793149396777153,-0.6837285757064819,-0.06699560582637787,1.004140853881836],[0.6021416187286377,-0.23017334938049316,-0.6147044897079468,-0.10063114762306213,-0.6294023394584656,-0.06964167952537537,1.0066227912902832],[0.5768192410469055,-0.2704128921031952,-0.7372331619262695,-0.13143065571784973,-0.5838894248008728,-0.06877049058675766,1.0096951723098755],[0.5392295122146606,-0.2789050340652466,-0.8350300788879395,-0.15332725644111633,-0.5859535932540894,-0.06826271116733551,1.0112557411193848],[0.48016706109046936,-0.24048887193202972,-0.9482243061065674,-0.1898004114627838,-0.6224268078804016,-0.06007525324821472,1.0116671323776245]]]","[0.2398994415998459,0.021206283941864967,0.07749251276254654,0.025366103276610374,0.15564218163490295,0.0006899263244122267,8.358016930287704e-05]",0.07434000819921494,"[0.05523724853992462,0.06904898583889008,0.07644884288311005,0.07932247966527939,0.09164248406887054]",35.91787384170016,0.0,42.41052245122033,0.0,4698308146476797737,46,974.5165405273438,974.5165405273438,"[1,23,256]",0.0,"[1,23,256]",True,49,0.75,80,libero_spatial,5,"[[[1.064284324645996,-0.11215001344680786,-0.3488374948501587,-0.2659956216812134,-1.0486321449279785,-0.040709614753723145,0.9999990463256836],[1.042855978012085,-0.13707208633422852,-0.3575584888458252,-0.2659956216812134,-1.0607901811599731,-0.040709614753723145,0.9999990463256836],[1.0499987602233887,-0.14330261945724487,-0.42441892623901367,-0.2659956216812134,-1.006079077720642,-0.040709614753723145,0.9999990463256836],[1.071427345275879,-0.07476687431335449,-0.5465118885040283,-0.2659956216812134,-0.9513679146766663,-0.040709614753723145,0.9999990463256836],[1.0214273929595947,-0.043614208698272705,-0.5901165008544922,-0.3737393617630005,-1.006079077720642,-0.040709614753723145,0.9999990463256836]]]","[0.015150688588619232,0.0010874273721128702,0.005060381721705198,0.03301259130239487,0.46928271651268005,0.008350416086614132,6.651420699199662e-05]",0.07600153237581253,"[0.09270825982093811,0.09192866832017899,0.06836973875761032,0.058272261172533035,0.06872879713773727]",48,B4
0.0,6.9439101935131475e-06,CC,C600,J,,A,186.91029357910156,186.91029357910156,"[1,14,256]",0.0,"[1,14,256]",True,5,607.6581420898438,607.6581420898438,"[37,14,256]",0.0,"[37,14,256]",True,"[0.15428994596004486,0.000885717396158725,0.09602281451225281,0.09326831251382828,1.134925127029419,0.004252253565937281,0.0020543113350868225]",0.21224264800548553,"[0.17811688780784607,0.20297211408615112,0.2240389883518219,0.22399868071079254,0.23208655416965485]",0.10718654096126556,281.8837585449219,281.8837585449219,[81920],0.0,[81920],True,7,530.3644409179688,530.3644409179688,"[37,50,1024]",0.0,"[37,50,1024]",True,"[[[-0.16520872712135315,0.0031220412347465754,0.006713457405567169,-0.24224376678466797,-0.0700918436050415,-0.11550872027873993,0.9988692402839661],[-0.1424822062253952,0.002098582684993744,0.028644364327192307,-0.22675803303718567,-0.0751199945807457,-0.12347601354122162,0.9968589544296265],[-0.14896667003631592,0.0034850463271141052,0.041250087320804596,-0.21095943450927734,-0.08429425954818726,-0.12264396995306015,1.0040407180786133],[-0.1320837438106537,0.006703414022922516,0.0649850144982338,-0.19444668292999268,-0.06167516112327576,-0.11687198281288147,1.011762261390686],[-0.12481652200222015,-0.0007178783416748047,0.09078600257635117,-0.18655498325824738,-0.0637987032532692,-0.10677757859230042,1.0026209354400635]]]","[0.09783368557691574,0.0005291301058605313,0.12610337138175964,0.06705261766910553,0.7757115364074707,0.004753417801111937,3.454385660006665e-05]",0.15314547717571259,"[0.13443860411643982,0.1522180289030075,0.16041617095470428,0.15550513565540314,0.16314946115016937]",29.62116128057856,0.0,37.25659882669386,0.0,3060169894559326343,48,1241.73486328125,1241.73486328125,"[1,37,256]",0.0,"[1,37,256]",True,47,0.25,30,libero_spatial,7,"[[[-0.5750002861022949,0.02180635929107666,-0.4447677731513977,-0.4814831614494324,0.641332745552063,-0.040709614753723145,0.9999990463256836],[-0.5142860412597656,0.02180635929107666,-0.36627936363220215,-0.49495112895965576,0.7568339109420776,-0.040709614753723145,0.9999990463256836],[-0.45357179641723633,0.02180635929107666,-0.29651206731796265,-0.5016851425170898,0.8237029314041138,-0.040709614753723145,0.9999990463256836],[-0.38571470975875854,0.02180635929107666,-0.2412794828414917,-0.47474920749664307,0.8601770401000977,-0.07610780000686646,0.9999990463256836],[-0.2857147455215454,-0.03738367557525635,-0.15988421440124512,-0.39394134283065796,0.9392043352127075,-0.16106337308883667,0.9999990463256836]]]","[0.04709532856941223,0.00031284301076084375,0.02504780702292919,0.04226244240999222,0.5866925716400146,0.0025973375886678696,0.004552678670734167]",0.10122299939393997,"[0.08278851211071014,0.0949268713593483,0.10240163654088974,0.10870635509490967,0.1172916516661644]",46,B4
0.0,0.00011108656326541677,CC,C600,J,,A,186.91029357910156,186.91029357910156,"[1,14,256]",0.0,"[1,14,256]",True,5,607.6581420898438,607.6581420898438,"[37,14,256]",0.0,"[37,14,256]",True,"[0.07280135899782181,0.0629953071475029,0.026300255209207535,0.013180178590118885,0.0542161725461483,0.023026319220662117,0.0001955698971869424]",0.036102164536714554,"[0.03019038215279579,0.030943743884563446,0.03418634086847305,0.03898458927869797,0.046205781400203705]",0.11982536315917969,281.8837585449219,281.8837585449219,[81920],0.0,[81920],True,7,530.3644409179688,530.3644409179688,"[37,50,1024]",0.0,"[37,50,1024]",True,"[[[0.4337483048439026,0.4604041874408722,-0.02913932502269745,-0.2755869925022125,-0.5682137608528137,-0.551139235496521,0.9987313747406006],[0.4214908480644226,0.43373021483421326,-0.052443284541368484,-0.2714903950691223,-0.5357381701469421,-0.5371643900871277,1.0023497343063354],[0.41753965616226196,0.4090731739997864,-0.07337458431720734,-0.2636893093585968,-0.5152720808982849,-0.527072548866272,1.0039080381393433],[0.4216347932815552,0.38590890169143677,-0.09744091331958771,-0.2602550983428955,-0.5043376684188843,-0.5212783217430115,1.006052017211914],[0.42195627093315125,0.3649084270000458,-0.12014161795377731,-0.2579989731311798,-0.4971321225166321,-0.5078405141830444,1.0057117938995361]]]","[0.06353576481342316,0.002390798879787326,0.14127899706363678,4.4881202484248206e-05,0.20697787404060364,0.05583552271127701,1.833737587730866e-05]",0.06715459376573563,"[0.07901155203580856,0.07235419750213623,0.06642021238803864,0.06147841736674309,0.05650859326124191]",29.62116128057856,0.0,37.25659882669386,0.0,5106880675780522306,48,1241.73486328125,1241.73486328125,"[1,37,256]",0.0,"[1,37,256]",True,47,0.75,92,libero_spatial,7,"[[[0.6607131958007812,0.42367517948150635,-0.46511656045913696,-0.2659956216812134,-0.06991147994995117,-0.30265605449676514,0.9999990463256836],[0.6714276075363159,0.4299057722091675,-0.46511656045913696,-0.2659956216812134,-0.06991147994995117,-0.29911625385284424,0.9999990463256836],[0.6785702705383301,0.4392514228820801,-0.4505816698074341,-0.2659956216812134,-0.06991147994995117,-0.29203659296035767,0.9999990463256836],[0.6821417808532715,0.4423668384552002,-0.436046838760376,-0.2659956216812134,-0.06991147994995117,-0.2849569320678711,0.9999990463256836],[0.6821417808532715,0.44548213481903076,-0.4186049699783325,-0.2659956216812134,-0.06991147994995117,-0.2849569320678711,0.9999990463256836]]]","[0.0662100687623024,0.055004801601171494,0.023619644343852997,0.010134420357644558,0.05362483486533165,0.019489645957946777,0.00019999458163511008]",0.0326119139790535,"[0.02643631584942341,0.02752186357975006,0.030716612935066223,0.036514025181531906,0.04187076538801193]",46,B4
0.0,6.167236278997734e-06,CC,C600,J,,B,186.7517547607422,186.7517547607422,"[1,14,256]",0.0,"[1,14,256]",True,5,522.0968627929688,522.0968627929688,"[28,14,256]",0.0,"[28,14,256]",True,"[0.14021918177604675,0.008872662670910358,0.03598059341311455,0.16454075276851654,0.07003124803304672,0.02160683274269104,0.0003974873689003289]",0.0630926787853241,"[0.050740279257297516,0.051022011786699295,0.05636092275381088,0.07930537313222885,0.07803481817245483]",0.07237732410430908,281.8660583496094,281.8660583496094,[81920],0.0,[81920],True,7,462.6961975097656,462.6961975097656,"[28,50,1024]",0.0,"[28,50,1024]",True,"[[[-0.13388772308826447,-0.021044913679361343,-0.01521611399948597,-0.26489022374153137,0.2900870740413666,-0.08008300513029099,1.0063592195510864],[-0.12346752732992172,-0.021078720688819885,-0.005598867312073708,-0.26443031430244446,0.3292401432991028,-0.081605926156044,1.0127298831939697],[-0.11282891035079956,-0.024146854877471924,-0.0026705563068389893,-0.2557428777217865,0.3441082537174225,-0.08072815090417862,1.0139234066009521],[-0.10702145844697952,-0.0259503573179245,0.009527536109089851,-0.2519962787628174,0.3550946116447449,-0.08634477108716965,1.014007568359375],[-0.07233665138483047,0.0006301030516624451,0.030686214566230774,-0.2514992356300354,0.360121488571167,-0.08403991907835007,1.0143325328826904]]]","[0.05223732069134712,0.001727038063108921,0.056825101375579834,0.037579428404569626,0.056519877165555954,0.004382231738418341,0.00015962027828209102]",0.02991866134107113,"[0.01928316429257393,0.018382836133241653,0.024050483480095863,0.034678127616643906,0.053198691457509995]",28.99132328292446,0.0,36.929043254191825,0.0,4594143207052349333,46,1086.943359375,1086.943359375,"[1,28,256]",0.0,"[1,28,256]",True,49,0.25,38,libero_spatial,7,"[[[-0.3535718321800232,-0.09345841407775879,-0.2674422860145569,-0.3468034863471985,0.21580207347869873,-0.005311429500579834,0.9999990463256836],[-0.3250004053115845,-0.05919051170349121,-0.23546552658081055,-0.40067535638809204,0.2279599905014038,-0.012391090393066406,0.9999990463256836],[-0.33214324712753296,-0.028037965297698975,-0.22674459218978882,-0.4478132128715515,0.17324888706207275,-0.019470691680908203,0.9999990463256836],[-0.3285719156265259,0.012460470199584961,-0.20639574527740479,-0.5218870639801025,0.09422183036804199,-0.019470691680908203,0.9999990463256836],[-0.3464289903640747,0.02180635929107666,-0.23546552658081055,-0.4814831614494324,-0.051674485206604004,-0.02655029296875,0.9999990463256836]]]","[0.0537395142018795,0.0014354395680129528,0.09405601769685745,0.03642973303794861,0.015446655452251434,0.008932049386203289,0.00032541240216232836]",0.030052118003368378,"[0.0186019130051136,0.020727558061480522,0.026485146954655647,0.03487217426300049,0.04957379773259163]",48,B4
0.0,0.00013886358647141606,CC,C600,J,,B,186.7517547607422,186.7517547607422,"[1,14,256]",0.0,"[1,14,256]",True,5,522.0968627929688,522.0968627929688,"[28,14,256]",0.0,"[28,14,256]",True,"[0.013883218169212341,0.000144744582939893,0.025228148326277733,0.0009672098676674068,0.04848233610391617,0.006066689267754555,0.004991327878087759]",0.01425195299088955,"[0.017206180840730667,0.01458972878754139,0.014883451163768768,0.013153338804841042,0.011427066288888454]",0.04969314485788345,281.8660583496094,281.8660583496094,[81920],0.0,[81920],True,7,462.6961975097656,462.6961975097656,"[28,50,1024]",0.0,"[28,50,1024]",True,"[[[0.34111177921295166,0.7269411087036133,-0.2153548300266266,-0.21847650408744812,-0.7485424876213074,-0.062594473361969,1.0103769302368164],[0.32243233919143677,0.7190984487533569,-0.25881093740463257,-0.20501863956451416,-0.7333592176437378,-0.05955156683921814,1.0093631744384766],[0.3102062940597534,0.708814263343811,-0.3074333965778351,-0.21726202964782715,-0.7034357786178589,-0.06296810507774353,1.0102334022521973],[0.2760428190231323,0.6961876749992371,-0.3525169789791107,-0.21271151304244995,-0.6826336979866028,-0.06115216016769409,1.0097578763961792],[0.25068914890289307,0.6942379474639893,-0.40274110436439514,-0.21808689832687378,-0.6647213697433472,-0.05748416855931282,1.0107651948928833]]]","[0.017573868855834007,0.0008041701512411237,0.0006239206995815039,0.002577156061306596,0.1932738870382309,0.02723441831767559,0.00010225483129033819]",0.03459852188825607,"[0.03782696649432182,0.04022984951734543,0.03450595960021019,0.030457237735390663,0.029972609132528305]",28.99132328292446,0.0,36.929043254191825,0.0,4843176701914511588,46,1086.943359375,1086.943359375,"[1,28,256]",0.0,"[1,28,256]",True,49,0.75,114,libero_spatial,7,"[[[0.503570556640625,0.7725847959518433,-0.21220970153808594,-0.2659956216812134,-0.27051883935928345,-0.1362847089767456,0.9999990463256836],[0.46071338653564453,0.7507778406143188,-0.2906981110572815,-0.2659956216812134,-0.24012374877929688,-0.17522269487380981,0.9999990463256836],[0.4249991178512573,0.732086181640625,-0.34011662006378174,-0.2659956216812134,-0.2583608031272888,-0.22478008270263672,0.9999990463256836],[0.3892848491668701,0.7133947610855103,-0.3837212324142456,-0.2659956216812134,-0.2887558937072754,-0.2637180685997009,0.9999990463256836],[0.37857067584991455,0.7040488719940186,-0.4098840355873108,-0.2592616677284241,-0.2887558937072754,-0.2814171314239502,0.9999990463256836]]]","[0.00709428358823061,0.00037690260796807706,0.035677384585142136,0.00349103263579309,0.019705528393387794,0.0034395044203847647,0.0003498439327813685]",0.01001921109855175,"[0.009843552485108376,0.009442389011383057,0.010406974703073502,0.011260835453867912,0.009142307564616203]",48,B4
0.0,3.446234768489376e-05,CC,C600,J,,A,234.10342407226562,234.10342407226562,"[1,11,256]",0.0,"[1,11,256]",True,14,488.8270568847656,488.8270568847656,"[25,11,256]",0.0,"[25,11,256]",True,"[0.052534956485033035,0.0054621086455881596,0.012943846173584461,0.0031067875679582357,0.3640029728412628,0.0072120982222259045,0.0004899152554571629]",0.06367895007133484,"[0.0813160240650177,0.08306103944778442,0.061458341777324677,0.0387955978512764,0.05376376584172249]",0.053554732352495193,281.952392578125,281.952392578125,[81920],0.0,[81920],True,12,436.6278991699219,436.6278991699219,"[25,50,1024]",0.0,"[25,50,1024]",True,"[[[-0.2503765821456909,0.11992841958999634,-0.5938926339149475,-0.26194795966148376,-0.25136128067970276,-0.020120367407798767,-0.997330904006958],[-0.2786676287651062,0.11483605206012726,-0.6137411594390869,-0.27166131138801575,-0.24440619349479675,-0.029308117926120758,-1.0080928802490234],[-0.3135094940662384,0.05854425206780434,-0.664797306060791,-0.25411197543144226,-0.23952890932559967,-0.031927287578582764,-1.0132899284362793],[-0.31807246804237366,0.03376978635787964,-0.7069644927978516,-0.2386985570192337,-0.2126772254705429,-0.042262956500053406,-1.0139189958572388],[-0.2909282445907593,-0.008829474449157715,-0.7435779571533203,-0.24485397338867188,-0.15857382118701935,-0.04167360067367554,-1.002637505531311]]]","[0.01377485878765583,0.0038827743846923113,0.005679169204086065,0.00027636074810288846,0.10341038554906845,9.605467494111508e-05,8.998717385111377e-05]",0.018172798678278923,"[0.020763982087373734,0.022895006462931633,0.015508618205785751,0.010925962589681149,0.020770421251654625]",30.069133883118855,0.0,47.0640043778561,0.0,5545119331277237353,48,968.3887939453125,968.3887939453125,"[1,25,256]",0.0,"[1,25,256]",True,47,0.25,32,libero_object,2,"[[[-0.1285719871520996,0.04361319541931152,-0.6831396818161011,-0.2659956216812134,-0.5927063226699829,-0.03363001346588135,-1.0],[-0.1285719871520996,0.02180635929107666,-0.7005815505981445,-0.2659956216812134,-0.5927063226699829,-0.040709614753723145,-1.0],[-0.16071486473083496,0.02180635929107666,-0.7034885287284851,-0.2659956216812134,-0.525837242603302,-0.040709614753723145,-1.0],[-0.22857189178466797,0.02180635929107666,-0.6831396818161011,-0.2659956216812134,-0.47112613916397095,-0.037169814109802246,-1.0],[-0.2785719037055969,0.049843668937683105,-0.6395350694656372,-0.2659956216812134,-0.5197582244873047,-0.03363001346588135,-1.0]]]","[0.08565681427717209,0.0026423323433846235,0.001745940069667995,0.002430473919957876,0.13517028093338013,0.003555509028956294,0.11056774854660034]",0.04882415756583214,"[0.04488680139183998,0.04909350350499153,0.05100264772772789,0.04392589256167412,0.05521194264292717]",46,B4
0.0,0.00010898202162934467,CC,C600,J,,A,234.10342407226562,234.10342407226562,"[1,11,256]",0.0,"[1,11,256]",True,14,488.8270568847656,488.8270568847656,"[25,11,256]",0.0,"[25,11,256]",True,"[0.021349171176552773,0.0012961567845195532,0.015331938862800598,0.0011527459137141705,0.0005519745755009353,0.015085618011653423,0.0004994482733309269]",0.007895293645560741,"[0.00836071465164423,0.005587839055806398,0.006148729007691145,0.009395654313266277,0.009983531199395657]",0.06290505826473236,281.952392578125,281.952392578125,[81920],0.0,[81920],True,12,436.6278991699219,436.6278991699219,"[25,50,1024]",0.0,"[25,50,1024]",True,"[[[-0.2798037528991699,0.9041009545326233,-0.17809012532234192,-0.2606390416622162,-0.07762352377176285,-0.02096874639391899,1.01287043094635],[-0.293234258890152,0.8615149855613708,-0.2516113519668579,-0.2629534602165222,-0.07523725926876068,-0.021743226796388626,1.0191041231155396],[-0.31733638048171997,0.8264622092247009,-0.2905834913253784,-0.25785598158836365,-0.05751049518585205,-0.022229669615626335,1.0257277488708496],[-0.30422478914260864,0.7746421098709106,-0.3307300806045532,-0.24902603030204773,-0.08754190802574158,-0.021899577230215073,1.018515944480896],[-0.30062615871429443,0.7214961647987366,-0.3859300911426544,-0.2383657991886139,-0.07206158339977264,-0.03734705597162247,1.0174578428268433]]]","[0.003137533785775304,0.0016101464862003922,0.0028340518474578857,0.00023111510381568223,0.003165041795000434,0.015804482623934746,0.0003680655499920249]",0.003878634423017502,"[0.004642296116799116,0.003111917292699218,0.003413426224142313,0.0038894512690603733,0.004336079582571983]",30.069133883118855,0.0,47.0640043778561,0.0,6063945589377718727,48,968.3887939453125,968.3887939453125,"[1,25,256]",0.0,"[1,25,256]",True,47,0.75,95,libero_object,2,"[[[-0.30357182025909424,0.8348900079727173,-0.2790701985359192,-0.2659956216812134,-0.1428595781326294,-0.1327449083328247,0.9999990463256836],[-0.2678576111793518,0.819313645362854,-0.3052329421043396,-0.2659956216812134,-0.13678061962127686,-0.1327449083328247,0.9999990463256836],[-0.25357192754745483,0.8037372827529907,-0.32267481088638306,-0.2659956216812134,-0.11854356527328491,-0.1398245096206665,0.9999990463256836],[-0.23571473360061646,0.7663540840148926,-0.33720964193344116,-0.2659956216812134,-0.13678061962127686,-0.16106337308883667,0.9999990463256836],[-0.2250005006790161,0.6915878057479858,-0.3808143138885498,-0.2659956216812134,-0.11246448755264282,-0.1823022961616516,0.9999990463256836]]]","[0.0324515737593174,0.0009201258653774858,0.003347519552335143,0.0011398093774914742,0.0012438864214345813,0.012889622710645199,0.00022851573885418475]",0.0074601504020392895,"[0.012094976380467415,0.005977042485028505,0.005782777443528175,0.0068137203343212605,0.006632236763834953]",46,B4
0.0,0.03259791433811188,CC,C600,J,,B,231.69558715820312,231.69558715820312,"[1,11,256]",0.0,"[1,11,256]",True,14,503.2465515136719,503.2465515136719,"[27,11,256]",0.0,"[27,11,256]",True,"[0.021031133830547333,0.02823992446064949,0.0025430263485759497,0.004848479758948088,0.008082078769803047,0.009199271909892559,0.0817032977938652]",0.022235315293073654,"[0.018309393897652626,0.01268851850181818,0.023196442052721977,0.02838732860982418,0.028594903647899628]",0.029374701902270317,281.9544677734375,281.9544677734375,[81920],0.0,[81920],True,12,454.3220520019531,454.3220520019531,"[27,50,1024]",0.0,"[27,50,1024]",True,"[[[0.11069004982709885,-0.21163126826286316,-0.2115437388420105,-0.23208719491958618,0.07897050678730011,-0.16440045833587646,-0.9994558095932007],[0.10307765752077103,-0.20451995730400085,-0.23002536594867706,-0.2287026345729828,0.08914767950773239,-0.1497112512588501,-1.007027506828308],[0.012423144653439522,-0.15094344317913055,-0.2798987925052643,-0.2395302802324295,0.04141084849834442,-0.11385301500558853,-1.0095620155334473],[-0.07285237312316895,-0.067190021276474,-0.35251712799072266,-0.23497340083122253,0.010624192655086517,-0.08183786273002625,0.6027900576591492],[-0.09570275247097015,-0.04979242384433746,-0.39040401577949524,-0.24466310441493988,-0.02605929970741272,-0.057717353105545044,0.7602714896202087]]]","[0.3375268876552582,0.0575658343732357,0.21358974277973175,0.003580680815503001,0.027946455404162407,0.00690230680629611,1.1335266828536987]",0.25437691807746887,"[0.0810491293668747,0.11072191596031189,0.11036325991153717,0.4526464343070984,0.517103910446167]",30.125534575218545,0.0,47.62381254432062,0.0,1288635900652328787,46,1004.9249267578125,1004.9249267578125,"[1,27,256]",0.0,"[1,27,256]",True,49,0.25,33,libero_object,2,"[[[-0.2500004768371582,0.10280311107635498,-0.7209303975105286,-0.3400694727897644,-0.14893865585327148,-0.040709614753723145,-1.0],[-0.4857146143913269,0.1152641773223877,-0.7441861629486084,-0.29293161630630493,-0.12462258338928223,-0.040709614753723145,-1.0],[-0.6535716652870178,0.0872267484664917,-0.7703490257263184,-0.2659956216812134,-0.11854356527328491,-0.040709614753723145,-1.0],[-0.703571617603302,0.059189438819885254,-0.767441987991333,-0.2659956216812134,-0.09422749280929565,-0.040709614753723145,-1.0],[-0.703571617603302,0.06853532791137695,-0.7529071569442749,-0.2659956216812134,-0.10030657052993774,-0.040709614753723145,-1.0]]]","[0.02229769341647625,0.022562658414244652,0.002522262977436185,0.0038631861098110676,0.006815848406404257,0.007444462273269892,0.09254691749811172]",0.022579004988074303,"[0.016042247414588928,0.011423894204199314,0.023876486346125603,0.03060678206384182,0.030945615842938423]",48,B4
0.0,2.372458766330965e-05,CC,C600,J,,B,231.69558715820312,231.69558715820312,"[1,11,256]",0.0,"[1,11,256]",True,14,503.2465515136719,503.2465515136719,"[27,11,256]",0.0,"[27,11,256]",True,"[0.6209577918052673,0.9015299081802368,0.292431116104126,0.2475385218858719,0.46128007769584656,0.6150700449943542,0.01746220700442791]",0.45089563727378845,"[0.43879804015159607,0.6235427856445312,0.6068336963653564,0.47471776604652405,0.11058615148067474]",0.37823817133903503,281.9544677734375,281.9544677734375,[81920],0.0,[81920],True,12,454.3220520019531,454.3220520019531,"[27,50,1024]",0.0,"[27,50,1024]",True,"[[[-0.38402867317199707,0.08333998918533325,-0.8347697854042053,-0.02434045448899269,-0.06419720500707626,-0.0608363002538681,1.0071889162063599],[-0.40060529112815857,0.06087604910135269,-0.8300728797912598,-0.0262492373585701,-0.07440455257892609,-0.04320606589317322,1.0060490369796753],[-0.449074923992157,0.025462046265602112,-0.8221180438995361,-0.04396972060203552,-0.05952155962586403,-0.053594328463077545,1.0075656175613403],[-0.45612818002700806,0.02475820481777191,-0.8155577182769775,-0.09048270434141159,-0.05132649838924408,-0.052447643131017685,1.0084466934204102],[-0.42774856090545654,0.055467672646045685,-0.8082332015037537,-0.14361058175563812,-0.06190762296319008,-0.042183034121990204,1.0061511993408203]]]","[0.008164110593497753,0.1665928214788437,0.06677813082933426,0.03574735298752785,0.0001982569956453517,0.02576824091374874,5.095226879348047e-05]",0.04332854971289635,"[0.08991088718175888,0.06429867446422577,0.036687713116407394,0.014724341221153736,0.011021160520613194]",30.125534575218545,0.0,47.62381254432062,0.0,8916442828729476527,46,1004.9249267578125,1004.9249267578125,"[1,27,256]",0.0,"[1,27,256]",True,49,0.75,99,libero_object,2,"[[[-0.22142904996871948,0.6947031021118164,-0.42441892623901367,-0.2659956216812134,-0.0820695161819458,-0.015930891036987305,0.9999990463256836],[-0.3428575396537781,0.5856688022613525,-0.5000002980232239,-0.2659956216812134,-0.06991147994995117,0.026546835899353027,0.9999990463256836],[-0.45357179641723633,0.3987530469894409,-0.6046513319015503,-0.2659956216812134,-0.06991147994995117,0.09026360511779785,0.9999990463256836],[-0.5035717487335205,0.21495270729064941,-0.7238373756408691,-0.20538973808288574,-0.06991147994995117,0.15398037433624268,0.9999990463256836],[-0.5214288830757141,0.1464167833328247,-0.7790699005126953,-0.12458193302154541,-0.07599043846130371,0.1999979019165039,0.9999990463256836]]]","[0.009060411714017391,0.10894481092691422,0.056543827056884766,0.03726833686232567,0.009923168458044529,0.04137195274233818,0.004936533980071545]",0.038292720913887024,"[0.07109827548265457,0.05214168503880501,0.030859028920531273,0.02118026837706566,0.016184348613023758]",48,B4
0.0,0.0001284373865928501,CC,C600,J,,A,224.28350830078125,224.28350830078125,"[1,10,256]",0.0,"[1,10,256]",True,12,618.4932250976562,618.4932250976562,"[51,10,256]",0.0,"[51,10,256]",True,"[0.014423981308937073,0.02719171904027462,0.012272684834897518,0.00043438971624709666,0.029851535335183144,0.01587052457034588,0.004379887133836746]",0.014917817898094654,"[0.025365706533193588,0.01293712668120861,0.009010076522827148,0.008341922424733639,0.018934257328510284]",0.10396117717027664,281.8958435058594,281.8958435058594,[81920],0.0,[81920],True,14,623.6435546875,623.6435546875,"[51,50,1024]",0.0,"[51,50,1024]",True,"[[[-0.1531497836112976,0.04999362677335739,-0.4947504997253418,-0.27391836047172546,-0.08662425726652145,-0.13776659965515137,-1.0103275775909424],[-0.1777971386909485,0.0471998006105423,-0.5292940735816956,-0.2698231339454651,-0.09150902181863785,-0.12966004014015198,-1.0116714239120483],[-0.19204702973365784,0.03771272674202919,-0.5607610940933228,-0.2844791114330292,-0.09183298796415329,-0.11883503943681717,-1.0234285593032837],[-0.19129930436611176,0.026128649711608887,-0.6065486669540405,-0.2805485427379608,-0.0810631662607193,-0.09278684854507446,-1.0084182024002075],[-0.18051406741142273,-0.008014112710952759,-0.6660261154174805,-0.27477777004241943,-0.08691057562828064,-0.08986549079418182,-1.0131118297576904]]]","[0.01132133137434721,0.01620284840464592,0.01080324873328209,0.00014159454440232366,0.0003279305237811059,0.005712831858545542,0.00020691291138064116]",0.006388099864125252,"[0.008389521390199661,0.004652997944504023,0.0030908624175935984,0.005910142790526152,0.009896975010633469]",29.65481986807163,0.0,49.99493041902907,0.0,6673264783416593914,48,1402.87353515625,1402.87353515625,"[1,51,256]",0.0,"[1,51,256]",True,47,0.25,40,libero_object,4,"[[[-0.1285719871520996,-0.16199421882629395,-0.5523258447647095,-0.2659956216812134,-0.06991147994995117,-0.040709614753723145,-1.0],[-0.17142915725708008,-0.08099734783172607,-0.6162792444229126,-0.2659956216812134,-0.06991147994995117,-0.040709614753723145,-1.0],[-0.22857189178466797,0.0031147003173828125,-0.668604850769043,-0.2659956216812134,-0.06991147994995117,-0.040709614753723145,-1.0],[-0.3357146978378296,0.02180635929107666,-0.738372266292572,-0.2659956216812134,-0.06991147994995117,-0.040709614753723145,-1.0],[-0.3642861247062683,0.1277252435684204,-0.7848838567733765,-0.2659956216812134,-0.06991147994995117,-0.040709614753723145,-1.0]]]","[0.02325589582324028,0.009710739366710186,0.00833489466458559,0.0006946082576178014,0.030946290120482445,0.0012054148828610778,0.002090174937620759]",0.010891145095229149,"[0.014208542183041573,0.01033270638436079,0.010565315373241901,0.008305178955197334,0.011043989099562168]",46,B4
0.0,0.000454399996669963,CC,C600,J,,A,224.28350830078125,224.28350830078125,"[1,10,256]",0.0,"[1,10,256]",True,12,618.4932250976562,618.4932250976562,"[51,10,256]",0.0,"[51,10,256]",True,"[0.1305360049009323,0.058923691511154175,0.008156565949320793,0.0004382592742331326,0.001172019517980516,0.00044334071571938694,0.005681105889379978]",0.029335852712392807,"[0.01943022385239601,0.020810676738619804,0.025976357981562614,0.034388184547424316,0.046073831617832184]",0.03403885290026665,281.8958435058594,281.8958435058594,[81920],0.0,[81920],True,14,623.6435546875,623.6435546875,"[51,50,1024]",0.0,"[51,50,1024]",True,"[[[-0.31490033864974976,0.7779959440231323,-0.16238521039485931,-0.31033968925476074,-0.7358757257461548,-0.01260230503976345,1.009331464767456],[-0.31705188751220703,0.7831892967224121,-0.18210279941558838,-0.3519745171070099,-0.7620254158973694,-0.003496520221233368,1.0108051300048828],[-0.3018473982810974,0.7717832922935486,-0.26207053661346436,-0.3922564387321472,-0.7300940752029419,-0.011823203414678574,1.0086960792541504],[-0.27290210127830505,0.7724239230155945,-0.30821821093559265,-0.39407166838645935,-0.7272252440452576,-0.014214282855391502,1.008100986480713],[-0.2388247847557068,0.7560088634490967,-0.37917330861091614,-0.3687672019004822,-0.7436453104019165,-0.020664053037762642,1.0186572074890137]]]","[0.2147407829761505,0.04609542340040207,0.00919376127421856,0.015430273488163948,0.19221104681491852,0.001394325285218656,0.0001386544608976692]",0.06845774501562119,"[0.06286060065031052,0.0691596046090126,0.06740926951169968,0.06744304299354553,0.07541624456644058]",29.65481986807163,0.0,49.99493041902907,0.0,4112929797682724988,48,1402.87353515625,1402.87353515625,"[1,51,256]",0.0,"[1,51,256]",True,47,0.75,121,libero_object,4,"[[[0.10357069969177246,0.9906531572341919,-0.1133725643157959,-0.20538973808288574,-0.2826768159866333,-0.040709614753723145,0.9999990463256836],[0.13214218616485596,0.9906531572341919,-0.13953536748886108,-0.2188577651977539,-0.29483485221862793,-0.040709614753723145,0.9999990463256836],[0.17142772674560547,0.9906531572341919,-0.16860508918762207,-0.24579370021820068,-0.3191508650779724,-0.040709614753723145,0.9999990463256836],[0.21428489685058594,0.9844224452972412,-0.20930272340774536,-0.2659956216812134,-0.3252299427986145,-0.05840873718261719,0.9999990463256836],[0.2464277744293213,0.9781920909881592,-0.22674459218978882,-0.2659956216812134,-0.2887558937072754,-0.06548833847045898,0.9999990463256836]]]","[0.08853732794523239,0.05288738012313843,0.0008044826681725681,0.00046574263251386583,0.004395836964249611,0.0002611780655570328,0.000913879950530827]",0.021180832758545876,"[0.014404496178030968,0.015037266537547112,0.019944841042160988,0.02661019191145897,0.02990736998617649]",46,B4
0.0,6.837612454546615e-05,CC,C600,J,,B,225.71005249023438,225.71005249023438,"[1,10,256]",0.0,"[1,10,256]",True,12,473.03369140625,473.03369140625,"[30,10,256]",0.0,"[30,10,256]",True,"[0.2047213762998581,0.008624674752354622,0.0669519230723381,0.0016676811501383781,0.02193313091993332,0.020644662901759148,0.009114740416407585]",0.04766545444726944,"[0.02165159024298191,0.02525242604315281,0.027820061892271042,0.06352578848600388,0.10007741302251816]",0.13116036355495453,281.9198303222656,281.9198303222656,[81920],0.0,[81920],True,14,477.98638916015625,477.98638916015625,"[30,50,1024]",0.0,"[30,50,1024]",True,"[[[-0.26722997426986694,0.014216795563697815,-0.7084397077560425,-0.2514849007129669,-0.16032560169696808,-0.01649254560470581,-1.0049011707305908],[-0.3423643708229065,0.0006491392850875854,-0.7157618403434753,-0.2643025517463684,-0.1713908463716507,-0.01834244281053543,-1.0083369016647339],[-0.36461228132247925,-0.011716898530721664,-0.7150058150291443,-0.25971266627311707,-0.1822548806667328,-0.018715014681220055,-1.011415958404541],[-0.3763970732688904,-0.02310999110341072,-0.7191269993782043,-0.27042195200920105,-0.18499988317489624,-0.017827745527029037,-1.020648717880249],[-0.403840571641922,-0.029962409287691116,-0.7071765661239624,-0.2814953327178955,-0.19782155752182007,-0.020597301423549652,-1.0266636610031128]]]","[0.1256476491689682,0.001258530537597835,0.02511603944003582,0.00010254730295855552,0.027909277006983757,0.0007956770132295787,0.0002722339704632759]",0.025871705263853073,"[0.011501392349600792,0.015331287868320942,0.019672952592372894,0.03545381873846054,0.04739908128976822]",30.384597486548273,0.0,52.90179752904689,0.0,6941690631084841007,46,1089.8179931640625,1089.8179931640625,"[1,30,256]",0.0,"[1,30,256]",True,49,0.25,39,libero_object,4,"[[[-0.38571470975875854,0.009345293045043945,-0.8895349502563477,-0.2659956216812134,-0.33738791942596436,-0.061948537826538086,-1.0],[-0.5285717248916626,0.02180635929107666,-0.9098837971687317,-0.2659956216812134,-0.3556249737739563,-0.040709614753723145,-1.0],[-0.6428573727607727,0.02180635929107666,-0.8953489065170288,-0.2659956216812134,-0.34346693754196167,-0.040709614753723145,-1.0],[-0.8321429491043091,0.02180635929107666,-0.8459303379058838,-0.2659956216812134,-0.33130890130996704,-0.040709614753723145,-1.0],[-0.9464285969734192,0.02180635929107666,-0.7877907752990723,-0.2659956216812134,-0.3617039918899536,-0.040709614753723145,-1.0]]]","[0.11181025952100754,0.0007313850219361484,0.06865357607603073,0.001869818428531289,0.0011534601217135787,0.0009218286722898483,0.0005637985887005925]",0.026529155671596527,"[0.013921814039349556,0.018364010378718376,0.02324756793677807,0.03188784420490265,0.04522456228733063]",48,B4
0.0,0.00020985193259548396,CC,C600,J,,B,225.71005249023438,225.71005249023438,"[1,10,256]",0.0,"[1,10,256]",True,12,473.03369140625,473.03369140625,"[30,10,256]",0.0,"[30,10,256]",True,"[0.006570556666702032,0.13241848349571228,0.025652755051851273,0.01370246708393097,0.014496262185275555,0.015845773741602898,0.006653841119259596]",0.030762873589992523,"[0.044331151992082596,0.04160790890455246,0.028149746358394623,0.01975271664559841,0.01997285708785057]",0.059078991413116455,281.9198303222656,281.9198303222656,[81920],0.0,[81920],True,14,477.98638916015625,477.98638916015625,"[30,50,1024]",0.0,"[30,50,1024]",True,"[[[-0.09924481064081192,0.6946172714233398,-0.22398653626441956,-0.28198495507240295,-0.5901491641998291,-0.029773682355880737,1.0096360445022583],[-0.1366061270236969,0.6425462961196899,-0.2980644106864929,-0.2670210599899292,-0.6206253170967102,-0.03099028766155243,1.0076392889022827],[-0.20164670050144196,0.5486993193626404,-0.4446291923522949,-0.24785150587558746,-0.6562576293945312,-0.03813297301530838,1.0011396408081055],[-0.20957519114017487,0.4441722631454468,-0.5492465496063232,-0.22445768117904663,-0.6245375871658325,-0.05438869446516037,1.0023812055587769],[-0.1985853612422943,0.34789204597473145,-0.6301833987236023,-0.2102431207895279,-0.6002106666564941,-0.05738610774278641,1.0026708841323853]]]","[0.010749264620244503,0.08844675123691559,0.015478190965950489,0.013933698646724224,0.30931541323661804,0.00013718432455789298,3.307187944301404e-05]",0.06258479505777359,"[0.050994228571653366,0.05745629221200943,0.06957288086414337,0.06606416404247284,0.06883642822504044]",30.384597486548273,0.0,52.90179752904689,0.0,7799883917981918442,46,1089.8179931640625,1089.8179931640625,"[1,30,256]",0.0,"[1,30,256]",True,49,0.75,116,libero_object,4,"[[[-6.556510925292969e-07,0.9563851356506348,-0.13953536748886108,-0.30639952421188354,-0.06991147994995117,-0.040709614753723145,0.9999990463256836],[-0.02857208251953125,0.9190021753311157,-0.23255854845046997,-0.3468034863471985,-0.06991147994995117,-0.040709614753723145,0.9999990463256836],[-0.0750005841255188,0.8504661321640015,-0.302325963973999,-0.3737393617630005,-0.06991147994995117,-0.040709614753723145,0.9999990463256836],[-0.11428624391555786,0.7445472478866577,-0.4098840355873108,-0.3737393617630005,-0.05775344371795654,-0.040709614753723145,0.9999990463256836],[-0.11428624391555786,0.6884726285934448,-0.46802353858947754,-0.3670054078102112,-0.04559546709060669,-0.040709614753723145,0.9999990463256836]]]","[0.0038471806328743696,0.1099453940987587,0.01807520166039467,0.01254118513315916,0.011597215197980404,0.013797116465866566,0.002580515807494521]",0.02462625876069069,"[0.036216821521520615,0.034022875130176544,0.022626271471381187,0.01505960337817669,0.015205716714262962]",48,B4
0.0,0.00019815401174128056,CC,C600,J,,A,139.9551544189453,139.9551544189453,"[1,7,256]",0.0,"[1,7,256]",True,25,371.227783203125,371.227783203125,"[26,7,256]",0.0,"[26,7,256]",True,"[0.1505843847990036,0.030637389048933983,0.03684672713279724,0.06922286003828049,0.02275856025516987,0.05937628075480461,0.0013991625746712089]",0.05297504737973213,"[0.0595291443169117,0.05375014618039131,0.05518462508916855,0.04356972873210907,0.05284161493182182]",0.0527864508330822,281.97021484375,281.97021484375,[81920],0.0,[81920],True,20,443.2098693847656,443.2098693847656,"[26,50,1024]",0.0,"[26,50,1024]",True,"[[[-0.3088943064212799,-0.1617598980665207,-0.3900218605995178,-0.9862503409385681,0.7475003600120544,0.944203794002533,-1.004152774810791],[-0.3003791570663452,-0.17354553937911987,-0.4269081950187683,-1.046190857887268,0.7466259002685547,0.9231659173965454,-1.007890224456787],[-0.28324392437934875,-0.19584861397743225,-0.46774813532829285,-1.090515375137329,0.7599467635154724,0.9080020189285278,-1.007445216178894],[-0.2617292106151581,-0.20084160566329956,-0.48909759521484375,-1.1245399713516235,0.8142231106758118,0.8889182806015015,-1.0123555660247803],[-0.22847871482372284,-0.20853348076343536,-0.5051440000534058,-1.1522578001022339,0.9017713069915771,0.8662633299827576,-1.0174003839492798]]]","[0.12219178676605225,0.04437223821878433,0.05000196024775505,0.047962553799152374,0.0407380573451519,0.02732657827436924,0.00011807314876932651]",0.04753018170595169,"[0.03630180284380913,0.04136474058032036,0.050072621554136276,0.053840503096580505,0.05607123300433159]",33.89836048505184,0.0,37.435477441122,0.0,3228420230932740579,48,894.0931396484375,894.0931396484375,"[1,26,256]",0.0,"[1,26,256]",True,47,0.25,31,libero_goal,0,"[[[0.07499933242797852,0.02180635929107666,-0.2034887671470642,-0.8922562599182129,0.7629129886627197,0.7734483480453491,-1.0],[0.07499933242797852,0.02180635929107666,-0.2151166796684265,-0.8855222463607788,0.8601770401000977,0.7592891454696655,-1.0],[0.07499933242797852,0.02180635929107666,-0.2296515703201294,-0.8720543384552002,0.9635201692581177,0.738050103187561,-1.0],[0.06785643100738525,0.02180635929107666,-0.2500004172325134,-0.8653203248977661,1.0729424953460693,0.7238909006118774,-1.0],[0.0642850399017334,0.02180635929107666,-0.2674422860145569,-0.8518523573875427,1.188443660736084,0.7097315788269043,-1.0]]]","[0.017423156648874283,0.012645453214645386,0.008409003727138042,0.0008275375002995133,0.07495919615030289,0.028902096673846245,0.00023564696311950684]",0.0204860121011734,"[0.008762223646044731,0.010807354934513569,0.020353859290480614,0.021286018192768097,0.041220612823963165]",46,B4
0.0,0.0001793586852727458,CC,C600,J,,A,139.9551544189453,139.9551544189453,"[1,7,256]",0.0,"[1,7,256]",True,25,371.227783203125,371.227783203125,"[26,7,256]",0.0,"[26,7,256]",True,"[0.029899919405579567,0.019917234778404236,0.0371648408472538,0.05569100379943848,0.0005974657251499593,0.006025251932442188,0.0004638897371478379]",0.02139422856271267,"[0.018913546577095985,0.016417130827903748,0.01606190949678421,0.0198676660656929,0.0357108972966671]",0.0671413391828537,281.97021484375,281.97021484375,[81920],0.0,[81920],True,20,443.2098693847656,443.2098693847656,"[26,50,1024]",0.0,"[26,50,1024]",True,"[[[-0.14764738082885742,0.6376281380653381,-0.6861496567726135,0.4707123637199402,-0.030074581503868103,-0.21467959880828857,-1.0196291208267212],[-0.18133200705051422,0.8726793527603149,-0.7524963617324829,0.2829696238040924,-0.03572944551706314,-0.16897933185100555,-1.0180110931396484],[-0.20988300442695618,1.0436664819717407,-0.8096941709518433,0.11273598670959473,-0.049468282610177994,-0.15046536922454834,-1.0225962400436401],[-0.21772600710391998,1.160211205482483,-0.8431928753852844,-0.00935247540473938,-0.05947604775428772,-0.13419170677661896,-1.0260981321334839],[-0.21627679467201233,1.2196940183639526,-0.8564911484718323,-0.1056685745716095,-0.05213061720132828,-0.12684351205825806,-1.0318351984024048]]]","[0.12213540077209473,0.02827339433133602,0.06412755697965622,0.24369506537914276,0.0007196742808446288,0.014984590001404285,0.0005829769070260227]",0.06778837740421295,"[0.11405162513256073,0.07593971490859985,0.051796454936265945,0.048535626381635666,0.04861847311258316]",33.89836048505184,0.0,37.435477441122,0.0,166261170614490845,48,894.0931396484375,894.0931396484375,"[1,26,256]",0.0,"[1,26,256]",True,47,0.75,94,libero_goal,0,"[[[-0.46071457862854004,0.5763231515884399,-1.034883737564087,-0.2659956216812134,-0.06991147994995117,-0.040709614753723145,-1.0],[-0.5071431398391724,0.7102794647216797,-1.034883737564087,-0.2659956216812134,-0.06991147994995117,-0.040709614753723145,-1.0],[-0.5500003099441528,0.8442357778549194,-1.034883737564087,-0.2659956216812134,-0.06991147994995117,-0.040709614753723145,-1.0],[-0.5892859697341919,0.9563851356506348,-1.034883737564087,-0.3468034863471985,-0.06991147994995117,-0.040709614753723145,-1.0],[-0.6071431040763855,1.0467278957366943,-1.034883737564087,-0.4478132128715515,-0.06991147994995117,-0.040709614753723145,-1.0]]]","[0.0077930293045938015,0.02351674810051918,0.07380001991987228,0.0051474059000611305,0.00012090850941604003,0.02404608577489853,0.0004266455944161862]",0.019264405593276024,"[0.012032462283968925,0.014483439736068249,0.018099330365657806,0.02101122960448265,0.030695568770170212]",46,B4
0.0,0.00013513608428183943,CC,C600,J,,B,144.01473999023438,144.01473999023438,"[1,7,256]",0.0,"[1,7,256]",True,25,406.8126220703125,406.8126220703125,"[30,7,256]",0.0,"[30,7,256]",True,"[0.24444679915905,0.004673432093113661,0.03345758840441704,0.20236904919147491,0.2505655586719513,0.12633474171161652,0.00028229696908965707]",0.12316136062145233,"[0.11536163091659546,0.12343532592058182,0.11676041036844254,0.13614492118358612,0.12410452216863632]",0.0789838507771492,281.9622497558594,281.9622497558594,[81920],0.0,[81920],True,20,479.3096008300781,479.3096008300781,"[30,50,1024]",0.0,"[30,50,1024]",True,"[[[0.08364859223365784,-0.0982024073600769,-0.16737136244773865,-0.7485215663909912,0.9679027795791626,0.5901085734367371,-1.0104814767837524],[-0.0012040864676237106,-0.09450414031744003,-0.18933255970478058,-0.7211031913757324,1.0571537017822266,0.6143483519554138,-1.0055861473083496],[-0.05155794322490692,-0.09377318620681763,-0.20581990480422974,-0.6840062737464905,1.1572067737579346,0.6337711811065674,-1.0104846954345703],[-0.07474619150161743,-0.09022371470928192,-0.21592018008232117,-0.6488881707191467,1.2331974506378174,0.6398863792419434,-1.0040391683578491],[-0.0977395623922348,-0.09355763345956802,-0.22995488345623016,-0.6264200210571289,1.2888561487197876,0.6417418122291565,-1.011122703552246]]]","[0.1676817685365677,0.0064399354159832,0.0035462179221212864,0.31606122851371765,0.42803460359573364,0.012701049447059631,7.820493192411959e-05]",0.1335061490535736,"[0.07778499275445938,0.10793150216341019,0.13831302523612976,0.16441042721271515,0.17909078299999237]",33.821451423062996,0.0,37.86786416439967,0.0,1347094762221098555,46,948.2073974609375,948.2073974609375,"[1,30,256]",0.0,"[1,30,256]",True,49,0.25,32,libero_goal,0,"[[[0.3857133388519287,-0.031153202056884766,-0.14534932374954224,-1.2087535858154297,0.4893573522567749,0.5044221878051758,-1.0],[0.3857133388519287,-0.021807432174682617,-0.14534932374954224,-1.2289555072784424,0.48327839374542236,0.5079621076583862,-1.0],[0.37857067584991455,-0.012461602687835693,-0.14534932374954224,-1.242423415184021,0.4893573522567749,0.5115017890930176,-1.0],[0.37499916553497314,-0.006231069564819336,-0.14534932374954224,-1.2626254558563232,0.49543654918670654,0.515041708946228,-1.0],[0.3607133626937866,-5.364418029785156e-07,-0.1482563018798828,-1.2760933637619019,0.5197525024414062,0.5221213102340698,-1.0]]]","[0.13051138818264008,0.0032148652244359255,0.013827058486640453,0.051191817969083786,0.04213220626115799,0.135393887758255,0.00016439049795735627]",0.053776517510414124,"[0.0549897663295269,0.057199519127607346,0.05012429878115654,0.054341305047273636,0.052227701991796494]",48,B4
0.0,0.0001999735104618594,CC,C600,J,,B,144.01473999023438,144.01473999023438,"[1,7,256]",0.0,"[1,7,256]",True,25,406.8126220703125,406.8126220703125,"[30,7,256]",0.0,"[30,7,256]",True,"[0.12153303623199463,0.9092952609062195,0.13171617686748505,0.0339379757642746,0.017782090231776237,0.041636332869529724,0.0007806197972968221]",0.1795259267091751,"[0.18155814707279205,0.17919698357582092,0.19474990665912628,0.1700994074344635,0.17202526330947876]",0.05111636593937874,281.9622497558594,281.9622497558594,[81920],0.0,[81920],True,20,479.3096008300781,479.3096008300781,"[30,50,1024]",0.0,"[30,50,1024]",True,"[[[-0.5810662508010864,-0.7416154146194458,-0.4002051055431366,0.3586944341659546,0.2549484372138977,-0.26229798793792725,-1.0102823972702026],[-0.6317058205604553,-0.709009051322937,-0.4382643401622772,0.3312512934207916,0.3537009060382843,-0.23647141456604004,-1.0153064727783203],[-0.6672921776771545,-0.6784457564353943,-0.491118848323822,0.3098725974559784,0.3834746479988098,-0.2188602238893509,-1.014430284500122],[-0.7005745768547058,-0.6050610542297363,-0.5662305355072021,0.27178746461868286,0.4180649220943451,-0.18100154399871826,-1.0133466720581055],[-0.6931432485580444,-0.5379605889320374,-0.6821118593215942,0.2385072261095047,0.39229297637939453,-0.14574116468429565,-1.0106110572814941]]]","[0.2694973647594452,1.312185287475586,0.21406494081020355,0.05431491881608963,0.17073403298854828,0.002705871593207121,0.0001677954278420657]",0.2890957295894623,"[0.24937643110752106,0.28451937437057495,0.313305139541626,0.3032049834728241,0.29507285356521606]",33.821451423062996,0.0,37.86786416439967,0.0,8043149644140822759,46,948.2073974609375,948.2073974609375,"[1,30,256]",0.0,"[1,30,256]",True,49,0.75,95,libero_goal,0,"[[[-0.1285719871520996,0.30841052532196045,-1.0290697813034058,0.2929251194000244,0.07598471641540527,-0.1823022961616516,-1.0],[-0.1285719871520996,0.40498363971710205,-0.9941860437393188,0.1851813793182373,-0.051674485206604004,-0.1858420968055725,-1.0],[-0.1285719871520996,0.5264788866043091,-0.9244186878204346,0.07070362567901611,-0.06991147994995117,-0.20000135898590088,-1.0],[-0.1285719871520996,0.5607467889785767,-0.9156977534294128,-0.003370225429534912,-0.06991147994995117,-0.1823022961616516,-1.0],[-0.17142915725708008,0.6479741334915161,-0.9186047315597534,-0.09764605760574341,-0.06991147994995117,-0.21062082052230835,-1.0]]]","[0.07372596114873886,0.04912113770842552,0.05535983666777611,0.07735133916139603,0.010603836737573147,0.0813806802034378,7.598231604788452e-05]",0.04965982213616371,"[0.0713590607047081,0.05676807090640068,0.04322713986039162,0.03812403604388237,0.03882081061601639]",48,B4
0.0,0.0005134880193509161,CC,C600,J,,A,177.3998565673828,177.3998565673828,"[1,9,256]",0.0,"[1,9,256]",True,20,528.3856201171875,528.3856201171875,"[29,9,256]",0.0,"[29,9,256]",True,"[0.26650986075401306,0.01620437204837799,0.028591621667146683,0.013860774226486683,0.02961898408830166,0.00022698960674460977,0.000288026116322726]",0.050757233053445816,"[0.028443709015846252,0.025210393592715263,0.05315240100026131,0.06923788785934448,0.07774177938699722]",0.09756223112344742,281.9874572753906,281.9874572753906,[81920],0.0,[81920],True,25,467.07769775390625,467.07769775390625,"[29,50,1024]",0.0,"[29,50,1024]",True,"[[[-0.3927643597126007,-0.0315372571349144,-0.8930231928825378,-0.23254628479480743,-0.268443763256073,-0.033101946115493774,-1.0029120445251465],[-0.3971569538116455,-0.025893673300743103,-0.8895037770271301,-0.22466851770877838,-0.2654513120651245,-0.04406489059329033,-1.0043411254882812],[-0.3688215911388397,-0.032987866550683975,-0.8825863599777222,-0.23599830269813538,-0.23932772874832153,-0.043513137847185135,-1.0042505264282227],[-0.3367607593536377,-0.028938492760062218,-0.8617717027664185,-0.2270365059375763,-0.20847484469413757,-0.038782745599746704,-1.0147287845611572],[-0.3310028314590454,-0.01795148104429245,-0.8225934505462646,-0.2346266657114029,-0.18257035315036774,-0.05513652414083481,-1.0143967866897583]]]","[0.11795021593570709,0.001589417108334601,0.02812650240957737,0.0010570174781605601,0.005118456203490496,5.7768560509430245e-05,9.391938510816544e-05]",0.021999042481184006,"[0.016542168334126472,0.02022429183125496,0.023994512856006622,0.0253431536257267,0.023891085758805275]",36.04901645154651,0.0,44.00991506616873,0.0,2197700932143374439,48,1037.0906982421875,1037.0906982421875,"[1,29,256]",0.0,"[1,29,256]",True,47,0.25,35,libero_goal,5,"[[[-0.110714852809906,-0.1059194803237915,-0.758721113204956,-0.24579370021820068,-0.3799409866333008,-0.040709614753723145,-1.0],[-0.07142913341522217,-0.05919051170349121,-0.7296513319015503,-0.2659956216812134,-0.3495458960533142,-0.040709614753723145,-1.0],[-0.010714948177337646,-0.028037965297698975,-0.697674572467804,-0.2659956216812134,-0.30699288845062256,-0.040709614753723145,-1.0],[0.03214216232299805,-5.364418029785156e-07,-0.668604850769043,-0.2659956216812134,-0.2462027668952942,-0.040709614753723145,-1.0],[0.042856454849243164,0.0031147003173828125,-0.6627908945083618,-0.2659956216812134,-0.17325466871261597,-0.040709614753723145,-1.0]]]","[0.06073721870779991,0.01078775990754366,0.002677584532648325,0.01829042099416256,0.00529254088178277,0.0001300485455431044,4.71833445772063e-05]",0.013994679786264896,"[0.004363079555332661,0.005892495159059763,0.012151469476521015,0.020112400874495506,0.0274539552628994]",46,B4
0.0,0.0013704742304980755,CC,C600,J,,A,177.3998565673828,177.3998565673828,"[1,9,256]",0.0,"[1,9,256]",True,20,528.3856201171875,528.3856201171875,"[29,9,256]",0.0,"[29,9,256]",True,"[0.09942636638879776,1.2118027210235596,0.04641406983137131,0.3909991383552551,0.01640269346535206,0.07928350567817688,0.003209342947229743]",0.2639339566230774,"[0.33764785528182983,0.31366607546806335,0.2828425467014313,0.2070886790752411,0.1784246861934662]",0.18219980597496033,281.9874572753906,281.9874572753906,[81920],0.0,[81920],True,25,467.07769775390625,467.07769775390625,"[29,50,1024]",0.0,"[29,50,1024]",True,"[[[-0.4100438356399536,-0.33299508690834045,-0.6093959212303162,-0.6073847413063049,-0.06911502033472061,0.18851454555988312,-1.0113950967788696],[-0.37228018045425415,-0.3351856768131256,-0.5717832446098328,-0.5874678492546082,-0.05523751303553581,0.14890456199645996,-1.0013586282730103],[-0.32936975359916687,-0.3697974681854248,-0.4965980648994446,-0.5453048348426819,-0.02560284733772278,0.11073990166187286,-1.006593942642212],[-0.29341354966163635,-0.3554684817790985,-0.38686299324035645,-0.4995635747909546,0.022087126970291138,0.04865575581789017,-1.0144126415252686],[-0.27694037556648254,-0.3452441096305847,-0.3085130453109741,-0.48081380128860474,0.015101119875907898,0.02359403297305107,-1.0128496885299683]]]","[0.12687578797340393,1.92738938331604,0.008273444138467312,0.12578603625297546,0.007878998294472694,0.024711066856980324,0.00010960258077830076]",0.31728920340538025,"[0.3190416693687439,0.3164175748825073,0.3262242376804352,0.3152822256088257,0.3094802498817444]",36.04901645154651,0.0,44.00991506616873,0.0,7313767176395743740,48,1037.0906982421875,1037.0906982421875,"[1,29,256]",0.0,"[1,29,256]",True,47,0.75,104,libero_goal,5,"[[[-0.6857144832611084,1.0467278957366943,-0.485465407371521,-0.18518781661987305,-0.15501761436462402,-0.040709614753723145,-1.0],[-0.6857144832611084,1.0436127185821533,-0.47674447298049927,-0.18518781661987305,-0.14893865585327148,-0.040709614753723145,-1.0],[-0.6821430921554565,1.0436127185821533,-0.4622095823287964,-0.18518781661987305,-0.11246448755264282,-0.040709614753723145,-1.0],[-0.6892858743667603,1.0373821258544922,-0.44186079502105713,-0.19865578413009644,-0.06991147994995117,-0.040709614753723145,-1.0],[-0.7000001668930054,1.031151533126831,-0.4215119481086731,-0.2188577651977539,-0.06991147994995117,-0.040709614753723145,-1.0]]]","[0.028531212359666824,0.7310522794723511,0.003114192746579647,0.0038305732887238264,0.04283398017287254,0.0004158196970820427,0.001351296785287559]",0.11587560921907425,"[0.1234063133597374,0.1127782091498375,0.11964013427495956,0.10858303308486938,0.11497039347887039]",46,B4
0.0,0.0004276465333532542,CC,C600,J,,B,176.9927978515625,176.9927978515625,"[1,9,256]",0.0,"[1,9,256]",True,20,603.284423828125,603.284423828125,"[38,9,256]",0.0,"[38,9,256]",True,"[0.010305428877472878,0.017954489216208458,0.11079547554254532,0.18499085307121277,0.03547446057200432,0.010739516466856003,0.0006997222080826759]",0.05299427732825279,"[0.029237279668450356,0.032905980944633484,0.04467901214957237,0.06214788556098938,0.09600123763084412]",0.05141273885965347,281.98541259765625,281.98541259765625,[81920],0.0,[81920],True,25,534.6318359375,534.6318359375,"[38,50,1024]",0.0,"[38,50,1024]",True,"[[[-0.3166307508945465,0.08178801834583282,-0.7101655006408691,0.08220738917589188,-0.1536741703748703,-0.05542275309562683,-0.997485876083374],[-0.35286813974380493,0.09508170932531357,-0.7012775540351868,0.0374920591711998,-0.15002240240573883,-0.036203473806381226,-0.9911755919456482],[-0.3553931713104248,0.17402707040309906,-0.6609151363372803,-0.03531857579946518,-0.14008042216300964,-0.04278204217553139,-0.9949785470962524],[-0.299058735370636,0.2971876561641693,-0.582729697227478,-0.11466281116008759,-0.13133744895458221,-0.04579884558916092,-1.00303053855896],[-0.26616713404655457,0.38783979415893555,-0.5028591752052307,-0.16415837407112122,-0.11371224373579025,-0.06052364408969879,-1.0054006576538086]]]","[0.001965143484994769,0.03171367570757866,0.04993588849902153,0.10486111789941788,0.004809856880456209,0.0027435810770839453,2.9551451007137075e-05]",0.02800840325653553,"[0.023210834711790085,0.02137819305062294,0.02162490226328373,0.02922835201025009,0.044599730521440506]",36.434409957647794,0.0,45.162595445749126,0.0,5172841219135816146,46,1188.9703369140625,1188.9703369140625,"[1,38,256]",0.0,"[1,38,256]",True,49,0.25,29,libero_goal,5,"[[[-0.2857147455215454,0.02180635929107666,-0.8575582504272461,-0.2659956216812134,-0.06991147994995117,0.033626556396484375,-1.0],[-0.2964290380477905,0.04361319541931152,-0.8459303379058838,-0.29966557025909424,-0.06991147994995117,0.015927433967590332,-1.0],[-0.2857147455215454,0.06230473518371582,-0.8459303379058838,-0.3400694727897644,-0.06991147994995117,0.0017682313919067383,-1.0],[-0.28214335441589355,0.07476580142974854,-0.8517442941665649,-0.39394134283065796,-0.06991147994995117,-0.019470691680908203,-1.0],[-0.24285763502120972,0.0872267484664917,-0.8197675347328186,-0.5084190368652344,-0.06991147994995117,-0.040709614753723145,-1.0]]]","[0.06524940580129623,0.0048643858171999454,0.016463881358504295,0.04603473097085953,0.056148987263441086,0.008443951606750488,0.0002492631901986897]",0.028207799419760704,"[0.021482277661561966,0.01892385631799698,0.02510460466146469,0.033085327595472336,0.042442940175533295]",48,B4
0.0,0.0017852263990789652,CC,C600,J,,B,176.9927978515625,176.9927978515625,"[1,9,256]",0.0,"[1,9,256]",True,20,603.284423828125,603.284423828125,"[38,9,256]",0.0,"[38,9,256]",True,"[0.025986189022660255,0.43560144305229187,1.0772855281829834,0.028016135096549988,0.347908079624176,0.018716929480433464,0.003046035533770919]",0.2766515016555786,"[0.5211296081542969,0.4388763904571533,0.2816981077194214,0.08925168216228485,0.05230160802602768]",0.09646011143922806,281.98541259765625,281.98541259765625,[81920],0.0,[81920],True,25,534.6318359375,534.6318359375,"[38,50,1024]",0.0,"[38,50,1024]",True,"[[[-0.9784947633743286,-0.12124098837375641,-1.0050677061080933,-0.1655494123697281,-0.6377987861633301,-0.019759103655815125,-0.9901385307312012],[-0.9774624705314636,-0.07784172892570496,-0.9738104343414307,-0.15870289504528046,-0.593826413154602,-0.00509180873632431,-1.0002833604812622],[-1.0225931406021118,0.009176678955554962,-0.8937506079673767,-0.10325377434492111,-0.5052956342697144,-0.00728679820895195,-1.0000264644622803],[-1.0421267747879028,0.16686005890369415,-0.752464234828949,-0.04069983959197998,-0.354103684425354,-0.006033800542354584,-0.9968935251235962],[-1.0337954759597778,0.2825902998447418,-0.6384095549583435,-0.029597856104373932,-0.2858142852783203,-0.010189468041062355,-0.9982759952545166]]]","[0.07210781425237656,0.9589735269546509,0.476536363363266,0.030945634469389915,0.11567883938550949,0.0009917056886479259,2.199038863182068e-05]",0.23646512627601624,"[0.3027510344982147,0.2963669002056122,0.25592267513275146,0.18452678620815277,0.14275825023651123]",36.434409957647794,0.0,45.162595445749126,0.0,5635482954592866291,46,1188.9703369140625,1188.9703369140625,"[1,38,256]",0.0,"[1,38,256]",True,49,0.75,87,libero_goal,5,"[[[-0.8285714983940125,0.999998927116394,-0.1802329421043396,-0.2659956216812134,-0.2522818446159363,-0.040709614753723145,-1.0],[-0.7750001549720764,1.0155751705169678,-0.16860508918762207,-0.2659956216812134,-0.17325466871261597,-0.040709614753723145,-1.0],[-0.7392858862876892,1.021805763244629,-0.17732608318328857,-0.2659956216812134,-0.12462258338928223,-0.040709614753723145,-1.0],[-0.7250001430511475,1.031151533126831,-0.17732608318328857,-0.2659956216812134,-0.10638552904129028,-0.040709614753723145,-1.0],[-0.6928573846817017,1.0373821258544922,-0.1802329421043396,-0.2659956216812134,-0.06991147994995117,-0.040709614753723145,-1.0]]]","[0.06252291798591614,0.9194966554641724,0.11101752519607544,0.006024567876011133,0.019765524193644524,0.0011081899283453822,0.002429064130410552]",0.16033777594566345,"[0.1595422327518463,0.16271689534187317,0.15996649861335754,0.15439724922180176,0.16506604850292206]",48,B4
0.0,1.0015724001277704e-05,CC,C600,J,,A,214.74510192871094,214.74510192871094,"[1,19,256]",0.0,"[1,19,256]",True,37,714.8963012695312,714.8963012695312,"[48,19,256]",0.0,"[48,19,256]",True,"[0.050064023584127426,0.06341613084077835,0.043746694922447205,0.1613396257162094,0.01814705692231655,0.0009642124059610069,0.0021289768628776073]",0.048543814569711685,"[0.022203711792826653,0.0396919772028923,0.05602831766009331,0.060223501175642014,0.06457158178091049]",0.1234624981880188,281.7368469238281,281.7368469238281,[81920],0.0,[81920],True,34,604.5106811523438,604.5106811523438,"[48,50,1024]",0.0,"[48,50,1024]",True,"[[[0.46937331557273865,-0.5039305686950684,-0.12414350360631943,-0.3146865963935852,-0.2668963372707367,-0.05452455207705498,1.020799160003662],[0.4312734305858612,-0.47347894310951233,-0.1481555849313736,-0.31037914752960205,-0.2744826376438141,-0.056126754730939865,1.0094364881515503],[0.3674757480621338,-0.43790537118911743,-0.167714461684227,-0.2944483160972595,-0.30340576171875,-0.049007102847099304,1.0168832540512085],[0.2838038206100464,-0.42114439606666565,-0.22411462664604187,-0.29541754722595215,-0.3687743544578552,-0.05378137528896332,1.0164189338684082],[0.1932447850704193,-0.37400132417678833,-0.2913479208946228,-0.29240208864212036,-0.44219493865966797,-0.04394238442182541,1.0100544691085815]]]","[0.0018322364194318652,0.0596851222217083,0.011592024005949497,0.12721803784370422,0.025075456127524376,0.00013574214244727045,0.00023550214245915413]",0.032253447920084,"[0.012360543943941593,0.024620791897177696,0.034682538360357285,0.04093387722969055,0.0486694797873497]",25.305327955893443,0.0,31.005814614997682,0.0,7570421501061691922,48,1220.8399658203125,1220.8399658203125,"[1,48,256]",0.0,"[1,48,256]",True,47,0.25,68,libero_10,4,"[[[0.4535706043243408,-0.6542057991027832,-0.017442405223846436,-0.09091198444366455,-0.30699288845062256,-0.040709614753723145,0.9999990463256836],[0.37142765522003174,-0.7009347081184387,-0.017442405223846436,0.0033638477325439453,-0.24012374877929688,-0.040709614753723145,0.9999990463256836],[0.31428492069244385,-0.7102804780006409,-0.08430278301239014,0.09090554714202881,-0.20364969968795776,-0.040709614753723145,0.9999990463256836],[0.26428496837615967,-0.6915888786315918,-0.13372141122817993,0.11784148216247559,-0.1854127049446106,-0.040709614753723145,0.9999990463256836],[0.23928487300872803,-0.6510905027389526,-0.17151212692260742,0.11784148216247559,-0.16109663248062134,-0.040709614753723145,0.9999990463256836]]]","[0.14734801650047302,0.0395592525601387,0.0008286715601570904,0.05318976193666458,0.04558944329619408,0.0009511021780781448,0.0006175716407597065]",0.041154827922582626,"[0.030533548444509506,0.03513205051422119,0.04940425604581833,0.04769394174218178,0.04301036149263382]",46,B4
0.0,7.195571924967226e-06,CC,C600,J,,A,214.74510192871094,214.74510192871094,"[1,19,256]",0.0,"[1,19,256]",True,37,714.8963012695312,714.8963012695312,"[48,19,256]",0.0,"[48,19,256]",True,"[0.08004745841026306,0.0018600954208523035,0.02373863197863102,0.0017675332492217422,0.005308287683874369,0.035637009888887405,0.004264403134584427]",0.021803345531225204,"[0.023885702714323997,0.025418158620595932,0.017109986394643784,0.01772460900247097,0.024878276512026787]",0.07496148347854614,281.7368469238281,281.7368469238281,[81920],0.0,[81920],True,34,604.5106811523438,604.5106811523438,"[48,50,1024]",0.0,"[48,50,1024]",True,"[[[-0.6593936085700989,-0.0017447099089622498,-0.598511815071106,-0.28158414363861084,-0.03259287774562836,-0.04348327964544296,-1.0140188932418823],[-0.6243711113929749,0.007873758673667908,-0.5796516537666321,-0.27705442905426025,-0.04116211459040642,-0.04598459601402283,-1.0249730348587036],[-0.5792281031608582,-0.026755839586257935,-0.5529873371124268,-0.2735743224620819,-0.0554504357278347,-0.08085080981254578,-1.020471453666687],[-0.5230246782302856,-0.020053356885910034,-0.5048786401748657,-0.2645919919013977,-0.06379394978284836,-0.07842453569173813,-1.0073461532592773],[-0.438602089881897,0.0013038425240665674,-0.455364465713501,-0.2544214725494385,-0.04739108681678772,-0.10726065933704376,-1.0304781198501587]]]","[0.018483761698007584,0.0002982867299579084,0.0044645871967077255,0.00011173340317327529,0.0018888037884607911,0.003319335402920842,0.00044442882062867284]",0.0041444189846515656,"[0.0027221934869885445,0.0038038608618080616,0.00428529130294919,0.004133482463657856,0.005777270067483187]",25.305327955893443,0.0,31.005814614997682,0.0,5052251981188736845,48,1220.8399658203125,1220.8399658203125,"[1,48,256]",0.0,"[1,48,256]",True,47,0.75,206,libero_10,4,"[[[-0.7464287281036377,0.02180635929107666,-0.5901165008544922,-0.2659956216812134,-0.0820695161819458,-0.1327449083328247,-1.0],[-0.7571430206298828,-0.003115832805633545,-0.5901165008544922,-0.2659956216812134,-0.0820695161819458,-0.12566518783569336,-1.0],[-0.7392858862876892,-0.006231069564819336,-0.593023419380188,-0.2659956216812134,-0.0820695161819458,-0.11504578590393066,-1.0],[-0.6642858982086182,-0.006231069564819336,-0.5872094631195068,-0.2659956216812134,-0.10638552904129028,-0.09026700258255005,-1.0],[-0.58571457862854,0.015575766563415527,-0.5726746916770935,-0.2659956216812134,-0.10030657052993774,-0.07610780000686646,-1.0]]]","[0.14200077950954437,0.0003472045937087387,0.04317981004714966,0.002320654224604368,0.003397466614842415,0.004801004659384489,0.3213566839694977]",0.07391480356454849,"[0.024324916303157806,0.03242473676800728,0.047155242413282394,0.09877195209264755,0.16689719259738922]",46,B4
0.0,1.5000214261817746e-05,CC,C600,J,,B,213.83531188964844,213.83531188964844,"[1,19,256]",0.0,"[1,19,256]",True,37,713.1144409179688,713.1144409179688,"[48,19,256]",0.0,"[48,19,256]",True,"[0.035954758524894714,0.008600390516221523,0.04026889428496361,0.0003144822549074888,0.0017843898385763168,0.000961602374445647,0.4339393079280853]",0.07454627007246017,"[0.06748644262552261,0.06923597306013107,0.06940537691116333,0.07646985352039337,0.09013368934392929]",0.05115983635187149,281.7389221191406,281.7389221191406,[81920],0.0,[81920],True,34,604.3560791015625,604.3560791015625,"[48,50,1024]",0.0,"[48,50,1024]",True,"[[[-0.3668992519378662,-0.045373834669589996,-0.45686137676239014,0.04671250283718109,-0.09918850660324097,0.15734103322029114,-1.017661452293396],[-0.43071427941322327,-0.041944533586502075,-0.4601603150367737,0.010576806962490082,-0.12963491678237915,0.1628468632698059,-1.006033182144165],[-0.4717836081981659,-0.02644003927707672,-0.4549434781074524,-0.024912424385547638,-0.1476280391216278,0.15456165373325348,-1.011825680732727],[-0.5138402581214905,0.009021203964948654,-0.4382811188697815,-0.09240657091140747,-0.14006583392620087,0.14876946806907654,-1.0162030458450317],[-0.5633019804954529,0.030337974429130554,-0.4420970380306244,-0.15875621140003204,-0.14292077720165253,0.15988850593566895,-1.0097142457962036]]]","[0.11942930519580841,0.012669341638684273,0.1613932102918625,0.054806649684906006,0.00399612495675683,0.03898641839623451,0.0001690156350377947]",0.05592143535614014,"[0.06076021492481232,0.061659201979637146,0.05665281414985657,0.05080239102244377,0.04973256215453148]",24.920990041488714,0.0,29.983414559500847,0.0,1750272122191094264,46,1230.210693359375,1230.210693359375,"[1,48,256]",0.0,"[1,48,256]",True,49,0.25,66,libero_10,4,"[[[-0.1285719871520996,0.14953207969665527,-0.017442405223846436,-0.2659956216812134,-0.08814853429794312,-0.040709614753723145,-1.0],[-0.1285719871520996,0.10903370380401611,-0.017442405223846436,-0.2659956216812134,-0.06991147994995117,-0.040709614753723145,-1.0],[-0.1285719871520996,0.02180635929107666,-0.03779119253158569,-0.2659956216812134,-0.06991147994995117,-0.040709614753723145,-1.0],[-0.1285719871520996,0.02180635929107666,-0.06976795196533203,-0.2659956216812134,-0.06991147994995117,-0.040709614753723145,-1.0],[-0.1357148289680481,0.02180635929107666,-0.1133725643157959,-0.2659956216812134,-0.06991147994995117,-0.040709614753723145,-1.0]]]","[0.03274545818567276,0.007354035507887602,0.038302332162857056,0.00020284031052142382,0.0027145470958203077,0.0006793876527808607,0.4954873025417328]",0.0824979916214943,"[0.0731901302933693,0.07313390076160431,0.0772014856338501,0.09198420494794846,0.0969802513718605]",48,B4
0.0,1.0099179235112388e-05,CC,C600,J,,B,213.83531188964844,213.83531188964844,"[1,19,256]",0.0,"[1,19,256]",True,37,713.1144409179688,713.1144409179688,"[48,19,256]",0.0,"[48,19,256]",True,"[0.015635011717677116,0.0003807470202445984,0.001069451100192964,0.0085586654022336,0.0015587914967909455,0.0014012575848028064,1.2638071775436401]",0.1846301555633545,"[0.012871687300503254,0.026488985866308212,0.49683669209480286,0.307189404964447,0.07976403087377548]",0.042015302926301956,281.7389221191406,281.7389221191406,[81920],0.0,[81920],True,34,604.3560791015625,604.3560791015625,"[48,50,1024]",0.0,"[48,50,1024]",True,"[[[-0.6866443157196045,-0.062288690358400345,-0.5295379161834717,-0.22644096612930298,-0.1733974665403366,-0.0622050017118454,-1.0049179792404175],[-0.6605168581008911,-0.06301401555538177,-0.5055261254310608,-0.21402131021022797,-0.16481363773345947,-0.06961313635110855,-0.9967864751815796],[-0.624889075756073,-0.0778147280216217,-0.49845701456069946,-0.21157832443714142,-0.12646742165088654,-0.0642981007695198,-1.0198628902435303],[-0.5742127895355225,-0.0669512003660202,-0.4592024087905884,-0.23592974245548248,-0.10951285809278488,-0.07321463525295258,-1.0140151977539062],[-0.4963560104370117,-0.08363243192434311,-0.35932645201683044,-0.2186499536037445,-0.10190901905298233,-0.07548701763153076,1.005854606628418]]]","[0.0973016545176506,0.008637215942144394,0.0152431046590209,0.00862533412873745,0.005101290997117758,0.0006527790101245046,1.6272327899932861]",0.25182774662971497,"[0.020726455375552177,0.01756659708917141,0.6032640933990479,0.6010832786560059,0.01649835705757141]",24.920990041488714,0.0,29.983414559500847,0.0,2317014375466178463,46,1230.210693359375,1230.210693359375,"[1,48,256]",0.0,"[1,48,256]",True,49,0.75,199,libero_10,4,"[[[-0.39285755157470703,0.02180635929107666,-0.38662827014923096,-0.3670054078102112,-0.06991147994995117,-0.09026700258255005,-1.0],[-0.36785751581192017,0.02180635929107666,-0.3837212324142456,-0.29293161630630493,-0.06991147994995117,-0.07610780000686646,-1.0],[-0.30357182025909424,0.02180635929107666,-0.3575584888458252,-0.29293161630630493,-0.06991147994995117,-0.05132913589477539,0.9999990463256836],[-0.2321433424949646,0.02180635929107666,-0.32558178901672363,-0.3131335377693176,-0.06991147994995117,-0.040709614753723145,0.9999990463256836],[-0.18928629159927368,0.02180635929107666,-0.302325963973999,-0.28619760274887085,-0.06991147994995117,-0.040709614753723145,0.9999990463256836]]]","[0.004908060189336538,0.0012221483048051596,0.0014581362484022975,0.0030102133750915527,0.003700540168210864,0.0010459719924256206,0.9382156729698181]",0.1362229585647583,"[0.005146658979356289,0.010917795822024345,0.3426389992237091,0.23055116832256317,0.09186024963855743]",48,B4
0.0,1.5928422726574354e-05,CC,C600,J,,A,168.48333740234375,168.48333740234375,"[1,13,256]",0.0,"[1,13,256]",True,34,768.4246826171875,768.4246826171875,"[58,13,256]",0.0,"[58,13,256]",True,"[0.1467343121767044,0.0006481860182248056,0.17596662044525146,0.00509646674618125,0.15618844330310822,0.0008001653477549553,0.001016187365166843]",0.06949291378259659,"[0.06916463375091553,0.07034318894147873,0.0739939734339714,0.07033516466617584,0.06362761557102203]",0.1429263949394226,281.7067565917969,281.7067565917969,[81920],0.0,[81920],True,37,670.9157104492188,670.9157104492188,"[58,50,1024]",0.0,"[58,50,1024]",True,"[[[-0.22019512951374054,0.7612062096595764,0.5493370294570923,-0.26739710569381714,-0.317531943321228,-0.06061503291130066,0.9963632225990295],[-0.2189052850008011,0.8015172481536865,0.5140184164047241,-0.26199159026145935,-0.3746817111968994,-0.04538785666227341,0.9966129064559937],[-0.22573474049568176,0.8223822116851807,0.4864565432071686,-0.26065757870674133,-0.44393762946128845,-0.0518016442656517,1.002941608428955],[-0.2280106246471405,0.839669406414032,0.4474634826183319,-0.25017040967941284,-0.4994674324989319,-0.052297770977020264,1.0019302368164062],[-0.21459826827049255,0.8512846231460571,0.4014832377433777,-0.26216286420822144,-0.5405898690223694,-0.033198609948158264,0.998037576675415]]]","[0.1738220453262329,0.004896142054349184,0.2441082000732422,0.006665171589702368,0.4278992712497711,0.00014636905689258128,8.184138096112292e-06]",0.12250648438930511,"[0.09427669644355774,0.11082632839679718,0.12847034633159637,0.1363086998462677,0.14265036582946777]",27.31864763989949,0.0,39.01527225572162,0.0,8442714955617139331,48,1238.0948486328125,1238.0948486328125,"[1,58,256]",0.0,"[1,58,256]",True,47,0.25,62,libero_10,7,"[[[0.21785640716552734,0.8380053043365479,0.999998927116394,-0.19192183017730713,0.18540692329406738,-0.040709614753723145,0.9999990463256836],[0.21071362495422363,0.8535815477371216,0.999998927116394,-0.15825188159942627,0.20972299575805664,-0.040709614753723145,0.9999990463256836],[0.1892850399017334,0.878503680229187,0.999998927116394,-0.13131588697433472,0.22188103199005127,-0.040709614753723145,0.9999990463256836],[0.1892850399017334,0.9190021753311157,0.9505802392959595,-0.2390596866607666,0.22188103199005127,-0.040709614753723145,0.9999990463256836],[0.16785645484924316,0.9314632415771484,0.9156967401504517,-0.2659956216812134,0.22188103199005127,-0.040709614753723145,0.9999990463256836]]]","[0.10604115575551987,0.0013277068501338363,0.15794003009796143,0.005521177779883146,0.10998957604169846,0.0007759248255752027,0.0006578388274647295]",0.05460762605071068,"[0.05461816117167473,0.0566883385181427,0.061036117374897,0.05388233810663223,0.04681319743394852]",46,B4
0.0,5.15130850544665e-05,CC,C600,J,,A,168.48333740234375,168.48333740234375,"[1,13,256]",0.0,"[1,13,256]",True,34,768.4246826171875,768.4246826171875,"[58,13,256]",0.0,"[58,13,256]",True,"[0.008599733002483845,0.28981906175613403,0.31917840242385864,1.137184739112854,0.5550273060798645,0.21446214616298676,0.0040085818618535995]",0.36118283867836,"[0.40848883986473083,0.47352519631385803,0.33019039034843445,0.2823004126548767,0.3114094138145447]",0.2837599813938141,281.7067565917969,281.7067565917969,[81920],0.0,[81920],True,37,670.9157104492188,670.9157104492188,"[58,50,1024]",0.0,"[58,50,1024]",True,"[[[0.22554214298725128,-0.07155601680278778,0.4209522604942322,-0.222598135471344,0.6399610042572021,-0.0884690135717392,0.9950416088104248],[0.3106667697429657,-0.0322004072368145,0.51235032081604,-0.2234945297241211,0.6526831984519958,-0.0954374372959137,1.0012309551239014],[0.3796229362487793,-0.00299115851521492,0.5752137899398804,-0.23681055009365082,0.6467989087104797,-0.08794385939836502,1.0037949085235596],[0.4618287682533264,0.024960016831755638,0.6239281892776489,-0.22775140404701233,0.6454916596412659,-0.09056900441646576,0.9944953322410583],[0.5413621068000793,0.057643771171569824,0.6580444574356079,-0.20067563652992249,0.6968472599983215,-0.08541958034038544,1.0086721181869507]]]","[0.0017312023555859923,0.1471415013074875,0.13271847367286682,0.34028154611587524,0.40330734848976135,0.04426717385649681,2.9203079975559376e-05]",0.1527823507785797,"[0.15405386686325073,0.1826382726430893,0.1405254602432251,0.13221828639507294,0.1544758677482605]",27.31864763989949,0.0,39.01527225572162,0.0,4151392753901295008,48,1238.0948486328125,1238.0948486328125,"[1,58,256]",0.0,"[1,58,256]",True,47,0.75,186,libero_10,7,"[[[0.2464277744293213,0.20560681819915771,0.6337201595306396,-0.8855222463607788,-0.06991147994995117,-0.20000135898590088,0.9999990463256836],[0.34642767906188965,0.34890902042388916,0.9360456466674805,-0.8383843898773193,-0.06991147994995117,-0.3238949775695801,0.9999990463256836],[0.46071338653564453,0.3676004409790039,0.999998927116394,-0.7979804277420044,0.12461686134338379,-0.3557533621788025,0.9999990463256836],[0.47857046127319336,0.42056000232696533,0.999998927116394,-0.7710444927215576,0.1185377836227417,-0.3238949775695801,0.9999990463256836],[0.5321418046951294,0.5264788866043091,0.999998927116394,-0.7239066362380981,0.03343164920806885,-0.26017826795578003,0.9999990463256836]]]","[0.038576770573854446,0.08512881398200989,0.060373593121767044,0.19515053927898407,0.040361907333135605,0.03903590515255928,0.0006071145180612803]",0.06560494750738144,"[0.05897502601146698,0.07680616527795792,0.07338845729827881,0.060598477721214294,0.05825662985444069]",46,B4
0.0,3.862006633426063e-05,CC,C600,J,,B,169.01515197753906,169.01515197753906,"[1,13,256]",0.0,"[1,13,256]",True,34,733.9485473632812,733.9485473632812,"[53,13,256]",0.0,"[53,13,256]",True,"[0.019866639748215675,0.0926843211054802,0.06876742094755173,0.007975028827786446,0.7681431174278259,0.00044725098996423185,0.00020634755492210388]",0.13687001168727875,"[0.19759780168533325,0.14943158626556396,0.10628427565097809,0.12095309048891068,0.11008335649967194]",0.07384822517633438,281.7167053222656,281.7167053222656,[81920],0.0,[81920],True,37,641.2201538085938,641.2201538085938,"[53,50,1024]",0.0,"[53,50,1024]",True,"[[[-0.1681540608406067,0.5393182039260864,0.771643877029419,-0.3531157672405243,-0.45300835371017456,-0.020939208567142487,1.0066232681274414],[-0.18384279310703278,0.6288495063781738,0.7087625861167908,-0.3427014648914337,-0.48599839210510254,-0.01378246396780014,1.0007274150848389],[-0.19388224184513092,0.70247483253479,0.6065958142280579,-0.31483641266822815,-0.5280739665031433,-0.021329594776034355,1.0137994289398193],[-0.19894540309906006,0.767899751663208,0.5100864768028259,-0.32408973574638367,-0.5795928239822388,-0.013537123799324036,1.0034260749816895],[-0.17962034046649933,0.8343328833580017,0.41415145993232727,-0.31416189670562744,-0.5691847205162048,-0.010088734328746796,1.0133310556411743]]]","[0.010464290156960487,0.025015180930495262,0.10317100584506989,0.004310809075832367,0.7404651045799255,0.001356647931970656,8.486967999488115e-05]",0.12640969455242157,"[0.14069987833499908,0.1249987930059433,0.10715552419424057,0.13030706346035004,0.12888722121715546]",26.701002649347622,0.0,36.969577166504116,0.0,895811180839841733,46,1188.678466796875,1188.678466796875,"[1,53,256]",0.0,"[1,53,256]",True,49,0.25,72,libero_10,7,"[[[-0.010714948177337646,0.43613624572753906,0.8982548713684082,-0.2659956216812134,0.5075944662094116,-0.07610780000686646,0.9999990463256836],[-0.10357201099395752,0.4766346216201782,0.9215106964111328,-0.2659956216812134,0.4042513370513916,-0.05486893653869629,0.9999990463256836],[-0.1285719871520996,0.5264788866043091,0.9418593645095825,-0.2659956216812134,0.24619698524475098,-0.040709614753723145,0.9999990463256836],[-0.16071486473083496,0.5856688022613525,0.8982548713684082,-0.2659956216812134,0.27051305770874023,-0.040709614753723145,0.9999990463256836],[-0.30357182025909424,0.669780969619751,0.851743221282959,-0.2659956216812134,0.24619698524475098,-0.040709614753723145,0.9999990463256836]]]","[0.015768876299262047,0.03235612437129021,0.024183519184589386,0.0017070239409804344,0.20196247100830078,0.0006497199065051973,0.0007107111741788685]",0.03961978107690811,"[0.06132040545344353,0.04305403679609299,0.0300749558955431,0.0320059172809124,0.031643591821193695]",48,B4
0.0,2.4060844225459732e-05,CC,C600,J,,B,169.01515197753906,169.01515197753906,"[1,13,256]",0.0,"[1,13,256]",True,34,733.9485473632812,733.9485473632812,"[53,13,256]",0.0,"[53,13,256]",True,"[0.04058216139674187,0.7638208866119385,0.020049627870321274,0.018635369837284088,0.2756507098674774,0.004774730186909437,0.0020617847330868244]",0.16079646348953247,"[0.1802876740694046,0.14635713398456573,0.15244844555854797,0.1566285490989685,0.1682606041431427]",0.13562630116939545,281.7167053222656,281.7167053222656,[81920],0.0,[81920],True,37,641.2201538085938,641.2201538085938,"[53,50,1024]",0.0,"[53,50,1024]",True,"[[[0.6053056120872498,0.0819043293595314,0.9480295777320862,-0.2843261957168579,0.9313221573829651,-0.08501093089580536,1.0026155710220337],[0.6096919178962708,0.10105694830417633,0.9437299370765686,-0.27007371187210083,0.9265076518058777,-0.07977785915136337,1.0022372007369995],[0.6181464791297913,0.13490675389766693,0.9382753968238831,-0.2653158903121948,0.9137896299362183,-0.08329324424266815,1.0069730281829834],[0.6108115315437317,0.1757476031780243,0.8919271230697632,-0.26111483573913574,0.8670653700828552,-0.07958076894283295,1.0076559782028198],[0.603083610534668,0.23819464445114136,0.8274086713790894,-0.25157755613327026,0.79311203956604,-0.07015621662139893,0.9980580806732178]]]","[0.0016692994395270944,0.2290422022342682,0.0019959257915616035,0.00011696109868353233,0.10232355445623398,0.0013596171047538519,2.457758273521904e-05]",0.04807601869106293,"[0.05244278535246849,0.048207852989435196,0.0481279119849205,0.047249872237443924,0.04435168206691742]",26.701002649347622,0.0,36.969577166504116,0.0,4825284986999109913,46,1188.678466796875,1188.678466796875,"[1,53,256]",0.0,"[1,53,256]",True,49,0.75,218,libero_10,7,"[[[0.657141923904419,0.5077873468399048,0.9360456466674805,-0.2659956216812134,0.5075944662094116,-0.1398245096206665,0.9999990463256836],[0.6678560972213745,0.548285722732544,0.9156967401504517,-0.2659956216812134,0.5623054504394531,-0.1044263243675232,0.9999990463256836],[0.6607131958007812,0.6261674165725708,0.9040688276290894,-0.2659956216812134,0.6109377145767212,-0.05486893653869629,0.9999990463256836],[0.6321418285369873,0.6915878057479858,0.9011619091033936,-0.2659956216812134,0.6170166730880737,-0.040709614753723145,0.9999990463256836],[0.5999990701675415,0.7445472478866577,0.9156967401504517,-0.2659956216812134,0.5805425643920898,-0.040709614753723145,0.9999990463256836]]]","[0.004436449613422155,0.09210874885320663,0.031894706189632416,0.009928842075169086,0.031102344393730164,0.005921083502471447,0.0009709852747619152]",0.025194736197590828,"[0.021715054288506508,0.020556101575493813,0.028869405388832092,0.027038931846618652,0.027794191613793373]",48,B4
0.0,2.245410178147722e-05,CC,C600,Q,,A,179.07801818847656,179.07801818847656,"[1,15,256]",0.0,"[1,15,256]",True,7,535.7208862304688,535.7208862304688,"[23,15,256]",0.0,"[23,15,256]",True,"[0.14030176401138306,0.08552119880914688,0.22000621259212494,0.0011722183553501964,0.13885845243930817,0.042561858892440796,0.46641746163368225]",0.15640559792518616,"[0.25503069162368774,0.2015516608953476,0.14262743294239044,0.10526810586452484,0.07755016535520554]",0.07387834787368774,281.97955322265625,281.97955322265625,[81920],0.0,[81920],True,5,418.1143493652344,418.1143493652344,"[23,50,1024]",0.0,"[23,50,1024]",True,"[[[-0.24442067742347717,0.08765430748462677,-0.5373090505599976,-0.08710610121488571,-0.0766107365489006,-0.004964087158441544,1.0062745809555054],[-0.19873899221420288,0.09822873771190643,-0.4939243495464325,-0.10181812942028046,-0.1038341373205185,-0.008109107613563538,1.0175151824951172],[-0.15571282804012299,0.08709906786680222,-0.48261111974716187,-0.08705457299947739,-0.09125210344791412,-0.02688167244195938,1.0066947937011719],[-0.11258247494697571,0.08344064652919769,-0.4312472343444824,-0.08671633899211884,-0.07592104375362396,-0.028049275279045105,1.0189005136489868],[-0.04840254783630371,0.07592828571796417,-0.31452807784080505,-0.11865559220314026,-0.06665033102035522,-0.08231452107429504,1.0083706378936768]]]","[0.0026352445129305124,0.08479683101177216,0.13570620119571686,0.03690265119075775,0.10632061958312988,0.026610566303133965,0.8051834106445312]",0.1711650788784027,"[0.6281499266624451,0.058348435908555984,0.06171388551592827,0.06374901533126831,0.04386414587497711]",35.81680899056733,0.0,42.20846712809883,0.0,5898604950164596219,48,977.874267578125,977.874267578125,"[1,23,256]",0.0,"[1,23,256]",True,47,0.25,27,libero_spatial,5,"[[[-0.26428622007369995,0.42056000232696533,-0.2790701985359192,-0.27946358919143677,-0.46504712104797363,-0.08318740129470825,-1.0],[-0.1285719871520996,0.40186846256256104,-0.10755860805511475,-0.2659956216812134,-0.44073110818862915,-0.15398377180099487,0.9999990463256836],[-0.12142914533615112,0.3676004409790039,-0.03197723627090454,-0.27272963523864746,-0.3799409866333008,-0.20354115962982178,0.9999990463256836],[-0.1285719871520996,0.3676004409790039,-0.017442405223846436,-0.30639952421188354,-0.3981780409812927,-0.2318597435951233,0.9999990463256836],[-0.1285719871520996,0.32398688793182373,-0.017442405223846436,-0.3131335377693176,-0.3495458960533142,-0.2637180685997009,0.9999990463256836]]]","[0.1341276913881302,0.060352224856615067,0.15458367764949799,0.0009341305121779442,0.11585288494825363,0.03136148676276207,0.37922805547714233]",0.12520574033260345,"[0.19151826202869415,0.1697283387184143,0.11800119280815125,0.085974782705307,0.06080610677599907]",46,B4
0.0,6.270856829360127e-05,CC,C600,Q,,A,179.07801818847656,179.07801818847656,"[1,15,256]",0.0,"[1,15,256]",True,7,535.7208862304688,535.7208862304688,"[23,15,256]",0.0,"[23,15,256]",True,"[0.40108343958854675,0.0035846158862113953,0.1456073820590973,0.1343759298324585,0.2138158529996872,0.10919251292943954,0.0015922331949695945]",0.1441788524389267,"[0.1355336308479309,0.17914320528507233,0.175016850233078,0.13744719326496124,0.09375344216823578]",0.15337753295898438,281.97955322265625,281.97955322265625,[81920],0.0,[81920],True,5,418.1143493652344,418.1143493652344,"[23,50,1024]",0.0,"[23,50,1024]",True,"[[[-0.6220059990882874,0.15840288996696472,-0.5982041954994202,0.03623872995376587,-0.121183380484581,-0.14114731550216675,1.0070728063583374],[-0.7045485973358154,0.13529813289642334,-0.6381997466087341,0.03545030951499939,-0.2383096069097519,-0.0988360270857811,1.003540277481079],[-0.7880706787109375,0.12084582448005676,-0.6767354607582092,0.06388873606920242,-0.4140457510948181,-0.07552945613861084,1.000203013420105],[-0.9087715148925781,0.08774852752685547,-0.7270321846008301,0.09385395795106888,-0.6994609236717224,-0.04122845083475113,1.0053212642669678],[-1.0030250549316406,0.06212422251701355,-0.7435097098350525,0.11891579627990723,-0.9139924049377441,0.001230880618095398,0.9945645928382874]]]","[0.25097981095314026,0.00092001334996894,0.12115136533975601,0.11373748630285263,0.1623035967350006,0.06612920016050339,2.4095857952488586e-05]",0.1021779403090477,"[0.12847521901130676,0.12170121818780899,0.09733591973781586,0.07868852466344833,0.08468881994485855]",35.81680899056733,0.0,42.20846712809883,0.0,1908307486257974580,48,977.874267578125,977.874267578125,"[1,23,256]",0.0,"[1,23,256]",True,47,0.75,81,libero_spatial,5,"[[[-1.1464284658432007,0.11837947368621826,-1.034883737564087,-0.2659956216812134,-0.6656544208526611,0.06902480125427246,0.9999990463256836],[-1.2999998331069946,0.10591840744018555,-1.034883737564087,-0.2659956216812134,-0.6717334985733032,0.14690065383911133,0.9999990463256836],[-1.3642854690551758,0.09968781471252441,-1.034883737564087,-0.2659956216812134,-0.5927063226699829,0.20707762241363525,0.9999990463256836],[-1.374999761581421,0.09345734119415283,-1.0058139562606812,-0.2659956216812134,-0.4954422116279602,0.24955546855926514,0.9999990463256836],[-1.2785712480545044,0.10280311107635498,-0.970930278301239,-0.2659956216812134,-0.41033607721328735,0.24955546855926514,0.9999990463256836]]]","[0.10033351182937622,0.007279339712113142,0.10087080299854279,0.012493542395532131,0.011490761302411556,0.03212488442659378,0.007117375731468201]",0.03881574422121048,"[0.02306707575917244,0.03596851974725723,0.04826566204428673,0.04794294387102127,0.03883453831076622]",46,B4
0.0,5.780845458502881e-05,CC,C600,Q,,B,178.18934631347656,178.18934631347656,"[1,15,256]",0.0,"[1,15,256]",True,7,534.443359375,534.443359375,"[23,15,256]",0.0,"[23,15,256]",True,"[0.14047206938266754,0.02523457072675228,0.05515595152974129,0.04550662264227867,2.2563042640686035,0.49309372901916504,0.004606100730597973]",0.43148186802864075,"[0.5127475261688232,0.5469027757644653,0.4907330274581909,0.35992231965065,0.24710381031036377]",0.17207348346710205,281.9849548339844,281.9849548339844,[81920],0.0,[81920],True,5,418.69085693359375,418.69085693359375,"[23,50,1024]",0.0,"[23,50,1024]",True,"[[[-0.647626519203186,0.04240639507770538,-1.0604079961776733,-0.24381446838378906,-0.08269739896059036,-0.045058101415634155,-1.0148619413375854],[-0.6532158851623535,0.05383488908410072,-1.0756845474243164,-0.2569018006324768,-0.07779832929372787,-0.03192083537578583,-1.0175684690475464],[-0.6706563234329224,0.0771157294511795,-1.1033592224121094,-0.27601873874664307,-0.09219331294298172,-0.032332804054021835,-1.0117160081863403],[-0.6711131930351257,0.07406012713909149,-1.0912282466888428,-0.26468029618263245,-0.08497896045446396,-0.02928011864423752,-1.0076172351837158],[-0.6746417284011841,0.08877569437026978,-1.062025785446167,-0.2529227137565613,-0.06725212931632996,-0.0402148962020874,-1.012183427810669]]]","[0.04194542393088341,0.0023449326399713755,0.1218876838684082,0.03294036537408829,1.509709358215332,0.28356432914733887,0.00017465028213337064]",0.2846524119377136,"[0.3444610834121704,0.35250964760780334,0.32034537196159363,0.23594658076763153,0.16999927163124084]",35.93434839112487,0.0,42.24455662022927,0.0,4644491651927860461,46,973.8851318359375,973.8851318359375,"[1,23,256]",0.0,"[1,23,256]",True,49,0.25,27,libero_spatial,5,"[[[-0.3571432828903198,0.02180635929107666,-0.6802327036857605,-0.07071006298065186,-1.4255306720733643,-0.6353988647460938,-1.0],[-0.3964289426803589,0.02180635929107666,-0.6744188070297241,-0.050508081912994385,-1.443767786026001,-0.607080340385437,-1.0],[-0.4500003457069397,0.02180635929107666,-0.7005815505981445,-0.05724203586578369,-1.38905668258667,-0.5787618160247803,-1.0],[-0.5678573846817017,0.02180635929107666,-0.7790699005126953,-0.08417803049087524,-1.2066863775253296,-0.5292043685913086,-1.0],[-0.6821430921554565,0.02180635929107666,-0.8517442941665649,-0.14478391408920288,-1.0364739894866943,-0.476107120513916,-1.0]]]","[0.16789543628692627,0.032299336045980453,0.03287188336253166,0.03056882880628109,1.1665496826171875,0.24403922259807587,0.002291410928592086]",0.23950228095054626,"[0.2949707508087158,0.3021339476108551,0.27405744791030884,0.19727131724357605,0.12907788157463074]",48,B4
0.0,0.0004012493300251663,CC,C600,Q,,B,178.18934631347656,178.18934631347656,"[1,15,256]",0.0,"[1,15,256]",True,7,534.443359375,534.443359375,"[23,15,256]",0.0,"[23,15,256]",True,"[1.0504460334777832,0.23310284316539764,0.05751148983836174,0.08130265772342682,0.01488776970654726,0.02344900742173195,6.64933686493896e-05]",0.2086808979511261,"[0.21837720274925232,0.14095446467399597,0.1494654268026352,0.24676552414894104,0.28784191608428955]",0.15204082429409027,281.9849548339844,281.9849548339844,[81920],0.0,[81920],True,5,418.69085693359375,418.69085693359375,"[23,50,1024]",0.0,"[23,50,1024]",True,"[[[0.6067225933074951,-0.14063085615634918,-0.46260130405426025,-0.07520300894975662,-0.6881809234619141,-0.06592003256082535,1.0050928592681885],[0.5971511006355286,-0.2289096713066101,-0.616700291633606,-0.09695857018232346,-0.6343450546264648,-0.06876203417778015,1.0055732727050781],[0.5718945860862732,-0.27011701464653015,-0.7385761141777039,-0.12867607176303864,-0.5898538827896118,-0.06785452365875244,1.0085577964782715],[0.5339823365211487,-0.27788910269737244,-0.8378907442092896,-0.15213412046432495,-0.5919418931007385,-0.06662896275520325,1.0110079050064087],[0.474916934967041,-0.23943814635276794,-0.949549674987793,-0.18818286061286926,-0.6273292303085327,-0.0599726140499115,1.0094774961471558]]]","[0.24482397735118866,0.020986570045351982,0.07857705652713776,0.02624553255736828,0.15153248608112335,0.0006404450396075845,6.826142634963617e-05]",0.07469633966684341,"[0.0557292215526104,0.06935548782348633,0.07661006599664688,0.07970742136240005,0.09207950532436371]",35.93434839112487,0.0,42.24455662022927,0.0,4698308146476797737,46,973.8851318359375,973.8851318359375,"[1,23,256]",0.0,"[1,23,256]",True,49,0.75,80,libero_spatial,5,"[[[1.064284324645996,-0.11215001344680786,-0.3488374948501587,-0.2659956216812134,-1.0486321449279785,-0.040709614753723145,0.9999990463256836],[1.042855978012085,-0.13707208633422852,-0.3575584888458252,-0.2659956216812134,-1.0607901811599731,-0.040709614753723145,0.9999990463256836],[1.0499987602233887,-0.14330261945724487,-0.42441892623901367,-0.2659956216812134,-1.006079077720642,-0.040709614753723145,0.9999990463256836],[1.071427345275879,-0.07476687431335449,-0.5465118885040283,-0.2659956216812134,-0.9513679146766663,-0.040709614753723145,0.9999990463256836],[1.0214273929595947,-0.043614208698272705,-0.5901165008544922,-0.3737393617630005,-1.006079077720642,-0.040709614753723145,0.9999990463256836]]]","[0.01553452666848898,0.0011046583531424403,0.0046280487440526485,0.032491762191057205,0.4670041501522064,0.008456580340862274,6.821279384894297e-05]",0.07561255991458893,"[0.09319723397493362,0.09152235835790634,0.06773123145103455,0.057533055543899536,0.06807895749807358]",48,B4
0.0,9.556601980875712e-06,CC,C600,Q,,A,186.9772491455078,186.9772491455078,"[1,14,256]",0.0,"[1,14,256]",True,5,607.516845703125,607.516845703125,"[37,14,256]",0.0,"[37,14,256]",True,"[0.15325382351875305,0.0008872307953424752,0.0964808389544487,0.09409305453300476,1.1319293975830078,0.004426625091582537,0.001871529035270214]",0.2118489295244217,"[0.1790113002061844,0.20258134603500366,0.22293910384178162,0.2230699211359024,0.23164300620555878]",0.10706119239330292,281.8832702636719,281.8832702636719,[81920],0.0,[81920],True,7,530.36474609375,530.36474609375,"[37,50,1024]",0.0,"[37,50,1024]",True,"[[[-0.16658632457256317,0.0043059103190898895,0.006720740348100662,-0.24209122359752655,-0.0693601742386818,-0.11434762179851532,0.9997428059577942],[-0.14210399985313416,0.002786066383123398,0.028049830347299576,-0.22899562120437622,-0.07473814487457275,-0.12179939448833466,0.9956673979759216],[-0.1485835313796997,0.003928035497665405,0.04019073396921158,-0.21266280114650726,-0.08419789373874664,-0.12096265703439713,1.0038220882415771],[-0.13253886997699738,0.00718369334936142,0.06363973766565323,-0.19749796390533447,-0.06067320704460144,-0.11539849638938904,1.0118956565856934],[-0.1246459037065506,-0.00022089481353759766,0.09064632654190063,-0.18943338096141815,-0.06339176744222641,-0.10577073693275452,1.003610610961914]]]","[0.09767609089612961,0.0005165133043192327,0.12568949162960052,0.06605329364538193,0.774808943271637,0.0046079386956989765,3.760344407055527e-05]",0.15276998281478882,"[0.13410939276218414,0.1518879383802414,0.16013988852500916,0.1548294723033905,0.16288325190544128]",29.63189617000375,0.0,36.99589059526112,0.0,3060169894559326343,48,1240.6563720703125,1240.6563720703125,"[1,37,256]",0.0,"[1,37,256]",True,47,0.25,30,libero_spatial,7,"[[[-0.5750002861022949,0.02180635929107666,-0.4447677731513977,-0.4814831614494324,0.641332745552063,-0.040709614753723145,0.9999990463256836],[-0.5142860412597656,0.02180635929107666,-0.36627936363220215,-0.49495112895965576,0.7568339109420776,-0.040709614753723145,0.9999990463256836],[-0.45357179641723633,0.02180635929107666,-0.29651206731796265,-0.5016851425170898,0.8237029314041138,-0.040709614753723145,0.9999990463256836],[-0.38571470975875854,0.02180635929107666,-0.2412794828414917,-0.47474920749664307,0.8601770401000977,-0.07610780000686646,0.9999990463256836],[-0.2857147455215454,-0.03738367557525635,-0.15988421440124512,-0.39394134283065796,0.9392043352127075,-0.16106337308883667,0.9999990463256836]]]","[0.047739990055561066,0.00032727158395573497,0.02584599331021309,0.041650909930467606,0.5862502455711365,0.0026455989573150873,0.004758311901241541]",0.1013168916106224,"[0.08291000127792358,0.09474245458841324,0.1023891344666481,0.10887517780065536,0.11766771972179413]",46,B4
0.0,7.331099186558276e-05,CC,C600,Q,,A,186.9772491455078,186.9772491455078,"[1,14,256]",0.0,"[1,14,256]",True,5,607.516845703125,607.516845703125,"[37,14,256]",0.0,"[37,14,256]",True,"[0.07235632836818695,0.06362996250391006,0.027537791058421135,0.013362715020775795,0.05430063232779503,0.023157723248004913,0.00021089473739266396]",0.03636515140533447,"[0.03042975626885891,0.031091144308447838,0.034530043601989746,0.03930514305830002,0.04646967351436615]",0.11856990307569504,281.8832702636719,281.8832702636719,[81920],0.0,[81920],True,7,530.36474609375,530.36474609375,"[37,50,1024]",0.0,"[37,50,1024]",True,"[[[0.43113502860069275,0.45623818039894104,-0.027428053319454193,-0.27487966418266296,-0.5737537145614624,-0.5524579286575317,0.9982073307037354],[0.41872474551200867,0.43027234077453613,-0.0516013577580452,-0.27091407775878906,-0.5396125316619873,-0.5379753112792969,1.0023279190063477],[0.4164349138736725,0.40583986043930054,-0.07249906659126282,-0.26278021931648254,-0.5205506682395935,-0.5298225283622742,1.0035346746444702],[0.41872620582580566,0.38391607999801636,-0.09639987349510193,-0.25981026887893677,-0.5080832242965698,-0.5229020118713379,1.0058358907699585],[0.4201403558254242,0.3626044690608978,-0.12037748098373413,-0.25717419385910034,-0.5027738809585571,-0.5091643929481506,1.0065358877182007]]]","[0.06466247141361237,0.0024924029130488634,0.1419624537229538,4.590648313751444e-05,0.21138320863246918,0.05657672509551048,1.958672328328248e-05]",0.06816324591636658,"[0.0802396908402443,0.07322230190038681,0.06748834252357483,0.0624069944024086,0.05745892599225044]",29.63189617000375,0.0,36.99589059526112,0.0,5106880675780522306,48,1240.6563720703125,1240.6563720703125,"[1,37,256]",0.0,"[1,37,256]",True,47,0.75,92,libero_spatial,7,"[[[0.6607131958007812,0.42367517948150635,-0.46511656045913696,-0.2659956216812134,-0.06991147994995117,-0.30265605449676514,0.9999990463256836],[0.6714276075363159,0.4299057722091675,-0.46511656045913696,-0.2659956216812134,-0.06991147994995117,-0.29911625385284424,0.9999990463256836],[0.6785702705383301,0.4392514228820801,-0.4505816698074341,-0.2659956216812134,-0.06991147994995117,-0.29203659296035767,0.9999990463256836],[0.6821417808532715,0.4423668384552002,-0.436046838760376,-0.2659956216812134,-0.06991147994995117,-0.2849569320678711,0.9999990463256836],[0.6821417808532715,0.44548213481903076,-0.4186049699783325,-0.2659956216812134,-0.06991147994995117,-0.2849569320678711,0.9999990463256836]]]","[0.06718889623880386,0.0553521029651165,0.024282196536660194,0.010316189378499985,0.05459992215037346,0.019534854218363762,0.0002327491092728451]",0.03307241573929787,"[0.026942837983369827,0.028136182576417923,0.03135257214307785,0.036791276186704636,0.04213922470808029]",46,B4
0.0,7.234538770717336e-06,CC,C600,Q,,B,186.82254028320312,186.82254028320312,"[1,14,256]",0.0,"[1,14,256]",True,5,522.0879516601562,522.0879516601562,"[28,14,256]",0.0,"[28,14,256]",True,"[0.13946649432182312,0.008729303255677223,0.03756258264183998,0.163963183760643,0.06980833411216736,0.02144456095993519,0.0003235704789403826]",0.06304257363080978,"[0.05110730603337288,0.05141115561127663,0.0565139576792717,0.07841520756483078,0.07776524871587753]",0.07221289724111557,281.8650207519531,281.8650207519531,[81920],0.0,[81920],True,7,462.6482849121094,462.6482849121094,"[28,50,1024]",0.0,"[28,50,1024]",True,"[[[-0.13484345376491547,-0.02054460719227791,-0.01568816415965557,-0.2647087574005127,0.2895815074443817,-0.07928910106420517,1.006589651107788],[-0.1245453879237175,-0.021190566942095757,-0.005775628611445427,-0.26446080207824707,0.3284491300582886,-0.08116302639245987,1.012531042098999],[-0.1136665940284729,-0.023944903165102005,-0.0030519291758537292,-0.25548210740089417,0.34430158138275146,-0.0806322917342186,1.0137916803359985],[-0.10764915496110916,-0.02578592300415039,0.008761683478951454,-0.25297677516937256,0.35521090030670166,-0.08573608845472336,1.0133816003799438],[-0.07341665029525757,0.0011358149349689484,0.030467301607131958,-0.2518571615219116,0.3592722415924072,-0.0828995630145073,1.0133557319641113]]]","[0.05181979760527611,0.0017334461444988847,0.05663779377937317,0.037465211004018784,0.05635860189795494,0.0043018716387450695,0.00014964351430535316]",0.029780913144350052,"[0.019176822155714035,0.01827467978000641,0.023995494470000267,0.034508660435676575,0.05294889584183693]",28.92761625230128,0.0,36.555301520689866,0.0,4594143207052349333,46,1085.8499755859375,1085.8499755859375,"[1,28,256]",0.0,"[1,28,256]",True,49,0.25,38,libero_spatial,7,"[[[-0.3535718321800232,-0.09345841407775879,-0.2674422860145569,-0.3468034863471985,0.21580207347869873,-0.005311429500579834,0.9999990463256836],[-0.3250004053115845,-0.05919051170349121,-0.23546552658081055,-0.40067535638809204,0.2279599905014038,-0.012391090393066406,0.9999990463256836],[-0.33214324712753296,-0.028037965297698975,-0.22674459218978882,-0.4478132128715515,0.17324888706207275,-0.019470691680908203,0.9999990463256836],[-0.3285719156265259,0.012460470199584961,-0.20639574527740479,-0.5218870639801025,0.09422183036804199,-0.019470691680908203,0.9999990463256836],[-0.3464289903640747,0.02180635929107666,-0.23546552658081055,-0.4814831614494324,-0.051674485206604004,-0.02655029296875,0.9999990463256836]]]","[0.05306056886911392,0.0014472281327471137,0.09419406950473785,0.03610202670097351,0.015281328931450844,0.009153006598353386,0.00027243373915553093]",0.02993009425699711,"[0.018685508519411087,0.020539099350571632,0.026378490030765533,0.03513985872268677,0.04890752211213112]",48,B4
0.0,7.272818038472906e-05,CC,C600,Q,,B,186.82254028320312,186.82254028320312,"[1,14,256]",0.0,"[1,14,256]",True,5,522.0879516601562,522.0879516601562,"[28,14,256]",0.0,"[28,14,256]",True,"[0.014258414506912231,0.00012486860214266926,0.023869028314948082,0.001027979189530015,0.0486675463616848,0.006494379136711359,0.0049383374862372875]",0.014197221957147121,"[0.017103811725974083,0.014390086755156517,0.015128118917346,0.013220204971730709,0.011143891140818596]",0.05029008910059929,281.8650207519531,281.8650207519531,[81920],0.0,[81920],True,7,462.6482849121094,462.6482849121094,"[28,50,1024]",0.0,"[28,50,1024]",True,"[[[0.3385377526283264,0.7243509888648987,-0.2201654314994812,-0.2175019085407257,-0.755986750125885,-0.06348375976085663,1.0099023580551147],[0.3197181224822998,0.7160933017730713,-0.264313280582428,-0.2048695981502533,-0.7389072179794312,-0.06014356017112732,1.008611798286438],[0.3073996901512146,0.7079500555992126,-0.3122062087059021,-0.21740169823169708,-0.7098870277404785,-0.06390908360481262,1.0106347799301147],[0.27293258905410767,0.6938453316688538,-0.35781556367874146,-0.21204525232315063,-0.6895444989204407,-0.06228203326463699,1.0101999044418335],[0.2468695342540741,0.6921488046646118,-0.4079596996307373,-0.21868900954723358,-0.6704782843589783,-0.05743139609694481,1.0099834203720093]]]","[0.018365630879998207,0.0009271723101846874,0.00044265014003030956,0.0026012365706264973,0.19893670082092285,0.02703375183045864,9.78238313109614e-05]",0.03548642247915268,"[0.039007775485515594,0.04108821973204613,0.03534586727619171,0.031259119510650635,0.030731134116649628]",28.92761625230128,0.0,36.555301520689866,0.0,4843176701914511588,46,1085.8499755859375,1085.8499755859375,"[1,28,256]",0.0,"[1,28,256]",True,49,0.75,114,libero_spatial,7,"[[[0.503570556640625,0.7725847959518433,-0.21220970153808594,-0.2659956216812134,-0.27051883935928345,-0.1362847089767456,0.9999990463256836],[0.46071338653564453,0.7507778406143188,-0.2906981110572815,-0.2659956216812134,-0.24012374877929688,-0.17522269487380981,0.9999990463256836],[0.4249991178512573,0.732086181640625,-0.34011662006378174,-0.2659956216812134,-0.2583608031272888,-0.22478008270263672,0.9999990463256836],[0.3892848491668701,0.7133947610855103,-0.3837212324142456,-0.2659956216812134,-0.2887558937072754,-0.2637180685997009,0.9999990463256836],[0.37857067584991455,0.7040488719940186,-0.4098840355873108,-0.2592616677284241,-0.2887558937072754,-0.2814171314239502,0.9999990463256836]]]","[0.007291371468454599,0.00023203078308142722,0.034894298762083054,0.0034867729991674423,0.019960111007094383,0.0037640274967998266,0.0003398384142201394]",0.009995493106544018,"[0.009897613897919655,0.009214360266923904,0.010468127205967903,0.0111160883679986,0.009281277656555176]",48,B4
0.0,5.775813770014793e-05,CC,C600,Q,,A,233.7713623046875,233.7713623046875,"[1,11,256]",0.0,"[1,11,256]",True,14,488.3363342285156,488.3363342285156,"[25,11,256]",0.0,"[25,11,256]",True,"[0.05789944529533386,0.005286174360662699,0.011604231782257557,0.00291319633834064,0.3548385202884674,0.0067606279626488686,0.0004476092872209847]",0.0628214031457901,"[0.07931655645370483,0.08170949667692184,0.061146266758441925,0.038437820971012115,0.05349688231945038]",0.0533103346824646,281.9505920410156,281.9505920410156,[81920],0.0,[81920],True,12,436.6031188964844,436.6031188964844,"[25,50,1024]",0.0,"[25,50,1024]",True,"[[[-0.2622484862804413,0.11857198178768158,-0.5988664627075195,-0.26097777485847473,-0.2570306062698364,-0.01914854347705841,-0.9970062375068665],[-0.290351927280426,0.1144459992647171,-0.6177447438240051,-0.2710990309715271,-0.2498938888311386,-0.02918964996933937,-1.0074955224990845],[-0.32495546340942383,0.05837464705109596,-0.668823778629303,-0.2538226544857025,-0.24521444737911224,-0.031655557453632355,-1.0134540796279907],[-0.32661569118499756,0.0343061164021492,-0.709685742855072,-0.23834651708602905,-0.21871992945671082,-0.042477868497371674,-1.0147287845611572],[-0.29875439405441284,-0.008551537990570068,-0.7437068223953247,-0.24480456113815308,-0.16112445294857025,-0.04160962253808975,-1.0013914108276367]]]","[0.016207410022616386,0.0038208812475204468,0.0053444006480276585,0.0002825877454597503,0.10025495290756226,0.00010324961476726457,9.300617239205167e-05]",0.018015213310718536,"[0.020501751452684402,0.02276458404958248,0.015524881891906261,0.010741714388132095,0.020543133839964867]",29.995989412209983,0.0,46.47910403814826,0.0,5545119331277237353,48,968.1892700195312,968.1892700195312,"[1,25,256]",0.0,"[1,25,256]",True,47,0.25,32,libero_object,2,"[[[-0.1285719871520996,0.04361319541931152,-0.6831396818161011,-0.2659956216812134,-0.5927063226699829,-0.03363001346588135,-1.0],[-0.1285719871520996,0.02180635929107666,-0.7005815505981445,-0.2659956216812134,-0.5927063226699829,-0.040709614753723145,-1.0],[-0.16071486473083496,0.02180635929107666,-0.7034885287284851,-0.2659956216812134,-0.525837242603302,-0.040709614753723145,-1.0],[-0.22857189178466797,0.02180635929107666,-0.6831396818161011,-0.2659956216812134,-0.47112613916397095,-0.037169814109802246,-1.0],[-0.2785719037055969,0.049843668937683105,-0.6395350694656372,-0.2659956216812134,-0.5197582244873047,-0.03363001346588135,-1.0]]]","[0.08836241066455841,0.002373256254941225,0.001662496360950172,0.002382733393460512,0.13277830183506012,0.003477188292890787,0.09716085344552994]",0.04688531905412674,"[0.04355567321181297,0.04790647700428963,0.04916619136929512,0.04185989871621132,0.05193835869431496]",46,B4
0.0,0.00010461379133630544,CC,C600,Q,,A,233.7713623046875,233.7713623046875,"[1,11,256]",0.0,"[1,11,256]",True,14,488.3363342285156,488.3363342285156,"[25,11,256]",0.0,"[25,11,256]",True,"[0.017074454575777054,0.0010634020436555147,0.018205849453806877,0.0012507701758295298,0.00048680510371923447,0.015622842125594616,0.00048402510583400726]",0.007741163484752178,"[0.007221889682114124,0.005573061760514975,0.005966573022305965,0.009441842325031757,0.01050245389342308]",0.06449614465236664,281.9505920410156,281.9505920410156,[81920],0.0,[81920],True,12,436.6031188964844,436.6031188964844,"[25,50,1024]",0.0,"[25,50,1024]",True,"[[[-0.29202836751937866,0.906800389289856,-0.1815704107284546,-0.26018691062927246,-0.07918994873762131,-0.02288467437028885,1.0101048946380615],[-0.3050425350666046,0.8623072504997253,-0.25637808442115784,-0.26084890961647034,-0.07544289529323578,-0.02244664914906025,1.0192033052444458],[-0.32851719856262207,0.8274078965187073,-0.294180303812027,-0.2583492398262024,-0.05884905159473419,-0.02228146232664585,1.0236496925354004],[-0.3163696527481079,0.777706503868103,-0.33380332589149475,-0.2482747584581375,-0.08887608349323273,-0.022047914564609528,1.0186572074890137],[-0.31141918897628784,0.7235357761383057,-0.3906243145465851,-0.23867392539978027,-0.07316569238901138,-0.037176527082920074,1.0173484086990356]]]","[0.004221234004944563,0.001745880232192576,0.0025625566486269236,0.00023584019800182432,0.0030437626410275698,0.015687627717852592,0.00033588241785764694]",0.003976111765950918,"[0.00443850364536047,0.003134469036012888,0.003569522174075246,0.004132571164518595,0.004605494439601898]",29.995989412209983,0.0,46.47910403814826,0.0,6063945589377718727,48,968.1892700195312,968.1892700195312,"[1,25,256]",0.0,"[1,25,256]",True,47,0.75,95,libero_object,2,"[[[-0.30357182025909424,0.8348900079727173,-0.2790701985359192,-0.2659956216812134,-0.1428595781326294,-0.1327449083328247,0.9999990463256836],[-0.2678576111793518,0.819313645362854,-0.3052329421043396,-0.2659956216812134,-0.13678061962127686,-0.1327449083328247,0.9999990463256836],[-0.25357192754745483,0.8037372827529907,-0.32267481088638306,-0.2659956216812134,-0.11854356527328491,-0.1398245096206665,0.9999990463256836],[-0.23571473360061646,0.7663540840148926,-0.33720964193344116,-0.2659956216812134,-0.13678061962127686,-0.16106337308883667,0.9999990463256836],[-0.2250005006790161,0.6915878057479858,-0.3808143138885498,-0.2659956216812134,-0.11246448755264282,-0.1823022961616516,0.9999990463256836]]]","[0.028735091909766197,0.0006737498915754259,0.0043648043647408485,0.0010636632796376944,0.0009779055835679173,0.012861085124313831,0.0003350538609083742]",0.00700162211433053,"[0.011211237870156765,0.005440345965325832,0.0050686076283454895,0.00664495350793004,0.006642966531217098]",46,B4
0.0,0.04974857717752457,CC,C600,Q,,B,231.66357421875,231.66357421875,"[1,11,256]",0.0,"[1,11,256]",True,14,503.1490783691406,503.1490783691406,"[27,11,256]",0.0,"[27,11,256]",True,"[0.02085539512336254,0.026528632268309593,0.0023933076299726963,0.005042913369834423,0.008275037631392479,0.008851486258208752,0.06738082319498062]",0.019903942942619324,"[0.017562253400683403,0.011254487559199333,0.021348128095269203,0.02532980591058731,0.024025041610002518]",0.028620203956961632,281.9524841308594,281.9524841308594,[81920],0.0,[81920],True,12,454.33050537109375,454.33050537109375,"[27,50,1024]",0.0,"[27,50,1024]",True,"[[[0.1344037801027298,-0.2222874015569687,-0.19614771008491516,-0.23132528364658356,0.08904611319303513,-0.1612865924835205,-0.9990732669830322],[0.12353245168924332,-0.21080796420574188,-0.21873241662979126,-0.22736023366451263,0.09913474321365356,-0.15439152717590332,-1.0064809322357178],[0.040171556174755096,-0.15646050870418549,-0.2753458023071289,-0.2377108633518219,0.04574808478355408,-0.12326034158468246,-1.0032665729522705],[-0.03596697747707367,-0.09442412853240967,-0.34310853481292725,-0.24316202104091644,0.010140746831893921,-0.09676508605480194,-1.0036975145339966],[-0.07344810664653778,-0.0645160973072052,-0.39669686555862427,-0.25403910875320435,-0.028719039633870125,-0.06953788548707962,-0.9981590509414673]]]","[0.36859598755836487,0.0625380352139473,0.22069425880908966,0.0035178528632968664,0.029942670837044716,0.007650058250874281,1.4118503713689279e-05]",0.09899327903985977,"[0.08740700781345367,0.11727704107761383,0.11718691885471344,0.09484598785638809,0.07824946939945221]",30.042581307979777,0.0,47.02653263107201,0.0,1288635900652328787,46,1005.263671875,1005.263671875,"[1,27,256]",0.0,"[1,27,256]",True,49,0.25,33,libero_object,2,"[[[-0.2500004768371582,0.10280311107635498,-0.7209303975105286,-0.3400694727897644,-0.14893865585327148,-0.040709614753723145,-1.0],[-0.4857146143913269,0.1152641773223877,-0.7441861629486084,-0.29293161630630493,-0.12462258338928223,-0.040709614753723145,-1.0],[-0.6535716652870178,0.0872267484664917,-0.7703490257263184,-0.2659956216812134,-0.11854356527328491,-0.040709614753723145,-1.0],[-0.703571617603302,0.059189438819885254,-0.767441987991333,-0.2659956216812134,-0.09422749280929565,-0.040709614753723145,-1.0],[-0.703571617603302,0.06853532791137695,-0.7529071569442749,-0.2659956216812134,-0.10030657052993774,-0.040709614753723145,-1.0]]]","[0.02288159169256687,0.02146129682660103,0.0026089155580848455,0.003956738393753767,0.006439985241740942,0.006818511988967657,0.08126696199178696]",0.020776284858584404,"[0.015582174994051456,0.010720656253397465,0.02187686413526535,0.027857990935444832,0.027843749150633812]",48,B4
0.0,1.777048601070419e-05,CC,C600,Q,,B,231.66357421875,231.66357421875,"[1,11,256]",0.0,"[1,11,256]",True,14,503.1490783691406,503.1490783691406,"[27,11,256]",0.0,"[27,11,256]",True,"[0.6333341002464294,0.8823820352554321,0.2841579020023346,0.2445790320634842,0.46776095032691956,0.6084465384483337,0.015532559715211391]",0.4480275809764862,"[0.4331129789352417,0.6141992807388306,0.6001638174057007,0.4756138324737549,0.1170482337474823]",0.37727469205856323,281.9524841308594,281.9524841308594,[81920],0.0,[81920],True,12,454.33050537109375,454.33050537109375,"[27,50,1024]",0.0,"[27,50,1024]",True,"[[[-0.39246630668640137,0.08472997695207596,-0.8391136527061462,-0.029313920065760612,-0.06571023911237717,-0.059639208018779755,1.0059846639633179],[-0.4093848466873169,0.06293945759534836,-0.8354146480560303,-0.03109588474035263,-0.07735206186771393,-0.04345029592514038,1.005657434463501],[-0.4574443995952606,0.027107954025268555,-0.8245941996574402,-0.0516953319311142,-0.059682540595531464,-0.05249461531639099,1.0080543756484985],[-0.46609658002853394,0.02547009289264679,-0.8185832500457764,-0.09644671529531479,-0.05185498297214508,-0.050560113042593,1.00883948802948],[-0.4371758699417114,0.05827394127845764,-0.8096211552619934,-0.14921768009662628,-0.06298604607582092,-0.04179909825325012,1.0047273635864258]]]","[0.008439517579972744,0.1654212325811386,0.0685519129037857,0.03391924500465393,0.00018455414101481438,0.02549850381910801,4.664874359150417e-05]",0.04315165802836418,"[0.09021783620119095,0.0643342137336731,0.036140572279691696,0.014342059381306171,0.010723614133894444]",30.042581307979777,0.0,47.02653263107201,0.0,8916442828729476527,46,1005.263671875,1005.263671875,"[1,27,256]",0.0,"[1,27,256]",True,49,0.75,99,libero_object,2,"[[[-0.22142904996871948,0.6947031021118164,-0.42441892623901367,-0.2659956216812134,-0.0820695161819458,-0.015930891036987305,0.9999990463256836],[-0.3428575396537781,0.5856688022613525,-0.5000002980232239,-0.2659956216812134,-0.06991147994995117,0.026546835899353027,0.9999990463256836],[-0.45357179641723633,0.3987530469894409,-0.6046513319015503,-0.2659956216812134,-0.06991147994995117,0.09026360511779785,0.9999990463256836],[-0.5035717487335205,0.21495270729064941,-0.7238373756408691,-0.20538973808288574,-0.06991147994995117,0.15398037433624268,0.9999990463256836],[-0.5214288830757141,0.1464167833328247,-0.7790699005126953,-0.12458193302154541,-0.07599043846130371,0.1999979019165039,0.9999990463256836]]]","[0.009884843602776527,0.10646329075098038,0.05976217985153198,0.03589465096592903,0.01136030163615942,0.04142148420214653,0.005610519554466009]",0.03862817957997322,"[0.07174130529165268,0.053206246346235275,0.030602606013417244,0.021668734028935432,0.015922021120786667]",48,B4
0.0,6.847470649518073e-05,CC,C600,Q,,A,224.29591369628906,224.29591369628906,"[1,10,256]",0.0,"[1,10,256]",True,12,618.6488037109375,618.6488037109375,"[51,10,256]",0.0,"[51,10,256]",True,"[0.014352439902722836,0.026409361511468887,0.014156249351799488,0.0005404839757829905,0.02945759892463684,0.015462546609342098,0.0038538374938070774]",0.014890358783304691,"[0.02382805570960045,0.012726535089313984,0.008470199070870876,0.00924649741500616,0.020180512219667435]",0.10376163572072983,281.8940734863281,281.8940734863281,[81920],0.0,[81920],True,14,623.6220092773438,623.6220092773438,"[51,50,1024]",0.0,"[51,50,1024]",True,"[[[-0.15485820174217224,0.047771111130714417,-0.48910093307495117,-0.27384069561958313,-0.08636150509119034,-0.13542114198207855,-1.010000467300415],[-0.17844608426094055,0.04518595337867737,-0.5225507616996765,-0.267922043800354,-0.09087216854095459,-0.12847882509231567,-1.009880542755127],[-0.19240543246269226,0.03615875914692879,-0.5522563457489014,-0.2831895351409912,-0.09080693125724792,-0.11713369935750961,-1.0227304697036743],[-0.19125427305698395,0.025275588035583496,-0.5972829461097717,-0.27908408641815186,-0.08054476976394653,-0.09245238453149796,-1.0081876516342163],[-0.18037356436252594,-0.008529692888259888,-0.6549330353736877,-0.2720658481121063,-0.08555250614881516,-0.08869887888431549,-1.0136009454727173]]]","[0.011348172090947628,0.015918614342808723,0.012622562237083912,0.0001138085062848404,0.0003008564526680857,0.005498926620930433,0.0001932664163177833]",0.006570886820554733,"[0.008298897184431553,0.004714373033493757,0.0032894948963075876,0.006259396206587553,0.01029227115213871]",29.568807900774637,0.0,49.36677169913336,0.0,6673264783416593914,48,1401.83837890625,1401.83837890625,"[1,51,256]",0.0,"[1,51,256]",True,47,0.25,40,libero_object,4,"[[[-0.1285719871520996,-0.16199421882629395,-0.5523258447647095,-0.2659956216812134,-0.06991147994995117,-0.040709614753723145,-1.0],[-0.17142915725708008,-0.08099734783172607,-0.6162792444229126,-0.2659956216812134,-0.06991147994995117,-0.040709614753723145,-1.0],[-0.22857189178466797,0.0031147003173828125,-0.668604850769043,-0.2659956216812134,-0.06991147994995117,-0.040709614753723145,-1.0],[-0.3357146978378296,0.02180635929107666,-0.738372266292572,-0.2659956216812134,-0.06991147994995117,-0.040709614753723145,-1.0],[-0.3642861247062683,0.1277252435684204,-0.7848838567733765,-0.2659956216812134,-0.06991147994995117,-0.040709614753723145,-1.0]]]","[0.023150956258177757,0.009965435601770878,0.009550905786454678,0.0006113289855420589,0.030954375863075256,0.0010745975887402892,0.0020389165729284286]",0.011049502529203892,"[0.014157518744468689,0.01047886349260807,0.010487456806004047,0.008563640527427197,0.01156003400683403]",46,B4
0.0,0.00018941967573482543,CC,C600,Q,,A,224.29591369628906,224.29591369628906,"[1,10,256]",0.0,"[1,10,256]",True,12,618.6488037109375,618.6488037109375,"[51,10,256]",0.0,"[51,10,256]",True,"[0.12483922392129898,0.05716188624501228,0.008636831305921078,0.0005144022288732231,0.0007903110235929489,0.000578607723582536,0.006295149680227041]",0.02840234339237213,"[0.019131086766719818,0.01986299827694893,0.024666255339980125,0.033757392317056656,0.04459399729967117]",0.03434981405735016,281.8940734863281,281.8940734863281,[81920],0.0,[81920],True,14,623.6220092773438,623.6220092773438,"[51,50,1024]",0.0,"[51,50,1024]",True,"[[[-0.31058627367019653,0.7797716856002808,-0.15632958710193634,-0.3071315586566925,-0.7568691372871399,-0.014980345964431763,1.011031150817871],[-0.31049689650535583,0.7850184440612793,-0.1786898374557495,-0.350469708442688,-0.7809770107269287,-0.005105607211589813,1.0106199979782104],[-0.29538798332214355,0.7750126123428345,-0.25676700472831726,-0.3910486400127411,-0.7491530776023865,-0.012835152447223663,1.0083199739456177],[-0.26658257842063904,0.7756226062774658,-0.30435240268707275,-0.39490658044815063,-0.744428813457489,-0.015548016875982285,1.0076355934143066],[-0.2353123277425766,0.758750855922699,-0.37308961153030396,-0.37053102254867554,-0.7615652680397034,-0.02280520275235176,1.0184844732284546]]]","[0.20973587036132812,0.045001860707998276,0.008320442400872707,0.015263557434082031,0.20907416939735413,0.0012731035239994526,0.00014075553917791694]",0.06982997059822083,"[0.06483368575572968,0.07068349421024323,0.06843391805887222,0.06830091774463654,0.07689782977104187]",29.568807900774637,0.0,49.36677169913336,0.0,4112929797682724988,48,1401.83837890625,1401.83837890625,"[1,51,256]",0.0,"[1,51,256]",True,47,0.75,121,libero_object,4,"[[[0.10357069969177246,0.9906531572341919,-0.1133725643157959,-0.20538973808288574,-0.2826768159866333,-0.040709614753723145,0.9999990463256836],[0.13214218616485596,0.9906531572341919,-0.13953536748886108,-0.2188577651977539,-0.29483485221862793,-0.040709614753723145,0.9999990463256836],[0.17142772674560547,0.9906531572341919,-0.16860508918762207,-0.24579370021820068,-0.3191508650779724,-0.040709614753723145,0.9999990463256836],[0.21428489685058594,0.9844224452972412,-0.20930272340774536,-0.2659956216812134,-0.3252299427986145,-0.05840873718261719,0.9999990463256836],[0.2464277744293213,0.9781920909881592,-0.22674459218978882,-0.2659956216812134,-0.2887558937072754,-0.06548833847045898,0.9999990463256836]]]","[0.08442182093858719,0.05151432752609253,0.0008990061469376087,0.0003962460614275187,0.003954176325351,0.0003241240046918392,0.0011267478112131357]",0.02037663385272026,"[0.014110585674643517,0.014017333276569843,0.019108934327960014,0.025935884565114975,0.028710443526506424]",46,B4
0.0,4.545543197309598e-05,CC,C600,Q,,B,225.5924072265625,225.5924072265625,"[1,10,256]",0.0,"[1,10,256]",True,12,473.06170654296875,473.06170654296875,"[30,10,256]",0.0,"[30,10,256]",True,"[0.20517070591449738,0.00952924881130457,0.0678241103887558,0.001625350909307599,0.020453842356801033,0.022272933274507523,0.007943320088088512]",0.04783136025071144,"[0.021713826805353165,0.02559104934334755,0.02794642187654972,0.06271339952945709,0.10119212418794632]",0.13024982810020447,281.9178771972656,281.9178771972656,[81920],0.0,[81920],True,14,477.9714050292969,477.9714050292969,"[30,50,1024]",0.0,"[30,50,1024]",True,"[[[-0.2774662673473358,0.014838725328445435,-0.7083736658096313,-0.25175344944000244,-0.16607214510440826,-0.013475224375724792,-1.0037815570831299],[-0.3519483804702759,0.0006119683384895325,-0.7138758301734924,-0.2641165256500244,-0.1761731505393982,-0.014460302889347076,-1.0078399181365967],[-0.3735540807247162,-0.012114232406020164,-0.7144194841384888,-0.25972694158554077,-0.1879604160785675,-0.015230869874358177,-1.0105347633361816],[-0.38513195514678955,-0.023490577936172485,-0.7164393067359924,-0.26975303888320923,-0.1904168725013733,-0.013449260964989662,-1.0195239782333374],[-0.41098082065582275,-0.03003733605146408,-0.7032163739204407,-0.2807629704475403,-0.20069900155067444,-0.01713598519563675,-1.0256236791610718]]]","[0.12039220333099365,0.0012739136582240462,0.025578951463103294,9.557191515341401e-05,0.02630150131881237,0.0009973396081477404,0.0002449008752591908]",0.0249834805727005,"[0.010926173999905586,0.014717301353812218,0.018770292401313782,0.03423251211643219,0.046271130442619324]",30.32617498827631,0.0,52.32664744193838,0.0,6941690631084841007,46,1088.2718505859375,1088.2718505859375,"[1,30,256]",0.0,"[1,30,256]",True,49,0.25,39,libero_object,4,"[[[-0.38571470975875854,0.009345293045043945,-0.8895349502563477,-0.2659956216812134,-0.33738791942596436,-0.061948537826538086,-1.0],[-0.5285717248916626,0.02180635929107666,-0.9098837971687317,-0.2659956216812134,-0.3556249737739563,-0.040709614753723145,-1.0],[-0.6428573727607727,0.02180635929107666,-0.8953489065170288,-0.2659956216812134,-0.34346693754196167,-0.040709614753723145,-1.0],[-0.8321429491043091,0.02180635929107666,-0.8459303379058838,-0.2659956216812134,-0.33130890130996704,-0.040709614753723145,-1.0],[-0.9464285969734192,0.02180635929107666,-0.7877907752990723,-0.2659956216812134,-0.3617039918899536,-0.040709614753723145,-1.0]]]","[0.10950034111738205,0.0008703827043063939,0.06964283436536789,0.0018404361326247454,0.0009790838230401278,0.0006951230461709201,0.0009056880371645093]",0.026347696781158447,"[0.013903765007853508,0.017910148948431015,0.02335359901189804,0.03161971643567085,0.044951263815164566]",48,B4
0.0,0.00010825575736816972,CC,C600,Q,,B,225.5924072265625,225.5924072265625,"[1,10,256]",0.0,"[1,10,256]",True,12,473.06170654296875,473.06170654296875,"[30,10,256]",0.0,"[30,10,256]",True,"[0.0060484097339212894,0.1258746236562729,0.02697627618908882,0.014202008955180645,0.015394195914268494,0.015512853860855103,0.005724230315536261]",0.02996179647743702,"[0.04372545704245567,0.04016675055027008,0.027495333924889565,0.01866105943918228,0.019760405644774437]",0.05770822614431381,281.9178771972656,281.9178771972656,[81920],0.0,[81920],True,14,477.9714050292969,477.9714050292969,"[30,50,1024]",0.0,"[30,50,1024]",True,"[[[-0.09445995092391968,0.6995852589607239,-0.22471553087234497,-0.28197646141052246,-0.60121750831604,-0.02925388514995575,1.0088528394699097],[-0.13423997163772583,0.6473458409309387,-0.3000301718711853,-0.26604896783828735,-0.6320708990097046,-0.03116418421268463,1.0084089040756226],[-0.1997411996126175,0.5494417548179626,-0.4502435028553009,-0.24611419439315796,-0.6664884090423584,-0.03816556930541992,1.0014512538909912],[-0.20745976269245148,0.4453057646751404,-0.5558765530586243,-0.22291187942028046,-0.6345540285110474,-0.05468807369470596,1.0020830631256104],[-0.19701528549194336,0.3488509953022003,-0.6356871128082275,-0.20942732691764832,-0.6090744137763977,-0.0566609725356102,1.0028048753738403]]]","[0.010234775952994823,0.0870494693517685,0.01662251353263855,0.014197148382663727,0.32088416814804077,0.00013573285832535475,3.268801447120495e-05]",0.06416521221399307,"[0.05217380449175835,0.05888880416750908,0.07146518677473068,0.06788402795791626,0.07041424512863159]",30.32617498827631,0.0,52.32664744193838,0.0,7799883917981918442,46,1088.2718505859375,1088.2718505859375,"[1,30,256]",0.0,"[1,30,256]",True,49,0.75,116,libero_object,4,"[[[-6.556510925292969e-07,0.9563851356506348,-0.13953536748886108,-0.30639952421188354,-0.06991147994995117,-0.040709614753723145,0.9999990463256836],[-0.02857208251953125,0.9190021753311157,-0.23255854845046997,-0.3468034863471985,-0.06991147994995117,-0.040709614753723145,0.9999990463256836],[-0.0750005841255188,0.8504661321640015,-0.302325963973999,-0.3737393617630005,-0.06991147994995117,-0.040709614753723145,0.9999990463256836],[-0.11428624391555786,0.7445472478866577,-0.4098840355873108,-0.3737393617630005,-0.05775344371795654,-0.040709614753723145,0.9999990463256836],[-0.11428624391555786,0.6884726285934448,-0.46802353858947754,-0.3670054078102112,-0.04559546709060669,-0.040709614753723145,0.9999990463256836]]]","[0.003506253706291318,0.104716457426548,0.01898106001317501,0.013034186325967312,0.011703353375196457,0.01373569667339325,0.0023130227345973253]",0.023998575285077095,"[0.03535028547048569,0.03312572091817856,0.021737657487392426,0.014763539656996727,0.015015682205557823]",48,B4
0.0,0.00019232853082939982,CC,C600,Q,,A,140.04002380371094,140.04002380371094,"[1,7,256]",0.0,"[1,7,256]",True,25,371.2092590332031,371.2092590332031,"[26,7,256]",0.0,"[26,7,256]",True,"[0.15153653919696808,0.03046462871134281,0.037764500826597214,0.06691309809684753,0.022812454029917717,0.05945940688252449,0.0015120025491341949]",0.05292322859168053,"[0.05962961167097092,0.053448136895895004,0.05585983395576477,0.04309005290269852,0.05258852615952492]",0.05242784693837166,281.96990966796875,281.96990966796875,[81920],0.0,[81920],True,20,443.17987060546875,443.17987060546875,"[26,50,1024]",0.0,"[26,50,1024]",True,"[[[-0.3116072118282318,-0.15995199978351593,-0.3891335725784302,-0.9842890501022339,0.7454089522361755,0.9433512687683105,-1.0045841932296753],[-0.30204683542251587,-0.17139306664466858,-0.42812520265579224,-1.0452286005020142,0.7437716722488403,0.92111736536026,-1.009576678276062],[-0.2851027250289917,-0.19578315317630768,-0.4681148827075958,-1.0872749090194702,0.7557121515274048,0.9063403606414795,-1.0072224140167236],[-0.2621955871582031,-0.19997651875019073,-0.4887884259223938,-1.1201832294464111,0.8089919090270996,0.8861392140388489,-1.011883020401001],[-0.23104603588581085,-0.20744727551937103,-0.507244884967804,-1.14833664894104,0.8993459343910217,0.8656442761421204,-1.0177441835403442]]]","[0.12349134683609009,0.043890438973903656,0.05024528130888939,0.04663081467151642,0.04205763339996338,0.026802053675055504,0.00012419061386026442]",0.0476059652864933,"[0.03637559711933136,0.04145698621869087,0.050251614302396774,0.05374749004840851,0.05619814991950989]",33.940321430927646,0.0,37.41176932990526,0.0,3228420230932740579,48,892.8436889648438,892.8436889648438,"[1,26,256]",0.0,"[1,26,256]",True,47,0.25,31,libero_goal,0,"[[[0.07499933242797852,0.02180635929107666,-0.2034887671470642,-0.8922562599182129,0.7629129886627197,0.7734483480453491,-1.0],[0.07499933242797852,0.02180635929107666,-0.2151166796684265,-0.8855222463607788,0.8601770401000977,0.7592891454696655,-1.0],[0.07499933242797852,0.02180635929107666,-0.2296515703201294,-0.8720543384552002,0.9635201692581177,0.738050103187561,-1.0],[0.06785643100738525,0.02180635929107666,-0.2500004172325134,-0.8653203248977661,1.0729424953460693,0.7238909006118774,-1.0],[0.0642850399017334,0.02180635929107666,-0.2674422860145569,-0.8518523573875427,1.188443660736084,0.7097315788269043,-1.0]]]","[0.018868280574679375,0.012341507710516453,0.00842638686299324,0.0009308175067417324,0.07524669915437698,0.030005747452378273,0.0002667554363142699]",0.020869456231594086,"[0.009249143302440643,0.011052502319216728,0.020945711061358452,0.02135477028787136,0.04174515977501869]",46,B4
0.0,0.00014498918608296663,CC,C600,Q,,A,140.04002380371094,140.04002380371094,"[1,7,256]",0.0,"[1,7,256]",True,25,371.2092590332031,371.2092590332031,"[26,7,256]",0.0,"[26,7,256]",True,"[0.029678935185074806,0.01922953687608242,0.038393206894397736,0.05667446181178093,0.0005771602154709399,0.0059542530216276646,0.00041369241080246866]",0.021560179069638252,"[0.018660012632608414,0.01641744375228882,0.01619063876569271,0.02034490369260311,0.036187898367643356]",0.06773574650287628,281.96990966796875,281.96990966796875,[81920],0.0,[81920],True,20,443.17987060546875,443.17987060546875,"[26,50,1024]",0.0,"[26,50,1024]",True,"[[[-0.14782357215881348,0.6307148337364197,-0.6850835680961609,0.47304433584213257,-0.030922215431928635,-0.2170523852109909,-1.0195565223693848],[-0.18231043219566345,0.8699412941932678,-0.7516433596611023,0.2838694751262665,-0.03742329776287079,-0.17030952870845795,-1.017183542251587],[-0.2106349617242813,1.0400480031967163,-0.808078408241272,0.11500699073076248,-0.04939074069261551,-0.15097732841968536,-1.022254228591919],[-0.21765613555908203,1.1577389240264893,-0.8412097096443176,-0.008499428629875183,-0.06064605712890625,-0.1348240226507187,-1.026715636253357],[-0.218009352684021,1.2197712659835815,-0.855847954750061,-0.10401979088783264,-0.05224904045462608,-0.1287030577659607,-1.032130241394043]]]","[0.1216239482164383,0.027456028386950493,0.06471787393093109,0.24526765942573547,0.0006789111066609621,0.015330448746681213,0.0005838120705448091]",0.06795123964548111,"[0.11462841182947159,0.07596169412136078,0.05188431963324547,0.04860977828502655,0.04867199808359146]",33.940321430927646,0.0,37.41176932990526,0.0,166261170614490845,48,892.8436889648438,892.8436889648438,"[1,26,256]",0.0,"[1,26,256]",True,47,0.75,94,libero_goal,0,"[[[-0.46071457862854004,0.5763231515884399,-1.034883737564087,-0.2659956216812134,-0.06991147994995117,-0.040709614753723145,-1.0],[-0.5071431398391724,0.7102794647216797,-1.034883737564087,-0.2659956216812134,-0.06991147994995117,-0.040709614753723145,-1.0],[-0.5500003099441528,0.8442357778549194,-1.034883737564087,-0.2659956216812134,-0.06991147994995117,-0.040709614753723145,-1.0],[-0.5892859697341919,0.9563851356506348,-1.034883737564087,-0.3468034863471985,-0.06991147994995117,-0.040709614753723145,-1.0],[-0.6071431040763855,1.0467278957366943,-1.034883737564087,-0.4478132128715515,-0.06991147994995117,-0.040709614753723145,-1.0]]]","[0.0075351945124566555,0.023585377261042595,0.07522273063659668,0.005003535654395819,7.90916892583482e-05,0.023485813289880753,0.0005019004456698895]",0.01934480480849743,"[0.01178898848593235,0.014380455948412418,0.01816887967288494,0.020592428743839264,0.03179328143596649]",46,B4
0.0,0.00011489674943732098,CC,C600,Q,,B,144.05270385742188,144.05270385742188,"[1,7,256]",0.0,"[1,7,256]",True,25,406.9071350097656,406.9071350097656,"[30,7,256]",0.0,"[30,7,256]",True,"[0.24741099774837494,0.004143442027270794,0.034587156027555466,0.203517347574234,0.24648582935333252,0.1270802617073059,0.00022846584033686668]",0.12335050106048584,"[0.11612886190414429,0.1239919438958168,0.11676768958568573,0.13626471161842346,0.12359929829835892]",0.07875791937112808,281.96136474609375,281.96136474609375,[81920],0.0,[81920],True,20,479.2974548339844,479.2974548339844,"[30,50,1024]",0.0,"[30,50,1024]",True,"[[[0.08445511758327484,-0.0975491851568222,-0.1683516800403595,-0.7476977705955505,0.9646230936050415,0.591925859451294,-1.01174795627594],[-0.0006733331829309464,-0.09324532002210617,-0.1893729865550995,-0.7218171954154968,1.0540497303009033,0.6147645115852356,-1.005357027053833],[-0.05290767550468445,-0.09247146546840668,-0.20668597519397736,-0.6850865483283997,1.1562004089355469,0.6349290013313293,-1.0116157531738281],[-0.07510797679424286,-0.0897374376654625,-0.21652033925056458,-0.6504359841346741,1.2308818101882935,0.6412321329116821,-1.0033621788024902],[-0.09733603894710541,-0.0926622673869133,-0.22951728105545044,-0.627686619758606,1.2856637239456177,0.6413444876670837,-1.012178659439087]]]","[0.1677260845899582,0.006294577848166227,0.0035796072334051132,0.3151187002658844,0.4247673451900482,0.01288722362369299,9.225238318322226e-05]",0.1329236775636673,"[0.07741985470056534,0.1072486862540245,0.1381443738937378,0.16374658048152924,0.1780589520931244]",33.81792744848974,0.0,37.77804434237807,0.0,1347094762221098555,46,947.9620361328125,947.9620361328125,"[1,30,256]",0.0,"[1,30,256]",True,49,0.25,32,libero_goal,0,"[[[0.3857133388519287,-0.031153202056884766,-0.14534932374954224,-1.2087535858154297,0.4893573522567749,0.5044221878051758,-1.0],[0.3857133388519287,-0.021807432174682617,-0.14534932374954224,-1.2289555072784424,0.48327839374542236,0.5079621076583862,-1.0],[0.37857067584991455,-0.012461602687835693,-0.14534932374954224,-1.242423415184021,0.4893573522567749,0.5115017890930176,-1.0],[0.37499916553497314,-0.006231069564819336,-0.14534932374954224,-1.2626254558563232,0.49543654918670654,0.515041708946228,-1.0],[0.3607133626937866,-5.364418029785156e-07,-0.1482563018798828,-1.2760933637619019,0.5197525024414062,0.5221213102340698,-1.0]]]","[0.13314007222652435,0.002880193991586566,0.01438844669610262,0.05186215788125992,0.04308893159031868,0.13631092011928558,0.00012621445057448]",0.0545424148440361,"[0.05562559515237808,0.05836286023259163,0.05132763087749481,0.05526413023471832,0.05213186889886856]",48,B4
0.0,0.00018902153533417732,CC,C600,Q,,B,144.05270385742188,144.05270385742188,"[1,7,256]",0.0,"[1,7,256]",True,25,406.9071350097656,406.9071350097656,"[30,7,256]",0.0,"[30,7,256]",True,"[0.12398233264684677,0.9113926887512207,0.13477014005184174,0.034983862191438675,0.0174212995916605,0.04270845651626587,0.0009730776655487716]",0.1808902621269226,"[0.1826486736536026,0.17983999848365784,0.19575758278369904,0.171637624502182,0.17456750571727753]",0.05133851245045662,281.96136474609375,281.96136474609375,[81920],0.0,[81920],True,20,479.2974548339844,479.2974548339844,"[30,50,1024]",0.0,"[30,50,1024]",True,"[[[-0.5826621055603027,-0.742583155632019,-0.3964454233646393,0.35692623257637024,0.25211066007614136,-0.2648044526576996,-1.0103213787078857],[-0.6332640051841736,-0.7078474164009094,-0.43579986691474915,0.32950302958488464,0.34820201992988586,-0.23686861991882324,-1.0146324634552002],[-0.6679491400718689,-0.6778227090835571,-0.4871640205383301,0.30727827548980713,0.3786199688911438,-0.2195764034986496,-1.013383150100708],[-0.7011364698410034,-0.6053787469863892,-0.5633341073989868,0.27085864543914795,0.41472581028938293,-0.18274174630641937,-1.0132436752319336],[-0.6937152743339539,-0.5384798049926758,-0.6787196397781372,0.23819516599178314,0.3888857066631317,-0.1470746099948883,-1.0103759765625]]]","[0.27049049735069275,1.3121689558029175,0.21698109805583954,0.05377665162086487,0.1674940437078476,0.002766361692920327,0.00015656088362447917]",0.2891191840171814,"[0.25043269991874695,0.28406429290771484,0.3128817081451416,0.3031556308269501,0.29506152868270874]",33.81792744848974,0.0,37.77804434237807,0.0,8043149644140822759,46,947.9620361328125,947.9620361328125,"[1,30,256]",0.0,"[1,30,256]",True,49,0.75,95,libero_goal,0,"[[[-0.1285719871520996,0.30841052532196045,-1.0290697813034058,0.2929251194000244,0.07598471641540527,-0.1823022961616516,-1.0],[-0.1285719871520996,0.40498363971710205,-0.9941860437393188,0.1851813793182373,-0.051674485206604004,-0.1858420968055725,-1.0],[-0.1285719871520996,0.5264788866043091,-0.9244186878204346,0.07070362567901611,-0.06991147994995117,-0.20000135898590088,-1.0],[-0.1285719871520996,0.5607467889785767,-0.9156977534294128,-0.003370225429534912,-0.06991147994995117,-0.1823022961616516,-1.0],[-0.17142915725708008,0.6479741334915161,-0.9186047315597534,-0.09764605760574341,-0.06991147994995117,-0.21062082052230835,-1.0]]]","[0.07443798333406448,0.051470305770635605,0.05763934925198555,0.07661942392587662,0.010442507453262806,0.08086647838354111,6.965499778743833e-05]",0.05022081360220909,"[0.07212129980325699,0.05684995651245117,0.044041890650987625,0.038172926753759384,0.03991800546646118]",48,B4
0.0,0.00047619538963772357,CC,C600,Q,,A,177.41600036621094,177.41600036621094,"[1,9,256]",0.0,"[1,9,256]",True,20,528.2632446289062,528.2632446289062,"[29,9,256]",0.0,"[29,9,256]",True,"[0.26554837822914124,0.01596778631210327,0.02774140052497387,0.013350814580917358,0.02740067057311535,0.0002440032985759899,0.0002812071470543742]",0.05007632076740265,"[0.027261817827820778,0.025001533329486847,0.05280518904328346,0.06854104995727539,0.07677203416824341]",0.09765179455280304,281.986328125,281.986328125,[81920],0.0,[81920],True,25,467.0490417480469,467.0490417480469,"[29,50,1024]",0.0,"[29,50,1024]",True,"[[[-0.3908344805240631,-0.03136598691344261,-0.8928395509719849,-0.2339605838060379,-0.2710900604724884,-0.03415459394454956,-1.0031331777572632],[-0.3949849605560303,-0.025237560272216797,-0.8876634836196899,-0.22473280131816864,-0.26741957664489746,-0.04505232349038124,-1.0033304691314697],[-0.3667328655719757,-0.032119665294885635,-0.8831377029418945,-0.2358960509300232,-0.2412174791097641,-0.044678475707769394,-1.0041662454605103],[-0.3356454074382782,-0.02841734141111374,-0.8613749742507935,-0.22758182883262634,-0.2104213535785675,-0.040139324963092804,-1.0141547918319702],[-0.3299539089202881,-0.018650107085704803,-0.8239941000938416,-0.2343372404575348,-0.18351083993911743,-0.05562857538461685,-1.014242172241211]]]","[0.11683187633752823,0.0016017815796658397,0.028099793940782547,0.0010453000431880355,0.004861032124608755,6.009598291711882e-05,8.829280704958364e-05]",0.021798310801386833,"[0.016293473541736603,0.019898047670722008,0.023775357753038406,0.025170305743813515,0.023854373022913933]",36.054239103725834,0.0,43.79584326140823,0.0,2197700932143374439,48,1037.3681640625,1037.3681640625,"[1,29,256]",0.0,"[1,29,256]",True,47,0.25,35,libero_goal,5,"[[[-0.110714852809906,-0.1059194803237915,-0.758721113204956,-0.24579370021820068,-0.3799409866333008,-0.040709614753723145,-1.0],[-0.07142913341522217,-0.05919051170349121,-0.7296513319015503,-0.2659956216812134,-0.3495458960533142,-0.040709614753723145,-1.0],[-0.010714948177337646,-0.028037965297698975,-0.697674572467804,-0.2659956216812134,-0.30699288845062256,-0.040709614753723145,-1.0],[0.03214216232299805,-5.364418029785156e-07,-0.668604850769043,-0.2659956216812134,-0.2462027668952942,-0.040709614753723145,-1.0],[0.042856454849243164,0.0031147003173828125,-0.6627908945083618,-0.2659956216812134,-0.17325466871261597,-0.040709614753723145,-1.0]]]","[0.06302417814731598,0.010283532552421093,0.0028314811643213034,0.01852559484541416,0.005362251307815313,0.0002135935501428321,6.951126852072775e-05]",0.014330019243061543,"[0.004462974611669779,0.006037505343556404,0.012281578034162521,0.020381271839141846,0.028486769646406174]",46,B4
0.0,0.001244916464202106,CC,C600,Q,,A,177.41600036621094,177.41600036621094,"[1,9,256]",0.0,"[1,9,256]",True,20,528.2632446289062,528.2632446289062,"[29,9,256]",0.0,"[29,9,256]",True,"[0.0989222601056099,1.2236217260360718,0.04443224519491196,0.39161020517349243,0.015046401880681515,0.08193852007389069,0.0026859405916184187]",0.26546531915664673,"[0.3442519009113312,0.3143104016780853,0.2827916145324707,0.20779916644096375,0.17817361652851105]",0.18233734369277954,281.986328125,281.986328125,[81920],0.0,[81920],True,25,467.0490417480469,467.0490417480469,"[29,50,1024]",0.0,"[29,50,1024]",True,"[[[-0.415204256772995,-0.331327885389328,-0.610774040222168,-0.6166028380393982,-0.07239854335784912,0.19211402535438538,-1.0086050033569336],[-0.37547993659973145,-0.3340443968772888,-0.5736682415008545,-0.5956346392631531,-0.058240361511707306,0.14992853999137878,-1.0026543140411377],[-0.3310191333293915,-0.3699820041656494,-0.4968644380569458,-0.5520481467247009,-0.02802899479866028,0.11262309551239014,-1.0069588422775269],[-0.29245299100875854,-0.35689786076545715,-0.3834834098815918,-0.5061017274856567,0.020183861255645752,0.047831855714321136,-1.0151844024658203],[-0.27283814549446106,-0.34512466192245483,-0.3031674325466156,-0.4849102199077606,0.01322716474533081,0.021843280643224716,-1.011210322380066]]]","[0.12653060257434845,1.9266760349273682,0.008742154575884342,0.13089577853679657,0.00744212931022048,0.025162626057863235,9.715087071526796e-05]",0.3179352283477783,"[0.319305956363678,0.3166602849960327,0.3268592059612274,0.31651586294174194,0.31033480167388916]",36.054239103725834,0.0,43.79584326140823,0.0,7313767176395743740,48,1037.3681640625,1037.3681640625,"[1,29,256]",0.0,"[1,29,256]",True,47,0.75,104,libero_goal,5,"[[[-0.6857144832611084,1.0467278957366943,-0.485465407371521,-0.18518781661987305,-0.15501761436462402,-0.040709614753723145,-1.0],[-0.6857144832611084,1.0436127185821533,-0.47674447298049927,-0.18518781661987305,-0.14893865585327148,-0.040709614753723145,-1.0],[-0.6821430921554565,1.0436127185821533,-0.4622095823287964,-0.18518781661987305,-0.11246448755264282,-0.040709614753723145,-1.0],[-0.6892858743667603,1.0373821258544922,-0.44186079502105713,-0.19865578413009644,-0.06991147994995117,-0.040709614753723145,-1.0],[-0.7000001668930054,1.031151533126831,-0.4215119481086731,-0.2188577651977539,-0.06991147994995117,-0.040709614753723145,-1.0]]]","[0.02909233048558235,0.7258021235466003,0.0031720695551484823,0.004172012209892273,0.041388146579265594,0.0004592440964188427,0.0013397111324593425]",0.11506080627441406,"[0.12390168011188507,0.11160808801651001,0.11681750416755676,0.10815753042697906,0.11481920629739761]",46,B4
0.0,0.00043548669782467186,CC,C600,Q,,B,177.0459747314453,177.0459747314453,"[1,9,256]",0.0,"[1,9,256]",True,20,603.3805541992188,603.3805541992188,"[38,9,256]",0.0,"[38,9,256]",True,"[0.01104733906686306,0.018339594826102257,0.11290104687213898,0.18471193313598633,0.03574388474225998,0.010693496093153954,0.0007728163036517799]",0.05345859006047249,"[0.02951573207974434,0.03269219398498535,0.046288203448057175,0.06255945563316345,0.09623735398054123]",0.051564592868089676,281.9837951660156,281.9837951660156,[81920],0.0,[81920],True,25,534.631103515625,534.631103515625,"[38,50,1024]",0.0,"[38,50,1024]",True,"[[[-0.31853124499320984,0.08280155062675476,-0.7097787261009216,0.08353640884160995,-0.15379366278648376,-0.055562570691108704,-0.9978262782096863],[-0.35294342041015625,0.09431227296590805,-0.6996252536773682,0.036488234996795654,-0.14997676014900208,-0.036784105002880096,-0.9916033148765564],[-0.35626712441444397,0.1747579127550125,-0.6595390439033508,-0.036646872758865356,-0.1408059298992157,-0.04294643923640251,-0.9957315325737],[-0.3011831045150757,0.2951318621635437,-0.5811514854431152,-0.11508811265230179,-0.13175949454307556,-0.04554116353392601,-1.0030040740966797],[-0.2683248221874237,0.38587626814842224,-0.5018289089202881,-0.16436859965324402,-0.11370974034070969,-0.0613095760345459,-1.008667230606079]]]","[0.0020519052632153034,0.03133785352110863,0.05045822262763977,0.10467343777418137,0.004843231290578842,0.00276732724159956,3.551890767994337e-05]",0.02802392654120922,"[0.023400630801916122,0.02134690061211586,0.0216391421854496,0.029202455654740334,0.04453050717711449]",36.434585395831746,0.0,44.9443627658116,0.0,5172841219135816146,46,1188.9312744140625,1188.9312744140625,"[1,38,256]",0.0,"[1,38,256]",True,49,0.25,29,libero_goal,5,"[[[-0.2857147455215454,0.02180635929107666,-0.8575582504272461,-0.2659956216812134,-0.06991147994995117,0.033626556396484375,-1.0],[-0.2964290380477905,0.04361319541931152,-0.8459303379058838,-0.29966557025909424,-0.06991147994995117,0.015927433967590332,-1.0],[-0.2857147455215454,0.06230473518371582,-0.8459303379058838,-0.3400694727897644,-0.06991147994995117,0.0017682313919067383,-1.0],[-0.28214335441589355,0.07476580142974854,-0.8517442941665649,-0.39394134283065796,-0.06991147994995117,-0.019470691680908203,-1.0],[-0.24285763502120972,0.0872267484664917,-0.8197675347328186,-0.5084190368652344,-0.06991147994995117,-0.040709614753723145,-1.0]]]","[0.06681113690137863,0.004625626839697361,0.016775041818618774,0.04605713486671448,0.0570257194340229,0.00820291880518198,0.00030127502395771444]",0.028542691841721535,"[0.021615318953990936,0.019279222935438156,0.025601571425795555,0.03340432792901993,0.04281304031610489]",48,B4
0.0,0.0015909228241071105,CC,C600,Q,,B,177.0459747314453,177.0459747314453,"[1,9,256]",0.0,"[1,9,256]",True,20,603.3805541992188,603.3805541992188,"[38,9,256]",0.0,"[38,9,256]",True,"[0.02584429644048214,0.44415339827537537,1.0738695859909058,0.02838495746254921,0.3499637544155121,0.018527792766690254,0.002647284884005785]",0.27762728929519653,"[0.5263080596923828,0.4390336573123932,0.28435906767845154,0.08744817227125168,0.05098753049969673]",0.09619612246751785,281.9837951660156,281.9837951660156,[81920],0.0,[81920],True,25,534.631103515625,534.631103515625,"[38,50,1024]",0.0,"[38,50,1024]",True,"[[[-0.9787167310714722,-0.12132427096366882,-1.0041961669921875,-0.16794784367084503,-0.6413929462432861,-0.02062556892633438,-0.9897159337997437],[-0.976625919342041,-0.07895675301551819,-0.9741837978363037,-0.1591504067182541,-0.5977730751037598,-0.004743039608001709,-1.0001773834228516],[-1.0204484462738037,0.008982904255390167,-0.8920759558677673,-0.10441979020833969,-0.5082399845123291,-0.00838109478354454,-1.001033902168274],[-1.0394772291183472,0.15959788858890533,-0.753287672996521,-0.04229583591222763,-0.35825321078300476,-0.007169380784034729,-0.9968782663345337],[-1.032733678817749,0.27326256036758423,-0.6411088109016418,-0.02954261749982834,-0.2891788184642792,-0.011030035093426704,-0.9976005554199219]]]","[0.07133213430643082,0.9649321436882019,0.47657567262649536,0.030617523938417435,0.11806023120880127,0.0009495843551121652,2.4472998120472766e-05]",0.23749880492687225,"[0.3029078245162964,0.2972193658351898,0.25572073459625244,0.1864067167043686,0.1452394276857376]",36.434585395831746,0.0,44.9443627658116,0.0,5635482954592866291,46,1188.9312744140625,1188.9312744140625,"[1,38,256]",0.0,"[1,38,256]",True,49,0.75,87,libero_goal,5,"[[[-0.8285714983940125,0.999998927116394,-0.1802329421043396,-0.2659956216812134,-0.2522818446159363,-0.040709614753723145,-1.0],[-0.7750001549720764,1.0155751705169678,-0.16860508918762207,-0.2659956216812134,-0.17325466871261597,-0.040709614753723145,-1.0],[-0.7392858862876892,1.021805763244629,-0.17732608318328857,-0.2659956216812134,-0.12462258338928223,-0.040709614753723145,-1.0],[-0.7250001430511475,1.031151533126831,-0.17732608318328857,-0.2659956216812134,-0.10638552904129028,-0.040709614753723145,-1.0],[-0.6928573846817017,1.0373821258544922,-0.1802329421043396,-0.2659956216812134,-0.06991147994995117,-0.040709614753723145,-1.0]]]","[0.06190343573689461,0.9155188798904419,0.11082982271909714,0.005674228072166443,0.01994127780199051,0.0011924745049327612,0.0025432349648326635]",0.15965761244297028,"[0.15769127011299133,0.1626986265182495,0.15978139638900757,0.15380243957042694,0.1643143743276596]",48,B4
0.0,3.478556436675717e-06,CC,C600,Q,,A,214.47451782226562,214.47451782226562,"[1,19,256]",0.0,"[1,19,256]",True,37,715.0404052734375,715.0404052734375,"[48,19,256]",0.0,"[48,19,256]",True,"[0.048158638179302216,0.06559126824140549,0.043225791305303574,0.16382603347301483,0.01804068684577942,0.0010212978813797235,0.0019616817589849234]",0.04883220046758652,"[0.02242841012775898,0.03983196243643761,0.05675186589360237,0.06023130565881729,0.06491744518280029]",0.12343768030405045,281.7364807128906,281.7364807128906,[81920],0.0,[81920],True,34,604.4921264648438,604.4921264648438,"[48,50,1024]",0.0,"[48,50,1024]",True,"[[[0.46492135524749756,-0.49995195865631104,-0.12459757924079895,-0.31694960594177246,-0.2679794430732727,-0.05519169196486473,1.019902229309082],[0.4264355003833771,-0.46804964542388916,-0.14929842948913574,-0.3121143877506256,-0.27631646394729614,-0.05640389770269394,1.0087988376617432],[0.3641355633735657,-0.43447086215019226,-0.16798202693462372,-0.29646173119544983,-0.30452096462249756,-0.050556767731904984,1.0150350332260132],[0.28018152713775635,-0.4169541299343109,-0.22464445233345032,-0.29705917835235596,-0.3708549439907074,-0.05533558130264282,1.0171668529510498],[0.1899074763059616,-0.3703848123550415,-0.29032817482948303,-0.29255440831184387,-0.4428052306175232,-0.04512452334165573,1.0093616247177124]]]","[0.001666123396717012,0.06166411563754082,0.011650942265987396,0.12824806571006775,0.025351107120513916,0.00015728356083855033,0.00021640908380504698]",0.03270771726965904,"[0.012660891748964787,0.0251153577119112,0.03515853360295296,0.041569143533706665,0.04903467744588852]",25.255219392203056,0.0,31.061268850068483,0.0,7570421501061691922,48,1220.1627197265625,1220.1627197265625,"[1,48,256]",0.0,"[1,48,256]",True,47,0.25,68,libero_10,4,"[[[0.4535706043243408,-0.6542057991027832,-0.017442405223846436,-0.09091198444366455,-0.30699288845062256,-0.040709614753723145,0.9999990463256836],[0.37142765522003174,-0.7009347081184387,-0.017442405223846436,0.0033638477325439453,-0.24012374877929688,-0.040709614753723145,0.9999990463256836],[0.31428492069244385,-0.7102804780006409,-0.08430278301239014,0.09090554714202881,-0.20364969968795776,-0.040709614753723145,0.9999990463256836],[0.26428496837615967,-0.6915888786315918,-0.13372141122817993,0.11784148216247559,-0.1854127049446106,-0.040709614753723145,0.9999990463256836],[0.23928487300872803,-0.6510905027389526,-0.17151212692260742,0.11784148216247559,-0.16109663248062134,-0.040709614753723145,0.9999990463256836]]]","[0.1421356350183487,0.04157187417149544,0.0008185193291865289,0.054204344749450684,0.04516563564538956,0.0011621335288509727,0.00042894211946986616]",0.04078386723995209,"[0.030342960730195045,0.03500504791736603,0.04922545701265335,0.04670775681734085,0.042638134211301804]",46,B4
0.0,2.8000379188597435e-06,CC,C600,Q,,A,214.47451782226562,214.47451782226562,"[1,19,256]",0.0,"[1,19,256]",True,37,715.0404052734375,715.0404052734375,"[48,19,256]",0.0,"[48,19,256]",True,"[0.08048098534345627,0.0018248461419716477,0.024409988895058632,0.0016503401566296816,0.005636197980493307,0.0358194038271904,0.004416157957166433]",0.022033987566828728,"[0.023574115708470345,0.025126988068223,0.016934838145971298,0.018215924501419067,0.026318076997995377]",0.07499320060014725,281.7364807128906,281.7364807128906,[81920],0.0,[81920],True,34,604.4921264648438,604.4921264648438,"[48,50,1024]",0.0,"[48,50,1024]",True,"[[[-0.6566629409790039,-0.0018030479550361633,-0.5973143577575684,-0.28186964988708496,-0.028737008571624756,-0.04231619834899902,-1.0145758390426636],[-0.6214273571968079,0.006724730134010315,-0.5765807032585144,-0.27466732263565063,-0.03983830660581589,-0.04701170325279236,-1.0261694192886353],[-0.5761274695396423,-0.027075618505477905,-0.5496302247047424,-0.27438950538635254,-0.05279763042926788,-0.08115683495998383,-1.02067232131958],[-0.5209116339683533,-0.020874440670013428,-0.5030758380889893,-0.26549971103668213,-0.06238655745983124,-0.07800789922475815,-1.008080005645752],[-0.4365176558494568,0.0007530630100518465,-0.4526561200618744,-0.25397926568984985,-0.04629512131214142,-0.10678642988204956,-1.030707836151123]]]","[0.019182642921805382,0.00030457539833150804,0.004720184486359358,0.00010845583165064454,0.0020675642881542444,0.003320729359984398,0.0004665791930165142]",0.00431010453030467,"[0.00287903705611825,0.003918382804840803,0.0044916062615811825,0.004285829141736031,0.005975666921585798]",25.255219392203056,0.0,31.061268850068483,0.0,5052251981188736845,48,1220.1627197265625,1220.1627197265625,"[1,48,256]",0.0,"[1,48,256]",True,47,0.75,206,libero_10,4,"[[[-0.7464287281036377,0.02180635929107666,-0.5901165008544922,-0.2659956216812134,-0.0820695161819458,-0.1327449083328247,-1.0],[-0.7571430206298828,-0.003115832805633545,-0.5901165008544922,-0.2659956216812134,-0.0820695161819458,-0.12566518783569336,-1.0],[-0.7392858862876892,-0.006231069564819336,-0.593023419380188,-0.2659956216812134,-0.0820695161819458,-0.11504578590393066,-1.0],[-0.6642858982086182,-0.006231069564819336,-0.5872094631195068,-0.2659956216812134,-0.10638552904129028,-0.09026700258255005,-1.0],[-0.58571457862854,0.015575766563415527,-0.5726746916770935,-0.2659956216812134,-0.10030657052993774,-0.07610780000686646,-1.0]]]","[0.14308996498584747,0.0003559124015737325,0.04377755522727966,0.002153735375031829,0.003408315358683467,0.00488293869420886,0.3237636685371399]",0.07449030131101608,"[0.024408943951129913,0.0331207774579525,0.04700462520122528,0.09926746040582657,0.16864970326423645]",46,B4
0.0,5.546701231651241e-06,CC,C600,Q,,B,213.65086364746094,213.65086364746094,"[1,19,256]",0.0,"[1,19,256]",True,37,713.5059814453125,713.5059814453125,"[48,19,256]",0.0,"[48,19,256]",True,"[0.03554954007267952,0.008821135386824608,0.0390089713037014,0.00031795568065717816,0.0019028326496481895,0.0008609513170085847,0.4342191219329834]",0.07438292354345322,"[0.06724851578474045,0.06878762692213058,0.06867479532957077,0.07617263495922089,0.09103108942508698]",0.05122918263077736,281.7383728027344,281.7383728027344,[81920],0.0,[81920],True,34,604.3574829101562,604.3574829101562,"[48,50,1024]",0.0,"[48,50,1024]",True,"[[[-0.363855242729187,-0.04518875479698181,-0.4539967179298401,0.04729544371366501,-0.09901028871536255,0.15663129091262817,-1.0167566537857056],[-0.42790576815605164,-0.04286452382802963,-0.4576508104801178,0.012601088732481003,-0.12806254625320435,0.16301319003105164,-1.005342721939087],[-0.46902215480804443,-0.026164427399635315,-0.4520260691642761,-0.023986853659152985,-0.14612865447998047,0.1534956395626068,-1.010896921157837],[-0.5108363628387451,0.008792426437139511,-0.4339062571525574,-0.09067565947771072,-0.13889797031879425,0.14572183787822723,-1.0172282457351685],[-0.560070276260376,0.02953159064054489,-0.4378780126571655,-0.15613459050655365,-0.1417481005191803,0.1578398048877716,-1.009490966796875]]]","[0.11741375923156738,0.012703902088105679,0.1587708294391632,0.05542844161391258,0.003845643252134323,0.0384681336581707,0.00016299278649967164]",0.05525624379515648,"[0.06019251048564911,0.06128377839922905,0.05600140243768692,0.04992026463150978,0.04888327419757843]",24.91160678094851,0.0,30.1103693593015,0.0,1750272122191094264,46,1229.696533203125,1229.696533203125,"[1,48,256]",0.0,"[1,48,256]",True,49,0.25,66,libero_10,4,"[[[-0.1285719871520996,0.14953207969665527,-0.017442405223846436,-0.2659956216812134,-0.08814853429794312,-0.040709614753723145,-1.0],[-0.1285719871520996,0.10903370380401611,-0.017442405223846436,-0.2659956216812134,-0.06991147994995117,-0.040709614753723145,-1.0],[-0.1285719871520996,0.02180635929107666,-0.03779119253158569,-0.2659956216812134,-0.06991147994995117,-0.040709614753723145,-1.0],[-0.1285719871520996,0.02180635929107666,-0.06976795196533203,-0.2659956216812134,-0.06991147994995117,-0.040709614753723145,-1.0],[-0.1357148289680481,0.02180635929107666,-0.1133725643157959,-0.2659956216812134,-0.06991147994995117,-0.040709614753723145,-1.0]]]","[0.03195948526263237,0.007294736336916685,0.037257831543684006,0.00023600924760103226,0.002784742508083582,0.0006465259939432144,0.5003109574317932]",0.08292718976736069,"[0.07326209545135498,0.07322132587432861,0.07751080393791199,0.092513307929039,0.09812839329242706]",48,B4
0.0,6.615154234168585e-06,CC,C600,Q,,B,213.65086364746094,213.65086364746094,"[1,19,256]",0.0,"[1,19,256]",True,37,713.5059814453125,713.5059814453125,"[48,19,256]",0.0,"[48,19,256]",True,"[0.0151259396225214,0.0003422105801291764,0.001073551131412387,0.00902459304779768,0.001597300753928721,0.001352438936010003,1.2633991241455078]",0.18455928564071655,"[0.013080103322863579,0.02672455832362175,0.49914368987083435,0.3048986494541168,0.07894958555698395]",0.041998203843832016,281.7383728027344,281.7383728027344,[81920],0.0,[81920],True,34,604.3574829101562,604.3574829101562,"[48,50,1024]",0.0,"[48,50,1024]",True,"[[[-0.6853615045547485,-0.06078510358929634,-0.5303076505661011,-0.22578027844429016,-0.17174756526947021,-0.06267629563808441,-1.0038706064224243],[-0.659197986125946,-0.06316446512937546,-0.5057793855667114,-0.21353091299533844,-0.16311794519424438,-0.0704290121793747,-0.9950915575027466],[-0.6225811839103699,-0.07772873342037201,-0.4967776834964752,-0.21046508848667145,-0.124307781457901,-0.06366360187530518,-1.0189895629882812],[-0.5718880891799927,-0.06705774366855621,-0.45682746171951294,-0.23425541818141937,-0.10886082053184509,-0.07137097418308258,-1.012611985206604],[-0.4941871464252472,-0.08367148041725159,-0.357257604598999,-0.21699783205986023,-0.10107573121786118,-0.07580395042896271,1.0033290386199951]]]","[0.09611916542053223,0.008594206534326077,0.015033370815217495,0.008812020532786846,0.004901050589978695,0.0006234731990844011,1.6253937482833862]",0.25135383009910583,"[0.02058786153793335,0.017435109242796898,0.6024689674377441,0.5999757647514343,0.01630144566297531]",24.91160678094851,0.0,30.1103693593015,0.0,2317014375466178463,46,1229.696533203125,1229.696533203125,"[1,48,256]",0.0,"[1,48,256]",True,49,0.75,199,libero_10,4,"[[[-0.39285755157470703,0.02180635929107666,-0.38662827014923096,-0.3670054078102112,-0.06991147994995117,-0.09026700258255005,-1.0],[-0.36785751581192017,0.02180635929107666,-0.3837212324142456,-0.29293161630630493,-0.06991147994995117,-0.07610780000686646,-1.0],[-0.30357182025909424,0.02180635929107666,-0.3575584888458252,-0.29293161630630493,-0.06991147994995117,-0.05132913589477539,0.9999990463256836],[-0.2321433424949646,0.02180635929107666,-0.32558178901672363,-0.3131335377693176,-0.06991147994995117,-0.040709614753723145,0.9999990463256836],[-0.18928629159927368,0.02180635929107666,-0.302325963973999,-0.28619760274887085,-0.06991147994995117,-0.040709614753723145,0.9999990463256836]]]","[0.004806700628250837,0.0012595336884260178,0.0015968338120728731,0.003127548610791564,0.003929905127733946,0.001073059975169599,0.9387941360473633]",0.13636966049671173,"[0.00517620611935854,0.011106634512543678,0.34470847249031067,0.23003365099430084,0.09082339704036713]",48,B4
0.0,7.554042440460762e-06,CC,C600,Q,,A,168.54029846191406,168.54029846191406,"[1,13,256]",0.0,"[1,13,256]",True,34,768.693359375,768.693359375,"[58,13,256]",0.0,"[58,13,256]",True,"[0.14379046857357025,0.0009346132283098996,0.17097161710262299,0.005006548948585987,0.15482328832149506,0.0007448805845342577,0.0010312731610611081]",0.06818608939647675,"[0.06889233738183975,0.0689568966627121,0.07204529643058777,0.06958337128162384,0.061452608555555344]",0.14258243143558502,281.70611572265625,281.70611572265625,[81920],0.0,[81920],True,37,670.86328125,670.86328125,"[58,50,1024]",0.0,"[58,50,1024]",True,"[[[-0.2182946652173996,0.7566669583320618,0.5523842573165894,-0.26748761534690857,-0.3167078495025635,-0.06051816791296005,0.9957805871963501],[-0.21724320948123932,0.7979708909988403,0.5180585384368896,-0.2615870237350464,-0.37370532751083374,-0.04589373245835304,0.9963213801383972],[-0.2235763669013977,0.8189236521720886,0.4903300404548645,-0.2611040771007538,-0.4413776397705078,-0.05300396308302879,1.0031797885894775],[-0.22698697447776794,0.8357217907905579,0.4521314799785614,-0.25032538175582886,-0.4982500374317169,-0.05289165675640106,1.0016030073165894],[-0.2125536948442459,0.8480592370033264,0.4055865406990051,-0.2618209719657898,-0.5402641892433167,-0.03420254588127136,0.9972071051597595]]]","[0.1723647266626358,0.0054300203919410706,0.24021027982234955,0.00667553162202239,0.4263748228549957,0.00015222979709506035,1.0361075510445517e-05]",0.12160256505012512,"[0.09363459795713425,0.10994476079940796,0.12724071741104126,0.13536226749420166,0.14183048903942108]",27.306284234288942,0.0,39.29420984613183,0.0,8442714955617139331,48,1237.8040771484375,1237.8040771484375,"[1,58,256]",0.0,"[1,58,256]",True,47,0.25,62,libero_10,7,"[[[0.21785640716552734,0.8380053043365479,0.999998927116394,-0.19192183017730713,0.18540692329406738,-0.040709614753723145,0.9999990463256836],[0.21071362495422363,0.8535815477371216,0.999998927116394,-0.15825188159942627,0.20972299575805664,-0.040709614753723145,0.9999990463256836],[0.1892850399017334,0.878503680229187,0.999998927116394,-0.13131588697433472,0.22188103199005127,-0.040709614753723145,0.9999990463256836],[0.1892850399017334,0.9190021753311157,0.9505802392959595,-0.2390596866607666,0.22188103199005127,-0.040709614753723145,0.9999990463256836],[0.16785645484924316,0.9314632415771484,0.9156967401504517,-0.2659956216812134,0.22188103199005127,-0.040709614753723145,0.9999990463256836]]]","[0.10431846231222153,0.0017548842588439584,0.15340466797351837,0.005732052028179169,0.10894998162984848,0.0008492069318890572,0.0006835903041064739]",0.053670402616262436,"[0.05391513183712959,0.056210171431303024,0.06033230945467949,0.05300892889499664,0.04488549754023552]",46,B4
0.0,1.7158476111944765e-05,CC,C600,Q,,A,168.54029846191406,168.54029846191406,"[1,13,256]",0.0,"[1,13,256]",True,34,768.693359375,768.693359375,"[58,13,256]",0.0,"[58,13,256]",True,"[0.008082610554993153,0.2937702238559723,0.3241136968135834,1.1362988948822021,0.5536295175552368,0.21352635324001312,0.0038023758679628372]",0.3618890643119812,"[0.40712040662765503,0.4764183759689331,0.33057498931884766,0.2823863625526428,0.31294530630111694]",0.28337594866752625,281.70611572265625,281.70611572265625,[81920],0.0,[81920],True,37,670.86328125,670.86328125,"[58,50,1024]",0.0,"[58,50,1024]",True,"[[[0.22015303373336792,-0.0699298232793808,0.41221633553504944,-0.2239089012145996,0.6348317265510559,-0.0880790576338768,0.9943894147872925],[0.3031225800514221,-0.03205437213182449,0.5044168829917908,-0.2231992781162262,0.6499199867248535,-0.09522068500518799,1.0016281604766846],[0.3751336634159088,-0.0027160784229636192,0.569293200969696,-0.23679953813552856,0.6446789503097534,-0.08754901587963104,1.0045225620269775],[0.45539408922195435,0.024502741172909737,0.6192609071731567,-0.22800716757774353,0.6426182389259338,-0.09074655175209045,0.9953643679618835],[0.5377302169799805,0.05619603767991066,0.6542782783508301,-0.20113912224769592,0.6964297890663147,-0.08548678457736969,1.00797438621521]]]","[0.002091591479256749,0.14724303781986237,0.13707180321216583,0.3398568630218506,0.39990234375,0.04432547837495804,2.793409294099547e-05]",0.1529313027858734,"[0.15323257446289062,0.18317380547523499,0.1410440355539322,0.13232706487178802,0.15487903356552124]",27.306284234288942,0.0,39.29420984613183,0.0,4151392753901295008,48,1237.8040771484375,1237.8040771484375,"[1,58,256]",0.0,"[1,58,256]",True,47,0.75,186,libero_10,7,"[[[0.2464277744293213,0.20560681819915771,0.6337201595306396,-0.8855222463607788,-0.06991147994995117,-0.20000135898590088,0.9999990463256836],[0.34642767906188965,0.34890902042388916,0.9360456466674805,-0.8383843898773193,-0.06991147994995117,-0.3238949775695801,0.9999990463256836],[0.46071338653564453,0.3676004409790039,0.999998927116394,-0.7979804277420044,0.12461686134338379,-0.3557533621788025,0.9999990463256836],[0.47857046127319336,0.42056000232696533,0.999998927116394,-0.7710444927215576,0.1185377836227417,-0.3238949775695801,0.9999990463256836],[0.5321418046951294,0.5264788866043091,0.999998927116394,-0.7239066362380981,0.03343164920806885,-0.26017826795578003,0.9999990463256836]]]","[0.041219692677259445,0.08713370561599731,0.06484287232160568,0.1949821561574936,0.0388883538544178,0.039377909153699875,0.0006169956177473068]",0.06672309339046478,"[0.05874083563685417,0.07843859493732452,0.07559528946876526,0.061856307089328766,0.058984462171792984]",46,B4
0.0,1.868544495664537e-05,CC,C600,Q,,B,168.95098876953125,168.95098876953125,"[1,13,256]",0.0,"[1,13,256]",True,34,733.9935913085938,733.9935913085938,"[53,13,256]",0.0,"[53,13,256]",True,"[0.02010754868388176,0.08974778652191162,0.06622149795293808,0.008126962929964066,0.7655643820762634,0.00039878414827398956,0.0001591703185113147]",0.13576087355613708,"[0.19704213738441467,0.1489592343568802,0.10475976765155792,0.1186484694480896,0.10939480364322662]",0.07392324507236481,281.7164611816406,281.7164611816406,[81920],0.0,[81920],True,37,641.1968383789062,641.1968383789062,"[53,50,1024]",0.0,"[53,50,1024]",True,"[[[-0.1671590954065323,0.5335645079612732,0.7715068459510803,-0.3540070950984955,-0.45167824625968933,-0.019707314670085907,1.0093259811401367],[-0.18270786106586456,0.6233713626861572,0.7112257480621338,-0.34487009048461914,-0.4857925772666931,-0.014479771256446838,1.0012016296386719],[-0.19272767007350922,0.6975715160369873,0.6086621284484863,-0.3161376714706421,-0.5268592834472656,-0.021756818518042564,1.015191674232483],[-0.19722390174865723,0.7635617256164551,0.5128958821296692,-0.3246920704841614,-0.5791884064674377,-0.013612039387226105,1.003620982170105],[-0.17795011401176453,0.8308196067810059,0.417562335729599,-0.3141939043998718,-0.5690378546714783,-0.010077685117721558,1.0132840871810913]]]","[0.010393384844064713,0.0235751923173666,0.1016639694571495,0.0044499547220766544,0.7393197417259216,0.0013688202016055584,0.00010177291551372036]",0.1258389800786972,"[0.1401786208152771,0.12457800656557083,0.10644704848527908,0.1296665072441101,0.1283247172832489]",26.674939829249926,0.0,37.15067711024559,0.0,895811180839841733,46,1187.5084228515625,1187.5084228515625,"[1,53,256]",0.0,"[1,53,256]",True,49,0.25,72,libero_10,7,"[[[-0.010714948177337646,0.43613624572753906,0.8982548713684082,-0.2659956216812134,0.5075944662094116,-0.07610780000686646,0.9999990463256836],[-0.10357201099395752,0.4766346216201782,0.9215106964111328,-0.2659956216812134,0.4042513370513916,-0.05486893653869629,0.9999990463256836],[-0.1285719871520996,0.5264788866043091,0.9418593645095825,-0.2659956216812134,0.24619698524475098,-0.040709614753723145,0.9999990463256836],[-0.16071486473083496,0.5856688022613525,0.8982548713684082,-0.2659956216812134,0.27051305770874023,-0.040709614753723145,0.9999990463256836],[-0.30357182025909424,0.669780969619751,0.851743221282959,-0.2659956216812134,0.24619698524475098,-0.040709614753723145,0.9999990463256836]]]","[0.016386285424232483,0.028998499736189842,0.023594949394464493,0.0018504481995478272,0.20093584060668945,0.000593153468798846,0.0007070980500429869]",0.039009470492601395,"[0.06073606014251709,0.04213172569870949,0.02941516973078251,0.03136509284377098,0.03139929845929146]",48,B4
0.0,1.6026695448090322e-05,CC,C600,Q,,B,168.95098876953125,168.95098876953125,"[1,13,256]",0.0,"[1,13,256]",True,34,733.9935913085938,733.9935913085938,"[53,13,256]",0.0,"[53,13,256]",True,"[0.04247024282813072,0.7729433178901672,0.02076146751642227,0.018587296828627586,0.27869293093681335,0.004797531757503748,0.001963698072358966]",0.1628880649805069,"[0.18318752944469452,0.14790186285972595,0.1560564488172531,0.15822802484035492,0.16906648874282837]",0.13533459603786469,281.7164611816406,281.7164611816406,[81920],0.0,[81920],True,37,641.1968383789062,641.1968383789062,"[53,50,1024]",0.0,"[53,50,1024]",True,"[[[0.6013175249099731,0.07844438403844833,0.9456411600112915,-0.2839033007621765,0.9313592314720154,-0.08786510676145554,1.0020173788070679],[0.6077489256858826,0.0987730622291565,0.9444491863250732,-0.27076348662376404,0.9273379445075989,-0.07980439066886902,1.0016889572143555],[0.6142128109931946,0.1315283477306366,0.9366082549095154,-0.2654203772544861,0.9155371189117432,-0.08276442438364029,1.004346251487732],[0.6077171564102173,0.17253254354000092,0.8916113376617432,-0.26084989309310913,0.8678385615348816,-0.07957759499549866,1.0076260566711426],[0.6020334959030151,0.23468166589736938,0.8262270092964172,-0.25130289793014526,0.7902337312698364,-0.07027842104434967,0.9975900053977966]]]","[0.0018984448397532105,0.23208923637866974,0.002014727797359228,0.00011722062481567264,0.10249761492013931,0.001293842331506312,1.7960484910872765e-05]",0.04856129363179207,"[0.052877847105264664,0.048625968396663666,0.04878101497888565,0.047801874577999115,0.04471975937485695]",26.674939829249926,0.0,37.15067711024559,0.0,4825284986999109913,46,1187.5084228515625,1187.5084228515625,"[1,53,256]",0.0,"[1,53,256]",True,49,0.75,218,libero_10,7,"[[[0.657141923904419,0.5077873468399048,0.9360456466674805,-0.2659956216812134,0.5075944662094116,-0.1398245096206665,0.9999990463256836],[0.6678560972213745,0.548285722732544,0.9156967401504517,-0.2659956216812134,0.5623054504394531,-0.1044263243675232,0.9999990463256836],[0.6607131958007812,0.6261674165725708,0.9040688276290894,-0.2659956216812134,0.6109377145767212,-0.05486893653869629,0.9999990463256836],[0.6321418285369873,0.6915878057479858,0.9011619091033936,-0.2659956216812134,0.6170166730880737,-0.040709614753723145,0.9999990463256836],[0.5999990701675415,0.7445472478866577,0.9156967401504517,-0.2659956216812134,0.5805425643920898,-0.040709614753723145,0.9999990463256836]]]","[0.004828869365155697,0.09597839415073395,0.032712358981370926,0.010507090948522091,0.030683064833283424,0.005772823933511972,0.0010061115026474]",0.02592695876955986,"[0.02289588190615177,0.0213057529181242,0.029826238751411438,0.027810927480459213,0.02779599465429783]",48,B4
0.0,7.445196388289332e-05,CC,C600,M,,A,178.96107482910156,178.96107482910156,"[1,15,256]",0.0,"[1,15,256]",True,7,535.8322143554688,535.8322143554688,"[23,15,256]",0.0,"[23,15,256]",True,"[0.14421533048152924,0.0853179320693016,0.228509783744812,0.0012842131545767188,0.13719819486141205,0.0428236648440361,0.4647199213504791]",0.15772415697574615,"[0.2506810426712036,0.2068287879228592,0.14560548961162567,0.10642925649881363,0.07907622307538986]",0.07397578656673431,281.98077392578125,281.98077392578125,[81920],0.0,[81920],True,5,418.0874328613281,418.0874328613281,"[23,50,1024]",0.0,"[23,50,1024]",True,"[[[-0.2435511350631714,0.08657792210578918,-0.5468735694885254,-0.08099209517240524,-0.07911751419305801,-0.0026763416826725006,1.0058233737945557],[-0.19726663827896118,0.09815479815006256,-0.5029542446136475,-0.09780386090278625,-0.10642647743225098,-0.006460860371589661,1.0165879726409912],[-0.15270930528640747,0.085728719830513,-0.49069005250930786,-0.08248768746852875,-0.09323324263095856,-0.025166872888803482,1.0062633752822876],[-0.10585465282201767,0.0825703963637352,-0.43946439027786255,-0.08227120339870453,-0.07816515862941742,-0.02915032207965851,1.0173120498657227],[-0.03693021461367607,0.07602666318416595,-0.32032421231269836,-0.11608953773975372,-0.06764382123947144,-0.08146364986896515,1.0078424215316772]]]","[0.0030083279125392437,0.08519282191991806,0.14166276156902313,0.038586247712373734,0.10495592653751373,0.02687404491007328,0.8048006296157837]",0.17215438187122345,"[0.628833532333374,0.0593407042324543,0.06301393359899521,0.06484191119670868,0.044741883873939514]",35.80385057743461,0.0,42.38517504935177,0.0,5898604950164596219,48,978.6924438476562,978.6924438476562,"[1,23,256]",0.0,"[1,23,256]",True,47,0.25,27,libero_spatial,5,"[[[-0.26428622007369995,0.42056000232696533,-0.2790701985359192,-0.27946358919143677,-0.46504712104797363,-0.08318740129470825,-1.0],[-0.1285719871520996,0.40186846256256104,-0.10755860805511475,-0.2659956216812134,-0.44073110818862915,-0.15398377180099487,0.9999990463256836],[-0.12142914533615112,0.3676004409790039,-0.03197723627090454,-0.27272963523864746,-0.3799409866333008,-0.20354115962982178,0.9999990463256836],[-0.1285719871520996,0.3676004409790039,-0.017442405223846436,-0.30639952421188354,-0.3981780409812927,-0.2318597435951233,0.9999990463256836],[-0.1285719871520996,0.32398688793182373,-0.017442405223846436,-0.3131335377693176,-0.3495458960533142,-0.2637180685997009,0.9999990463256836]]]","[0.13452139496803284,0.06097093224525452,0.15889380872249603,0.0008909380412660539,0.11345380544662476,0.0313541442155838,0.3781569302082062]",0.12546312808990479,"[0.1918901801109314,0.16959148645401,0.11825723201036453,0.0865146666765213,0.06106216087937355]",46,B4
0.0,7.407159864669666e-05,CC,C600,M,,A,178.96107482910156,178.96107482910156,"[1,15,256]",0.0,"[1,15,256]",True,7,535.8322143554688,535.8322143554688,"[23,15,256]",0.0,"[23,15,256]",True,"[0.40418741106987,0.003748103277757764,0.1441926807165146,0.13450102508068085,0.21351754665374756,0.10893489420413971,0.001795960939489305]",0.1444110870361328,"[0.13602270185947418,0.1810052990913391,0.17546597123146057,0.13682685792446136,0.09273465722799301]",0.15383398532867432,281.98077392578125,281.98077392578125,[81920],0.0,[81920],True,5,418.0874328613281,418.0874328613281,"[23,50,1024]",0.0,"[23,50,1024]",True,"[[[-0.6180590987205505,0.15781444311141968,-0.597964882850647,0.03795912116765976,-0.11849337816238403,-0.1444666087627411,1.0074706077575684],[-0.7015535235404968,0.13381552696228027,-0.6388447284698486,0.03602559119462967,-0.23636162281036377,-0.10064448416233063,1.0037016868591309],[-0.7875609993934631,0.11927498877048492,-0.6789246797561646,0.06436200439929962,-0.41178739070892334,-0.07598034292459488,1.0002740621566772],[-0.9097681045532227,0.08652560412883759,-0.7295653223991394,0.09561961144208908,-0.6976372599601746,-0.041202791035175323,1.0064271688461304],[-1.0050241947174072,0.06259147822856903,-0.7473762631416321,0.11937282979488373,-0.9112716913223267,0.0031142458319664,0.9952917098999023]]]","[0.25223836302757263,0.0008764095837250352,0.12014831602573395,0.11440318077802658,0.162696972489357,0.06645052880048752,2.6617839466780424e-05]",0.10240577161312103,"[0.1298622190952301,0.12254585325717926,0.09738447517156601,0.07843314111232758,0.08380316197872162]",35.80385057743461,0.0,42.38517504935177,0.0,1908307486257974580,48,978.6924438476562,978.6924438476562,"[1,23,256]",0.0,"[1,23,256]",True,47,0.75,81,libero_spatial,5,"[[[-1.1464284658432007,0.11837947368621826,-1.034883737564087,-0.2659956216812134,-0.6656544208526611,0.06902480125427246,0.9999990463256836],[-1.2999998331069946,0.10591840744018555,-1.034883737564087,-0.2659956216812134,-0.6717334985733032,0.14690065383911133,0.9999990463256836],[-1.3642854690551758,0.09968781471252441,-1.034883737564087,-0.2659956216812134,-0.5927063226699829,0.20707762241363525,0.9999990463256836],[-1.374999761581421,0.09345734119415283,-1.0058139562606812,-0.2659956216812134,-0.4954422116279602,0.24955546855926514,0.9999990463256836],[-1.2785712480545044,0.10280311107635498,-0.970930278301239,-0.2659956216812134,-0.41033607721328735,0.24955546855926514,0.9999990463256836]]]","[0.09860285371541977,0.007318311836570501,0.09663542360067368,0.011995028704404831,0.011792774312198162,0.030556565150618553,0.006896820850670338]",0.03768539801239967,"[0.022802429273724556,0.03482476621866226,0.04716498404741287,0.046097349375486374,0.03753746673464775]",46,B4
0.0,5.545607564272359e-05,CC,C600,M,,B,178.0770721435547,178.0770721435547,"[1,15,256]",0.0,"[1,15,256]",True,7,534.79736328125,534.79736328125,"[23,15,256]",0.0,"[23,15,256]",True,"[0.14017920196056366,0.024206992238759995,0.05560537800192833,0.04595092311501503,2.2459537982940674,0.49337664246559143,0.0047673932276666164]",0.4300057590007782,"[0.5116297602653503,0.5450713634490967,0.4900323748588562,0.35827529430389404,0.2450200915336609]",0.17257407307624817,281.986083984375,281.986083984375,[81920],0.0,[81920],True,5,418.7113952636719,418.7113952636719,"[23,50,1024]",0.0,"[23,50,1024]",True,"[[[-0.6444118022918701,0.04010121524333954,-1.0654369592666626,-0.2435503751039505,-0.08203888684511185,-0.04473577067255974,-1.014763593673706],[-0.6500123739242554,0.05334315448999405,-1.0792748928070068,-0.2569923400878906,-0.07733047008514404,-0.03250895440578461,-1.0176366567611694],[-0.6666148900985718,0.0772710070014,-1.1046204566955566,-0.2760307192802429,-0.09296739846467972,-0.03374349698424339,-1.0112502574920654],[-0.6678864359855652,0.07431948184967041,-1.0951017141342163,-0.26500368118286133,-0.08583343774080276,-0.02983471006155014,-1.0066606998443604],[-0.6720169186592102,0.08846428990364075,-1.065951943397522,-0.2544477880001068,-0.06703107804059982,-0.04061552882194519,-1.0123498439788818]]]","[0.04077159985899925,0.002321301493793726,0.1242598444223404,0.033020418137311935,1.509619951248169,0.2830166220664978,0.0001704934547888115]",0.28474000096321106,"[0.345026433467865,0.35277682542800903,0.31973332166671753,0.23586618900299072,0.17029741406440735]",35.91197648959751,0.0,42.4073250221516,0.0,4644491651927860461,46,974.045654296875,974.045654296875,"[1,23,256]",0.0,"[1,23,256]",True,49,0.25,27,libero_spatial,5,"[[[-0.3571432828903198,0.02180635929107666,-0.6802327036857605,-0.07071006298065186,-1.4255306720733643,-0.6353988647460938,-1.0],[-0.3964289426803589,0.02180635929107666,-0.6744188070297241,-0.050508081912994385,-1.443767786026001,-0.607080340385437,-1.0],[-0.4500003457069397,0.02180635929107666,-0.7005815505981445,-0.05724203586578369,-1.38905668258667,-0.5787618160247803,-1.0],[-0.5678573846817017,0.02180635929107666,-0.7790699005126953,-0.08417803049087524,-1.2066863775253296,-0.5292043685913086,-1.0],[-0.6821430921554565,0.02180635929107666,-0.8517442941665649,-0.14478391408920288,-1.0364739894866943,-0.476107120513916,-1.0]]]","[0.16972753405570984,0.03216053172945976,0.03527560830116272,0.03076997771859169,1.1633833646774292,0.24128364026546478,0.0020768470130860806]",0.2392396181821823,"[0.2946164608001709,0.3025909960269928,0.2744811773300171,0.19530241191387177,0.12920710444450378]",48,B4
0.0,0.00034311244962736964,CC,C600,M,,B,178.0770721435547,178.0770721435547,"[1,15,256]",0.0,"[1,15,256]",True,7,534.79736328125,534.79736328125,"[23,15,256]",0.0,"[23,15,256]",True,"[1.0507309436798096,0.23178565502166748,0.05842697620391846,0.07989151030778885,0.014500579796731472,0.022676946595311165,8.747129322728142e-05]",0.20830000936985016,"[0.2161078155040741,0.14151926338672638,0.15011338889598846,0.24552644789218903,0.28823322057724]",0.1521330624818802,281.986083984375,281.986083984375,[81920],0.0,[81920],True,5,418.7113952636719,418.7113952636719,"[23,50,1024]",0.0,"[23,50,1024]",True,"[[[0.6106472611427307,-0.14060477912425995,-0.4547611474990845,-0.07606538385152817,-0.6821902394294739,-0.06649314612150192,1.0053459405899048],[0.6033881306648254,-0.23063254356384277,-0.6112052798271179,-0.09835214167833328,-0.6282782554626465,-0.0687507838010788,1.005886197090149],[0.5776650905609131,-0.2709224820137024,-0.736159086227417,-0.12943704426288605,-0.5825403928756714,-0.06864366680383682,1.0093483924865723],[0.5392560958862305,-0.2795299291610718,-0.8335464596748352,-0.151841402053833,-0.5862619876861572,-0.06718739867210388,1.0118690729141235],[0.48132002353668213,-0.24026715755462646,-0.9478122591972351,-0.1891910284757614,-0.6220340728759766,-0.059238553047180176,1.0112998485565186]]]","[0.23938798904418945,0.021290069445967674,0.07661470770835876,0.025983070954680443,0.15630482137203217,0.0006551606929861009,8.38527557789348e-05]",0.0743313804268837,"[0.05555180460214615,0.06888773292303085,0.07649555057287216,0.07924263924360275,0.09147919714450836]",35.91197648959751,0.0,42.4073250221516,0.0,4698308146476797737,46,974.045654296875,974.045654296875,"[1,23,256]",0.0,"[1,23,256]",True,49,0.75,80,libero_spatial,5,"[[[1.064284324645996,-0.11215001344680786,-0.3488374948501587,-0.2659956216812134,-1.0486321449279785,-0.040709614753723145,0.9999990463256836],[1.042855978012085,-0.13707208633422852,-0.3575584888458252,-0.2659956216812134,-1.0607901811599731,-0.040709614753723145,0.9999990463256836],[1.0499987602233887,-0.14330261945724487,-0.42441892623901367,-0.2659956216812134,-1.006079077720642,-0.040709614753723145,0.9999990463256836],[1.071427345275879,-0.07476687431335449,-0.5465118885040283,-0.2659956216812134,-0.9513679146766663,-0.040709614753723145,0.9999990463256836],[1.0214273929595947,-0.043614208698272705,-0.5901165008544922,-0.3737393617630005,-1.006079077720642,-0.040709614753723145,0.9999990463256836]]]","[0.014872625470161438,0.0011076591908931732,0.004885037895292044,0.03333545848727226,0.46984800696372986,0.008253159932792187,6.20403588982299e-05]",0.0760519951581955,"[0.09344848990440369,0.09173785150051117,0.06806940585374832,0.05814399570226669,0.06886028498411179]",48,B4
0.0,7.582495982205728e-06,CC,C600,M,,A,186.9268798828125,186.9268798828125,"[1,14,256]",0.0,"[1,14,256]",True,5,607.3037109375,607.3037109375,"[37,14,256]",0.0,"[37,14,256]",True,"[0.15302366018295288,0.0008937410311773419,0.09573622047901154,0.09326460212469101,1.132521629333496,0.0043274532072246075,0.0020743964705616236]",0.21169167757034302,"[0.1781213879585266,0.2023589015007019,0.22299987077713013,0.22284498810768127,0.23213323950767517]",0.10714639723300934,281.8841857910156,281.8841857910156,[81920],0.0,[81920],True,7,530.3607177734375,530.3607177734375,"[37,50,1024]",0.0,"[37,50,1024]",True,"[[[-0.1659759134054184,0.0035384073853492737,0.0068907588720321655,-0.24172398447990417,-0.07101240754127502,-0.11490649729967117,0.999930739402771],[-0.14263726770877838,0.0024746544659137726,0.028387388214468956,-0.22722099721431732,-0.07494799792766571,-0.1228397935628891,0.9968072772026062],[-0.14909392595291138,0.0038991719484329224,0.04060395061969757,-0.21121343970298767,-0.08444556593894958,-0.12235943228006363,1.0037349462509155],[-0.13206280767917633,0.006631083786487579,0.06422106921672821,-0.19460801780223846,-0.061500951647758484,-0.11629480123519897,1.0126445293426514],[-0.12417047470808029,-0.0010193437337875366,0.09028297662734985,-0.18657389283180237,-0.06393247097730637,-0.10662911832332611,1.0024034976959229]]]","[0.09771328419446945,0.0005161507870070636,0.12586376070976257,0.06700360774993896,0.7759608626365662,0.004699063953012228,3.796772944042459e-05]",0.15311351418495178,"[0.1345793455839157,0.15207920968532562,0.16035184264183044,0.1553778052330017,0.1631794571876526]",29.664717354828824,0.0,37.256802409905816,0.0,3060169894559326343,48,1242.627197265625,1242.627197265625,"[1,37,256]",0.0,"[1,37,256]",True,47,0.25,30,libero_spatial,7,"[[[-0.5750002861022949,0.02180635929107666,-0.4447677731513977,-0.4814831614494324,0.641332745552063,-0.040709614753723145,0.9999990463256836],[-0.5142860412597656,0.02180635929107666,-0.36627936363220215,-0.49495112895965576,0.7568339109420776,-0.040709614753723145,0.9999990463256836],[-0.45357179641723633,0.02180635929107666,-0.29651206731796265,-0.5016851425170898,0.8237029314041138,-0.040709614753723145,0.9999990463256836],[-0.38571470975875854,0.02180635929107666,-0.2412794828414917,-0.47474920749664307,0.8601770401000977,-0.07610780000686646,0.9999990463256836],[-0.2857147455215454,-0.03738367557525635,-0.15988421440124512,-0.39394134283065796,0.9392043352127075,-0.16106337308883667,0.9999990463256836]]]","[0.04726932942867279,0.00032431300496682525,0.025169694796204567,0.041971348226070404,0.5862518548965454,0.002658735727891326,0.004594635218381882]",0.10117712616920471,"[0.08288519829511642,0.09478633850812912,0.10240418463945389,0.10887818038463593,0.1169317215681076]",46,B4
0.0,0.00011675892892526463,CC,C600,M,,A,186.9268798828125,186.9268798828125,"[1,14,256]",0.0,"[1,14,256]",True,5,607.3037109375,607.3037109375,"[37,14,256]",0.0,"[37,14,256]",True,"[0.07247398048639297,0.06382322311401367,0.02673058770596981,0.013080260716378689,0.05400091037154198,0.02248244360089302,0.00017640717851463705]",0.03610968589782715,"[0.030456475913524628,0.03098181262612343,0.03435853123664856,0.038722556084394455,0.04602906480431557]",0.1197514757514,281.8841857910156,281.8841857910156,[81920],0.0,[81920],True,7,530.3607177734375,530.3607177734375,"[37,50,1024]",0.0,"[37,50,1024]",True,"[[[0.4334889054298401,0.45870161056518555,-0.02912329137325287,-0.2751460373401642,-0.5685276389122009,-0.5501911044120789,0.9989678859710693],[0.4224373996257782,0.433036208152771,-0.05231158807873726,-0.27100852131843567,-0.5351305603981018,-0.5356695055961609,1.00140380859375],[0.41883987188339233,0.4090392291545868,-0.0723133385181427,-0.2634778618812561,-0.5165215730667114,-0.5264652967453003,1.003474235534668],[0.42150411009788513,0.3864673972129822,-0.09843388199806213,-0.26018306612968445,-0.50417160987854,-0.5191298723220825,1.006905198097229],[0.42206016182899475,0.3652840852737427,-0.12083110958337784,-0.2577998638153076,-0.4982939064502716,-0.5060585737228394,1.0062059164047241]]]","[0.06333226710557938,0.0023411803413182497,0.14124734699726105,4.3230927985860035e-05,0.2073201686143875,0.05518215522170067,2.0266750652808696e-05]",0.06706951558589935,"[0.0789891853928566,0.07211817800998688,0.06655648350715637,0.06121993809938431,0.05646380037069321]",29.664717354828824,0.0,37.256802409905816,0.0,5106880675780522306,48,1242.627197265625,1242.627197265625,"[1,37,256]",0.0,"[1,37,256]",True,47,0.75,92,libero_spatial,7,"[[[0.6607131958007812,0.42367517948150635,-0.46511656045913696,-0.2659956216812134,-0.06991147994995117,-0.30265605449676514,0.9999990463256836],[0.6714276075363159,0.4299057722091675,-0.46511656045913696,-0.2659956216812134,-0.06991147994995117,-0.29911625385284424,0.9999990463256836],[0.6785702705383301,0.4392514228820801,-0.4505816698074341,-0.2659956216812134,-0.06991147994995117,-0.29203659296035767,0.9999990463256836],[0.6821417808532715,0.4423668384552002,-0.436046838760376,-0.2659956216812134,-0.06991147994995117,-0.2849569320678711,0.9999990463256836],[0.6821417808532715,0.44548213481903076,-0.4186049699783325,-0.2659956216812134,-0.06991147994995117,-0.2849569320678711,0.9999990463256836]]]","[0.06622230261564255,0.05508231744170189,0.02418302558362484,0.010159015655517578,0.05426923558115959,0.01857297495007515,0.0002118262927979231]",0.032671526074409485,"[0.0264654029160738,0.027538606896996498,0.031195558607578278,0.036554835736751556,0.04160323366522789]",46,B4
0.0,5.136446816322859e-06,CC,C600,M,,B,186.76947021484375,186.76947021484375,"[1,14,256]",0.0,"[1,14,256]",True,5,522.2348022460938,522.2348022460938,"[28,14,256]",0.0,"[28,14,256]",True,"[0.13981133699417114,0.008686584420502186,0.0363149531185627,0.16417281329631805,0.06971120089292526,0.02163257636129856,0.0004415348812472075]",0.06296728551387787,"[0.05099868029356003,0.05110270157456398,0.05603336542844772,0.07897476106882095,0.07772692292928696]",0.07237623631954193,281.865966796875,281.865966796875,[81920],0.0,[81920],True,7,462.6862487792969,462.6862487792969,"[28,50,1024]",0.0,"[28,50,1024]",True,"[[[-0.13393913209438324,-0.0210949145257473,-0.01431671530008316,-0.264859676361084,0.2905047535896301,-0.08031921088695526,1.006102204322815],[-0.1236102283000946,-0.021630700677633286,-0.0055288709700107574,-0.26440906524658203,0.3293167054653168,-0.08156963437795639,1.0125483274459839],[-0.11229630559682846,-0.023846101015806198,-0.002715669572353363,-0.2556866407394409,0.3449954688549042,-0.08053149282932281,1.0136116743087769],[-0.10656006634235382,-0.026083290576934814,0.009272780269384384,-0.2519083023071289,0.3558981418609619,-0.0858699381351471,1.0140968561172485],[-0.07194533199071884,0.0004735328257083893,0.03125151991844177,-0.2519063651561737,0.3606628477573395,-0.0841197669506073,1.0143200159072876]]]","[0.052351951599121094,0.0017210996011272073,0.05695665627717972,0.03755798935890198,0.05676942691206932,0.004372673109173775,0.0001567750150570646]",0.029983792454004288,"[0.019358035176992416,0.01837492361664772,0.02412320487201214,0.034751202911138535,0.053311608731746674]",28.958710314448947,0.0,36.82829419721057,0.0,4594143207052349333,46,1087.47802734375,1087.47802734375,"[1,28,256]",0.0,"[1,28,256]",True,49,0.25,38,libero_spatial,7,"[[[-0.3535718321800232,-0.09345841407775879,-0.2674422860145569,-0.3468034863471985,0.21580207347869873,-0.005311429500579834,0.9999990463256836],[-0.3250004053115845,-0.05919051170349121,-0.23546552658081055,-0.40067535638809204,0.2279599905014038,-0.012391090393066406,0.9999990463256836],[-0.33214324712753296,-0.028037965297698975,-0.22674459218978882,-0.4478132128715515,0.17324888706207275,-0.019470691680908203,0.9999990463256836],[-0.3285719156265259,0.012460470199584961,-0.20639574527740479,-0.5218870639801025,0.09422183036804199,-0.019470691680908203,0.9999990463256836],[-0.3464289903640747,0.02180635929107666,-0.23546552658081055,-0.4814831614494324,-0.051674485206604004,-0.02655029296875,0.9999990463256836]]]","[0.05359361693263054,0.0014114556834101677,0.09385081380605698,0.03628109022974968,0.015313674695789814,0.009114924818277359,0.00028919539181515574]",0.029979253187775612,"[0.018438497558236122,0.020642628893256187,0.026155667379498482,0.03523483872413635,0.04942464083433151]",48,B4
0.0,0.00013319551362656057,CC,C600,M,,B,186.76947021484375,186.76947021484375,"[1,14,256]",0.0,"[1,14,256]",True,5,522.2348022460938,522.2348022460938,"[28,14,256]",0.0,"[28,14,256]",True,"[0.014189988374710083,0.0002190586383221671,0.024762406945228577,0.0009771373588591814,0.048626676201820374,0.006113103590905666,0.004809913691133261]",0.01424261275678873,"[0.017335334792733192,0.014660516753792763,0.014717059209942818,0.01302372571080923,0.011476428247988224]",0.0497724786400795,281.865966796875,281.865966796875,[81920],0.0,[81920],True,7,462.6862487792969,462.6862487792969,"[28,50,1024]",0.0,"[28,50,1024]",True,"[[[0.3403874933719635,0.7273095846176147,-0.2156943827867508,-0.2180844247341156,-0.7493417859077454,-0.06290647387504578,1.009824514389038],[0.3230002522468567,0.7197991013526917,-0.2596319615840912,-0.2037397027015686,-0.733042299747467,-0.05961553752422333,1.0094937086105347],[0.31073036789894104,0.708380401134491,-0.30760911107063293,-0.21757222712039948,-0.704401433467865,-0.06257367134094238,1.0101925134658813],[0.27609044313430786,0.6963388323783875,-0.3527880907058716,-0.21265941858291626,-0.6833881735801697,-0.061181358993053436,1.0097039937973022],[0.24957796931266785,0.6944273114204407,-0.40409964323043823,-0.21855005621910095,-0.6650491952896118,-0.05695224180817604,1.0099568367004395]]]","[0.017620611935853958,0.0007909940904937685,0.0006048610666766763,0.002603658940643072,0.1937047392129898,0.02729318104684353,9.678775677457452e-05]",0.034673549234867096,"[0.037962641566991806,0.04016990587115288,0.034626852720975876,0.03053649142384529,0.030071841552853584]",28.958710314448947,0.0,36.82829419721057,0.0,4843176701914511588,46,1087.47802734375,1087.47802734375,"[1,28,256]",0.0,"[1,28,256]",True,49,0.75,114,libero_spatial,7,"[[[0.503570556640625,0.7725847959518433,-0.21220970153808594,-0.2659956216812134,-0.27051883935928345,-0.1362847089767456,0.9999990463256836],[0.46071338653564453,0.7507778406143188,-0.2906981110572815,-0.2659956216812134,-0.24012374877929688,-0.17522269487380981,0.9999990463256836],[0.4249991178512573,0.732086181640625,-0.34011662006378174,-0.2659956216812134,-0.2583608031272888,-0.22478008270263672,0.9999990463256836],[0.3892848491668701,0.7133947610855103,-0.3837212324142456,-0.2659956216812134,-0.2887558937072754,-0.2637180685997009,0.9999990463256836],[0.37857067584991455,0.7040488719940186,-0.4098840355873108,-0.2592616677284241,-0.2887558937072754,-0.2814171314239502,0.9999990463256836]]]","[0.00692170113325119,0.00036206631921231747,0.03516164794564247,0.003465060144662857,0.01941508613526821,0.00348173757083714,0.00035033273161388934]",0.009879660792648792,"[0.009571912698447704,0.009327542036771774,0.010377006605267525,0.011062873527407646,0.009058976545929909]",48,B4
0.0,3.735045902431011e-05,CC,C600,M,,A,234.01585388183594,234.01585388183594,"[1,11,256]",0.0,"[1,11,256]",True,14,488.67181396484375,488.67181396484375,"[25,11,256]",0.0,"[25,11,256]",True,"[0.05322081968188286,0.0049508498050272465,0.012665646150708199,0.0032327757216989994,0.3654138445854187,0.007531657814979553,0.0005449939635582268]",0.0639372244477272,"[0.08175431936979294,0.08345209062099457,0.061790984123945236,0.038961246609687805,0.053727492690086365]",0.05361226573586464,281.9524841308594,281.9524841308594,[81920],0.0,[81920],True,12,436.5965270996094,436.5965270996094,"[25,50,1024]",0.0,"[25,50,1024]",True,"[[[-0.2508009672164917,0.11864900588989258,-0.5949551463127136,-0.2621932029724121,-0.25192174315452576,-0.020090550184249878,-0.9972236156463623],[-0.2787465751171112,0.11458685994148254,-0.6139040589332581,-0.2717459499835968,-0.24502156674861908,-0.02930259518325329,-1.0072273015975952],[-0.31487247347831726,0.058604367077350616,-0.6668102741241455,-0.2547285258769989,-0.2404375672340393,-0.031760744750499725,-1.0126452445983887],[-0.31795793771743774,0.03393127769231796,-0.706866443157196,-0.23877248167991638,-0.2136763334274292,-0.04224497079849243,-1.013372540473938],[-0.29147642850875854,-0.008358374238014221,-0.7434588670730591,-0.24527961015701294,-0.15942880511283875,-0.04114784672856331,-1.002027988433838]]]","[0.013882658444344997,0.0038254358805716038,0.005599582102149725,0.00026894491747953,0.10291790217161179,9.515889541944489e-05,8.055639773374423e-05]",0.018095744773745537,"[0.020669488236308098,0.022824816405773163,0.015469122678041458,0.010846560820937157,0.020668748766183853]",30.069179950654053,0.0,47.047223167022835,0.0,5545119331277237353,48,967.9295654296875,967.9295654296875,"[1,25,256]",0.0,"[1,25,256]",True,47,0.25,32,libero_object,2,"[[[-0.1285719871520996,0.04361319541931152,-0.6831396818161011,-0.2659956216812134,-0.5927063226699829,-0.03363001346588135,-1.0],[-0.1285719871520996,0.02180635929107666,-0.7005815505981445,-0.2659956216812134,-0.5927063226699829,-0.040709614753723145,-1.0],[-0.16071486473083496,0.02180635929107666,-0.7034885287284851,-0.2659956216812134,-0.525837242603302,-0.040709614753723145,-1.0],[-0.22857189178466797,0.02180635929107666,-0.6831396818161011,-0.2659956216812134,-0.47112613916397095,-0.037169814109802246,-1.0],[-0.2785719037055969,0.049843668937683105,-0.6395350694656372,-0.2659956216812134,-0.5197582244873047,-0.03363001346588135,-1.0]]]","[0.08596610277891159,0.0025603261310607195,0.0017852450255304575,0.002472825348377228,0.13390901684761047,0.003497813595458865,0.11100932210683823]",0.04874294996261597,"[0.044864218682050705,0.04922246187925339,0.050701066851615906,0.04382229596376419,0.055104710161685944]",46,B4
0.0,0.0001093713435693644,CC,C600,M,,A,234.01585388183594,234.01585388183594,"[1,11,256]",0.0,"[1,11,256]",True,14,488.67181396484375,488.67181396484375,"[25,11,256]",0.0,"[25,11,256]",True,"[0.022013099864125252,0.0013323217863216996,0.016030337661504745,0.0012224591337144375,0.0005698919994756579,0.015230119228363037,0.0005450639873743057]",0.008134757168591022,"[0.008603700436651707,0.0059919110499322414,0.006225298158824444,0.009392683394253254,0.01046018861234188]",0.06291750073432922,281.9524841308594,281.9524841308594,[81920],0.0,[81920],True,12,436.5965270996094,436.5965270996094,"[25,50,1024]",0.0,"[25,50,1024]",True,"[[[-0.27987030148506165,0.9045872688293457,-0.17786291241645813,-0.260981947183609,-0.07692121714353561,-0.02103959396481514,1.0118498802185059],[-0.29391881823539734,0.8611077666282654,-0.25163203477859497,-0.2636452317237854,-0.07579062879085541,-0.022145109251141548,1.0172326564788818],[-0.3174891769886017,0.827087938785553,-0.29080721735954285,-0.2575877606868744,-0.05714826285839081,-0.022125599905848503,1.0257165431976318],[-0.30504873394966125,0.7751312255859375,-0.3314966857433319,-0.2489241361618042,-0.08848638832569122,-0.02229366824030876,1.0194212198257446],[-0.3007185161113739,0.7217122316360474,-0.3872821629047394,-0.23733481764793396,-0.07264265418052673,-0.037425197660923004,1.0177621841430664]]]","[0.0031733568757772446,0.0016268457984551787,0.0028411976527422667,0.00024284613027703017,0.003151028184220195,0.0157619658857584,0.0003583158541005105]",0.003879364812746644,"[0.0046648443676531315,0.0030790872406214476,0.0034286726731806993,0.003882128745317459,0.004342093598097563]",30.069179950654053,0.0,47.047223167022835,0.0,6063945589377718727,48,967.9295654296875,967.9295654296875,"[1,25,256]",0.0,"[1,25,256]",True,47,0.75,95,libero_object,2,"[[[-0.30357182025909424,0.8348900079727173,-0.2790701985359192,-0.2659956216812134,-0.1428595781326294,-0.1327449083328247,0.9999990463256836],[-0.2678576111793518,0.819313645362854,-0.3052329421043396,-0.2659956216812134,-0.13678061962127686,-0.1327449083328247,0.9999990463256836],[-0.25357192754745483,0.8037372827529907,-0.32267481088638306,-0.2659956216812134,-0.11854356527328491,-0.1398245096206665,0.9999990463256836],[-0.23571473360061646,0.7663540840148926,-0.33720964193344116,-0.2659956216812134,-0.13678061962127686,-0.16106337308883667,0.9999990463256836],[-0.2250005006790161,0.6915878057479858,-0.3808143138885498,-0.2659956216812134,-0.11246448755264282,-0.1823022961616516,0.9999990463256836]]]","[0.0318889394402504,0.0009527659858576953,0.0034788064658641815,0.0010221584234386683,0.0013428759993985295,0.013027580454945564,0.0002703186764847487]",0.0074262055568397045,"[0.011971198953688145,0.0060076904483139515,0.00559239974245429,0.006727187894284725,0.0068325563333928585]",46,B4
0.0,0.06420579552650452,CC,C600,M,,B,231.59393310546875,231.59393310546875,"[1,11,256]",0.0,"[1,11,256]",True,14,503.2208251953125,503.2208251953125,"[27,11,256]",0.0,"[27,11,256]",True,"[0.021311799064278603,0.028134388849139214,0.002736894879490137,0.005062601994723082,0.008122897706925869,0.009112583473324776,0.08197072893381119]",0.022350270301103592,"[0.01813710294663906,0.012618991546332836,0.023953165858983994,0.02816549874842167,0.02887660451233387]",0.029373392462730408,281.95452880859375,281.95452880859375,[81920],0.0,[81920],True,12,454.3291015625,454.3291015625,"[27,50,1024]",0.0,"[27,50,1024]",True,"[[[0.10326771438121796,-0.20598459243774414,-0.21348506212234497,-0.22901856899261475,0.07997345179319382,-0.16744473576545715,-0.997616171836853],[0.09789080917835236,-0.20149163901805878,-0.23090842366218567,-0.22693124413490295,0.09113877266645432,-0.15198543667793274,-1.0086288452148438],[0.010724158957600594,-0.14679846167564392,-0.2774187922477722,-0.23641249537467957,0.04467177391052246,-0.11618451774120331,-1.007776141166687],[-0.07493073493242264,-0.0654224082827568,-0.3430400490760803,-0.22776204347610474,0.0166194885969162,-0.08501249551773071,0.9565179347991943],[-0.09772852063179016,-0.04715372622013092,-0.3762895166873932,-0.24195285141468048,-0.019750386476516724,-0.059514693915843964,1.0141693353652954]]]","[0.3337835967540741,0.05587279424071312,0.2171785831451416,0.003920675255358219,0.02887386456131935,0.007291387300938368,1.5769962072372437]",0.31770244240760803,"[0.0797785148024559,0.1096784770488739,0.110329769551754,0.6335012912750244,0.6552242040634155]",30.10452149037971,0.0,47.550649280320116,0.0,1288635900652328787,46,1005.218994140625,1005.218994140625,"[1,27,256]",0.0,"[1,27,256]",True,49,0.25,33,libero_object,2,"[[[-0.2500004768371582,0.10280311107635498,-0.7209303975105286,-0.3400694727897644,-0.14893865585327148,-0.040709614753723145,-1.0],[-0.4857146143913269,0.1152641773223877,-0.7441861629486084,-0.29293161630630493,-0.12462258338928223,-0.040709614753723145,-1.0],[-0.6535716652870178,0.0872267484664917,-0.7703490257263184,-0.2659956216812134,-0.11854356527328491,-0.040709614753723145,-1.0],[-0.703571617603302,0.059189438819885254,-0.767441987991333,-0.2659956216812134,-0.09422749280929565,-0.040709614753723145,-1.0],[-0.703571617603302,0.06853532791137695,-0.7529071569442749,-0.2659956216812134,-0.10030657052993774,-0.040709614753723145,-1.0]]]","[0.023946646600961685,0.02287670038640499,0.0027014794759452343,0.003942995797842741,0.006548805627971888,0.0072403945960104465,0.09717172384262085]",0.02348981983959675,"[0.016012877225875854,0.011550682596862316,0.024812720715999603,0.03121284581720829,0.033859983086586]",48,B4
0.0,2.324098750250414e-05,CC,C600,M,,B,231.59393310546875,231.59393310546875,"[1,11,256]",0.0,"[1,11,256]",True,14,503.2208251953125,503.2208251953125,"[27,11,256]",0.0,"[27,11,256]",True,"[0.621740996837616,0.8921064734458923,0.29518672823905945,0.24275164306163788,0.4590945243835449,0.619036078453064,0.02332882024347782]",0.45046359300613403,"[0.4358876645565033,0.6292532086372375,0.6041176915168762,0.4687016010284424,0.11435791850090027]",0.377899169921875,281.95452880859375,281.95452880859375,[81920],0.0,[81920],True,12,454.3291015625,454.3291015625,"[27,50,1024]",0.0,"[27,50,1024]",True,"[[[-0.384861558675766,0.0829467624425888,-0.8356980085372925,-0.023940056562423706,-0.06486574560403824,-0.06032717972993851,1.006544828414917],[-0.40158629417419434,0.060192398726940155,-0.8319210410118103,-0.025318540632724762,-0.0754890888929367,-0.04251986742019653,1.0053110122680664],[-0.44969817996025085,0.026135221123695374,-0.8217355012893677,-0.04390280693769455,-0.059801533818244934,-0.05373004823923111,1.0063161849975586],[-0.4564679265022278,0.024699151515960693,-0.8164573311805725,-0.08973383158445358,-0.051232144236564636,-0.051727309823036194,1.0093553066253662],[-0.42780235409736633,0.05595681816339493,-0.8077359795570374,-0.14320720732212067,-0.06101714447140694,-0.04253418743610382,1.005939245223999]]]","[0.00823179166764021,0.16671894490718842,0.06716952472925186,0.03591295704245567,0.00020048153237439692,0.025722576305270195,4.675921445596032e-05]",0.04342900216579437,"[0.09014388918876648,0.06464298814535141,0.03659801557660103,0.01473172102123499,0.01102841179817915]",30.10452149037971,0.0,47.550649280320116,0.0,8916442828729476527,46,1005.218994140625,1005.218994140625,"[1,27,256]",0.0,"[1,27,256]",True,49,0.75,99,libero_object,2,"[[[-0.22142904996871948,0.6947031021118164,-0.42441892623901367,-0.2659956216812134,-0.0820695161819458,-0.015930891036987305,0.9999990463256836],[-0.3428575396537781,0.5856688022613525,-0.5000002980232239,-0.2659956216812134,-0.06991147994995117,0.026546835899353027,0.9999990463256836],[-0.45357179641723633,0.3987530469894409,-0.6046513319015503,-0.2659956216812134,-0.06991147994995117,0.09026360511779785,0.9999990463256836],[-0.5035717487335205,0.21495270729064941,-0.7238373756408691,-0.20538973808288574,-0.06991147994995117,0.15398037433624268,0.9999990463256836],[-0.5214288830757141,0.1464167833328247,-0.7790699005126953,-0.12458193302154541,-0.07599043846130371,0.1999979019165039,0.9999990463256836]]]","[0.009101561270654202,0.10825993865728378,0.05721468850970268,0.03830304369330406,0.010133643634617329,0.0413263738155365,0.004892480559647083]",0.038461677730083466,"[0.07107899338006973,0.05244693532586098,0.030980810523033142,0.02151029370725155,0.016291359439492226]",48,B4
0.0,0.0001232998474733904,CC,C600,M,,A,224.1958770751953,224.1958770751953,"[1,10,256]",0.0,"[1,10,256]",True,12,618.3883056640625,618.3883056640625,"[51,10,256]",0.0,"[51,10,256]",True,"[0.012700098566710949,0.027658123522996902,0.012131632305681705,0.00038680408033542335,0.0285943653434515,0.01632077619433403,0.004227693658322096]",0.014574214816093445,"[0.02429981343448162,0.012392488308250904,0.008725335821509361,0.008487889543175697,0.018965542316436768]",0.10404229909181595,281.8962707519531,281.8962707519531,[81920],0.0,[81920],True,14,623.6566772460938,623.6566772460938,"[51,50,1024]",0.0,"[51,50,1024]",True,"[[[-0.1537371277809143,0.049163855612277985,-0.49418777227401733,-0.2743951976299286,-0.08673518151044846,-0.13679471611976624,-1.0104458332061768],[-0.17770689725875854,0.046614184975624084,-0.5277354121208191,-0.2685773968696594,-0.09098443388938904,-0.12922216951847076,-1.0109989643096924],[-0.19207008183002472,0.037338897585868835,-0.5607267022132874,-0.2847318649291992,-0.09126034379005432,-0.11885549128055573,-1.0231379270553589],[-0.19130830466747284,0.025654613971710205,-0.6065502762794495,-0.2805221974849701,-0.08032505214214325,-0.0930045023560524,-1.0080702304840088],[-0.1794804185628891,-0.009047850966453552,-0.6656999588012695,-0.27425122261047363,-0.08650423586368561,-0.09063894301652908,-1.0137863159179688]]]","[0.01140228658914566,0.016153084114193916,0.010887916199862957,0.00014148831542115659,0.00031332849175669253,0.005680257920175791,0.0002041294937953353]",0.006397498771548271,"[0.008328014984726906,0.00465290155261755,0.003084333846345544,0.005909200292080641,0.010013043880462646]",29.657517288512956,0.0,49.96549267451749,0.0,6673264783416593914,48,1402.876220703125,1402.876220703125,"[1,51,256]",0.0,"[1,51,256]",True,47,0.25,40,libero_object,4,"[[[-0.1285719871520996,-0.16199421882629395,-0.5523258447647095,-0.2659956216812134,-0.06991147994995117,-0.040709614753723145,-1.0],[-0.17142915725708008,-0.08099734783172607,-0.6162792444229126,-0.2659956216812134,-0.06991147994995117,-0.040709614753723145,-1.0],[-0.22857189178466797,0.0031147003173828125,-0.668604850769043,-0.2659956216812134,-0.06991147994995117,-0.040709614753723145,-1.0],[-0.3357146978378296,0.02180635929107666,-0.738372266292572,-0.2659956216812134,-0.06991147994995117,-0.040709614753723145,-1.0],[-0.3642861247062683,0.1277252435684204,-0.7848838567733765,-0.2659956216812134,-0.06991147994995117,-0.040709614753723145,-1.0]]]","[0.022542500868439674,0.009964696131646633,0.008452479727566242,0.0007551207672804594,0.02987622655928135,0.0013456387678161263,0.0019290478667244315]",0.01069510169327259,"[0.013909668661653996,0.010211076587438583,0.010310659185051918,0.008034177124500275,0.01100992877036333]",46,B4
0.0,0.00045717463945038617,CC,C600,M,,A,224.1958770751953,224.1958770751953,"[1,10,256]",0.0,"[1,10,256]",True,12,618.3883056640625,618.3883056640625,"[51,10,256]",0.0,"[51,10,256]",True,"[0.13067154586315155,0.060746658593416214,0.008509986102581024,0.00039117279811762273,0.001314066699706018,0.0005069043836556375,0.005691399332135916]",0.029690248891711235,"[0.019331051036715508,0.021111097186803818,0.02673633210361004,0.034818004816770554,0.04645475000143051]",0.034198250621557236,281.8962707519531,281.8962707519531,[81920],0.0,[81920],True,14,623.6566772460938,623.6566772460938,"[51,50,1024]",0.0,"[51,50,1024]",True,"[[[-0.31685441732406616,0.7776282429695129,-0.1614997386932373,-0.30969440937042236,-0.734778106212616,-0.01195107027888298,1.009843111038208],[-0.31706589460372925,0.7835137844085693,-0.18112188577651978,-0.35202497243881226,-0.7612230181694031,-0.002581186592578888,1.010266661643982],[-0.3021279573440552,0.7713322639465332,-0.26071345806121826,-0.39126020669937134,-0.729861855506897,-0.011951848864555359,1.0079896450042725],[-0.2723747789859772,0.7714971899986267,-0.3071175515651703,-0.39350736141204834,-0.7273817658424377,-0.014048410579562187,1.0079772472381592],[-0.24065890908241272,0.7553179860115051,-0.37866848707199097,-0.3673182725906372,-0.7445723414421082,-0.02081865631043911,1.0191460847854614]]]","[0.21537823975086212,0.046279605478048325,0.009035645984113216,0.015259799547493458,0.19201834499835968,0.0014142118161544204,0.0001392880076309666]",0.06850358843803406,"[0.06295030564069748,0.06903353333473206,0.06736792623996735,0.0673941969871521,0.07577201724052429]",29.657517288512956,0.0,49.96549267451749,0.0,4112929797682724988,48,1402.876220703125,1402.876220703125,"[1,51,256]",0.0,"[1,51,256]",True,47,0.75,121,libero_object,4,"[[[0.10357069969177246,0.9906531572341919,-0.1133725643157959,-0.20538973808288574,-0.2826768159866333,-0.040709614753723145,0.9999990463256836],[0.13214218616485596,0.9906531572341919,-0.13953536748886108,-0.2188577651977539,-0.29483485221862793,-0.040709614753723145,0.9999990463256836],[0.17142772674560547,0.9906531572341919,-0.16860508918762207,-0.24579370021820068,-0.3191508650779724,-0.040709614753723145,0.9999990463256836],[0.21428489685058594,0.9844224452972412,-0.20930272340774536,-0.2659956216812134,-0.3252299427986145,-0.05840873718261719,0.9999990463256836],[0.2464277744293213,0.9781920909881592,-0.22674459218978882,-0.2659956216812134,-0.2887558937072754,-0.06548833847045898,0.9999990463256836]]]","[0.08801700919866562,0.05391816049814224,0.0007832770352251828,0.0004535978368949145,0.004496781155467033,0.00032346969237551093,0.0010002678027376533]",0.02128465101122856,"[0.014580723829567432,0.015061821788549423,0.020113065838813782,0.026663849130272865,0.030003800988197327]",46,B4
0.0,6.658834900008515e-05,CC,C600,M,,B,225.544677734375,225.544677734375,"[1,10,256]",0.0,"[1,10,256]",True,12,473.0758361816406,473.0758361816406,"[30,10,256]",0.0,"[30,10,256]",True,"[0.20759764313697815,0.00879668164998293,0.06838500499725342,0.0017109195468947291,0.02202621102333069,0.020385941490530968,0.00970817543566227]",0.04837293550372124,"[0.022462699562311172,0.025642478838562965,0.028155617415905,0.06468185037374496,0.10092204064130783]",0.13128890097141266,281.9199523925781,281.9199523925781,[81920],0.0,[81920],True,14,478.00079345703125,478.00079345703125,"[30,50,1024]",0.0,"[30,50,1024]",True,"[[[-0.267523854970932,0.014744885265827179,-0.7083830237388611,-0.25125589966773987,-0.16078568994998932,-0.016871772706508636,-1.004601240158081],[-0.3430057168006897,0.00022261589765548706,-0.7143455743789673,-0.26437151432037354,-0.17187057435512543,-0.01880527287721634,-1.0098285675048828],[-0.3659234941005707,-0.011409590020775795,-0.7157043218612671,-0.2597828507423401,-0.1832868903875351,-0.018774693831801414,-1.0109169483184814],[-0.37705785036087036,-0.022508088499307632,-0.7184551954269409,-0.27026796340942383,-0.1847975105047226,-0.0169817004352808,-1.0223515033721924],[-0.4046511650085449,-0.030246254056692123,-0.7084564566612244,-0.28182148933410645,-0.198500394821167,-0.020314417779445648,-1.0271658897399902]]]","[0.12514428794384003,0.001254311646334827,0.025173446163535118,0.00010544133692746982,0.02774253487586975,0.0007943667587824166,0.00029490544693544507]",0.02578704245388508,"[0.011467563919723034,0.015354359522461891,0.01948062889277935,0.03540894016623497,0.047223713248968124]",30.376258714129236,0.0,52.88790712428922,0.0,6941690631084841007,46,1089.739013671875,1089.739013671875,"[1,30,256]",0.0,"[1,30,256]",True,49,0.25,39,libero_object,4,"[[[-0.38571470975875854,0.009345293045043945,-0.8895349502563477,-0.2659956216812134,-0.33738791942596436,-0.061948537826538086,-1.0],[-0.5285717248916626,0.02180635929107666,-0.9098837971687317,-0.2659956216812134,-0.3556249737739563,-0.040709614753723145,-1.0],[-0.6428573727607727,0.02180635929107666,-0.8953489065170288,-0.2659956216812134,-0.34346693754196167,-0.040709614753723145,-1.0],[-0.8321429491043091,0.02180635929107666,-0.8459303379058838,-0.2659956216812134,-0.33130890130996704,-0.040709614753723145,-1.0],[-0.9464285969734192,0.02180635929107666,-0.7877907752990723,-0.2659956216812134,-0.3617039918899536,-0.040709614753723145,-1.0]]]","[0.1128644347190857,0.000848514202516526,0.06944558024406433,0.0017560779815539718,0.0012056258274242282,0.0009505737689323723,0.0005551936337724328]",0.026803715154528618,"[0.0143015431240201,0.018411947414278984,0.023720137774944305,0.03224394842982292,0.04534099996089935]",48,B4
0.0,0.00019997598428744823,CC,C600,M,,B,225.544677734375,225.544677734375,"[1,10,256]",0.0,"[1,10,256]",True,12,473.0758361816406,473.0758361816406,"[30,10,256]",0.0,"[30,10,256]",True,"[0.006533421576023102,0.13220292329788208,0.02618519403040409,0.013801953755319118,0.015098881907761097,0.01580049656331539,0.006366335786879063]",0.030855601653456688,"[0.04515625908970833,0.04137213155627251,0.028228729963302612,0.019394781440496445,0.0201261006295681]",0.05890551954507828,281.9199523925781,281.9199523925781,[81920],0.0,[81920],True,14,478.00079345703125,478.00079345703125,"[30,50,1024]",0.0,"[30,50,1024]",True,"[[[-0.09856683015823364,0.6956915855407715,-0.22513742744922638,-0.2818473279476166,-0.5915408134460449,-0.03031812608242035,1.0092865228652954],[-0.13633237779140472,0.6439687609672546,-0.30022308230400085,-0.2671094834804535,-0.6218218803405762,-0.03091590106487274,1.0080806016921997],[-0.20133183896541595,0.5496655702590942,-0.444607675075531,-0.24856378138065338,-0.6567018032073975,-0.038282401859760284,1.0020537376403809],[-0.20897243916988373,0.4441516101360321,-0.5492826700210571,-0.22466492652893066,-0.6244606971740723,-0.054556071758270264,1.003106713294983],[-0.1986711025238037,0.3477037250995636,-0.6313832998275757,-0.21053236722946167,-0.6013864874839783,-0.05747996270656586,1.0019797086715698]]]","[0.010674688033759594,0.08808929473161697,0.015653735026717186,0.013865974731743336,0.3102172017097473,0.0001365520292893052,3.3874228392960504e-05]",0.06266733258962631,"[0.051128339022397995,0.05756451562047005,0.06952665746212006,0.06603094935417175,0.06908618658781052]",30.376258714129236,0.0,52.88790712428922,0.0,7799883917981918442,46,1089.739013671875,1089.739013671875,"[1,30,256]",0.0,"[1,30,256]",True,49,0.75,116,libero_object,4,"[[[-6.556510925292969e-07,0.9563851356506348,-0.13953536748886108,-0.30639952421188354,-0.06991147994995117,-0.040709614753723145,0.9999990463256836],[-0.02857208251953125,0.9190021753311157,-0.23255854845046997,-0.3468034863471985,-0.06991147994995117,-0.040709614753723145,0.9999990463256836],[-0.0750005841255188,0.8504661321640015,-0.302325963973999,-0.3737393617630005,-0.06991147994995117,-0.040709614753723145,0.9999990463256836],[-0.11428624391555786,0.7445472478866577,-0.4098840355873108,-0.3737393617630005,-0.05775344371795654,-0.040709614753723145,0.9999990463256836],[-0.11428624391555786,0.6884726285934448,-0.46802353858947754,-0.3670054078102112,-0.04559546709060669,-0.040709614753723145,0.9999990463256836]]]","[0.0037989583797752857,0.10850919783115387,0.01810714416205883,0.012783310376107693,0.011802016757428646,0.01386183500289917,0.002501215087249875]",0.02448052354156971,"[0.03585083782672882,0.03379398211836815,0.022381125018000603,0.015073503367602825,0.015303179621696472]",48,B4
0.0,0.00019656470976769924,CC,C600,M,,A,139.923828125,139.923828125,"[1,7,256]",0.0,"[1,7,256]",True,25,371.0729675292969,371.0729675292969,"[26,7,256]",0.0,"[26,7,256]",True,"[0.14985021948814392,0.03121955506503582,0.03641790896654129,0.06874104589223862,0.023204496130347252,0.058120280504226685,0.0014003758551552892]",0.052707694470882416,"[0.059389036148786545,0.05316685512661934,0.05510013550519943,0.042777661234140396,0.05310480296611786]",0.05277154967188835,281.97021484375,281.97021484375,[81920],0.0,[81920],True,20,443.2121276855469,443.2121276855469,"[26,50,1024]",0.0,"[26,50,1024]",True,"[[[-0.3096253573894501,-0.1605587601661682,-0.3896745443344116,-0.9859389662742615,0.7455231547355652,0.943863034248352,-1.0048296451568604],[-0.3007558584213257,-0.1731792390346527,-0.42707282304763794,-1.0458223819732666,0.7443950772285461,0.9216716885566711,-1.007902979850769],[-0.2829245328903198,-0.19462962448596954,-0.46748360991477966,-1.088944435119629,0.7571551203727722,0.9085415601730347,-1.0081167221069336],[-0.260697603225708,-0.2015962302684784,-0.4883526861667633,-1.1246862411499023,0.8108363747596741,0.8884141445159912,-1.013405680656433],[-0.2286374568939209,-0.20793472230434418,-0.5048537254333496,-1.1509745121002197,0.9015159606933594,0.8652212619781494,-1.0171409845352173]]]","[0.12219779938459396,0.04416212812066078,0.049866124987602234,0.047651730477809906,0.04146430641412735,0.027144307270646095,0.00012503787002060562]",0.04751591756939888,"[0.03628595545887947,0.04138127714395523,0.05003988370299339,0.053983740508556366,0.055888742208480835]",33.91960020445989,0.0,37.4540404041946,0.0,3228420230932740579,48,892.5598754882812,892.5598754882812,"[1,26,256]",0.0,"[1,26,256]",True,47,0.25,31,libero_goal,0,"[[[0.07499933242797852,0.02180635929107666,-0.2034887671470642,-0.8922562599182129,0.7629129886627197,0.7734483480453491,-1.0],[0.07499933242797852,0.02180635929107666,-0.2151166796684265,-0.8855222463607788,0.8601770401000977,0.7592891454696655,-1.0],[0.07499933242797852,0.02180635929107666,-0.2296515703201294,-0.8720543384552002,0.9635201692581177,0.738050103187561,-1.0],[0.06785643100738525,0.02180635929107666,-0.2500004172325134,-0.8653203248977661,1.0729424953460693,0.7238909006118774,-1.0],[0.0642850399017334,0.02180635929107666,-0.2674422860145569,-0.8518523573875427,1.188443660736084,0.7097315788269043,-1.0]]]","[0.01723657362163067,0.012341367080807686,0.00845240242779255,0.0007936233887448907,0.07492389529943466,0.029064679518342018,0.0002305520320078358]",0.020434727892279625,"[0.00883928220719099,0.010963572189211845,0.020378917455673218,0.02111062780022621,0.040881238877773285]",46,B4
0.0,0.00020892071188427508,CC,C600,M,,A,139.923828125,139.923828125,"[1,7,256]",0.0,"[1,7,256]",True,25,371.0729675292969,371.0729675292969,"[26,7,256]",0.0,"[26,7,256]",True,"[0.029595283791422844,0.019812097772955894,0.037001628428697586,0.05478388071060181,0.0006477084825746715,0.0059836688451468945,0.0003875608090311289]",0.02117311768233776,"[0.01862456649541855,0.01655065082013607,0.016129249706864357,0.019140703603625298,0.03542042151093483]",0.06720229238271713,281.97021484375,281.97021484375,[81920],0.0,[81920],True,20,443.2121276855469,443.2121276855469,"[26,50,1024]",0.0,"[26,50,1024]",True,"[[[-0.14796505868434906,0.6403380036354065,-0.6862425804138184,0.46808111667633057,-0.03022470511496067,-0.2151421308517456,-1.0197046995162964],[-0.18152794241905212,0.8766298294067383,-0.7540342211723328,0.2783377468585968,-0.0363503023982048,-0.16708959639072418,-1.0174317359924316],[-0.21101319789886475,1.0462877750396729,-0.8098770380020142,0.11012901365756989,-0.050487685948610306,-0.14974568784236908,-1.0236045122146606],[-0.21741828322410583,1.16087007522583,-0.8421711921691895,-0.010176509618759155,-0.05994884669780731,-0.13364408910274506,-1.0277451276779175],[-0.21737147867679596,1.219292402267456,-0.8552308082580566,-0.10726924240589142,-0.0518682636320591,-0.1270780861377716,-1.0321229696273804]]]","[0.12179145961999893,0.028837591409683228,0.0640936866402626,0.2411850243806839,0.0007006977102719247,0.014876759611070156,0.000610198185313493]",0.06744220107793808,"[0.11353136599063873,0.07518215477466583,0.051522623747587204,0.048580195754766464,0.04839468374848366]",33.91960020445989,0.0,37.4540404041946,0.0,166261170614490845,48,892.5598754882812,892.5598754882812,"[1,26,256]",0.0,"[1,26,256]",True,47,0.75,94,libero_goal,0,"[[[-0.46071457862854004,0.5763231515884399,-1.034883737564087,-0.2659956216812134,-0.06991147994995117,-0.040709614753723145,-1.0],[-0.5071431398391724,0.7102794647216797,-1.034883737564087,-0.2659956216812134,-0.06991147994995117,-0.040709614753723145,-1.0],[-0.5500003099441528,0.8442357778549194,-1.034883737564087,-0.2659956216812134,-0.06991147994995117,-0.040709614753723145,-1.0],[-0.5892859697341919,0.9563851356506348,-1.034883737564087,-0.3468034863471985,-0.06991147994995117,-0.040709614753723145,-1.0],[-0.6071431040763855,1.0467278957366943,-1.034883737564087,-0.4478132128715515,-0.06991147994995117,-0.040709614753723145,-1.0]]]","[0.007928740233182907,0.02360904961824417,0.07367473095655441,0.00530856242403388,0.00013451713311951607,0.023631876334547997,0.00046425723121501505]",0.01925024576485157,"[0.011790957301855087,0.014233386144042015,0.018309880048036575,0.021027421578764915,0.030889596790075302]",46,B4
0.0,0.00013890422997064888,CC,C600,M,,B,143.9784393310547,143.9784393310547,"[1,7,256]",0.0,"[1,7,256]",True,25,406.7400207519531,406.7400207519531,"[30,7,256]",0.0,"[30,7,256]",True,"[0.2436978816986084,0.00471583241596818,0.0340007022023201,0.20226605236530304,0.2483401745557785,0.12668590247631073,0.00031930068507790565]",0.12286084145307541,"[0.11478087306022644,0.12342270463705063,0.11724358797073364,0.13497981429100037,0.12387722730636597]",0.07886570692062378,281.9621276855469,281.9621276855469,[81920],0.0,[81920],True,20,479.32708740234375,479.32708740234375,"[30,50,1024]",0.0,"[30,50,1024]",True,"[[[0.08597218990325928,-0.09890958666801453,-0.16696108877658844,-0.7464209794998169,0.9682554602622986,0.5900167226791382,-1.0107403993606567],[0.0005374420434236526,-0.09525611251592636,-0.1886865496635437,-0.7202908396720886,1.0584114789962769,0.6132959127426147,-1.004721999168396],[-0.050579190254211426,-0.09377844631671906,-0.20624805986881256,-0.6840927004814148,1.1571017503738403,0.6334947347640991,-1.011076807975769],[-0.07473304867744446,-0.09140677750110626,-0.21717703342437744,-0.6478818655014038,1.235709309577942,0.6405019760131836,-1.0037600994110107],[-0.0975913405418396,-0.09399094432592392,-0.22858215868473053,-0.6257407069206238,1.2891919612884521,0.6402799487113953,-1.0111865997314453]]]","[0.16693542897701263,0.006537433248013258,0.0035330604296177626,0.3170185089111328,0.4292089641094208,0.012601131573319435,7.992549944901839e-05]",0.13370205461978912,"[0.07791991531848907,0.10803838074207306,0.13815878331661224,0.16519159078598022,0.17920170724391937]",33.82685612155465,0.0,37.8593590961343,0.0,1347094762221098555,46,949.3310546875,949.3310546875,"[1,30,256]",0.0,"[1,30,256]",True,49,0.25,32,libero_goal,0,"[[[0.3857133388519287,-0.031153202056884766,-0.14534932374954224,-1.2087535858154297,0.4893573522567749,0.5044221878051758,-1.0],[0.3857133388519287,-0.021807432174682617,-0.14534932374954224,-1.2289555072784424,0.48327839374542236,0.5079621076583862,-1.0],[0.37857067584991455,-0.012461602687835693,-0.14534932374954224,-1.242423415184021,0.4893573522567749,0.5115017890930176,-1.0],[0.37499916553497314,-0.006231069564819336,-0.14534932374954224,-1.2626254558563232,0.49543654918670654,0.515041708946228,-1.0],[0.3607133626937866,-5.364418029785156e-07,-0.1482563018798828,-1.2760933637619019,0.5197525024414062,0.5221213102340698,-1.0]]]","[0.13119186460971832,0.003153438912704587,0.013589373789727688,0.05119782313704491,0.04273783788084984,0.13582812249660492,0.00016586280253250152]",0.053980618715286255,"[0.05525387451052666,0.05733271315693855,0.050575777888298035,0.05464594066143036,0.05209479108452797]",48,B4
0.0,0.0001903329830383882,CC,C600,M,,B,143.9784393310547,143.9784393310547,"[1,7,256]",0.0,"[1,7,256]",True,25,406.7400207519531,406.7400207519531,"[30,7,256]",0.0,"[30,7,256]",True,"[0.12175815552473068,0.9112375378608704,0.1321498304605484,0.03440563753247261,0.018095528706908226,0.041242267936468124,0.000834994949400425]",0.17996057868003845,"[0.1820419430732727,0.17915157973766327,0.19553318619728088,0.17082487046718597,0.17225126922130585]",0.05109133943915367,281.9621276855469,281.9621276855469,[81920],0.0,[81920],True,20,479.32708740234375,479.32708740234375,"[30,50,1024]",0.0,"[30,50,1024]",True,"[[[-0.581210196018219,-0.7438970804214478,-0.3995276987552643,0.3590017557144165,0.25481465458869934,-0.2635430693626404,-1.010286569595337],[-0.6313599944114685,-0.7071230411529541,-0.43812552094459534,0.3302634060382843,0.3526354432106018,-0.23680613934993744,-1.0152181386947632],[-0.6659670472145081,-0.6780319809913635,-0.4896511137485504,0.3088110685348511,0.3834579885005951,-0.21856223046779633,-1.013835072517395],[-0.6999689936637878,-0.6056631207466125,-0.5667082071304321,0.2721022069454193,0.41946572065353394,-0.18163025379180908,-1.0129812955856323],[-0.69256991147995,-0.5384911894798279,-0.6809465885162354,0.23910512030124664,0.39395859837532043,-0.147117018699646,-1.0114543437957764]]]","[0.26891058683395386,1.312638282775879,0.21456490457057953,0.05427929759025574,0.1711312085390091,0.0027150174137204885,0.00016570610750932246]",0.28920069336891174,"[0.25022974610328674,0.2837320864200592,0.31306254863739014,0.30347782373428345,0.29550138115882874]",33.82685612155465,0.0,37.8593590961343,0.0,8043149644140822759,46,949.3310546875,949.3310546875,"[1,30,256]",0.0,"[1,30,256]",True,49,0.75,95,libero_goal,0,"[[[-0.1285719871520996,0.30841052532196045,-1.0290697813034058,0.2929251194000244,0.07598471641540527,-0.1823022961616516,-1.0],[-0.1285719871520996,0.40498363971710205,-0.9941860437393188,0.1851813793182373,-0.051674485206604004,-0.1858420968055725,-1.0],[-0.1285719871520996,0.5264788866043091,-0.9244186878204346,0.07070362567901611,-0.06991147994995117,-0.20000135898590088,-1.0],[-0.1285719871520996,0.5607467889785767,-0.9156977534294128,-0.003370225429534912,-0.06991147994995117,-0.1823022961616516,-1.0],[-0.17142915725708008,0.6479741334915161,-0.9186047315597534,-0.09764605760574341,-0.06991147994995117,-0.21062082052230835,-1.0]]]","[0.07258494198322296,0.05024370551109314,0.05614998936653137,0.07731615751981735,0.010655730962753296,0.08147770166397095,6.141404446680099e-05]",0.049784231930971146,"[0.07134874165058136,0.057248447090387344,0.043449029326438904,0.03771395608782768,0.039160992950201035]",48,B4
0.0,0.0004844351497013122,CC,C600,M,,A,177.43878173828125,177.43878173828125,"[1,9,256]",0.0,"[1,9,256]",True,20,528.3753662109375,528.3753662109375,"[29,9,256]",0.0,"[29,9,256]",True,"[0.26343265175819397,0.016070013865828514,0.02844086103141308,0.013121482916176319,0.029329270124435425,0.000193052037502639,0.00022251674090512097]",0.05011569336056709,"[0.027877777814865112,0.024957086890935898,0.0523877777159214,0.06892797350883484,0.07642786204814911]",0.09726538509130478,281.98663330078125,281.98663330078125,[81920],0.0,[81920],True,25,467.08160400390625,467.08160400390625,"[29,50,1024]",0.0,"[29,50,1024]",True,"[[[-0.39078423380851746,-0.03189023584127426,-0.892423152923584,-0.23267002403736115,-0.2689915597438812,-0.033518970012664795,-1.0036766529083252],[-0.39605623483657837,-0.025436855852603912,-0.8885592222213745,-0.22571393847465515,-0.2661374807357788,-0.044233474880456924,-1.0041413307189941],[-0.3676588833332062,-0.03273477032780647,-0.8825258016586304,-0.23599271476268768,-0.2407439649105072,-0.04382022097706795,-1.003854751586914],[-0.3353433310985565,-0.02900531515479088,-0.8620947003364563,-0.22802035510540009,-0.20891472697257996,-0.03909933567047119,-1.0150091648101807],[-0.32899004220962524,-0.01863126829266548,-0.8231402039527893,-0.23463529348373413,-0.1833595186471939,-0.055170461535453796,-1.0145479440689087]]]","[0.1169091984629631,0.0015911724185571074,0.028089631348848343,0.001024122117087245,0.005029633175581694,5.7101580750895664e-05,9.648904961068183e-05]",0.021828191354870796,"[0.016334664076566696,0.020054705440998077,0.023844948038458824,0.025197939947247505,0.023708706721663475]",35.99504978530987,0.0,43.859797656984014,0.0,2197700932143374439,48,1036.033935546875,1036.033935546875,"[1,29,256]",0.0,"[1,29,256]",True,47,0.25,35,libero_goal,5,"[[[-0.110714852809906,-0.1059194803237915,-0.758721113204956,-0.24579370021820068,-0.3799409866333008,-0.040709614753723145,-1.0],[-0.07142913341522217,-0.05919051170349121,-0.7296513319015503,-0.2659956216812134,-0.3495458960533142,-0.040709614753723145,-1.0],[-0.010714948177337646,-0.028037965297698975,-0.697674572467804,-0.2659956216812134,-0.30699288845062256,-0.040709614753723145,-1.0],[0.03214216232299805,-5.364418029785156e-07,-0.668604850769043,-0.2659956216812134,-0.2462027668952942,-0.040709614753723145,-1.0],[0.042856454849243164,0.0031147003173828125,-0.6627908945083618,-0.2659956216812134,-0.17325466871261597,-0.040709614753723145,-1.0]]]","[0.06210638955235481,0.01084643043577671,0.00286016589961946,0.018529294058680534,0.0054076178930699825,0.00014838534116279334,4.896358586847782e-05]",0.014278179034590721,"[0.0043100835755467415,0.006297307554632425,0.012175598181784153,0.020073600113391876,0.028534308075904846]",46,B4
0.0,0.0012218571500852704,CC,C600,M,,A,177.43878173828125,177.43878173828125,"[1,9,256]",0.0,"[1,9,256]",True,20,528.3753662109375,528.3753662109375,"[29,9,256]",0.0,"[29,9,256]",True,"[0.10213158279657364,1.2091947793960571,0.04570743069052696,0.38801440596580505,0.01667754352092743,0.07952362298965454,0.0030036878306418657]",0.2634647488594055,"[0.3393070101737976,0.3108466863632202,0.28181710839271545,0.20740704238414764,0.1779458075761795]",0.18237046897411346,281.98663330078125,281.98663330078125,[81920],0.0,[81920],True,25,467.08160400390625,467.08160400390625,"[29,50,1024]",0.0,"[29,50,1024]",True,"[[[-0.4062187373638153,-0.3366978168487549,-0.6074698567390442,-0.6102428436279297,-0.06931647658348083,0.1872931569814682,-1.0098326206207275],[-0.3692464232444763,-0.337668776512146,-0.5706547498703003,-0.5915955901145935,-0.05566851794719696,0.14762647449970245,-1.0020338296890259],[-0.32823944091796875,-0.37468045949935913,-0.49680182337760925,-0.549930989742279,-0.027400793507695198,0.11145312339067459,-1.006245493888855],[-0.2905588746070862,-0.3611106276512146,-0.38512641191482544,-0.5033689141273499,0.021078258752822876,0.049040719866752625,-1.0138400793075562],[-0.2754025161266327,-0.35058897733688354,-0.30912625789642334,-0.48333626985549927,0.013261623680591583,0.023908745497465134,-1.0130829811096191]]]","[0.12855681777000427,1.9396699666976929,0.008150036446750164,0.1283351182937622,0.00769534707069397,0.02456798031926155,0.00010050705168396235]",0.3195822536945343,"[0.3209954500198364,0.3180358409881592,0.328780859708786,0.31819429993629456,0.3119048774242401]",35.99504978530987,0.0,43.859797656984014,0.0,7313767176395743740,48,1036.033935546875,1036.033935546875,"[1,29,256]",0.0,"[1,29,256]",True,47,0.75,104,libero_goal,5,"[[[-0.6857144832611084,1.0467278957366943,-0.485465407371521,-0.18518781661987305,-0.15501761436462402,-0.040709614753723145,-1.0],[-0.6857144832611084,1.0436127185821533,-0.47674447298049927,-0.18518781661987305,-0.14893865585327148,-0.040709614753723145,-1.0],[-0.6821430921554565,1.0436127185821533,-0.4622095823287964,-0.18518781661987305,-0.11246448755264282,-0.040709614753723145,-1.0],[-0.6892858743667603,1.0373821258544922,-0.44186079502105713,-0.19865578413009644,-0.06991147994995117,-0.040709614753723145,-1.0],[-0.7000001668930054,1.031151533126831,-0.4215119481086731,-0.2188577651977539,-0.06991147994995117,-0.040709614753723145,-1.0]]]","[0.027919119223952293,0.7288639545440674,0.0030935746617615223,0.004125549923628569,0.04237008094787598,0.00042975632823072374,0.001270383014343679]",0.11543890833854675,"[0.12362446635961533,0.11200611293315887,0.11745437234640121,0.10921482741832733,0.1148948147892952]",46,B4
0.0,0.00040836792322807014,CC,C600,M,,B,176.8819122314453,176.8819122314453,"[1,9,256]",0.0,"[1,9,256]",True,20,603.20654296875,603.20654296875,"[38,9,256]",0.0,"[38,9,256]",True,"[0.010392959229648113,0.01848226599395275,0.11061900854110718,0.18595954775810242,0.03495675325393677,0.010312865488231182,0.0007667417521588504]",0.05307001993060112,"[0.028938720002770424,0.03288472816348076,0.0448177270591259,0.062396179884672165,0.0963127464056015]",0.051539093255996704,281.9852294921875,281.9852294921875,[81920],0.0,[81920],True,25,534.657958984375,534.657958984375,"[38,50,1024]",0.0,"[38,50,1024]",True,"[[[-0.31533631682395935,0.0823075920343399,-0.7094796895980835,0.08190716058015823,-0.15347838401794434,-0.05494740605354309,-0.9968911409378052],[-0.35063228011131287,0.09466502815485,-0.7005703449249268,0.03612478822469711,-0.14971061050891876,-0.03642657399177551,-0.9918680787086487],[-0.3537173569202423,0.17474105954170227,-0.6600173711776733,-0.036100029945373535,-0.13964183628559113,-0.042354367673397064,-0.9947107434272766],[-0.2988296151161194,0.2958052158355713,-0.5822588205337524,-0.11399345844984055,-0.1312612146139145,-0.04557456821203232,-1.0026355981826782],[-0.26612454652786255,0.3881320059299469,-0.5022556185722351,-0.16480927169322968,-0.1137000173330307,-0.060418009757995605,-1.0077083110809326]]]","[0.001851912820711732,0.03166220337152481,0.050211336463689804,0.10452548414468765,0.0047789751552045345,0.002720585325732827,3.402676520636305e-05]",0.02796921692788601,"[0.023191412910819054,0.021229136735200882,0.021580632776021957,0.029226034879684448,0.044618867337703705]",36.427051609990166,0.0,45.149187445089886,0.0,5172841219135816146,46,1189.319091796875,1189.319091796875,"[1,38,256]",0.0,"[1,38,256]",True,49,0.25,29,libero_goal,5,"[[[-0.2857147455215454,0.02180635929107666,-0.8575582504272461,-0.2659956216812134,-0.06991147994995117,0.033626556396484375,-1.0],[-0.2964290380477905,0.04361319541931152,-0.8459303379058838,-0.29966557025909424,-0.06991147994995117,0.015927433967590332,-1.0],[-0.2857147455215454,0.06230473518371582,-0.8459303379058838,-0.3400694727897644,-0.06991147994995117,0.0017682313919067383,-1.0],[-0.28214335441589355,0.07476580142974854,-0.8517442941665649,-0.39394134283065796,-0.06991147994995117,-0.019470691680908203,-1.0],[-0.24285763502120972,0.0872267484664917,-0.8197675347328186,-0.5084190368652344,-0.06991147994995117,-0.040709614753723145,-1.0]]]","[0.06543216109275818,0.004847806878387928,0.01690794713795185,0.04644938185811043,0.05655593425035477,0.008150668814778328,0.000260078813880682]",0.02837199717760086,"[0.021475862711668015,0.019502554088830948,0.02534583769738674,0.03315882384777069,0.042376913130283356]",48,B4
0.0,0.0016866757068783045,CC,C600,M,,B,176.8819122314453,176.8819122314453,"[1,9,256]",0.0,"[1,9,256]",True,20,603.20654296875,603.20654296875,"[38,9,256]",0.0,"[38,9,256]",True,"[0.027460986748337746,0.42717573046684265,1.066715121269226,0.028390122577548027,0.3476070761680603,0.01834707520902157,0.002808607881888747]",0.2740721106529236,"[0.5147883892059326,0.43648749589920044,0.2779320180416107,0.08802466094493866,0.053127892315387726]",0.09612052887678146,281.9852294921875,281.9852294921875,[81920],0.0,[81920],True,25,534.657958984375,534.657958984375,"[38,50,1024]",0.0,"[38,50,1024]",True,"[[[-0.9760770797729492,-0.12225815653800964,-1.0052540302276611,-0.16631419956684113,-0.6383134126663208,-0.019371017813682556,-0.9890324473381042],[-0.9754235744476318,-0.0800212025642395,-0.9739977717399597,-0.1597602665424347,-0.5950450897216797,-0.004369392991065979,-0.9996725916862488],[-1.0195223093032837,0.00904548168182373,-0.8940256237983704,-0.10325855761766434,-0.5062687397003174,-0.008305348455905914,-1.0001851320266724],[-1.0390114784240723,0.16305336356163025,-0.7514195442199707,-0.042636118829250336,-0.35621747374534607,-0.005281507968902588,-0.9965510964393616],[-1.0324010848999023,0.27932244539260864,-0.6384731531143188,-0.029277220368385315,-0.28626105189323425,-0.009638752788305283,-0.999033510684967]]]","[0.07087059319019318,0.9627448916435242,0.4765085279941559,0.030726153403520584,0.11636089533567429,0.0010093067539855838,2.665154534042813e-05]",0.236892431974411,"[0.3030587434768677,0.29709601402282715,0.2558659017086029,0.18505047261714935,0.14339108765125275]",36.427051609990166,0.0,45.149187445089886,0.0,5635482954592866291,46,1189.319091796875,1189.319091796875,"[1,38,256]",0.0,"[1,38,256]",True,49,0.75,87,libero_goal,5,"[[[-0.8285714983940125,0.999998927116394,-0.1802329421043396,-0.2659956216812134,-0.2522818446159363,-0.040709614753723145,-1.0],[-0.7750001549720764,1.0155751705169678,-0.16860508918762207,-0.2659956216812134,-0.17325466871261597,-0.040709614753723145,-1.0],[-0.7392858862876892,1.021805763244629,-0.17732608318328857,-0.2659956216812134,-0.12462258338928223,-0.040709614753723145,-1.0],[-0.7250001430511475,1.031151533126831,-0.17732608318328857,-0.2659956216812134,-0.10638552904129028,-0.040709614753723145,-1.0],[-0.6928573846817017,1.0373821258544922,-0.1802329421043396,-0.2659956216812134,-0.06991147994995117,-0.040709614753723145,-1.0]]]","[0.06160721182823181,0.9230560660362244,0.11177153885364532,0.005939254071563482,0.020148171111941338,0.0011639659060165286,0.002534807426854968]",0.1608887016773224,"[0.159547358751297,0.16398856043815613,0.16071724891662598,0.1555057018995285,0.1646846979856491]",48,B4
0.0,8.3049508248223e-06,CC,C600,M,,A,214.83502197265625,214.83502197265625,"[1,19,256]",0.0,"[1,19,256]",True,37,714.7783813476562,714.7783813476562,"[48,19,256]",0.0,"[48,19,256]",True,"[0.050324201583862305,0.06328827887773514,0.04350483790040016,0.16265293955802917,0.017920387908816338,0.0010631355689838529,0.002262395340949297]",0.04871659353375435,"[0.022074881941080093,0.03978022187948227,0.05723489448428154,0.06022210791707039,0.06427087634801865]",0.12344959378242493,281.7369079589844,281.7369079589844,[81920],0.0,[81920],True,34,604.5003662109375,604.5003662109375,"[48,50,1024]",0.0,"[48,50,1024]",True,"[[[0.4679165482521057,-0.5039933323860168,-0.12517479062080383,-0.31535810232162476,-0.2673332989215851,-0.05307313799858093,1.0209959745407104],[0.42969533801078796,-0.4730125069618225,-0.14898860454559326,-0.3109249472618103,-0.2751428484916687,-0.056720003485679626,1.0090408325195312],[0.367474764585495,-0.4378393590450287,-0.1684650331735611,-0.2952539026737213,-0.30417099595069885,-0.049181606620550156,1.01715886592865],[0.28311365842819214,-0.42042502760887146,-0.22438208758831024,-0.29468899965286255,-0.3685436546802521,-0.05400902405381203,1.0167616605758667],[0.19200240075588226,-0.3735813796520233,-0.2912082076072693,-0.2922106981277466,-0.44188183546066284,-0.044213294982910156,1.010909080505371]]]","[0.0018040481954813004,0.05985552817583084,0.011708092875778675,0.1273193657398224,0.025056203827261925,0.00013402279000729322,0.0002434196649119258]",0.03230295702815056,"[0.012416932731866837,0.02471284754574299,0.034818071871995926,0.04089713096618652,0.04866979271173477]",25.312736868044404,0.0,31.03123225613336,0.0,7570421501061691922,48,1220.6728515625,1220.6728515625,"[1,48,256]",0.0,"[1,48,256]",True,47,0.25,68,libero_10,4,"[[[0.4535706043243408,-0.6542057991027832,-0.017442405223846436,-0.09091198444366455,-0.30699288845062256,-0.040709614753723145,0.9999990463256836],[0.37142765522003174,-0.7009347081184387,-0.017442405223846436,0.0033638477325439453,-0.24012374877929688,-0.040709614753723145,0.9999990463256836],[0.31428492069244385,-0.7102804780006409,-0.08430278301239014,0.09090554714202881,-0.20364969968795776,-0.040709614753723145,0.9999990463256836],[0.26428496837615967,-0.6915888786315918,-0.13372141122817993,0.11784148216247559,-0.1854127049446106,-0.040709614753723145,0.9999990463256836],[0.23928487300872803,-0.6510905027389526,-0.17151212692260742,0.11784148216247559,-0.16109663248062134,-0.040709614753723145,0.9999990463256836]]]","[0.14730562269687653,0.040094565600156784,0.0007494269520975649,0.05325974151492119,0.045804381370544434,0.0010273237712681293,0.0005687285447493196]",0.041258543729782104,"[0.03060186468064785,0.035362642258405685,0.04932617396116257,0.047859951853752136,0.043142084032297134]",46,B4
0.0,6.181015123729594e-06,CC,C600,M,,A,214.83502197265625,214.83502197265625,"[1,19,256]",0.0,"[1,19,256]",True,37,714.7783813476562,714.7783813476562,"[48,19,256]",0.0,"[48,19,256]",True,"[0.08045481890439987,0.0017061993712559342,0.0238647498190403,0.0018564335769042373,0.005280319135636091,0.03482454642653465,0.0044048200361430645]",0.02177027054131031,"[0.02398291416466236,0.025528980419039726,0.016665494069457054,0.017473801970481873,0.025200163945555687]",0.07540038228034973,281.7369079589844,281.7369079589844,[81920],0.0,[81920],True,34,604.5003662109375,604.5003662109375,"[48,50,1024]",0.0,"[48,50,1024]",True,"[[[-0.6599905490875244,-0.0023174621164798737,-0.5976357460021973,-0.281430721282959,-0.03154689073562622,-0.0430469810962677,-1.0143866539001465],[-0.6225731372833252,0.007750451564788818,-0.5780869126319885,-0.27669426798820496,-0.04129419103264809,-0.04594548046588898,-1.026119589805603],[-0.5799233317375183,-0.026573598384857178,-0.5526610016822815,-0.2739121615886688,-0.054739948362112045,-0.08060598373413086,-1.0198792219161987],[-0.5230382084846497,-0.02037760615348816,-0.5053210258483887,-0.26505306363105774,-0.06302696466445923,-0.0781601220369339,-1.0076243877410889],[-0.43845605850219727,0.0008212134707719088,-0.45589011907577515,-0.25481075048446655,-0.047000616788864136,-0.10681548714637756,-1.0306370258331299]]]","[0.018522603437304497,0.0003063349286094308,0.004434945527464151,0.00010827294318005443,0.0019367116037756205,0.003335318062454462,0.00045623016194440424]",0.004157202783972025,"[0.0027362185064703226,0.003883770667016506,0.004261461086571217,0.00413461634889245,0.005769946146756411]",25.312736868044404,0.0,31.03123225613336,0.0,5052251981188736845,48,1220.6728515625,1220.6728515625,"[1,48,256]",0.0,"[1,48,256]",True,47,0.75,206,libero_10,4,"[[[-0.7464287281036377,0.02180635929107666,-0.5901165008544922,-0.2659956216812134,-0.0820695161819458,-0.1327449083328247,-1.0],[-0.7571430206298828,-0.003115832805633545,-0.5901165008544922,-0.2659956216812134,-0.0820695161819458,-0.12566518783569336,-1.0],[-0.7392858862876892,-0.006231069564819336,-0.593023419380188,-0.2659956216812134,-0.0820695161819458,-0.11504578590393066,-1.0],[-0.6642858982086182,-0.006231069564819336,-0.5872094631195068,-0.2659956216812134,-0.10638552904129028,-0.09026700258255005,-1.0],[-0.58571457862854,0.015575766563415527,-0.5726746916770935,-0.2659956216812134,-0.10030657052993774,-0.07610780000686646,-1.0]]]","[0.142062708735466,0.00034291340853087604,0.04314350709319115,0.002346297260373831,0.003392693353816867,0.004713559057563543,0.31997764110565186]",0.0737113282084465,"[0.024328209459781647,0.032757487148046494,0.04647323116660118,0.09756862372159958,0.1674291044473648]",46,B4
0.0,1.3212098565418273e-05,CC,C600,M,,B,214.09349060058594,214.09349060058594,"[1,19,256]",0.0,"[1,19,256]",True,37,713.188720703125,713.188720703125,"[48,19,256]",0.0,"[48,19,256]",True,"[0.03592405468225479,0.008751587942242622,0.039666976779699326,0.0003376105451025069,0.001830974011681974,0.0009465905022807419,0.43543919920921326]",0.07469958066940308,"[0.06781777739524841,0.06954759359359741,0.06933383643627167,0.0765768513083458,0.0902218446135521]",0.051203399896621704,281.73895263671875,281.73895263671875,[81920],0.0,[81920],True,34,604.3380126953125,604.3380126953125,"[48,50,1024]",0.0,"[48,50,1024]",True,"[[[-0.3665013313293457,-0.04510083422064781,-0.45619654655456543,0.0472697839140892,-0.09943724423646927,0.1567172259092331,-1.0179054737091064],[-0.4296119213104248,-0.04144957661628723,-0.46031004190444946,0.0120973140001297,-0.12843859195709229,0.1619495153427124,-1.0066827535629272],[-0.47184324264526367,-0.025805369019508362,-0.4551125466823578,-0.024755798280239105,-0.1467413604259491,0.15385226905345917,-1.0118664503097534],[-0.514013946056366,0.008796554058790207,-0.43720874190330505,-0.09073208272457123,-0.13984589278697968,0.14706861972808838,-1.0157902240753174],[-0.5638545155525208,0.030305426567792892,-0.44142234325408936,-0.1582804173231125,-0.14256873726844788,0.1595778912305832,-1.0097055435180664]]]","[0.11938793957233429,0.012607111595571041,0.16108469665050507,0.05519748479127884,0.003925117664039135,0.03865563124418259,0.0001699213171377778]",0.05586112663149834,"[0.06065116822719574,0.06161121651530266,0.0566219724714756,0.05069509521126747,0.049726203083992004]",24.93994937426607,0.0,30.013536635493484,0.0,1750272122191094264,46,1230.4935302734375,1230.4935302734375,"[1,48,256]",0.0,"[1,48,256]",True,49,0.25,66,libero_10,4,"[[[-0.1285719871520996,0.14953207969665527,-0.017442405223846436,-0.2659956216812134,-0.08814853429794312,-0.040709614753723145,-1.0],[-0.1285719871520996,0.10903370380401611,-0.017442405223846436,-0.2659956216812134,-0.06991147994995117,-0.040709614753723145,-1.0],[-0.1285719871520996,0.02180635929107666,-0.03779119253158569,-0.2659956216812134,-0.06991147994995117,-0.040709614753723145,-1.0],[-0.1285719871520996,0.02180635929107666,-0.06976795196533203,-0.2659956216812134,-0.06991147994995117,-0.040709614753723145,-1.0],[-0.1357148289680481,0.02180635929107666,-0.1133725643157959,-0.2659956216812134,-0.06991147994995117,-0.040709614753723145,-1.0]]]","[0.03256199508905411,0.0075174192897975445,0.03827179595828056,0.00020057917572557926,0.0028226368594914675,0.0006771897315047681,0.49702006578445435]",0.08272452652454376,"[0.07286892086267471,0.07371702045202255,0.07737746834754944,0.0924171730875969,0.09724204987287521]",48,B4
0.0,9.164508810499683e-06,CC,C600,M,,B,214.09349060058594,214.09349060058594,"[1,19,256]",0.0,"[1,19,256]",True,37,713.188720703125,713.188720703125,"[48,19,256]",0.0,"[48,19,256]",True,"[0.016023490577936172,0.0003968849778175354,0.0010026581585407257,0.008617042563855648,0.0014802031219005585,0.0013934437884017825,1.2685072422027588]",0.1853458285331726,"[0.012963450513780117,0.026853570714592934,0.4984592795372009,0.308590292930603,0.07986262440681458]",0.04209029674530029,281.73895263671875,281.73895263671875,[81920],0.0,[81920],True,34,604.3380126953125,604.3380126953125,"[48,50,1024]",0.0,"[48,50,1024]",True,"[[[-0.6875859498977661,-0.06211384758353233,-0.5288469791412354,-0.22676877677440643,-0.17307265102863312,-0.06232230365276337,-1.0056673288345337],[-0.6608618497848511,-0.06309004127979279,-0.5055378675460815,-0.21313810348510742,-0.16504798829555511,-0.06962589174509048,-0.9952642321586609],[-0.6252039074897766,-0.07783089578151703,-0.4990275204181671,-0.2119799554347992,-0.12510915100574493,-0.06413698196411133,-1.0199143886566162],[-0.5743911266326904,-0.06690753996372223,-0.458842933177948,-0.2355392873287201,-0.11011300981044769,-0.07316343486309052,-1.0147411823272705],[-0.4950867295265198,-0.08363599330186844,-0.35701626539230347,-0.21880458295345306,-0.10145028680562973,-0.0752226710319519,1.0058557987213135]]]","[0.0973622128367424,0.008633165620267391,0.015165700577199459,0.008629835210740566,0.005070164799690247,0.0006462727906182408,1.6278635263442993]",0.25191012024879456,"[0.0207507386803627,0.017625806853175163,0.6033146977424622,0.6015186309814453,0.0163407139480114]",24.93994937426607,0.0,30.013536635493484,0.0,2317014375466178463,46,1230.4935302734375,1230.4935302734375,"[1,48,256]",0.0,"[1,48,256]",True,49,0.75,199,libero_10,4,"[[[-0.39285755157470703,0.02180635929107666,-0.38662827014923096,-0.3670054078102112,-0.06991147994995117,-0.09026700258255005,-1.0],[-0.36785751581192017,0.02180635929107666,-0.3837212324142456,-0.29293161630630493,-0.06991147994995117,-0.07610780000686646,-1.0],[-0.30357182025909424,0.02180635929107666,-0.3575584888458252,-0.29293161630630493,-0.06991147994995117,-0.05132913589477539,0.9999990463256836],[-0.2321433424949646,0.02180635929107666,-0.32558178901672363,-0.3131335377693176,-0.06991147994995117,-0.040709614753723145,0.9999990463256836],[-0.18928629159927368,0.02180635929107666,-0.302325963973999,-0.28619760274887085,-0.06991147994995117,-0.040709614753723145,0.9999990463256836]]]","[0.004805597942322493,0.0012760048266500235,0.0015499938745051622,0.00300443428568542,0.0037488702218979597,0.0010527129052206874,0.9371251463890076]",0.13608038425445557,"[0.005188669078052044,0.011079504154622555,0.3420334458351135,0.23040121793746948,0.09169913083314896]",48,B4
0.0,1.4791391549806576e-05,CC,C600,M,,A,168.5367889404297,168.5367889404297,"[1,13,256]",0.0,"[1,13,256]",True,34,768.3606567382812,768.3606567382812,"[58,13,256]",0.0,"[58,13,256]",True,"[0.1464465856552124,0.0006922537577338517,0.17658352851867676,0.004914684686809778,0.15609221160411835,0.0007121391827240586,0.0010219771647825837]",0.06949476897716522,"[0.069121353328228,0.07040401548147202,0.07419333606958389,0.07056072354316711,0.06319443881511688]",0.1430061012506485,281.7068176269531,281.7068176269531,[81920],0.0,[81920],True,37,670.9115600585938,670.9115600585938,"[58,50,1024]",0.0,"[58,50,1024]",True,"[[[-0.220118448138237,0.762141227722168,0.5506299734115601,-0.26740550994873047,-0.3179655373096466,-0.059553854167461395,0.9963300228118896],[-0.21895703673362732,0.8006778359413147,0.5134497284889221,-0.2613520324230194,-0.3751305937767029,-0.045715462416410446,0.9957820177078247],[-0.2262110710144043,0.8219177722930908,0.4876555800437927,-0.26179268956184387,-0.44329336285591125,-0.0516020804643631,1.0035734176635742],[-0.22841548919677734,0.8391204476356506,0.4479976296424866,-0.24997586011886597,-0.49962395429611206,-0.052787065505981445,1.0016860961914062],[-0.21463502943515778,0.8514254093170166,0.4020437002182007,-0.26260605454444885,-0.5412149429321289,-0.03328165411949158,0.996736466884613]]]","[0.17396986484527588,0.004908654373139143,0.24351739883422852,0.006696455180644989,0.42815589904785156,0.0001399698230670765,1.1502351298986468e-05]",0.1224856823682785,"[0.09413714706897736,0.11098171770572662,0.12827818095684052,0.1363259255886078,0.14270542562007904]",27.33026722733757,0.0,39.045411071972325,0.0,8442714955617139331,48,1239.225341796875,1239.225341796875,"[1,58,256]",0.0,"[1,58,256]",True,47,0.25,62,libero_10,7,"[[[0.21785640716552734,0.8380053043365479,0.999998927116394,-0.19192183017730713,0.18540692329406738,-0.040709614753723145,0.9999990463256836],[0.21071362495422363,0.8535815477371216,0.999998927116394,-0.15825188159942627,0.20972299575805664,-0.040709614753723145,0.9999990463256836],[0.1892850399017334,0.878503680229187,0.999998927116394,-0.13131588697433472,0.22188103199005127,-0.040709614753723145,0.9999990463256836],[0.1892850399017334,0.9190021753311157,0.9505802392959595,-0.2390596866607666,0.22188103199005127,-0.040709614753723145,0.9999990463256836],[0.16785645484924316,0.9314632415771484,0.9156967401504517,-0.2659956216812134,0.22188103199005127,-0.040709614753723145,0.9999990463256836]]]","[0.10662968456745148,0.0013678774703294039,0.15812145173549652,0.005483683198690414,0.11077692359685898,0.0007809020462445915,0.0006800857954658568]",0.05483437702059746,"[0.05443042889237404,0.05700307339429855,0.061872340738773346,0.05393259599804878,0.04693344607949257]",46,B4
0.0,4.4712633098242804e-05,CC,C600,M,,A,168.5367889404297,168.5367889404297,"[1,13,256]",0.0,"[1,13,256]",True,34,768.3606567382812,768.3606567382812,"[58,13,256]",0.0,"[58,13,256]",True,"[0.008716466836631298,0.2919177711009979,0.32213935256004333,1.140618085861206,0.551792562007904,0.2155320942401886,0.004224454518407583]",0.3621343672275543,"[0.40896573662757874,0.47561389207839966,0.33132684230804443,0.2835792899131775,0.31118619441986084]",0.2835913896560669,281.7068176269531,281.7068176269531,[81920],0.0,[81920],True,37,670.9115600585938,670.9115600585938,"[58,50,1024]",0.0,"[58,50,1024]",True,"[[[0.22535738348960876,-0.07175076007843018,0.41969993710517883,-0.2233298122882843,0.6400467157363892,-0.08821986615657806,0.9953854084014893],[0.3091646730899811,-0.033642519265413284,0.5110268592834473,-0.2228354513645172,0.6519646644592285,-0.09485965967178345,1.0018765926361084],[0.37967991828918457,-0.002824803814291954,0.5737361311912537,-0.23662881553173065,0.6445294618606567,-0.08728224039077759,1.004713535308838],[0.46183842420578003,0.025255095213651657,0.6229593753814697,-0.2280019372701645,0.6446973085403442,-0.09093600511550903,0.9958668351173401],[0.5414580702781677,0.05742572620511055,0.6577587723731995,-0.2009059637784958,0.6966229677200317,-0.08570194989442825,1.008094072341919]]]","[0.0017531339544802904,0.147352933883667,0.1334865540266037,0.34018799662590027,0.40242430567741394,0.044348180294036865,2.592837336123921e-05]",0.15279699862003326,"[0.1540331244468689,0.18297737836837769,0.1404293030500412,0.13210439682006836,0.15444085001945496]",27.33026722733757,0.0,39.045411071972325,0.0,4151392753901295008,48,1239.225341796875,1239.225341796875,"[1,58,256]",0.0,"[1,58,256]",True,47,0.75,186,libero_10,7,"[[[0.2464277744293213,0.20560681819915771,0.6337201595306396,-0.8855222463607788,-0.06991147994995117,-0.20000135898590088,0.9999990463256836],[0.34642767906188965,0.34890902042388916,0.9360456466674805,-0.8383843898773193,-0.06991147994995117,-0.3238949775695801,0.9999990463256836],[0.46071338653564453,0.3676004409790039,0.999998927116394,-0.7979804277420044,0.12461686134338379,-0.3557533621788025,0.9999990463256836],[0.47857046127319336,0.42056000232696533,0.999998927116394,-0.7710444927215576,0.1185377836227417,-0.3238949775695801,0.9999990463256836],[0.5321418046951294,0.5264788866043091,0.999998927116394,-0.7239066362380981,0.03343164920806885,-0.26017826795578003,0.9999990463256836]]]","[0.038817692548036575,0.08520002663135529,0.05988434702157974,0.195657417178154,0.04014169052243233,0.03917192667722702,0.0005858349613845348]",0.06563699245452881,"[0.05941760540008545,0.07685081660747528,0.07345102727413177,0.06027025729417801,0.05819525569677353]",46,B4
0.0,3.262625614297576e-05,CC,C600,M,,B,169.01390075683594,169.01390075683594,"[1,13,256]",0.0,"[1,13,256]",True,34,734.0776977539062,734.0776977539062,"[53,13,256]",0.0,"[53,13,256]",True,"[0.019796641543507576,0.09322946518659592,0.06827946752309799,0.007751363795250654,0.7722229361534119,0.00045729949488304555,0.00019947640248574317]",0.13741953670978546,"[0.19905318319797516,0.15045428276062012,0.10616538673639297,0.12167468667030334,0.10975009948015213]",0.07391776144504547,281.71685791015625,281.71685791015625,[81920],0.0,[81920],True,37,641.2119750976562,641.2119750976562,"[53,50,1024]",0.0,"[53,50,1024]",True,"[[[-0.1680246889591217,0.538019061088562,0.7730188369750977,-0.352668821811676,-0.4515990614891052,-0.021257124841213226,1.0073045492172241],[-0.18376967310905457,0.627535879611969,0.7100768685340881,-0.3443871736526489,-0.48605528473854065,-0.014521755278110504,1.000901699066162],[-0.19384849071502686,0.7012165188789368,0.6058843731880188,-0.3153390884399414,-0.5263910293579102,-0.021189594641327858,1.0155448913574219],[-0.19879117608070374,0.7668724656105042,0.5105571746826172,-0.324497252702713,-0.5791773796081543,-0.013295240700244904,1.0039622783660889],[-0.1792176365852356,0.834619402885437,0.4147075414657593,-0.31366637349128723,-0.5693570971488953,-0.010364249348640442,1.0123941898345947]]]","[0.010470561683177948,0.02473820373415947,0.1029154434800148,0.004357439931482077,0.7393385767936707,0.0013379823649302125,9.304105333285406e-05]",0.12617874145507812,"[0.1402052938938141,0.1249038428068161,0.10680331289768219,0.13010823726654053,0.1288730502128601]",26.69356330407944,0.0,36.976971778237235,0.0,895811180839841733,46,1189.740966796875,1189.740966796875,"[1,53,256]",0.0,"[1,53,256]",True,49,0.25,72,libero_10,7,"[[[-0.010714948177337646,0.43613624572753906,0.8982548713684082,-0.2659956216812134,0.5075944662094116,-0.07610780000686646,0.9999990463256836],[-0.10357201099395752,0.4766346216201782,0.9215106964111328,-0.2659956216812134,0.4042513370513916,-0.05486893653869629,0.9999990463256836],[-0.1285719871520996,0.5264788866043091,0.9418593645095825,-0.2659956216812134,0.24619698524475098,-0.040709614753723145,0.9999990463256836],[-0.16071486473083496,0.5856688022613525,0.8982548713684082,-0.2659956216812134,0.27051305770874023,-0.040709614753723145,0.9999990463256836],[-0.30357182025909424,0.669780969619751,0.851743221282959,-0.2659956216812134,0.24619698524475098,-0.040709614753723145,0.9999990463256836]]]","[0.01565185748040676,0.031694959849119186,0.02385125309228897,0.0017135782400146127,0.20223040878772736,0.0006276941276155412,0.0006942795007489622]",0.03949485719203949,"[0.06102267652750015,0.042510952800512314,0.030170345678925514,0.03236035630106926,0.03140998259186745]",48,B4
0.0,2.0495734133874066e-05,CC,C600,M,,B,169.01390075683594,169.01390075683594,"[1,13,256]",0.0,"[1,13,256]",True,34,734.0776977539062,734.0776977539062,"[53,13,256]",0.0,"[53,13,256]",True,"[0.040625136345624924,0.7591215968132019,0.019740266725420952,0.018584633246064186,0.2799094021320343,0.004949423484504223,0.0019499484915286303]",0.16069720685482025,"[0.17934304475784302,0.1464899629354477,0.1534217894077301,0.15674346685409546,0.1674877256155014]",0.13522876799106598,281.71685791015625,281.71685791015625,[81920],0.0,[81920],True,37,641.2119750976562,641.2119750976562,"[53,50,1024]",0.0,"[53,50,1024]",True,"[[[0.6042141914367676,0.08038805425167084,0.9468857645988464,-0.2826114594936371,0.9317587018013,-0.08510581403970718,1.0019960403442383],[0.6098500490188599,0.1016780287027359,0.9442992806434631,-0.2700001299381256,0.927234411239624,-0.07949507981538773,1.0017938613891602],[0.6182960867881775,0.13405068218708038,0.937252402305603,-0.26488715410232544,0.915382444858551,-0.08294528722763062,1.0051915645599365],[0.6110931634902954,0.17552819848060608,0.892552375793457,-0.260807603597641,0.8680151700973511,-0.0794583112001419,1.0078296661376953],[0.6027985215187073,0.2373896837234497,0.8265680074691772,-0.2520928680896759,0.7931702136993408,-0.07070302963256836,0.9982790946960449]]]","[0.0016832280671223998,0.2295667678117752,0.002010963624343276,0.00010271058272337541,0.10279716551303864,0.001361010130494833,1.968968535948079e-05]",0.04822022095322609,"[0.05268264561891556,0.04820789024233818,0.0483689084649086,0.04734637960791588,0.04449528083205223]",26.69356330407944,0.0,36.976971778237235,0.0,4825284986999109913,46,1189.740966796875,1189.740966796875,"[1,53,256]",0.0,"[1,53,256]",True,49,0.75,218,libero_10,7,"[[[0.657141923904419,0.5077873468399048,0.9360456466674805,-0.2659956216812134,0.5075944662094116,-0.1398245096206665,0.9999990463256836],[0.6678560972213745,0.548285722732544,0.9156967401504517,-0.2659956216812134,0.5623054504394531,-0.1044263243675232,0.9999990463256836],[0.6607131958007812,0.6261674165725708,0.9040688276290894,-0.2659956216812134,0.6109377145767212,-0.05486893653869629,0.9999990463256836],[0.6321418285369873,0.6915878057479858,0.9011619091033936,-0.2659956216812134,0.6170166730880737,-0.040709614753723145,0.9999990463256836],[0.5999990701675415,0.7445472478866577,0.9156967401504517,-0.2659956216812134,0.5805425643920898,-0.040709614753723145,0.9999990463256836]]]","[0.0044479272328317165,0.09197305887937546,0.03158288449048996,0.01018845196813345,0.0310584157705307,0.005962560884654522,0.001024948083795607]",0.025176892057061195,"[0.021754687651991844,0.020433712750673294,0.029148316010832787,0.027107233181595802,0.027440521866083145]",48,B4
0.0,2.8440472306101583e-05,CC,C600,Z,,A,178.60662841796875,178.60662841796875,"[1,15,256]",0.0,"[1,15,256]",True,7,535.5595703125,535.5595703125,"[23,15,256]",0.0,"[23,15,256]",True,"[0.1428583860397339,0.08621009439229965,0.2192365676164627,0.0011423826217651367,0.13771872222423553,0.0415029302239418,0.4624415934085846]",0.15587294101715088,"[0.25415289402008057,0.20109502971172333,0.14361785352230072,0.10363027453422546,0.07686872780323029]",0.07425612211227417,281.97979736328125,281.97979736328125,[81920],0.0,[81920],True,5,418.06317138671875,418.06317138671875,"[23,50,1024]",0.0,"[23,50,1024]",True,"[[[-0.24406124651432037,0.08723540604114532,-0.5369203090667725,-0.08376885950565338,-0.07806554436683655,-0.006229907274246216,1.0058789253234863],[-0.19838780164718628,0.09811179339885712,-0.49333468079566956,-0.09841974079608917,-0.1045193076133728,-0.007922962307929993,1.0160467624664307],[-0.1553042232990265,0.08613124489784241,-0.48241758346557617,-0.0826689600944519,-0.09204383194446564,-0.02741139754652977,1.0068285465240479],[-0.11117969453334808,0.08222667872905731,-0.42995133996009827,-0.08335331082344055,-0.0769769549369812,-0.029792457818984985,1.0175087451934814],[-0.046171367168426514,0.07522889226675034,-0.3150315284729004,-0.11689458787441254,-0.06781329214572906,-0.08299507200717926,1.008768081665039]]]","[0.0027046343311667442,0.08518340438604355,0.13538585603237152,0.03815210238099098,0.10564426332712173,0.026353979483246803,0.8048475384712219]",0.17118167877197266,"[0.627932071685791,0.05838241055607796,0.061906445771455765,0.0637088343501091,0.043978627771139145]",35.99123276474503,0.0,42.14336153032151,0.0,5898604950164596219,48,979.8433837890625,979.8433837890625,"[1,23,256]",0.0,"[1,23,256]",True,47,0.25,27,libero_spatial,5,"[[[-0.26428622007369995,0.42056000232696533,-0.2790701985359192,-0.27946358919143677,-0.46504712104797363,-0.08318740129470825,-1.0],[-0.1285719871520996,0.40186846256256104,-0.10755860805511475,-0.2659956216812134,-0.44073110818862915,-0.15398377180099487,0.9999990463256836],[-0.12142914533615112,0.3676004409790039,-0.03197723627090454,-0.27272963523864746,-0.3799409866333008,-0.20354115962982178,0.9999990463256836],[-0.1285719871520996,0.3676004409790039,-0.017442405223846436,-0.30639952421188354,-0.3981780409812927,-0.2318597435951233,0.9999990463256836],[-0.1285719871520996,0.32398688793182373,-0.017442405223846436,-0.3131335377693176,-0.3495458960533142,-0.2637180685997009,0.9999990463256836]]]","[0.1349649876356125,0.06030798703432083,0.15310724079608917,0.0009699339279904962,0.11351616680622101,0.03098040260374546,0.37893009185791016]",0.12468241155147552,"[0.19150176644325256,0.1663053035736084,0.1184520274400711,0.08659371733665466,0.06055925041437149]",46,B4
0.0,6.989081157371402e-05,CC,C600,Z,,A,178.60662841796875,178.60662841796875,"[1,15,256]",0.0,"[1,15,256]",True,7,535.5595703125,535.5595703125,"[23,15,256]",0.0,"[23,15,256]",True,"[0.3986257016658783,0.0035347738303244114,0.145072340965271,0.13783042132854462,0.21139276027679443,0.10917448997497559,0.0015393801731988788]",0.1438814103603363,"[0.13429175317287445,0.1796221137046814,0.17337700724601746,0.13727641105651855,0.09483973681926727]",0.15347722172737122,281.97979736328125,281.97979736328125,[81920],0.0,[81920],True,5,418.06317138671875,418.06317138671875,"[23,50,1024]",0.0,"[23,50,1024]",True,"[[[-0.6251263618469238,0.15702131390571594,-0.5993890762329102,0.03919745981693268,-0.12501908838748932,-0.14119398593902588,1.0072486400604248],[-0.707665741443634,0.13339237868785858,-0.6396287679672241,0.03895633667707443,-0.24422745406627655,-0.09933073073625565,1.0034523010253906],[-0.7920223474502563,0.11876131594181061,-0.6780909299850464,0.06766241043806076,-0.41952866315841675,-0.07521285861730576,1.000209927558899],[-0.9113988280296326,0.08573328703641891,-0.7271602153778076,0.09796537458896637,-0.7030971050262451,-0.0416911356151104,1.0065064430236816],[-1.0060298442840576,0.06157378852367401,-0.7448353171348572,0.12378671765327454,-0.9170129895210266,0.0032867416739463806,0.9951403141021729]]]","[0.24786105751991272,0.0008742655045352876,0.12039001286029816,0.11637281626462936,0.1609760969877243,0.06599652022123337,2.6095909561263397e-05]",0.10178526490926743,"[0.12751123309135437,0.1206057146191597,0.09659374505281448,0.07901264727115631,0.08520304411649704]",35.99123276474503,0.0,42.14336153032151,0.0,1908307486257974580,48,979.8433837890625,979.8433837890625,"[1,23,256]",0.0,"[1,23,256]",True,47,0.75,81,libero_spatial,5,"[[[-1.1464284658432007,0.11837947368621826,-1.034883737564087,-0.2659956216812134,-0.6656544208526611,0.06902480125427246,0.9999990463256836],[-1.2999998331069946,0.10591840744018555,-1.034883737564087,-0.2659956216812134,-0.6717334985733032,0.14690065383911133,0.9999990463256836],[-1.3642854690551758,0.09968781471252441,-1.034883737564087,-0.2659956216812134,-0.5927063226699829,0.20707762241363525,0.9999990463256836],[-1.374999761581421,0.09345734119415283,-1.0058139562606812,-0.2659956216812134,-0.4954422116279602,0.24955546855926514,0.9999990463256836],[-1.2785712480545044,0.10280311107635498,-0.970930278301239,-0.2659956216812134,-0.41033607721328735,0.24955546855926514,0.9999990463256836]]]","[0.09812326729297638,0.007372802589088678,0.09815105050802231,0.012659035623073578,0.011017356999218464,0.031848158687353134,0.0068810428492724895]",0.03800753131508827,"[0.022268664091825485,0.0354035347700119,0.047433141618967056,0.04683532193303108,0.03809700906276703]",46,B4
0.0,4.9649639549897984e-05,CC,C600,Z,,B,178.0231475830078,178.0231475830078,"[1,15,256]",0.0,"[1,15,256]",True,7,534.8964233398438,534.8964233398438,"[23,15,256]",0.0,"[23,15,256]",True,"[0.14139193296432495,0.024716176092624664,0.053728796541690826,0.04412993788719177,2.24552321434021,0.49289369583129883,0.004722218960523605]",0.4295865297317505,"[0.510402500629425,0.5447387099266052,0.48919036984443665,0.3581916391849518,0.2454095035791397]",0.17278340458869934,281.9855041503906,281.9855041503906,[81920],0.0,[81920],True,5,418.7197265625,418.7197265625,"[23,50,1024]",0.0,"[23,50,1024]",True,"[[[-0.6483536958694458,0.040927954018116,-1.0595579147338867,-0.24214628338813782,-0.08381663262844086,-0.04529132321476936,-1.0149294137954712],[-0.6525020599365234,0.052362482994794846,-1.074549913406372,-0.2555249333381653,-0.07848932594060898,-0.03261440992355347,-1.0179672241210938],[-0.6698060631752014,0.07637683302164078,-1.1015818119049072,-0.27571505308151245,-0.09322163462638855,-0.032501086592674255,-1.0113478899002075],[-0.669840395450592,0.0728633850812912,-1.0892608165740967,-0.2637562155723572,-0.08583512157201767,-0.02985486388206482,-1.007310390472412],[-0.6732342839241028,0.08762018382549286,-1.0601000785827637,-0.2527189552783966,-0.06699340790510178,-0.04041951894760132,-1.013262152671814]]]","[0.041834279894828796,0.002243105787783861,0.12088485807180405,0.0326102077960968,1.5079140663146973,0.28316250443458557,0.0001807619264582172]",0.28411853313446045,"[0.34387049078941345,0.3518519103527069,0.3196488916873932,0.23531216382980347,0.1699093133211136]",36.111277022999495,0.0,42.16984930260953,0.0,4644491651927860461,46,975.0972290039062,975.0972290039062,"[1,23,256]",0.0,"[1,23,256]",True,49,0.25,27,libero_spatial,5,"[[[-0.3571432828903198,0.02180635929107666,-0.6802327036857605,-0.07071006298065186,-1.4255306720733643,-0.6353988647460938,-1.0],[-0.3964289426803589,0.02180635929107666,-0.6744188070297241,-0.050508081912994385,-1.443767786026001,-0.607080340385437,-1.0],[-0.4500003457069397,0.02180635929107666,-0.7005815505981445,-0.05724203586578369,-1.38905668258667,-0.5787618160247803,-1.0],[-0.5678573846817017,0.02180635929107666,-0.7790699005126953,-0.08417803049087524,-1.2066863775253296,-0.5292043685913086,-1.0],[-0.6821430921554565,0.02180635929107666,-0.8517442941665649,-0.14478391408920288,-1.0364739894866943,-0.476107120513916,-1.0]]]","[0.17026729881763458,0.03154158964753151,0.03335781767964363,0.029681965708732605,1.1636313199996948,0.24385415017604828,0.0024567861109972]",0.23925583064556122,"[0.2958013713359833,0.3014983534812927,0.27430459856987,0.1959863156080246,0.12868857383728027]",48,B4
0.0,0.0004396398726385087,CC,C600,Z,,B,178.0231475830078,178.0231475830078,"[1,15,256]",0.0,"[1,15,256]",True,7,534.8964233398438,534.8964233398438,"[23,15,256]",0.0,"[23,15,256]",True,"[1.046875238418579,0.23454873263835907,0.05802742391824722,0.08056627213954926,0.014967262744903564,0.02356787770986557,9.937176946550608e-05]",0.2083788812160492,"[0.21690064668655396,0.14144599437713623,0.1495520919561386,0.2452089488506317,0.28878673911094666]",0.15159504115581512,281.9855041503906,281.9855041503906,[81920],0.0,[81920],True,5,418.7197265625,418.7197265625,"[23,50,1024]",0.0,"[23,50,1024]",True,"[[[0.606170654296875,-0.14110632240772247,-0.4642866551876068,-0.07456444203853607,-0.6894984245300293,-0.06443080306053162,1.0042762756347656],[0.596553385257721,-0.23168261349201202,-0.6214314699172974,-0.09581971913576126,-0.6344867944717407,-0.06832081079483032,1.0055482387542725],[0.5717978477478027,-0.27301111817359924,-0.7405487895011902,-0.12761631608009338,-0.5894953608512878,-0.06873159855604172,1.0083727836608887],[0.5331284999847412,-0.28153377771377563,-0.8407148122787476,-0.1518566906452179,-0.5914900898933411,-0.06566508114337921,1.0109386444091797],[0.473666250705719,-0.24391531944274902,-0.951551616191864,-0.1878412365913391,-0.6293920278549194,-0.05870068073272705,1.0111089944839478]]]","[0.2455076277256012,0.02189739979803562,0.08001725375652313,0.026468073949217796,0.1511317491531372,0.0006113516283221543,7.246269524330273e-05]",0.0751008465886116,"[0.055748432874679565,0.06989338994026184,0.07699780911207199,0.0803365409374237,0.0925280749797821]",36.111277022999495,0.0,42.16984930260953,0.0,4698308146476797737,46,975.0972290039062,975.0972290039062,"[1,23,256]",0.0,"[1,23,256]",True,49,0.75,80,libero_spatial,5,"[[[1.064284324645996,-0.11215001344680786,-0.3488374948501587,-0.2659956216812134,-1.0486321449279785,-0.040709614753723145,0.9999990463256836],[1.042855978012085,-0.13707208633422852,-0.3575584888458252,-0.2659956216812134,-1.0607901811599731,-0.040709614753723145,0.9999990463256836],[1.0499987602233887,-0.14330261945724487,-0.42441892623901367,-0.2659956216812134,-1.006079077720642,-0.040709614753723145,0.9999990463256836],[1.071427345275879,-0.07476687431335449,-0.5465118885040283,-0.2659956216812134,-0.9513679146766663,-0.040709614753723145,0.9999990463256836],[1.0214273929595947,-0.043614208698272705,-0.5901165008544922,-0.3737393617630005,-1.006079077720642,-0.040709614753723145,0.9999990463256836]]]","[0.015394510701298714,0.0011404247488826513,0.005177756305783987,0.03281630948185921,0.46909600496292114,0.008078708313405514,6.94810805725865e-05]",0.07596759498119354,"[0.09354975074529648,0.09144869446754456,0.06824366748332977,0.05769941583275795,0.06889649480581284]",48,B4
0.0,9.414659871254116e-06,CC,C600,Z,,A,186.4934844970703,186.4934844970703,"[1,14,256]",0.0,"[1,14,256]",True,5,607.3050537109375,607.3050537109375,"[37,14,256]",0.0,"[37,14,256]",True,"[0.15146122872829437,0.0008417103672400117,0.09456636756658554,0.09444939345121384,1.1334400177001953,0.0045474800281226635,0.0019698680844157934]",0.21161088347434998,"[0.17774337530136108,0.20284947752952576,0.22332999110221863,0.2226959764957428,0.23143556714057922]",0.1071045994758606,281.88275146484375,281.88275146484375,[81920],0.0,[81920],True,7,530.3638305664062,530.3638305664062,"[37,50,1024]",0.0,"[37,50,1024]",True,"[[[-0.16728180646896362,0.0042524877935647964,0.0054803937673568726,-0.24173809587955475,-0.06989022344350815,-0.11784283816814423,0.9996443390846252],[-0.14267896115779877,0.002798736095428467,0.027058493345975876,-0.22728446125984192,-0.07515032589435577,-0.1252160370349884,0.995022714138031],[-0.14892920851707458,0.004158042371273041,0.03891102224588394,-0.20939886569976807,-0.08464320003986359,-0.12444771826267242,1.0041049718856812],[-0.1326131820678711,0.0077824220061302185,0.061950936913490295,-0.1939614713191986,-0.0617077499628067,-0.1187896579504013,1.0121002197265625],[-0.12535598874092102,-0.0009556859731674194,0.08829911053180695,-0.18451233208179474,-0.06418770551681519,-0.10884729027748108,1.0035617351531982]]]","[0.09738172590732574,0.0005009121377952397,0.12469808012247086,0.06745133548974991,0.7759591341018677,0.004930240102112293,4.017589526483789e-05]",0.15299451351165771,"[0.13407592475414276,0.15202529728412628,0.16045431792736053,0.155269593000412,0.163147434592247]",29.878908348607077,0.0,36.890188853334095,0.0,3060169894559326343,48,1244.0078125,1244.0078125,"[1,37,256]",0.0,"[1,37,256]",True,47,0.25,30,libero_spatial,7,"[[[-0.5750002861022949,0.02180635929107666,-0.4447677731513977,-0.4814831614494324,0.641332745552063,-0.040709614753723145,0.9999990463256836],[-0.5142860412597656,0.02180635929107666,-0.36627936363220215,-0.49495112895965576,0.7568339109420776,-0.040709614753723145,0.9999990463256836],[-0.45357179641723633,0.02180635929107666,-0.29651206731796265,-0.5016851425170898,0.8237029314041138,-0.040709614753723145,0.9999990463256836],[-0.38571470975875854,0.02180635929107666,-0.2412794828414917,-0.47474920749664307,0.8601770401000977,-0.07610780000686646,0.9999990463256836],[-0.2857147455215454,-0.03738367557525635,-0.15988421440124512,-0.39394134283065796,0.9392043352127075,-0.16106337308883667,0.9999990463256836]]]","[0.04700698330998421,0.0003441752924118191,0.02440129965543747,0.04222625866532326,0.5844199061393738,0.002708062529563904,0.004685521591454744]",0.10082746297121048,"[0.08317271620035172,0.0939008966088295,0.10087259858846664,0.10847312957048416,0.11771796643733978]",46,B4
0.0,6.037481580278836e-05,CC,C600,Z,,A,186.4934844970703,186.4934844970703,"[1,14,256]",0.0,"[1,14,256]",True,5,607.3050537109375,607.3050537109375,"[37,14,256]",0.0,"[37,14,256]",True,"[0.07351205497980118,0.06419391930103302,0.02569645456969738,0.013697522692382336,0.05469781160354614,0.023576853796839714,0.00015983897901605815]",0.036504924297332764,"[0.030134733766317368,0.030940134078264236,0.035071972757577896,0.039306480437517166,0.047071296721696854]",0.11870966851711273,281.88275146484375,281.88275146484375,[81920],0.0,[81920],True,7,530.3638305664062,530.3638305664062,"[37,50,1024]",0.0,"[37,50,1024]",True,"[[[0.4288536310195923,0.45610910654067993,-0.029141992330551147,-0.2747885584831238,-0.5756229758262634,-0.5520668029785156,0.9990407228469849],[0.4166186451911926,0.4295799136161804,-0.052471134811639786,-0.2698417603969574,-0.5400766134262085,-0.5393335819244385,1.0014235973358154],[0.41390353441238403,0.40515443682670593,-0.07317755371332169,-0.2635863721370697,-0.5223269462585449,-0.530001163482666,1.0023497343063354],[0.41599252820014954,0.382896363735199,-0.09802812337875366,-0.25981152057647705,-0.5102620720863342,-0.524787962436676,1.0056419372558594],[0.4183507561683655,0.3623766601085663,-0.12147680670022964,-0.25856807827949524,-0.5042316913604736,-0.5110461711883545,1.005374789237976]]]","[0.06583122164011002,0.002531585516408086,0.14106515049934387,3.8264901377260685e-05,0.2128043919801712,0.05703449994325638,1.3842858606949449e-05]",0.06847412884235382,"[0.08041610568761826,0.0734257698059082,0.06785188615322113,0.06287521123886108,0.05780169367790222]",29.878908348607077,0.0,36.890188853334095,0.0,5106880675780522306,48,1244.0078125,1244.0078125,"[1,37,256]",0.0,"[1,37,256]",True,47,0.75,92,libero_spatial,7,"[[[0.6607131958007812,0.42367517948150635,-0.46511656045913696,-0.2659956216812134,-0.06991147994995117,-0.30265605449676514,0.9999990463256836],[0.6714276075363159,0.4299057722091675,-0.46511656045913696,-0.2659956216812134,-0.06991147994995117,-0.29911625385284424,0.9999990463256836],[0.6785702705383301,0.4392514228820801,-0.4505816698074341,-0.2659956216812134,-0.06991147994995117,-0.29203659296035767,0.9999990463256836],[0.6821417808532715,0.4423668384552002,-0.436046838760376,-0.2659956216812134,-0.06991147994995117,-0.2849569320678711,0.9999990463256836],[0.6821417808532715,0.44548213481903076,-0.4186049699783325,-0.2659956216812134,-0.06991147994995117,-0.2849569320678711,0.9999990463256836]]]","[0.0660112276673317,0.05626855045557022,0.022685980424284935,0.01027578953653574,0.05390935763716698,0.01948734186589718,0.0002348922280361876]",0.032696161419153214,"[0.0261225588619709,0.027890929952263832,0.031054068356752396,0.03629063069820404,0.042122628539800644]",46,B4
0.0,1.4829542124061845e-05,CC,C600,Z,,B,186.267333984375,186.267333984375,"[1,14,256]",0.0,"[1,14,256]",True,5,522.1982421875,522.1982421875,"[28,14,256]",0.0,"[28,14,256]",True,"[0.137560173869133,0.008913601748645306,0.03359364718198776,0.16448087990283966,0.06928825378417969,0.022363334894180298,0.00034391871304251254]",0.062363401055336,"[0.05088218301534653,0.0510169081389904,0.0554562509059906,0.07808120548725128,0.07638047635555267]",0.07238054275512695,281.8653259277344,281.8653259277344,[81920],0.0,[81920],True,7,462.6632995605469,462.6632995605469,"[28,50,1024]",0.0,"[28,50,1024]",True,"[[[-0.13660824298858643,-0.020418446511030197,-0.017778707668185234,-0.2643488645553589,0.28783509135246277,-0.08205993473529816,1.0073500871658325],[-0.12656600773334503,-0.01966024376451969,-0.008585374802350998,-0.2640650272369385,0.32792726159095764,-0.082852303981781,1.0128827095031738],[-0.11566479504108429,-0.023308560252189636,-0.0053674280643463135,-0.25527071952819824,0.3437540531158447,-0.08216594159603119,1.0139974355697632],[-0.11030331999063492,-0.02405218780040741,0.0059538185596466064,-0.25227421522140503,0.35533997416496277,-0.08738619089126587,1.0129401683807373],[-0.07698936760425568,0.001762591302394867,0.027594685554504395,-0.25264158844947815,0.35846278071403503,-0.08432598412036896,1.0128940343856812]]]","[0.05071024224162102,0.0017309545073658228,0.05542147159576416,0.037518661469221115,0.05612989887595177,0.004547270946204662,0.0001499469653936103]",0.02945835329592228,"[0.018953120335936546,0.018028581514954567,0.023737771436572075,0.03424578160047531,0.0523265041410923]",29.203579053619706,0.0,36.49866982790127,0.0,4594143207052349333,46,1088.6419677734375,1088.6419677734375,"[1,28,256]",0.0,"[1,28,256]",True,49,0.25,38,libero_spatial,7,"[[[-0.3535718321800232,-0.09345841407775879,-0.2674422860145569,-0.3468034863471985,0.21580207347869873,-0.005311429500579834,0.9999990463256836],[-0.3250004053115845,-0.05919051170349121,-0.23546552658081055,-0.40067535638809204,0.2279599905014038,-0.012391090393066406,0.9999990463256836],[-0.33214324712753296,-0.028037965297698975,-0.22674459218978882,-0.4478132128715515,0.17324888706207275,-0.019470691680908203,0.9999990463256836],[-0.3285719156265259,0.012460470199584961,-0.20639574527740479,-0.5218870639801025,0.09422183036804199,-0.019470691680908203,0.9999990463256836],[-0.3464289903640747,0.02180635929107666,-0.23546552658081055,-0.4814831614494324,-0.051674485206604004,-0.02655029296875,0.9999990463256836]]]","[0.05224747583270073,0.0014676701975986362,0.09117524325847626,0.03657356649637222,0.015209863893687725,0.009586237370967865,0.00029006769182160497]",0.029507160186767578,"[0.018231425434350967,0.020113511011004448,0.025920618325471878,0.0346444733440876,0.04862578213214874]",48,B4
0.0,6.017125633661635e-05,CC,C600,Z,,B,186.267333984375,186.267333984375,"[1,14,256]",0.0,"[1,14,256]",True,5,522.1982421875,522.1982421875,"[28,14,256]",0.0,"[28,14,256]",True,"[0.01335581112653017,0.000193946689250879,0.022180601954460144,0.0007854407886043191,0.048191316425800323,0.0062032886780798435,0.004890187177807093]",0.013685798272490501,"[0.016626683995127678,0.014041182585060596,0.01446178276091814,0.012571739964187145,0.010727607645094395]",0.05044393241405487,281.8653259277344,281.8653259277344,[81920],0.0,[81920],True,7,462.6632995605469,462.6632995605469,"[28,50,1024]",0.0,"[28,50,1024]",True,"[[[0.34099721908569336,0.723632276058197,-0.22490337491035461,-0.21573877334594727,-0.759056806564331,-0.06358247250318527,1.0098843574523926],[0.3207024931907654,0.7124130129814148,-0.26884984970092773,-0.20284998416900635,-0.7413541078567505,-0.060003861784935,1.009606122970581],[0.3079617917537689,0.704026997089386,-0.3177401125431061,-0.21508215367794037,-0.7114228010177612,-0.0647660568356514,1.0107628107070923],[0.2736430764198303,0.6897014379501343,-0.3630252480506897,-0.2104230523109436,-0.6904996633529663,-0.06249462813138962,1.0087683200836182],[0.24729835987091064,0.6873853206634521,-0.4144700765609741,-0.21646273136138916,-0.6709916591644287,-0.05837725102901459,1.0102440118789673]]]","[0.018067263066768646,0.0010989148868247867,0.00031770789064466953,0.0028050728142261505,0.20053373277187347,0.026880627498030663,9.754668280947953e-05]",0.035685840994119644,"[0.039366573095321655,0.041448455303907394,0.03550906851887703,0.031345266848802567,0.03075983002781868]",29.203579053619706,0.0,36.49866982790127,0.0,4843176701914511588,46,1088.6419677734375,1088.6419677734375,"[1,28,256]",0.0,"[1,28,256]",True,49,0.75,114,libero_spatial,7,"[[[0.503570556640625,0.7725847959518433,-0.21220970153808594,-0.2659956216812134,-0.27051883935928345,-0.1362847089767456,0.9999990463256836],[0.46071338653564453,0.7507778406143188,-0.2906981110572815,-0.2659956216812134,-0.24012374877929688,-0.17522269487380981,0.9999990463256836],[0.4249991178512573,0.732086181640625,-0.34011662006378174,-0.2659956216812134,-0.2583608031272888,-0.22478008270263672,0.9999990463256836],[0.3892848491668701,0.7133947610855103,-0.3837212324142456,-0.2659956216812134,-0.2887558937072754,-0.2637180685997009,0.9999990463256836],[0.37857067584991455,0.7040488719940186,-0.4098840355873108,-0.2592616677284241,-0.2887558937072754,-0.2814171314239502,0.9999990463256836]]]","[0.007221011910587549,0.00016059810877777636,0.03317055106163025,0.0033478294499218464,0.01993640884757042,0.0034457433503121138,0.0004014692676719278]",0.009669087827205658,"[0.009720605798065662,0.009069663472473621,0.010141635313630104,0.01044129766523838,0.008972237817943096]",48,B4
0.0,3.4999549825442955e-05,CC,C600,Z,,A,233.95761108398438,233.95761108398438,"[1,11,256]",0.0,"[1,11,256]",True,14,488.41461181640625,488.41461181640625,"[25,11,256]",0.0,"[25,11,256]",True,"[0.057580020278692245,0.00558113818988204,0.012720589525997639,0.0028052956331521273,0.3515237867832184,0.007692508399486542,0.000464681041194126]",0.0626240074634552,"[0.07965031266212463,0.0814257264137268,0.060534216463565826,0.03837083652615547,0.05313891917467117]",0.053141120821237564,281.950927734375,281.950927734375,[81920],0.0,[81920],True,12,436.56536865234375,436.56536865234375,"[25,50,1024]",0.0,"[25,50,1024]",True,"[[[-0.26328587532043457,0.11796422302722931,-0.5962844491004944,-0.2607673406600952,-0.2581644058227539,-0.021457016468048096,-0.998322606086731],[-0.2897033095359802,0.11257421970367432,-0.6131649613380432,-0.2710472345352173,-0.24996504187583923,-0.030489299446344376,-1.0083913803100586],[-0.3234649896621704,0.056926146149635315,-0.6633481383323669,-0.253459632396698,-0.24477191269397736,-0.03272762894630432,-1.0122501850128174],[-0.3259401023387909,0.03238172084093094,-0.7036455273628235,-0.23902644217014313,-0.21664151549339294,-0.04337352514266968,-1.0145834684371948],[-0.2973366975784302,-0.008218526840209961,-0.7362192869186401,-0.2451150268316269,-0.16073420643806458,-0.04258830472826958,-1.0024566650390625]]]","[0.016086285933852196,0.003696667030453682,0.005313014145940542,0.00027466812753118575,0.10040964931249619,8.701716433279216e-05,8.84017426869832e-05]",0.01799367181956768,"[0.020473768934607506,0.02278796397149563,0.015528703108429909,0.010821973904967308,0.020355960354208946]",30.167095507072855,0.0,46.52560203157292,0.0,5545119331277237353,48,969.7846069335938,969.7846069335938,"[1,25,256]",0.0,"[1,25,256]",True,47,0.25,32,libero_object,2,"[[[-0.1285719871520996,0.04361319541931152,-0.6831396818161011,-0.2659956216812134,-0.5927063226699829,-0.03363001346588135,-1.0],[-0.1285719871520996,0.02180635929107666,-0.7005815505981445,-0.2659956216812134,-0.5927063226699829,-0.040709614753723145,-1.0],[-0.16071486473083496,0.02180635929107666,-0.7034885287284851,-0.2659956216812134,-0.525837242603302,-0.040709614753723145,-1.0],[-0.22857189178466797,0.02180635929107666,-0.6831396818161011,-0.2659956216812134,-0.47112613916397095,-0.037169814109802246,-1.0],[-0.2785719037055969,0.049843668937683105,-0.6395350694656372,-0.2659956216812134,-0.5197582244873047,-0.03363001346588135,-1.0]]]","[0.08230249583721161,0.002563281450420618,0.0018960476154461503,0.0025558515917509794,0.1347949355840683,0.003542994847521186,0.12404906749725342]",0.05024351924657822,"[0.043755482882261276,0.04894464462995529,0.05228295177221298,0.047642193734645844,0.058592356741428375]",46,B4
0.0,0.00019885746587533504,CC,C600,Z,,A,233.95761108398438,233.95761108398438,"[1,11,256]",0.0,"[1,11,256]",True,14,488.41461181640625,488.41461181640625,"[25,11,256]",0.0,"[25,11,256]",True,"[0.016307415440678596,0.001427740091457963,0.02216491661965847,0.0014658651780337095,0.0006513553089462221,0.01345297135412693,0.0005603856407105923]",0.008004378527402878,"[0.007435908075422049,0.005866346415132284,0.005907598417252302,0.010301507078111172,0.010510532185435295]",0.06481283158063889,281.950927734375,281.950927734375,[81920],0.0,[81920],True,12,436.56536865234375,436.56536865234375,"[25,50,1024]",0.0,"[25,50,1024]",True,"[[[-0.29336661100387573,0.901959240436554,-0.1858929544687271,-0.259412944316864,-0.08077342808246613,-0.026211585849523544,1.0103139877319336],[-0.3070347309112549,0.8565919399261475,-0.2635003328323364,-0.2609931528568268,-0.07702702283859253,-0.024623019620776176,1.0193703174591064],[-0.3322131633758545,0.8182171583175659,-0.3024290204048157,-0.2564343214035034,-0.058892667293548584,-0.02508024126291275,1.0245471000671387],[-0.3184952139854431,0.7660861611366272,-0.3428868353366852,-0.24670571088790894,-0.08930067718029022,-0.025015924125909805,1.018020749092102],[-0.31443488597869873,0.7117215991020203,-0.3975744843482971,-0.23631280660629272,-0.0727408155798912,-0.039555735886096954,1.0161868333816528]]]","[0.004534910898655653,0.0013006123481318355,0.002229327103123069,0.00028258899692445993,0.0029631454963237047,0.015018286183476448,0.0003342154377605766]",0.0038090122397989035,"[0.004091171082109213,0.002903890796005726,0.0034603578969836235,0.004049292765557766,0.004540349822491407]",30.167095507072855,0.0,46.52560203157292,0.0,6063945589377718727,48,969.7846069335938,969.7846069335938,"[1,25,256]",0.0,"[1,25,256]",True,47,0.75,95,libero_object,2,"[[[-0.30357182025909424,0.8348900079727173,-0.2790701985359192,-0.2659956216812134,-0.1428595781326294,-0.1327449083328247,0.9999990463256836],[-0.2678576111793518,0.819313645362854,-0.3052329421043396,-0.2659956216812134,-0.13678061962127686,-0.1327449083328247,0.9999990463256836],[-0.25357192754745483,0.8037372827529907,-0.32267481088638306,-0.2659956216812134,-0.11854356527328491,-0.1398245096206665,0.9999990463256836],[-0.23571473360061646,0.7663540840148926,-0.33720964193344116,-0.2659956216812134,-0.13678061962127686,-0.16106337308883667,0.9999990463256836],[-0.2250005006790161,0.6915878057479858,-0.3808143138885498,-0.2659956216812134,-0.11246448755264282,-0.1823022961616516,0.9999990463256836]]]","[0.02758621610701084,0.0007283256272785366,0.0051657333970069885,0.0012795691145583987,0.0011775892926380038,0.011898736469447613,0.00035299870069138706]",0.006884166970849037,"[0.010933937504887581,0.005196878220885992,0.005179000087082386,0.006518823094666004,0.006592197343707085]",46,B4
0.0,0.07040335983037949,CC,C600,Z,,B,231.849609375,231.849609375,"[1,11,256]",0.0,"[1,11,256]",True,14,503.1490783691406,503.1490783691406,"[27,11,256]",0.0,"[27,11,256]",True,"[0.022222209721803665,0.027588123455643654,0.0037147377151995897,0.005250038579106331,0.008023614063858986,0.009553172625601292,0.08899672329425812]",0.02362123131752014,"[0.018107011914253235,0.01290019042789936,0.025438841432332993,0.0313742533326149,0.03028586134314537]",0.029651131480932236,281.9532470703125,281.9532470703125,[81920],0.0,[81920],True,12,454.3021545410156,454.3021545410156,"[27,50,1024]",0.0,"[27,50,1024]",True,"[[[0.08300341665744781,-0.1947515606880188,-0.21845054626464844,-0.22751230001449585,0.0758117288351059,-0.16797298192977905,-0.9965656399726868],[0.07489454746246338,-0.18714788556098938,-0.23678454756736755,-0.2246936857700348,0.0881071388721466,-0.15343578159809113,-1.0053445100784302],[-0.005125582218170166,-0.13526242971420288,-0.2809571921825409,-0.23412983119487762,0.04389340430498123,-0.11792849749326706,-1.0044834613800049],[-0.0818808451294899,-0.06217323988676071,-0.33704692125320435,-0.23534855246543884,0.012600626796483994,-0.08751726150512695,1.032139539718628],[-0.1056930422782898,-0.04094337671995163,-0.3690398633480072,-0.24697595834732056,-0.01966816745698452,-0.06514308601617813,1.0323281288146973]]]","[0.3179229497909546,0.051241546869277954,0.2164081335067749,0.003928390331566334,0.028013447299599648,0.007530772127211094,1.652001976966858]",0.3252924382686615,"[0.0759008526802063,0.10369115322828293,0.10612460225820541,0.6758002042770386,0.6649453639984131]",30.211052767363785,0.0,47.0743179786852,0.0,1288635900652328787,46,1006.4513549804688,1006.4513549804688,"[1,27,256]",0.0,"[1,27,256]",True,49,0.25,33,libero_object,2,"[[[-0.2500004768371582,0.10280311107635498,-0.7209303975105286,-0.3400694727897644,-0.14893865585327148,-0.040709614753723145,-1.0],[-0.4857146143913269,0.1152641773223877,-0.7441861629486084,-0.29293161630630493,-0.12462258338928223,-0.040709614753723145,-1.0],[-0.6535716652870178,0.0872267484664917,-0.7703490257263184,-0.2659956216812134,-0.11854356527328491,-0.040709614753723145,-1.0],[-0.703571617603302,0.059189438819885254,-0.767441987991333,-0.2659956216812134,-0.09422749280929565,-0.040709614753723145,-1.0],[-0.703571617603302,0.06853532791137695,-0.7529071569442749,-0.2659956216812134,-0.10030657052993774,-0.040709614753723145,-1.0]]]","[0.024015644565224648,0.022819679230451584,0.003391920356079936,0.00425164308398962,0.006116075906902552,0.00733533501625061,0.10548508167266846]",0.024773627519607544,"[0.01607080176472664,0.011879744939506054,0.026379309594631195,0.033769674599170685,0.03576860576868057]",48,B4
0.0,1.030444855132373e-05,CC,C600,Z,,B,231.849609375,231.849609375,"[1,11,256]",0.0,"[1,11,256]",True,14,503.1490783691406,503.1490783691406,"[27,11,256]",0.0,"[27,11,256]",True,"[0.6259713768959045,0.8656310439109802,0.27507519721984863,0.24652116000652313,0.47000762820243835,0.6109593510627747,0.017036648467183113]",0.444457471370697,"[0.4215042293071747,0.6157917976379395,0.5950906276702881,0.47664719820022583,0.11325353384017944]",0.37684687972068787,281.9532470703125,281.9532470703125,[81920],0.0,[81920],True,12,454.3021545410156,454.3021545410156,"[27,50,1024]",0.0,"[27,50,1024]",True,"[[[-0.3934984505176544,0.08507241308689117,-0.833454430103302,-0.030891496688127518,-0.06457851082086563,-0.06163211911916733,1.00547194480896],[-0.4098280668258667,0.06279557943344116,-0.8308446407318115,-0.03167857229709625,-0.07746812701225281,-0.044524550437927246,1.0053441524505615],[-0.4580162763595581,0.026718467473983765,-0.8202131986618042,-0.05326304957270622,-0.06091985106468201,-0.05339222401380539,1.007683277130127],[-0.46714574098587036,0.02558918297290802,-0.8137942552566528,-0.09751855581998825,-0.052473992109298706,-0.0528988279402256,1.0075585842132568],[-0.43623971939086914,0.057651735842227936,-0.8027119636535645,-0.14972791075706482,-0.0632440447807312,-0.04266820102930069,1.0057529211044312]]]","[0.008539347909390926,0.165438711643219,0.06637722998857498,0.03354042023420334,0.00018208484107162803,0.02589251473546028,4.156477370997891e-05]",0.04285883530974388,"[0.08946656435728073,0.06391153484582901,0.035846926271915436,0.014296294189989567,0.010772873647511005]",30.211052767363785,0.0,47.0743179786852,0.0,8916442828729476527,46,1006.4513549804688,1006.4513549804688,"[1,27,256]",0.0,"[1,27,256]",True,49,0.75,99,libero_object,2,"[[[-0.22142904996871948,0.6947031021118164,-0.42441892623901367,-0.2659956216812134,-0.0820695161819458,-0.015930891036987305,0.9999990463256836],[-0.3428575396537781,0.5856688022613525,-0.5000002980232239,-0.2659956216812134,-0.06991147994995117,0.026546835899353027,0.9999990463256836],[-0.45357179641723633,0.3987530469894409,-0.6046513319015503,-0.2659956216812134,-0.06991147994995117,0.09026360511779785,0.9999990463256836],[-0.5035717487335205,0.21495270729064941,-0.7238373756408691,-0.20538973808288574,-0.06991147994995117,0.15398037433624268,0.9999990463256836],[-0.5214288830757141,0.1464167833328247,-0.7790699005126953,-0.12458193302154541,-0.07599043846130371,0.1999979019165039,0.9999990463256836]]]","[0.009481769055128098,0.10846616327762604,0.059005577117204666,0.03686332330107689,0.012172972783446312,0.04220207780599594,0.00582803413271904]",0.03914570063352585,"[0.0728561282157898,0.05367216840386391,0.030946673825383186,0.021914415061473846,0.016339128836989403]",48,B4
0.0,4.208690006635152e-05,CC,C600,Z,,A,224.54092407226562,224.54092407226562,"[1,10,256]",0.0,"[1,10,256]",True,12,618.7853393554688,618.7853393554688,"[51,10,256]",0.0,"[51,10,256]",True,"[0.015557902865111828,0.026691287755966187,0.014595127664506435,0.0005839062505401671,0.030292099341750145,0.016011226922273636,0.003920095507055521]",0.015378807671368122,"[0.024449419230222702,0.013212902471423149,0.009137398563325405,0.009135831147432327,0.02095847949385643]",0.10552707314491272,281.8947448730469,281.8947448730469,[81920],0.0,[81920],True,14,623.6253662109375,623.6253662109375,"[51,50,1024]",0.0,"[51,50,1024]",True,"[[[-0.1563824713230133,0.04693195968866348,-0.4860321283340454,-0.2744503319263458,-0.0864449292421341,-0.13746365904808044,-1.0095301866531372],[-0.17931970953941345,0.04472602903842926,-0.5184900164604187,-0.2680201530456543,-0.09094194322824478,-0.13098491728305817,-1.0102112293243408],[-0.19189031422138214,0.034914419054985046,-0.5487291812896729,-0.28362852334976196,-0.09054853022098541,-0.11795468628406525,-1.0221524238586426],[-0.1921560913324356,0.023143038153648376,-0.5921114683151245,-0.2787429094314575,-0.08157584071159363,-0.09341639280319214,-1.0081866979599],[-0.1785486340522766,-0.011077269911766052,-0.6482874751091003,-0.2735544741153717,-0.08573856204748154,-0.09131930768489838,-1.0142138004302979]]]","[0.011457742191851139,0.0159471333026886,0.013675712049007416,0.0001212259303429164,0.00030561539460904896,0.005763424560427666,0.00019097553740721196]",0.00678026070818305,"[0.008373633027076721,0.004875948652625084,0.003417324973270297,0.006449522916227579,0.010784875601530075]",29.76693632986928,0.0,49.534441435155266,0.0,6673264783416593914,48,1404.2237548828125,1404.2237548828125,"[1,51,256]",0.0,"[1,51,256]",True,47,0.25,40,libero_object,4,"[[[-0.1285719871520996,-0.16199421882629395,-0.5523258447647095,-0.2659956216812134,-0.06991147994995117,-0.040709614753723145,-1.0],[-0.17142915725708008,-0.08099734783172607,-0.6162792444229126,-0.2659956216812134,-0.06991147994995117,-0.040709614753723145,-1.0],[-0.22857189178466797,0.0031147003173828125,-0.668604850769043,-0.2659956216812134,-0.06991147994995117,-0.040709614753723145,-1.0],[-0.3357146978378296,0.02180635929107666,-0.738372266292572,-0.2659956216812134,-0.06991147994995117,-0.040709614753723145,-1.0],[-0.3642861247062683,0.1277252435684204,-0.7848838567733765,-0.2659956216812134,-0.06991147994995117,-0.040709614753723145,-1.0]]]","[0.022252509370446205,0.009875158779323101,0.010501264594495296,0.0005683166673406959,0.0312650166451931,0.0009222407243214548,0.0013988420832902193]",0.010969049297273159,"[0.013626703992486,0.010285571217536926,0.010519959963858128,0.008556701242923737,0.011856314726173878]",46,B4
0.0,0.00016479950863867998,CC,C600,Z,,A,224.54092407226562,224.54092407226562,"[1,10,256]",0.0,"[1,10,256]",True,12,618.7853393554688,618.7853393554688,"[51,10,256]",0.0,"[51,10,256]",True,"[0.12680472433567047,0.06301683932542801,0.011011660099029541,0.000698574585840106,0.0008268494275398552,0.0007162521942518651,0.006225337274372578]",0.02990003302693367,"[0.019960764795541763,0.02070041559636593,0.02667907066643238,0.03533243387937546,0.04682748764753342]",0.03483482450246811,281.8947448730469,281.8947448730469,[81920],0.0,[81920],True,14,623.6253662109375,623.6253662109375,"[51,50,1024]",0.0,"[51,50,1024]",True,"[[[-0.3055558502674103,0.777999758720398,-0.16005867719650269,-0.30513274669647217,-0.7662613391876221,-0.016520949080586433,1.0098317861557007],[-0.30546724796295166,0.7814172506332397,-0.1829463541507721,-0.3464621305465698,-0.7887190580368042,-0.006614372134208679,1.0103858709335327],[-0.29209446907043457,0.7697811722755432,-0.2623402178287506,-0.3875511586666107,-0.7546899318695068,-0.01571754738688469,1.0076377391815186],[-0.2643517255783081,0.772040605545044,-0.3100447654724121,-0.3898214101791382,-0.7518008351325989,-0.017055829986929893,1.0077866315841675],[-0.23380565643310547,0.7540051341056824,-0.3786575496196747,-0.36613574624061584,-0.7649561762809753,-0.02445325069129467,1.0173121690750122]]]","[0.20669130980968475,0.04663028195500374,0.009215377271175385,0.014337517321109772,0.21523986756801605,0.0011532243806868792,0.00012466186308301985]",0.07048460096120834,"[0.06561000645160675,0.07123443484306335,0.06898513436317444,0.06905918568372726,0.0775342732667923]",29.76693632986928,0.0,49.534441435155266,0.0,4112929797682724988,48,1404.2237548828125,1404.2237548828125,"[1,51,256]",0.0,"[1,51,256]",True,47,0.75,121,libero_object,4,"[[[0.10357069969177246,0.9906531572341919,-0.1133725643157959,-0.20538973808288574,-0.2826768159866333,-0.040709614753723145,0.9999990463256836],[0.13214218616485596,0.9906531572341919,-0.13953536748886108,-0.2188577651977539,-0.29483485221862793,-0.040709614753723145,0.9999990463256836],[0.17142772674560547,0.9906531572341919,-0.16860508918762207,-0.24579370021820068,-0.3191508650779724,-0.040709614753723145,0.9999990463256836],[0.21428489685058594,0.9844224452972412,-0.20930272340774536,-0.2659956216812134,-0.3252299427986145,-0.05840873718261719,0.9999990463256836],[0.2464277744293213,0.9781920909881592,-0.22674459218978882,-0.2659956216812134,-0.2887558937072754,-0.06548833847045898,0.9999990463256836]]]","[0.08447130024433136,0.058773476630449295,0.0014899572124704719,0.0003271695168223232,0.00365760107524693,0.00029446877306327224,0.001229654997587204]",0.02146337553858757,"[0.014881358481943607,0.015254435129463673,0.020084058865904808,0.026744486764073372,0.030352547764778137]",46,B4
0.0,2.5393521354999393e-05,CC,C600,Z,,B,225.6089630126953,225.6089630126953,"[1,10,256]",0.0,"[1,10,256]",True,12,472.9463806152344,472.9463806152344,"[30,10,256]",0.0,"[30,10,256]",True,"[0.19913361966609955,0.009517637081444263,0.07222781330347061,0.0016547702252864838,0.018792124465107918,0.021021908149123192,0.007893598638474941]",0.04717734828591347,"[0.021930459886789322,0.025546470656991005,0.028925742954015732,0.062029384076595306,0.09745469689369202]",0.13001327216625214,281.9188232421875,281.9188232421875,[81920],0.0,[81920],True,14,477.9844970703125,477.9844970703125,"[30,50,1024]",0.0,"[30,50,1024]",True,"[[[-0.2779398560523987,0.01376032829284668,-0.7039639353752136,-0.2518694996833801,-0.16772900521755219,-0.014541961252689362,-1.0050016641616821],[-0.3507468104362488,-0.0006847456097602844,-0.7080802917480469,-0.26308315992355347,-0.17748649418354034,-0.016737494617700577,-1.0079188346862793],[-0.3743513226509094,-0.012804239988327026,-0.7086397409439087,-0.2592843770980835,-0.1898077130317688,-0.01755133643746376,-1.0107667446136475],[-0.3846178948879242,-0.023770106956362724,-0.7094860076904297,-0.27006763219833374,-0.19057993590831757,-0.015790939331054688,-1.0204952955245972],[-0.4105643033981323,-0.0312843918800354,-0.6975178718566895,-0.2796100378036499,-0.2020827829837799,-0.019278451800346375,-1.0259745121002197]]]","[0.12055237591266632,0.001323815668001771,0.027357563376426697,9.100083116209134e-05,0.02588244155049324,0.0008877174113877118,0.0002596759586594999]",0.025193510577082634,"[0.011046801693737507,0.015033054165542126,0.018923161551356316,0.03454788029193878,0.04641665890812874]",30.502609360186735,0.0,52.450314426935414,0.0,6941690631084841007,46,1090.567626953125,1090.567626953125,"[1,30,256]",0.0,"[1,30,256]",True,49,0.25,39,libero_object,4,"[[[-0.38571470975875854,0.009345293045043945,-0.8895349502563477,-0.2659956216812134,-0.33738791942596436,-0.061948537826538086,-1.0],[-0.5285717248916626,0.02180635929107666,-0.9098837971687317,-0.2659956216812134,-0.3556249737739563,-0.040709614753723145,-1.0],[-0.6428573727607727,0.02180635929107666,-0.8953489065170288,-0.2659956216812134,-0.34346693754196167,-0.040709614753723145,-1.0],[-0.8321429491043091,0.02180635929107666,-0.8459303379058838,-0.2659956216812134,-0.33130890130996704,-0.040709614753723145,-1.0],[-0.9464285969734192,0.02180635929107666,-0.7877907752990723,-0.2659956216812134,-0.3617039918899536,-0.040709614753723145,-1.0]]]","[0.11048698425292969,0.0007943146047182381,0.07414456456899643,0.0014477989170700312,0.001008481252938509,0.0008222932810895145,0.00025892697158269584]",0.026994766667485237,"[0.014359277673065662,0.018786631524562836,0.024125961586833,0.03244012966752052,0.04526183754205704]",48,B4
0.0,9.853902156464756e-05,CC,C600,Z,,B,225.6089630126953,225.6089630126953,"[1,10,256]",0.0,"[1,10,256]",True,12,472.9463806152344,472.9463806152344,"[30,10,256]",0.0,"[30,10,256]",True,"[0.006021184381097555,0.13366779685020447,0.02878030203282833,0.015508702956140041,0.01480244379490614,0.017254875972867012,0.006150990724563599]",0.03174089640378952,"[0.045824017375707626,0.04227696731686592,0.028643863275647163,0.020810533314943314,0.02114911749958992]",0.05728841572999954,281.9188232421875,281.9188232421875,[81920],0.0,[81920],True,14,477.9844970703125,477.9844970703125,"[30,50,1024]",0.0,"[30,50,1024]",True,"[[[-0.09162840247154236,0.6953726410865784,-0.22638967633247375,-0.2805418074131012,-0.6086134314537048,-0.03022310882806778,1.0090076923370361],[-0.13167178630828857,0.6419326066970825,-0.3019557595252991,-0.2639960050582886,-0.636457085609436,-0.03324288874864578,1.0076391696929932],[-0.19930104911327362,0.5415729284286499,-0.45451414585113525,-0.24446308612823486,-0.6710712313652039,-0.041789986193180084,0.9993749260902405],[-0.20734477043151855,0.4357551634311676,-0.561745822429657,-0.22102132439613342,-0.6409715414047241,-0.058441951870918274,1.0017741918563843],[-0.1980893462896347,0.3406030535697937,-0.6417725682258606,-0.20963850617408752,-0.616265594959259,-0.061997607350349426,1.0011934041976929]]]","[0.010031729005277157,0.09133516997098923,0.017754321917891502,0.014465040527284145,0.32767489552497864,0.00018690006982069463,2.8898870368720964e-05]",0.06592528522014618,"[0.053589481860399246,0.06002260372042656,0.07316197454929352,0.0701225996017456,0.07272975146770477]",30.502609360186735,0.0,52.450314426935414,0.0,7799883917981918442,46,1090.567626953125,1090.567626953125,"[1,30,256]",0.0,"[1,30,256]",True,49,0.75,116,libero_object,4,"[[[-6.556510925292969e-07,0.9563851356506348,-0.13953536748886108,-0.30639952421188354,-0.06991147994995117,-0.040709614753723145,0.9999990463256836],[-0.02857208251953125,0.9190021753311157,-0.23255854845046997,-0.3468034863471985,-0.06991147994995117,-0.040709614753723145,0.9999990463256836],[-0.0750005841255188,0.8504661321640015,-0.302325963973999,-0.3737393617630005,-0.06991147994995117,-0.040709614753723145,0.9999990463256836],[-0.11428624391555786,0.7445472478866577,-0.4098840355873108,-0.3737393617630005,-0.05775344371795654,-0.040709614753723145,0.9999990463256836],[-0.11428624391555786,0.6884726285934448,-0.46802353858947754,-0.3670054078102112,-0.04559546709060669,-0.040709614753723145,0.9999990463256836]]]","[0.0036282006185501814,0.11170343309640884,0.01908080093562603,0.01400690246373415,0.011625106446444988,0.014980221167206764,0.00244754645973444]",0.025353174656629562,"[0.03716493770480156,0.034595806151628494,0.022962065413594246,0.01630634441971779,0.01573672518134117]",48,B4
0.0,0.00017303925415035337,CC,C600,Z,,A,139.4905548095703,139.4905548095703,"[1,7,256]",0.0,"[1,7,256]",True,25,370.863525390625,370.863525390625,"[26,7,256]",0.0,"[26,7,256]",True,"[0.15319468080997467,0.030529728159308434,0.038323186337947845,0.06704818457365036,0.02273394726216793,0.05919921025633812,0.0013194795465096831]",0.0531926304101944,"[0.05946636199951172,0.054008953273296356,0.055214766412973404,0.043857354670763016,0.053415726870298386]",0.05250110477209091,281.9696960449219,281.9696960449219,[81920],0.0,[81920],True,20,443.1801452636719,443.1801452636719,"[26,50,1024]",0.0,"[26,50,1024]",True,"[[[-0.30875712633132935,-0.1623523086309433,-0.39092734456062317,-0.9829132556915283,0.7439484000205994,0.9410530924797058,-1.0034284591674805],[-0.3007635176181793,-0.17422541975975037,-0.4294999837875366,-1.0439118146896362,0.7423865795135498,0.9186431765556335,-1.0087685585021973],[-0.2839463949203491,-0.19626735150814056,-0.47053417563438416,-1.0859390497207642,0.7558383345603943,0.905043363571167,-1.0081651210784912],[-0.2611081004142761,-0.20167145133018494,-0.49145856499671936,-1.1194902658462524,0.8073240518569946,0.884989857673645,-1.012346863746643],[-0.2293911576271057,-0.20925959944725037,-0.5085969567298889,-1.1477028131484985,0.9005904793739319,0.8634986281394958,-1.0175517797470093]]]","[0.12235444039106369,0.04464656487107277,0.05111509561538696,0.04623649641871452,0.04215572029352188,0.02619379758834839,0.00012316423817537725]",0.047546468675136566,"[0.036142587661743164,0.04143126308917999,0.05017920583486557,0.0539604127407074,0.05601887032389641]",34.15515329008532,0.0,37.2285721174677,0.0,3228420230932740579,48,894.1090087890625,894.1090087890625,"[1,26,256]",0.0,"[1,26,256]",True,47,0.25,31,libero_goal,0,"[[[0.07499933242797852,0.02180635929107666,-0.2034887671470642,-0.8922562599182129,0.7629129886627197,0.7734483480453491,-1.0],[0.07499933242797852,0.02180635929107666,-0.2151166796684265,-0.8855222463607788,0.8601770401000977,0.7592891454696655,-1.0],[0.07499933242797852,0.02180635929107666,-0.2296515703201294,-0.8720543384552002,0.9635201692581177,0.738050103187561,-1.0],[0.06785643100738525,0.02180635929107666,-0.2500004172325134,-0.8653203248977661,1.0729424953460693,0.7238909006118774,-1.0],[0.0642850399017334,0.02180635929107666,-0.2674422860145569,-0.8518523573875427,1.188443660736084,0.7097315788269043,-1.0]]]","[0.018223244696855545,0.012470122426748276,0.008770696818828583,0.0006625500973314047,0.07480525970458984,0.030068272724747658,0.00030728065758012235]",0.02075820229947567,"[0.009149042889475822,0.010892478749155998,0.020970188081264496,0.021311070770025253,0.04146823287010193]",46,B4
0.0,0.0001467142574256286,CC,C600,Z,,A,139.4905548095703,139.4905548095703,"[1,7,256]",0.0,"[1,7,256]",True,25,370.863525390625,370.863525390625,"[26,7,256]",0.0,"[26,7,256]",True,"[0.03002065420150757,0.019296713173389435,0.03776612505316734,0.056098055094480515,0.0005517120007425547,0.005970147904008627,0.0003762136329896748]",0.021439947187900543,"[0.01839437521994114,0.01639004796743393,0.016382930800318718,0.01992082968354225,0.03611155226826668]",0.06813570111989975,281.9696960449219,281.9696960449219,[81920],0.0,[81920],True,20,443.1801452636719,443.1801452636719,"[26,50,1024]",0.0,"[26,50,1024]",True,"[[[-0.1475193202495575,0.6328678727149963,-0.6821749806404114,0.4714883267879486,-0.031212318688631058,-0.21632467210292816,-1.0205622911453247],[-0.18113473057746887,0.8724622130393982,-0.747841477394104,0.2805757224559784,-0.03769896924495697,-0.16878323256969452,-1.017809510231018],[-0.21043044328689575,1.0421031713485718,-0.8057056069374084,0.11320296674966812,-0.050994668155908585,-0.14979015290737152,-1.023593783378601],[-0.21720144152641296,1.1580736637115479,-0.8384595513343811,-0.008221760392189026,-0.06045396625995636,-0.13447387516498566,-1.0280557870864868],[-0.21799501776695251,1.2189348936080933,-0.8527747988700867,-0.10553126782178879,-0.05332683026790619,-0.12754376232624054,-1.0318468809127808]]]","[0.12191271781921387,0.027797115966677666,0.06621309369802475,0.24364180862903595,0.0006515224231407046,0.01509479433298111,0.0006196008180268109]",0.06799009442329407,"[0.11461939662694931,0.07592513412237167,0.0519409254193306,0.04885907843708992,0.04860593378543854]",34.15515329008532,0.0,37.2285721174677,0.0,166261170614490845,48,894.1090087890625,894.1090087890625,"[1,26,256]",0.0,"[1,26,256]",True,47,0.75,94,libero_goal,0,"[[[-0.46071457862854004,0.5763231515884399,-1.034883737564087,-0.2659956216812134,-0.06991147994995117,-0.040709614753723145,-1.0],[-0.5071431398391724,0.7102794647216797,-1.034883737564087,-0.2659956216812134,-0.06991147994995117,-0.040709614753723145,-1.0],[-0.5500003099441528,0.8442357778549194,-1.034883737564087,-0.2659956216812134,-0.06991147994995117,-0.040709614753723145,-1.0],[-0.5892859697341919,0.9563851356506348,-1.034883737564087,-0.3468034863471985,-0.06991147994995117,-0.040709614753723145,-1.0],[-0.6071431040763855,1.0467278957366943,-1.034883737564087,-0.4478132128715515,-0.06991147994995117,-0.040709614753723145,-1.0]]]","[0.008048959076404572,0.02316364459693432,0.07578646391630173,0.005399864166975021,6.973720155656338e-05,0.023067839443683624,0.00038910878356546164]",0.01941794529557228,"[0.011983094736933708,0.01475038006901741,0.01847286894917488,0.0205269493162632,0.031356435269117355]",46,B4
0.0,0.00012312801845837384,CC,C600,Z,,B,143.3693084716797,143.3693084716797,"[1,7,256]",0.0,"[1,7,256]",True,25,406.4395751953125,406.4395751953125,"[30,7,256]",0.0,"[30,7,256]",True,"[0.24602647125720978,0.003824199317023158,0.035656411200761795,0.20555026829242706,0.2454540729522705,0.12691007554531097,0.00022654871281702071]",0.12337829172611237,"[0.11612498760223389,0.1247941106557846,0.11690748482942581,0.1357591152191162,0.12330576777458191]",0.07894846051931381,281.9615173339844,281.9615173339844,[81920],0.0,[81920],True,20,479.2646789550781,479.2646789550781,"[30,50,1024]",0.0,"[30,50,1024]",True,"[[[0.08525067567825317,-0.09564366936683655,-0.1697058528661728,-0.7464141845703125,0.9668764472007751,0.5902987122535706,-1.0105000734329224],[0.0005822200328111649,-0.09270737320184708,-0.19066065549850464,-0.7203682065010071,1.055469274520874,0.6146590709686279,-1.0057791471481323],[-0.05092526972293854,-0.091973677277565,-0.20793375372886658,-0.68293297290802,1.1571898460388184,0.6348792314529419,-1.010366678237915],[-0.07386554777622223,-0.08913581818342209,-0.21831846237182617,-0.6496593356132507,1.2323346138000488,0.6410027742385864,-1.0040479898452759],[-0.09551993012428284,-0.0913054496049881,-0.22977805137634277,-0.6277683973312378,1.2864744663238525,0.6413432359695435,-1.012068510055542]]]","[0.16653978824615479,0.006143555510789156,0.0037066915538161993,0.3163002133369446,0.42646169662475586,0.012812214903533459,8.26306568342261e-05]",0.13314953446388245,"[0.07775676250457764,0.10755529254674911,0.13843785226345062,0.16404372453689575,0.17795409262180328]",34.04316458019281,0.0,37.61781663992131,0.0,1347094762221098555,46,949.3519287109375,949.3519287109375,"[1,30,256]",0.0,"[1,30,256]",True,49,0.25,32,libero_goal,0,"[[[0.3857133388519287,-0.031153202056884766,-0.14534932374954224,-1.2087535858154297,0.4893573522567749,0.5044221878051758,-1.0],[0.3857133388519287,-0.021807432174682617,-0.14534932374954224,-1.2289555072784424,0.48327839374542236,0.5079621076583862,-1.0],[0.37857067584991455,-0.012461602687835693,-0.14534932374954224,-1.242423415184021,0.4893573522567749,0.5115017890930176,-1.0],[0.37499916553497314,-0.006231069564819336,-0.14534932374954224,-1.2626254558563232,0.49543654918670654,0.515041708946228,-1.0],[0.3607133626937866,-5.364418029785156e-07,-0.1482563018798828,-1.2760933637619019,0.5197525024414062,0.5221213102340698,-1.0]]]","[0.1338394731283188,0.0028632469475269318,0.014810641296207905,0.052175041288137436,0.043417006731033325,0.13847778737545013,8.113248622976243e-05]",0.05509490147233009,"[0.05570793151855469,0.05899881199002266,0.052358295768499374,0.05547092854976654,0.0529385469853878]",48,B4
0.0,0.00021111551905050874,CC,C600,Z,,B,143.3693084716797,143.3693084716797,"[1,7,256]",0.0,"[1,7,256]",True,25,406.4395751953125,406.4395751953125,"[30,7,256]",0.0,"[30,7,256]",True,"[0.12364979833364487,0.9091433882713318,0.13552647829055786,0.03407866880297661,0.017962103709578514,0.04166681692004204,0.0008262370829470456]",0.18040762841701508,"[0.18137624859809875,0.17993955314159393,0.1960092931985855,0.17120172083377838,0.17351143062114716]",0.051305051892995834,281.9615173339844,281.9615173339844,[81920],0.0,[81920],True,20,479.2646789550781,479.2646789550781,"[30,50,1024]",0.0,"[30,50,1024]",True,"[[[-0.5830980539321899,-0.7407585978507996,-0.3993794322013855,0.35807886719703674,0.2527659237384796,-0.26534754037857056,-1.0105435848236084],[-0.6332664489746094,-0.7069745659828186,-0.43611496686935425,0.32949480414390564,0.3521115779876709,-0.2383040338754654,-1.0150461196899414],[-0.6700178384780884,-0.6772238612174988,-0.4902898669242859,0.3085695207118988,0.38238346576690674,-0.21945570409297943,-1.0137125253677368],[-0.702576756477356,-0.6033138036727905,-0.5645927786827087,0.27117225527763367,0.4172511100769043,-0.18168611824512482,-1.012944221496582],[-0.6951552033424377,-0.5360669493675232,-0.6803713440895081,0.23835057020187378,0.392215371131897,-0.14644593000411987,-1.011412501335144]]]","[0.27164891362190247,1.308619499206543,0.21529018878936768,0.05398377403616905,0.16995082795619965,0.002829207107424736,0.00016467685054522008]",0.2889266908168793,"[0.24948056042194366,0.2842084765434265,0.3131784200668335,0.30295175313949585,0.29481440782546997]",34.04316458019281,0.0,37.61781663992131,0.0,8043149644140822759,46,949.3519287109375,949.3519287109375,"[1,30,256]",0.0,"[1,30,256]",True,49,0.75,95,libero_goal,0,"[[[-0.1285719871520996,0.30841052532196045,-1.0290697813034058,0.2929251194000244,0.07598471641540527,-0.1823022961616516,-1.0],[-0.1285719871520996,0.40498363971710205,-0.9941860437393188,0.1851813793182373,-0.051674485206604004,-0.1858420968055725,-1.0],[-0.1285719871520996,0.5264788866043091,-0.9244186878204346,0.07070362567901611,-0.06991147994995117,-0.20000135898590088,-1.0],[-0.1285719871520996,0.5607467889785767,-0.9156977534294128,-0.003370225429534912,-0.06991147994995117,-0.1823022961616516,-1.0],[-0.17142915725708008,0.6479741334915161,-0.9186047315597534,-0.09764605760574341,-0.06991147994995117,-0.21062082052230835,-1.0]]]","[0.07363690435886383,0.0517088957130909,0.057934947311878204,0.07643787562847137,0.010361996479332447,0.08061591535806656,8.948067988967523e-05]",0.0501122884452343,"[0.0712340697646141,0.05708114802837372,0.04388278350234032,0.038126613944768906,0.04023682698607445]",48,B4
0.0,0.0004522648232523352,CC,C600,Z,,A,177.9416961669922,177.9416961669922,"[1,9,256]",0.0,"[1,9,256]",True,20,528.826904296875,528.826904296875,"[29,9,256]",0.0,"[29,9,256]",True,"[0.26621314883232117,0.015807872638106346,0.028461476787924767,0.013438570313155651,0.027087559923529625,0.0002970345376525074,0.0002804459654726088]",0.05022658780217171,"[0.027530690655112267,0.024739684537053108,0.05269230902194977,0.06795139610767365,0.07821887731552124]",0.09774444252252579,281.98583984375,281.98583984375,[81920],0.0,[81920],True,25,467.0567626953125,467.0567626953125,"[29,50,1024]",0.0,"[29,50,1024]",True,"[[[-0.39016038179397583,-0.03203215450048447,-0.8920772671699524,-0.23322263360023499,-0.27346503734588623,-0.03397110104560852,-1.001981496810913],[-0.39433154463768005,-0.02630920708179474,-0.8878235816955566,-0.22439756989479065,-0.26962366700172424,-0.04402397945523262,-1.0042659044265747],[-0.36555325984954834,-0.032490167766809464,-0.8833773136138916,-0.23602919280529022,-0.2429213672876358,-0.04425721988081932,-1.0048266649246216],[-0.33482465147972107,-0.02829008549451828,-0.8598414659500122,-0.22684265673160553,-0.21232283115386963,-0.040476806461811066,-1.0146092176437378],[-0.32959413528442383,-0.018167179077863693,-0.8240749835968018,-0.23454520106315613,-0.18597477674484253,-0.05525413900613785,-1.0158612728118896]]]","[0.11633002012968063,0.001562711433507502,0.027974367141723633,0.001061700051650405,0.004627900198101997,5.6115095503628254e-05,0.00010208604362560436]",0.021673554554581642,"[0.016125358641147614,0.019787535071372986,0.02363637275993824,0.024990098550915718,0.023828424513339996]",36.20726103488013,0.0,43.57268111257285,0.0,2197700932143374439,48,1037.85693359375,1037.85693359375,"[1,29,256]",0.0,"[1,29,256]",True,47,0.25,35,libero_goal,5,"[[[-0.110714852809906,-0.1059194803237915,-0.758721113204956,-0.24579370021820068,-0.3799409866333008,-0.040709614753723145,-1.0],[-0.07142913341522217,-0.05919051170349121,-0.7296513319015503,-0.2659956216812134,-0.3495458960533142,-0.040709614753723145,-1.0],[-0.010714948177337646,-0.028037965297698975,-0.697674572467804,-0.2659956216812134,-0.30699288845062256,-0.040709614753723145,-1.0],[0.03214216232299805,-5.364418029785156e-07,-0.668604850769043,-0.2659956216812134,-0.2462027668952942,-0.040709614753723145,-1.0],[0.042856454849243164,0.0031147003173828125,-0.6627908945083618,-0.2659956216812134,-0.17325466871261597,-0.040709614753723145,-1.0]]]","[0.062989741563797,0.01024986058473587,0.002846750197932124,0.01858075149357319,0.00529569573700428,0.00014479509263765067,3.37849160132464e-05]",0.01430591195821762,"[0.004250313155353069,0.005704463925212622,0.012142090126872063,0.020922474563121796,0.028510216623544693]",46,B4
0.0,0.0012037617852911353,CC,C600,Z,,A,177.9416961669922,177.9416961669922,"[1,9,256]",0.0,"[1,9,256]",True,20,528.826904296875,528.826904296875,"[29,9,256]",0.0,"[29,9,256]",True,"[0.0982646569609642,1.219215989112854,0.04391847178339958,0.39392346143722534,0.015615517273545265,0.07947291433811188,0.002717138733714819]",0.26473256945610046,"[0.34145587682724,0.3134090006351471,0.28298383951187134,0.20690710842609406,0.1789071261882782]",0.18239687383174896,281.98583984375,281.98583984375,[81920],0.0,[81920],True,25,467.0567626953125,467.0567626953125,"[29,50,1024]",0.0,"[29,50,1024]",True,"[[[-0.41318386793136597,-0.3358656167984009,-0.6128998398780823,-0.6159834265708923,-0.07302197813987732,0.19202151894569397,-1.0097265243530273],[-0.373329758644104,-0.3356013596057892,-0.5726324915885925,-0.5941112637519836,-0.05808386951684952,0.1485288292169571,-1.0004185438156128],[-0.3295900523662567,-0.37388795614242554,-0.4968942105770111,-0.5510095357894897,-0.029483702033758163,0.11153912544250488,-1.0073795318603516],[-0.29200804233551025,-0.36092299222946167,-0.38419753313064575,-0.5040715336799622,0.018748313188552856,0.04684540629386902,-1.0135958194732666],[-0.2727646827697754,-0.3495104908943176,-0.30417749285697937,-0.4828667640686035,0.011576086282730103,0.021851375699043274,-1.0127936601638794]]]","[0.1273021250963211,1.9369179010391235,0.008745900355279446,0.12992165982723236,0.007272894028574228,0.02494688145816326,9.95524023892358e-05]",0.3193152844905853,"[0.3212348520755768,0.3171848952770233,0.32839295268058777,0.3179146349430084,0.31184908747673035]",36.20726103488013,0.0,43.57268111257285,0.0,7313767176395743740,48,1037.85693359375,1037.85693359375,"[1,29,256]",0.0,"[1,29,256]",True,47,0.75,104,libero_goal,5,"[[[-0.6857144832611084,1.0467278957366943,-0.485465407371521,-0.18518781661987305,-0.15501761436462402,-0.040709614753723145,-1.0],[-0.6857144832611084,1.0436127185821533,-0.47674447298049927,-0.18518781661987305,-0.14893865585327148,-0.040709614753723145,-1.0],[-0.6821430921554565,1.0436127185821533,-0.4622095823287964,-0.18518781661987305,-0.11246448755264282,-0.040709614753723145,-1.0],[-0.6892858743667603,1.0373821258544922,-0.44186079502105713,-0.19865578413009644,-0.06991147994995117,-0.040709614753723145,-1.0],[-0.7000001668930054,1.031151533126831,-0.4215119481086731,-0.2188577651977539,-0.06991147994995117,-0.040709614753723145,-1.0]]]","[0.028292177245020866,0.725365936756134,0.0029120880644768476,0.003885016543790698,0.041237931698560715,0.0004128454893361777,0.0012715173652395606]",0.11476822197437286,"[0.12298903614282608,0.11120393872261047,0.11682543903589249,0.10868988186120987,0.11413279175758362]",46,B4
0.0,0.000407822139095515,CC,C600,Z,,B,177.47372436523438,177.47372436523438,"[1,9,256]",0.0,"[1,9,256]",True,20,603.9078979492188,603.9078979492188,"[38,9,256]",0.0,"[38,9,256]",True,"[0.010816531255841255,0.018469635397195816,0.11156082153320312,0.18578602373600006,0.03603273257613182,0.010722416453063488,0.00072228949284181]",0.053444355726242065,"[0.02986152470111847,0.03311147540807724,0.045641813427209854,0.06277786195278168,0.09582909196615219]",0.051674775779247284,281.9843444824219,281.9843444824219,[81920],0.0,[81920],True,25,534.6149291992188,534.6149291992188,"[38,50,1024]",0.0,"[38,50,1024]",True,"[[[-0.3170785903930664,0.08215217292308807,-0.7083545923233032,0.08358950912952423,-0.15554958581924438,-0.05524945259094238,-0.9978938102722168],[-0.3526366949081421,0.09427395462989807,-0.7002055644989014,0.037460748106241226,-0.15134532749652863,-0.036792054772377014,-0.9918110370635986],[-0.35460901260375977,0.17477868497371674,-0.6591921448707581,-0.03452320769429207,-0.141907200217247,-0.043671172112226486,-0.9949344992637634],[-0.2990146279335022,0.295183002948761,-0.5793505907058716,-0.1149463802576065,-0.13214178383350372,-0.045783743262290955,-1.0028451681137085],[-0.266773521900177,0.3867528438568115,-0.49989569187164307,-0.16428139805793762,-0.11415017396211624,-0.06109490990638733,-1.0086710453033447]]]","[0.0019492041319608688,0.03143163025379181,0.050976987928152084,0.10509826242923737,0.004995682742446661,0.0027701931539922953,3.608729093684815e-05]",0.028179720044136047,"[0.023476295173168182,0.02144193835556507,0.021842895075678825,0.029353998601436615,0.04478348419070244]",36.61830559698676,0.0,44.83143827557733,0.0,5172841219135816146,46,1189.84521484375,1189.84521484375,"[1,38,256]",0.0,"[1,38,256]",True,49,0.25,29,libero_goal,5,"[[[-0.2857147455215454,0.02180635929107666,-0.8575582504272461,-0.2659956216812134,-0.06991147994995117,0.033626556396484375,-1.0],[-0.2964290380477905,0.04361319541931152,-0.8459303379058838,-0.29966557025909424,-0.06991147994995117,0.015927433967590332,-1.0],[-0.2857147455215454,0.06230473518371582,-0.8459303379058838,-0.3400694727897644,-0.06991147994995117,0.0017682313919067383,-1.0],[-0.28214335441589355,0.07476580142974854,-0.8517442941665649,-0.39394134283065796,-0.06991147994995117,-0.019470691680908203,-1.0],[-0.24285763502120972,0.0872267484664917,-0.8197675347328186,-0.5084190368652344,-0.06991147994995117,-0.040709614753723145,-1.0]]]","[0.06559669971466064,0.004748416133224964,0.016651665791869164,0.04569572955369949,0.05689914897084236,0.008532779291272163,0.00031754400697536767]",0.028348855674266815,"[0.02160848304629326,0.018895728513598442,0.02576182410120964,0.03297194465994835,0.042506296187639236]",48,B4
0.0,0.0015895679825916886,CC,C600,Z,,B,177.47372436523438,177.47372436523438,"[1,9,256]",0.0,"[1,9,256]",True,20,603.9078979492188,603.9078979492188,"[38,9,256]",0.0,"[38,9,256]",True,"[0.025657949969172478,0.4371122419834137,1.0713976621627808,0.02845321036875248,0.34923574328422546,0.017339374870061874,0.002379997866228223]",0.2759394645690918,"[0.524520993232727,0.4365476369857788,0.27974748611450195,0.0869763046503067,0.05190499499440193]",0.09602337330579758,281.9843444824219,281.9843444824219,[81920],0.0,[81920],True,25,534.6149291992188,534.6149291992188,"[38,50,1024]",0.0,"[38,50,1024]",True,"[[[-0.9800442457199097,-0.12289072573184967,-1.0053938627243042,-0.16750800609588623,-0.6488308906555176,-0.02140970528125763,-0.9910817742347717],[-0.9775857329368591,-0.07999861240386963,-0.9728711843490601,-0.15842792391777039,-0.6007329821586609,-0.004785947501659393,-1.0013995170593262],[-1.0210456848144531,0.00806254893541336,-0.8936766386032104,-0.10337572544813156,-0.512436032295227,-0.008437491953372955,-1.0013833045959473],[-1.040253758430481,0.16158728301525116,-0.7518161535263062,-0.03956156224012375,-0.3605034649372101,-0.0086866095662117,-0.9968215227127075],[-1.0326508283615112,0.27465003728866577,-0.6402971744537354,-0.027144335210323334,-0.290685772895813,-0.012095370329916477,-0.9988025426864624]]]","[0.07164358347654343,0.9653481841087341,0.4765181243419647,0.031207634136080742,0.12074106186628342,0.0009097467991523445,1.8988712326972745e-05]",0.23805531859397888,"[0.3045884072780609,0.29768115282058716,0.25687286257743835,0.1860642284154892,0.14507004618644714]",36.61830559698676,0.0,44.83143827557733,0.0,5635482954592866291,46,1189.84521484375,1189.84521484375,"[1,38,256]",0.0,"[1,38,256]",True,49,0.75,87,libero_goal,5,"[[[-0.8285714983940125,0.999998927116394,-0.1802329421043396,-0.2659956216812134,-0.2522818446159363,-0.040709614753723145,-1.0],[-0.7750001549720764,1.0155751705169678,-0.16860508918762207,-0.2659956216812134,-0.17325466871261597,-0.040709614753723145,-1.0],[-0.7392858862876892,1.021805763244629,-0.17732608318328857,-0.2659956216812134,-0.12462258338928223,-0.040709614753723145,-1.0],[-0.7250001430511475,1.031151533126831,-0.17732608318328857,-0.2659956216812134,-0.10638552904129028,-0.040709614753723145,-1.0],[-0.6928573846817017,1.0373821258544922,-0.1802329421043396,-0.2659956216812134,-0.06991147994995117,-0.040709614753723145,-1.0]]]","[0.06225403770804405,0.9185970425605774,0.11161843687295914,0.006133326794952154,0.02007971704006195,0.0014192579546943307,0.0025764680467545986]",0.16038261353969574,"[0.15925054252147675,0.164171501994133,0.15982931852340698,0.15375566482543945,0.16490605473518372]",48,B4
0.0,0.00019523801165632904,CC,C600,Z,,A,213.52056884765625,213.52056884765625,"[1,19,256]",0.0,"[1,19,256]",True,37,715.3941040039062,715.3941040039062,"[48,19,256]",0.0,"[48,19,256]",True,"[0.03716430440545082,0.07204035669565201,0.0499129518866539,0.1715213507413864,0.019417760893702507,0.0008813451277092099,0.002215656219050288]",0.050450537353754044,"[0.022388484328985214,0.04080750420689583,0.059200920164585114,0.062218278646469116,0.06763749569654465]",0.1239907369017601,281.73516845703125,281.73516845703125,[81920],0.0,[81920],True,34,604.468994140625,604.468994140625,"[48,50,1024]",0.0,"[48,50,1024]",True,"[[[0.4373270571231842,-0.48913106322288513,-0.1392875760793686,-0.3228994905948639,-0.27822956442832947,-0.05288873240351677,1.0206398963928223],[0.3994584381580353,-0.45675909519195557,-0.1629362553358078,-0.31998422741889954,-0.2882459759712219,-0.054857973009347916,1.008355975151062],[0.33585745096206665,-0.42113542556762695,-0.18273630738258362,-0.30157601833343506,-0.31504756212234497,-0.04753676429390907,1.0158332586288452],[0.24786365032196045,-0.40389305353164673,-0.236413836479187,-0.3017149865627289,-0.38376474380493164,-0.052936021238565445,1.0164272785186768],[0.15966376662254333,-0.35841846466064453,-0.300618976354599,-0.2957732677459717,-0.4539749324321747,-0.04406055063009262,1.009151816368103]]]","[0.0016248265746980906,0.06778042018413544,0.01458363514393568,0.1319037526845932,0.02813476137816906,0.00011116613313788548,0.00022005304344929755]",0.03490837290883064,"[0.013939954340457916,0.026959378272294998,0.03721543028950691,0.04419640451669693,0.052230700850486755]",25.60937600546015,0.0,31.817780743426123,0.0,7570421501061691922,48,1221.4266357421875,1221.4266357421875,"[1,48,256]",0.0,"[1,48,256]",True,47,0.25,68,libero_10,4,"[[[0.4535706043243408,-0.6542057991027832,-0.017442405223846436,-0.09091198444366455,-0.30699288845062256,-0.040709614753723145,0.9999990463256836],[0.37142765522003174,-0.7009347081184387,-0.017442405223846436,0.0033638477325439453,-0.24012374877929688,-0.040709614753723145,0.9999990463256836],[0.31428492069244385,-0.7102804780006409,-0.08430278301239014,0.09090554714202881,-0.20364969968795776,-0.040709614753723145,0.9999990463256836],[0.26428496837615967,-0.6915888786315918,-0.13372141122817993,0.11784148216247559,-0.1854127049446106,-0.040709614753723145,0.9999990463256836],[0.23928487300872803,-0.6510905027389526,-0.17151212692260742,0.11784148216247559,-0.16109663248062134,-0.040709614753723145,0.9999990463256836]]]","[0.13093720376491547,0.04474502429366112,0.0015534254489466548,0.05779761075973511,0.04327237233519554,0.0008856961503624916,0.0004938991623930633]",0.03995503485202789,"[0.02922791801393032,0.03454481065273285,0.047531384974718094,0.04673520475625992,0.04173586517572403]",46,B4
0.0,6.934740667929873e-06,CC,C600,Z,,A,213.52056884765625,213.52056884765625,"[1,19,256]",0.0,"[1,19,256]",True,37,715.3941040039062,715.3941040039062,"[48,19,256]",0.0,"[48,19,256]",True,"[0.08543439954519272,0.0016097335610538721,0.025810668244957924,0.0018102367175742984,0.0051274229772388935,0.033814314752817154,0.004115185234695673]",0.02253170683979988,"[0.023467425256967545,0.024820055812597275,0.017036542296409607,0.020425714552402496,0.026908809319138527]",0.07523076981306076,281.73516845703125,281.73516845703125,[81920],0.0,[81920],True,34,604.468994140625,604.468994140625,"[48,50,1024]",0.0,"[48,50,1024]",True,"[[[-0.6511359214782715,-0.0026632435619831085,-0.59139484167099,-0.27852603793144226,-0.03580598533153534,-0.044988758862018585,-1.013616919517517],[-0.6141303777694702,0.006087854504585266,-0.5710564851760864,-0.2755608856678009,-0.04379701986908913,-0.04877355694770813,-1.0249643325805664],[-0.5717166066169739,-0.027791380882263184,-0.543634295463562,-0.27324753999710083,-0.057161957025527954,-0.08399498462677002,-1.0193263292312622],[-0.514509916305542,-0.020894870162010193,-0.4959709346294403,-0.26380473375320435,-0.06511193513870239,-0.08138539642095566,-1.0079820156097412],[-0.43246448040008545,-9.368389146402478e-05,-0.44760119915008545,-0.2537129521369934,-0.04885834455490112,-0.10864745080471039,-1.029444932937622]]]","[0.02070624940097332,0.00032177503453567624,0.005354410503059626,9.135197615250945e-05,0.0017151829088106751,0.0031430658418685198,0.0004225723969284445]",0.004536372609436512,"[0.002837857697159052,0.0041417754255235195,0.004713461734354496,0.0046890354715287685,0.006299731787294149]",25.60937600546015,0.0,31.817780743426123,0.0,5052251981188736845,48,1221.4266357421875,1221.4266357421875,"[1,48,256]",0.0,"[1,48,256]",True,47,0.75,206,libero_10,4,"[[[-0.7464287281036377,0.02180635929107666,-0.5901165008544922,-0.2659956216812134,-0.0820695161819458,-0.1327449083328247,-1.0],[-0.7571430206298828,-0.003115832805633545,-0.5901165008544922,-0.2659956216812134,-0.0820695161819458,-0.12566518783569336,-1.0],[-0.7392858862876892,-0.006231069564819336,-0.593023419380188,-0.2659956216812134,-0.0820695161819458,-0.11504578590393066,-1.0],[-0.6642858982086182,-0.006231069564819336,-0.5872094631195068,-0.2659956216812134,-0.10638552904129028,-0.09026700258255005,-1.0],[-0.58571457862854,0.015575766563415527,-0.5726746916770935,-0.2659956216812134,-0.10030657052993774,-0.07610780000686646,-1.0]]]","[0.14395658671855927,0.0003082975745201111,0.045389775186777115,0.0022011424880474806,0.003142744302749634,0.0047491672448813915,0.3261744976043701]",0.07513174414634705,"[0.025137079879641533,0.03409504145383835,0.04764752835035324,0.10051106661558151,0.16826801002025604]",46,B4
0.0,7.406835266010603e-06,CC,C600,Z,,B,212.75506591796875,212.75506591796875,"[1,19,256]",0.0,"[1,19,256]",True,37,713.6452026367188,713.6452026367188,"[48,19,256]",0.0,"[48,19,256]",True,"[0.035384565591812134,0.009011657908558846,0.03721161186695099,0.00037077776505611837,0.0016959793865680695,0.0008547368342988193,0.4542730450630188]",0.07697176933288574,"[0.06967434287071228,0.07109402865171432,0.07153860479593277,0.07800894975662231,0.09454293549060822]",0.0517050176858902,281.7373046875,281.7373046875,[81920],0.0,[81920],True,34,604.3446655273438,604.3446655273438,"[48,50,1024]",0.0,"[48,50,1024]",True,"[[[-0.3601911664009094,-0.044792257249355316,-0.4464372396469116,0.042943425476551056,-0.10051367431879044,0.15427246689796448,-1.0179907083511353],[-0.42295604944229126,-0.04217386245727539,-0.44944214820861816,0.008246943354606628,-0.12992937862873077,0.16063211858272552,-1.005226492881775],[-0.46310660243034363,-0.02506166696548462,-0.4429102838039398,-0.028254255652427673,-0.14760246872901917,0.1529075652360916,-1.010715365409851],[-0.5049887895584106,0.010021384805440903,-0.4263059198856354,-0.0942881777882576,-0.14203274250030518,0.14531812071800232,-1.0157279968261719],[-0.5546637177467346,0.029423687607049942,-0.43114128708839417,-0.15902025997638702,-0.1446382701396942,0.15623746812343597,-1.0095733404159546]]]","[0.11388613283634186,0.012603840790688992,0.15257561206817627,0.05362008884549141,0.004115300718694925,0.03788771852850914,0.00016096391482278705]",0.05354994907975197,"[0.05848341062664986,0.05936092510819435,0.054055824875831604,0.04835520684719086,0.047494396567344666]",25.238670772397718,0.0,30.791494047320136,0.0,1750272122191094264,46,1231.3348388671875,1231.3348388671875,"[1,48,256]",0.0,"[1,48,256]",True,49,0.25,66,libero_10,4,"[[[-0.1285719871520996,0.14953207969665527,-0.017442405223846436,-0.2659956216812134,-0.08814853429794312,-0.040709614753723145,-1.0],[-0.1285719871520996,0.10903370380401611,-0.017442405223846436,-0.2659956216812134,-0.06991147994995117,-0.040709614753723145,-1.0],[-0.1285719871520996,0.02180635929107666,-0.03779119253158569,-0.2659956216812134,-0.06991147994995117,-0.040709614753723145,-1.0],[-0.1285719871520996,0.02180635929107666,-0.06976795196533203,-0.2659956216812134,-0.06991147994995117,-0.040709614753723145,-1.0],[-0.1357148289680481,0.02180635929107666,-0.1133725643157959,-0.2659956216812134,-0.06991147994995117,-0.040709614753723145,-1.0]]]","[0.03114202432334423,0.007552757393568754,0.035825055092573166,0.0002020425017690286,0.002947338158264756,0.0006733301561325788,0.5203014016151428]",0.08552055805921555,"[0.07526884973049164,0.07529496401548386,0.08018358796834946,0.0951874628663063,0.10166794806718826]",48,B4
0.0,4.131512469029985e-06,CC,C600,Z,,B,212.75506591796875,212.75506591796875,"[1,19,256]",0.0,"[1,19,256]",True,37,713.6452026367188,713.6452026367188,"[48,19,256]",0.0,"[48,19,256]",True,"[0.015288347378373146,0.00026264609186910093,0.0008933232165873051,0.008708884939551353,0.0015582210617139935,0.0014034508494660258,1.2553352117538452]",0.18335001170635223,"[0.01309285406023264,0.02778581902384758,0.4937810003757477,0.3024436831474304,0.07964667677879333]",0.042692504823207855,281.7373046875,281.7373046875,[81920],0.0,[81920],True,34,604.3446655273438,604.3446655273438,"[48,50,1024]",0.0,"[48,50,1024]",True,"[[[-0.6812963485717773,-0.06060881167650223,-0.5235705971717834,-0.22608603537082672,-0.1778431534767151,-0.06348572671413422,-1.0053421258926392],[-0.654499888420105,-0.06415292620658875,-0.49943801760673523,-0.21230387687683105,-0.16711384057998657,-0.0706009790301323,-0.9950684905052185],[-0.6191368103027344,-0.07881388068199158,-0.4918881058692932,-0.21029408276081085,-0.12785588204860687,-0.0656118392944336,-1.0191538333892822],[-0.5695425868034363,-0.06903138756752014,-0.45233437418937683,-0.23246075212955475,-0.11329576373100281,-0.07382258772850037,-1.012451410293579],[-0.4934749901294708,-0.08357492089271545,-0.35641297698020935,-0.21598486602306366,-0.1033875122666359,-0.07828320562839508,1.004197120666504]]]","[0.09426221251487732,0.008732480928301811,0.013835929334163666,0.008925198577344418,0.005491587799042463,0.0006919602164998651,1.6254011392593384]",0.25104865431785583,"[0.020142240449786186,0.01699242927134037,0.602159857749939,0.5996570587158203,0.016291609033942223]",25.238670772397718,0.0,30.791494047320136,0.0,2317014375466178463,46,1231.3348388671875,1231.3348388671875,"[1,48,256]",0.0,"[1,48,256]",True,49,0.75,199,libero_10,4,"[[[-0.39285755157470703,0.02180635929107666,-0.38662827014923096,-0.3670054078102112,-0.06991147994995117,-0.09026700258255005,-1.0],[-0.36785751581192017,0.02180635929107666,-0.3837212324142456,-0.29293161630630493,-0.06991147994995117,-0.07610780000686646,-1.0],[-0.30357182025909424,0.02180635929107666,-0.3575584888458252,-0.29293161630630493,-0.06991147994995117,-0.05132913589477539,0.9999990463256836],[-0.2321433424949646,0.02180635929107666,-0.32558178901672363,-0.3131335377693176,-0.06991147994995117,-0.040709614753723145,0.9999990463256836],[-0.18928629159927368,0.02180635929107666,-0.302325963973999,-0.28619760274887085,-0.06991147994995117,-0.040709614753723145,0.9999990463256836]]]","[0.004881490953266621,0.0010371677344664931,0.0016902381321415305,0.0030685074161738157,0.0035463296808302402,0.000992105808109045,0.933026134967804]",0.135463148355484,"[0.005011593922972679,0.011093215085566044,0.3420138955116272,0.22879068553447723,0.09040635079145432]",48,B4
0.0,5.3031671995995566e-05,CC,C600,Z,,A,169.13861083984375,169.13861083984375,"[1,13,256]",0.0,"[1,13,256]",True,34,770.1102905273438,770.1102905273438,"[58,13,256]",0.0,"[58,13,256]",True,"[0.15089987218379974,0.0012683209497481585,0.17930346727371216,0.005186942871659994,0.1525324285030365,0.0006809536134824157,0.001161334221251309]",0.07014761865139008,"[0.07113005220890045,0.07122041285037994,0.07470425218343735,0.07069078832864761,0.06299260258674622]",0.15168288350105286,281.7029724121094,281.7029724121094,[81920],0.0,[81920],True,37,670.8827514648438,670.8827514648438,"[58,50,1024]",0.0,"[58,50,1024]",True,"[[[-0.22289685904979706,0.753722071647644,0.5340955853462219,-0.27057695388793945,-0.31991249322891235,-0.058687880635261536,0.996859610080719],[-0.221373051404953,0.7924767136573792,0.4988464117050171,-0.2637595236301422,-0.3791200816631317,-0.0445835180580616,0.9964524507522583],[-0.2278057038784027,0.8152021169662476,0.4754023551940918,-0.2630402147769928,-0.44880759716033936,-0.05018258094787598,1.004136562347412],[-0.2311728596687317,0.8318014740943909,0.43586453795433044,-0.25019001960754395,-0.5056341886520386,-0.05162738263607025,0.9999004006385803],[-0.2146681547164917,0.8439656496047974,0.3925650715827942,-0.263788104057312,-0.5481881499290466,-0.03045448660850525,0.9992672204971313]]]","[0.17560739815235138,0.0060208686627447605,0.2564040720462799,0.006959708873182535,0.4348383843898773,0.00013046551612205803,8.019747838261537e-06]",0.12570984661579132,"[0.09718578308820724,0.11421175301074982,0.13149353861808777,0.13983465731143951,0.14582353830337524]",27.69292914246511,0.0,40.530470329102435,0.0,8442714955617139331,48,1239.4197998046875,1239.4197998046875,"[1,58,256]",0.0,"[1,58,256]",True,47,0.25,62,libero_10,7,"[[[0.21785640716552734,0.8380053043365479,0.999998927116394,-0.19192183017730713,0.18540692329406738,-0.040709614753723145,0.9999990463256836],[0.21071362495422363,0.8535815477371216,0.999998927116394,-0.15825188159942627,0.20972299575805664,-0.040709614753723145,0.9999990463256836],[0.1892850399017334,0.878503680229187,0.999998927116394,-0.13131588697433472,0.22188103199005127,-0.040709614753723145,0.9999990463256836],[0.1892850399017334,0.9190021753311157,0.9505802392959595,-0.2390596866607666,0.22188103199005127,-0.040709614753723145,0.9999990463256836],[0.16785645484924316,0.9314632415771484,0.9156967401504517,-0.2659956216812134,0.22188103199005127,-0.040709614753723145,0.9999990463256836]]]","[0.10939498245716095,0.002013867488130927,0.15910497307777405,0.005935206077992916,0.10774350166320801,0.0006952601252123713,0.0006083573098294437]",0.05507087707519531,"[0.056235525757074356,0.05723370984196663,0.06148649752140045,0.054090410470962524,0.04630826786160469]",46,B4
0.0,8.29934942885302e-05,CC,C600,Z,,A,169.13861083984375,169.13861083984375,"[1,13,256]",0.0,"[1,13,256]",True,34,770.1102905273438,770.1102905273438,"[58,13,256]",0.0,"[58,13,256]",True,"[0.006717739161103964,0.28008222579956055,0.36093670129776,1.1675677299499512,0.5584625005722046,0.21011982858181,0.004461248870939016]",0.36976397037506104,"[0.41482606530189514,0.48278021812438965,0.3418738543987274,0.2883481979370117,0.3209916651248932]",0.28861939907073975,281.7029724121094,281.7029724121094,[81920],0.0,[81920],True,37,670.8827514648438,670.8827514648438,"[58,50,1024]",0.0,"[58,50,1024]",True,"[[[0.2080632746219635,-0.06423419713973999,0.38827183842658997,-0.22356151044368744,0.6235647201538086,-0.08787891268730164,0.9959118366241455],[0.2888845205307007,-0.026247356086969376,0.47858574986457825,-0.22270074486732483,0.6391324400901794,-0.09437492489814758,1.0038890838623047],[0.36184534430503845,0.0026363469660282135,0.541626513004303,-0.23852550983428955,0.6338814496994019,-0.08636841177940369,1.002925157546997],[0.443719744682312,0.028214149177074432,0.591668963432312,-0.22957758605480194,0.6353539824485779,-0.08885231614112854,0.9959545731544495],[0.5217015147209167,0.06075764447450638,0.6275267601013184,-0.20202305912971497,0.690312385559082,-0.08355618268251419,1.0075739622116089]]]","[0.0031763024162501097,0.1435173600912094,0.15701770782470703,0.33915942907333374,0.38831886649131775,0.044851914048194885,2.282738387293648e-05]",0.15372349321842194,"[0.15231719613075256,0.18397532403469086,0.1425708681344986,0.13391858339309692,0.15583547949790955]",27.69292914246511,0.0,40.530470329102435,0.0,4151392753901295008,48,1239.4197998046875,1239.4197998046875,"[1,58,256]",0.0,"[1,58,256]",True,47,0.75,186,libero_10,7,"[[[0.2464277744293213,0.20560681819915771,0.6337201595306396,-0.8855222463607788,-0.06991147994995117,-0.20000135898590088,0.9999990463256836],[0.34642767906188965,0.34890902042388916,0.9360456466674805,-0.8383843898773193,-0.06991147994995117,-0.3238949775695801,0.9999990463256836],[0.46071338653564453,0.3676004409790039,0.999998927116394,-0.7979804277420044,0.12461686134338379,-0.3557533621788025,0.9999990463256836],[0.47857046127319336,0.42056000232696533,0.999998927116394,-0.7710444927215576,0.1185377836227417,-0.3238949775695801,0.9999990463256836],[0.5321418046951294,0.5264788866043091,0.999998927116394,-0.7239066362380981,0.03343164920806885,-0.26017826795578003,0.9999990463256836]]]","[0.047104645520448685,0.0869470164179802,0.07877901196479797,0.19591470062732697,0.036525923758745193,0.040942754596471786,0.0005494534852914512]",0.06953763961791992,"[0.06084241345524788,0.08021696656942368,0.07956977188587189,0.06535479426383972,0.06170427054166794]",46,B4
0.0,8.415112824877724e-05,CC,C600,Z,,B,169.57638549804688,169.57638549804688,"[1,13,256]",0.0,"[1,13,256]",True,34,735.6048583984375,735.6048583984375,"[53,13,256]",0.0,"[53,13,256]",True,"[0.018840117380023003,0.08477096259593964,0.0775274783372879,0.00927876215428114,0.7746171355247498,0.0005161568988114595,0.00021452251530718058]",0.13796645402908325,"[0.1999068707227707,0.1512068510055542,0.10776082426309586,0.12159744650125504,0.10936026275157928]",0.07444213330745697,281.7140808105469,281.7140808105469,[81920],0.0,[81920],True,37,641.1937866210938,641.1937866210938,"[53,50,1024]",0.0,"[53,50,1024]",True,"[[[-0.1761220544576645,0.5288808345794678,0.749914288520813,-0.3539606034755707,-0.45540615916252136,-0.017438611015677452,1.0105103254318237],[-0.19092026352882385,0.6185983419418335,0.6922894716262817,-0.3439520299434662,-0.48893627524375916,-0.010806374251842499,1.0005255937576294],[-0.2008569836616516,0.6901629567146301,0.5906240344047546,-0.3143225312232971,-0.5284192562103271,-0.019398260861635208,1.0148897171020508],[-0.20545199513435364,0.7570590376853943,0.4963589310646057,-0.3246789574623108,-0.5834161043167114,-0.011849522590637207,1.0039066076278687],[-0.18462291359901428,0.8245730400085449,0.40304034948349,-0.31452271342277527,-0.573967695236206,-0.009368561208248138,1.0138330459594727]]]","[0.011272921226918697,0.021776586771011353,0.11215364187955856,0.004389828536659479,0.7454099655151367,0.0015305847628042102,0.00010782897152239457]",0.12809161841869354,"[0.14237523078918457,0.1265898495912552,0.10834650695323944,0.1323404759168625,0.1308060586452484]",27.055139558228078,0.0,38.25651711513963,0.0,895811180839841733,46,1190.198486328125,1190.198486328125,"[1,53,256]",0.0,"[1,53,256]",True,49,0.25,72,libero_10,7,"[[[-0.010714948177337646,0.43613624572753906,0.8982548713684082,-0.2659956216812134,0.5075944662094116,-0.07610780000686646,0.9999990463256836],[-0.10357201099395752,0.4766346216201782,0.9215106964111328,-0.2659956216812134,0.4042513370513916,-0.05486893653869629,0.9999990463256836],[-0.1285719871520996,0.5264788866043091,0.9418593645095825,-0.2659956216812134,0.24619698524475098,-0.040709614753723145,0.9999990463256836],[-0.16071486473083496,0.5856688022613525,0.8982548713684082,-0.2659956216812134,0.27051305770874023,-0.040709614753723145,0.9999990463256836],[-0.30357182025909424,0.669780969619751,0.851743221282959,-0.2659956216812134,0.24619698524475098,-0.040709614753723145,0.9999990463256836]]]","[0.014692104421555996,0.02866659127175808,0.027573589235544205,0.002073088428005576,0.19965040683746338,0.0006277607171796262,0.00064239272614941]",0.03913227468729019,"[0.062046609818935394,0.042812902480363846,0.029512977227568626,0.03074086271226406,0.03054804541170597]",48,B4
0.0,0.00010104291141033173,CC,C600,Z,,B,169.57638549804688,169.57638549804688,"[1,13,256]",0.0,"[1,13,256]",True,34,735.6048583984375,735.6048583984375,"[53,13,256]",0.0,"[53,13,256]",True,"[0.051954932510852814,0.7426360845565796,0.031243247911334038,0.021387314423918724,0.2700265347957611,0.004826379008591175,0.002557043917477131]",0.16066163778305054,"[0.17791220545768738,0.14704343676567078,0.1539936065673828,0.15699568390846252,0.16736330091953278]",0.13593843579292297,281.7140808105469,281.7140808105469,[81920],0.0,[81920],True,37,641.1937866210938,641.1937866210938,"[53,50,1024]",0.0,"[53,50,1024]",True,"[[[0.586254358291626,0.08262553066015244,0.9258913993835449,-0.2876051366329193,0.9279630184173584,-0.0836806520819664,1.0028952360153198],[0.5917444825172424,0.10214062035083771,0.9227497577667236,-0.2731066346168518,0.9242786169052124,-0.07836348563432693,1.0019471645355225],[0.5983008742332458,0.13520176708698273,0.9156322479248047,-0.26989927887916565,0.9119203090667725,-0.0819147378206253,1.0062289237976074],[0.590181291103363,0.17581307888031006,0.8721625208854675,-0.2635323107242584,0.8668155670166016,-0.07738745212554932,1.009962558746338],[0.5851619243621826,0.23752723634243011,0.8063181638717651,-0.25340884923934937,0.7906408309936523,-0.06864648312330246,0.9986419677734375]]]","[0.0033388303127139807,0.22878961265087128,0.0026182408910244703,0.00013945419050287455,0.10097312182188034,0.001337722409516573,3.0421539122471586e-05]",0.04817534238100052,"[0.052318278700113297,0.04809234291315079,0.04806462302803993,0.047496479004621506,0.04490501806139946]",27.055139558228078,0.0,38.25651711513963,0.0,4825284986999109913,46,1190.198486328125,1190.198486328125,"[1,53,256]",0.0,"[1,53,256]",True,49,0.75,218,libero_10,7,"[[[0.657141923904419,0.5077873468399048,0.9360456466674805,-0.2659956216812134,0.5075944662094116,-0.1398245096206665,0.9999990463256836],[0.6678560972213745,0.548285722732544,0.9156967401504517,-0.2659956216812134,0.5623054504394531,-0.1044263243675232,0.9999990463256836],[0.6607131958007812,0.6261674165725708,0.9040688276290894,-0.2659956216812134,0.6109377145767212,-0.05486893653869629,0.9999990463256836],[0.6321418285369873,0.6915878057479858,0.9011619091033936,-0.2659956216812134,0.6170166730880737,-0.040709614753723145,0.9999990463256836],[0.5999990701675415,0.7445472478866577,0.9156967401504517,-0.2659956216812134,0.5805425643920898,-0.040709614753723145,0.9999990463256836]]]","[0.006001640111207962,0.09682618081569672,0.043231744319200516,0.010781622491776943,0.03290723264217377,0.005330558400601149,0.0010928647825494409]",0.028024546802043915,"[0.025737321004271507,0.02435496263206005,0.03147993981838226,0.028960533440113068,0.02958998829126358]",48,B4
0.0,1.0474252121639438e-05,CC,C600,J,,A,178.8190460205078,178.8190460205078,"[1,15,256]",0.0,"[1,15,256]",True,7,535.7295532226562,535.7295532226562,"[23,15,256]",0.0,"[23,15,256]",True,"[0.13944236934185028,0.08571018278598785,0.21801932156085968,0.0011513009667396545,0.14071254432201385,0.04200705513358116,0.46802493929862976]",0.15643826127052307,"[0.25413888692855835,0.2023668885231018,0.14336249232292175,0.1049843579530716,0.07733863592147827]",0.07368721067905426,281.9788513183594,281.9788513183594,[81920],0.0,[81920],True,5,418.13226318359375,418.13226318359375,"[23,50,1024]",0.0,"[23,50,1024]",True,"[[[-0.24361781775951385,0.08838611841201782,-0.5312419533729553,-0.08641476929187775,-0.07638417929410934,-0.005749482661485672,1.0056872367858887],[-0.19780030846595764,0.10015121102333069,-0.488092839717865,-0.10134484618902206,-0.10372507572174072,-0.00832223892211914,1.0164575576782227],[-0.1552179753780365,0.08689112961292267,-0.47613072395324707,-0.08751921355724335,-0.08988067507743835,-0.027716759592294693,1.007326364517212],[-0.1113884374499321,0.08236885070800781,-0.4242984652519226,-0.08736737072467804,-0.07574225217103958,-0.02841976284980774,1.018959879875183],[-0.048540860414505005,0.07704934477806091,-0.3105825185775757,-0.11916746199131012,-0.06650114059448242,-0.08190217614173889,1.008886456489563]]]","[0.002612336538732052,0.08450114727020264,0.13142643868923187,0.03685570880770683,0.10656923055648804,0.02651459537446499,0.8047089576721191]",0.17045548558235168,"[0.627351701259613,0.057543326169252396,0.060945361852645874,0.06298164278268814,0.043455351144075394]",35.899673018918925,0.0,42.13931984880341,0.0,5898604950164596219,48,978.8367919921875,978.8367919921875,"[1,23,256]",0.0,"[1,23,256]",True,47,0.25,27,libero_spatial,5,"[[[-0.26428622007369995,0.42056000232696533,-0.2790701985359192,-0.27946358919143677,-0.46504712104797363,-0.08318740129470825,-1.0],[-0.1285719871520996,0.40186846256256104,-0.10755860805511475,-0.2659956216812134,-0.44073110818862915,-0.15398377180099487,0.9999990463256836],[-0.12142914533615112,0.3676004409790039,-0.03197723627090454,-0.27272963523864746,-0.3799409866333008,-0.20354115962982178,0.9999990463256836],[-0.1285719871520996,0.3676004409790039,-0.017442405223846436,-0.30639952421188354,-0.3981780409812927,-0.2318597435951233,0.9999990463256836],[-0.1285719871520996,0.32398688793182373,-0.017442405223846436,-0.3131335377693176,-0.3495458960533142,-0.2637180685997009,0.9999990463256836]]]","[0.13210581243038177,0.06067465618252754,0.151545450091362,0.0009747364674694836,0.11507164686918259,0.031285326927900314,0.3810654282569885]",0.1246747151017189,"[0.19077755510807037,0.1677262932062149,0.11800727993249893,0.08653417974710464,0.060328323394060135]",46,B36
0.0,4.3311109038768336e-05,CC,C600,J,,A,178.8190460205078,178.8190460205078,"[1,15,256]",0.0,"[1,15,256]",True,7,535.7295532226562,535.7295532226562,"[23,15,256]",0.0,"[23,15,256]",True,"[0.4007343351840973,0.0038300626911222935,0.15202438831329346,0.13516731560230255,0.21098928153514862,0.10789056122303009,0.0016726294998079538]",0.1446155160665512,"[0.13572533428668976,0.18078608810901642,0.17456351220607758,0.13803794980049133,0.09396466612815857]",0.15314805507659912,281.9788513183594,281.9788513183594,[81920],0.0,[81920],True,5,418.13226318359375,418.13226318359375,"[23,50,1024]",0.0,"[23,50,1024]",True,"[[[-0.6242691874504089,0.15796086192131042,-0.5920552015304565,0.03809018433094025,-0.12219426035881042,-0.14114445447921753,1.006849765777588],[-0.7075703740119934,0.13420268893241882,-0.6337762475013733,0.03726191073656082,-0.24118079245090485,-0.09903858602046967,1.0036734342575073],[-0.790619969367981,0.11958731710910797,-0.6719277501106262,0.06671979278326035,-0.4173274040222168,-0.07500386983156204,1.000563621520996],[-0.911121666431427,0.08639649301767349,-0.7228906154632568,0.09713658690452576,-0.7023179531097412,-0.0411129891872406,1.0052896738052368],[-1.0047178268432617,0.06212646886706352,-0.7404571175575256,0.12244146317243576,-0.91611248254776,0.0030664876103401184,0.9951258897781372]]]","[0.248578742146492,0.0008934244397096336,0.12437697499990463,0.11557624489068985,0.16201792657375336,0.06589443981647491,2.2498124963021837e-05]",0.10248003154993057,"[0.12890703976154327,0.12150003761053085,0.09746468812227249,0.07920815795660019,0.08532027155160904]",35.899673018918925,0.0,42.13931984880341,0.0,1908307486257974580,48,978.8367919921875,978.8367919921875,"[1,23,256]",0.0,"[1,23,256]",True,47,0.75,81,libero_spatial,5,"[[[-1.1464284658432007,0.11837947368621826,-1.034883737564087,-0.2659956216812134,-0.6656544208526611,0.06902480125427246,0.9999990463256836],[-1.2999998331069946,0.10591840744018555,-1.034883737564087,-0.2659956216812134,-0.6717334985733032,0.14690065383911133,0.9999990463256836],[-1.3642854690551758,0.09968781471252441,-1.034883737564087,-0.2659956216812134,-0.5927063226699829,0.20707762241363525,0.9999990463256836],[-1.374999761581421,0.09345734119415283,-1.0058139562606812,-0.2659956216812134,-0.4954422116279602,0.24955546855926514,0.9999990463256836],[-1.2785712480545044,0.10280311107635498,-0.970930278301239,-0.2659956216812134,-0.41033607721328735,0.24955546855926514,0.9999990463256836]]]","[0.10012229532003403,0.007059719413518906,0.10086536407470703,0.012317872606217861,0.011160286143422127,0.03202708810567856,0.0069780307821929455]",0.03864723816514015,"[0.02292785607278347,0.03606366738677025,0.048761770129203796,0.04736832529306412,0.03811457380652428]",46,B36
0.0,3.534030474838801e-05,CC,C600,J,,B,178.15847778320312,178.15847778320312,"[1,15,256]",0.0,"[1,15,256]",True,7,534.8046875,534.8046875,"[23,15,256]",0.0,"[23,15,256]",True,"[0.13806647062301636,0.024804508313536644,0.053903233259916306,0.04417448863387108,2.254093647003174,0.49050185084342957,0.00460711820051074]",0.43002161383628845,"[0.5106313228607178,0.5462738275527954,0.4888760447502136,0.35890552401542664,0.24542146921157837]",0.1717713475227356,281.9842529296875,281.9842529296875,[81920],0.0,[81920],True,5,418.7129821777344,418.7129821777344,"[23,50,1024]",0.0,"[23,50,1024]",True,"[[[-0.6433560252189636,0.0411534383893013,-1.0565541982650757,-0.24355150759220123,-0.08312179148197174,-0.04659445583820343,-1.015576720237732],[-0.6499704718589783,0.05290193855762482,-1.0718719959259033,-0.25708186626434326,-0.07722055912017822,-0.034605786204338074,-1.0192606449127197],[-0.6670995354652405,0.07639474421739578,-1.1001139879226685,-0.2759653329849243,-0.09231280535459518,-0.03413345664739609,-1.0117945671081543],[-0.6673491597175598,0.07408612221479416,-1.087416410446167,-0.26476800441741943,-0.08593752980232239,-0.031075403094291687,-1.0084573030471802],[-0.6727520823478699,0.08866878598928452,-1.061696171760559,-0.25415679812431335,-0.0674269050359726,-0.04144108295440674,-1.013458013534546]]]","[0.040663983672857285,0.0023049789015203714,0.11967408657073975,0.03299238905310631,1.5092376470565796,0.28162097930908203,0.00020107252930756658]",0.28381359577178955,"[0.3432541787624359,0.3516344726085663,0.3194116950035095,0.2349434494972229,0.16982415318489075]",36.02022617432173,0.0,42.15107069320972,0.0,4644491651927860461,46,973.5503540039062,973.5503540039062,"[1,23,256]",0.0,"[1,23,256]",True,49,0.25,27,libero_spatial,5,"[[[-0.3571432828903198,0.02180635929107666,-0.6802327036857605,-0.07071006298065186,-1.4255306720733643,-0.6353988647460938,-1.0],[-0.3964289426803589,0.02180635929107666,-0.6744188070297241,-0.050508081912994385,-1.443767786026001,-0.607080340385437,-1.0],[-0.4500003457069397,0.02180635929107666,-0.7005815505981445,-0.05724203586578369,-1.38905668258667,-0.5787618160247803,-1.0],[-0.5678573846817017,0.02180635929107666,-0.7790699005126953,-0.08417803049087524,-1.2066863775253296,-0.5292043685913086,-1.0],[-0.6821430921554565,0.02180635929107666,-0.8517442941665649,-0.14478391408920288,-1.0364739894866943,-0.476107120513916,-1.0]]]","[0.16539879143238068,0.03141416609287262,0.033193450421094894,0.030038705095648766,1.1663846969604492,0.24296687543392181,0.0022175610065460205]",0.23880204558372498,"[0.29505568742752075,0.3006610572338104,0.27328377962112427,0.1957710236310959,0.1292387843132019]",48,B36
0.0,0.00032556240330450237,CC,C600,J,,B,178.15847778320312,178.15847778320312,"[1,15,256]",0.0,"[1,15,256]",True,7,534.8046875,534.8046875,"[23,15,256]",0.0,"[23,15,256]",True,"[1.058109164237976,0.2310791015625,0.05788104608654976,0.08026697486639023,0.014713764190673828,0.024870386347174644,0.0001504170650150627]",0.20958155393600464,"[0.21989543735980988,0.14227639138698578,0.15143099427223206,0.24648019671440125,0.28782474994659424]",0.151615709066391,281.9842529296875,281.9842529296875,[81920],0.0,[81920],True,5,418.7129821777344,418.7129821777344,"[23,50,1024]",0.0,"[23,50,1024]",True,"[[[0.6074213981628418,-0.14233167469501495,-0.4540482461452484,-0.07219123095273972,-0.6883099675178528,-0.0628918781876564,1.0041122436523438],[0.6006500720977783,-0.23386570811271667,-0.6111781001091003,-0.09544038772583008,-0.6341152191162109,-0.06587477028369904,1.0051685571670532],[0.5732089877128601,-0.27573269605636597,-0.7338168621063232,-0.1275227963924408,-0.5881880521774292,-0.06777526438236237,1.0081350803375244],[0.5367769598960876,-0.283405065536499,-0.8348336219787598,-0.1507435441017151,-0.5916933417320251,-0.0656052976846695,1.0108879804611206],[0.4782952070236206,-0.2470516860485077,-0.9472934603691101,-0.18754322826862335,-0.6291229128837585,-0.05722701549530029,1.0104278326034546]]]","[0.24248838424682617,0.02254687249660492,0.07636481523513794,0.0267551988363266,0.15159565210342407,0.0005501013365574181,6.743314588675275e-05]",0.07433835417032242,"[0.05551502853631973,0.06871979683637619,0.07645709812641144,0.07941393554210663,0.0915859043598175]",36.02022617432173,0.0,42.15107069320972,0.0,4698308146476797737,46,973.5503540039062,973.5503540039062,"[1,23,256]",0.0,"[1,23,256]",True,49,0.75,80,libero_spatial,5,"[[[1.064284324645996,-0.11215001344680786,-0.3488374948501587,-0.2659956216812134,-1.0486321449279785,-0.040709614753723145,0.9999990463256836],[1.042855978012085,-0.13707208633422852,-0.3575584888458252,-0.2659956216812134,-1.0607901811599731,-0.040709614753723145,0.9999990463256836],[1.0499987602233887,-0.14330261945724487,-0.42441892623901367,-0.2659956216812134,-1.006079077720642,-0.040709614753723145,0.9999990463256836],[1.071427345275879,-0.07476687431335449,-0.5465118885040283,-0.2659956216812134,-0.9513679146766663,-0.040709614753723145,0.9999990463256836],[1.0214273929595947,-0.043614208698272705,-0.5901165008544922,-0.3737393617630005,-1.006079077720642,-0.040709614753723145,0.9999990463256836]]]","[0.014420193620026112,0.0012255859328433871,0.004482087213546038,0.03383658453822136,0.46952906250953674,0.007895278744399548,6.19657221250236e-05]",0.07592152804136276,"[0.09390659630298615,0.09108993411064148,0.06777209043502808,0.05787605419754982,0.06896301358938217]",48,B36
0.0,1.1483953130664304e-05,CC,C600,J,,A,186.5875701904297,186.5875701904297,"[1,14,256]",0.0,"[1,14,256]",True,5,607.3528442382812,607.3528442382812,"[37,14,256]",0.0,"[37,14,256]",True,"[0.15291425585746765,0.0008445327985100448,0.09967749565839767,0.09282422810792923,1.1327195167541504,0.00433818344026804,0.0019308971241116524]",0.21217843890190125,"[0.17832837998867035,0.20334739983081818,0.22344525158405304,0.22259661555290222,0.23317451775074005]",0.10760227590799332,281.880615234375,281.880615234375,[81920],0.0,[81920],True,7,530.3677978515625,530.3677978515625,"[37,50,1024]",0.0,"[37,50,1024]",True,"[[[-0.16703495383262634,0.00496418122202158,0.007438372820615768,-0.2441682070493698,-0.06962807476520538,-0.11331544071435928,1.000542402267456],[-0.14244285225868225,0.003456171602010727,0.028796181082725525,-0.23014746606349945,-0.07497468590736389,-0.12120461463928223,0.9951793551445007],[-0.1480507254600525,0.004653342068195343,0.04117824137210846,-0.21533946692943573,-0.08434025943279266,-0.11918533593416214,1.0041747093200684],[-0.13215100765228271,0.008426431566476822,0.06602203845977783,-0.19950854778289795,-0.06038767099380493,-0.11378055065870285,1.0114820003509521],[-0.1247141882777214,0.0006041079759597778,0.09333327412605286,-0.19152367115020752,-0.062465935945510864,-0.10410614311695099,1.0019104480743408]]]","[0.0976523831486702,0.0005073417560197413,0.12663261592388153,0.0650327131152153,0.7745391726493835,0.004514570813626051,3.529450259520672e-05]",0.15270200371742249,"[0.13403791189193726,0.15188829600811005,0.16005489230155945,0.15480798482894897,0.16272106766700745]",29.634140013073143,0.0,36.77000840217109,0.0,3060169894559326343,48,1242.21728515625,1242.21728515625,"[1,37,256]",0.0,"[1,37,256]",True,47,0.25,30,libero_spatial,7,"[[[-0.5750002861022949,0.02180635929107666,-0.4447677731513977,-0.4814831614494324,0.641332745552063,-0.040709614753723145,0.9999990463256836],[-0.5142860412597656,0.02180635929107666,-0.36627936363220215,-0.49495112895965576,0.7568339109420776,-0.040709614753723145,0.9999990463256836],[-0.45357179641723633,0.02180635929107666,-0.29651206731796265,-0.5016851425170898,0.8237029314041138,-0.040709614753723145,0.9999990463256836],[-0.38571470975875854,0.02180635929107666,-0.2412794828414917,-0.47474920749664307,0.8601770401000977,-0.07610780000686646,0.9999990463256836],[-0.2857147455215454,-0.03738367557525635,-0.15988421440124512,-0.39394134283065796,0.9392043352127075,-0.16106337308883667,0.9999990463256836]]]","[0.0480036698281765,0.0003331910993438214,0.027310354635119438,0.04107515141367912,0.581931471824646,0.002560206688940525,0.0045089409686625]",0.10081757605075836,"[0.08275394886732101,0.0942518562078476,0.10109133273363113,0.10803724825382233,0.11795350909233093]",46,B36
0.0,7.890623965067789e-05,CC,C600,J,,A,186.5875701904297,186.5875701904297,"[1,14,256]",0.0,"[1,14,256]",True,5,607.3528442382812,607.3528442382812,"[37,14,256]",0.0,"[37,14,256]",True,"[0.07262928783893585,0.06548845022916794,0.026863500475883484,0.012763862498104572,0.05364600941538811,0.021341264247894287,0.00016146937559824437]",0.036127690225839615,"[0.030310707166790962,0.030533617362380028,0.03422919288277626,0.039147235453128815,0.046417705714702606]",0.11722338199615479,281.880615234375,281.880615234375,[81920],0.0,[81920],True,7,530.3677978515625,530.3677978515625,"[37,50,1024]",0.0,"[37,50,1024]",True,"[[[0.42931193113327026,0.454713374376297,-0.028213471174240112,-0.27540263533592224,-0.5753795504570007,-0.5482673048973083,0.9994719624519348],[0.4174487888813019,0.4286172688007355,-0.05209849774837494,-0.2718137502670288,-0.5407931208610535,-0.5354285836219788,1.0012418031692505],[0.4137314558029175,0.40533795952796936,-0.07330392301082611,-0.2640461325645447,-0.5223375558853149,-0.5263128876686096,1.0035613775253296],[0.4171728789806366,0.3822292983531952,-0.09739546477794647,-0.2607192099094391,-0.5112993717193604,-0.520894467830658,1.0056334733963013],[0.4180326759815216,0.36137625575065613,-0.12179827690124512,-0.25917667150497437,-0.505060076713562,-0.5072433352470398,1.0057915449142456]]]","[0.065630704164505,0.0025610951706767082,0.14131714403629303,4.009632903034799e-05,0.21321888267993927,0.055226314812898636,1.5962456018314697e-05]",0.06828717142343521,"[0.08018654584884644,0.07324275374412537,0.06760277599096298,0.06272274255752563,0.05768103525042534]",29.634140013073143,0.0,36.77000840217109,0.0,5106880675780522306,48,1242.21728515625,1242.21728515625,"[1,37,256]",0.0,"[1,37,256]",True,47,0.75,92,libero_spatial,7,"[[[0.6607131958007812,0.42367517948150635,-0.46511656045913696,-0.2659956216812134,-0.06991147994995117,-0.30265605449676514,0.9999990463256836],[0.6714276075363159,0.4299057722091675,-0.46511656045913696,-0.2659956216812134,-0.06991147994995117,-0.29911625385284424,0.9999990463256836],[0.6785702705383301,0.4392514228820801,-0.4505816698074341,-0.2659956216812134,-0.06991147994995117,-0.29203659296035767,0.9999990463256836],[0.6821417808532715,0.4423668384552002,-0.436046838760376,-0.2659956216812134,-0.06991147994995117,-0.2849569320678711,0.9999990463256836],[0.6821417808532715,0.44548213481903076,-0.4186049699783325,-0.2659956216812134,-0.06991147994995117,-0.2849569320678711,0.9999990463256836]]]","[0.06588836014270782,0.05604623630642891,0.023421037942171097,0.009652691893279552,0.05360839515924454,0.017770275473594666,0.0002603207540232688]",0.0323781855404377,"[0.02565746195614338,0.0273723304271698,0.03125102445483208,0.0360073521733284,0.041602786630392075]",46,B36
0.0,6.835815383965382e-06,CC,C600,J,,B,186.5545654296875,186.5545654296875,"[1,14,256]",0.0,"[1,14,256]",True,5,522.4750366210938,522.4750366210938,"[28,14,256]",0.0,"[28,14,256]",True,"[0.1380205899477005,0.008908461779356003,0.036513082683086395,0.16118131577968597,0.0693044513463974,0.020671943202614784,0.00034127882099710405]",0.06213444471359253,"[0.05099319666624069,0.05041922628879547,0.05532272905111313,0.07717560976743698,0.07676146924495697]",0.07215924561023712,281.8630065917969,281.8630065917969,[81920],0.0,[81920],True,7,462.6960754394531,462.6960754394531,"[28,50,1024]",0.0,"[28,50,1024]",True,"[[[-0.1348162144422531,-0.01968361809849739,-0.015629814937710762,-0.26628297567367554,0.2896122336387634,-0.07765695452690125,1.0072511434555054],[-0.12544135749340057,-0.018685882911086082,-0.005752747878432274,-0.2653976082801819,0.3302370607852936,-0.07903467863798141,1.0114609003067017],[-0.11416474729776382,-0.022060377523303032,-0.0020674020051956177,-0.2574513554573059,0.3451042175292969,-0.07806017994880676,1.0141373872756958],[-0.10928116738796234,-0.02336522936820984,0.00918850302696228,-0.25401145219802856,0.3580930829048157,-0.08368083834648132,1.0137566328048706],[-0.0751895010471344,0.0031284168362617493,0.03161747753620148,-0.25342026352882385,0.36080753803253174,-0.0810483917593956,1.013128638267517]]]","[0.05137035250663757,0.001750284805893898,0.056893445551395416,0.03695825859904289,0.057042449712753296,0.004040191415697336,0.0001491034054197371]",0.029743440449237823,"[0.019132031127810478,0.018223686143755913,0.02391924522817135,0.03450658544898033,0.0529356524348259]",29.013636778223155,0.0,36.408279737315176,0.0,4594143207052349333,46,1087.22314453125,1087.22314453125,"[1,28,256]",0.0,"[1,28,256]",True,49,0.25,38,libero_spatial,7,"[[[-0.3535718321800232,-0.09345841407775879,-0.2674422860145569,-0.3468034863471985,0.21580207347869873,-0.005311429500579834,0.9999990463256836],[-0.3250004053115845,-0.05919051170349121,-0.23546552658081055,-0.40067535638809204,0.2279599905014038,-0.012391090393066406,0.9999990463256836],[-0.33214324712753296,-0.028037965297698975,-0.22674459218978882,-0.4478132128715515,0.17324888706207275,-0.019470691680908203,0.9999990463256836],[-0.3285719156265259,0.012460470199584961,-0.20639574527740479,-0.5218870639801025,0.09422183036804199,-0.019470691680908203,0.9999990463256836],[-0.3464289903640747,0.02180635929107666,-0.23546552658081055,-0.4814831614494324,-0.051674485206604004,-0.02655029296875,0.9999990463256836]]]","[0.05329779535531998,0.0014837089693173766,0.09494837373495102,0.0355929434299469,0.015241469256579876,0.008414709940552711,0.0003121004847344011]",0.02989872545003891,"[0.018351132050156593,0.02037842944264412,0.026629824191331863,0.034939128905534744,0.04919512942433357]",48,B36
0.0,6.53354509267956e-05,CC,C600,J,,B,186.5545654296875,186.5545654296875,"[1,14,256]",0.0,"[1,14,256]",True,5,522.4750366210938,522.4750366210938,"[28,14,256]",0.0,"[28,14,256]",True,"[0.013727798126637936,0.0001849889085860923,0.022627657279372215,0.0013596666976809502,0.04774460196495056,0.005561185535043478,0.00474162632599473]",0.01370678935199976,"[0.016203150153160095,0.013906138949096203,0.014407826587557793,0.01282217912375927,0.011194651946425438]",0.05157173052430153,281.8630065917969,281.8630065917969,[81920],0.0,[81920],True,7,462.6960754394531,462.6960754394531,"[28,50,1024]",0.0,"[28,50,1024]",True,"[[[0.34102094173431396,0.7253823280334473,-0.22331301867961884,-0.2204340696334839,-0.7591063976287842,-0.059469759464263916,1.0093872547149658],[0.3218443691730499,0.7151557803153992,-0.2681688368320465,-0.2072378695011139,-0.7424613833427429,-0.05601023882627487,1.0092275142669678],[0.31011462211608887,0.7055361270904541,-0.3151620626449585,-0.22019913792610168,-0.7126471996307373,-0.06024925410747528,1.0119132995605469],[0.27425384521484375,0.692345380783081,-0.3613974452018738,-0.21376603841781616,-0.6921364068984985,-0.05965092033147812,1.0090450048446655],[0.24794989824295044,0.6895959973335266,-0.41352880001068115,-0.22121191024780273,-0.67279052734375,-0.054096758365631104,1.0096677541732788]]]","[0.01783987134695053,0.0009707743301987648,0.00035304352059029043,0.0023602719884365797,0.20152710378170013,0.02810010127723217,9.81131597654894e-05]",0.035892751067876816,"[0.03936515375971794,0.04159335419535637,0.035744559019804,0.031620364636182785,0.031140342354774475]",29.013636778223155,0.0,36.408279737315176,0.0,4843176701914511588,46,1087.22314453125,1087.22314453125,"[1,28,256]",0.0,"[1,28,256]",True,49,0.75,114,libero_spatial,7,"[[[0.503570556640625,0.7725847959518433,-0.21220970153808594,-0.2659956216812134,-0.27051883935928345,-0.1362847089767456,0.9999990463256836],[0.46071338653564453,0.7507778406143188,-0.2906981110572815,-0.2659956216812134,-0.24012374877929688,-0.17522269487380981,0.9999990463256836],[0.4249991178512573,0.732086181640625,-0.34011662006378174,-0.2659956216812134,-0.2583608031272888,-0.22478008270263672,0.9999990463256836],[0.3892848491668701,0.7133947610855103,-0.3837212324142456,-0.2659956216812134,-0.2887558937072754,-0.2637180685997009,0.9999990463256836],[0.37857067584991455,0.7040488719940186,-0.4098840355873108,-0.2592616677284241,-0.2887558937072754,-0.2814171314239502,0.9999990463256836]]]","[0.007153981830924749,0.00031086255330592394,0.03562913462519646,0.004307740833610296,0.018912119790911674,0.003112168749794364,0.00035310699604451656]",0.00996844470500946,"[0.009607592597603798,0.009109379723668098,0.010474045760929585,0.011294913478195667,0.009356292895972729]",48,B36
0.0,4.111714588361792e-05,CC,C600,J,,A,233.86549377441406,233.86549377441406,"[1,11,256]",0.0,"[1,11,256]",True,14,488.1477355957031,488.1477355957031,"[25,11,256]",0.0,"[25,11,256]",True,"[0.0501723550260067,0.0048193130642175674,0.011454490013420582,0.002935634460300207,0.35163766145706177,0.00704440101981163,0.0004147742874920368]",0.0612112320959568,"[0.07739794254302979,0.07891938090324402,0.05913171544671059,0.038008809089660645,0.05259833484888077]",0.052864085882902145,281.94989013671875,281.94989013671875,[81920],0.0,[81920],True,12,436.59417724609375,436.59417724609375,"[25,50,1024]",0.0,"[25,50,1024]",True,"[[[-0.2565702199935913,0.11730271577835083,-0.5975987315177917,-0.26161494851112366,-0.2588866651058197,-0.019522055983543396,-0.9979395866394043],[-0.2835274040699005,0.11167572438716888,-0.6143495440483093,-0.2714831531047821,-0.2506367862224579,-0.02958637848496437,-1.008133888244629],[-0.31793469190597534,0.05652156099677086,-0.6658550500869751,-0.25401780009269714,-0.24528518319129944,-0.032639920711517334,-1.0134063959121704],[-0.31976330280303955,0.03273799270391464,-0.7052542567253113,-0.23973166942596436,-0.21890342235565186,-0.04237984120845795,-1.014461636543274],[-0.29050642251968384,-0.007764413952827454,-0.7375296950340271,-0.24454531073570251,-0.16068701446056366,-0.04199140518903732,-1.0007944107055664]]]","[0.014714223332703114,0.0036299971397966146,0.005252298898994923,0.00026853650342673063,0.09994100779294968,9.698761277832091e-05,9.198138286592439e-05]",0.017713574692606926,"[0.020112713798880577,0.02239360474050045,0.015205326490104198,0.010495258495211601,0.020360976457595825]",30.070701733372083,0.0,46.41281484539801,0.0,5545119331277237353,48,968.6116333007812,968.6116333007812,"[1,25,256]",0.0,"[1,25,256]",True,47,0.25,32,libero_object,2,"[[[-0.1285719871520996,0.04361319541931152,-0.6831396818161011,-0.2659956216812134,-0.5927063226699829,-0.03363001346588135,-1.0],[-0.1285719871520996,0.02180635929107666,-0.7005815505981445,-0.2659956216812134,-0.5927063226699829,-0.040709614753723145,-1.0],[-0.16071486473083496,0.02180635929107666,-0.7034885287284851,-0.2659956216812134,-0.525837242603302,-0.040709614753723145,-1.0],[-0.22857189178466797,0.02180635929107666,-0.6831396818161011,-0.2659956216812134,-0.47112613916397095,-0.037169814109802246,-1.0],[-0.2785719037055969,0.049843668937683105,-0.6395350694656372,-0.2659956216812134,-0.5197582244873047,-0.03363001346588135,-1.0]]]","[0.07861407101154327,0.0025614744517952204,0.0017602175939828157,0.0025863617192953825,0.1345185786485672,0.0036397743970155716,0.10234643518924713]",0.04657527431845665,"[0.04230259358882904,0.04660666361451149,0.04909438267350197,0.04191894829273224,0.052953772246837616]",46,B36
0.0,8.150296343956143e-05,CC,C600,J,,A,233.86549377441406,233.86549377441406,"[1,11,256]",0.0,"[1,11,256]",True,14,488.1477355957031,488.1477355957031,"[25,11,256]",0.0,"[25,11,256]",True,"[0.016952313482761383,0.0008359897183254361,0.01765565387904644,0.001102602924220264,0.0004821605980396271,0.015058559365570545,0.0005814015748910606]",0.0075240968726575375,"[0.0072959354147315025,0.0053029670380055904,0.00525789987295866,0.009554892778396606,0.010208792053163052]",0.06467161327600479,281.94989013671875,281.94989013671875,[81920],0.0,[81920],True,12,436.59417724609375,436.59417724609375,"[25,50,1024]",0.0,"[25,50,1024]",True,"[[[-0.28935742378234863,0.9048235416412354,-0.17603754997253418,-0.26030072569847107,-0.08012266457080841,-0.02500743791460991,1.0095810890197754],[-0.30302390456199646,0.8617730736732483,-0.2515261173248291,-0.26198264956474304,-0.07709018886089325,-0.023617245256900787,1.018270492553711],[-0.3275310695171356,0.8264481425285339,-0.291174054145813,-0.25788968801498413,-0.057392969727516174,-0.02378258667886257,1.024955153465271],[-0.31483757495880127,0.7755577564239502,-0.330264151096344,-0.24925611913204193,-0.08922070264816284,-0.02325764298439026,1.017495036125183],[-0.3099914491176605,0.7213361263275146,-0.385770708322525,-0.23834387958049774,-0.07290755212306976,-0.0382651761174202,1.0162714719772339]]]","[0.004078511148691177,0.0016357910353690386,0.0029130505863577127,0.00023181436699815094,0.0030129922088235617,0.015343810431659222,0.00032387403189204633]",0.003934263251721859,"[0.004482286516577005,0.003106519812718034,0.003553096204996109,0.0040331510826945305,0.0044962638057768345]",30.070701733372083,0.0,46.41281484539801,0.0,6063945589377718727,48,968.6116333007812,968.6116333007812,"[1,25,256]",0.0,"[1,25,256]",True,47,0.75,95,libero_object,2,"[[[-0.30357182025909424,0.8348900079727173,-0.2790701985359192,-0.2659956216812134,-0.1428595781326294,-0.1327449083328247,0.9999990463256836],[-0.2678576111793518,0.819313645362854,-0.3052329421043396,-0.2659956216812134,-0.13678061962127686,-0.1327449083328247,0.9999990463256836],[-0.25357192754745483,0.8037372827529907,-0.32267481088638306,-0.2659956216812134,-0.11854356527328491,-0.1398245096206665,0.9999990463256836],[-0.23571473360061646,0.7663540840148926,-0.33720964193344116,-0.2659956216812134,-0.13678061962127686,-0.16106337308883667,0.9999990463256836],[-0.2250005006790161,0.6915878057479858,-0.3808143138885498,-0.2659956216812134,-0.11246448755264282,-0.1823022961616516,0.9999990463256836]]]","[0.029284406453371048,0.0006612566066905856,0.003826059401035309,0.0010266799945384264,0.0010758590651676059,0.013031678274273872,0.0003046466736122966]",0.007030083332210779,"[0.011079869233071804,0.00537886144593358,0.005721907131373882,0.006594399455934763,0.00637538218870759]",46,B36
0.0,0.049242135137319565,CC,C600,J,,B,231.4237823486328,231.4237823486328,"[1,11,256]",0.0,"[1,11,256]",True,14,502.67889404296875,502.67889404296875,"[27,11,256]",0.0,"[27,11,256]",True,"[0.02295253984630108,0.028014514595270157,0.0034570142161101103,0.005204541143029928,0.007367193233221769,0.00870887003839016,0.07212592661380768]",0.021118657663464546,"[0.01692112162709236,0.012279314920306206,0.022316325455904007,0.02724364772439003,0.026832884177565575]",0.028848491609096527,281.95196533203125,281.95196533203125,[81920],0.0,[81920],True,12,454.33734130859375,454.33734130859375,"[27,50,1024]",0.0,"[27,50,1024]",True,"[[[0.14014074206352234,-0.2213100790977478,-0.19425442814826965,-0.23132863640785217,0.09399989247322083,-0.1597350835800171,-1.0006057024002075],[0.1285506635904312,-0.21020855009555817,-0.21478715538978577,-0.22709083557128906,0.10407865792512894,-0.15189827978610992,-1.006218433380127],[0.0461939200758934,-0.15597286820411682,-0.26890164613723755,-0.23625288903713226,0.05193527042865753,-0.12133041769266129,-1.0030912160873413],[-0.029234066605567932,-0.09540484845638275,-0.3344745635986328,-0.24381013214588165,0.015725433826446533,-0.095156729221344,-1.0003530979156494],[-0.06903107464313507,-0.06497875601053238,-0.3884599208831787,-0.25386661291122437,-0.022646397352218628,-0.06910986453294754,-0.9921311140060425]]]","[0.3753153383731842,0.062370665371418,0.2258765995502472,0.0035367035306990147,0.03170143440365791,0.007360151503235102,2.212709114246536e-05]",0.10088329017162323,"[0.08852260559797287,0.1189369261264801,0.11953205615282059,0.09737683832645416,0.08004802465438843]",30.112380696808966,0.0,46.955422968269254,0.0,1288635900652328787,46,1004.2927856445312,1004.2927856445312,"[1,27,256]",0.0,"[1,27,256]",True,49,0.25,33,libero_object,2,"[[[-0.2500004768371582,0.10280311107635498,-0.7209303975105286,-0.3400694727897644,-0.14893865585327148,-0.040709614753723145,-1.0],[-0.4857146143913269,0.1152641773223877,-0.7441861629486084,-0.29293161630630493,-0.12462258338928223,-0.040709614753723145,-1.0],[-0.6535716652870178,0.0872267484664917,-0.7703490257263184,-0.2659956216812134,-0.11854356527328491,-0.040709614753723145,-1.0],[-0.703571617603302,0.059189438819885254,-0.767441987991333,-0.2659956216812134,-0.09422749280929565,-0.040709614753723145,-1.0],[-0.703571617603302,0.06853532791137695,-0.7529071569442749,-0.2659956216812134,-0.10030657052993774,-0.040709614753723145,-1.0]]]","[0.02506287209689617,0.023411180824041367,0.0034190185833722353,0.004097311291843653,0.006293116603046656,0.007209585513919592,0.08784520626068115]",0.02247689850628376,"[0.01518101617693901,0.01126122660934925,0.024430327117443085,0.02987580932676792,0.03163611516356468]",48,B36
0.0,1.3231058801466133e-05,CC,C600,J,,B,231.4237823486328,231.4237823486328,"[1,11,256]",0.0,"[1,11,256]",True,14,502.67889404296875,502.67889404296875,"[27,11,256]",0.0,"[27,11,256]",True,"[0.6232437491416931,0.8594841361045837,0.28152820467948914,0.23519635200500488,0.4671384394168854,0.6017270088195801,0.021512210369110107]",0.4414042830467224,"[0.4202063977718353,0.6119741201400757,0.5853061676025391,0.4728098511695862,0.11672495305538177]",0.3780384957790375,281.95196533203125,281.95196533203125,[81920],0.0,[81920],True,12,454.33734130859375,454.33734130859375,"[27,50,1024]",0.0,"[27,50,1024]",True,"[[[-0.39042073488235474,0.0880657210946083,-0.832572340965271,-0.03341270238161087,-0.06529431790113449,-0.058942005038261414,1.0068951845169067],[-0.40741002559661865,0.06635715812444687,-0.8304457068443298,-0.033706553280353546,-0.07829827815294266,-0.04196015000343323,1.0054267644882202],[-0.4568704664707184,0.029891476035118103,-0.8195466995239258,-0.056287359446287155,-0.06082253158092499,-0.052131906151771545,1.0079478025436401],[-0.4656805694103241,0.027786418795585632,-0.8145358562469482,-0.10120967775583267,-0.05328327417373657,-0.04972422495484352,1.0080718994140625],[-0.436579167842865,0.05881674587726593,-0.8019394278526306,-0.1534624993801117,-0.06377993524074554,-0.04061282426118851,1.0043857097625732]]]","[0.008274262771010399,0.16329146921634674,0.06614252179861069,0.032743632793426514,0.00017198965360876173,0.02524174563586712,4.4922671804670244e-05]",0.042272936552762985,"[0.08849000185728073,0.06311386078596115,0.035235658288002014,0.013911984860897064,0.010613171383738518]",30.112380696808966,0.0,46.955422968269254,0.0,8916442828729476527,46,1004.2927856445312,1004.2927856445312,"[1,27,256]",0.0,"[1,27,256]",True,49,0.75,99,libero_object,2,"[[[-0.22142904996871948,0.6947031021118164,-0.42441892623901367,-0.2659956216812134,-0.0820695161819458,-0.015930891036987305,0.9999990463256836],[-0.3428575396537781,0.5856688022613525,-0.5000002980232239,-0.2659956216812134,-0.06991147994995117,0.026546835899353027,0.9999990463256836],[-0.45357179641723633,0.3987530469894409,-0.6046513319015503,-0.2659956216812134,-0.06991147994995117,0.09026360511779785,0.9999990463256836],[-0.5035717487335205,0.21495270729064941,-0.7238373756408691,-0.20538973808288574,-0.06991147994995117,0.15398037433624268,0.9999990463256836],[-0.5214288830757141,0.1464167833328247,-0.7790699005126953,-0.12458193302154541,-0.07599043846130371,0.1999979019165039,0.9999990463256836]]]","[0.009611782617866993,0.10684243589639664,0.0579330138862133,0.035086989402770996,0.011699970811605453,0.04044982045888901,0.005413376726210117]",0.038148198276758194,"[0.07112995535135269,0.052589256316423416,0.030021047219634056,0.020958079025149345,0.016042659059166908]",48,B36
0.0,2.6847048502531834e-05,CC,C600,J,,A,224.05426025390625,224.05426025390625,"[1,10,256]",0.0,"[1,10,256]",True,12,617.9683227539062,617.9683227539062,"[51,10,256]",0.0,"[51,10,256]",True,"[0.013205639086663723,0.026278993114829063,0.015246140770614147,0.0005595312686637044,0.028989998623728752,0.014646032825112343,0.003716537728905678]",0.014663266949355602,"[0.022255996242165565,0.011717808432877064,0.008460775017738342,0.009488675743341446,0.02139308489859104]",0.10461936891078949,281.8937683105469,281.8937683105469,[81920],0.0,[81920],True,14,623.62060546875,623.62060546875,"[51,50,1024]",0.0,"[51,50,1024]",True,"[[[-0.15403349697589874,0.04525214433670044,-0.48352277278900146,-0.2741086184978485,-0.08604511618614197,-0.13590693473815918,-1.0086755752563477],[-0.17644503712654114,0.043469324707984924,-0.514953076839447,-0.2684074640274048,-0.09080354869365692,-0.1284785270690918,-1.0093543529510498],[-0.18972453474998474,0.033570513129234314,-0.5442216992378235,-0.28293541073799133,-0.09057778120040894,-0.11709711700677872,-1.0215568542480469],[-0.1884504109621048,0.023836001753807068,-0.5878079533576965,-0.2781025171279907,-0.08110836148262024,-0.09203638136386871,-1.0072360038757324],[-0.17575350403785706,-0.011412665247917175,-0.6438570618629456,-0.27335309982299805,-0.08523748815059662,-0.08986786007881165,-1.0134351253509521]]]","[0.011882777325809002,0.015746809542179108,0.014606038108468056,0.00011186071060365066,0.0002968250773847103,0.005530386697500944,0.00017206596385221928]",0.006906679831445217,"[0.008256731554865837,0.004859612789005041,0.0035602350253611803,0.006759892217814922,0.01109693106263876]",29.673677121558253,0.0,49.409458312567644,0.0,6673264783416593914,48,1402.853271484375,1402.853271484375,"[1,51,256]",0.0,"[1,51,256]",True,47,0.25,40,libero_object,4,"[[[-0.1285719871520996,-0.16199421882629395,-0.5523258447647095,-0.2659956216812134,-0.06991147994995117,-0.040709614753723145,-1.0],[-0.17142915725708008,-0.08099734783172607,-0.6162792444229126,-0.2659956216812134,-0.06991147994995117,-0.040709614753723145,-1.0],[-0.22857189178466797,0.0031147003173828125,-0.668604850769043,-0.2659956216812134,-0.06991147994995117,-0.040709614753723145,-1.0],[-0.3357146978378296,0.02180635929107666,-0.738372266292572,-0.2659956216812134,-0.06991147994995117,-0.040709614753723145,-1.0],[-0.3642861247062683,0.1277252435684204,-0.7848838567733765,-0.2659956216812134,-0.06991147994995117,-0.040709614753723145,-1.0]]]","[0.021229607984423637,0.009322396479547024,0.010305408388376236,0.0005112787475809455,0.031225254759192467,0.0008610311197116971,0.001659373170696199]",0.01073062140494585,"[0.013091851025819778,0.009895768947899342,0.010203000158071518,0.008516515605151653,0.011945975944399834]",46,B36
0.0,0.00011610056390054524,CC,C600,J,,A,224.05426025390625,224.05426025390625,"[1,10,256]",0.0,"[1,10,256]",True,12,617.9683227539062,617.9683227539062,"[51,10,256]",0.0,"[51,10,256]",True,"[0.12232216447591782,0.05749448016285896,0.009022248908877373,0.0004910762654617429,0.0008234305423684418,0.0007495243335142732,0.006162312813103199]",0.02815217711031437,"[0.01861673593521118,0.019309410825371742,0.024909161031246185,0.03334225341677666,0.04458332434296608]",0.03444213792681694,281.8937683105469,281.8937683105469,[81920],0.0,[81920],True,14,623.62060546875,623.62060546875,"[51,50,1024]",0.0,"[51,50,1024]",True,"[[[-0.3031063973903656,0.7837051749229431,-0.15280355513095856,-0.30750659108161926,-0.7654397487640381,-0.01602286659181118,1.0104299783706665],[-0.30296456813812256,0.787631094455719,-0.1754787415266037,-0.34847891330718994,-0.7887367606163025,-0.005911499261856079,1.0108411312103271],[-0.2881321609020233,0.7756605744361877,-0.25586163997650146,-0.3895503282546997,-0.7534499764442444,-0.014043889939785004,1.0078471899032593],[-0.26102331280708313,0.7777588963508606,-0.30249473452568054,-0.3928900957107544,-0.7499721646308899,-0.017053335905075073,1.0082595348358154],[-0.23045258224010468,0.7618001699447632,-0.37259718775749207,-0.3708409368991852,-0.7643578052520752,-0.022874776273965836,1.0195671319961548]]]","[0.20384645462036133,0.043960507959127426,0.00808363314718008,0.014998042955994606,0.2144436091184616,0.0012115180725231767,0.00014781884965486825]",0.06952736526727676,"[0.06485352665185928,0.07055671513080597,0.06786931306123734,0.06794273108243942,0.0764145627617836]",29.673677121558253,0.0,49.409458312567644,0.0,4112929797682724988,48,1402.853271484375,1402.853271484375,"[1,51,256]",0.0,"[1,51,256]",True,47,0.75,121,libero_object,4,"[[[0.10357069969177246,0.9906531572341919,-0.1133725643157959,-0.20538973808288574,-0.2826768159866333,-0.040709614753723145,0.9999990463256836],[0.13214218616485596,0.9906531572341919,-0.13953536748886108,-0.2188577651977539,-0.29483485221862793,-0.040709614753723145,0.9999990463256836],[0.17142772674560547,0.9906531572341919,-0.16860508918762207,-0.24579370021820068,-0.3191508650779724,-0.040709614753723145,0.9999990463256836],[0.21428489685058594,0.9844224452972412,-0.20930272340774536,-0.2659956216812134,-0.3252299427986145,-0.05840873718261719,0.9999990463256836],[0.2464277744293213,0.9781920909881592,-0.22674459218978882,-0.2659956216812134,-0.2887558937072754,-0.06548833847045898,0.9999990463256836]]]","[0.08165990561246872,0.05397476628422737,0.0010310920188203454,0.0002954710216727108,0.003535980824381113,0.0002687597880139947,0.0011555877281352878]",0.020274510607123375,"[0.013982977718114853,0.01411853265017271,0.018617650493979454,0.025682492181658745,0.02897089347243309]",46,B36
0.0,2.9760323741356842e-05,CC,C600,J,,B,225.6118621826172,225.6118621826172,"[1,10,256]",0.0,"[1,10,256]",True,12,472.8721923828125,472.8721923828125,"[30,10,256]",0.0,"[30,10,256]",True,"[0.19993095099925995,0.009676407091319561,0.07251662760972977,0.0016505559906363487,0.019615398719906807,0.022311478853225708,0.0070800320245325565]",0.04754021018743515,"[0.022463101893663406,0.026114145293831825,0.02890799008309841,0.06259062141180038,0.09762520343065262]",0.12990225851535797,281.9179992675781,281.9179992675781,[81920],0.0,[81920],True,14,477.9608459472656,477.9608459472656,"[30,50,1024]",0.0,"[30,50,1024]",True,"[[[-0.27717986702919006,0.014779575169086456,-0.7035797238349915,-0.2525351047515869,-0.16906516253948212,-0.011992678046226501,-1.0050525665283203],[-0.35024553537368774,-0.0004087015986442566,-0.7095330953598022,-0.26366135478019714,-0.17911435663700104,-0.014072578400373459,-1.008142113685608],[-0.3731391131877899,-0.012591944076120853,-0.7093034386634827,-0.25991353392601013,-0.1908162236213684,-0.014673478901386261,-1.0111780166625977],[-0.384207546710968,-0.02302597090601921,-0.708420991897583,-0.2704097628593445,-0.19163987040519714,-0.013496343046426773,-1.0204426050186157],[-0.41014593839645386,-0.030101457610726357,-0.6980994343757629,-0.2797965705394745,-0.20164385437965393,-0.01672787219285965,-1.0252927541732788]]]","[0.12091463804244995,0.0012821285054087639,0.027257204055786133,8.671538671478629e-05,0.02558349445462227,0.0010397372534498572,0.0002548788033891469]",0.025202685967087746,"[0.011060507036745548,0.014910203404724598,0.018955165520310402,0.0346071831882,0.04648037254810333]",30.40893244109169,0.0,52.33710137030544,0.0,6941690631084841007,46,1089.8846435546875,1089.8846435546875,"[1,30,256]",0.0,"[1,30,256]",True,49,0.25,39,libero_object,4,"[[[-0.38571470975875854,0.009345293045043945,-0.8895349502563477,-0.2659956216812134,-0.33738791942596436,-0.061948537826538086,-1.0],[-0.5285717248916626,0.02180635929107666,-0.9098837971687317,-0.2659956216812134,-0.3556249737739563,-0.040709614753723145,-1.0],[-0.6428573727607727,0.02180635929107666,-0.8953489065170288,-0.2659956216812134,-0.34346693754196167,-0.040709614753723145,-1.0],[-0.8321429491043091,0.02180635929107666,-0.8459303379058838,-0.2659956216812134,-0.33130890130996704,-0.040709614753723145,-1.0],[-0.9464285969734192,0.02180635929107666,-0.7877907752990723,-0.2659956216812134,-0.3617039918899536,-0.040709614753723145,-1.0]]]","[0.11298691481351852,0.0007156143547035754,0.07121383398771286,0.0014573322841897607,0.0008999217534437776,0.000662829726934433,0.0005819524521939456]",0.026931200176477432,"[0.013859388418495655,0.018338512629270554,0.0238312017172575,0.032557275146245956,0.04606962949037552]",48,B36
0.0,3.867164923576638e-05,CC,C600,J,,B,225.6118621826172,225.6118621826172,"[1,10,256]",0.0,"[1,10,256]",True,12,472.8721923828125,472.8721923828125,"[30,10,256]",0.0,"[30,10,256]",True,"[0.005031497683376074,0.12739107012748718,0.026917025446891785,0.01426717173308134,0.01612001843750477,0.015719303861260414,0.005717294290661812]",0.030166197568178177,"[0.043448127806186676,0.04058174788951874,0.028062161058187485,0.01934756338596344,0.019391385838389397]",0.056410543620586395,281.9179992675781,281.9179992675781,[81920],0.0,[81920],True,14,477.9608459472656,477.9608459472656,"[30,50,1024]",0.0,"[30,50,1024]",True,"[[[-0.09051001816987991,0.7036356329917908,-0.22309209406375885,-0.2826216518878937,-0.6138743758201599,-0.02882462739944458,1.00835382938385],[-0.13068583607673645,0.6486256718635559,-0.29959332942962646,-0.26700058579444885,-0.6425577998161316,-0.03180484473705292,1.0080530643463135],[-0.19697697460651398,0.5508631467819214,-0.4514312744140625,-0.24535001814365387,-0.6758596301078796,-0.03955589979887009,1.0004522800445557],[-0.20441721379756927,0.44611412286758423,-0.5573679208755493,-0.2229880392551422,-0.6458821296691895,-0.05461582541465759,1.001235842704773],[-0.19714553654193878,0.35110655426979065,-0.6373288631439209,-0.21121624112129211,-0.6224400401115417,-0.05746962130069733,1.000777244567871]]]","[0.009697332046926022,0.08592518419027328,0.016824712976813316,0.014082788489758968,0.33392754197120667,0.00013923189544584602,2.7402056730352342e-05]",0.06580344587564468,"[0.053675442934036255,0.06035154312849045,0.07293301820755005,0.06967909634113312,0.07237818092107773]",30.40893244109169,0.0,52.33710137030544,0.0,7799883917981918442,46,1089.8846435546875,1089.8846435546875,"[1,30,256]",0.0,"[1,30,256]",True,49,0.75,116,libero_object,4,"[[[-6.556510925292969e-07,0.9563851356506348,-0.13953536748886108,-0.30639952421188354,-0.06991147994995117,-0.040709614753723145,0.9999990463256836],[-0.02857208251953125,0.9190021753311157,-0.23255854845046997,-0.3468034863471985,-0.06991147994995117,-0.040709614753723145,0.9999990463256836],[-0.0750005841255188,0.8504661321640015,-0.302325963973999,-0.3737393617630005,-0.06991147994995117,-0.040709614753723145,0.9999990463256836],[-0.11428624391555786,0.7445472478866577,-0.4098840355873108,-0.3737393617630005,-0.05775344371795654,-0.040709614753723145,0.9999990463256836],[-0.11428624391555786,0.6884726285934448,-0.46802353858947754,-0.3670054078102112,-0.04559546709060669,-0.040709614753723145,0.9999990463256836]]]","[0.002839769469574094,0.10490938276052475,0.01818758249282837,0.012990879826247692,0.012007385492324829,0.014027426019310951,0.0023088089656084776]",0.02389589138329029,"[0.03478838503360748,0.03244393318891525,0.02201240509748459,0.015106218867003918,0.01512851845473051]",48,B36
0.0,0.0001828089589253068,CC,C600,J,,A,139.6105499267578,139.6105499267578,"[1,7,256]",0.0,"[1,7,256]",True,25,370.7861328125,370.7861328125,"[26,7,256]",0.0,"[26,7,256]",True,"[0.15419094264507294,0.03084947168827057,0.03668343648314476,0.06811269372701645,0.022315651178359985,0.06036030873656273,0.0014073022175580263]",0.05341711640357971,"[0.05940802022814751,0.05369867384433746,0.05575251579284668,0.04469893127679825,0.05352744832634926]",0.05209899693727493,281.968505859375,281.968505859375,[81920],0.0,[81920],True,20,443.20751953125,443.20751953125,"[26,50,1024]",0.0,"[26,50,1024]",True,"[[[-0.30746936798095703,-0.16160187125205994,-0.3882767856121063,-0.985458254814148,0.7427662014961243,0.9450674057006836,-1.0031887292861938],[-0.3004070222377777,-0.1735045611858368,-0.42639079689979553,-1.0469977855682373,0.7418322563171387,0.9237488508224487,-1.0088812112808228],[-0.282475084066391,-0.1973259449005127,-0.4659559428691864,-1.08738112449646,0.7521548271179199,0.9081417322158813,-1.00726318359375],[-0.2606494426727295,-0.20251776278018951,-0.488034725189209,-1.1224682331085205,0.8060615062713623,0.8887047171592712,-1.0137625932693481],[-0.22871410846710205,-0.2080877423286438,-0.5051591396331787,-1.149660348892212,0.8965162038803101,0.8662010431289673,-1.016599416732788]]]","[0.12175296992063522,0.044595301151275635,0.049558550119400024,0.04718824848532677,0.04310676082968712,0.027415508404374123,0.00012134946882724762]",0.04767695814371109,"[0.03608904033899307,0.04155982285737991,0.05023879185318947,0.0542287603020668,0.056268371641635895]",34.01136729307572,0.0,37.221306160606474,0.0,3228420230932740579,48,891.9129638671875,891.9129638671875,"[1,26,256]",0.0,"[1,26,256]",True,47,0.25,31,libero_goal,0,"[[[0.07499933242797852,0.02180635929107666,-0.2034887671470642,-0.8922562599182129,0.7629129886627197,0.7734483480453491,-1.0],[0.07499933242797852,0.02180635929107666,-0.2151166796684265,-0.8855222463607788,0.8601770401000977,0.7592891454696655,-1.0],[0.07499933242797852,0.02180635929107666,-0.2296515703201294,-0.8720543384552002,0.9635201692581177,0.738050103187561,-1.0],[0.06785643100738525,0.02180635929107666,-0.2500004172325134,-0.8653203248977661,1.0729424953460693,0.7238909006118774,-1.0],[0.0642850399017334,0.02180635929107666,-0.2674422860145569,-0.8518523573875427,1.188443660736084,0.7097315788269043,-1.0]]]","[0.019252901896834373,0.012589464895427227,0.008025418035686016,0.0007041653734631836,0.07614942640066147,0.031331297010183334,0.0002888004237320274]",0.021191637963056564,"[0.009242892265319824,0.01136466022580862,0.021519649773836136,0.022002780809998512,0.0418282188475132]",46,B36
0.0,0.00012693076860159636,CC,C600,J,,A,139.6105499267578,139.6105499267578,"[1,7,256]",0.0,"[1,7,256]",True,25,370.7861328125,370.7861328125,"[26,7,256]",0.0,"[26,7,256]",True,"[0.03019239380955696,0.018759960308670998,0.04024128243327141,0.05465593561530113,0.0005659132730215788,0.006307301577180624,0.00036654210998676717]",0.02158418856561184,"[0.018675364553928375,0.01645234227180481,0.016409991309046745,0.020094282925128937,0.036288972944021225]",0.06862670928239822,281.968505859375,281.968505859375,[81920],0.0,[81920],True,20,443.20751953125,443.20751953125,"[26,50,1024]",0.0,"[26,50,1024]",True,"[[[-0.14701315760612488,0.6309546828269958,-0.6778555512428284,0.4720059037208557,-0.03344040364027023,-0.21491889655590057,-1.0177528858184814],[-0.18065015971660614,0.8695161938667297,-0.7446295022964478,0.2795252501964569,-0.03885834664106369,-0.16750454902648926,-1.0181111097335815],[-0.2101360708475113,1.040856957435608,-0.8020727038383484,0.11148739606142044,-0.05184025689959526,-0.1484527587890625,-1.023193359375],[-0.21780464053153992,1.1569604873657227,-0.8351297378540039,-0.010379783809185028,-0.06226515769958496,-0.13218218088150024,-1.0259239673614502],[-0.2172430157661438,1.218572735786438,-0.849992036819458,-0.1073911190032959,-0.05424271523952484,-0.12625232338905334,-1.0321685075759888]]]","[0.1221068874001503,0.027352390810847282,0.06800084561109543,0.24276018142700195,0.0005849964800290763,0.014743841253221035,0.0005775947938673198]",0.0680181086063385,"[0.11507183313369751,0.07588054984807968,0.051905013620853424,0.04862988367676735,0.048603251576423645]",34.01136729307572,0.0,37.221306160606474,0.0,166261170614490845,48,891.9129638671875,891.9129638671875,"[1,26,256]",0.0,"[1,26,256]",True,47,0.75,94,libero_goal,0,"[[[-0.46071457862854004,0.5763231515884399,-1.034883737564087,-0.2659956216812134,-0.06991147994995117,-0.040709614753723145,-1.0],[-0.5071431398391724,0.7102794647216797,-1.034883737564087,-0.2659956216812134,-0.06991147994995117,-0.040709614753723145,-1.0],[-0.5500003099441528,0.8442357778549194,-1.034883737564087,-0.2659956216812134,-0.06991147994995117,-0.040709614753723145,-1.0],[-0.5892859697341919,0.9563851356506348,-1.034883737564087,-0.3468034863471985,-0.06991147994995117,-0.040709614753723145,-1.0],[-0.6071431040763855,1.0467278957366943,-1.034883737564087,-0.4478132128715515,-0.06991147994995117,-0.040709614753723145,-1.0]]]","[0.008550319820642471,0.024114621803164482,0.0780378207564354,0.00526000838726759,4.735370384878479e-05,0.023526858538389206,0.0003912943066097796]",0.019989755004644394,"[0.01277997251600027,0.015620715916156769,0.018688451498746872,0.02122313342988491,0.03163650259375572]",46,B36
0.0,8.597342093707994e-05,CC,C600,J,,B,143.7044219970703,143.7044219970703,"[1,7,256]",0.0,"[1,7,256]",True,25,406.7914123535156,406.7914123535156,"[30,7,256]",0.0,"[30,7,256]",True,"[0.24573051929473877,0.003944906871765852,0.03393658250570297,0.2033480405807495,0.24020002782344818,0.12992356717586517,0.00022096837346907705]",0.12247208505868912,"[0.11491850763559341,0.12363217771053314,0.11596282571554184,0.135457843542099,0.12238910794258118]",0.0777226909995079,281.9601135253906,281.9601135253906,[81920],0.0,[81920],True,20,479.3243103027344,479.3243103027344,"[30,50,1024]",0.0,"[30,50,1024]",True,"[[[0.08308714628219604,-0.09433713555335999,-0.16725066304206848,-0.7514866590499878,0.9607296586036682,0.5955923795700073,-1.0110307931900024],[-0.0009355824440717697,-0.0906197801232338,-0.1877078413963318,-0.7250229716300964,1.0506324768066406,0.619175136089325,-1.0051262378692627],[-0.052727535367012024,-0.09020592272281647,-0.20539595186710358,-0.6892876029014587,1.1506245136260986,0.6399011015892029,-1.0100127458572388],[-0.07547637820243835,-0.08719797432422638,-0.21604472398757935,-0.6541904211044312,1.226864218711853,0.6467212438583374,-1.004218578338623],[-0.09693007171154022,-0.08937059342861176,-0.227219820022583,-0.6326357126235962,1.2823060750961304,0.6487156748771667,-1.0118827819824219]]]","[0.16789276897907257,0.005862835329025984,0.003422517329454422,0.31064626574516296,0.41956624388694763,0.01410647202283144,8.144173625623807e-05]",0.1316540688276291,"[0.07653901726007462,0.10632286965847015,0.13649830222129822,0.1624312400817871,0.17647896707057953]",33.889269775758564,0.0,37.582409907491886,0.0,1347094762221098555,46,947.4830932617188,947.4830932617188,"[1,30,256]",0.0,"[1,30,256]",True,49,0.25,32,libero_goal,0,"[[[0.3857133388519287,-0.031153202056884766,-0.14534932374954224,-1.2087535858154297,0.4893573522567749,0.5044221878051758,-1.0],[0.3857133388519287,-0.021807432174682617,-0.14534932374954224,-1.2289555072784424,0.48327839374542236,0.5079621076583862,-1.0],[0.37857067584991455,-0.012461602687835693,-0.14534932374954224,-1.242423415184021,0.4893573522567749,0.5115017890930176,-1.0],[0.37499916553497314,-0.006231069564819336,-0.14534932374954224,-1.2626254558563232,0.49543654918670654,0.515041708946228,-1.0],[0.3607133626937866,-5.364418029785156e-07,-0.1482563018798828,-1.2760933637619019,0.5197525024414062,0.5221213102340698,-1.0]]]","[0.13548794388771057,0.0025419513694941998,0.014409410767257214,0.05038648843765259,0.04170053079724312,0.13963288068771362,9.8880183941219e-05]",0.054894011467695236,"[0.056004319339990616,0.058047715574502945,0.05243398994207382,0.05551311373710632,0.05247092619538307]",48,B36
0.0,0.0002150209911633283,CC,C600,J,,B,143.7044219970703,143.7044219970703,"[1,7,256]",0.0,"[1,7,256]",True,25,406.7914123535156,406.7914123535156,"[30,7,256]",0.0,"[30,7,256]",True,"[0.12340356409549713,0.9136552810668945,0.13738378882408142,0.035925161093473434,0.016995279118418694,0.041757650673389435,0.0008220878662541509]",0.18142041563987732,"[0.18236450850963593,0.18162056803703308,0.19641095399856567,0.17413409054279327,0.17257192730903625]",0.05127880722284317,281.9601135253906,281.9601135253906,[81920],0.0,[81920],True,20,479.3243103027344,479.3243103027344,"[30,50,1024]",0.0,"[30,50,1024]",True,"[[[-0.5838380455970764,-0.7403651475906372,-0.3945821225643158,0.3533742427825928,0.2503680884838104,-0.26246941089630127,-1.0111634731292725],[-0.6344606280326843,-0.7039580941200256,-0.43270209431648254,0.32595378160476685,0.34829646348953247,-0.2362251728773117,-1.0150865316390991],[-0.670249342918396,-0.675746500492096,-0.48543572425842285,0.3042164742946625,0.3773379325866699,-0.21807396411895752,-1.0142745971679688],[-0.7026287913322449,-0.6020097732543945,-0.5613836050033569,0.2663254737854004,0.41156625747680664,-0.17953062057495117,-1.0115653276443481],[-0.6965099573135376,-0.5356536507606506,-0.6777223348617554,0.23501843214035034,0.3878657817840576,-0.1450255811214447,-1.012209177017212]]]","[0.27237120270729065,1.3056011199951172,0.21882152557373047,0.05228012800216675,0.16635984182357788,0.00272045168094337,0.00016776230768300593]",0.2883317172527313,"[0.25005531311035156,0.28335705399513245,0.3123652935028076,0.3016829490661621,0.29419809579849243]",33.889269775758564,0.0,37.582409907491886,0.0,8043149644140822759,46,947.4830932617188,947.4830932617188,"[1,30,256]",0.0,"[1,30,256]",True,49,0.75,95,libero_goal,0,"[[[-0.1285719871520996,0.30841052532196045,-1.0290697813034058,0.2929251194000244,0.07598471641540527,-0.1823022961616516,-1.0],[-0.1285719871520996,0.40498363971710205,-0.9941860437393188,0.1851813793182373,-0.051674485206604004,-0.1858420968055725,-1.0],[-0.1285719871520996,0.5264788866043091,-0.9244186878204346,0.07070362567901611,-0.06991147994995117,-0.20000135898590088,-1.0],[-0.1285719871520996,0.5607467889785767,-0.9156977534294128,-0.003370225429534912,-0.06991147994995117,-0.1823022961616516,-1.0],[-0.17142915725708008,0.6479741334915161,-0.9186047315597534,-0.09764605760574341,-0.06991147994995117,-0.21062082052230835,-1.0]]]","[0.07313846796751022,0.053645141422748566,0.059896666556596756,0.0757015272974968,0.010787899605929852,0.07948830723762512,6.521117029478773e-05]",0.05038903281092644,"[0.0717327818274498,0.05766022205352783,0.043716106563806534,0.038785990327596664,0.040050067007541656]",48,B36
0.0,0.0003731234755832702,CC,C600,J,,A,177.7373504638672,177.7373504638672,"[1,9,256]",0.0,"[1,9,256]",True,20,528.6979370117188,528.6979370117188,"[29,9,256]",0.0,"[29,9,256]",True,"[0.2571997344493866,0.0159867312759161,0.027728641405701637,0.012567724101245403,0.026341576129198074,0.0002278014289913699,0.00022487177920993418]",0.04861101135611534,"[0.02594507671892643,0.023787515237927437,0.051101598888635635,0.06720715761184692,0.07501371949911118]",0.0971948653459549,281.9852600097656,281.9852600097656,[81920],0.0,[81920],True,25,467.0633239746094,467.0633239746094,"[29,50,1024]",0.0,"[29,50,1024]",True,"[[[-0.38637688755989075,-0.032871123403310776,-0.8929924964904785,-0.2336895614862442,-0.27796000242233276,-0.03452778607606888,-1.0023425817489624],[-0.39019376039505005,-0.028088949620723724,-0.8884111642837524,-0.2250584214925766,-0.2728554308414459,-0.044647183269262314,-1.005297303199768],[-0.3616158664226532,-0.03512305021286011,-0.8828758001327515,-0.23647655546665192,-0.24638457596302032,-0.045207489281892776,-1.004296898841858],[-0.3299379050731659,-0.029802020639181137,-0.8610827922821045,-0.22791913151741028,-0.21457423269748688,-0.040754519402980804,-1.0153371095657349],[-0.3240075707435608,-0.019116170704364777,-0.823265016078949,-0.23563900589942932,-0.18893153965473175,-0.05499342828989029,-1.0149182081222534]]]","[0.11328461021184921,0.0015471813967451453,0.028066536411643028,0.0010130166774615645,0.004240208771079779,5.559593773796223e-05,0.00010195845970883965]",0.021187016740441322,"[0.015706395730376244,0.019340533763170242,0.02315208502113819,0.02453189715743065,0.023204175755381584]",36.127825286627775,0.0,43.568714548120816,0.0,2197700932143374439,48,1036.808349609375,1036.808349609375,"[1,29,256]",0.0,"[1,29,256]",True,47,0.25,35,libero_goal,5,"[[[-0.110714852809906,-0.1059194803237915,-0.758721113204956,-0.24579370021820068,-0.3799409866333008,-0.040709614753723145,-1.0],[-0.07142913341522217,-0.05919051170349121,-0.7296513319015503,-0.2659956216812134,-0.3495458960533142,-0.040709614753723145,-1.0],[-0.010714948177337646,-0.028037965297698975,-0.697674572467804,-0.2659956216812134,-0.30699288845062256,-0.040709614753723145,-1.0],[0.03214216232299805,-5.364418029785156e-07,-0.668604850769043,-0.2659956216812134,-0.2462027668952942,-0.040709614753723145,-1.0],[0.042856454849243164,0.0031147003173828125,-0.6627908945083618,-0.2659956216812134,-0.17325466871261597,-0.040709614753723145,-1.0]]]","[0.062316395342350006,0.010584688745439053,0.0028051920235157013,0.01816125214099884,0.005063911434262991,0.00018800620455294847,8.889091986929998e-05]",0.014172619208693504,"[0.004425602965056896,0.005981342401355505,0.012206043116748333,0.02032856084406376,0.027921544387936592]",46,B36
0.0,0.0009741712710820138,CC,C600,J,,A,177.7373504638672,177.7373504638672,"[1,9,256]",0.0,"[1,9,256]",True,20,528.6979370117188,528.6979370117188,"[29,9,256]",0.0,"[29,9,256]",True,"[0.10359764099121094,1.2457554340362549,0.044977542012929916,0.401191383600235,0.014124772511422634,0.08309471607208252,0.002712072106078267]",0.2707791030406952,"[0.34983018040657043,0.32122939825057983,0.2897435128688812,0.21114091575145721,0.18195144832134247]",0.18279846012592316,281.9852600097656,281.9852600097656,[81920],0.0,[81920],True,25,467.0633239746094,467.0633239746094,"[29,50,1024]",0.0,"[29,50,1024]",True,"[[[-0.41291067004203796,-0.3309239447116852,-0.6134148240089417,-0.6288665533065796,-0.07418523728847504,0.19851990044116974,-1.0117526054382324],[-0.3713054358959198,-0.33413368463516235,-0.5756188631057739,-0.6071927547454834,-0.06179342418909073,0.15396443009376526,-1.002275824546814],[-0.3245268166065216,-0.371137797832489,-0.4958728551864624,-0.5611920952796936,-0.030942188575863838,0.11369601637125015,-1.0068809986114502],[-0.2838938236236572,-0.3578517436981201,-0.3773890435695648,-0.5142794847488403,0.018407687544822693,0.04798271507024765,-1.0137375593185425],[-0.26365840435028076,-0.3475463390350342,-0.295660138130188,-0.49200502038002014,0.010036662220954895,0.019543398171663284,-1.0126049518585205]]]","[0.13118024170398712,1.9290227890014648,0.009455139748752117,0.13810919225215912,0.00699320575222373,0.026093319058418274,0.00010765132174128667]",0.3201373517513275,"[0.3213530480861664,0.3186285197734833,0.32892221212387085,0.31866440176963806,0.31311875581741333]",36.127825286627775,0.0,43.568714548120816,0.0,7313767176395743740,48,1036.808349609375,1036.808349609375,"[1,29,256]",0.0,"[1,29,256]",True,47,0.75,104,libero_goal,5,"[[[-0.6857144832611084,1.0467278957366943,-0.485465407371521,-0.18518781661987305,-0.15501761436462402,-0.040709614753723145,-1.0],[-0.6857144832611084,1.0436127185821533,-0.47674447298049927,-0.18518781661987305,-0.14893865585327148,-0.040709614753723145,-1.0],[-0.6821430921554565,1.0436127185821533,-0.4622095823287964,-0.18518781661987305,-0.11246448755264282,-0.040709614753723145,-1.0],[-0.6892858743667603,1.0373821258544922,-0.44186079502105713,-0.19865578413009644,-0.06991147994995117,-0.040709614753723145,-1.0],[-0.7000001668930054,1.031151533126831,-0.4215119481086731,-0.2188577651977539,-0.06991147994995117,-0.040709614753723145,-1.0]]]","[0.026499658823013306,0.7289415597915649,0.002839384600520134,0.004203008487820625,0.041042622178792953,0.00045652478002011776,0.0011108035687357187]",0.11501335352659225,"[0.12332544475793839,0.11201594024896622,0.11716581135988235,0.10798317193984985,0.11457643657922745]",46,B36
0.0,0.0003189491108059883,CC,C600,J,,B,177.32891845703125,177.32891845703125,"[1,9,256]",0.0,"[1,9,256]",True,20,603.599853515625,603.599853515625,"[38,9,256]",0.0,"[38,9,256]",True,"[0.010231845080852509,0.017969226464629173,0.11217372864484787,0.18652722239494324,0.03616763651371002,0.010438193567097187,0.0009050879743881524]",0.05348756164312363,"[0.02985174022614956,0.03312011435627937,0.04574676975607872,0.06257034838199615,0.09614883363246918]",0.051678869873285294,281.9830627441406,281.9830627441406,[81920],0.0,[81920],True,25,534.65869140625,534.65869140625,"[38,50,1024]",0.0,"[38,50,1024]",True,"[[[-0.31296083331108093,0.07980524003505707,-0.7072533369064331,0.08435714989900589,-0.1571110188961029,-0.056667014956474304,-0.997143566608429],[-0.3468632102012634,0.09242812544107437,-0.6983098983764648,0.036947593092918396,-0.1541108936071396,-0.03697177767753601,-0.9920281767845154],[-0.3499205410480499,0.1723526269197464,-0.657132089138031,-0.03578610345721245,-0.14406520128250122,-0.044068288058042526,-0.9960025548934937],[-0.29316985607147217,0.2931457459926605,-0.5755410194396973,-0.11594364047050476,-0.13400009274482727,-0.04552002623677254,-1.003729224205017],[-0.2618524134159088,0.38462910056114197,-0.49590978026390076,-0.16590966284275055,-0.11650171130895615,-0.061694175004959106,-1.0092332363128662]]]","[0.0015781449619680643,0.030799051746726036,0.0522400438785553,0.10464785248041153,0.0052940151654183865,0.0028342322912067175,3.736970393219963e-05]",0.028204387053847313,"[0.023601386696100235,0.02142545022070408,0.02172597497701645,0.02945459820330143,0.04481453821063042]",36.51057173205799,0.0,44.74769419635593,0.0,5172841219135816146,46,1187.4407958984375,1187.4407958984375,"[1,38,256]",0.0,"[1,38,256]",True,49,0.25,29,libero_goal,5,"[[[-0.2857147455215454,0.02180635929107666,-0.8575582504272461,-0.2659956216812134,-0.06991147994995117,0.033626556396484375,-1.0],[-0.2964290380477905,0.04361319541931152,-0.8459303379058838,-0.29966557025909424,-0.06991147994995117,0.015927433967590332,-1.0],[-0.2857147455215454,0.06230473518371582,-0.8459303379058838,-0.3400694727897644,-0.06991147994995117,0.0017682313919067383,-1.0],[-0.28214335441589355,0.07476580142974854,-0.8517442941665649,-0.39394134283065796,-0.06991147994995117,-0.019470691680908203,-1.0],[-0.24285763502120972,0.0872267484664917,-0.8197675347328186,-0.5084190368652344,-0.06991147994995117,-0.040709614753723145,-1.0]]]","[0.06400147825479507,0.00441519683226943,0.016981210559606552,0.045541729778051376,0.058052804321050644,0.008219273760914803,0.00031849206425249577]",0.028218597173690796,"[0.021701278164982796,0.019437452778220177,0.025537211447954178,0.03213411942124367,0.04228292778134346]",48,B36
0.0,0.0014017531648278236,CC,C600,J,,B,177.32891845703125,177.32891845703125,"[1,9,256]",0.0,"[1,9,256]",True,20,603.599853515625,603.599853515625,"[38,9,256]",0.0,"[38,9,256]",True,"[0.028205959126353264,0.4455028474330902,1.0744954347610474,0.02882956527173519,0.35052356123924255,0.018045902252197266,0.002102962927892804]",0.278243750333786,"[0.529754638671875,0.4379931092262268,0.280560702085495,0.08955000340938568,0.053360309451818466]",0.09669464081525803,281.9830627441406,281.9830627441406,[81920],0.0,[81920],True,25,534.65869140625,534.65869140625,"[38,50,1024]",0.0,"[38,50,1024]",True,"[[[-0.9752525687217712,-0.12430775165557861,-1.0062469244003296,-0.16875067353248596,-0.6517995595932007,-0.020487837493419647,-0.9901567101478577],[-0.9706301689147949,-0.08055847138166428,-0.9736804962158203,-0.16133202612400055,-0.6048985123634338,-0.00587087869644165,-1.0005993843078613],[-1.0161724090576172,0.006239548325538635,-0.8935413956642151,-0.10627568513154984,-0.5166788101196289,-0.009731143712997437,-1.002142071723938],[-1.034001111984253,0.15770363807678223,-0.7534278631210327,-0.04245201498270035,-0.3645942807197571,-0.00895971804857254,-0.9982115626335144],[-1.023483395576477,0.270507276058197,-0.6391441822052002,-0.028899848461151123,-0.2930658161640167,-0.012279657647013664,-0.9988974928855896]]]","[0.06824954599142075,0.9695915579795837,0.477180540561676,0.030421534553170204,0.12322171032428741,0.0008797284099273384,2.1250425561447628e-05]",0.238509401679039,"[0.30535098910331726,0.29805880784988403,0.2573125958442688,0.1868487000465393,0.14497597515583038]",36.51057173205799,0.0,44.74769419635593,0.0,5635482954592866291,46,1187.4407958984375,1187.4407958984375,"[1,38,256]",0.0,"[1,38,256]",True,49,0.75,87,libero_goal,5,"[[[-0.8285714983940125,0.999998927116394,-0.1802329421043396,-0.2659956216812134,-0.2522818446159363,-0.040709614753723145,-1.0],[-0.7750001549720764,1.0155751705169678,-0.16860508918762207,-0.2659956216812134,-0.17325466871261597,-0.040709614753723145,-1.0],[-0.7392858862876892,1.021805763244629,-0.17732608318328857,-0.2659956216812134,-0.12462258338928223,-0.040709614753723145,-1.0],[-0.7250001430511475,1.031151533126831,-0.17732608318328857,-0.2659956216812134,-0.10638552904129028,-0.040709614753723145,-1.0],[-0.6928573846817017,1.0373821258544922,-0.1802329421043396,-0.2659956216812134,-0.06991147994995117,-0.040709614753723145,-1.0]]]","[0.05937330797314644,0.9135012030601501,0.11115985363721848,0.005560589022934437,0.0200471431016922,0.0013470895355567336,0.0026751996483653784]",0.159094899892807,"[0.1580183506011963,0.16182094812393188,0.15898914635181427,0.1532009392976761,0.16344515979290009]",48,B36
0.0,6.649064744124189e-05,CC,C600,J,,A,214.11643981933594,214.11643981933594,"[1,19,256]",0.0,"[1,19,256]",True,37,715.5062866210938,715.5062866210938,"[48,19,256]",0.0,"[48,19,256]",True,"[0.04027416929602623,0.07078848034143448,0.046145960688591,0.17288154363632202,0.019014321267604828,0.0008572524529881775,0.0019773782696574926]",0.050277017056941986,"[0.02255403622984886,0.040481604635715485,0.058777958154678345,0.06228277087211609,0.06728871911764145]",0.12344096601009369,281.7353515625,281.7353515625,[81920],0.0,[81920],True,34,604.513916015625,604.513916015625,"[48,50,1024]",0.0,"[48,50,1024]",True,"[[[0.4498373866081238,-0.4887382388114929,-0.13247348368167877,-0.32465922832489014,-0.2709738314151764,-0.05135751888155937,1.0198967456817627],[0.41198769211769104,-0.45784613490104675,-0.15442737936973572,-0.32001811265945435,-0.28053197264671326,-0.05394216254353523,1.0079652070999146],[0.3482992947101593,-0.4213251769542694,-0.17470039427280426,-0.30184561014175415,-0.3085125684738159,-0.046799466013908386,1.0144999027252197],[0.26344767212867737,-0.4065384268760681,-0.22909726202487946,-0.30217260122299194,-0.37410375475883484,-0.05199054628610611,1.0160102844238281],[0.17230553925037384,-0.36036840081214905,-0.294438898563385,-0.2967647910118103,-0.4470623731613159,-0.043328821659088135,1.0087745189666748]]]","[0.0014605926116928458,0.06714797019958496,0.012875261716544628,0.1323554813861847,0.026261424645781517,9.193682490149513e-05,0.00020060432143509388]",0.03434189409017563,"[0.013867149129509926,0.02656419202685356,0.03690299019217491,0.04325011745095253,0.05112503468990326]",25.48898044606414,0.0,31.608240876802263,0.0,7570421501061691922,48,1219.9007568359375,1219.9007568359375,"[1,48,256]",0.0,"[1,48,256]",True,47,0.25,68,libero_10,4,"[[[0.4535706043243408,-0.6542057991027832,-0.017442405223846436,-0.09091198444366455,-0.30699288845062256,-0.040709614753723145,0.9999990463256836],[0.37142765522003174,-0.7009347081184387,-0.017442405223846436,0.0033638477325439453,-0.24012374877929688,-0.040709614753723145,0.9999990463256836],[0.31428492069244385,-0.7102804780006409,-0.08430278301239014,0.09090554714202881,-0.20364969968795776,-0.040709614753723145,0.9999990463256836],[0.26428496837615967,-0.6915888786315918,-0.13372141122817993,0.11784148216247559,-0.1854127049446106,-0.040709614753723145,0.9999990463256836],[0.23928487300872803,-0.6510905027389526,-0.17151212692260742,0.11784148216247559,-0.16109663248062134,-0.040709614753723145,0.9999990463256836]]]","[0.13287214934825897,0.04419234022498131,0.0010232095373794436,0.057676371186971664,0.045554451644420624,0.000768514524679631,0.0004627965099643916]",0.040364257991313934,"[0.029785994440317154,0.03473460301756859,0.0486207976937294,0.04644174501299858,0.04223816841840744]",46,B36
0.0,4.2395436139486264e-06,CC,C600,J,,A,214.11643981933594,214.11643981933594,"[1,19,256]",0.0,"[1,19,256]",True,37,715.5062866210938,715.5062866210938,"[48,19,256]",0.0,"[48,19,256]",True,"[0.08398406952619553,0.0015404722653329372,0.025579964742064476,0.0019283838337287307,0.00549100898206234,0.03390226885676384,0.004410388879477978]",0.022405223920941353,"[0.02276071347296238,0.02467290498316288,0.016934974119067192,0.02036946266889572,0.02728806622326374]",0.07516872882843018,281.7353515625,281.7353515625,[81920],0.0,[81920],True,34,604.513916015625,604.513916015625,"[48,50,1024]",0.0,"[48,50,1024]",True,"[[[-0.6533884406089783,-0.0024297721683979034,-0.591596245765686,-0.28084805607795715,-0.03058868646621704,-0.04413440078496933,-1.0137158632278442],[-0.6162808537483215,0.0064497292041778564,-0.5709261894226074,-0.27523908019065857,-0.040426310151815414,-0.047936707735061646,-1.0246962308883667],[-0.5722939372062683,-0.028512686491012573,-0.5444843173027039,-0.2720016837120056,-0.05536413937807083,-0.08354216814041138,-1.0196404457092285],[-0.5157663822174072,-0.020758673548698425,-0.49637576937675476,-0.2642275393009186,-0.0632588267326355,-0.08036472648382187,-1.0078721046447754],[-0.4332527816295624,-0.00031805862090550363,-0.44805556535720825,-0.25420063734054565,-0.047391876578330994,-0.10834567248821259,-1.0314046144485474]]]","[0.02033752016723156,0.00032780508627183735,0.005301437806338072,9.687137935543433e-05,0.0019514973973855376,0.003204670501872897,0.00044639912084676325]",0.0045237429440021515,"[0.0028795565012842417,0.004110448062419891,0.0046951863914728165,0.00464898906648159,0.0062845367938280106]",25.48898044606414,0.0,31.608240876802263,0.0,5052251981188736845,48,1219.9007568359375,1219.9007568359375,"[1,48,256]",0.0,"[1,48,256]",True,47,0.75,206,libero_10,4,"[[[-0.7464287281036377,0.02180635929107666,-0.5901165008544922,-0.2659956216812134,-0.0820695161819458,-0.1327449083328247,-1.0],[-0.7571430206298828,-0.003115832805633545,-0.5901165008544922,-0.2659956216812134,-0.0820695161819458,-0.12566518783569336,-1.0],[-0.7392858862876892,-0.006231069564819336,-0.593023419380188,-0.2659956216812134,-0.0820695161819458,-0.11504578590393066,-1.0],[-0.6642858982086182,-0.006231069564819336,-0.5872094631195068,-0.2659956216812134,-0.10638552904129028,-0.09026700258255005,-1.0],[-0.58571457862854,0.015575766563415527,-0.5726746916770935,-0.2659956216812134,-0.10030657052993774,-0.07610780000686646,-1.0]]]","[0.14468924701213837,0.0003155862505082041,0.045414287596940994,0.002262942958623171,0.003135351464152336,0.004870628006756306,0.3321021497249603]",0.07611288130283356,"[0.02519354782998562,0.034130606800317764,0.04808695614337921,0.10095260292291641,0.17220072448253632]",46,B36
0.0,4.4406783672457095e-06,CC,C600,J,,B,213.35214233398438,213.35214233398438,"[1,19,256]",0.0,"[1,19,256]",True,37,713.7665405273438,713.7665405273438,"[48,19,256]",0.0,"[48,19,256]",True,"[0.03549349308013916,0.00908595323562622,0.0377553291618824,0.000362141989171505,0.0017151288921013474,0.0009089756058529019,0.45627090334892273]",0.07737027853727341,"[0.06983473151922226,0.0721488818526268,0.07189478725194931,0.0780668556690216,0.09490612149238586]",0.051640309393405914,281.7372741699219,281.7372741699219,[81920],0.0,[81920],True,34,604.3689575195312,604.3689575195312,"[48,50,1024]",0.0,"[48,50,1024]",True,"[[[-0.3608057498931885,-0.045481566339731216,-0.4489284157752991,0.04598378390073776,-0.0992317870259285,0.15595167875289917,-1.0168776512145996],[-0.42380866408348083,-0.04273991286754608,-0.45150911808013916,0.01128903403878212,-0.1287807822227478,0.16252106428146362,-1.0055475234985352],[-0.4648408889770508,-0.02557086944580078,-0.4451026916503906,-0.02637822926044464,-0.1467539668083191,0.1542128026485443,-1.010785460472107],[-0.5064753890037537,0.008997149765491486,-0.42694157361984253,-0.0928989052772522,-0.1406160295009613,0.14528416097164154,-1.0158874988555908],[-0.5560213923454285,0.028879866003990173,-0.4322206974029541,-0.15832434594631195,-0.14398512244224548,0.15709275007247925,-1.0088307857513428]]]","[0.11472851037979126,0.012704852037131786,0.15394678711891174,0.054638005793094635,0.003995847888290882,0.038338515907526016,0.00015247034025378525]",0.05407213792204857,"[0.0592225044965744,0.060042813420295715,0.05466520041227341,0.0486222580075264,0.04780793562531471]",25.134588177071116,0.0,30.640718023640208,0.0,1750272122191094264,46,1229.6942138671875,1229.6942138671875,"[1,48,256]",0.0,"[1,48,256]",True,49,0.25,66,libero_10,4,"[[[-0.1285719871520996,0.14953207969665527,-0.017442405223846436,-0.2659956216812134,-0.08814853429794312,-0.040709614753723145,-1.0],[-0.1285719871520996,0.10903370380401611,-0.017442405223846436,-0.2659956216812134,-0.06991147994995117,-0.040709614753723145,-1.0],[-0.1285719871520996,0.02180635929107666,-0.03779119253158569,-0.2659956216812134,-0.06991147994995117,-0.040709614753723145,-1.0],[-0.1285719871520996,0.02180635929107666,-0.06976795196533203,-0.2659956216812134,-0.06991147994995117,-0.040709614753723145,-1.0],[-0.1357148289680481,0.02180635929107666,-0.1133725643157959,-0.2659956216812134,-0.06991147994995117,-0.040709614753723145,-1.0]]]","[0.031284090131521225,0.0076127201318740845,0.03624472767114639,0.00018480360449757427,0.0029747148510068655,0.0006751849432475865,0.5236238837242126]",0.0860857218503952,"[0.07591604441404343,0.07605962455272675,0.08024708181619644,0.09603048115968704,0.10217539221048355]",48,B36
0.0,3.111815658485284e-06,CC,C600,J,,B,213.35214233398438,213.35214233398438,"[1,19,256]",0.0,"[1,19,256]",True,37,713.7665405273438,713.7665405273438,"[48,19,256]",0.0,"[48,19,256]",True,"[0.015100610442459583,0.00028340527205727994,0.0009578985045664012,0.008800533600151539,0.0016105842078104615,0.0013493888545781374,1.2613502740859985]",0.18420752882957458,"[0.013092102482914925,0.02744440734386444,0.4961354732513428,0.303927481174469,0.0804382711648941]",0.04249760881066322,281.7372741699219,281.7372741699219,[81920],0.0,[81920],True,34,604.3689575195312,604.3689575195312,"[48,50,1024]",0.0,"[48,50,1024]",True,"[[[-0.6821781396865845,-0.0617629773914814,-0.5243123173713684,-0.22645203769207,-0.17439715564250946,-0.0627177432179451,-1.0064305067062378],[-0.6539767384529114,-0.06401136517524719,-0.4994625449180603,-0.21199974417686462,-0.16513629257678986,-0.07136670500040054,-0.993401825428009],[-0.6189669966697693,-0.07772377133369446,-0.4931284189224243,-0.21057634055614471,-0.12664362788200378,-0.06535418331623077,-1.0189441442489624],[-0.5689493417739868,-0.06877871602773666,-0.4536173343658447,-0.2326703667640686,-0.1112656444311142,-0.07430389523506165,-1.012510895729065],[-0.4926832318305969,-0.08323650062084198,-0.3544904887676239,-0.2173205465078354,-0.10238898545503616,-0.07683518528938293,1.0054081678390503]]]","[0.09410654008388519,0.008698884397745132,0.013969279825687408,0.008861196227371693,0.005193702876567841,0.0006823548465035856,1.6252883672714233]",0.2509714663028717,"[0.020159995183348656,0.01690124347805977,0.6020128130912781,0.5996494293212891,0.016133999451994896]",25.134588177071116,0.0,30.640718023640208,0.0,2317014375466178463,46,1229.6942138671875,1229.6942138671875,"[1,48,256]",0.0,"[1,48,256]",True,49,0.75,199,libero_10,4,"[[[-0.39285755157470703,0.02180635929107666,-0.38662827014923096,-0.3670054078102112,-0.06991147994995117,-0.09026700258255005,-1.0],[-0.36785751581192017,0.02180635929107666,-0.3837212324142456,-0.29293161630630493,-0.06991147994995117,-0.07610780000686646,-1.0],[-0.30357182025909424,0.02180635929107666,-0.3575584888458252,-0.29293161630630493,-0.06991147994995117,-0.05132913589477539,0.9999990463256836],[-0.2321433424949646,0.02180635929107666,-0.32558178901672363,-0.3131335377693176,-0.06991147994995117,-0.040709614753723145,0.9999990463256836],[-0.18928629159927368,0.02180635929107666,-0.302325963973999,-0.28619760274887085,-0.06991147994995117,-0.040709614753723145,0.9999990463256836]]]","[0.004862335976213217,0.001155563280917704,0.0017566558672115207,0.0029698845464736223,0.0038201080169528723,0.0009634944726713002,0.9292131662368774]",0.1349630057811737,"[0.004990525543689728,0.011324404738843441,0.34057632088661194,0.22838915884494781,0.08953474462032318]",48,B36
0.0,3.72058930224739e-05,CC,C600,J,,A,169.13856506347656,169.13856506347656,"[1,13,256]",0.0,"[1,13,256]",True,34,769.5690307617188,769.5690307617188,"[58,13,256]",0.0,"[58,13,256]",True,"[0.1498015820980072,0.0010094756726175547,0.17853392660617828,0.005133416969329119,0.15230396389961243,0.0007097115158103406,0.001045783283188939]",0.06979112327098846,"[0.07004740089178085,0.07078447192907333,0.07442386448383331,0.0703757107257843,0.06332418322563171]",0.14828839898109436,281.7041931152344,281.7041931152344,[81920],0.0,[81920],True,37,670.89453125,670.89453125,"[58,50,1024]",0.0,"[58,50,1024]",True,"[[[-0.22120606899261475,0.7559818625450134,0.5383196473121643,-0.2700712978839874,-0.31745079159736633,-0.05853159725666046,0.9971155524253845],[-0.21991446614265442,0.795072615146637,0.5025805830955505,-0.2632940709590912,-0.3757239580154419,-0.04542599990963936,0.9959337711334229],[-0.22719192504882812,0.8176594972610474,0.47777777910232544,-0.26291853189468384,-0.445203572511673,-0.05077584832906723,1.003806233406067],[-0.22946970164775848,0.8351953625679016,0.4383625388145447,-0.25081735849380493,-0.5030246376991272,-0.05120106041431427,1.0010243654251099],[-0.2141805738210678,0.8475834131240845,0.3932684063911438,-0.2627008259296417,-0.5460968017578125,-0.0320621132850647,0.9980418086051941]]]","[0.17459547519683838,0.0055825128220021725,0.25371721386909485,0.006921910680830479,0.4311788082122803,0.00012520923337433487,8.843546311254613e-06]",0.12458998709917068,"[0.09599293768405914,0.11287280917167664,0.13032956421375275,0.13864053785800934,0.14511413872241974]",27.535571379447113,0.0,40.15820970828479,0.0,8442714955617139331,48,1238.5758056640625,1238.5758056640625,"[1,58,256]",0.0,"[1,58,256]",True,47,0.25,62,libero_10,7,"[[[0.21785640716552734,0.8380053043365479,0.999998927116394,-0.19192183017730713,0.18540692329406738,-0.040709614753723145,0.9999990463256836],[0.21071362495422363,0.8535815477371216,0.999998927116394,-0.15825188159942627,0.20972299575805664,-0.040709614753723145,0.9999990463256836],[0.1892850399017334,0.878503680229187,0.999998927116394,-0.13131588697433472,0.22188103199005127,-0.040709614753723145,0.9999990463256836],[0.1892850399017334,0.9190021753311157,0.9505802392959595,-0.2390596866607666,0.22188103199005127,-0.040709614753723145,0.9999990463256836],[0.16785645484924316,0.9314632415771484,0.9156967401504517,-0.2659956216812134,0.22188103199005127,-0.040709614753723145,0.9999990463256836]]]","[0.10760320723056793,0.001870221458375454,0.15866148471832275,0.00583201739937067,0.10694358497858047,0.0006609349511563778,0.00070041767321527]",0.054610271006822586,"[0.05563503876328468,0.056893154978752136,0.06106238439679146,0.0537412203848362,0.04571954905986786]",46,B36
0.0,3.109114186372608e-05,CC,C600,J,,A,169.13856506347656,169.13856506347656,"[1,13,256]",0.0,"[1,13,256]",True,34,769.5690307617188,769.5690307617188,"[58,13,256]",0.0,"[58,13,256]",True,"[0.007012471091002226,0.2783132493495941,0.3484472334384918,1.1519947052001953,0.5570418834686279,0.21042771637439728,0.003568934742361307]",0.36525803804397583,"[0.41347771883010864,0.47704365849494934,0.3353857100009918,0.2814112603664398,0.3189718425273895]",0.28653261065483093,281.7041931152344,281.7041931152344,[81920],0.0,[81920],True,37,670.89453125,670.89453125,"[58,50,1024]",0.0,"[58,50,1024]",True,"[[[0.21228784322738647,-0.06362739205360413,0.3976796269416809,-0.22541747987270355,0.6319636702537537,-0.08640091121196747,0.9942328333854675],[0.2945623993873596,-0.026247160509228706,0.48823773860931396,-0.2238467037677765,0.6450322866439819,-0.09375026077032089,1.0013779401779175],[0.36819446086883545,0.0031372923403978348,0.5511302351951599,-0.23879413306713104,0.6430104970932007,-0.08530594408512115,1.0029115676879883],[0.4495639204978943,0.02989579178392887,0.6008690595626831,-0.229745551943779,0.6408249139785767,-0.08859868347644806,0.9953927397727966],[0.5284448266029358,0.06247241422533989,0.6368193030357361,-0.20382976531982422,0.6966217160224915,-0.08293622732162476,1.0074751377105713]]]","[0.002654068171977997,0.14279663562774658,0.14978685975074768,0.33791372179985046,0.3970220685005188,0.0451585091650486,2.4148668671841733e-05]",0.15362228453159332,"[0.15295331180095673,0.18367627263069153,0.14249254763126373,0.13341979682445526,0.15556955337524414]",27.535571379447113,0.0,40.15820970828479,0.0,4151392753901295008,48,1238.5758056640625,1238.5758056640625,"[1,58,256]",0.0,"[1,58,256]",True,47,0.75,186,libero_10,7,"[[[0.2464277744293213,0.20560681819915771,0.6337201595306396,-0.8855222463607788,-0.06991147994995117,-0.20000135898590088,0.9999990463256836],[0.34642767906188965,0.34890902042388916,0.9360456466674805,-0.8383843898773193,-0.06991147994995117,-0.3238949775695801,0.9999990463256836],[0.46071338653564453,0.3676004409790039,0.999998927116394,-0.7979804277420044,0.12461686134338379,-0.3557533621788025,0.9999990463256836],[0.47857046127319336,0.42056000232696533,0.999998927116394,-0.7710444927215576,0.1185377836227417,-0.3238949775695801,0.9999990463256836],[0.5321418046951294,0.5264788866043091,0.999998927116394,-0.7239066362380981,0.03343164920806885,-0.26017826795578003,0.9999990463256836]]]","[0.04449666664004326,0.0851391926407814,0.0732007771730423,0.19508306682109833,0.038432374596595764,0.041180141270160675,0.0007158282096497715]",0.06832114607095718,"[0.060282204300165176,0.0789855495095253,0.07805152237415314,0.0637025237083435,0.06058394908905029]",46,B36
0.0,4.889991760137491e-05,CC,C600,J,,B,169.50730895996094,169.50730895996094,"[1,13,256]",0.0,"[1,13,256]",True,34,735.2490234375,735.2490234375,"[53,13,256]",0.0,"[53,13,256]",True,"[0.01917021907866001,0.08611919730901718,0.0746750682592392,0.00902464147657156,0.7691435217857361,0.0004559325461741537,0.00019814270490314811]",0.13696953654289246,"[0.19849893450737,0.1500164270401001,0.1058252826333046,0.1207343190908432,0.10977271944284439]",0.07417107373476028,281.7148132324219,281.7148132324219,[81920],0.0,[81920],True,37,641.1953735351562,641.1953735351562,"[53,50,1024]",0.0,"[53,50,1024]",True,"[[[-0.17266520857810974,0.5289114117622375,0.7565197944641113,-0.3554683029651642,-0.4507696032524109,-0.019131597131490707,1.0092085599899292],[-0.1876625269651413,0.6196566224098206,0.6966357231140137,-0.3453007638454437,-0.4848007559776306,-0.012696951627731323,0.9999529123306274],[-0.19774244725704193,0.6925632357597351,0.595462441444397,-0.3169097900390625,-0.5261879563331604,-0.01973482221364975,1.014655351638794],[-0.2022809386253357,0.757218599319458,0.5011154413223267,-0.3263165056705475,-0.5800530314445496,-0.012142196297645569,1.0049777030944824],[-0.18169254064559937,0.8265558481216431,0.40669962763786316,-0.3147261142730713,-0.5712065696716309,-0.009114347398281097,1.012342929840088]]]","[0.01093319058418274,0.022130845114588737,0.10928639024496078,0.004580037668347359,0.7394129633903503,0.0014558128314092755,9.53566050156951e-05]",0.12684209644794464,"[0.14067459106445312,0.1252252459526062,0.10745498538017273,0.1309741586446762,0.12988151609897614]",26.903216732656155,0.0,37.934008118109446,0.0,895811180839841733,46,1189.068115234375,1189.068115234375,"[1,53,256]",0.0,"[1,53,256]",True,49,0.25,72,libero_10,7,"[[[-0.010714948177337646,0.43613624572753906,0.8982548713684082,-0.2659956216812134,0.5075944662094116,-0.07610780000686646,0.9999990463256836],[-0.10357201099395752,0.4766346216201782,0.9215106964111328,-0.2659956216812134,0.4042513370513916,-0.05486893653869629,0.9999990463256836],[-0.1285719871520996,0.5264788866043091,0.9418593645095825,-0.2659956216812134,0.24619698524475098,-0.040709614753723145,0.9999990463256836],[-0.16071486473083496,0.5856688022613525,0.8982548713684082,-0.2659956216812134,0.27051305770874023,-0.040709614753723145,0.9999990463256836],[-0.30357182025909424,0.669780969619751,0.851743221282959,-0.2659956216812134,0.24619698524475098,-0.040709614753723145,0.9999990463256836]]]","[0.01498099323362112,0.02851570025086403,0.026496199890971184,0.0020550903864204884,0.19878624379634857,0.0005916065420024097,0.0008051106124185026]",0.03889013081789017,"[0.06154037266969681,0.04208914563059807,0.02933802269399166,0.031240899115800858,0.030242230743169785]",48,B36
0.0,4.085584441781975e-05,CC,C600,J,,B,169.50730895996094,169.50730895996094,"[1,13,256]",0.0,"[1,13,256]",True,34,735.2490234375,735.2490234375,"[53,13,256]",0.0,"[53,13,256]",True,"[0.04893980175256729,0.741594135761261,0.027447808533906937,0.02100096456706524,0.28075459599494934,0.0046601081266999245,0.002086896449327469]",0.16092632710933685,"[0.18084870278835297,0.14819684624671936,0.15400749444961548,0.15468016266822815,0.1668984293937683]",0.13582585752010345,281.7148132324219,281.7148132324219,[81920],0.0,[81920],True,37,641.1953735351562,641.1953735351562,"[53,50,1024]",0.0,"[53,50,1024]",True,"[[[0.5933995246887207,0.08218281716108322,0.9324554800987244,-0.28673678636550903,0.9337081909179688,-0.08360328525304794,1.0015743970870972],[0.5970935821533203,0.10308102518320084,0.9293076395988464,-0.2717649042606354,0.9297317266464233,-0.07789617031812668,1.0019330978393555],[0.6043373942375183,0.13687525689601898,0.9227083325386047,-0.26884037256240845,0.917614221572876,-0.08202481269836426,1.0048151016235352],[0.5980532765388489,0.17706328630447388,0.8791161775588989,-0.26331061124801636,0.8730707168579102,-0.07660014927387238,1.0089199542999268],[0.5914362072944641,0.2385876178741455,0.8128607273101807,-0.2530021369457245,0.7961340546607971,-0.06857621669769287,0.9981002807617188]]]","[0.0026968021411448717,0.2278967946767807,0.00232136738486588,0.000129522624774836,0.10453375428915024,0.0013333590468391776,2.2520916900248267e-05]",0.048419155180454254,"[0.052911657840013504,0.048448964953422546,0.048250243067741394,0.04761744663119316,0.044867489486932755]",26.903216732656155,0.0,37.934008118109446,0.0,4825284986999109913,46,1189.068115234375,1189.068115234375,"[1,53,256]",0.0,"[1,53,256]",True,49,0.75,218,libero_10,7,"[[[0.657141923904419,0.5077873468399048,0.9360456466674805,-0.2659956216812134,0.5075944662094116,-0.1398245096206665,0.9999990463256836],[0.6678560972213745,0.548285722732544,0.9156967401504517,-0.2659956216812134,0.5623054504394531,-0.1044263243675232,0.9999990463256836],[0.6607131958007812,0.6261674165725708,0.9040688276290894,-0.2659956216812134,0.6109377145767212,-0.05486893653869629,0.9999990463256836],[0.6321418285369873,0.6915878057479858,0.9011619091033936,-0.2659956216812134,0.6170166730880737,-0.040709614753723145,0.9999990463256836],[0.5999990701675415,0.7445472478866577,0.9156967401504517,-0.2659956216812134,0.5805425643920898,-0.040709614753723145,0.9999990463256836]]]","[0.005617071874439716,0.09566807746887207,0.03899076581001282,0.011017782613635063,0.030782585963606834,0.005334868561476469,0.001089325174689293]",0.02692863903939724,"[0.02468314953148365,0.023117726668715477,0.031032392755150795,0.02773432433605194,0.02807561121881008]",48,B36
0.0,1.0133359864994418e-05,CC,C600,Q,,A,178.8632354736328,178.8632354736328,"[1,15,256]",0.0,"[1,15,256]",True,7,535.6585693359375,535.6585693359375,"[23,15,256]",0.0,"[23,15,256]",True,"[0.14027105271816254,0.08475713431835175,0.21811571717262268,0.0010830005630850792,0.1395522803068161,0.04212206229567528,0.4637932777404785]",0.1556706428527832,"[0.253926545381546,0.2012355923652649,0.14259043335914612,0.10420339554548264,0.07639726251363754]",0.07384966313838959,281.9793395996094,281.9793395996094,[81920],0.0,[81920],True,5,418.0758361816406,418.0758361816406,"[23,50,1024]",0.0,"[23,50,1024]",True,"[[[-0.2436334192752838,0.08847673237323761,-0.5313270688056946,-0.08805787563323975,-0.07702195644378662,-0.005441971123218536,1.0070003271102905],[-0.19834601879119873,0.1000092625617981,-0.4889584481716156,-0.10165834426879883,-0.10347650945186615,-0.008192867040634155,1.0176304578781128],[-0.15632003545761108,0.08745509386062622,-0.4774737060070038,-0.08765338361263275,-0.09020912647247314,-0.02740509808063507,1.0072468519210815],[-0.11245797574520111,0.08300631493330002,-0.4255763292312622,-0.08855047821998596,-0.0759984701871872,-0.02761693298816681,1.0184417963027954],[-0.05064385011792183,0.07755786180496216,-0.31065720319747925,-0.11989009380340576,-0.06676426529884338,-0.08198036253452301,1.0089820623397827]]]","[0.0025689571630209684,0.08432015031576157,0.1320229470729828,0.0365394651889801,0.10640276968479156,0.026613393798470497,0.8057669997215271]",0.17060495913028717,"[0.6279477477073669,0.057680923491716385,0.061062876135110855,0.06301998347043991,0.043313249945640564]",35.94526181863098,0.0,42.1231602372881,0.0,5898604950164596219,48,980.3922119140625,980.3922119140625,"[1,23,256]",0.0,"[1,23,256]",True,47,0.25,27,libero_spatial,5,"[[[-0.26428622007369995,0.42056000232696533,-0.2790701985359192,-0.27946358919143677,-0.46504712104797363,-0.08318740129470825,-1.0],[-0.1285719871520996,0.40186846256256104,-0.10755860805511475,-0.2659956216812134,-0.44073110818862915,-0.15398377180099487,0.9999990463256836],[-0.12142914533615112,0.3676004409790039,-0.03197723627090454,-0.27272963523864746,-0.3799409866333008,-0.20354115962982178,0.9999990463256836],[-0.1285719871520996,0.3676004409790039,-0.017442405223846436,-0.30639952421188354,-0.3981780409812927,-0.2318597435951233,0.9999990463256836],[-0.1285719871520996,0.32398688793182373,-0.017442405223846436,-0.3131335377693176,-0.3495458960533142,-0.2637180685997009,0.9999990463256836]]]","[0.13303536176681519,0.0609004870057106,0.1500043421983719,0.0007894635200500488,0.11497261375188828,0.030616069212555885,0.3815659284591675]",0.12455489486455917,"[0.19189919531345367,0.16719743609428406,0.11876900494098663,0.08443547040224075,0.060473375022411346]",46,B36
0.0,6.103359191911295e-05,CC,C600,Q,,A,178.8632354736328,178.8632354736328,"[1,15,256]",0.0,"[1,15,256]",True,7,535.6585693359375,535.6585693359375,"[23,15,256]",0.0,"[23,15,256]",True,"[0.4000933766365051,0.0037630267906934023,0.14941807091236115,0.13468621671199799,0.21220159530639648,0.10980192571878433,0.0017199201975017786]",0.14452628791332245,"[0.13652971386909485,0.17976154386997223,0.1748378723859787,0.13756471872329712,0.0939377099275589]",0.15343274176120758,281.9793395996094,281.9793395996094,[81920],0.0,[81920],True,5,418.0758361816406,418.0758361816406,"[23,50,1024]",0.0,"[23,50,1024]",True,"[[[-0.626498281955719,0.1580735146999359,-0.5957767963409424,0.0374370813369751,-0.12394014000892639,-0.14072075486183167,1.0065579414367676],[-0.7093057036399841,0.13421553373336792,-0.6360089182853699,0.03579729050397873,-0.24242046475410461,-0.09851802885532379,1.0042102336883545],[-0.7948554754257202,0.11866409331560135,-0.676397442817688,0.06546413898468018,-0.41849642992019653,-0.07482611387968063,0.9997407793998718],[-0.9125354290008545,0.08711359649896622,-0.7246078848838806,0.09634847193956375,-0.7032541036605835,-0.04158759489655495,1.0056507587432861],[-1.0059853792190552,0.061988409608602524,-0.7425810098648071,0.1206657811999321,-0.9173992276191711,0.0027479231357574463,0.9953968524932861]]]","[0.24633477628231049,0.0008885051938705146,0.12232973426580429,0.11476325243711472,0.1616823971271515,0.06587430089712143,2.2788390197092667e-05]",0.10169939696788788,"[0.12775428593158722,0.12063688784837723,0.0961153581738472,0.07889508455991745,0.0850953683257103]",35.94526181863098,0.0,42.1231602372881,0.0,1908307486257974580,48,980.3922119140625,980.3922119140625,"[1,23,256]",0.0,"[1,23,256]",True,47,0.75,81,libero_spatial,5,"[[[-1.1464284658432007,0.11837947368621826,-1.034883737564087,-0.2659956216812134,-0.6656544208526611,0.06902480125427246,0.9999990463256836],[-1.2999998331069946,0.10591840744018555,-1.034883737564087,-0.2659956216812134,-0.6717334985733032,0.14690065383911133,0.9999990463256836],[-1.3642854690551758,0.09968781471252441,-1.034883737564087,-0.2659956216812134,-0.5927063226699829,0.20707762241363525,0.9999990463256836],[-1.374999761581421,0.09345734119415283,-1.0058139562606812,-0.2659956216812134,-0.4954422116279602,0.24955546855926514,0.9999990463256836],[-1.2785712480545044,0.10280311107635498,-0.970930278301239,-0.2659956216812134,-0.41033607721328735,0.24955546855926514,0.9999990463256836]]]","[0.09721314162015915,0.0071909003891050816,0.09934896230697632,0.012008165940642357,0.010932859033346176,0.031928014010190964,0.007084427867084742]",0.037958066910505295,"[0.022456692531704903,0.03551845625042915,0.04679082706570625,0.04665020853281021,0.0383741520345211]",46,B36
0.0,5.112090002512559e-05,CC,C600,Q,,B,178.14126586914062,178.14126586914062,"[1,15,256]",0.0,"[1,15,256]",True,7,534.9096069335938,534.9096069335938,"[23,15,256]",0.0,"[23,15,256]",True,"[0.1380971074104309,0.024783436208963394,0.05436045676469803,0.043729688972234726,2.2580904960632324,0.4927766025066376,0.0046303123235702515]",0.4309239685535431,"[0.5119819641113281,0.5472554564476013,0.48954159021377563,0.3601531684398651,0.24568790197372437]",0.17237122356891632,281.98431396484375,281.98431396484375,[81920],0.0,[81920],True,5,418.7189025878906,418.7189025878906,"[23,50,1024]",0.0,"[23,50,1024]",True,"[[[-0.6480697989463806,0.04077170044183731,-1.058052897453308,-0.24280519783496857,-0.08307666331529617,-0.04607575014233589,-1.0160021781921387],[-0.6537802219390869,0.052795786410570145,-1.0744774341583252,-0.25617608428001404,-0.07839720696210861,-0.03384542465209961,-1.0184816122055054],[-0.6697582006454468,0.07638610154390335,-1.1019043922424316,-0.27606070041656494,-0.09295911341905594,-0.03329918161034584,-1.0116089582443237],[-0.6702125668525696,0.07384426891803741,-1.089056134223938,-0.26426008343696594,-0.08549428731203079,-0.030033521354198456,-1.0075950622558594],[-0.6741780042648315,0.08853359520435333,-1.0596966743469238,-0.25331753492355347,-0.06740734726190567,-0.0404394268989563,-1.0136525630950928]]]","[0.041940294206142426,0.002291889162734151,0.12063813209533691,0.03280135244131088,1.508489966392517,0.28248146176338196,0.00019529700512066483]",0.28411978483200073,"[0.34387192130088806,0.3518161475658417,0.3196781873703003,0.2354295253753662,0.1698032170534134]",36.0524120931213,0.0,42.162778064932375,0.0,4644491651927860461,46,973.7041625976562,973.7041625976562,"[1,23,256]",0.0,"[1,23,256]",True,49,0.25,27,libero_spatial,5,"[[[-0.3571432828903198,0.02180635929107666,-0.6802327036857605,-0.07071006298065186,-1.4255306720733643,-0.6353988647460938,-1.0],[-0.3964289426803589,0.02180635929107666,-0.6744188070297241,-0.050508081912994385,-1.443767786026001,-0.607080340385437,-1.0],[-0.4500003457069397,0.02180635929107666,-0.7005815505981445,-0.05724203586578369,-1.38905668258667,-0.5787618160247803,-1.0],[-0.5678573846817017,0.02180635929107666,-0.7790699005126953,-0.08417803049087524,-1.2066863775253296,-0.5292043685913086,-1.0],[-0.6821430921554565,0.02180635929107666,-0.8517442941665649,-0.14478391408920288,-1.0364739894866943,-0.476107120513916,-1.0]]]","[0.16893459856510162,0.03219379112124443,0.03363418206572533,0.030232325196266174,1.1609811782836914,0.24534402787685394,0.0022974414750933647]",0.23908822238445282,"[0.296124666929245,0.3016224503517151,0.2731538712978363,0.19585606455802917,0.12868408858776093]",48,B36
0.0,0.00035691302036866546,CC,C600,Q,,B,178.14126586914062,178.14126586914062,"[1,15,256]",0.0,"[1,15,256]",True,7,534.9096069335938,534.9096069335938,"[23,15,256]",0.0,"[23,15,256]",True,"[1.0585975646972656,0.23319290578365326,0.05917138606309891,0.08207506686449051,0.015107646584510803,0.02461443655192852,0.00015759839152451605]",0.21041664481163025,"[0.22028689086437225,0.14147263765335083,0.1513996571302414,0.24946081638336182,0.28946325182914734]",0.15240398049354553,281.98431396484375,281.98431396484375,[81920],0.0,[81920],True,5,418.7189025878906,418.7189025878906,"[23,50,1024]",0.0,"[23,50,1024]",True,"[[[0.6065277457237244,-0.14478908479213715,-0.45709267258644104,-0.06931498646736145,-0.6873049139976501,-0.06366907805204391,1.005656361579895],[0.5983742475509644,-0.23311428725719452,-0.6141144037246704,-0.09292594343423843,-0.6331334710121155,-0.06666520237922668,1.0049936771392822],[0.5721540451049805,-0.2748095989227295,-0.7359410524368286,-0.1260153204202652,-0.5871002078056335,-0.06660857051610947,1.008712887763977],[0.5340796709060669,-0.283143550157547,-0.8356849551200867,-0.14975965023040771,-0.5908434391021729,-0.06520535051822662,1.0106955766677856],[0.47496020793914795,-0.24531209468841553,-0.9491546750068665,-0.18692034482955933,-0.6292324662208557,-0.056728482246398926,1.0103447437286377]]]","[0.24456191062927246,0.022337276488542557,0.07742312550544739,0.027328604832291603,0.15219643712043762,0.0005456461803987622,7.086636469466612e-05]",0.07492340356111526,"[0.056017909198999405,0.06945015490055084,0.07693716883659363,0.07999822497367859,0.09221360087394714]",36.0524120931213,0.0,42.162778064932375,0.0,4698308146476797737,46,973.7041625976562,973.7041625976562,"[1,23,256]",0.0,"[1,23,256]",True,49,0.75,80,libero_spatial,5,"[[[1.064284324645996,-0.11215001344680786,-0.3488374948501587,-0.2659956216812134,-1.0486321449279785,-0.040709614753723145,0.9999990463256836],[1.042855978012085,-0.13707208633422852,-0.3575584888458252,-0.2659956216812134,-1.0607901811599731,-0.040709614753723145,0.9999990463256836],[1.0499987602233887,-0.14330261945724487,-0.42441892623901367,-0.2659956216812134,-1.006079077720642,-0.040709614753723145,0.9999990463256836],[1.071427345275879,-0.07476687431335449,-0.5465118885040283,-0.2659956216812134,-0.9513679146766663,-0.040709614753723145,0.9999990463256836],[1.0214273929595947,-0.043614208698272705,-0.5901165008544922,-0.3737393617630005,-1.006079077720642,-0.040709614753723145,0.9999990463256836]]]","[0.014602221548557281,0.0011079924879595637,0.004474744666367769,0.0335126630961895,0.4688146710395813,0.007876870222389698,5.062727723270655e-05]",0.07577712088823318,"[0.09312684088945389,0.09127750992774963,0.06760639697313309,0.057674068957567215,0.0692007765173912]",48,B36
0.0,1.14531203507795e-05,CC,C600,Q,,A,186.48434448242188,186.48434448242188,"[1,14,256]",0.0,"[1,14,256]",True,5,607.2247314453125,607.2247314453125,"[37,14,256]",0.0,"[37,14,256]",True,"[0.1533273160457611,0.0008438287186436355,0.09951464086771011,0.09289754927158356,1.1312617063522339,0.004374062176793814,0.001856803777627647]",0.21201084554195404,"[0.17814718186855316,0.2028096616268158,0.22368937730789185,0.222746342420578,0.2326616495847702]",0.10751765221357346,281.8811950683594,281.8811950683594,[81920],0.0,[81920],True,7,530.348388671875,530.348388671875,"[37,50,1024]",0.0,"[37,50,1024]",True,"[[[-0.1676667332649231,0.004908585920929909,0.007403943687677383,-0.24414068460464478,-0.06965329498052597,-0.11331835389137268,1.0008423328399658],[-0.14266715943813324,0.0036307908594608307,0.02907514199614525,-0.22999227046966553,-0.07455498725175858,-0.12073398381471634,0.9962866306304932],[-0.14826685190200806,0.004354804754257202,0.04141368716955185,-0.21430225670337677,-0.0850391834974289,-0.1193813607096672,1.0044434070587158],[-0.13197524845600128,0.008714217692613602,0.06529410928487778,-0.19961434602737427,-0.060804396867752075,-0.11382758617401123,1.011881709098816],[-0.12467744201421738,0.000461578369140625,0.09263545274734497,-0.1913030594587326,-0.06307636946439743,-0.10489754378795624,1.0018913745880127]]]","[0.09750980883836746,0.0005048220045864582,0.1265423595905304,0.06517701596021652,0.7750588655471802,0.004488510545343161,3.5804816434392706e-05]",0.1527596116065979,"[0.13396725058555603,0.1517949402332306,0.16033139824867249,0.15485893189907074,0.16284553706645966]",29.686867243398087,0.0,36.71390329639936,0.0,3060169894559326343,48,1242.343505859375,1242.343505859375,"[1,37,256]",0.0,"[1,37,256]",True,47,0.25,30,libero_spatial,7,"[[[-0.5750002861022949,0.02180635929107666,-0.4447677731513977,-0.4814831614494324,0.641332745552063,-0.040709614753723145,0.9999990463256836],[-0.5142860412597656,0.02180635929107666,-0.36627936363220215,-0.49495112895965576,0.7568339109420776,-0.040709614753723145,0.9999990463256836],[-0.45357179641723633,0.02180635929107666,-0.29651206731796265,-0.5016851425170898,0.8237029314041138,-0.040709614753723145,0.9999990463256836],[-0.38571470975875854,0.02180635929107666,-0.2412794828414917,-0.47474920749664307,0.8601770401000977,-0.07610780000686646,0.9999990463256836],[-0.2857147455215454,-0.03738367557525635,-0.15988421440124512,-0.39394134283065796,0.9392043352127075,-0.16106337308883667,0.9999990463256836]]]","[0.04787961393594742,0.0003608402912504971,0.027343202382326126,0.04114950820803642,0.5832226276397705,0.0026243224274367094,0.0044945343397557735]",0.10101066529750824,"[0.08270718157291412,0.09387512505054474,0.10233022272586823,0.10854024440050125,0.11760058999061584]",46,B36
0.0,6.830903294030577e-05,CC,C600,Q,,A,186.48434448242188,186.48434448242188,"[1,14,256]",0.0,"[1,14,256]",True,5,607.2247314453125,607.2247314453125,"[37,14,256]",0.0,"[37,14,256]",True,"[0.07257910072803497,0.06565415859222412,0.027233047410845757,0.013095075264573097,0.054613661020994186,0.022020000964403152,0.00016953835438471287]",0.036480650305747986,"[0.030452707782387733,0.031044378876686096,0.03469916805624962,0.03970639407634735,0.04650062695145607]",0.11701419949531555,281.8811950683594,281.8811950683594,[81920],0.0,[81920],True,7,530.348388671875,530.348388671875,"[37,50,1024]",0.0,"[37,50,1024]",True,"[[[0.42875584959983826,0.45402342081069946,-0.026862218976020813,-0.2750096619129181,-0.5770764946937561,-0.5496265888214111,0.9982153177261353],[0.41678550839424133,0.42700809240341187,-0.05114877596497536,-0.27105849981307983,-0.5423396825790405,-0.5368704795837402,1.00041663646698],[0.4137546122074127,0.40388232469558716,-0.07285477221012115,-0.2631860375404358,-0.5239241719245911,-0.5269725322723389,1.0033302307128906],[0.4171876609325409,0.3816952705383301,-0.09741733968257904,-0.259856253862381,-0.5121063590049744,-0.5215829014778137,1.0045784711837769],[0.4176667332649231,0.36056679487228394,-0.12035570293664932,-0.2577565312385559,-0.5066916346549988,-0.5073240399360657,1.0053333044052124]]]","[0.06578437983989716,0.0026144080329686403,0.14194726943969727,4.407077358337119e-05,0.214569091796875,0.05563107877969742,1.27756602523732e-05]",0.06865757703781128,"[0.08072676509618759,0.07370880246162415,0.06791391223669052,0.06287693232297897,0.05806152522563934]",29.686867243398087,0.0,36.71390329639936,0.0,5106880675780522306,48,1242.343505859375,1242.343505859375,"[1,37,256]",0.0,"[1,37,256]",True,47,0.75,92,libero_spatial,7,"[[[0.6607131958007812,0.42367517948150635,-0.46511656045913696,-0.2659956216812134,-0.06991147994995117,-0.30265605449676514,0.9999990463256836],[0.6714276075363159,0.4299057722091675,-0.46511656045913696,-0.2659956216812134,-0.06991147994995117,-0.29911625385284424,0.9999990463256836],[0.6785702705383301,0.4392514228820801,-0.4505816698074341,-0.2659956216812134,-0.06991147994995117,-0.29203659296035767,0.9999990463256836],[0.6821417808532715,0.4423668384552002,-0.436046838760376,-0.2659956216812134,-0.06991147994995117,-0.2849569320678711,0.9999990463256836],[0.6821417808532715,0.44548213481903076,-0.4186049699783325,-0.2659956216812134,-0.06991147994995117,-0.2849569320678711,0.9999990463256836]]]","[0.06526478379964828,0.056725192815065384,0.02280658856034279,0.01014684233814478,0.053728390485048294,0.018238980323076248,0.00025529993581585586]",0.0324522964656353,"[0.02561485953629017,0.027501404285430908,0.031450316309928894,0.036309413611888885,0.04138549044728279]",46,B36
0.0,7.670898412470706e-06,CC,C600,Q,,B,186.38963317871094,186.38963317871094,"[1,14,256]",0.0,"[1,14,256]",True,5,522.1017456054688,522.1017456054688,"[28,14,256]",0.0,"[28,14,256]",True,"[0.13972054421901703,0.008916536346077919,0.036400068551301956,0.16129852831363678,0.06879332661628723,0.020771553739905357,0.00033976032864302397]",0.0623200424015522,"[0.050719279795885086,0.050723541527986526,0.05554632842540741,0.07780015468597412,0.07681091874837875]",0.07227063924074173,281.86468505859375,281.86468505859375,[81920],0.0,[81920],True,7,462.663818359375,462.663818359375,"[28,50,1024]",0.0,"[28,50,1024]",True,"[[[-0.13534770905971527,-0.01909395307302475,-0.01686791144311428,-0.26608753204345703,0.2897431552410126,-0.07818041741847992,1.0066204071044922],[-0.125581294298172,-0.019439220428466797,-0.007158393040299416,-0.26503250002861023,0.3297092020511627,-0.0802946388721466,1.012580156326294],[-0.11480709910392761,-0.023047519847750664,-0.0032031014561653137,-0.25651535391807556,0.34427177906036377,-0.07904278486967087,1.0150418281555176],[-0.10877867788076401,-0.023764371871948242,0.008230919018387794,-0.2536228895187378,0.35627710819244385,-0.08435690402984619,1.01340651512146],[-0.07471573352813721,0.0023321770131587982,0.030622050166130066,-0.2527848780155182,0.3599702715873718,-0.08155037462711334,1.01404869556427]]]","[0.05135238170623779,0.0017653250833973289,0.05634994059801102,0.03715549781918526,0.0566386841237545,0.0041409689001739025,0.0001611129700904712]",0.029651986435055733,"[0.019039347767829895,0.018141908571124077,0.023835647851228714,0.03438778966665268,0.0528552383184433]",29.12143294138792,0.0,36.431536171990594,0.0,4594143207052349333,46,1088.1925048828125,1088.1925048828125,"[1,28,256]",0.0,"[1,28,256]",True,49,0.25,38,libero_spatial,7,"[[[-0.3535718321800232,-0.09345841407775879,-0.2674422860145569,-0.3468034863471985,0.21580207347869873,-0.005311429500579834,0.9999990463256836],[-0.3250004053115845,-0.05919051170349121,-0.23546552658081055,-0.40067535638809204,0.2279599905014038,-0.012391090393066406,0.9999990463256836],[-0.33214324712753296,-0.028037965297698975,-0.22674459218978882,-0.4478132128715515,0.17324888706207275,-0.019470691680908203,0.9999990463256836],[-0.3285719156265259,0.012460470199584961,-0.20639574527740479,-0.5218870639801025,0.09422183036804199,-0.019470691680908203,0.9999990463256836],[-0.3464289903640747,0.02180635929107666,-0.23546552658081055,-0.4814831614494324,-0.051674485206604004,-0.02655029296875,0.9999990463256836]]]","[0.05326641723513603,0.0015455217799171805,0.09439970552921295,0.03549067676067352,0.015498446300625801,0.008835263550281525,0.0002833161852322519]",0.029902765527367592,"[0.018703902140259743,0.020510701462626457,0.02616846188902855,0.035076260566711426,0.04905449226498604]",48,B36
0.0,7.269645720953122e-05,CC,C600,Q,,B,186.38963317871094,186.38963317871094,"[1,14,256]",0.0,"[1,14,256]",True,5,522.1017456054688,522.1017456054688,"[28,14,256]",0.0,"[28,14,256]",True,"[0.013486362062394619,0.00018934054241981357,0.022549733519554138,0.0012534796260297298,0.047351181507110596,0.006191076245158911,0.004524748772382736]",0.013649418018758297,"[0.016460034996271133,0.01377181988209486,0.014163505285978317,0.012895961292088032,0.010955768637359142]",0.05124476179480553,281.86468505859375,281.86468505859375,[81920],0.0,[81920],True,7,462.663818359375,462.663818359375,"[28,50,1024]",0.0,"[28,50,1024]",True,"[[[0.344124436378479,0.7244313359260559,-0.2233235388994217,-0.21984919905662537,-0.75884610414505,-0.060627374798059464,1.0092295408248901],[0.32252129912376404,0.7141202092170715,-0.26834070682525635,-0.2059912085533142,-0.740568220615387,-0.0576166957616806,1.0091787576675415],[0.31137439608573914,0.7053836584091187,-0.31578660011291504,-0.21905577182769775,-0.7112700939178467,-0.06087598204612732,1.0117994546890259],[0.2761423587799072,0.6908594369888306,-0.3614305257797241,-0.2130507379770279,-0.6913539171218872,-0.061066411435604095,1.0094842910766602],[0.24915632605552673,0.6886815428733826,-0.4137240946292877,-0.21945706009864807,-0.67191082239151,-0.05533744767308235,1.0099562406539917]]]","[0.017395999282598495,0.0010239116381853819,0.0003453885146882385,0.0024641877971589565,0.20058558881282806,0.02771989442408085,9.95668742689304e-05]",0.035662077367305756,"[0.03918107971549034,0.041271623224020004,0.03550707548856735,0.031407423317432404,0.03094317950308323]",29.12143294138792,0.0,36.431536171990594,0.0,4843176701914511588,46,1088.1925048828125,1088.1925048828125,"[1,28,256]",0.0,"[1,28,256]",True,49,0.75,114,libero_spatial,7,"[[[0.503570556640625,0.7725847959518433,-0.21220970153808594,-0.2659956216812134,-0.27051883935928345,-0.1362847089767456,0.9999990463256836],[0.46071338653564453,0.7507778406143188,-0.2906981110572815,-0.2659956216812134,-0.24012374877929688,-0.17522269487380981,0.9999990463256836],[0.4249991178512573,0.732086181640625,-0.34011662006378174,-0.2659956216812134,-0.2583608031272888,-0.22478008270263672,0.9999990463256836],[0.3892848491668701,0.7133947610855103,-0.3837212324142456,-0.2659956216812134,-0.2887558937072754,-0.2637180685997009,0.9999990463256836],[0.37857067584991455,0.7040488719940186,-0.4098840355873108,-0.2592616677284241,-0.2887558937072754,-0.2814171314239502,0.9999990463256836]]]","[0.006962492596358061,0.0002528041659388691,0.03461901471018791,0.0038060389924794436,0.01881469041109085,0.003244784427806735,0.0003156493476126343]",0.009716496802866459,"[0.00942188873887062,0.008906248025596142,0.010273987427353859,0.010774201713502407,0.00920616090297699]",48,B36
0.0,3.669711804832332e-05,CC,C600,Q,,A,233.82821655273438,233.82821655273438,"[1,11,256]",0.0,"[1,11,256]",True,14,488.1851501464844,488.1851501464844,"[25,11,256]",0.0,"[25,11,256]",True,"[0.05244867876172066,0.005283161997795105,0.012393479235470295,0.0029411788564175367,0.3523615002632141,0.0073409476317465305,0.00046276216744445264]",0.061890240758657455,"[0.07874824106693268,0.07959815114736557,0.059649109840393066,0.03840385377407074,0.053051866590976715]",0.05285000428557396,281.9501953125,281.9501953125,[81920],0.0,[81920],True,12,436.5672912597656,436.5672912597656,"[25,50,1024]",0.0,"[25,50,1024]",True,"[[[-0.25892555713653564,0.11774901300668716,-0.596168577671051,-0.26143506169319153,-0.25824564695358276,-0.020590707659721375,-0.9971102476119995],[-0.2857930660247803,0.11288444697856903,-0.6142148971557617,-0.2708806097507477,-0.25109758973121643,-0.030061937868595123,-1.0077729225158691],[-0.3203434348106384,0.05657726898789406,-0.6639021039009094,-0.2534960210323334,-0.24612870812416077,-0.0320916473865509,-1.0131629705429077],[-0.32232216000556946,0.03338766098022461,-0.7037259936332703,-0.23845034837722778,-0.21794849634170532,-0.042244523763656616,-1.015013337135315],[-0.2930760383605957,-0.00864475965499878,-0.7369260787963867,-0.2452327162027359,-0.16168969869613647,-0.04190177470445633,-1.0019358396530151]]]","[0.015238257125020027,0.0037110757548362017,0.0052998121827840805,0.0002781484217848629,0.09982185810804367,9.036812116391957e-05,9.423611481906846e-05]",0.017790537327528,"[0.0203021802008152,0.022481011226773262,0.015271146781742573,0.01063655037432909,0.02026180364191532]",30.085510036905735,0.0,46.375830968644316,0.0,5545119331277237353,48,968.87646484375,968.87646484375,"[1,25,256]",0.0,"[1,25,256]",True,47,0.25,32,libero_object,2,"[[[-0.1285719871520996,0.04361319541931152,-0.6831396818161011,-0.2659956216812134,-0.5927063226699829,-0.03363001346588135,-1.0],[-0.1285719871520996,0.02180635929107666,-0.7005815505981445,-0.2659956216812134,-0.5927063226699829,-0.040709614753723145,-1.0],[-0.16071486473083496,0.02180635929107666,-0.7034885287284851,-0.2659956216812134,-0.525837242603302,-0.040709614753723145,-1.0],[-0.22857189178466797,0.02180635929107666,-0.6831396818161011,-0.2659956216812134,-0.47112613916397095,-0.037169814109802246,-1.0],[-0.2785719037055969,0.049843668937683105,-0.6395350694656372,-0.2659956216812134,-0.5197582244873047,-0.03363001346588135,-1.0]]]","[0.08063818514347076,0.0025637189392000437,0.00179502263199538,0.0025367150083184242,0.1348644345998764,0.003604598343372345,0.1125107929110527]",0.048359066247940063,"[0.04280928149819374,0.047687191516160965,0.05071912333369255,0.044524386525154114,0.05605537071824074]",46,B36
0.0,9.781128028407693e-05,CC,C600,Q,,A,233.82821655273438,233.82821655273438,"[1,11,256]",0.0,"[1,11,256]",True,14,488.1851501464844,488.1851501464844,"[25,11,256]",0.0,"[25,11,256]",True,"[0.01606099307537079,0.001007538172416389,0.01843763329088688,0.001166157890111208,0.0005162550369277596,0.01450017374008894,0.0005026340368203819]",0.00745591102167964,"[0.007089689373970032,0.005374274682253599,0.005277464631944895,0.009500536136329174,0.010037597268819809]",0.06465160101652145,281.9501953125,281.9501953125,[81920],0.0,[81920],True,12,436.5672912597656,436.5672912597656,"[25,50,1024]",0.0,"[25,50,1024]",True,"[[[-0.292732298374176,0.9061856865882874,-0.17757096886634827,-0.26005181670188904,-0.07984360307455063,-0.02525395154953003,1.0107437372207642],[-0.3052484393119812,0.8604063391685486,-0.25398415327072144,-0.2610664367675781,-0.07713181525468826,-0.02347617968916893,1.0175613164901733],[-0.33075305819511414,0.8231908082962036,-0.2922186255455017,-0.2584001123905182,-0.059709176421165466,-0.024334972724318504,1.0234949588775635],[-0.31798967719078064,0.7732328772544861,-0.3326340317726135,-0.24886664748191833,-0.08913081884384155,-0.02381819486618042,1.0179039239883423],[-0.31261053681373596,0.7186309695243835,-0.3874548077583313,-0.23919492959976196,-0.07236726582050323,-0.03722561150789261,1.0156680345535278]]]","[0.0043834359385073185,0.0015857545658946037,0.0027842288836836815,0.00022579926007892936,0.0029737537261098623,0.015343055129051208,0.0003084082854911685]",0.003943490795791149,"[0.004454108886420727,0.0030776408966630697,0.0035245735198259354,0.004079735837876797,0.004581396467983723]",30.085510036905735,0.0,46.375830968644316,0.0,6063945589377718727,48,968.87646484375,968.87646484375,"[1,25,256]",0.0,"[1,25,256]",True,47,0.75,95,libero_object,2,"[[[-0.30357182025909424,0.8348900079727173,-0.2790701985359192,-0.2659956216812134,-0.1428595781326294,-0.1327449083328247,0.9999990463256836],[-0.2678576111793518,0.819313645362854,-0.3052329421043396,-0.2659956216812134,-0.13678061962127686,-0.1327449083328247,0.9999990463256836],[-0.25357192754745483,0.8037372827529907,-0.32267481088638306,-0.2659956216812134,-0.11854356527328491,-0.1398245096206665,0.9999990463256836],[-0.23571473360061646,0.7663540840148926,-0.33720964193344116,-0.2659956216812134,-0.13678061962127686,-0.16106337308883667,0.9999990463256836],[-0.2250005006790161,0.6915878057479858,-0.3808143138885498,-0.2659956216812134,-0.11246448755264282,-0.1823022961616516,0.9999990463256836]]]","[0.02884790115058422,0.0006955176359042525,0.004106790758669376,0.0009924267651513219,0.0011945453006774187,0.012673266232013702,0.00030534257530234754]",0.006973684765398502,"[0.011045348830521107,0.005310760345309973,0.005442560650408268,0.006616670172661543,0.006453081499785185]",46,B36
0.0,0.0043554408475756645,CC,C600,Q,,B,231.6803436279297,231.6803436279297,"[1,11,256]",0.0,"[1,11,256]",True,14,502.8653259277344,502.8653259277344,"[27,11,256]",0.0,"[27,11,256]",True,"[0.022412847727537155,0.027437372133135796,0.0037556402385234833,0.0052422634325921535,0.007710606791079044,0.00901555921882391,0.07913869619369507]",0.02210185118019581,"[0.017656339332461357,0.012116464786231518,0.023829283192753792,0.028904354199767113,0.02800283022224903]",0.02900780737400055,281.952392578125,281.952392578125,[81920],0.0,[81920],True,12,454.3208312988281,454.3208312988281,"[27,50,1024]",0.0,"[27,50,1024]",True,"[[[0.11839263141155243,-0.2231236696243286,-0.20398472249507904,-0.22999027371406555,0.08869606256484985,-0.1638086438179016,-0.9999107122421265],[0.10654764622449875,-0.21359333395957947,-0.22359120845794678,-0.22784242033958435,0.09450110048055649,-0.1516064703464508,-1.0084507465362549],[0.01358749344944954,-0.15715380012989044,-0.2713328003883362,-0.23966722190380096,0.04646332561969757,-0.1162787601351738,-1.0010709762573242],[-0.066590316593647,-0.07101280987262726,-0.345152348279953,-0.24398770928382874,0.009074106812477112,-0.08025966584682465,0.12395721673965454],[-0.09413915872573853,-0.048104576766490936,-0.38873291015625,-0.251376211643219,-0.027519607916474342,-0.05833914130926132,0.2800413966178894]]]","[0.34174850583076477,0.06093097850680351,0.21964409947395325,0.0035490586888045073,0.029536379501223564,0.007007436361163855,0.5803716778755188]",0.17754116654396057,"[0.08470223844051361,0.11350889503955841,0.11249610781669617,0.2681465446949005,0.30885204672813416]",30.150288070580405,0.0,46.95436349461083,0.0,1288635900652328787,46,1005.3246459960938,1005.3246459960938,"[1,27,256]",0.0,"[1,27,256]",True,49,0.25,33,libero_object,2,"[[[-0.2500004768371582,0.10280311107635498,-0.7209303975105286,-0.3400694727897644,-0.14893865585327148,-0.040709614753723145,-1.0],[-0.4857146143913269,0.1152641773223877,-0.7441861629486084,-0.29293161630630493,-0.12462258338928223,-0.040709614753723145,-1.0],[-0.6535716652870178,0.0872267484664917,-0.7703490257263184,-0.2659956216812134,-0.11854356527328491,-0.040709614753723145,-1.0],[-0.703571617603302,0.059189438819885254,-0.767441987991333,-0.2659956216812134,-0.09422749280929565,-0.040709614753723145,-1.0],[-0.703571617603302,0.06853532791137695,-0.7529071569442749,-0.2659956216812134,-0.10030657052993774,-0.040709614753723145,-1.0]]]","[0.024388190358877182,0.02268850803375244,0.0033441148698329926,0.004185100551694632,0.006274470593780279,0.007267497014254332,0.09519236534833908]",0.0233343206346035,"[0.015409023500978947,0.011578620411455631,0.024891551584005356,0.03131566569209099,0.033476751297712326]",48,B36
0.0,1.1811791409854777e-05,CC,C600,Q,,B,231.6803436279297,231.6803436279297,"[1,11,256]",0.0,"[1,11,256]",True,14,502.8653259277344,502.8653259277344,"[27,11,256]",0.0,"[27,11,256]",True,"[0.6236599087715149,0.8662277460098267,0.2759269177913666,0.2423616498708725,0.47315627336502075,0.6113902926445007,0.021801771596074104]",0.44493210315704346,"[0.42416051030158997,0.6141331791877747,0.5915877819061279,0.47569841146469116,0.11908068507909775]",0.3792766332626343,281.952392578125,281.952392578125,[81920],0.0,[81920],True,12,454.3208312988281,454.3208312988281,"[27,50,1024]",0.0,"[27,50,1024]",True,"[[[-0.39148765802383423,0.08735131472349167,-0.8315587043762207,-0.0334087535738945,-0.06600071489810944,-0.05905468016862869,1.0057696104049683],[-0.40837955474853516,0.06526180356740952,-0.8295437097549438,-0.03416428714990616,-0.07776743918657303,-0.04316812753677368,1.0050753355026245],[-0.4570411741733551,0.02968163788318634,-0.8196549415588379,-0.05494797229766846,-0.060403499752283096,-0.052775055170059204,1.0085500478744507],[-0.46599647402763367,0.026878133416175842,-0.8128688931465149,-0.1003861129283905,-0.05272868275642395,-0.04935465753078461,1.0073678493499756],[-0.43581247329711914,0.05845972150564194,-0.8023200631141663,-0.15272869169712067,-0.06292065978050232,-0.04090361297130585,1.0048948526382446]]]","[0.008393434807658195,0.16380438208580017,0.06581108272075653,0.0328403078019619,0.00017527835734654218,0.02531171403825283,4.2091181967407465e-05]",0.0423397533595562,"[0.08854382485151291,0.06320127099752426,0.035373859107494354,0.01391871552914381,0.010661108419299126]",30.150288070580405,0.0,46.95436349461083,0.0,8916442828729476527,46,1005.3246459960938,1005.3246459960938,"[1,27,256]",0.0,"[1,27,256]",True,49,0.75,99,libero_object,2,"[[[-0.22142904996871948,0.6947031021118164,-0.42441892623901367,-0.2659956216812134,-0.0820695161819458,-0.015930891036987305,0.9999990463256836],[-0.3428575396537781,0.5856688022613525,-0.5000002980232239,-0.2659956216812134,-0.06991147994995117,0.026546835899353027,0.9999990463256836],[-0.45357179641723633,0.3987530469894409,-0.6046513319015503,-0.2659956216812134,-0.06991147994995117,0.09026360511779785,0.9999990463256836],[-0.5035717487335205,0.21495270729064941,-0.7238373756408691,-0.20538973808288574,-0.06991147994995117,0.15398037433624268,0.9999990463256836],[-0.5214288830757141,0.1464167833328247,-0.7790699005126953,-0.12458193302154541,-0.07599043846130371,0.1999979019165039,0.9999990463256836]]]","[0.009343774989247322,0.10707533359527588,0.05803420767188072,0.03568560257554054,0.012026696465909481,0.040863752365112305,0.005495686084032059]",0.03836072236299515,"[0.07147621363401413,0.052823297679424286,0.030471956357359886,0.021064065396785736,0.01596808433532715]",48,B36
0.0,2.875621066777967e-05,CC,C600,Q,,A,224.24533081054688,224.24533081054688,"[1,10,256]",0.0,"[1,10,256]",True,12,618.2633056640625,618.2633056640625,"[51,10,256]",0.0,"[51,10,256]",True,"[0.013743367977440357,0.026524607092142105,0.015246939845383167,0.0005714503349736333,0.029897982254624367,0.015169105492532253,0.0037520271725952625]",0.014986498281359673,"[0.023727890104055405,0.012364775873720646,0.008859297260642052,0.009421302936971188,0.020559221506118774]",0.10479600727558136,281.8935241699219,281.8935241699219,[81920],0.0,[81920],True,14,623.5990600585938,623.5990600585938,"[51,50,1024]",0.0,"[51,50,1024]",True,"[[[-0.15432783961296082,0.04549381881952286,-0.4843069314956665,-0.2740153968334198,-0.08684419840574265,-0.13663223385810852,-1.0085117816925049],[-0.1770140826702118,0.043403029441833496,-0.5158982872962952,-0.26728200912475586,-0.09045827388763428,-0.12907151877880096,-1.009110689163208],[-0.19120246171951294,0.03393498435616493,-0.5429196953773499,-0.2843952178955078,-0.09105093777179718,-0.11763075739145279,-1.0236153602600098],[-0.18984587490558624,0.024597272276878357,-0.5888396501541138,-0.27807295322418213,-0.08097328245639801,-0.09242185205221176,-1.0075026750564575],[-0.17708836495876312,-0.01029832661151886,-0.6451478004455566,-0.2732127904891968,-0.08559337258338928,-0.08963848650455475,-1.0132821798324585]]]","[0.01168234832584858,0.0157069843262434,0.014477166347205639,0.00012049323413521051,0.0003048099169973284,0.005598805379122496,0.00018916935368906707]",0.006868539843708277,"[0.00828083697706461,0.004842519760131836,0.0036290129646658897,0.0066634537652134895,0.010926877148449421]",29.688078784320005,0.0,49.40617478172861,0.0,6673264783416593914,48,1403.665283203125,1403.665283203125,"[1,51,256]",0.0,"[1,51,256]",True,47,0.25,40,libero_object,4,"[[[-0.1285719871520996,-0.16199421882629395,-0.5523258447647095,-0.2659956216812134,-0.06991147994995117,-0.040709614753723145,-1.0],[-0.17142915725708008,-0.08099734783172607,-0.6162792444229126,-0.2659956216812134,-0.06991147994995117,-0.040709614753723145,-1.0],[-0.22857189178466797,0.0031147003173828125,-0.668604850769043,-0.2659956216812134,-0.06991147994995117,-0.040709614753723145,-1.0],[-0.3357146978378296,0.02180635929107666,-0.738372266292572,-0.2659956216812134,-0.06991147994995117,-0.040709614753723145,-1.0],[-0.3642861247062683,0.1277252435684204,-0.7848838567733765,-0.2659956216812134,-0.06991147994995117,-0.040709614753723145,-1.0]]]","[0.021477913483977318,0.009759853594005108,0.010329085402190685,0.0005479920073412359,0.03125358000397682,0.0010910372948274016,0.0014913282357156277]",0.01085011288523674,"[0.013213648460805416,0.01025719940662384,0.010485759004950523,0.008593863807618618,0.011700092814862728]",46,B36
0.0,0.00011004061525454745,CC,C600,Q,,A,224.24533081054688,224.24533081054688,"[1,10,256]",0.0,"[1,10,256]",True,12,618.2633056640625,618.2633056640625,"[51,10,256]",0.0,"[51,10,256]",True,"[0.122380331158638,0.05958850309252739,0.009443416260182858,0.0005710626137442887,0.0008312077261507511,0.0007780044106766582,0.006534798536449671]",0.02858961746096611,"[0.018838100135326385,0.019952673465013504,0.024963486939668655,0.03399978578090668,0.04519405588507652]",0.034700121730566025,281.8935241699219,281.8935241699219,[81920],0.0,[81920],True,14,623.5990600585938,623.5990600585938,"[51,50,1024]",0.0,"[51,50,1024]",True,"[[[-0.3029707670211792,0.7805259823799133,-0.15416032075881958,-0.3068888783454895,-0.7689307332038879,-0.016710622236132622,1.0095393657684326],[-0.30421262979507446,0.7839241623878479,-0.17676934599876404,-0.3486188054084778,-0.7906761169433594,-0.0063168928027153015,1.0102068185806274],[-0.2889185845851898,0.7726771831512451,-0.2560148239135742,-0.39022254943847656,-0.756371796131134,-0.014774680137634277,1.0077073574066162],[-0.26160621643066406,0.7756527662277222,-0.3038364350795746,-0.3929480314254761,-0.75155109167099,-0.01629585213959217,1.0085169076919556],[-0.23086239397525787,0.7585613131523132,-0.373115211725235,-0.36989912390708923,-0.7670113444328308,-0.023418039083480835,1.016984462738037]]]","[0.20437569916248322,0.04524525627493858,0.008210290223360062,0.014982509426772594,0.21678832173347473,0.0011949674226343632,0.00012313853949308395]",0.07013145089149475,"[0.06550071388483047,0.07121604681015015,0.06854666024446487,0.06838663667440414,0.0770072266459465]",29.688078784320005,0.0,49.40617478172861,0.0,4112929797682724988,48,1403.665283203125,1403.665283203125,"[1,51,256]",0.0,"[1,51,256]",True,47,0.75,121,libero_object,4,"[[[0.10357069969177246,0.9906531572341919,-0.1133725643157959,-0.20538973808288574,-0.2826768159866333,-0.040709614753723145,0.9999990463256836],[0.13214218616485596,0.9906531572341919,-0.13953536748886108,-0.2188577651977539,-0.29483485221862793,-0.040709614753723145,0.9999990463256836],[0.17142772674560547,0.9906531572341919,-0.16860508918762207,-0.24579370021820068,-0.3191508650779724,-0.040709614753723145,0.9999990463256836],[0.21428489685058594,0.9844224452972412,-0.20930272340774536,-0.2659956216812134,-0.3252299427986145,-0.05840873718261719,0.9999990463256836],[0.2464277744293213,0.9781920909881592,-0.22674459218978882,-0.2659956216812134,-0.2887558937072754,-0.06548833847045898,0.9999990463256836]]]","[0.08273854106664658,0.05540403351187706,0.001241493970155716,0.0003861690347548574,0.0036361736711114645,0.00029786996310576797,0.0011210546363145113]",0.020689334720373154,"[0.014361990615725517,0.01452917791903019,0.019083423539996147,0.02586626075208187,0.029605822637677193]",46,B36
0.0,2.516008316888474e-05,CC,C600,Q,,B,225.6305389404297,225.6305389404297,"[1,10,256]",0.0,"[1,10,256]",True,12,472.896240234375,472.896240234375,"[30,10,256]",0.0,"[30,10,256]",True,"[0.19984479248523712,0.010030519217252731,0.07393938302993774,0.0017525594448670745,0.019541732966899872,0.022487100213766098,0.007646848913282156]",0.04789184406399727,"[0.022716276347637177,0.026248715817928314,0.029808910563588142,0.06312745064496994,0.09755788743495941]",0.1298932582139969,281.9179382324219,281.9179382324219,[81920],0.0,[81920],True,14,477.92962646484375,477.92962646484375,"[30,50,1024]",0.0,"[30,50,1024]",True,"[[[-0.27738773822784424,0.013542592525482178,-0.7022796273231506,-0.252023845911026,-0.1682947725057602,-0.01211489737033844,-1.004906415939331],[-0.35141539573669434,0.00016993284225463867,-0.7075837254524231,-0.26330530643463135,-0.17896077036857605,-0.014382556080818176,-1.0071989297866821],[-0.3741266429424286,-0.012736640870571136,-0.7081508040428162,-0.25914880633354187,-0.1897723376750946,-0.015645723789930344,-1.009939432144165],[-0.3847753405570984,-0.023808108642697334,-0.7075601816177368,-0.2691323757171631,-0.1914134919643402,-0.013558185659348965,-1.0197064876556396],[-0.4104147255420685,-0.030744293704628944,-0.6972562074661255,-0.27960532903671265,-0.2030794769525528,-0.01820598542690277,-1.028576135635376]]]","[0.1205567866563797,0.001304244389757514,0.027675164863467216,8.887811418389902e-05,0.02563144639134407,0.0010096635669469833,0.000275926198810339]",0.025220302864909172,"[0.011158866807818413,0.014962892979383469,0.01897834986448288,0.03458155319094658,0.04641984403133392]",30.439154601507276,0.0,52.32217201618765,0.0,6941690631084841007,46,1090.51318359375,1090.51318359375,"[1,30,256]",0.0,"[1,30,256]",True,49,0.25,39,libero_object,4,"[[[-0.38571470975875854,0.009345293045043945,-0.8895349502563477,-0.2659956216812134,-0.33738791942596436,-0.061948537826538086,-1.0],[-0.5285717248916626,0.02180635929107666,-0.9098837971687317,-0.2659956216812134,-0.3556249737739563,-0.040709614753723145,-1.0],[-0.6428573727607727,0.02180635929107666,-0.8953489065170288,-0.2659956216812134,-0.34346693754196167,-0.040709614753723145,-1.0],[-0.8321429491043091,0.02180635929107666,-0.8459303379058838,-0.2659956216812134,-0.33130890130996704,-0.040709614753723145,-1.0],[-0.9464285969734192,0.02180635929107666,-0.7877907752990723,-0.2659956216812134,-0.3617039918899536,-0.040709614753723145,-1.0]]]","[0.11165745556354523,0.0007663590949960053,0.07253570854663849,0.0014258818700909615,0.0008852403843775392,0.0006428053602576256,0.0004784771299455315]",0.026913130655884743,"[0.013944931328296661,0.01834842562675476,0.02410198375582695,0.03265778347849846,0.04551253467798233]",48,B36
0.0,5.5681855883449316e-05,CC,C600,Q,,B,225.6305389404297,225.6305389404297,"[1,10,256]",0.0,"[1,10,256]",True,12,472.896240234375,472.896240234375,"[30,10,256]",0.0,"[30,10,256]",True,"[0.005244811065495014,0.129488006234169,0.027583951130509377,0.014593861065804958,0.015587522648274899,0.01605876535177231,0.005966776516288519]",0.030646242201328278,"[0.04435665160417557,0.040880344808101654,0.028412604704499245,0.019862808287143707,0.019718807190656662]",0.056451912969350815,281.9179382324219,281.9179382324219,[81920],0.0,[81920],True,14,477.92962646484375,477.92962646484375,"[30,50,1024]",0.0,"[30,50,1024]",True,"[[[-0.09049896895885468,0.6999586820602417,-0.2229309380054474,-0.28235629200935364,-0.6130620241165161,-0.030236266553401947,1.0078158378601074],[-0.13121193647384644,0.6460803151130676,-0.30090752243995667,-0.2660727798938751,-0.6412551999092102,-0.03252919763326645,1.0084525346755981],[-0.19760243594646454,0.5460361242294312,-0.45206284523010254,-0.24518679082393646,-0.6729437112808228,-0.039777643978595734,0.9998883605003357],[-0.20554804801940918,0.44320714473724365,-0.5573713779449463,-0.22254197299480438,-0.6434333324432373,-0.05600573122501373,1.001308560371399],[-0.19691580533981323,0.3467240631580353,-0.6387980580329895,-0.2099948674440384,-0.6203029751777649,-0.0585930310189724,1.0007665157318115]]]","[0.009782492183148861,0.088103286921978,0.016992798075079918,0.014226849190890789,0.3316807448863983,0.00014625331095885485,2.6975956643582322e-05]",0.06585133820772171,"[0.05380866676568985,0.06039748340845108,0.07290064543485641,0.06957205384969711,0.07257787138223648]",30.439154601507276,0.0,52.32217201618765,0.0,7799883917981918442,46,1090.51318359375,1090.51318359375,"[1,30,256]",0.0,"[1,30,256]",True,49,0.75,116,libero_object,4,"[[[-6.556510925292969e-07,0.9563851356506348,-0.13953536748886108,-0.30639952421188354,-0.06991147994995117,-0.040709614753723145,0.9999990463256836],[-0.02857208251953125,0.9190021753311157,-0.23255854845046997,-0.3468034863471985,-0.06991147994995117,-0.040709614753723145,0.9999990463256836],[-0.0750005841255188,0.8504661321640015,-0.302325963973999,-0.3737393617630005,-0.06991147994995117,-0.040709614753723145,0.9999990463256836],[-0.11428624391555786,0.7445472478866577,-0.4098840355873108,-0.3737393617630005,-0.05775344371795654,-0.040709614753723145,0.9999990463256836],[-0.11428624391555786,0.6884726285934448,-0.46802353858947754,-0.3670054078102112,-0.04559546709060669,-0.040709614753723145,0.9999990463256836]]]","[0.0029241442680358887,0.1086382195353508,0.01861734688282013,0.013247079215943813,0.011745450086891651,0.014298860915005207,0.002480903407558799]",0.024564573541283607,"[0.03607557341456413,0.03336752951145172,0.022480947896838188,0.015610946342349052,0.015287868678569794]",48,B36
0.0,0.00019353708194103092,CC,C600,Q,,A,139.6070098876953,139.6070098876953,"[1,7,256]",0.0,"[1,7,256]",True,25,370.5856628417969,370.5856628417969,"[26,7,256]",0.0,"[26,7,256]",True,"[0.15402249991893768,0.03061141073703766,0.03780537471175194,0.06792587786912918,0.022575996816158295,0.06025880575180054,0.0014886165736243129]",0.05352694168686867,"[0.05975781008601189,0.05403609946370125,0.05623750388622284,0.04441828653216362,0.05318500101566315]",0.052153799682855606,281.96917724609375,281.96917724609375,[81920],0.0,[81920],True,20,443.1979064941406,443.1979064941406,"[26,50,1024]",0.0,"[26,50,1024]",True,"[[[-0.3089004158973694,-0.16000661253929138,-0.38921070098876953,-0.9860656261444092,0.7444238066673279,0.9436424970626831,-1.0037577152252197],[-0.30045488476753235,-0.17266599833965302,-0.42703476548194885,-1.0463792085647583,0.7426251769065857,0.9195550680160522,-1.008858561515808],[-0.28318139910697937,-0.1947789490222931,-0.4666234850883484,-1.0870599746704102,0.7536419630050659,0.9078273773193359,-1.006369948387146],[-0.2608790397644043,-0.2009301781654358,-0.4880385100841522,-1.1232361793518066,0.805902361869812,0.8860743641853333,-1.0123909711837769],[-0.22929592430591583,-0.20783862471580505,-0.5053032040596008,-1.1494964361190796,0.897841215133667,0.8641514182090759,-1.0175237655639648]]]","[0.12217903137207031,0.044026609510183334,0.04975951462984085,0.04720303788781166,0.0427938736975193,0.02672489918768406,0.00011875786731252447]",0.04754366725683212,"[0.036149974912405014,0.04130738601088524,0.050071362406015396,0.05408982187509537,0.056099824607372284]",34.067367709860314,0.0,37.21247037705238,0.0,3228420230932740579,48,893.2405395507812,893.2405395507812,"[1,26,256]",0.0,"[1,26,256]",True,47,0.25,31,libero_goal,0,"[[[0.07499933242797852,0.02180635929107666,-0.2034887671470642,-0.8922562599182129,0.7629129886627197,0.7734483480453491,-1.0],[0.07499933242797852,0.02180635929107666,-0.2151166796684265,-0.8855222463607788,0.8601770401000977,0.7592891454696655,-1.0],[0.07499933242797852,0.02180635929107666,-0.2296515703201294,-0.8720543384552002,0.9635201692581177,0.738050103187561,-1.0],[0.06785643100738525,0.02180635929107666,-0.2500004172325134,-0.8653203248977661,1.0729424953460693,0.7238909006118774,-1.0],[0.0642850399017334,0.02180635929107666,-0.2674422860145569,-0.8518523573875427,1.188443660736084,0.7097315788269043,-1.0]]]","[0.018357958644628525,0.012124446220695972,0.008329849690198898,0.0008515510708093643,0.07536163181066513,0.030275315046310425,0.00029391978750936687]",0.020799240097403526,"[0.009219503961503506,0.011004181578755379,0.020965568721294403,0.02145298942923546,0.04135395959019661]",46,B36
0.0,0.00014104963338468224,CC,C600,Q,,A,139.6070098876953,139.6070098876953,"[1,7,256]",0.0,"[1,7,256]",True,25,370.5856628417969,370.5856628417969,"[26,7,256]",0.0,"[26,7,256]",True,"[0.0303721372038126,0.018181508406996727,0.04037940129637718,0.054741270840168,0.0005179044674150646,0.006276069674640894,0.0003866032639052719]",0.021550700068473816,"[0.018231093883514404,0.01623653993010521,0.016684306785464287,0.02048548310995102,0.03611607477068901]",0.06848079711198807,281.96917724609375,281.96917724609375,[81920],0.0,[81920],True,20,443.1979064941406,443.1979064941406,"[26,50,1024]",0.0,"[26,50,1024]",True,"[[[-0.14718663692474365,0.6343897581100464,-0.6801166534423828,0.4689130187034607,-0.03196721524000168,-0.21509785950183868,-1.0213024616241455],[-0.1814785599708557,0.8704198598861694,-0.7453567385673523,0.2792653739452362,-0.038334719836711884,-0.16836333274841309,-1.0187671184539795],[-0.2100273072719574,1.0405415296554565,-0.8014561533927917,0.11253673583269119,-0.05246496573090553,-0.14856183528900146,-1.0224307775497437],[-0.21763837337493896,1.1575804948806763,-0.8362183570861816,-0.009682923555374146,-0.06234480440616608,-0.13284696638584137,-1.026232123374939],[-0.21773873269557953,1.21861732006073,-0.8507471680641174,-0.10664066672325134,-0.05358850955963135,-0.12718909978866577,-1.0329196453094482]]]","[0.12193930149078369,0.027515634894371033,0.06750964373350143,0.24214720726013184,0.0006129867979325354,0.014861364848911762,0.0006161933415569365]",0.06788604706525803,"[0.1142752468585968,0.07578323036432266,0.0520474836230278,0.04870777204632759,0.04861650988459587]",34.067367709860314,0.0,37.21247037705238,0.0,166261170614490845,48,893.2405395507812,893.2405395507812,"[1,26,256]",0.0,"[1,26,256]",True,47,0.75,94,libero_goal,0,"[[[-0.46071457862854004,0.5763231515884399,-1.034883737564087,-0.2659956216812134,-0.06991147994995117,-0.040709614753723145,-1.0],[-0.5071431398391724,0.7102794647216797,-1.034883737564087,-0.2659956216812134,-0.06991147994995117,-0.040709614753723145,-1.0],[-0.5500003099441528,0.8442357778549194,-1.034883737564087,-0.2659956216812134,-0.06991147994995117,-0.040709614753723145,-1.0],[-0.5892859697341919,0.9563851356506348,-1.034883737564087,-0.3468034863471985,-0.06991147994995117,-0.040709614753723145,-1.0],[-0.6071431040763855,1.0467278957366943,-1.034883737564087,-0.4478132128715515,-0.06991147994995117,-0.040709614753723145,-1.0]]]","[0.007959379814565182,0.022989347577095032,0.07561909407377243,0.005316001363098621,2.8319529519649222e-05,0.023543594405055046,0.0004940836224704981]",0.019421404227614403,"[0.012086572125554085,0.014814315363764763,0.018455898389220238,0.02050400711596012,0.031246226280927658]",46,B36
0.0,9.948168735718355e-05,CC,C600,Q,,B,143.47442626953125,143.47442626953125,"[1,7,256]",0.0,"[1,7,256]",True,25,406.1499938964844,406.1499938964844,"[30,7,256]",0.0,"[30,7,256]",True,"[0.24527935683727264,0.0037425768095999956,0.03443780541419983,0.20491929352283478,0.24110177159309387,0.12837429344654083,0.0002233493869425729]",0.12258262932300568,"[0.11542502790689468,0.1236732229590416,0.11648695170879364,0.13405311107635498,0.12327487766742706]",0.07823307812213898,281.96051025390625,281.96051025390625,[81920],0.0,[81920],True,20,479.3324279785156,479.3324279785156,"[30,50,1024]",0.0,"[30,50,1024]",True,"[[[0.08338548243045807,-0.094365194439888,-0.16729354858398438,-0.7493492364883423,0.962617039680481,0.5921950936317444,-1.0096335411071777],[0.0006349459290504456,-0.09198024123907089,-0.18852828443050385,-0.7230498790740967,1.0539616346359253,0.6167606115341187,-1.0050119161605835],[-0.05144466459751129,-0.09064213931560516,-0.206620454788208,-0.6865881681442261,1.152191162109375,0.6369144916534424,-1.0097017288208008],[-0.07523050904273987,-0.08689478039741516,-0.2157842516899109,-0.6518738865852356,1.2271422147750854,0.6422187685966492,-1.0035399198532104],[-0.09763583540916443,-0.08945990353822708,-0.22777870297431946,-0.6295243501663208,1.2842540740966797,0.6454329490661621,-1.0121511220932007]]]","[0.1674782931804657,0.005908357910811901,0.0034770031925290823,0.3134029507637024,0.42177173495292664,0.013329860754311085,7.444575749104843e-05]",0.13220608234405518,"[0.07695763558149338,0.10693659633398056,0.13698621094226837,0.1626816689968109,0.17746834456920624]",33.93880195298138,0.0,37.58546933337445,0.0,1347094762221098555,46,947.9837036132812,947.9837036132812,"[1,30,256]",0.0,"[1,30,256]",True,49,0.25,32,libero_goal,0,"[[[0.3857133388519287,-0.031153202056884766,-0.14534932374954224,-1.2087535858154297,0.4893573522567749,0.5044221878051758,-1.0],[0.3857133388519287,-0.021807432174682617,-0.14534932374954224,-1.2289555072784424,0.48327839374542236,0.5079621076583862,-1.0],[0.37857067584991455,-0.012461602687835693,-0.14534932374954224,-1.242423415184021,0.4893573522567749,0.5115017890930176,-1.0],[0.37499916553497314,-0.006231069564819336,-0.14534932374954224,-1.2626254558563232,0.49543654918670654,0.515041708946228,-1.0],[0.3607133626937866,-5.364418029785156e-07,-0.1482563018798828,-1.2760933637619019,0.5197525024414062,0.5221213102340698,-1.0]]]","[0.13685061037540436,0.0025455448776483536,0.014643505215644836,0.05073297768831253,0.04286379739642143,0.13892146944999695,7.957293564686552e-05]",0.055233921855688095,"[0.05701038986444473,0.05832000821828842,0.05216927453875542,0.05587700009346008,0.05279296264052391]",48,B36
0.0,0.00023776253510732204,CC,C600,Q,,B,143.47442626953125,143.47442626953125,"[1,7,256]",0.0,"[1,7,256]",True,25,406.1499938964844,406.1499938964844,"[30,7,256]",0.0,"[30,7,256]",True,"[0.12495815753936768,0.9127064943313599,0.13597655296325684,0.034349001944065094,0.017157426103949547,0.04176032170653343,0.0007622020202688873]",0.18109571933746338,"[0.1822001039981842,0.18037155270576477,0.19700244069099426,0.17185311019420624,0.17405147850513458]",0.05129391700029373,281.96051025390625,281.96051025390625,[81920],0.0,[81920],True,20,479.3324279785156,479.3324279785156,"[30,50,1024]",0.0,"[30,50,1024]",True,"[[[-0.5855059027671814,-0.739433765411377,-0.3954799771308899,0.35352134704589844,0.24816162884235382,-0.2630462944507599,-1.0119709968566895],[-0.6357230544090271,-0.7035971879959106,-0.4333515465259552,0.32612770795822144,0.3469904661178589,-0.23593465983867645,-1.0148698091506958],[-0.6716480255126953,-0.6745370626449585,-0.48548150062561035,0.30437490344047546,0.37690386176109314,-0.21833254396915436,-1.01509690284729],[-0.7041656374931335,-0.6006980538368225,-0.5632703900337219,0.2675873041152954,0.4115734398365021,-0.18045347929000854,-1.01387619972229],[-0.6978891491889954,-0.5336357951164246,-0.6782732009887695,0.2347685545682907,0.3871946632862091,-0.14531511068344116,-1.011335849761963]]]","[0.2738781273365021,1.3029049634933472,0.21812032163143158,0.052411504089832306,0.16579927504062653,0.0027266289107501507,0.00018267658015247434]",0.2880033552646637,"[0.24974028766155243,0.28317415714263916,0.3121210038661957,0.3014155924320221,0.2935657203197479]",33.93880195298138,0.0,37.58546933337445,0.0,8043149644140822759,46,947.9837036132812,947.9837036132812,"[1,30,256]",0.0,"[1,30,256]",True,49,0.75,95,libero_goal,0,"[[[-0.1285719871520996,0.30841052532196045,-1.0290697813034058,0.2929251194000244,0.07598471641540527,-0.1823022961616516,-1.0],[-0.1285719871520996,0.40498363971710205,-0.9941860437393188,0.1851813793182373,-0.051674485206604004,-0.1858420968055725,-1.0],[-0.1285719871520996,0.5264788866043091,-0.9244186878204346,0.07070362567901611,-0.06991147994995117,-0.20000135898590088,-1.0],[-0.1285719871520996,0.5607467889785767,-0.9156977534294128,-0.003370225429534912,-0.06991147994995117,-0.1823022961616516,-1.0],[-0.17142915725708008,0.6479741334915161,-0.9186047315597534,-0.09764605760574341,-0.06991147994995117,-0.21062082052230835,-1.0]]]","[0.07402067631483078,0.05115506052970886,0.05781811103224754,0.0768490880727768,0.010706056840717793,0.08046714216470718,6.699244113406166e-05]",0.050154734402894974,"[0.07195772975683212,0.05680494010448456,0.0437968447804451,0.038423359394073486,0.039790794253349304]",48,B36
0.0,0.00035367102827876806,CC,C600,Q,,A,177.58544921875,177.58544921875,"[1,9,256]",0.0,"[1,9,256]",True,20,527.9896240234375,527.9896240234375,"[29,9,256]",0.0,"[29,9,256]",True,"[0.26106029748916626,0.015779124572873116,0.028369266539812088,0.012222719378769398,0.026204263791441917,0.0002534723898861557,0.000297188205877319]",0.049169473350048065,"[0.02654258720576763,0.023797912523150444,0.05178268998861313,0.06771451234817505,0.07600967586040497]",0.09719857573509216,281.98486328125,281.98486328125,[81920],0.0,[81920],True,25,467.0655517578125,467.0655517578125,"[29,50,1024]",0.0,"[29,50,1024]",True,"[[[-0.38591912388801575,-0.03268267214298248,-0.8927428722381592,-0.23403367400169373,-0.27866214513778687,-0.03443365544080734,-1.0036531686782837],[-0.38929444551467896,-0.026693709194660187,-0.8879846930503845,-0.22554200887680054,-0.2737126052379608,-0.044371772557497025,-1.0048407316207886],[-0.360037624835968,-0.033906709402799606,-0.8824363350868225,-0.23599380254745483,-0.24636392295360565,-0.044128887355327606,-1.0057313442230225],[-0.3283615708351135,-0.02935950458049774,-0.8605579733848572,-0.22811970114707947,-0.21593904495239258,-0.040847957134246826,-1.015013337135315],[-0.32273727655410767,-0.01971205696463585,-0.8231760859489441,-0.23610848188400269,-0.18868260085582733,-0.05529135465621948,-1.0149273872375488]]]","[0.11248476803302765,0.001567424857057631,0.027947520837187767,0.001000545802526176,0.004167575389146805,5.54273538000416e-05,0.00010357075370848179]",0.02104668878018856,"[0.01564447209239006,0.019226839765906334,0.022974031046032906,0.024320971220731735,0.023067137226462364]",36.13827028037482,0.0,43.473863994058604,0.0,2197700932143374439,48,1036.033447265625,1036.033447265625,"[1,29,256]",0.0,"[1,29,256]",True,47,0.25,35,libero_goal,5,"[[[-0.110714852809906,-0.1059194803237915,-0.758721113204956,-0.24579370021820068,-0.3799409866333008,-0.040709614753723145,-1.0],[-0.07142913341522217,-0.05919051170349121,-0.7296513319015503,-0.2659956216812134,-0.3495458960533142,-0.040709614753723145,-1.0],[-0.010714948177337646,-0.028037965297698975,-0.697674572467804,-0.2659956216812134,-0.30699288845062256,-0.040709614753723145,-1.0],[0.03214216232299805,-5.364418029785156e-07,-0.668604850769043,-0.2659956216812134,-0.2462027668952942,-0.040709614753723145,-1.0],[0.042856454849243164,0.0031147003173828125,-0.6627908945083618,-0.2659956216812134,-0.17325466871261597,-0.040709614753723145,-1.0]]]","[0.06101774796843529,0.01041856873780489,0.0026024857070297003,0.01826087199151516,0.005350293125957251,0.0001429103867849335,3.900582669302821e-05]",0.013975981622934341,"[0.004130017012357712,0.005719572771340609,0.01205199770629406,0.020102161914110184,0.02787616476416588]",46,B36
0.0,0.0008848457946442068,CC,C600,Q,,A,177.58544921875,177.58544921875,"[1,9,256]",0.0,"[1,9,256]",True,20,527.9896240234375,527.9896240234375,"[29,9,256]",0.0,"[29,9,256]",True,"[0.10437214374542236,1.2446964979171753,0.04615182429552078,0.3987031877040863,0.014336073771119118,0.08268290013074875,0.002770460909232497]",0.27053046226501465,"[0.34878668189048767,0.3207257390022278,0.28819409012794495,0.2129523903131485,0.18199345469474792]",0.18303361535072327,281.98486328125,281.98486328125,[81920],0.0,[81920],True,25,467.0655517578125,467.0655517578125,"[29,50,1024]",0.0,"[29,50,1024]",True,"[[[-0.4127916693687439,-0.33333200216293335,-0.6139280200004578,-0.6318954229354858,-0.07553579658269882,0.19797122478485107,-1.010121464729309],[-0.3704341948032379,-0.3368300199508667,-0.5741310119628906,-0.6099033355712891,-0.06198526918888092,0.15349876880645752,-1.0020326375961304],[-0.3230726420879364,-0.3744954764842987,-0.49440670013427734,-0.5640885233879089,-0.03080121986567974,0.11369888484477997,-1.007446050643921],[-0.2818623483181,-0.3625454902648926,-0.37731215357780457,-0.5149668455123901,0.019213899970054626,0.047158382833004,-1.0145530700683594],[-0.26167675852775574,-0.35179418325424194,-0.29507505893707275,-0.49331313371658325,0.010568611323833466,0.019468743354082108,-1.0126757621765137]]]","[0.13218829035758972,1.9387108087539673,0.009435250423848629,0.13977503776550293,0.00699350330978632,0.025973929092288017,0.00010689722694223747]",0.3218833804130554,"[0.3226415812969208,0.3200247287750244,0.3307330310344696,0.3208409547805786,0.3151768147945404]",36.13827028037482,0.0,43.473863994058604,0.0,7313767176395743740,48,1036.033447265625,1036.033447265625,"[1,29,256]",0.0,"[1,29,256]",True,47,0.75,104,libero_goal,5,"[[[-0.6857144832611084,1.0467278957366943,-0.485465407371521,-0.18518781661987305,-0.15501761436462402,-0.040709614753723145,-1.0],[-0.6857144832611084,1.0436127185821533,-0.47674447298049927,-0.18518781661987305,-0.14893865585327148,-0.040709614753723145,-1.0],[-0.6821430921554565,1.0436127185821533,-0.4622095823287964,-0.18518781661987305,-0.11246448755264282,-0.040709614753723145,-1.0],[-0.6892858743667603,1.0373821258544922,-0.44186079502105713,-0.19865578413009644,-0.06991147994995117,-0.040709614753723145,-1.0],[-0.7000001668930054,1.031151533126831,-0.4215119481086731,-0.2188577651977539,-0.06991147994995117,-0.040709614753723145,-1.0]]]","[0.025994231924414635,0.7258788347244263,0.0028121131472289562,0.004477320704609156,0.0404692105948925,0.0005207433714531362,0.0011372327571734786]",0.11446995288133621,"[0.12282408773899078,0.1115557923913002,0.11620764434337616,0.10799846053123474,0.11376380920410156]",46,B36
0.0,0.00032865657703951,CC,C600,Q,,B,177.35325622558594,177.35325622558594,"[1,9,256]",0.0,"[1,9,256]",True,20,603.7239379882812,603.7239379882812,"[38,9,256]",0.0,"[38,9,256]",True,"[0.009895140305161476,0.017994819208979607,0.11171206086874008,0.18585273623466492,0.03650761768221855,0.010485868901014328,0.0007026087841950357]",0.05330726504325867,"[0.029755614697933197,0.03291749954223633,0.045761484652757645,0.06233127787709236,0.0957704484462738]",0.051781777292490005,281.9833068847656,281.9833068847656,[81920],0.0,[81920],True,25,534.6136474609375,534.6136474609375,"[38,50,1024]",0.0,"[38,50,1024]",True,"[[[-0.3139048218727112,0.0802137553691864,-0.7084479331970215,0.08559367805719376,-0.15748558938503265,-0.05553179979324341,-0.9980871677398682],[-0.3480841815471649,0.09345361590385437,-0.6988328099250793,0.03863168880343437,-0.1544341742992401,-0.03683503717184067,-0.9920529127120972],[-0.34960684180259705,0.1735570877790451,-0.6565814018249512,-0.03572404012084007,-0.1432470828294754,-0.044014785438776016,-0.995111346244812],[-0.2939845621585846,0.2941623032093048,-0.5760091543197632,-0.1161997839808464,-0.13405120372772217,-0.045070089399814606,-1.003079891204834],[-0.26213157176971436,0.38555556535720825,-0.495414137840271,-0.1650264859199524,-0.11601434648036957,-0.06227666139602661,-1.0081796646118164]]]","[0.0016113667516037822,0.03108149766921997,0.05219191312789917,0.10514900833368301,0.0052861603908240795,0.002789928577840328,3.3421336411265656e-05]",0.028306184336543083,"[0.023668162524700165,0.021603738889098167,0.021776650100946426,0.029460571706295013,0.04502180963754654]",36.55067900928427,0.0,44.723901333623765,0.0,5172841219135816146,46,1189.434326171875,1189.434326171875,"[1,38,256]",0.0,"[1,38,256]",True,49,0.25,29,libero_goal,5,"[[[-0.2857147455215454,0.02180635929107666,-0.8575582504272461,-0.2659956216812134,-0.06991147994995117,0.033626556396484375,-1.0],[-0.2964290380477905,0.04361319541931152,-0.8459303379058838,-0.29966557025909424,-0.06991147994995117,0.015927433967590332,-1.0],[-0.2857147455215454,0.06230473518371582,-0.8459303379058838,-0.3400694727897644,-0.06991147994995117,0.0017682313919067383,-1.0],[-0.28214335441589355,0.07476580142974854,-0.8517442941665649,-0.39394134283065796,-0.06991147994995117,-0.019470691680908203,-1.0],[-0.24285763502120972,0.0872267484664917,-0.8197675347328186,-0.5084190368652344,-0.06991147994995117,-0.040709614753723145,-1.0]]]","[0.06406398862600327,0.004549134057015181,0.01689337007701397,0.04528329148888588,0.057178009301424026,0.008475899696350098,0.0002656881988514215]",0.02810133807361126,"[0.02155340649187565,0.018994906917214394,0.02538672648370266,0.03220529854297638,0.04236636683344841]",48,B36
0.0,0.0013358608121052384,CC,C600,Q,,B,177.35325622558594,177.35325622558594,"[1,9,256]",0.0,"[1,9,256]",True,20,603.7239379882812,603.7239379882812,"[38,9,256]",0.0,"[38,9,256]",True,"[0.027211949229240417,0.44783130288124084,1.0733380317687988,0.029075155034661293,0.34896764159202576,0.017833605408668518,0.0024094823747873306]",0.2780953347682953,"[0.5297354459762573,0.43948450684547424,0.2797285318374634,0.08895538002252579,0.05257274582982063]",0.09659343212842941,281.9833068847656,281.9833068847656,[81920],0.0,[81920],True,25,534.6136474609375,534.6136474609375,"[38,50,1024]",0.0,"[38,50,1024]",True,"[[[-0.9779192209243774,-0.12339906394481659,-1.0046460628509521,-0.16963058710098267,-0.6503574252128601,-0.02139836549758911,-0.9897371530532837],[-0.9745684266090393,-0.08052903413772583,-0.972100019454956,-0.1603090465068817,-0.604228138923645,-0.006209619343280792,-1.0011309385299683],[-1.017415165901184,0.005451656877994537,-0.8922398686408997,-0.10559950768947601,-0.516866147518158,-0.009956683963537216,-1.001630187034607],[-1.0326216220855713,0.15327295660972595,-0.7542487978935242,-0.04218108952045441,-0.3660147190093994,-0.009004272520542145,-0.9968507885932922],[-1.0212150812149048,0.2664303183555603,-0.638685941696167,-0.028442777693271637,-0.2946440577507019,-0.013298171572387218,-0.9980024099349976]]]","[0.06838758289813995,0.9722961783409119,0.4758763313293457,0.030541418120265007,0.12319387495517731,0.000853106495924294,2.4634091460029595e-05]",0.238739013671875,"[0.30460187792778015,0.29785361886024475,0.25742337107658386,0.1880938559770584,0.14572229981422424]",36.55067900928427,0.0,44.723901333623765,0.0,5635482954592866291,46,1189.434326171875,1189.434326171875,"[1,38,256]",0.0,"[1,38,256]",True,49,0.75,87,libero_goal,5,"[[[-0.8285714983940125,0.999998927116394,-0.1802329421043396,-0.2659956216812134,-0.2522818446159363,-0.040709614753723145,-1.0],[-0.7750001549720764,1.0155751705169678,-0.16860508918762207,-0.2659956216812134,-0.17325466871261597,-0.040709614753723145,-1.0],[-0.7392858862876892,1.021805763244629,-0.17732608318328857,-0.2659956216812134,-0.12462258338928223,-0.040709614753723145,-1.0],[-0.7250001430511475,1.031151533126831,-0.17732608318328857,-0.2659956216812134,-0.10638552904129028,-0.040709614753723145,-1.0],[-0.6928573846817017,1.0373821258544922,-0.1802329421043396,-0.2659956216812134,-0.06991147994995117,-0.040709614753723145,-1.0]]]","[0.05895625427365303,0.9167026877403259,0.11122182756662369,0.0055905114859342575,0.02031821571290493,0.0014299972681328654,0.0026348575484007597]",0.15955060720443726,"[0.15752720832824707,0.16360196471214294,0.15929992496967316,0.15334701538085938,0.1639769971370697]",48,B36
0.0,8.333773439517245e-05,CC,C600,Q,,A,213.83016967773438,213.83016967773438,"[1,19,256]",0.0,"[1,19,256]",True,37,715.376220703125,715.376220703125,"[48,19,256]",0.0,"[48,19,256]",True,"[0.04063333570957184,0.07172150909900665,0.04675118997693062,0.172660231590271,0.018851542845368385,0.0008643346955068409,0.0018947598291561007]",0.050482410937547684,"[0.02255401201546192,0.040561020374298096,0.059002555906772614,0.06282195448875427,0.06747251749038696]",0.12353330105543137,281.7350158691406,281.7350158691406,[81920],0.0,[81920],True,34,604.5128784179688,604.5128784179688,"[48,50,1024]",0.0,"[48,50,1024]",True,"[[[0.44907838106155396,-0.48872849345207214,-0.13397789001464844,-0.32427000999450684,-0.2720435857772827,-0.05239618569612503,1.0198681354522705],[0.4105774164199829,-0.45784056186676025,-0.1561552733182907,-0.32014819979667664,-0.28262221813201904,-0.054480910301208496,1.0065926313400269],[0.34590113162994385,-0.42099055647850037,-0.17552995681762695,-0.3017336130142212,-0.3094148635864258,-0.04698300361633301,1.0146574974060059],[0.2615150213241577,-0.40684056282043457,-0.2316555380821228,-0.3024694323539734,-0.3769841492176056,-0.05254276841878891,1.015600323677063],[0.17025049030780792,-0.3588981628417969,-0.29568949341773987,-0.2962799668312073,-0.449992835521698,-0.04397210478782654,1.0072519779205322]]]","[0.0014651775127276778,0.06732482463121414,0.013231058605015278,0.1322878748178482,0.026874898001551628,0.00010324946197215468,0.00018982624169439077]",0.03449670225381851,"[0.01388460211455822,0.02665257267653942,0.03694523870944977,0.0434892401099205,0.05151185765862465]",25.501371879699622,0.0,31.64756477948346,0.0,7570421501061691922,48,1220.2415771484375,1220.2415771484375,"[1,48,256]",0.0,"[1,48,256]",True,47,0.25,68,libero_10,4,"[[[0.4535706043243408,-0.6542057991027832,-0.017442405223846436,-0.09091198444366455,-0.30699288845062256,-0.040709614753723145,0.9999990463256836],[0.37142765522003174,-0.7009347081184387,-0.017442405223846436,0.0033638477325439453,-0.24012374877929688,-0.040709614753723145,0.9999990463256836],[0.31428492069244385,-0.7102804780006409,-0.08430278301239014,0.09090554714202881,-0.20364969968795776,-0.040709614753723145,0.9999990463256836],[0.26428496837615967,-0.6915888786315918,-0.13372141122817993,0.11784148216247559,-0.1854127049446106,-0.040709614753723145,0.9999990463256836],[0.23928487300872803,-0.6510905027389526,-0.17151212692260742,0.11784148216247559,-0.16109663248062134,-0.040709614753723145,0.9999990463256836]]]","[0.1332048922777176,0.04412058740854263,0.0011203367030248046,0.057734906673431396,0.044628020375967026,0.0009064038167707622,0.0004486168909352273]",0.040309108793735504,"[0.02968471311032772,0.03454284369945526,0.04831656441092491,0.0469328835606575,0.04206854850053787]",46,B36
0.0,3.482310376057285e-06,CC,C600,Q,,A,213.83016967773438,213.83016967773438,"[1,19,256]",0.0,"[1,19,256]",True,37,715.376220703125,715.376220703125,"[48,19,256]",0.0,"[48,19,256]",True,"[0.08470605313777924,0.0014729618560522795,0.026441140100359917,0.0019669311586767435,0.005405022297054529,0.03296162560582161,0.004009864293038845]",0.02242337167263031,"[0.02283720299601555,0.024655066430568695,0.016834568232297897,0.02033020555973053,0.02745981700718403]",0.0757480263710022,281.7350158691406,281.7350158691406,[81920],0.0,[81920],True,34,604.5128784179688,604.5128784179688,"[48,50,1024]",0.0,"[48,50,1024]",True,"[[[-0.6519664525985718,-0.002887219190597534,-0.5910944938659668,-0.28095918893814087,-0.03255854547023773,-0.0440497100353241,-1.0133439302444458],[-0.6162107586860657,0.00695115327835083,-0.5714127421379089,-0.27490535378456116,-0.04103146865963936,-0.04870323836803436,-1.0253328084945679],[-0.5724796652793884,-0.02820245921611786,-0.5457559823989868,-0.27335304021835327,-0.05492998659610748,-0.08394069969654083,-1.0202007293701172],[-0.5156994462013245,-0.02103649079799652,-0.49822303652763367,-0.26455628871917725,-0.06296128034591675,-0.08157160133123398,-1.007672667503357],[-0.4325934052467346,0.0004601944237947464,-0.44897526502609253,-0.25446975231170654,-0.0477215051651001,-0.10862153768539429,-1.0309464931488037]]]","[0.02042667381465435,0.0003283080004621297,0.005161026027053595,9.846811735769734e-05,0.0019045732915401459,0.003178051905706525,0.0004488872946240008]",0.004506569821387529,"[0.0028934278525412083,0.0040916395373642445,0.004672507289797068,0.004605419468134642,0.006269854959100485]",25.501371879699622,0.0,31.64756477948346,0.0,5052251981188736845,48,1220.2415771484375,1220.2415771484375,"[1,48,256]",0.0,"[1,48,256]",True,47,0.75,206,libero_10,4,"[[[-0.7464287281036377,0.02180635929107666,-0.5901165008544922,-0.2659956216812134,-0.0820695161819458,-0.1327449083328247,-1.0],[-0.7571430206298828,-0.003115832805633545,-0.5901165008544922,-0.2659956216812134,-0.0820695161819458,-0.12566518783569336,-1.0],[-0.7392858862876892,-0.006231069564819336,-0.593023419380188,-0.2659956216812134,-0.0820695161819458,-0.11504578590393066,-1.0],[-0.6642858982086182,-0.006231069564819336,-0.5872094631195068,-0.2659956216812134,-0.10638552904129028,-0.09026700258255005,-1.0],[-0.58571457862854,0.015575766563415527,-0.5726746916770935,-0.2659956216812134,-0.10030657052993774,-0.07610780000686646,-1.0]]]","[0.1447170227766037,0.0003358915855642408,0.044966258108615875,0.002213509753346443,0.0032498245127499104,0.004867137409746647,0.3274509906768799]",0.07540009170770645,"[0.0254463329911232,0.03340553864836693,0.047552626579999924,0.10076317191123962,0.16983281075954437]",46,B36
0.0,4.331193395046284e-06,CC,C600,Q,,B,213.118896484375,213.118896484375,"[1,19,256]",0.0,"[1,19,256]",True,37,713.8212890625,713.8212890625,"[48,19,256]",0.0,"[48,19,256]",True,"[0.03561338782310486,0.008960685692727566,0.0374281071126461,0.0003693744074553251,0.0017274821875616908,0.0008307946263812482,0.45104900002479553]",0.07656840234994888,"[0.06893046200275421,0.07037760317325592,0.0717248022556305,0.0772111639380455,0.09459800273180008]",0.05149732157588005,281.7371826171875,281.7371826171875,[81920],0.0,[81920],True,34,604.3356323242188,604.3356323242188,"[48,50,1024]",0.0,"[48,50,1024]",True,"[[[-0.3607141375541687,-0.04545256868004799,-0.44826412200927734,0.04525883495807648,-0.09937193244695663,0.15522915124893188,-1.0181059837341309],[-0.4228697121143341,-0.043170809745788574,-0.4504390358924866,0.01054176315665245,-0.1282389909029007,0.16136282682418823,-1.0051997900009155],[-0.46377837657928467,-0.02515542507171631,-0.44403111934661865,-0.025670446455478668,-0.14677593111991882,0.1531379073858261,-1.0106216669082642],[-0.5059667229652405,0.009079910814762115,-0.42758727073669434,-0.09299714863300323,-0.1414552479982376,0.14492245018482208,-1.015620470046997],[-0.5561698079109192,0.029157333076000214,-0.43197140097618103,-0.15757180750370026,-0.1439334899187088,0.1567322164773941,-1.0092952251434326]]]","[0.11441472917795181,0.012721327133476734,0.15353284776210785,0.05455852672457695,0.0040067951194942,0.03804893419146538,0.00015961691678967327]",0.05392039194703102,"[0.059034500271081924,0.05971411615610123,0.05442195013165474,0.048624806106090546,0.04780661314725876]",25.130152795496368,0.0,30.61561602844347,0.0,1750272122191094264,46,1230.541259765625,1230.541259765625,"[1,48,256]",0.0,"[1,48,256]",True,49,0.25,66,libero_10,4,"[[[-0.1285719871520996,0.14953207969665527,-0.017442405223846436,-0.2659956216812134,-0.08814853429794312,-0.040709614753723145,-1.0],[-0.1285719871520996,0.10903370380401611,-0.017442405223846436,-0.2659956216812134,-0.06991147994995117,-0.040709614753723145,-1.0],[-0.1285719871520996,0.02180635929107666,-0.03779119253158569,-0.2659956216812134,-0.06991147994995117,-0.040709614753723145,-1.0],[-0.1285719871520996,0.02180635929107666,-0.06976795196533203,-0.2659956216812134,-0.06991147994995117,-0.040709614753723145,-1.0],[-0.1357148289680481,0.02180635929107666,-0.1133725643157959,-0.2659956216812134,-0.06991147994995117,-0.040709614753723145,-1.0]]]","[0.030799061059951782,0.007579322904348373,0.03617622330784798,0.00018193140567746013,0.002932504052296281,0.0006749621825292706,0.5208685398101807]",0.0856017917394638,"[0.07549866288900375,0.07529613375663757,0.07961197197437286,0.09551163017749786,0.10209058970212936]",48,B36
0.0,2.8634613045142032e-06,CC,C600,Q,,B,213.118896484375,213.118896484375,"[1,19,256]",0.0,"[1,19,256]",True,37,713.8212890625,713.8212890625,"[48,19,256]",0.0,"[48,19,256]",True,"[0.015378708019852638,0.0002745041565503925,0.0009590268018655479,0.008420951664447784,0.0016567746642977,0.0013832588447257876,1.2612638473510742]",0.1841910183429718,"[0.012927645817399025,0.026863213628530502,0.49671119451522827,0.30457067489624023,0.07988231629133224]",0.04243943467736244,281.7371826171875,281.7371826171875,[81920],0.0,[81920],True,34,604.3356323242188,604.3356323242188,"[48,50,1024]",0.0,"[48,50,1024]",True,"[[[-0.6817498803138733,-0.06171926110982895,-0.5250822305679321,-0.22578716278076172,-0.17489808797836304,-0.06366239488124847,-1.0057066679000854],[-0.6549276113510132,-0.06455357372760773,-0.49916890263557434,-0.21237951517105103,-0.1647704392671585,-0.0703091248869896,-0.9944734573364258],[-0.6188993453979492,-0.07844462990760803,-0.49247854948043823,-0.2104986160993576,-0.12643414735794067,-0.0653495043516159,-1.0194294452667236],[-0.5690739154815674,-0.0683417022228241,-0.453590452671051,-0.2329026311635971,-0.11084753274917603,-0.07345040142536163,-1.0143742561340332],[-0.49316835403442383,-0.08263113349676132,-0.355846107006073,-0.21808835864067078,-0.10209427028894424,-0.07741235196590424,1.0048686265945435]]]","[0.0942331999540329,0.008703738451004028,0.013990342617034912,0.008860460482537746,0.005185342859476805,0.0006714101764373481,1.6271755695343018]",0.25126001238822937,"[0.02018713764846325,0.016963783651590347,0.6022804975509644,0.6007027626037598,0.016165902838110924]",25.130152795496368,0.0,30.61561602844347,0.0,2317014375466178463,46,1230.541259765625,1230.541259765625,"[1,48,256]",0.0,"[1,48,256]",True,49,0.75,199,libero_10,4,"[[[-0.39285755157470703,0.02180635929107666,-0.38662827014923096,-0.3670054078102112,-0.06991147994995117,-0.09026700258255005,-1.0],[-0.36785751581192017,0.02180635929107666,-0.3837212324142456,-0.29293161630630493,-0.06991147994995117,-0.07610780000686646,-1.0],[-0.30357182025909424,0.02180635929107666,-0.3575584888458252,-0.29293161630630493,-0.06991147994995117,-0.05132913589477539,0.9999990463256836],[-0.2321433424949646,0.02180635929107666,-0.32558178901672363,-0.3131335377693176,-0.06991147994995117,-0.040709614753723145,0.9999990463256836],[-0.18928629159927368,0.02180635929107666,-0.302325963973999,-0.28619760274887085,-0.06991147994995117,-0.040709614753723145,0.9999990463256836]]]","[0.00466677313670516,0.0010386379435658455,0.0017241918249055743,0.002896874910220504,0.0037038729060441256,0.0010140667436644435,0.9332796335220337]",0.13547486066818237,"[0.004872060380876064,0.011252240277826786,0.3416871130466461,0.22968724370002747,0.08987568318843842]",48,B36
0.0,2.7246274839853868e-05,CC,C600,Q,,A,169.15792846679688,169.15792846679688,"[1,13,256]",0.0,"[1,13,256]",True,34,770.0126953125,770.0126953125,"[58,13,256]",0.0,"[58,13,256]",True,"[0.1494787633419037,0.0011253412812948227,0.1760547012090683,0.00534746004268527,0.15175428986549377,0.0006492986576631665,0.0010963178938254714]",0.06935802102088928,"[0.07009347528219223,0.06989315152168274,0.07362531125545502,0.07007092237472534,0.06310725212097168]",0.14889603853225708,281.70379638671875,281.70379638671875,[81920],0.0,[81920],True,37,670.87158203125,670.87158203125,"[58,50,1024]",0.0,"[58,50,1024]",True,"[[[-0.22039324045181274,0.7549150586128235,0.5398390889167786,-0.2693965435028076,-0.31679442524909973,-0.0587606206536293,0.9968515038490295],[-0.21900491416454315,0.7940356135368347,0.5044283270835876,-0.26270872354507446,-0.37503480911254883,-0.0450197197496891,0.9960020184516907],[-0.22582855820655823,0.8160890936851501,0.4798203110694885,-0.26238739490509033,-0.44537806510925293,-0.05146676301956177,1.0024118423461914],[-0.22971150279045105,0.8344833850860596,0.44177794456481934,-0.25176483392715454,-0.5023091435432434,-0.05111907422542572,1.0000873804092407],[-0.21435673534870148,0.8466388583183289,0.396412193775177,-0.26198306679725647,-0.5447747111320496,-0.03148607909679413,0.9982486367225647]]]","[0.17413702607154846,0.005736778024584055,0.2512918710708618,0.006854165345430374,0.43031904101371765,0.0001307125057792291,6.955315711820731e-06]",0.12406806647777557,"[0.09560830891132355,0.11238306760787964,0.12990525364875793,0.13804322481155396,0.14440055191516876]",27.564439649084647,0.0,40.230374846249354,0.0,8442714955617139331,48,1239.2396240234375,1239.2396240234375,"[1,58,256]",0.0,"[1,58,256]",True,47,0.25,62,libero_10,7,"[[[0.21785640716552734,0.8380053043365479,0.999998927116394,-0.19192183017730713,0.18540692329406738,-0.040709614753723145,0.9999990463256836],[0.21071362495422363,0.8535815477371216,0.999998927116394,-0.15825188159942627,0.20972299575805664,-0.040709614753723145,0.9999990463256836],[0.1892850399017334,0.878503680229187,0.999998927116394,-0.13131588697433472,0.22188103199005127,-0.040709614753723145,0.9999990463256836],[0.1892850399017334,0.9190021753311157,0.9505802392959595,-0.2390596866607666,0.22188103199005127,-0.040709614753723145,0.9999990463256836],[0.16785645484924316,0.9314632415771484,0.9156967401504517,-0.2659956216812134,0.22188103199005127,-0.040709614753723145,0.9999990463256836]]]","[0.10879160463809967,0.0019926712848246098,0.15729467570781708,0.005921666510403156,0.10637664049863815,0.0006820780108682811,0.0006550283287651837]",0.05453062057495117,"[0.055441416800022125,0.056886326521635056,0.061055250465869904,0.05351104587316513,0.045759089291095734]",46,B36
0.0,3.624252713052556e-05,CC,C600,Q,,A,169.15792846679688,169.15792846679688,"[1,13,256]",0.0,"[1,13,256]",True,34,770.0126953125,770.0126953125,"[58,13,256]",0.0,"[58,13,256]",True,"[0.007152437698096037,0.27856412529945374,0.34635263681411743,1.152171015739441,0.558845579624176,0.2113526165485382,0.0037330598570406437]",0.3654530644416809,"[0.41153696179389954,0.47813278436660767,0.3381601870059967,0.2819923758506775,0.31744301319122314]",0.2866911292076111,281.70379638671875,281.70379638671875,[81920],0.0,[81920],True,37,670.87158203125,670.87158203125,"[58,50,1024]",0.0,"[58,50,1024]",True,"[[[0.2111530303955078,-0.06380137801170349,0.39499157667160034,-0.2254568487405777,0.6285833716392517,-0.08708196878433228,0.9945154190063477],[0.29479342699050903,-0.027040774002671242,0.4854978621006012,-0.2239774614572525,0.6425014138221741,-0.09466582536697388,1.002495288848877],[0.3672863841056824,0.002514505758881569,0.5493823885917664,-0.23927836120128632,0.6406685709953308,-0.08564731478691101,1.0019919872283936],[0.448574036359787,0.029354864731431007,0.5986053347587585,-0.23012739419937134,0.640470027923584,-0.088899165391922,0.9947935938835144],[0.5272128582000732,0.061321619898080826,0.6357492804527283,-0.2032044231891632,0.6938002109527588,-0.08366510272026062,1.0061765909194946]]]","[0.002712617628276348,0.1433238983154297,0.15136690437793732,0.3378104865550995,0.3940472900867462,0.044926803559064865,2.1106401618453674e-05]",0.15345844626426697,"[0.15245410799980164,0.18351112306118011,0.14235574007034302,0.1336161196231842,0.15535514056682587]",27.564439649084647,0.0,40.230374846249354,0.0,4151392753901295008,48,1239.2396240234375,1239.2396240234375,"[1,58,256]",0.0,"[1,58,256]",True,47,0.75,186,libero_10,7,"[[[0.2464277744293213,0.20560681819915771,0.6337201595306396,-0.8855222463607788,-0.06991147994995117,-0.20000135898590088,0.9999990463256836],[0.34642767906188965,0.34890902042388916,0.9360456466674805,-0.8383843898773193,-0.06991147994995117,-0.3238949775695801,0.9999990463256836],[0.46071338653564453,0.3676004409790039,0.999998927116394,-0.7979804277420044,0.12461686134338379,-0.3557533621788025,0.9999990463256836],[0.47857046127319336,0.42056000232696533,0.999998927116394,-0.7710444927215576,0.1185377836227417,-0.3238949775695801,0.9999990463256836],[0.5321418046951294,0.5264788866043091,0.999998927116394,-0.7239066362380981,0.03343164920806885,-0.26017826795578003,0.9999990463256836]]]","[0.04549431800842285,0.08625377714633942,0.07504226267337799,0.1944117397069931,0.037723518908023834,0.04097239300608635,0.0006671087467111647]",0.06865215301513672,"[0.06034455448389053,0.07911286503076553,0.07861785590648651,0.06422673165798187,0.06095879524946213]",46,B36
0.0,4.201888805255294e-05,CC,C600,Q,,B,169.48391723632812,169.48391723632812,"[1,13,256]",0.0,"[1,13,256]",True,34,735.1295166015625,735.1295166015625,"[53,13,256]",0.0,"[53,13,256]",True,"[0.019181324169039726,0.08518191426992416,0.07315149158239365,0.008998447097837925,0.7709126472473145,0.00045186359784565866,0.00019268275354988873]",0.1368671953678131,"[0.19856104254722595,0.14960011839866638,0.10579009354114532,0.12056232988834381,0.10982247442007065]",0.07417786866426468,281.7148132324219,281.7148132324219,[81920],0.0,[81920],True,37,641.1795654296875,641.1795654296875,"[53,50,1024]",0.0,"[53,50,1024]",True,"[[[-0.17208361625671387,0.5272053480148315,0.7576145529747009,-0.35639041662216187,-0.4507179260253906,-0.01963813602924347,1.0098910331726074],[-0.1865369975566864,0.6185827255249023,0.6978750228881836,-0.34504610300064087,-0.48558682203292847,-0.012987762689590454,0.9999500513076782],[-0.19801588356494904,0.6910076141357422,0.59746915102005,-0.31716999411582947,-0.5263163447380066,-0.020023727789521217,1.0146631002426147],[-0.20289009809494019,0.7577124238014221,0.5020802617073059,-0.32681143283843994,-0.5810327529907227,-0.012060388922691345,1.0041719675064087],[-0.18154524266719818,0.8255882859230042,0.40727442502975464,-0.31526967883110046,-0.5706239342689514,-0.009552285075187683,1.0133167505264282]]]","[0.010882945731282234,0.02187749557197094,0.1085808202624321,0.004633102100342512,0.7398556470870972,0.0014324638759717345,0.00010153256880585104]",0.12676627933979034,"[0.14056195318698883,0.12526577711105347,0.10721934586763382,0.1311427354812622,0.12964163720607758]",26.926016348993013,0.0,37.9710331197503,0.0,895811180839841733,46,1190.303955078125,1190.303955078125,"[1,53,256]",0.0,"[1,53,256]",True,49,0.25,72,libero_10,7,"[[[-0.010714948177337646,0.43613624572753906,0.8982548713684082,-0.2659956216812134,0.5075944662094116,-0.07610780000686646,0.9999990463256836],[-0.10357201099395752,0.4766346216201782,0.9215106964111328,-0.2659956216812134,0.4042513370513916,-0.05486893653869629,0.9999990463256836],[-0.1285719871520996,0.5264788866043091,0.9418593645095825,-0.2659956216812134,0.24619698524475098,-0.040709614753723145,0.9999990463256836],[-0.16071486473083496,0.5856688022613525,0.8982548713684082,-0.2659956216812134,0.27051305770874023,-0.040709614753723145,0.9999990463256836],[-0.30357182025909424,0.669780969619751,0.851743221282959,-0.2659956216812134,0.24619698524475098,-0.040709614753723145,0.9999990463256836]]]","[0.015155941247940063,0.028751997277140617,0.026058724150061607,0.0021127278450876474,0.20016172528266907,0.0006005076575092971,0.000697356357704848]",0.039076995104551315,"[0.061738330870866776,0.0421740896999836,0.029555615037679672,0.031212056055665016,0.03070490062236786]",48,B36
0.0,4.082506347913295e-05,CC,C600,Q,,B,169.48391723632812,169.48391723632812,"[1,13,256]",0.0,"[1,13,256]",True,34,735.1295166015625,735.1295166015625,"[53,13,256]",0.0,"[53,13,256]",True,"[0.04896986111998558,0.7453214526176453,0.027382606640458107,0.020932404324412346,0.2792709469795227,0.004511794541031122,0.001995802391320467]",0.16119784116744995,"[0.18187588453292847,0.14755675196647644,0.15376612544059753,0.15585079789161682,0.16693967580795288]",0.13590799272060394,281.7148132324219,281.7148132324219,[81920],0.0,[81920],True,37,641.1795654296875,641.1795654296875,"[53,50,1024]",0.0,"[53,50,1024]",True,"[[[0.5907160639762878,0.0830104649066925,0.9323093891143799,-0.2862318754196167,0.9313831925392151,-0.08352921158075333,1.0025957822799683],[0.5975394248962402,0.103116974234581,0.9304524064064026,-0.27361875772476196,0.9295545816421509,-0.07751762121915817,1.0023198127746582],[0.6034467220306396,0.13558955490589142,0.9244480133056641,-0.2685989737510681,0.9177431464195251,-0.08061639964580536,1.0060670375823975],[0.598037600517273,0.17589084804058075,0.8795158863067627,-0.26297593116760254,0.8716341853141785,-0.0767686665058136,1.0081229209899902],[0.591122031211853,0.23785024881362915,0.8134480714797974,-0.25374531745910645,0.7942432165145874,-0.06776431947946548,0.9981133341789246]]]","[0.002775635803118348,0.22839251160621643,0.002314068144187331,0.0001267168263439089,0.10381928831338882,0.0013176765060052276,2.3700553356320597e-05]",0.048395656049251556,"[0.05257772281765938,0.04842812940478325,0.048456791788339615,0.04768292233347893,0.04483271762728691]",26.926016348993013,0.0,37.9710331197503,0.0,4825284986999109913,46,1190.303955078125,1190.303955078125,"[1,53,256]",0.0,"[1,53,256]",True,49,0.75,218,libero_10,7,"[[[0.657141923904419,0.5077873468399048,0.9360456466674805,-0.2659956216812134,0.5075944662094116,-0.1398245096206665,0.9999990463256836],[0.6678560972213745,0.548285722732544,0.9156967401504517,-0.2659956216812134,0.5623054504394531,-0.1044263243675232,0.9999990463256836],[0.6607131958007812,0.6261674165725708,0.9040688276290894,-0.2659956216812134,0.6109377145767212,-0.05486893653869629,0.9999990463256836],[0.6321418285369873,0.6915878057479858,0.9011619091033936,-0.2659956216812134,0.6170166730880737,-0.040709614753723145,0.9999990463256836],[0.5999990701675415,0.7445472478866577,0.9156967401504517,-0.2659956216812134,0.5805425643920898,-0.040709614753723145,0.9999990463256836]]]","[0.005941823590546846,0.09702035784721375,0.039253830909729004,0.010688206180930138,0.031337983906269073,0.005164566915482283,0.0011466927826404572]",0.0272219255566597,"[0.024990031495690346,0.023198943585157394,0.03075486049056053,0.028022171929478645,0.029143616557121277]",48,B36
0.0,9.310713721788488e-06,CC,C600,M,,A,178.91172790527344,178.91172790527344,"[1,15,256]",0.0,"[1,15,256]",True,7,535.661376953125,535.661376953125,"[23,15,256]",0.0,"[23,15,256]",True,"[0.13902099430561066,0.08627699315547943,0.21838179230690002,0.0011523975990712643,0.14075390994548798,0.04267844185233116,0.4672873914241791]",0.15650741755962372,"[0.25440630316734314,0.2020268589258194,0.1435057520866394,0.1048080250620842,0.07779019325971603]",0.07386527210474014,281.9784240722656,281.9784240722656,[81920],0.0,[81920],True,5,418.09912109375,418.09912109375,"[23,50,1024]",0.0,"[23,50,1024]",True,"[[[-0.24284467101097107,0.08747226744890213,-0.5296158790588379,-0.08830694854259491,-0.07604392617940903,-0.005510061979293823,1.0063718557357788],[-0.19762876629829407,0.09977300465106964,-0.48750239610671997,-0.10216319561004639,-0.10193684697151184,-0.009144514799118042,1.0174939632415771],[-0.1547471582889557,0.08770337700843811,-0.4752787947654724,-0.08676134049892426,-0.08985704183578491,-0.026519611477851868,1.0080400705337524],[-0.10983417183160782,0.08277133107185364,-0.4233646094799042,-0.0879376083612442,-0.07564486563205719,-0.028452470898628235,1.017521858215332],[-0.04755127429962158,0.07727086544036865,-0.30884647369384766,-0.11994375288486481,-0.06665447354316711,-0.0818956196308136,1.0085333585739136]]]","[0.0026508260052651167,0.08450958132743835,0.13066716492176056,0.03660280629992485,0.10686179250478745,0.02655654586851597,0.8052558898925781]",0.17044349014759064,"[0.6276581287384033,0.0576135590672493,0.060871850699186325,0.06281235069036484,0.043261658400297165]",35.89721597247386,0.0,42.137925997601094,0.0,5898604950164596219,48,979.5619506835938,979.5619506835938,"[1,23,256]",0.0,"[1,23,256]",True,47,0.25,27,libero_spatial,5,"[[[-0.26428622007369995,0.42056000232696533,-0.2790701985359192,-0.27946358919143677,-0.46504712104797363,-0.08318740129470825,-1.0],[-0.1285719871520996,0.40186846256256104,-0.10755860805511475,-0.2659956216812134,-0.44073110818862915,-0.15398377180099487,0.9999990463256836],[-0.12142914533615112,0.3676004409790039,-0.03197723627090454,-0.27272963523864746,-0.3799409866333008,-0.20354115962982178,0.9999990463256836],[-0.1285719871520996,0.3676004409790039,-0.017442405223846436,-0.30639952421188354,-0.3981780409812927,-0.2318597435951233,0.9999990463256836],[-0.1285719871520996,0.32398688793182373,-0.017442405223846436,-0.3131335377693176,-0.3495458960533142,-0.2637180685997009,0.9999990463256836]]]","[0.13164590299129486,0.06103783845901489,0.15110211074352264,0.000963025726377964,0.11521583050489426,0.03165999799966812,0.3807324767112732]",0.12462245672941208,"[0.1919407695531845,0.16704049706459045,0.11766819655895233,0.08576922118663788,0.060693591833114624]",46,B36
0.0,4.7663794248364866e-05,CC,C600,M,,A,178.91172790527344,178.91172790527344,"[1,15,256]",0.0,"[1,15,256]",True,7,535.661376953125,535.661376953125,"[23,15,256]",0.0,"[23,15,256]",True,"[0.40786710381507874,0.003940558526664972,0.1504451185464859,0.13630376756191254,0.2144107073545456,0.10727009922266006,0.001687822281382978]",0.1459893137216568,"[0.13833969831466675,0.18272624909877777,0.1773085743188858,0.13749268651008606,0.09407936036586761]",0.15320433676242828,281.9784240722656,281.9784240722656,[81920],0.0,[81920],True,5,418.09912109375,418.09912109375,"[23,50,1024]",0.0,"[23,50,1024]",True,"[[[-0.6229244470596313,0.15782085061073303,-0.5933279395103455,0.037786439061164856,-0.12252192199230194,-0.13879066705703735,1.0060373544692993],[-0.7062892317771912,0.13383632898330688,-0.6340402364730835,0.03688902407884598,-0.23988136649131775,-0.09798547625541687,1.0040488243103027],[-0.7907270193099976,0.11957048624753952,-0.6730118989944458,0.06641586869955063,-0.41769737005233765,-0.07290241122245789,1.000160813331604],[-0.9112757444381714,0.08644305169582367,-0.7237489223480225,0.09765768051147461,-0.7034756541252136,-0.04032783955335617,1.0061355829238892],[-1.005218267440796,0.06305932998657227,-0.741030752658844,0.12172778695821762,-0.9162139892578125,0.003154173493385315,0.9955692887306213]]]","[0.24905596673488617,0.0008718243916518986,0.1238025575876236,0.11541865020990372,0.16226153075695038,0.06525824964046478,2.2033575078239664e-05]",0.10238440334796906,"[0.12872625887393951,0.12173832207918167,0.09711860865354538,0.0791773572564125,0.0851614773273468]",35.89721597247386,0.0,42.137925997601094,0.0,1908307486257974580,48,979.5619506835938,979.5619506835938,"[1,23,256]",0.0,"[1,23,256]",True,47,0.75,81,libero_spatial,5,"[[[-1.1464284658432007,0.11837947368621826,-1.034883737564087,-0.2659956216812134,-0.6656544208526611,0.06902480125427246,0.9999990463256836],[-1.2999998331069946,0.10591840744018555,-1.034883737564087,-0.2659956216812134,-0.6717334985733032,0.14690065383911133,0.9999990463256836],[-1.3642854690551758,0.09968781471252441,-1.034883737564087,-0.2659956216812134,-0.5927063226699829,0.20707762241363525,0.9999990463256836],[-1.374999761581421,0.09345734119415283,-1.0058139562606812,-0.2659956216812134,-0.4954422116279602,0.24955546855926514,0.9999990463256836],[-1.2785712480545044,0.10280311107635498,-0.970930278301239,-0.2659956216812134,-0.41033607721328735,0.24955546855926514,0.9999990463256836]]]","[0.10117041319608688,0.007145159877836704,0.10111987590789795,0.012411481700837612,0.011394422501325607,0.032513298094272614,0.007055622525513172]",0.038972895592451096,"[0.022757817059755325,0.03611801564693451,0.04915512725710869,0.04831291735172272,0.03852060064673424]",46,B36
0.0,3.8792219129391015e-05,CC,C600,M,,B,178.1996612548828,178.1996612548828,"[1,15,256]",0.0,"[1,15,256]",True,7,534.8096923828125,534.8096923828125,"[23,15,256]",0.0,"[23,15,256]",True,"[0.13751274347305298,0.024676194414496422,0.05429467558860779,0.04393794760107994,2.2547616958618164,0.49103590846061707,0.004515209700912237]",0.43010491132736206,"[0.511223316192627,0.5455648899078369,0.4890880584716797,0.35842078924179077,0.24622757732868195]",0.17179453372955322,281.9837341308594,281.9837341308594,[81920],0.0,[81920],True,5,418.7115173339844,418.7115173339844,"[23,50,1024]",0.0,"[23,50,1024]",True,"[[[-0.6460573077201843,0.04114317148923874,-1.0585393905639648,-0.24247244000434875,-0.08189700543880463,-0.04648921638727188,-1.0164122581481934],[-0.6506049036979675,0.053058329969644547,-1.0725919008255005,-0.2566613256931305,-0.07729794830083847,-0.03500603139400482,-1.0195294618606567],[-0.6671313643455505,0.07706340402364731,-1.0997451543807983,-0.2771235704421997,-0.09395959228277206,-0.032949261367321014,-1.012832522392273],[-0.6680554151535034,0.07351292669773102,-1.0868116617202759,-0.2646007537841797,-0.08580679446458817,-0.030721887946128845,-1.008771300315857],[-0.6728668212890625,0.08867718279361725,-1.0589174032211304,-0.2529565691947937,-0.06698539108037949,-0.04113683104515076,-1.0128679275512695]]]","[0.04106966033577919,0.002309843199327588,0.11972301453351974,0.032920610159635544,1.5092294216156006,0.28193578124046326,0.00021159101743251085]",0.2839142382144928,"[0.34412842988967896,0.3516448140144348,0.31903305649757385,0.23498618602752686,0.169778972864151]",36.006285575659746,0.0,42.16595124181034,0.0,4644491651927860461,46,974.1151733398438,974.1151733398438,"[1,23,256]",0.0,"[1,23,256]",True,49,0.25,27,libero_spatial,5,"[[[-0.3571432828903198,0.02180635929107666,-0.6802327036857605,-0.07071006298065186,-1.4255306720733643,-0.6353988647460938,-1.0],[-0.3964289426803589,0.02180635929107666,-0.6744188070297241,-0.050508081912994385,-1.443767786026001,-0.607080340385437,-1.0],[-0.4500003457069397,0.02180635929107666,-0.7005815505981445,-0.05724203586578369,-1.38905668258667,-0.5787618160247803,-1.0],[-0.5678573846817017,0.02180635929107666,-0.7790699005126953,-0.08417803049087524,-1.2066863775253296,-0.5292043685913086,-1.0],[-0.6821430921554565,0.02180635929107666,-0.8517442941665649,-0.14478391408920288,-1.0364739894866943,-0.476107120513916,-1.0]]]","[0.1645898073911667,0.031734783202409744,0.032893069088459015,0.030771199613809586,1.166866660118103,0.24347887933254242,0.002303321147337556]",0.23894822597503662,"[0.29525718092918396,0.3011026978492737,0.2728922963142395,0.19628338515758514,0.1292056441307068]",48,B36
0.0,0.00030255981255322695,CC,C600,M,,B,178.1996612548828,178.1996612548828,"[1,15,256]",0.0,"[1,15,256]",True,7,534.8096923828125,534.8096923828125,"[23,15,256]",0.0,"[23,15,256]",True,"[1.0521024465560913,0.2324427217245102,0.05666161701083183,0.0809989869594574,0.014227201230823994,0.02366512268781662,9.250779839931056e-05]",0.20859864354133606,"[0.21745029091835022,0.14259760081768036,0.15031057596206665,0.2458510845899582,0.28678369522094727]",0.15184278786182404,281.9837341308594,281.9837341308594,[81920],0.0,[81920],True,5,418.7115173339844,418.7115173339844,"[23,50,1024]",0.0,"[23,50,1024]",True,"[[[0.6085934042930603,-0.1436774581670761,-0.45069482922554016,-0.06914123147726059,-0.6859166026115417,-0.06487559527158737,1.0053880214691162],[0.600754976272583,-0.2346462607383728,-0.609120786190033,-0.09366720914840698,-0.6315463781356812,-0.06592032313346863,1.004853367805481],[0.5731654167175293,-0.27679750323295593,-0.7332466840744019,-0.1254863440990448,-0.585930585861206,-0.0668882504105568,1.009373664855957],[0.5363691449165344,-0.28518232703208923,-0.8334836363792419,-0.14969894289970398,-0.5901015996932983,-0.06519222259521484,1.010714054107666],[0.47764450311660767,-0.24707940220832825,-0.9457935094833374,-0.1862560212612152,-0.6286911964416504,-0.05736297369003296,1.0100328922271729]]]","[0.2424929440021515,0.02280166558921337,0.07557840645313263,0.0273733027279377,0.15305452048778534,0.0005563255399465561,7.119568908819929e-05]",0.07456118613481522,"[0.05570719391107559,0.06898058950901031,0.07680090516805649,0.07966674864292145,0.09165053069591522]",36.006285575659746,0.0,42.16595124181034,0.0,4698308146476797737,46,974.1151733398438,974.1151733398438,"[1,23,256]",0.0,"[1,23,256]",True,49,0.75,80,libero_spatial,5,"[[[1.064284324645996,-0.11215001344680786,-0.3488374948501587,-0.2659956216812134,-1.0486321449279785,-0.040709614753723145,0.9999990463256836],[1.042855978012085,-0.13707208633422852,-0.3575584888458252,-0.2659956216812134,-1.0607901811599731,-0.040709614753723145,0.9999990463256836],[1.0499987602233887,-0.14330261945724487,-0.42441892623901367,-0.2659956216812134,-1.006079077720642,-0.040709614753723145,0.9999990463256836],[1.071427345275879,-0.07476687431335449,-0.5465118885040283,-0.2659956216812134,-0.9513679146766663,-0.040709614753723145,0.9999990463256836],[1.0214273929595947,-0.043614208698272705,-0.5901165008544922,-0.3737393617630005,-1.006079077720642,-0.040709614753723145,0.9999990463256836]]]","[0.014493790455162525,0.0012319254456087947,0.004091842565685511,0.033764567226171494,0.47133421897888184,0.007880947552621365,4.8893143684836105e-05]",0.07612088322639465,"[0.0936112254858017,0.09117686003446579,0.06923364847898483,0.057589247822761536,0.06899343430995941]",48,B36
0.0,1.1908682608918753e-05,CC,C600,M,,A,186.5999298095703,186.5999298095703,"[1,14,256]",0.0,"[1,14,256]",True,5,607.4933471679688,607.4933471679688,"[37,14,256]",0.0,"[37,14,256]",True,"[0.15373492240905762,0.0008281385526061058,0.09945135563611984,0.09273545444011688,1.131546974182129,0.004191053565591574,0.0019212805200368166]",0.21205845475196838,"[0.17818351089954376,0.20248334109783173,0.22386309504508972,0.22301949560642242,0.23274287581443787]",0.10756760835647583,281.8807373046875,281.8807373046875,[81920],0.0,[81920],True,7,530.3530883789062,530.3530883789062,"[37,50,1024]",0.0,"[37,50,1024]",True,"[[[-0.1674460768699646,0.0046625458635389805,0.00708385556936264,-0.24436934292316437,-0.0693531334400177,-0.11300284415483475,1.00178062915802],[-0.14210623502731323,0.0038055554032325745,0.029491819441318512,-0.23022806644439697,-0.07433205842971802,-0.12020722031593323,0.9960086345672607],[-0.14890968799591064,0.004958353936672211,0.04173075407743454,-0.215137779712677,-0.08444887399673462,-0.1195715144276619,1.004777193069458],[-0.13208644092082977,0.008364405483007431,0.0672626793384552,-0.19972723722457886,-0.060854196548461914,-0.11316177248954773,1.0115712881088257],[-0.12479528039693832,0.00016991794109344482,0.09460955858230591,-0.1919221431016922,-0.06297991424798965,-0.10383719205856323,1.0031880140304565]]]","[0.09753192216157913,0.0004985506529919803,0.12703566253185272,0.06497190147638321,0.774664580821991,0.004482642747461796,3.720288077602163e-05]",0.1527460664510727,"[0.1338701695203781,0.15181823074817657,0.1600860208272934,0.15502126514911652,0.16293464601039886]",29.615065264909283,0.0,36.71175795725304,0.0,3060169894559326343,48,1241.4383544921875,1241.4383544921875,"[1,37,256]",0.0,"[1,37,256]",True,47,0.25,30,libero_spatial,7,"[[[-0.5750002861022949,0.02180635929107666,-0.4447677731513977,-0.4814831614494324,0.641332745552063,-0.040709614753723145,0.9999990463256836],[-0.5142860412597656,0.02180635929107666,-0.36627936363220215,-0.49495112895965576,0.7568339109420776,-0.040709614753723145,0.9999990463256836],[-0.45357179641723633,0.02180635929107666,-0.29651206731796265,-0.5016851425170898,0.8237029314041138,-0.040709614753723145,0.9999990463256836],[-0.38571470975875854,0.02180635929107666,-0.2412794828414917,-0.47474920749664307,0.8601770401000977,-0.07610780000686646,0.9999990463256836],[-0.2857147455215454,-0.03738367557525635,-0.15988421440124512,-0.39394134283065796,0.9392043352127075,-0.16106337308883667,0.9999990463256836]]]","[0.04780979081988335,0.0003339078393764794,0.027246886864304543,0.040810711681842804,0.5827047228813171,0.0026104834396392107,0.00442513870075345]",0.10084880888462067,"[0.08199790865182877,0.09379908442497253,0.102619968354702,0.10823255777359009,0.11759451776742935]",46,B36
0.0,7.39092065487057e-05,CC,C600,M,,A,186.5999298095703,186.5999298095703,"[1,14,256]",0.0,"[1,14,256]",True,5,607.4933471679688,607.4933471679688,"[37,14,256]",0.0,"[37,14,256]",True,"[0.07183543592691422,0.06554435193538666,0.02693907730281353,0.01305356901139021,0.05447128042578697,0.021537035703659058,0.00018208175606559962]",0.036223262548446655,"[0.030243564397096634,0.030745720490813255,0.034264545887708664,0.03944150730967522,0.046420976519584656]",0.11676152050495148,281.8807373046875,281.8807373046875,[81920],0.0,[81920],True,7,530.3530883789062,530.3530883789062,"[37,50,1024]",0.0,"[37,50,1024]",True,"[[[0.4293435215950012,0.45395347476005554,-0.02869977056980133,-0.2758816182613373,-0.5743888020515442,-0.5485019683837891,0.9980340003967285],[0.41743478178977966,0.4283022880554199,-0.05183878168463707,-0.2717125415802002,-0.5424073934555054,-0.5361544489860535,1.0007545948028564],[0.4146507978439331,0.4048182964324951,-0.07302466034889221,-0.2636341154575348,-0.5229360461235046,-0.5279325246810913,1.0027974843978882],[0.41724255681037903,0.3820101022720337,-0.09745799005031586,-0.2603837549686432,-0.5119093060493469,-0.5211264491081238,1.0049936771392822],[0.41798365116119385,0.3605894148349762,-0.12134265899658203,-0.2586991786956787,-0.5051236152648926,-0.5073785185813904,1.0062235593795776]]]","[0.06552977859973907,0.0025909391697496176,0.14136295020580292,4.414478826220147e-05,0.21355052292346954,0.05550432205200195,1.5190882550086826e-05]",0.06837111711502075,"[0.07999250292778015,0.07354088872671127,0.06775429099798203,0.0628073662519455,0.05776059627532959]",29.615065264909283,0.0,36.71175795725304,0.0,5106880675780522306,48,1241.4383544921875,1241.4383544921875,"[1,37,256]",0.0,"[1,37,256]",True,47,0.75,92,libero_spatial,7,"[[[0.6607131958007812,0.42367517948150635,-0.46511656045913696,-0.2659956216812134,-0.06991147994995117,-0.30265605449676514,0.9999990463256836],[0.6714276075363159,0.4299057722091675,-0.46511656045913696,-0.2659956216812134,-0.06991147994995117,-0.29911625385284424,0.9999990463256836],[0.6785702705383301,0.4392514228820801,-0.4505816698074341,-0.2659956216812134,-0.06991147994995117,-0.29203659296035767,0.9999990463256836],[0.6821417808532715,0.4423668384552002,-0.436046838760376,-0.2659956216812134,-0.06991147994995117,-0.2849569320678711,0.9999990463256836],[0.6821417808532715,0.44548213481903076,-0.4186049699783325,-0.2659956216812134,-0.06991147994995117,-0.2849569320678711,0.9999990463256836]]]","[0.06509437412023544,0.05693822726607323,0.0231742262840271,0.00973126944154501,0.05410109832882881,0.01785987988114357,0.0002712300338316709]",0.03245289623737335,"[0.025756923481822014,0.02757132053375244,0.031290438026189804,0.035614170134067535,0.042031653225421906]",46,B36
0.0,6.407296041288646e-06,CC,C600,M,,B,186.4424591064453,186.4424591064453,"[1,14,256]",0.0,"[1,14,256]",True,5,522.2661743164062,522.2661743164062,"[28,14,256]",0.0,"[28,14,256]",True,"[0.1379944384098053,0.008960465900599957,0.036279186606407166,0.1609567105770111,0.06953025609254837,0.020100673660635948,0.00032293409458361566]",0.06202066317200661,"[0.05050738528370857,0.05038241297006607,0.05512401834130287,0.07733158022165298,0.07675794512033463]",0.07219446450471878,281.8646545410156,281.8646545410156,[81920],0.0,[81920],True,7,462.67877197265625,462.67877197265625,"[28,50,1024]",0.0,"[28,50,1024]",True,"[[[-0.1352163851261139,-0.019832871854305267,-0.01612698845565319,-0.2662408649921417,0.29003167152404785,-0.07751074433326721,1.0056931972503662],[-0.12626159191131592,-0.019128665328025818,-0.006912132725119591,-0.2650303542613983,0.33138030767440796,-0.07936442643404007,1.0121926069259644],[-0.11428359895944595,-0.022231681272387505,-0.0029372423887252808,-0.2568269371986389,0.3458593189716339,-0.07765920460224152,1.0141115188598633],[-0.10932515561580658,-0.023913711309432983,0.009174266830086708,-0.2538734972476959,0.3576192557811737,-0.0834437757730484,1.0132472515106201],[-0.07490967214107513,0.0021476559340953827,0.03064131736755371,-0.2538582384586334,0.3614623546600342,-0.08101701736450195,1.014232873916626]]]","[0.05128618702292442,0.0017537862295284867,0.056553810834884644,0.03700200840830803,0.05721208080649376,0.004028650466352701,0.00015167698438744992]",0.029712598770856857,"[0.01907210424542427,0.018152594566345215,0.023920206353068352,0.034477170556783676,0.05294091999530792]",29.07357061223094,0.0,36.44290935186821,0.0,4594143207052349333,46,1087.8153076171875,1087.8153076171875,"[1,28,256]",0.0,"[1,28,256]",True,49,0.25,38,libero_spatial,7,"[[[-0.3535718321800232,-0.09345841407775879,-0.2674422860145569,-0.3468034863471985,0.21580207347869873,-0.005311429500579834,0.9999990463256836],[-0.3250004053115845,-0.05919051170349121,-0.23546552658081055,-0.40067535638809204,0.2279599905014038,-0.012391090393066406,0.9999990463256836],[-0.33214324712753296,-0.028037965297698975,-0.22674459218978882,-0.4478132128715515,0.17324888706207275,-0.019470691680908203,0.9999990463256836],[-0.3285719156265259,0.012460470199584961,-0.20639574527740479,-0.5218870639801025,0.09422183036804199,-0.019470691680908203,0.9999990463256836],[-0.3464289903640747,0.02180635929107666,-0.23546552658081055,-0.4814831614494324,-0.051674485206604004,-0.02655029296875,0.9999990463256836]]]","[0.05354387313127518,0.0016079798806458712,0.09554099291563034,0.035323839634656906,0.01546825747936964,0.008624939247965813,0.0003467659407760948]",0.03006523661315441,"[0.01864071935415268,0.02059249021112919,0.026870623230934143,0.03487464785575867,0.04934769496321678]",48,B36
0.0,7.069244020385668e-05,CC,C600,M,,B,186.4424591064453,186.4424591064453,"[1,14,256]",0.0,"[1,14,256]",True,5,522.2661743164062,522.2661743164062,"[28,14,256]",0.0,"[28,14,256]",True,"[0.013932784087955952,0.00015532928227912635,0.022474605590105057,0.0013438754249364138,0.047676391899585724,0.005791895091533661,0.004399208351969719]",0.013682013377547264,"[0.016619402915239334,0.013541066087782383,0.014570842497050762,0.01261222641915083,0.011066530831158161]",0.05123157426714897,281.8646545410156,281.8646545410156,[81920],0.0,[81920],True,7,462.67877197265625,462.67877197265625,"[28,50,1024]",0.0,"[28,50,1024]",True,"[[[0.34326112270355225,0.7248858213424683,-0.22394749522209167,-0.22001001238822937,-0.7581084370613098,-0.06010262295603752,1.0092124938964844],[0.3226044178009033,0.7154238820075989,-0.2682555019855499,-0.2065466344356537,-0.7417924404144287,-0.05701928958296776,1.0090681314468384],[0.31069043278694153,0.7059871554374695,-0.3159923255443573,-0.21874570846557617,-0.7117916345596313,-0.06017111986875534,1.0116065740585327],[0.2760429382324219,0.6927018761634827,-0.3612222671508789,-0.21397286653518677,-0.6912440061569214,-0.05999617278575897,1.0088759660720825],[0.24828143417835236,0.6887830495834351,-0.4136536419391632,-0.22007295489311218,-0.6727472543716431,-0.05505892261862755,1.0097020864486694]]]","[0.017527740448713303,0.0009734989143908024,0.0003487682843115181,0.0024247069377452135,0.2008921355009079,0.027922501787543297,9.49638633755967e-05]",0.03574061393737793,"[0.03912271186709404,0.04144108295440674,0.03562750667333603,0.03143465518951416,0.031077122315764427]",29.07357061223094,0.0,36.44290935186821,0.0,4843176701914511588,46,1087.8153076171875,1087.8153076171875,"[1,28,256]",0.0,"[1,28,256]",True,49,0.75,114,libero_spatial,7,"[[[0.503570556640625,0.7725847959518433,-0.21220970153808594,-0.2659956216812134,-0.27051883935928345,-0.1362847089767456,0.9999990463256836],[0.46071338653564453,0.7507778406143188,-0.2906981110572815,-0.2659956216812134,-0.24012374877929688,-0.17522269487380981,0.9999990463256836],[0.4249991178512573,0.732086181640625,-0.34011662006378174,-0.2659956216812134,-0.2583608031272888,-0.22478008270263672,0.9999990463256836],[0.3892848491668701,0.7133947610855103,-0.3837212324142456,-0.2659956216812134,-0.2887558937072754,-0.2637180685997009,0.9999990463256836],[0.37857067584991455,0.7040488719940186,-0.4098840355873108,-0.2592616677284241,-0.2887558937072754,-0.2814171314239502,0.9999990463256836]]]","[0.007349406834691763,0.00022530693968292326,0.034977007657289505,0.0038799026515334845,0.01890982687473297,0.0031766414176672697,0.00033447734313085675]",0.009836082346737385,"[0.009716962464153767,0.0090421661734581,0.01023747306317091,0.010902480222284794,0.009281327947974205]",48,B36
0.0,4.123529652133584e-05,CC,C600,M,,A,233.88095092773438,233.88095092773438,"[1,11,256]",0.0,"[1,11,256]",True,14,488.1627502441406,488.1627502441406,"[25,11,256]",0.0,"[25,11,256]",True,"[0.05125821754336357,0.005262100603431463,0.011657163500785828,0.0029993783682584763,0.3488660752773285,0.007238748949021101,0.00044407090172171593]",0.06110367923974991,"[0.07760903239250183,0.0791795402765274,0.05883331969380379,0.037324659526348114,0.0525718554854393]",0.052713893353939056,281.95001220703125,281.95001220703125,[81920],0.0,[81920],True,12,436.587158203125,436.587158203125,"[25,50,1024]",0.0,"[25,50,1024]",True,"[[[-0.2567300498485565,0.1165098324418068,-0.5978797078132629,-0.26118502020835876,-0.2586199939250946,-0.01966191828250885,-0.9981295466423035],[-0.284595787525177,0.11161132156848907,-0.615477442741394,-0.27204835414886475,-0.2508684992790222,-0.03045724332332611,-1.008514404296875],[-0.31874194741249084,0.05620456486940384,-0.6649284362792969,-0.2538982629776001,-0.24641381204128265,-0.03250328451395035,-1.0129830837249756],[-0.32058605551719666,0.032711222767829895,-0.7053222060203552,-0.2389315366744995,-0.2186512053012848,-0.04333658143877983,-1.014512538909912],[-0.29171767830848694,-0.008311957120895386,-0.7367860078811646,-0.24505984783172607,-0.16100448369979858,-0.04271278157830238,-1.0014567375183105]]]","[0.014875978231430054,0.003612615866586566,0.005189732648432255,0.00027537898859009147,0.09979841113090515,9.761767432792112e-05,9.145799413090572e-05]",0.01770588383078575,"[0.020120445638895035,0.022388344630599022,0.015157481655478477,0.010543185286223888,0.020319974049925804]",30.07868766753796,0.0,46.466843063668776,0.0,5545119331277237353,48,968.7490844726562,968.7490844726562,"[1,25,256]",0.0,"[1,25,256]",True,47,0.25,32,libero_object,2,"[[[-0.1285719871520996,0.04361319541931152,-0.6831396818161011,-0.2659956216812134,-0.5927063226699829,-0.03363001346588135,-1.0],[-0.1285719871520996,0.02180635929107666,-0.7005815505981445,-0.2659956216812134,-0.5927063226699829,-0.040709614753723145,-1.0],[-0.16071486473083496,0.02180635929107666,-0.7034885287284851,-0.2659956216812134,-0.525837242603302,-0.040709614753723145,-1.0],[-0.22857189178466797,0.02180635929107666,-0.6831396818161011,-0.2659956216812134,-0.47112613916397095,-0.037169814109802246,-1.0],[-0.2785719037055969,0.049843668937683105,-0.6395350694656372,-0.2659956216812134,-0.5197582244873047,-0.03363001346588135,-1.0]]]","[0.07982198148965836,0.0025748969055712223,0.0018674463499337435,0.002589303767308593,0.13395774364471436,0.00358980824239552,0.10301561653614044]",0.04677382856607437,"[0.042362723499536514,0.04672091454267502,0.049057286232709885,0.04253296181559563,0.053195275366306305]",46,B36
0.0,7.801090396242216e-05,CC,C600,M,,A,233.88095092773438,233.88095092773438,"[1,11,256]",0.0,"[1,11,256]",True,14,488.1627502441406,488.1627502441406,"[25,11,256]",0.0,"[25,11,256]",True,"[0.017029915004968643,0.0009435129468329251,0.01768733374774456,0.0010925413807854056,0.0005302611971274018,0.01473459042608738,0.0005278896423988044]",0.007506578229367733,"[0.007324536796659231,0.005313513334840536,0.005239593796432018,0.009537025354802608,0.010118220932781696]",0.0645284503698349,281.95001220703125,281.95001220703125,[81920],0.0,[81920],True,12,436.587158203125,436.587158203125,"[25,50,1024]",0.0,"[25,50,1024]",True,"[[[-0.2912692427635193,0.9070048332214355,-0.17605853080749512,-0.25934675335884094,-0.07984866201877594,-0.024607565253973007,1.0109766721725464],[-0.30329200625419617,0.8614462018013,-0.2510847747325897,-0.2613948881626129,-0.07646630704402924,-0.024431943893432617,1.0179414749145508],[-0.32866114377975464,0.82600337266922,-0.29098546504974365,-0.2579267919063568,-0.05975005030632019,-0.0235252995043993,1.024794578552246],[-0.3152654469013214,0.7759901881217957,-0.3304899036884308,-0.2485760748386383,-0.08942906558513641,-0.02370505779981613,1.017926573753357],[-0.31021419167518616,0.7223471999168396,-0.3852258026599884,-0.23828038573265076,-0.07388722896575928,-0.03787364810705185,1.0158028602600098]]]","[0.00412700604647398,0.0017020947998389602,0.0029224518220871687,0.0002404110273346305,0.002959048841148615,0.015335566364228725,0.0003256828640587628]",0.003944608382880688,"[0.004541726317256689,0.0030964838806539774,0.0035429273266345263,0.004028662573546171,0.004513244144618511]",30.07868766753796,0.0,46.466843063668776,0.0,6063945589377718727,48,968.7490844726562,968.7490844726562,"[1,25,256]",0.0,"[1,25,256]",True,47,0.75,95,libero_object,2,"[[[-0.30357182025909424,0.8348900079727173,-0.2790701985359192,-0.2659956216812134,-0.1428595781326294,-0.1327449083328247,0.9999990463256836],[-0.2678576111793518,0.819313645362854,-0.3052329421043396,-0.2659956216812134,-0.13678061962127686,-0.1327449083328247,0.9999990463256836],[-0.25357192754745483,0.8037372827529907,-0.32267481088638306,-0.2659956216812134,-0.11854356527328491,-0.1398245096206665,0.9999990463256836],[-0.23571473360061646,0.7663540840148926,-0.33720964193344116,-0.2659956216812134,-0.13678061962127686,-0.16106337308883667,0.9999990463256836],[-0.2250005006790161,0.6915878057479858,-0.3808143138885498,-0.2659956216812134,-0.11246448755264282,-0.1823022961616516,0.9999990463256836]]]","[0.029062796384096146,0.000628102570772171,0.003966690041124821,0.001032463158480823,0.001105116680264473,0.012754651717841625,0.00032456868211738765]",0.006982055492699146,"[0.01132557075470686,0.005409690551459789,0.005260230042040348,0.006567356176674366,0.00634743319824338]",46,B36
0.0,0.04902859032154083,CC,C600,M,,B,231.54766845703125,231.54766845703125,"[1,11,256]",0.0,"[1,11,256]",True,14,502.86810302734375,502.86810302734375,"[27,11,256]",0.0,"[27,11,256]",True,"[0.022922050207853317,0.028364598751068115,0.003379433648660779,0.005184037145227194,0.0076593803241848946,0.008801545016467571,0.07270868867635727]",0.021288534626364708,"[0.017228029668331146,0.01211088988929987,0.022819485515356064,0.026987332850694656,0.02729693613946438]",0.02886444889008999,281.95220947265625,281.95220947265625,[81920],0.0,[81920],True,12,454.3276672363281,454.3276672363281,"[27,50,1024]",0.0,"[27,50,1024]",True,"[[[0.13799327611923218,-0.22271355986595154,-0.19619059562683105,-0.2301267832517624,0.09249791502952576,-0.15957361459732056,-0.9996621012687683],[0.12709581851959229,-0.21107003092765808,-0.21569989621639252,-0.2259351909160614,0.10430897027254105,-0.15183672308921814,-1.0061088800430298],[0.04345078766345978,-0.15623784065246582,-0.2695294916629791,-0.23580703139305115,0.05176812410354614,-0.1199827492237091,-1.0028083324432373],[-0.03164273500442505,-0.09440608322620392,-0.33461615443229675,-0.2427915632724762,0.015831854194402695,-0.0951882004737854,-0.9982741475105286],[-0.06776535511016846,-0.06630274653434753,-0.3883697986602783,-0.252880334854126,-0.023535652086138725,-0.06812521070241928,-0.99028480052948]]]","[0.3735308349132538,0.06270060688257217,0.22513912618160248,0.0036395415663719177,0.031542837619781494,0.007296328898519278,2.8536596801131964e-05]",0.1005539670586586,"[0.08805141597986221,0.11865901947021484,0.11887787282466888,0.09686294943094254,0.08031860738992691]",30.115302863817213,0.0,46.93198109378095,0.0,1288635900652328787,46,1005.9124755859375,1005.9124755859375,"[1,27,256]",0.0,"[1,27,256]",True,49,0.25,33,libero_object,2,"[[[-0.2500004768371582,0.10280311107635498,-0.7209303975105286,-0.3400694727897644,-0.14893865585327148,-0.040709614753723145,-1.0],[-0.4857146143913269,0.1152641773223877,-0.7441861629486084,-0.29293161630630493,-0.12462258338928223,-0.040709614753723145,-1.0],[-0.6535716652870178,0.0872267484664917,-0.7703490257263184,-0.2659956216812134,-0.11854356527328491,-0.040709614753723145,-1.0],[-0.703571617603302,0.059189438819885254,-0.767441987991333,-0.2659956216812134,-0.09422749280929565,-0.040709614753723145,-1.0],[-0.703571617603302,0.06853532791137695,-0.7529071569442749,-0.2659956216812134,-0.10030657052993774,-0.040709614753723145,-1.0]]]","[0.02466699667274952,0.023789484053850174,0.003305773949250579,0.004201005678623915,0.006258997600525618,0.007187114097177982,0.08917202800512314]",0.02265448495745659,"[0.015353702008724213,0.011367948725819588,0.024787358939647675,0.03010687790811062,0.03165654465556145]",48,B36
0.0,1.2788332242053002e-05,CC,C600,M,,B,231.54766845703125,231.54766845703125,"[1,11,256]",0.0,"[1,11,256]",True,14,502.86810302734375,502.86810302734375,"[27,11,256]",0.0,"[27,11,256]",True,"[0.6249985694885254,0.8558341860771179,0.2782588303089142,0.24492064118385315,0.4761373996734619,0.6125701069831848,0.021996187046170235]",0.444959431886673,"[0.4237777888774872,0.6188556551933289,0.5880834460258484,0.4761069416999817,0.11797341704368591]",0.37907883524894714,281.95220947265625,281.95220947265625,[81920],0.0,[81920],True,12,454.3276672363281,454.3276672363281,"[27,50,1024]",0.0,"[27,50,1024]",True,"[[[-0.3904387056827545,0.0880073606967926,-0.8337684273719788,-0.03291101008653641,-0.0655999407172203,-0.059191055595874786,1.0060474872589111],[-0.40768951177597046,0.06528250128030777,-0.8306824564933777,-0.03414430469274521,-0.0779762715101242,-0.04299730062484741,1.0059417486190796],[-0.4568036198616028,0.02959612011909485,-0.8207584023475647,-0.055196236819028854,-0.061439722776412964,-0.052426084876060486,1.0073027610778809],[-0.46539756655693054,0.027579039335250854,-0.8140296339988708,-0.09998537600040436,-0.0531286895275116,-0.04998902231454849,1.007426142692566],[-0.43683716654777527,0.05948475003242493,-0.8032806515693665,-0.15303315222263336,-0.06256106495857239,-0.04044120013713837,1.0049530267715454]]]","[0.00827818363904953,0.16356490552425385,0.06646815687417984,0.03288787975907326,0.00017401370860170573,0.02529652789235115,4.098945646546781e-05]",0.042387235909700394,"[0.08867410570383072,0.0632925033569336,0.03541591390967369,0.013964460231363773,0.010589202865958214]",30.115302863817213,0.0,46.93198109378095,0.0,8916442828729476527,46,1005.9124755859375,1005.9124755859375,"[1,27,256]",0.0,"[1,27,256]",True,49,0.75,99,libero_object,2,"[[[-0.22142904996871948,0.6947031021118164,-0.42441892623901367,-0.2659956216812134,-0.0820695161819458,-0.015930891036987305,0.9999990463256836],[-0.3428575396537781,0.5856688022613525,-0.5000002980232239,-0.2659956216812134,-0.06991147994995117,0.026546835899353027,0.9999990463256836],[-0.45357179641723633,0.3987530469894409,-0.6046513319015503,-0.2659956216812134,-0.06991147994995117,0.09026360511779785,0.9999990463256836],[-0.5035717487335205,0.21495270729064941,-0.7238373756408691,-0.20538973808288574,-0.06991147994995117,0.15398037433624268,0.9999990463256836],[-0.5214288830757141,0.1464167833328247,-0.7790699005126953,-0.12458193302154541,-0.07599043846130371,0.1999979019165039,0.9999990463256836]]]","[0.009528066031634808,0.10761121660470963,0.05854591727256775,0.03551517426967621,0.011717596091330051,0.04109994322061539,0.005323875695466995]",0.03847740218043327,"[0.07156439125537872,0.05275693163275719,0.03037090040743351,0.021618014201521873,0.016076762229204178]",48,B36
0.0,2.7408126697991975e-05,CC,C600,M,,A,224.15493774414062,224.15493774414062,"[1,10,256]",0.0,"[1,10,256]",True,12,618.0728149414062,618.0728149414062,"[51,10,256]",0.0,"[51,10,256]",True,"[0.013119793497025967,0.02588641457259655,0.01511064451187849,0.0005658433074131608,0.029829010367393494,0.01473104115575552,0.003828364657238126]",0.014724443666636944,"[0.022244688123464584,0.011889399960637093,0.008272548206150532,0.010011549107730389,0.021204037591814995]",0.10471409559249878,281.893798828125,281.893798828125,[81920],0.0,[81920],True,14,623.6168823242188,623.6168823242188,"[51,50,1024]",0.0,"[51,50,1024]",True,"[[[-0.15349115431308746,0.04467269033193588,-0.48404622077941895,-0.2739534378051758,-0.08610188215970993,-0.13624079525470734,-1.0097019672393799],[-0.17598888278007507,0.042756885290145874,-0.5150130987167358,-0.2682431638240814,-0.09005666524171829,-0.12927983701229095,-1.0104615688323975],[-0.18974563479423523,0.03407520428299904,-0.5447401404380798,-0.2829836308956146,-0.09013006836175919,-0.11700839549303055,-1.0226861238479614],[-0.18873432278633118,0.023393675684928894,-0.586170494556427,-0.2782919108867645,-0.08050255477428436,-0.09248356521129608,-1.0076230764389038],[-0.1757698655128479,-0.011812597513198853,-0.6457673907279968,-0.27394402027130127,-0.08560091257095337,-0.08921729773283005,-1.0148335695266724]]]","[0.011858168989419937,0.015691641718149185,0.01455563586205244,0.00011426929995650426,0.0002870156313292682,0.005565186496824026,0.00019927577523048967]",0.006895884405821562,"[0.008220011368393898,0.004850820638239384,0.003548863809555769,0.0068247364833951,0.011034992523491383]",29.66007361569468,0.0,49.383318009904826,0.0,6673264783416593914,48,1402.90478515625,1402.90478515625,"[1,51,256]",0.0,"[1,51,256]",True,47,0.25,40,libero_object,4,"[[[-0.1285719871520996,-0.16199421882629395,-0.5523258447647095,-0.2659956216812134,-0.06991147994995117,-0.040709614753723145,-1.0],[-0.17142915725708008,-0.08099734783172607,-0.6162792444229126,-0.2659956216812134,-0.06991147994995117,-0.040709614753723145,-1.0],[-0.22857189178466797,0.0031147003173828125,-0.668604850769043,-0.2659956216812134,-0.06991147994995117,-0.040709614753723145,-1.0],[-0.3357146978378296,0.02180635929107666,-0.738372266292572,-0.2659956216812134,-0.06991147994995117,-0.040709614753723145,-1.0],[-0.3642861247062683,0.1277252435684204,-0.7848838567733765,-0.2659956216812134,-0.06991147994995117,-0.040709614753723145,-1.0]]]","[0.021400211378932,0.009549860842525959,0.010636906139552593,0.0005113635561428964,0.031019970774650574,0.0010634093778207898,0.001658897497691214]",0.010834374465048313,"[0.013034573756158352,0.010139098390936852,0.010249120183289051,0.008530821651220322,0.012218260206282139]",46,B36
0.0,0.0001101004600059241,CC,C600,M,,A,224.15493774414062,224.15493774414062,"[1,10,256]",0.0,"[1,10,256]",True,12,618.0728149414062,618.0728149414062,"[51,10,256]",0.0,"[51,10,256]",True,"[0.12209168821573257,0.05653085932135582,0.009141980670392513,0.0005070990300737321,0.0008179346332326531,0.0006918683066032827,0.00619854498654604]",0.02799713984131813,"[0.01870913803577423,0.01948091946542263,0.0237516351044178,0.033316295593976974,0.04472772032022476]",0.03439829498529434,281.893798828125,281.893798828125,[81920],0.0,[81920],True,14,623.6168823242188,623.6168823242188,"[51,50,1024]",0.0,"[51,50,1024]",True,"[[[-0.30241432785987854,0.7827442288398743,-0.15280583500862122,-0.30713292956352234,-0.7666326761245728,-0.015834858641028404,1.0103429555892944],[-0.3026792109012604,0.7871472835540771,-0.17610760033130646,-0.3497866988182068,-0.789701521396637,-0.006123252213001251,1.0098059177398682],[-0.2879157066345215,0.7752085328102112,-0.25452446937561035,-0.39017999172210693,-0.7524946928024292,-0.013972897082567215,1.006875991821289],[-0.2605319023132324,0.7775365114212036,-0.3018103241920471,-0.3930372893810272,-0.749891996383667,-0.017300644889473915,1.0081136226654053],[-0.23071680963039398,0.7615967988967896,-0.3717516362667084,-0.37054646015167236,-0.766445517539978,-0.022830450907349586,1.018939733505249]]]","[0.20360155403614044,0.044154491275548935,0.007971870712935925,0.015082386322319508,0.21508370339870453,0.001207878696732223,0.00013501191278919578]",0.0696052685379982,"[0.06498509645462036,0.07073565572500229,0.06774162501096725,0.06786337494850159,0.0767006054520607]",29.66007361569468,0.0,49.383318009904826,0.0,4112929797682724988,48,1402.90478515625,1402.90478515625,"[1,51,256]",0.0,"[1,51,256]",True,47,0.75,121,libero_object,4,"[[[0.10357069969177246,0.9906531572341919,-0.1133725643157959,-0.20538973808288574,-0.2826768159866333,-0.040709614753723145,0.9999990463256836],[0.13214218616485596,0.9906531572341919,-0.13953536748886108,-0.2188577651977539,-0.29483485221862793,-0.040709614753723145,0.9999990463256836],[0.17142772674560547,0.9906531572341919,-0.16860508918762207,-0.24579370021820068,-0.3191508650779724,-0.040709614753723145,0.9999990463256836],[0.21428489685058594,0.9844224452972412,-0.20930272340774536,-0.2659956216812134,-0.3252299427986145,-0.05840873718261719,0.9999990463256836],[0.2464277744293213,0.9781920909881592,-0.22674459218978882,-0.2659956216812134,-0.2887558937072754,-0.06548833847045898,0.9999990463256836]]]","[0.08183158934116364,0.054308343678712845,0.0009909954387694597,0.000340319296810776,0.0035727128852158785,0.0002592726668808609,0.0011250781826674938]",0.020346900448203087,"[0.014179965481162071,0.014573298394680023,0.018666435033082962,0.025419557467103004,0.028895258903503418]",46,B36
0.0,3.121289046248421e-05,CC,C600,M,,B,225.45521545410156,225.45521545410156,"[1,10,256]",0.0,"[1,10,256]",True,12,472.5996398925781,472.5996398925781,"[30,10,256]",0.0,"[30,10,256]",True,"[0.2010672390460968,0.010004040785133839,0.07230012863874435,0.0016395712736994028,0.018827300518751144,0.02309461496770382,0.007078236434608698]",0.04771587625145912,"[0.022139115259051323,0.026003383100032806,0.02880852483212948,0.06349153816699982,0.09813681989908218]",0.129764586687088,281.9178466796875,281.9178466796875,[81920],0.0,[81920],True,14,477.9894104003906,477.9894104003906,"[30,50,1024]",0.0,"[30,50,1024]",True,"[[[-0.27752819657325745,0.014346972107887268,-0.7042258977890015,-0.2522921562194824,-0.16905604302883148,-0.012110196053981781,-1.0041264295578003],[-0.3505730628967285,1.2278556823730469e-05,-0.7084659934043884,-0.2632629871368408,-0.1795671582221985,-0.015111621469259262,-1.0070836544036865],[-0.37288761138916016,-0.013606867752969265,-0.7092651128768921,-0.2605926990509033,-0.1904655545949936,-0.01495891623198986,-1.0111666917800903],[-0.3837137818336487,-0.02342042326927185,-0.7098272442817688,-0.2702712416648865,-0.19151178002357483,-0.012969564646482468,-1.0203381776809692],[-0.40935349464416504,-0.030168619006872177,-0.6983131766319275,-0.27965447306632996,-0.2029842883348465,-0.016842544078826904,-1.0290791988372803]]]","[0.12116198986768723,0.0013001911574974656,0.027213210240006447,8.585779869463295e-05,0.025495314970612526,0.0010282726725563407,0.0002902283740695566]",0.02522500976920128,"[0.011013297364115715,0.014919556677341461,0.0189987663179636,0.034628983587026596,0.046564437448978424]",30.406946650617435,0.0,52.32573745666263,0.0,6941690631084841007,46,1089.62646484375,1089.62646484375,"[1,30,256]",0.0,"[1,30,256]",True,49,0.25,39,libero_object,4,"[[[-0.38571470975875854,0.009345293045043945,-0.8895349502563477,-0.2659956216812134,-0.33738791942596436,-0.061948537826538086,-1.0],[-0.5285717248916626,0.02180635929107666,-0.9098837971687317,-0.2659956216812134,-0.3556249737739563,-0.040709614753723145,-1.0],[-0.6428573727607727,0.02180635929107666,-0.8953489065170288,-0.2659956216812134,-0.34346693754196167,-0.040709614753723145,-1.0],[-0.8321429491043091,0.02180635929107666,-0.8459303379058838,-0.2659956216812134,-0.33130890130996704,-0.040709614753723145,-1.0],[-0.9464285969734192,0.02180635929107666,-0.7877907752990723,-0.2659956216812134,-0.3617039918899536,-0.040709614753723145,-1.0]]]","[0.11222382634878159,0.0007598580559715629,0.07180779427289963,0.0014364985981956124,0.0008767293766140938,0.000652521790470928,0.0006675077602267265]",0.026917818933725357,"[0.014025343582034111,0.01843545213341713,0.02402167208492756,0.03264947608113289,0.04545716196298599]",48,B36
0.0,3.4496741136536e-05,CC,C600,M,,B,225.45521545410156,225.45521545410156,"[1,10,256]",0.0,"[1,10,256]",True,12,472.5996398925781,472.5996398925781,"[30,10,256]",0.0,"[30,10,256]",True,"[0.00482905050739646,0.1259440779685974,0.02674001269042492,0.014317302964627743,0.016093935817480087,0.016198335215449333,0.00578742241486907]",0.029987165704369545,"[0.04280857741832733,0.0400872640311718,0.02793537825345993,0.01961180567741394,0.019492795690894127]",0.05647009611129761,281.9178466796875,281.9178466796875,[81920],0.0,[81920],True,14,477.9894104003906,477.9894104003906,"[30,50,1024]",0.0,"[30,50,1024]",True,"[[[-0.0896916463971138,0.702900767326355,-0.22169707715511322,-0.2823338508605957,-0.6143842339515686,-0.030069462954998016,1.0073846578598022],[-0.1315995156764984,0.6475790143013,-0.2992786765098572,-0.26638785004615784,-0.6432358026504517,-0.03284432739019394,1.0068509578704834],[-0.19804619252681732,0.5510516166687012,-0.4505276381969452,-0.2454727590084076,-0.6777883172035217,-0.03907562419772148,0.9998711943626404],[-0.20505377650260925,0.44682788848876953,-0.556279718875885,-0.22281837463378906,-0.6471307277679443,-0.054256029427051544,1.001046895980835],[-0.19707931578159332,0.35126686096191406,-0.6368661522865295,-0.21022793650627136,-0.62240070104599,-0.057676807045936584,0.9998828172683716]]]","[0.00977855734527111,0.08598369359970093,0.016621077433228493,0.014170894399285316,0.3349471092224121,0.00012982729822397232,2.0524759747786447e-05]",0.06595023721456528,"[0.053749553859233856,0.06057329103350639,0.07324603945016861,0.06980494409799576,0.07237736880779266]",30.406946650617435,0.0,52.32573745666263,0.0,7799883917981918442,46,1089.62646484375,1089.62646484375,"[1,30,256]",0.0,"[1,30,256]",True,49,0.75,116,libero_object,4,"[[[-6.556510925292969e-07,0.9563851356506348,-0.13953536748886108,-0.30639952421188354,-0.06991147994995117,-0.040709614753723145,0.9999990463256836],[-0.02857208251953125,0.9190021753311157,-0.23255854845046997,-0.3468034863471985,-0.06991147994995117,-0.040709614753723145,0.9999990463256836],[-0.0750005841255188,0.8504661321640015,-0.302325963973999,-0.3737393617630005,-0.06991147994995117,-0.040709614753723145,0.9999990463256836],[-0.11428624391555786,0.7445472478866577,-0.4098840355873108,-0.3737393617630005,-0.05775344371795654,-0.040709614753723145,0.9999990463256836],[-0.11428624391555786,0.6884726285934448,-0.46802353858947754,-0.3670054078102112,-0.04559546709060669,-0.040709614753723145,0.9999990463256836]]]","[0.0027347432915121317,0.10429274290800095,0.01760045439004898,0.012906654737889767,0.012221761047840118,0.013585738837718964,0.0021866525057703257]",0.023646961897611618,"[0.03469808027148247,0.03195931762456894,0.02191905491054058,0.014817656017839909,0.014840715564787388]",48,B36
0.0,0.0001989172160392627,CC,C600,M,,A,139.67971801757812,139.67971801757812,"[1,7,256]",0.0,"[1,7,256]",True,25,371.0101623535156,371.0101623535156,"[26,7,256]",0.0,"[26,7,256]",True,"[0.1531074196100235,0.03065933845937252,0.03731691092252731,0.06850571185350418,0.02238650433719158,0.061272699385881424,0.001253426424227655]",0.053500283509492874,"[0.05980543792247772,0.053951114416122437,0.05538994446396828,0.04437840357422829,0.053976546972990036]",0.05217781662940979,281.96881103515625,281.96881103515625,[81920],0.0,[81920],True,20,443.2408752441406,443.2408752441406,"[26,50,1024]",0.0,"[26,50,1024]",True,"[[[-0.30793073773384094,-0.16186419129371643,-0.3890431225299835,-0.9871160387992859,0.7422279715538025,0.9444095492362976,-1.003213882446289],[-0.30018681287765503,-0.1727047562599182,-0.4268816113471985,-1.0471099615097046,0.7406166791915894,0.923249363899231,-1.0081450939178467],[-0.28326675295829773,-0.19739815592765808,-0.46594110131263733,-1.0900325775146484,0.752539873123169,0.9086313247680664,-1.0088984966278076],[-0.26132267713546753,-0.20148292183876038,-0.4876628518104553,-1.1236118078231812,0.8058965802192688,0.8890688419342041,-1.0133707523345947],[-0.22973331809043884,-0.20888680219650269,-0.5054415464401245,-1.1522079706192017,0.8960674405097961,0.8664770722389221,-1.016659140586853]]]","[0.12211207300424576,0.04453950375318527,0.049646925181150436,0.04791029170155525,0.04320652410387993,0.027412308380007744,0.0001224317675223574]",0.04785000905394554,"[0.03620929643511772,0.041542600840330124,0.05049176141619682,0.054312996566295624,0.05669340491294861]",34.03536852390935,0.0,37.23810882109461,0.0,3228420230932740579,48,892.8370971679688,892.8370971679688,"[1,26,256]",0.0,"[1,26,256]",True,47,0.25,31,libero_goal,0,"[[[0.07499933242797852,0.02180635929107666,-0.2034887671470642,-0.8922562599182129,0.7629129886627197,0.7734483480453491,-1.0],[0.07499933242797852,0.02180635929107666,-0.2151166796684265,-0.8855222463607788,0.8601770401000977,0.7592891454696655,-1.0],[0.07499933242797852,0.02180635929107666,-0.2296515703201294,-0.8720543384552002,0.9635201692581177,0.738050103187561,-1.0],[0.06785643100738525,0.02180635929107666,-0.2500004172325134,-0.8653203248977661,1.0729424953460693,0.7238909006118774,-1.0],[0.0642850399017334,0.02180635929107666,-0.2674422860145569,-0.8518523573875427,1.188443660736084,0.7097315788269043,-1.0]]]","[0.018706556409597397,0.012493210844695568,0.008314822800457478,0.0007606885628774762,0.0761602595448494,0.03137655556201935,0.00028121864306740463]",0.02115618623793125,"[0.009413117542862892,0.011266736313700676,0.021263878792524338,0.02188517525792122,0.04195203259587288]",46,B36
0.0,0.00012951924873050302,CC,C600,M,,A,139.67971801757812,139.67971801757812,"[1,7,256]",0.0,"[1,7,256]",True,25,371.0101623535156,371.0101623535156,"[26,7,256]",0.0,"[26,7,256]",True,"[0.030254149809479713,0.01811504364013672,0.040939297527074814,0.0548631027340889,0.0005322103970684111,0.006188505794852972,0.00035243583261035383]",0.021606391295790672,"[0.018443316221237183,0.0163715872913599,0.016735238954424858,0.02042960189282894,0.036052219569683075]",0.06859967112541199,281.96881103515625,281.96881103515625,[81920],0.0,[81920],True,20,443.2408752441406,443.2408752441406,"[26,50,1024]",0.0,"[26,50,1024]",True,"[[[-0.1458023339509964,0.6313051581382751,-0.6776648163795471,0.47104018926620483,-0.03320468217134476,-0.21528474986553192,-1.0201910734176636],[-0.18033626675605774,0.87104332447052,-0.7455412745475769,0.2797727584838867,-0.03941339999437332,-0.16770130395889282,-1.017946720123291],[-0.2096426784992218,1.0417537689208984,-0.8017473220825195,0.1116161197423935,-0.05214094743132591,-0.14870363473892212,-1.0226764678955078],[-0.21729065477848053,1.156972050666809,-0.8359622359275818,-0.009701438248157501,-0.06236465275287628,-0.13274382054805756,-1.0258082151412964],[-0.21632656455039978,1.217799425125122,-0.8490972518920898,-0.10655328631401062,-0.05470015108585358,-0.126240074634552,-1.031579852104187]]]","[0.12258677929639816,0.027476394549012184,0.06795268505811691,0.24275434017181396,0.0005763305816799402,0.014810367487370968,0.0005814674659632146]",0.06810548156499863,"[0.11503592133522034,0.07594415545463562,0.052041806280612946,0.048716649413108826,0.048788879066705704]",34.03536852390935,0.0,37.23810882109461,0.0,166261170614490845,48,892.8370971679688,892.8370971679688,"[1,26,256]",0.0,"[1,26,256]",True,47,0.75,94,libero_goal,0,"[[[-0.46071457862854004,0.5763231515884399,-1.034883737564087,-0.2659956216812134,-0.06991147994995117,-0.040709614753723145,-1.0],[-0.5071431398391724,0.7102794647216797,-1.034883737564087,-0.2659956216812134,-0.06991147994995117,-0.040709614753723145,-1.0],[-0.5500003099441528,0.8442357778549194,-1.034883737564087,-0.2659956216812134,-0.06991147994995117,-0.040709614753723145,-1.0],[-0.5892859697341919,0.9563851356506348,-1.034883737564087,-0.3468034863471985,-0.06991147994995117,-0.040709614753723145,-1.0],[-0.6071431040763855,1.0467278957366943,-1.034883737564087,-0.4478132128715515,-0.06991147994995117,-0.040709614753723145,-1.0]]]","[0.00817149132490158,0.02407081238925457,0.07808446884155273,0.005228732246905565,5.917309317737818e-05,0.023785080760717392,0.00042060131090693176]",0.01997433789074421,"[0.01222902350127697,0.01561832521110773,0.019001610577106476,0.02109505608677864,0.0319276787340641]",46,B36
0.0,7.921633368823677e-05,CC,C600,M,,B,143.62294006347656,143.62294006347656,"[1,7,256]",0.0,"[1,7,256]",True,25,406.5368957519531,406.5368957519531,"[30,7,256]",0.0,"[30,7,256]",True,"[0.2465265542268753,0.004221999552100897,0.034914564341306686,0.2010711282491684,0.2430446892976761,0.13108019530773163,0.00024433564976789057]",0.12301477789878845,"[0.11595626175403595,0.12434007972478867,0.11603772640228271,0.13590484857559204,0.12283500283956528]",0.07798339426517487,281.96002197265625,281.96002197265625,[81920],0.0,[81920],True,20,479.2838439941406,479.2838439941406,"[30,50,1024]",0.0,"[30,50,1024]",True,"[[[0.0839967429637909,-0.09357676655054092,-0.16725796461105347,-0.7517458200454712,0.9608481526374817,0.5958124399185181,-1.010955810546875],[-0.00016718916594982147,-0.09059291332960129,-0.1877557784318924,-0.7252534627914429,1.0495200157165527,0.6185436248779297,-1.0039218664169312],[-0.051723092794418335,-0.09110429883003235,-0.20503903925418854,-0.6904377937316895,1.1493531465530396,0.6398573517799377,-1.0109328031539917],[-0.07484248280525208,-0.08783607184886932,-0.2159166783094406,-0.6539455056190491,1.225417971611023,0.6450963020324707,-1.0037319660186768],[-0.09797173738479614,-0.08944692462682724,-0.22751636803150177,-0.6317023038864136,1.2809773683547974,0.6484432816505432,-1.0115641355514526]]]","[0.16756778955459595,0.005894570145756006,0.003420613706111908,0.310598224401474,0.4181727468967438,0.013985407538712025,8.051876648096368e-05]",0.1313885599374771,"[0.07643449306488037,0.10600321739912033,0.13596820831298828,0.16204127669334412,0.17649558186531067]",33.895639367809814,0.0,37.60753852034433,0.0,1347094762221098555,46,949.0438232421875,949.0438232421875,"[1,30,256]",0.0,"[1,30,256]",True,49,0.25,32,libero_goal,0,"[[[0.3857133388519287,-0.031153202056884766,-0.14534932374954224,-1.2087535858154297,0.4893573522567749,0.5044221878051758,-1.0],[0.3857133388519287,-0.021807432174682617,-0.14534932374954224,-1.2289555072784424,0.48327839374542236,0.5079621076583862,-1.0],[0.37857067584991455,-0.012461602687835693,-0.14534932374954224,-1.242423415184021,0.4893573522567749,0.5115017890930176,-1.0],[0.37499916553497314,-0.006231069564819336,-0.14534932374954224,-1.2626254558563232,0.49543654918670654,0.515041708946228,-1.0],[0.3607133626937866,-5.364418029785156e-07,-0.1482563018798828,-1.2760933637619019,0.5197525024414062,0.5221213102340698,-1.0]]]","[0.135629341006279,0.0029162131249904633,0.014420665800571442,0.05023597553372383,0.041857004165649414,0.13968592882156372,0.00012022730516036972]",0.05498076230287552,"[0.05593593046069145,0.05807412788271904,0.05186929553747177,0.05611664429306984,0.05290784314274788]",48,B36
0.0,0.00022143918613437563,CC,C600,M,,B,143.62294006347656,143.62294006347656,"[1,7,256]",0.0,"[1,7,256]",True,25,406.5368957519531,406.5368957519531,"[30,7,256]",0.0,"[30,7,256]",True,"[0.12451980262994766,0.9093108177185059,0.13907401263713837,0.03608155623078346,0.0168133657425642,0.0423971526324749,0.0007342983153648674]",0.1812758594751358,"[0.18349416553974152,0.18229123950004578,0.19666863977909088,0.17161422967910767,0.17231108248233795]",0.051318779587745667,281.96002197265625,281.96002197265625,[81920],0.0,[81920],True,20,479.2838439941406,479.2838439941406,"[30,50,1024]",0.0,"[30,50,1024]",True,"[[[-0.5844615697860718,-0.7405443787574768,-0.3942142426967621,0.3531332015991211,0.24872896075248718,-0.26208969950675964,-1.0108152627944946],[-0.6351746320724487,-0.7040413022041321,-0.43220481276512146,0.32507485151290894,0.34786689281463623,-0.23504765331745148,-1.014238715171814],[-0.669835090637207,-0.6749623417854309,-0.48588013648986816,0.3029896914958954,0.3781508207321167,-0.21799929440021515,-1.0145045518875122],[-0.7042742967605591,-0.6019222140312195,-0.5614269375801086,0.2672306299209595,0.4133026897907257,-0.1800251454114914,-1.0125982761383057],[-0.6958631873130798,-0.5339854955673218,-0.6775640845298767,0.23372966051101685,0.38745027780532837,-0.14478537440299988,-1.01041579246521]]]","[0.2727822959423065,1.3045063018798828,0.21895776689052582,0.05203733965754509,0.1665818989276886,0.0026901268865913153,0.0001594596542418003]",0.2882450222969055,"[0.250161737203598,0.28346186876296997,0.3119991421699524,0.30223211646080017,0.29337039589881897]",33.895639367809814,0.0,37.60753852034433,0.0,8043149644140822759,46,949.0438232421875,949.0438232421875,"[1,30,256]",0.0,"[1,30,256]",True,49,0.75,95,libero_goal,0,"[[[-0.1285719871520996,0.30841052532196045,-1.0290697813034058,0.2929251194000244,0.07598471641540527,-0.1823022961616516,-1.0],[-0.1285719871520996,0.40498363971710205,-0.9941860437393188,0.1851813793182373,-0.051674485206604004,-0.1858420968055725,-1.0],[-0.1285719871520996,0.5264788866043091,-0.9244186878204346,0.07070362567901611,-0.06991147994995117,-0.20000135898590088,-1.0],[-0.1285719871520996,0.5607467889785767,-0.9156977534294128,-0.003370225429534912,-0.06991147994995117,-0.1823022961616516,-1.0],[-0.17142915725708008,0.6479741334915161,-0.9186047315597534,-0.09764605760574341,-0.06991147994995117,-0.21062082052230835,-1.0]]]","[0.07323967665433884,0.05368853732943535,0.059025418013334274,0.07618622481822968,0.010722756385803223,0.08014267683029175,4.521760274656117e-05]",0.05043578892946243,"[0.07200620323419571,0.05724727362394333,0.04410799220204353,0.038564275950193405,0.040253207087516785]",48,B36
0.0,0.00036388685111887753,CC,C600,M,,A,177.7063751220703,177.7063751220703,"[1,9,256]",0.0,"[1,9,256]",True,20,528.5276489257812,528.5276489257812,"[29,9,256]",0.0,"[29,9,256]",True,"[0.25845640897750854,0.015703141689300537,0.028182584792375565,0.01234052237123251,0.026497190818190575,0.00024452456273138523,0.0003295050701126456]",0.048821981996297836,"[0.02622007206082344,0.02349749393761158,0.05158071964979172,0.06717005372047424,0.07564156502485275]",0.09710298478603363,281.9852600097656,281.9852600097656,[81920],0.0,[81920],True,25,467.0458984375,467.0458984375,"[29,50,1024]",0.0,"[29,50,1024]",True,"[[[-0.3872724175453186,-0.032212335616350174,-0.8935102224349976,-0.2340017557144165,-0.27769631147384644,-0.034523576498031616,-1.0031399726867676],[-0.3900260925292969,-0.026799798011779785,-0.8877279758453369,-0.225235253572464,-0.2730432450771332,-0.043926939368247986,-1.0032926797866821],[-0.3614667057991028,-0.034801267087459564,-0.8822706937789917,-0.23671463131904602,-0.24643272161483765,-0.044252537190914154,-1.0043964385986328],[-0.3288654685020447,-0.030141375958919525,-0.8599764704704285,-0.2277502715587616,-0.21541064977645874,-0.0399688184261322,-1.0140007734298706],[-0.3226296305656433,-0.019570574164390564,-0.8224738836288452,-0.2359572798013687,-0.18923261761665344,-0.054821647703647614,-1.014866590499878]]]","[0.112984299659729,0.0015901472652330995,0.02787076309323311,0.0010045686503872275,0.004235522821545601,5.21737638337072e-05,9.1413407062646e-05]",0.021118413656949997,"[0.01581801287829876,0.019296668469905853,0.023100726306438446,0.024352217093110085,0.02302444726228714]",36.12559026348107,0.0,43.570787431501486,0.0,2197700932143374439,48,1037.0438232421875,1037.0438232421875,"[1,29,256]",0.0,"[1,29,256]",True,47,0.25,35,libero_goal,5,"[[[-0.110714852809906,-0.1059194803237915,-0.758721113204956,-0.24579370021820068,-0.3799409866333008,-0.040709614753723145,-1.0],[-0.07142913341522217,-0.05919051170349121,-0.7296513319015503,-0.2659956216812134,-0.3495458960533142,-0.040709614753723145,-1.0],[-0.010714948177337646,-0.028037965297698975,-0.697674572467804,-0.2659956216812134,-0.30699288845062256,-0.040709614753723145,-1.0],[0.03214216232299805,-5.364418029785156e-07,-0.668604850769043,-0.2659956216812134,-0.2462027668952942,-0.040709614753723145,-1.0],[0.042856454849243164,0.0031147003173828125,-0.6627908945083618,-0.2659956216812134,-0.17325466871261597,-0.040709614753723145,-1.0]]]","[0.062342382967472076,0.010050798766314983,0.0026974796783179045,0.01828189752995968,0.005074902903288603,0.00013271601346787065,4.445224112714641e-05]",0.014089233241975307,"[0.004047391004860401,0.006045976188033819,0.012251264415681362,0.020116478204727173,0.02798505686223507]",46,B36
0.0,0.0009684432880021632,CC,C600,M,,A,177.7063751220703,177.7063751220703,"[1,9,256]",0.0,"[1,9,256]",True,20,528.5276489257812,528.5276489257812,"[29,9,256]",0.0,"[29,9,256]",True,"[0.10245125740766525,1.2417508363723755,0.04571327194571495,0.4010786712169647,0.013433179818093777,0.08210227638483047,0.0025260387919843197]",0.2698650658130646,"[0.349540650844574,0.31946003437042236,0.2888154685497284,0.2100786417722702,0.1814306378364563]",0.18297742307186127,281.9852600097656,281.9852600097656,[81920],0.0,[81920],True,25,467.0458984375,467.0458984375,"[29,50,1024]",0.0,"[29,50,1024]",True,"[[[-0.41292285919189453,-0.3319058418273926,-0.612731397151947,-0.6274751424789429,-0.07448160648345947,0.19855673611164093,-1.0109645128250122],[-0.3713422417640686,-0.3343738913536072,-0.5730931758880615,-0.6061398386955261,-0.06098662316799164,0.15292206406593323,-1.0019961595535278],[-0.32532864809036255,-0.3726705312728882,-0.493762731552124,-0.5603864789009094,-0.030455823987722397,0.1145661249756813,-1.0081948041915894],[-0.28479570150375366,-0.3596128523349762,-0.3759043216705322,-0.5123514533042908,0.018565192818641663,0.04806643724441528,-1.0141456127166748],[-0.2642543315887451,-0.35000014305114746,-0.2955719232559204,-0.4901800751686096,0.010902196168899536,0.020016606897115707,-1.0123515129089355]]]","[0.1308096945285797,1.932902216911316,0.009337291121482849,0.13712270557880402,0.007061199750751257,0.026084205135703087,0.00010880365880439058]",0.32048943638801575,"[0.321530818939209,0.3184848427772522,0.3294067978858948,0.3191245496273041,0.31390032172203064]",36.12559026348107,0.0,43.570787431501486,0.0,7313767176395743740,48,1037.0438232421875,1037.0438232421875,"[1,29,256]",0.0,"[1,29,256]",True,47,0.75,104,libero_goal,5,"[[[-0.6857144832611084,1.0467278957366943,-0.485465407371521,-0.18518781661987305,-0.15501761436462402,-0.040709614753723145,-1.0],[-0.6857144832611084,1.0436127185821533,-0.47674447298049927,-0.18518781661987305,-0.14893865585327148,-0.040709614753723145,-1.0],[-0.6821430921554565,1.0436127185821533,-0.4622095823287964,-0.18518781661987305,-0.11246448755264282,-0.040709614753723145,-1.0],[-0.6892858743667603,1.0373821258544922,-0.44186079502105713,-0.19865578413009644,-0.06991147994995117,-0.040709614753723145,-1.0],[-0.7000001668930054,1.031151533126831,-0.4215119481086731,-0.2188577651977539,-0.06991147994995117,-0.040709614753723145,-1.0]]]","[0.026728738099336624,0.7267469763755798,0.0027891153004020452,0.004205951001495123,0.04089334234595299,0.00042042191489599645,0.0011698189191520214]",0.11470775306224823,"[0.1227969378232956,0.1116829589009285,0.11660198867321014,0.1080121174454689,0.11444482207298279]",46,B36
0.0,0.00032509618904441595,CC,C600,M,,B,177.34246826171875,177.34246826171875,"[1,9,256]",0.0,"[1,9,256]",True,20,603.9118041992188,603.9118041992188,"[38,9,256]",0.0,"[38,9,256]",True,"[0.010351347737014294,0.017870431765913963,0.1128692552447319,0.1858600229024887,0.03673054650425911,0.010799561627209187,0.0008535087108612061]",0.05361923947930336,"[0.030193809419870377,0.033211566507816315,0.04563485085964203,0.06282773613929749,0.09622826427221298]",0.05174500495195389,281.98321533203125,281.98321533203125,[81920],0.0,[81920],True,25,534.6502075195312,534.6502075195312,"[38,50,1024]",0.0,"[38,50,1024]",True,"[[[-0.3131829500198364,0.08018819987773895,-0.7061564922332764,0.08396093547344208,-0.15757262706756592,-0.05553057789802551,-0.9966773986816406],[-0.3474772274494171,0.09383723139762878,-0.698476254940033,0.03767381235957146,-0.15382301807403564,-0.03693809360265732,-0.9927345514297485],[-0.3493291735649109,0.172688826918602,-0.6566797494888306,-0.03568795695900917,-0.1440034657716751,-0.04323463886976242,-0.996035099029541],[-0.29420948028564453,0.29355165362358093,-0.5769241452217102,-0.11603546887636185,-0.1342284083366394,-0.045314569026231766,-1.0042046308517456],[-0.26282811164855957,0.3845200538635254,-0.4955650866031647,-0.1653275489807129,-0.11575476825237274,-0.06170579791069031,-1.0091209411621094]]]","[0.0015903253806754947,0.030873222276568413,0.05222286656498909,0.10477180778980255,0.005290703382343054,0.0027755526825785637,3.6083467421121895e-05]",0.028222935274243355,"[0.023599935695528984,0.02150823548436165,0.021746564656496048,0.029370412230491638,0.04488954320549965]",36.51547335200228,0.0,44.76634250488657,0.0,5172841219135816146,46,1190.2955322265625,1190.2955322265625,"[1,38,256]",0.0,"[1,38,256]",True,49,0.25,29,libero_goal,5,"[[[-0.2857147455215454,0.02180635929107666,-0.8575582504272461,-0.2659956216812134,-0.06991147994995117,0.033626556396484375,-1.0],[-0.2964290380477905,0.04361319541931152,-0.8459303379058838,-0.29966557025909424,-0.06991147994995117,0.015927433967590332,-1.0],[-0.2857147455215454,0.06230473518371582,-0.8459303379058838,-0.3400694727897644,-0.06991147994995117,0.0017682313919067383,-1.0],[-0.28214335441589355,0.07476580142974854,-0.8517442941665649,-0.39394134283065796,-0.06991147994995117,-0.019470691680908203,-1.0],[-0.24285763502120972,0.0872267484664917,-0.8197675347328186,-0.5084190368652344,-0.06991147994995117,-0.040709614753723145,-1.0]]]","[0.06467032432556152,0.004456392023712397,0.0168304480612278,0.0457487478852272,0.058194395154714584,0.00827555451542139,0.0003145018999930471]",0.028355766087770462,"[0.02169121988117695,0.019584430381655693,0.025710947811603546,0.03247088938951492,0.0423213429749012]",48,B36
0.0,0.0013283670414239168,CC,C600,M,,B,177.34246826171875,177.34246826171875,"[1,9,256]",0.0,"[1,9,256]",True,20,603.9118041992188,603.9118041992188,"[38,9,256]",0.0,"[38,9,256]",True,"[0.027226189151406288,0.44459667801856995,1.0692822933197021,0.02885531820356846,0.3502935469150543,0.018005287274718285,0.0024585796054452658]",0.2772454023361206,"[0.530738115310669,0.43707209825515747,0.27939358353614807,0.08715280890464783,0.051870446652173996]",0.09659590572118759,281.98321533203125,281.98321533203125,[81920],0.0,[81920],True,25,534.6502075195312,534.6502075195312,"[38,50,1024]",0.0,"[38,50,1024]",True,"[[[-0.972961962223053,-0.12440792471170425,-1.005843162536621,-0.1698126643896103,-0.6529397964477539,-0.021517805755138397,-0.991828978061676],[-0.969357430934906,-0.08172284066677094,-0.9751884341239929,-0.16172334551811218,-0.6071875691413879,-0.005543157458305359,-1.0019409656524658],[-1.0144484043121338,0.004472747445106506,-0.8935962915420532,-0.10686906427145004,-0.5183993577957153,-0.009666554629802704,-1.0016937255859375],[-1.0311797857284546,0.15520019829273224,-0.7532050013542175,-0.04142538458108902,-0.3649523854255676,-0.009410329163074493,-0.9977716207504272],[-1.0219076871871948,0.2672595977783203,-0.6395059823989868,-0.02853439748287201,-0.29359176754951477,-0.012721416540443897,-0.9982540607452393]]]","[0.06727156788110733,0.9727398753166199,0.4775640070438385,0.030452951788902283,0.12415486574172974,0.0008663322660140693,1.6283125660265796e-05]",0.23900942504405975,"[0.3052835166454315,0.2989750802516937,0.2578674256801605,0.18727807700634003,0.14564308524131775]",36.51547335200228,0.0,44.76634250488657,0.0,5635482954592866291,46,1190.2955322265625,1190.2955322265625,"[1,38,256]",0.0,"[1,38,256]",True,49,0.75,87,libero_goal,5,"[[[-0.8285714983940125,0.999998927116394,-0.1802329421043396,-0.2659956216812134,-0.2522818446159363,-0.040709614753723145,-1.0],[-0.7750001549720764,1.0155751705169678,-0.16860508918762207,-0.2659956216812134,-0.17325466871261597,-0.040709614753723145,-1.0],[-0.7392858862876892,1.021805763244629,-0.17732608318328857,-0.2659956216812134,-0.12462258338928223,-0.040709614753723145,-1.0],[-0.7250001430511475,1.031151533126831,-0.17732608318328857,-0.2659956216812134,-0.10638552904129028,-0.040709614753723145,-1.0],[-0.6928573846817017,1.0373821258544922,-0.1802329421043396,-0.2659956216812134,-0.06991147994995117,-0.040709614753723145,-1.0]]]","[0.059944093227386475,0.9151339530944824,0.11154665797948837,0.005584156606346369,0.020345618948340416,0.0014172822702676058,0.0025835721753537655]",0.15950791537761688,"[0.15832467377185822,0.16224680840969086,0.15951557457447052,0.15340109169483185,0.16405144333839417]",48,B36
0.0,7.693601219216362e-05,CC,C600,M,,A,214.1182098388672,214.1182098388672,"[1,19,256]",0.0,"[1,19,256]",True,37,715.3804321289062,715.3804321289062,"[48,19,256]",0.0,"[48,19,256]",True,"[0.040348369628190994,0.07210493087768555,0.04588377848267555,0.17249391973018646,0.018733033910393715,0.000807062373496592,0.0020989589393138885]",0.05035286769270897,"[0.02257843129336834,0.04043807461857796,0.05877313017845154,0.062335673719644547,0.06763901561498642]",0.12345938384532928,281.73529052734375,281.73529052734375,[81920],0.0,[81920],True,34,604.5288696289062,604.5288696289062,"[48,50,1024]",0.0,"[48,50,1024]",True,"[[[0.4500759243965149,-0.48811075091362,-0.1319233477115631,-0.32491785287857056,-0.2708047330379486,-0.05104561895132065,1.019262671470642],[0.41155093908309937,-0.45711055397987366,-0.15479588508605957,-0.3209168314933777,-0.2815161645412445,-0.053726039826869965,1.007784366607666],[0.34606990218162537,-0.41997939348220825,-0.17524050176143646,-0.30147600173950195,-0.30877456068992615,-0.0461684875190258,1.0138050317764282],[0.2619125247001648,-0.40569284558296204,-0.23042483627796173,-0.3028309941291809,-0.37579742074012756,-0.051754631102085114,1.0168118476867676],[0.17132730782032013,-0.360012948513031,-0.2949095666408539,-0.29745179414749146,-0.4483391046524048,-0.042087338864803314,1.0091508626937866]]]","[0.0014512469060719013,0.0675550326704979,0.012964002788066864,0.13266275823116302,0.02656574547290802,8.59900246723555e-05,0.00019774596148636192]",0.03449750319123268,"[0.013893131166696548,0.026718202978372574,0.03696994483470917,0.04353000968694687,0.05137624219059944]",25.53279505038612,0.0,31.698776164185215,0.0,7570421501061691922,48,1219.74462890625,1219.74462890625,"[1,48,256]",0.0,"[1,48,256]",True,47,0.25,68,libero_10,4,"[[[0.4535706043243408,-0.6542057991027832,-0.017442405223846436,-0.09091198444366455,-0.30699288845062256,-0.040709614753723145,0.9999990463256836],[0.37142765522003174,-0.7009347081184387,-0.017442405223846436,0.0033638477325439453,-0.24012374877929688,-0.040709614753723145,0.9999990463256836],[0.31428492069244385,-0.7102804780006409,-0.08430278301239014,0.09090554714202881,-0.20364969968795776,-0.040709614753723145,0.9999990463256836],[0.26428496837615967,-0.6915888786315918,-0.13372141122817993,0.11784148216247559,-0.1854127049446106,-0.040709614753723145,0.9999990463256836],[0.23928487300872803,-0.6510905027389526,-0.17151212692260742,0.11784148216247559,-0.16109663248062134,-0.040709614753723145,0.9999990463256836]]]","[0.13384072482585907,0.04410824179649353,0.0010425838408991694,0.057603221386671066,0.04609943553805351,0.0007711354992352426,0.00045492625213228166]",0.0405600406229496,"[0.0300530306994915,0.03492647409439087,0.04859534651041031,0.04695192351937294,0.04227343946695328]",46,B36
0.0,3.3754502055671765e-06,CC,C600,M,,A,214.1182098388672,214.1182098388672,"[1,19,256]",0.0,"[1,19,256]",True,37,715.3804321289062,715.3804321289062,"[48,19,256]",0.0,"[48,19,256]",True,"[0.08310458064079285,0.0015916802221909165,0.025913184508681297,0.0018046116456389427,0.005458973813802004,0.03411608189344406,0.004623493645340204]",0.022373231127858162,"[0.02253083325922489,0.024369586259126663,0.017237834632396698,0.02037931978702545,0.027348581701517105]",0.0752376839518547,281.73529052734375,281.73529052734375,[81920],0.0,[81920],True,34,604.5288696289062,604.5288696289062,"[48,50,1024]",0.0,"[48,50,1024]",True,"[[[-0.6532592177391052,-0.002545628696680069,-0.5919047594070435,-0.2799661159515381,-0.03159855306148529,-0.04476364701986313,-1.0134780406951904],[-0.616968035697937,0.006959646940231323,-0.57109135389328,-0.2750377655029297,-0.04072299972176552,-0.048653215169906616,-1.0245106220245361],[-0.5726426243782043,-0.029210969805717468,-0.5453650951385498,-0.27446693181991577,-0.05409833788871765,-0.08420166373252869,-1.0209770202636719],[-0.5171024799346924,-0.021960169076919556,-0.49743589758872986,-0.264816552400589,-0.06426476687192917,-0.08055274933576584,-1.0078940391540527],[-0.43402740359306335,-0.0005022145342081785,-0.44890379905700684,-0.2535576820373535,-0.04789833724498749,-0.10939612984657288,-1.0306402444839478]]]","[0.020154302939772606,0.00034570330171845853,0.005202999338507652,0.0001009581537800841,0.001912004197947681,0.0031650771852582693,0.00044472081935964525]",0.0044751097448170185,"[0.0028488042298704386,0.004062201362103224,0.00468784524127841,0.004557413049042225,0.006219285540282726]",25.53279505038612,0.0,31.698776164185215,0.0,5052251981188736845,48,1219.74462890625,1219.74462890625,"[1,48,256]",0.0,"[1,48,256]",True,47,0.75,206,libero_10,4,"[[[-0.7464287281036377,0.02180635929107666,-0.5901165008544922,-0.2659956216812134,-0.0820695161819458,-0.1327449083328247,-1.0],[-0.7571430206298828,-0.003115832805633545,-0.5901165008544922,-0.2659956216812134,-0.0820695161819458,-0.12566518783569336,-1.0],[-0.7392858862876892,-0.006231069564819336,-0.593023419380188,-0.2659956216812134,-0.0820695161819458,-0.11504578590393066,-1.0],[-0.6642858982086182,-0.006231069564819336,-0.5872094631195068,-0.2659956216812134,-0.10638552904129028,-0.09026700258255005,-1.0],[-0.58571457862854,0.015575766563415527,-0.5726746916770935,-0.2659956216812134,-0.10030657052993774,-0.07610780000686646,-1.0]]]","[0.1439569592475891,0.0003562331257853657,0.0454694926738739,0.002263468224555254,0.003386082826182246,0.004740982316434383,0.32519134879112244]",0.07505208253860474,"[0.02502184361219406,0.033551882952451706,0.04764841869473457,0.10005224496126175,0.16898603737354279]",46,B36
0.0,4.322074801166309e-06,CC,C600,M,,B,213.35699462890625,213.35699462890625,"[1,19,256]",0.0,"[1,19,256]",True,37,713.963623046875,713.963623046875,"[48,19,256]",0.0,"[48,19,256]",True,"[0.035575851798057556,0.009149598889052868,0.03733561187982559,0.000346074957633391,0.001769361668266356,0.0008893790654838085,0.45803219079971313]",0.07758544385433197,"[0.06983990967273712,0.07146589457988739,0.07285411655902863,0.07841174304485321,0.0953555628657341]",0.051694355905056,281.7373046875,281.7373046875,[81920],0.0,[81920],True,34,604.37548828125,604.37548828125,"[48,50,1024]",0.0,"[48,50,1024]",True,"[[[-0.3607679009437561,-0.04561201110482216,-0.44752731919288635,0.04459875822067261,-0.09951453655958176,0.1551685929298401,-1.018092155456543],[-0.4236895442008972,-0.04255905747413635,-0.4511403739452362,0.009548667818307877,-0.12860733270645142,0.16107505559921265,-1.0049865245819092],[-0.46494337916374207,-0.025286495685577393,-0.44472530484199524,-0.026491522789001465,-0.14655539393424988,0.15380683541297913,-1.011504888534546],[-0.5064030885696411,0.009045444428920746,-0.4270005226135254,-0.09315799921751022,-0.1409585177898407,0.14541234076023102,-1.01576828956604],[-0.5557922124862671,0.028669115155935287,-0.43143022060394287,-0.15875113010406494,-0.14383122324943542,0.15672644972801208,-1.00827157497406]]]","[0.11467527598142624,0.012697852216660976,0.15348762273788452,0.054225992411375046,0.003992097917944193,0.03810887411236763,0.0001603223936399445]",0.05390686169266701,"[0.05889469385147095,0.059754353016614914,0.05459491163492203,0.048620693385601044,0.0476696714758873]",25.128218544305685,0.0,30.619860449454332,0.0,1750272122191094264,46,1229.6151123046875,1229.6151123046875,"[1,48,256]",0.0,"[1,48,256]",True,49,0.25,66,libero_10,4,"[[[-0.1285719871520996,0.14953207969665527,-0.017442405223846436,-0.2659956216812134,-0.08814853429794312,-0.040709614753723145,-1.0],[-0.1285719871520996,0.10903370380401611,-0.017442405223846436,-0.2659956216812134,-0.06991147994995117,-0.040709614753723145,-1.0],[-0.1285719871520996,0.02180635929107666,-0.03779119253158569,-0.2659956216812134,-0.06991147994995117,-0.040709614753723145,-1.0],[-0.1285719871520996,0.02180635929107666,-0.06976795196533203,-0.2659956216812134,-0.06991147994995117,-0.040709614753723145,-1.0],[-0.1357148289680481,0.02180635929107666,-0.1133725643157959,-0.2659956216812134,-0.06991147994995117,-0.040709614753723145,-1.0]]]","[0.031449344009160995,0.007710185833275318,0.03612520918250084,0.00017214637773577124,0.0029625180177390575,0.0006404624436981976,0.5249364376068115]",0.08628518134355545,"[0.07611461728811264,0.0759359821677208,0.08053186535835266,0.09618058800697327,0.10266289860010147]",48,B36
0.0,2.8435154035832966e-06,CC,C600,M,,B,213.35699462890625,213.35699462890625,"[1,19,256]",0.0,"[1,19,256]",True,37,713.963623046875,713.963623046875,"[48,19,256]",0.0,"[48,19,256]",True,"[0.015166163444519043,0.0002667662629391998,0.0010323507012799382,0.008451024070382118,0.0016090733697637916,0.0013881111517548561,1.2582582235336304]",0.1837388128042221,"[0.013014695607125759,0.02676571160554886,0.49609819054603577,0.3029805123806,0.07983487099409103]",0.04242127016186714,281.7373046875,281.7373046875,[81920],0.0,[81920],True,34,604.37548828125,604.37548828125,"[48,50,1024]",0.0,"[48,50,1024]",True,"[[[-0.6825987100601196,-0.06036234647035599,-0.5261619687080383,-0.22593942284584045,-0.17495548725128174,-0.06337624788284302,-1.0050662755966187],[-0.6560406684875488,-0.0635572224855423,-0.5003613233566284,-0.21252627670764923,-0.1655472368001938,-0.07065673917531967,-0.9940105676651001],[-0.6203727126121521,-0.07857128977775574,-0.4932810068130493,-0.21062211692333221,-0.1263885796070099,-0.06518559157848358,-1.0188761949539185],[-0.5686333179473877,-0.06873974204063416,-0.45337969064712524,-0.23364748060703278,-0.11142273247241974,-0.0729600042104721,-1.0131586790084839],[-0.4916028380393982,-0.08219315856695175,-0.35445868968963623,-0.21780961751937866,-0.101446233689785,-0.07654280960559845,1.0035209655761719]]]","[0.09439661353826523,0.008625761605799198,0.014109059236943722,0.008826887235045433,0.0052175456658005714,0.0006537867593578994,1.6257469654083252]",0.2510823905467987,"[0.020264845341444016,0.017088312655687332,0.6021246314048767,0.5999488830566406,0.015985257923603058]",25.128218544305685,0.0,30.619860449454332,0.0,2317014375466178463,46,1229.6151123046875,1229.6151123046875,"[1,48,256]",0.0,"[1,48,256]",True,49,0.75,199,libero_10,4,"[[[-0.39285755157470703,0.02180635929107666,-0.38662827014923096,-0.3670054078102112,-0.06991147994995117,-0.09026700258255005,-1.0],[-0.36785751581192017,0.02180635929107666,-0.3837212324142456,-0.29293161630630493,-0.06991147994995117,-0.07610780000686646,-1.0],[-0.30357182025909424,0.02180635929107666,-0.3575584888458252,-0.29293161630630493,-0.06991147994995117,-0.05132913589477539,0.9999990463256836],[-0.2321433424949646,0.02180635929107666,-0.32558178901672363,-0.3131335377693176,-0.06991147994995117,-0.040709614753723145,0.9999990463256836],[-0.18928629159927368,0.02180635929107666,-0.302325963973999,-0.28619760274887085,-0.06991147994995117,-0.040709614753723145,0.9999990463256836]]]","[0.0047168307937681675,0.0010848523816093802,0.0016991676529869437,0.002986385254189372,0.0037055076099932194,0.0009387952159158885,0.9288995862007141]",0.13486157357692719,"[0.004965096712112427,0.011237997561693192,0.3411247134208679,0.22778920829296112,0.08919093012809753]",48,B36
0.0,3.493817348498851e-05,CC,C600,M,,A,169.132568359375,169.132568359375,"[1,13,256]",0.0,"[1,13,256]",True,34,769.5836791992188,769.5836791992188,"[58,13,256]",0.0,"[58,13,256]",True,"[0.15072844922542572,0.0010166085558012128,0.17712174355983734,0.005269230809062719,0.15229390561580658,0.0006978095625527203,0.0010801905300468206]",0.06974399834871292,"[0.0700838714838028,0.07071571052074432,0.0743543952703476,0.07037820667028427,0.06318779289722443]",0.14871782064437866,281.7039794921875,281.7039794921875,[81920],0.0,[81920],True,37,670.8741455078125,670.8741455078125,"[58,50,1024]",0.0,"[58,50,1024]",True,"[[[-0.22009123861789703,0.7559528350830078,0.5381897687911987,-0.26999732851982117,-0.3172164559364319,-0.058820903301239014,0.9971408843994141],[-0.21941985189914703,0.7938599586486816,0.5016046762466431,-0.2625167965888977,-0.37572768330574036,-0.0450674332678318,0.9960861802101135],[-0.22613444924354553,0.8166710138320923,0.4791886806488037,-0.2623837888240814,-0.4448670446872711,-0.050667840987443924,1.004162073135376],[-0.2293573021888733,0.8358644843101501,0.43959566950798035,-0.25124597549438477,-0.5026220679283142,-0.05125126242637634,1.0013208389282227],[-0.21422845125198364,0.8477768301963806,0.3937894403934479,-0.261867493391037,-0.5461195707321167,-0.031031310558319092,0.9980086088180542]]]","[0.17412732541561127,0.005607569124549627,0.25328004360198975,0.00686225900426507,0.43093305826187134,0.00013019431207794696,9.30387614062056e-06]",0.12442139536142349,"[0.09583724290132523,0.11294803023338318,0.1299268901348114,0.1383492350578308,0.14504560828208923]",27.5381244126296,0.0,40.17834097326523,0.0,8442714955617139331,48,1238.7169189453125,1238.7169189453125,"[1,58,256]",0.0,"[1,58,256]",True,47,0.25,62,libero_10,7,"[[[0.21785640716552734,0.8380053043365479,0.999998927116394,-0.19192183017730713,0.18540692329406738,-0.040709614753723145,0.9999990463256836],[0.21071362495422363,0.8535815477371216,0.999998927116394,-0.15825188159942627,0.20972299575805664,-0.040709614753723145,0.9999990463256836],[0.1892850399017334,0.878503680229187,0.999998927116394,-0.13131588697433472,0.22188103199005127,-0.040709614753723145,0.9999990463256836],[0.1892850399017334,0.9190021753311157,0.9505802392959595,-0.2390596866607666,0.22188103199005127,-0.040709614753723145,0.9999990463256836],[0.16785645484924316,0.9314632415771484,0.9156967401504517,-0.2659956216812134,0.22188103199005127,-0.040709614753723145,0.9999990463256836]]]","[0.10819979012012482,0.0019040480256080627,0.1588890552520752,0.005682987626641989,0.10636965185403824,0.000725402554962784,0.0006732821930199862]",0.054634883999824524,"[0.05525164306163788,0.056729331612586975,0.0609922893345356,0.054188668727874756,0.046012505888938904]",46,B36
0.0,3.440698128542863e-05,CC,C600,M,,A,169.132568359375,169.132568359375,"[1,13,256]",0.0,"[1,13,256]",True,34,769.5836791992188,769.5836791992188,"[58,13,256]",0.0,"[58,13,256]",True,"[0.007469845004379749,0.27782851457595825,0.3469539284706116,1.1521815061569214,0.5603310465812683,0.2111978381872177,0.0034377386327832937]",0.3656286597251892,"[0.4121656119823456,0.4775429666042328,0.3370424509048462,0.2832717299461365,0.31812044978141785]",0.2865945100784302,281.7039794921875,281.7039794921875,[81920],0.0,[81920],True,37,670.8741455078125,670.8741455078125,"[58,50,1024]",0.0,"[58,50,1024]",True,"[[[0.21123449504375458,-0.06252190470695496,0.39675813913345337,-0.22524940967559814,0.6305522322654724,-0.08677147328853607,0.9948675036430359],[0.2945994734764099,-0.026090890169143677,0.4872410297393799,-0.22414210438728333,0.6450677514076233,-0.09362170100212097,1.0019809007644653],[0.36741912364959717,0.0034627020359039307,0.5510454177856445,-0.23870760202407837,0.6421920657157898,-0.08543732017278671,1.002547025680542],[0.44840818643569946,0.030296288430690765,0.5993409752845764,-0.2300722748041153,0.6408021450042725,-0.08797085285186768,0.9945569038391113],[0.5297344923019409,0.06256726384162903,0.6366444826126099,-0.20267575979232788,0.6965128183364868,-0.08288869261741638,1.0068004131317139]]]","[0.0027088213246315718,0.1425268054008484,0.150337815284729,0.3380745053291321,0.39643311500549316,0.0452018678188324,2.2525637177750468e-05]",0.1536150574684143,"[0.15267708897590637,0.18375076353549957,0.14237241446971893,0.1335490345954895,0.15572606027126312]",27.5381244126296,0.0,40.17834097326523,0.0,4151392753901295008,48,1238.7169189453125,1238.7169189453125,"[1,58,256]",0.0,"[1,58,256]",True,47,0.75,186,libero_10,7,"[[[0.2464277744293213,0.20560681819915771,0.6337201595306396,-0.8855222463607788,-0.06991147994995117,-0.20000135898590088,0.9999990463256836],[0.34642767906188965,0.34890902042388916,0.9360456466674805,-0.8383843898773193,-0.06991147994995117,-0.3238949775695801,0.9999990463256836],[0.46071338653564453,0.3676004409790039,0.999998927116394,-0.7979804277420044,0.12461686134338379,-0.3557533621788025,0.9999990463256836],[0.47857046127319336,0.42056000232696533,0.999998927116394,-0.7710444927215576,0.1185377836227417,-0.3238949775695801,0.9999990463256836],[0.5321418046951294,0.5264788866043091,0.999998927116394,-0.7239066362380981,0.03343164920806885,-0.26017826795578003,0.9999990463256836]]]","[0.04460330307483673,0.0852796733379364,0.07268215715885162,0.19502195715904236,0.03850823640823364,0.04124346002936363,0.0007542133680544794]",0.06829900294542313,"[0.05995555594563484,0.0791577622294426,0.07829251140356064,0.06339862197637558,0.060690559446811676]",46,B36
0.0,4.4141645048512146e-05,CC,C600,M,,B,169.5383758544922,169.5383758544922,"[1,13,256]",0.0,"[1,13,256]",True,34,735.1954956054688,735.1954956054688,"[53,13,256]",0.0,"[53,13,256]",True,"[0.018820324912667274,0.08630666136741638,0.07442878931760788,0.008944216184318066,0.7693540453910828,0.0004551468591671437,0.00015509745571762323]",0.13692347705364227,"[0.19883492588996887,0.14906106889247894,0.10587768256664276,0.12116371095180511,0.10967997461557388]",0.07399106025695801,281.71533203125,281.71533203125,[81920],0.0,[81920],True,37,641.1969604492188,641.1969604492188,"[53,50,1024]",0.0,"[53,50,1024]",True,"[[[-0.17198996245861053,0.5280250310897827,0.7567176818847656,-0.3563346862792969,-0.44956907629966736,-0.018616264685988426,1.0089854001998901],[-0.1878458857536316,0.6180468201637268,0.6975866556167603,-0.3468320667743683,-0.4840472936630249,-0.013810373842716217,1.0007586479187012],[-0.1975998878479004,0.6919997930526733,0.5963993072509766,-0.31672072410583496,-0.5243290662765503,-0.020075218752026558,1.0142436027526855],[-0.20259185135364532,0.7573987245559692,0.5021712183952332,-0.32632920145988464,-0.5790502429008484,-0.0124732106924057,1.0031622648239136],[-0.1818639189004898,0.8260434865951538,0.40686336159706116,-0.314739465713501,-0.5689488649368286,-0.009477175772190094,1.011979103088379]]]","[0.01088861282914877,0.02194945327937603,0.10886354744434357,0.004656963050365448,0.7370335459709167,0.0014379241038113832,8.755333692533895e-05]",0.12641680240631104,"[0.14031361043453217,0.12493383884429932,0.10691669583320618,0.13061891496181488,0.12930095195770264]",26.909253598525105,0.0,37.87275916894172,0.0,895811180839841733,46,1189.54296875,1189.54296875,"[1,53,256]",0.0,"[1,53,256]",True,49,0.25,72,libero_10,7,"[[[-0.010714948177337646,0.43613624572753906,0.8982548713684082,-0.2659956216812134,0.5075944662094116,-0.07610780000686646,0.9999990463256836],[-0.10357201099395752,0.4766346216201782,0.9215106964111328,-0.2659956216812134,0.4042513370513916,-0.05486893653869629,0.9999990463256836],[-0.1285719871520996,0.5264788866043091,0.9418593645095825,-0.2659956216812134,0.24619698524475098,-0.040709614753723145,0.9999990463256836],[-0.16071486473083496,0.5856688022613525,0.8982548713684082,-0.2659956216812134,0.27051305770874023,-0.040709614753723145,0.9999990463256836],[-0.30357182025909424,0.669780969619751,0.851743221282959,-0.2659956216812134,0.24619698524475098,-0.040709614753723145,0.9999990463256836]]]","[0.015359833836555481,0.02867395058274269,0.02604564093053341,0.0019560554064810276,0.19798606634140015,0.0006293014739640057,0.0007444751681759953]",0.038770757615566254,"[0.06105530261993408,0.041829925030469894,0.02906602807343006,0.031275972723960876,0.030626583844423294]",48,B36
0.0,3.723313784576021e-05,CC,C600,M,,B,169.5383758544922,169.5383758544922,"[1,13,256]",0.0,"[1,13,256]",True,34,735.1954956054688,735.1954956054688,"[53,13,256]",0.0,"[53,13,256]",True,"[0.04990289732813835,0.7431620955467224,0.02718542516231537,0.020629119127988815,0.27954983711242676,0.005089710932224989,0.002001682063564658]",0.16107439994812012,"[0.18039318919181824,0.1479870080947876,0.1542995423078537,0.15550586581230164,0.16718639433383942]",0.13608424365520477,281.71533203125,281.71533203125,[81920],0.0,[81920],True,37,641.1969604492188,641.1969604492188,"[53,50,1024]",0.0,"[53,50,1024]",True,"[[[0.5924304723739624,0.082728810608387,0.9323667883872986,-0.28674426674842834,0.9335552453994751,-0.08366157114505768,1.0016758441925049],[0.597693920135498,0.10284807533025742,0.9308103919029236,-0.2724420726299286,0.9318392872810364,-0.07769351452589035,1.002841591835022],[0.6049115657806396,0.1357959806919098,0.9233928918838501,-0.26799482107162476,0.9196631908416748,-0.08049812912940979,1.0060234069824219],[0.5971100330352783,0.1766851544380188,0.8800404667854309,-0.26275303959846497,0.8727877736091614,-0.07627831399440765,1.0081748962402344],[0.5910611152648926,0.23773467540740967,0.8125642538070679,-0.25265204906463623,0.795634925365448,-0.06843478977680206,0.9979092478752136]]]","[0.002706248080357909,0.22830747067928314,0.002339560305699706,0.00013292500807438046,0.10499856621026993,0.0013119184877723455,2.3679282094235532e-05]",0.04854576662182808,"[0.05284372717142105,0.04869791492819786,0.048565708100795746,0.04765135422348976,0.04497014358639717]",26.909253598525105,0.0,37.87275916894172,0.0,4825284986999109913,46,1189.54296875,1189.54296875,"[1,53,256]",0.0,"[1,53,256]",True,49,0.75,218,libero_10,7,"[[[0.657141923904419,0.5077873468399048,0.9360456466674805,-0.2659956216812134,0.5075944662094116,-0.1398245096206665,0.9999990463256836],[0.6678560972213745,0.548285722732544,0.9156967401504517,-0.2659956216812134,0.5623054504394531,-0.1044263243675232,0.9999990463256836],[0.6607131958007812,0.6261674165725708,0.9040688276290894,-0.2659956216812134,0.6109377145767212,-0.05486893653869629,0.9999990463256836],[0.6321418285369873,0.6915878057479858,0.9011619091033936,-0.2659956216812134,0.6170166730880737,-0.040709614753723145,0.9999990463256836],[0.5999990701675415,0.7445472478866577,0.9156967401504517,-0.2659956216812134,0.5805425643920898,-0.040709614753723145,0.9999990463256836]]]","[0.0055985115468502045,0.09606765955686569,0.038384366780519485,0.011075767688453197,0.030673081055283546,0.005150218494236469,0.001094725914299488]",0.026863476261496544,"[0.024463361129164696,0.02290644869208336,0.03062397800385952,0.028192440047860146,0.0281311497092247]",48,B36
0.0,2.8440472306101583e-05,CC,C600,Z,,A,178.60662841796875,178.60662841796875,"[1,15,256]",0.0,"[1,15,256]",True,7,535.5595703125,535.5595703125,"[23,15,256]",0.0,"[23,15,256]",True,"[0.1428583860397339,0.08621009439229965,0.2192365676164627,0.0011423826217651367,0.13771872222423553,0.0415029302239418,0.4624415934085846]",0.15587294101715088,"[0.25415289402008057,0.20109502971172333,0.14361785352230072,0.10363027453422546,0.07686872780323029]",0.07425612211227417,281.97979736328125,281.97979736328125,[81920],0.0,[81920],True,5,418.06317138671875,418.06317138671875,"[23,50,1024]",0.0,"[23,50,1024]",True,"[[[-0.24406124651432037,0.08723540604114532,-0.5369203090667725,-0.08376885950565338,-0.07806554436683655,-0.006229907274246216,1.0058789253234863],[-0.19838780164718628,0.09811179339885712,-0.49333468079566956,-0.09841974079608917,-0.1045193076133728,-0.007922962307929993,1.0160467624664307],[-0.1553042232990265,0.08613124489784241,-0.48241758346557617,-0.0826689600944519,-0.09204383194446564,-0.02741139754652977,1.0068285465240479],[-0.11117969453334808,0.08222667872905731,-0.42995133996009827,-0.08335331082344055,-0.0769769549369812,-0.029792457818984985,1.0175087451934814],[-0.046171367168426514,0.07522889226675034,-0.3150315284729004,-0.11689458787441254,-0.06781329214572906,-0.08299507200717926,1.008768081665039]]]","[0.0027046343311667442,0.08518340438604355,0.13538585603237152,0.03815210238099098,0.10564426332712173,0.026353979483246803,0.8048475384712219]",0.17118167877197266,"[0.627932071685791,0.05838241055607796,0.061906445771455765,0.0637088343501091,0.043978627771139145]",35.99123276474503,0.0,42.14336153032151,0.0,5898604950164596219,48,979.8433837890625,979.8433837890625,"[1,23,256]",0.0,"[1,23,256]",True,47,0.25,27,libero_spatial,5,"[[[-0.26428622007369995,0.42056000232696533,-0.2790701985359192,-0.27946358919143677,-0.46504712104797363,-0.08318740129470825,-1.0],[-0.1285719871520996,0.40186846256256104,-0.10755860805511475,-0.2659956216812134,-0.44073110818862915,-0.15398377180099487,0.9999990463256836],[-0.12142914533615112,0.3676004409790039,-0.03197723627090454,-0.27272963523864746,-0.3799409866333008,-0.20354115962982178,0.9999990463256836],[-0.1285719871520996,0.3676004409790039,-0.017442405223846436,-0.30639952421188354,-0.3981780409812927,-0.2318597435951233,0.9999990463256836],[-0.1285719871520996,0.32398688793182373,-0.017442405223846436,-0.3131335377693176,-0.3495458960533142,-0.2637180685997009,0.9999990463256836]]]","[0.1349649876356125,0.06030798703432083,0.15310724079608917,0.0009699339279904962,0.11351616680622101,0.03098040260374546,0.37893009185791016]",0.12468241155147552,"[0.19150176644325256,0.1663053035736084,0.1184520274400711,0.08659371733665466,0.06055925041437149]",46,B36
0.0,6.989081157371402e-05,CC,C600,Z,,A,178.60662841796875,178.60662841796875,"[1,15,256]",0.0,"[1,15,256]",True,7,535.5595703125,535.5595703125,"[23,15,256]",0.0,"[23,15,256]",True,"[0.3986257016658783,0.0035347738303244114,0.145072340965271,0.13783042132854462,0.21139276027679443,0.10917448997497559,0.0015393801731988788]",0.1438814103603363,"[0.13429175317287445,0.1796221137046814,0.17337700724601746,0.13727641105651855,0.09483973681926727]",0.15347722172737122,281.97979736328125,281.97979736328125,[81920],0.0,[81920],True,5,418.06317138671875,418.06317138671875,"[23,50,1024]",0.0,"[23,50,1024]",True,"[[[-0.6251263618469238,0.15702131390571594,-0.5993890762329102,0.03919745981693268,-0.12501908838748932,-0.14119398593902588,1.0072486400604248],[-0.707665741443634,0.13339237868785858,-0.6396287679672241,0.03895633667707443,-0.24422745406627655,-0.09933073073625565,1.0034523010253906],[-0.7920223474502563,0.11876131594181061,-0.6780909299850464,0.06766241043806076,-0.41952866315841675,-0.07521285861730576,1.000209927558899],[-0.9113988280296326,0.08573328703641891,-0.7271602153778076,0.09796537458896637,-0.7030971050262451,-0.0416911356151104,1.0065064430236816],[-1.0060298442840576,0.06157378852367401,-0.7448353171348572,0.12378671765327454,-0.9170129895210266,0.0032867416739463806,0.9951403141021729]]]","[0.24786105751991272,0.0008742655045352876,0.12039001286029816,0.11637281626462936,0.1609760969877243,0.06599652022123337,2.6095909561263397e-05]",0.10178526490926743,"[0.12751123309135437,0.1206057146191597,0.09659374505281448,0.07901264727115631,0.08520304411649704]",35.99123276474503,0.0,42.14336153032151,0.0,1908307486257974580,48,979.8433837890625,979.8433837890625,"[1,23,256]",0.0,"[1,23,256]",True,47,0.75,81,libero_spatial,5,"[[[-1.1464284658432007,0.11837947368621826,-1.034883737564087,-0.2659956216812134,-0.6656544208526611,0.06902480125427246,0.9999990463256836],[-1.2999998331069946,0.10591840744018555,-1.034883737564087,-0.2659956216812134,-0.6717334985733032,0.14690065383911133,0.9999990463256836],[-1.3642854690551758,0.09968781471252441,-1.034883737564087,-0.2659956216812134,-0.5927063226699829,0.20707762241363525,0.9999990463256836],[-1.374999761581421,0.09345734119415283,-1.0058139562606812,-0.2659956216812134,-0.4954422116279602,0.24955546855926514,0.9999990463256836],[-1.2785712480545044,0.10280311107635498,-0.970930278301239,-0.2659956216812134,-0.41033607721328735,0.24955546855926514,0.9999990463256836]]]","[0.09812326729297638,0.007372802589088678,0.09815105050802231,0.012659035623073578,0.011017356999218464,0.031848158687353134,0.0068810428492724895]",0.03800753131508827,"[0.022268664091825485,0.0354035347700119,0.047433141618967056,0.04683532193303108,0.03809700906276703]",46,B36
0.0,4.9649639549897984e-05,CC,C600,Z,,B,178.0231475830078,178.0231475830078,"[1,15,256]",0.0,"[1,15,256]",True,7,534.8964233398438,534.8964233398438,"[23,15,256]",0.0,"[23,15,256]",True,"[0.14139193296432495,0.024716176092624664,0.053728796541690826,0.04412993788719177,2.24552321434021,0.49289369583129883,0.004722218960523605]",0.4295865297317505,"[0.510402500629425,0.5447387099266052,0.48919036984443665,0.3581916391849518,0.2454095035791397]",0.17278340458869934,281.9855041503906,281.9855041503906,[81920],0.0,[81920],True,5,418.7197265625,418.7197265625,"[23,50,1024]",0.0,"[23,50,1024]",True,"[[[-0.6483536958694458,0.040927954018116,-1.0595579147338867,-0.24214628338813782,-0.08381663262844086,-0.04529132321476936,-1.0149294137954712],[-0.6525020599365234,0.052362482994794846,-1.074549913406372,-0.2555249333381653,-0.07848932594060898,-0.03261440992355347,-1.0179672241210938],[-0.6698060631752014,0.07637683302164078,-1.1015818119049072,-0.27571505308151245,-0.09322163462638855,-0.032501086592674255,-1.0113478899002075],[-0.669840395450592,0.0728633850812912,-1.0892608165740967,-0.2637562155723572,-0.08583512157201767,-0.02985486388206482,-1.007310390472412],[-0.6732342839241028,0.08762018382549286,-1.0601000785827637,-0.2527189552783966,-0.06699340790510178,-0.04041951894760132,-1.013262152671814]]]","[0.041834279894828796,0.002243105787783861,0.12088485807180405,0.0326102077960968,1.5079140663146973,0.28316250443458557,0.0001807619264582172]",0.28411853313446045,"[0.34387049078941345,0.3518519103527069,0.3196488916873932,0.23531216382980347,0.1699093133211136]",36.111277022999495,0.0,42.16984930260953,0.0,4644491651927860461,46,975.0972290039062,975.0972290039062,"[1,23,256]",0.0,"[1,23,256]",True,49,0.25,27,libero_spatial,5,"[[[-0.3571432828903198,0.02180635929107666,-0.6802327036857605,-0.07071006298065186,-1.4255306720733643,-0.6353988647460938,-1.0],[-0.3964289426803589,0.02180635929107666,-0.6744188070297241,-0.050508081912994385,-1.443767786026001,-0.607080340385437,-1.0],[-0.4500003457069397,0.02180635929107666,-0.7005815505981445,-0.05724203586578369,-1.38905668258667,-0.5787618160247803,-1.0],[-0.5678573846817017,0.02180635929107666,-0.7790699005126953,-0.08417803049087524,-1.2066863775253296,-0.5292043685913086,-1.0],[-0.6821430921554565,0.02180635929107666,-0.8517442941665649,-0.14478391408920288,-1.0364739894866943,-0.476107120513916,-1.0]]]","[0.17026729881763458,0.03154158964753151,0.03335781767964363,0.029681965708732605,1.1636313199996948,0.24385415017604828,0.0024567861109972]",0.23925583064556122,"[0.2958013713359833,0.3014983534812927,0.27430459856987,0.1959863156080246,0.12868857383728027]",48,B36
0.0,0.0004396398726385087,CC,C600,Z,,B,178.0231475830078,178.0231475830078,"[1,15,256]",0.0,"[1,15,256]",True,7,534.8964233398438,534.8964233398438,"[23,15,256]",0.0,"[23,15,256]",True,"[1.046875238418579,0.23454873263835907,0.05802742391824722,0.08056627213954926,0.014967262744903564,0.02356787770986557,9.937176946550608e-05]",0.2083788812160492,"[0.21690064668655396,0.14144599437713623,0.1495520919561386,0.2452089488506317,0.28878673911094666]",0.15159504115581512,281.9855041503906,281.9855041503906,[81920],0.0,[81920],True,5,418.7197265625,418.7197265625,"[23,50,1024]",0.0,"[23,50,1024]",True,"[[[0.606170654296875,-0.14110632240772247,-0.4642866551876068,-0.07456444203853607,-0.6894984245300293,-0.06443080306053162,1.0042762756347656],[0.596553385257721,-0.23168261349201202,-0.6214314699172974,-0.09581971913576126,-0.6344867944717407,-0.06832081079483032,1.0055482387542725],[0.5717978477478027,-0.27301111817359924,-0.7405487895011902,-0.12761631608009338,-0.5894953608512878,-0.06873159855604172,1.0083727836608887],[0.5331284999847412,-0.28153377771377563,-0.8407148122787476,-0.1518566906452179,-0.5914900898933411,-0.06566508114337921,1.0109386444091797],[0.473666250705719,-0.24391531944274902,-0.951551616191864,-0.1878412365913391,-0.6293920278549194,-0.05870068073272705,1.0111089944839478]]]","[0.2455076277256012,0.02189739979803562,0.08001725375652313,0.026468073949217796,0.1511317491531372,0.0006113516283221543,7.246269524330273e-05]",0.0751008465886116,"[0.055748432874679565,0.06989338994026184,0.07699780911207199,0.0803365409374237,0.0925280749797821]",36.111277022999495,0.0,42.16984930260953,0.0,4698308146476797737,46,975.0972290039062,975.0972290039062,"[1,23,256]",0.0,"[1,23,256]",True,49,0.75,80,libero_spatial,5,"[[[1.064284324645996,-0.11215001344680786,-0.3488374948501587,-0.2659956216812134,-1.0486321449279785,-0.040709614753723145,0.9999990463256836],[1.042855978012085,-0.13707208633422852,-0.3575584888458252,-0.2659956216812134,-1.0607901811599731,-0.040709614753723145,0.9999990463256836],[1.0499987602233887,-0.14330261945724487,-0.42441892623901367,-0.2659956216812134,-1.006079077720642,-0.040709614753723145,0.9999990463256836],[1.071427345275879,-0.07476687431335449,-0.5465118885040283,-0.2659956216812134,-0.9513679146766663,-0.040709614753723145,0.9999990463256836],[1.0214273929595947,-0.043614208698272705,-0.5901165008544922,-0.3737393617630005,-1.006079077720642,-0.040709614753723145,0.9999990463256836]]]","[0.015394510701298714,0.0011404247488826513,0.005177756305783987,0.03281630948185921,0.46909600496292114,0.008078708313405514,6.94810805725865e-05]",0.07596759498119354,"[0.09354975074529648,0.09144869446754456,0.06824366748332977,0.05769941583275795,0.06889649480581284]",48,B36
0.0,9.414659871254116e-06,CC,C600,Z,,A,186.4934844970703,186.4934844970703,"[1,14,256]",0.0,"[1,14,256]",True,5,607.3050537109375,607.3050537109375,"[37,14,256]",0.0,"[37,14,256]",True,"[0.15146122872829437,0.0008417103672400117,0.09456636756658554,0.09444939345121384,1.1334400177001953,0.0045474800281226635,0.0019698680844157934]",0.21161088347434998,"[0.17774337530136108,0.20284947752952576,0.22332999110221863,0.2226959764957428,0.23143556714057922]",0.1071045994758606,281.88275146484375,281.88275146484375,[81920],0.0,[81920],True,7,530.3638305664062,530.3638305664062,"[37,50,1024]",0.0,"[37,50,1024]",True,"[[[-0.16728180646896362,0.0042524877935647964,0.0054803937673568726,-0.24173809587955475,-0.06989022344350815,-0.11784283816814423,0.9996443390846252],[-0.14267896115779877,0.002798736095428467,0.027058493345975876,-0.22728446125984192,-0.07515032589435577,-0.1252160370349884,0.995022714138031],[-0.14892920851707458,0.004158042371273041,0.03891102224588394,-0.20939886569976807,-0.08464320003986359,-0.12444771826267242,1.0041049718856812],[-0.1326131820678711,0.0077824220061302185,0.061950936913490295,-0.1939614713191986,-0.0617077499628067,-0.1187896579504013,1.0121002197265625],[-0.12535598874092102,-0.0009556859731674194,0.08829911053180695,-0.18451233208179474,-0.06418770551681519,-0.10884729027748108,1.0035617351531982]]]","[0.09738172590732574,0.0005009121377952397,0.12469808012247086,0.06745133548974991,0.7759591341018677,0.004930240102112293,4.017589526483789e-05]",0.15299451351165771,"[0.13407592475414276,0.15202529728412628,0.16045431792736053,0.155269593000412,0.163147434592247]",29.878908348607077,0.0,36.890188853334095,0.0,3060169894559326343,48,1244.0078125,1244.0078125,"[1,37,256]",0.0,"[1,37,256]",True,47,0.25,30,libero_spatial,7,"[[[-0.5750002861022949,0.02180635929107666,-0.4447677731513977,-0.4814831614494324,0.641332745552063,-0.040709614753723145,0.9999990463256836],[-0.5142860412597656,0.02180635929107666,-0.36627936363220215,-0.49495112895965576,0.7568339109420776,-0.040709614753723145,0.9999990463256836],[-0.45357179641723633,0.02180635929107666,-0.29651206731796265,-0.5016851425170898,0.8237029314041138,-0.040709614753723145,0.9999990463256836],[-0.38571470975875854,0.02180635929107666,-0.2412794828414917,-0.47474920749664307,0.8601770401000977,-0.07610780000686646,0.9999990463256836],[-0.2857147455215454,-0.03738367557525635,-0.15988421440124512,-0.39394134283065796,0.9392043352127075,-0.16106337308883667,0.9999990463256836]]]","[0.04700698330998421,0.0003441752924118191,0.02440129965543747,0.04222625866532326,0.5844199061393738,0.002708062529563904,0.004685521591454744]",0.10082746297121048,"[0.08317271620035172,0.0939008966088295,0.10087259858846664,0.10847312957048416,0.11771796643733978]",46,B36
0.0,6.037481580278836e-05,CC,C600,Z,,A,186.4934844970703,186.4934844970703,"[1,14,256]",0.0,"[1,14,256]",True,5,607.3050537109375,607.3050537109375,"[37,14,256]",0.0,"[37,14,256]",True,"[0.07351205497980118,0.06419391930103302,0.02569645456969738,0.013697522692382336,0.05469781160354614,0.023576853796839714,0.00015983897901605815]",0.036504924297332764,"[0.030134733766317368,0.030940134078264236,0.035071972757577896,0.039306480437517166,0.047071296721696854]",0.11870966851711273,281.88275146484375,281.88275146484375,[81920],0.0,[81920],True,7,530.3638305664062,530.3638305664062,"[37,50,1024]",0.0,"[37,50,1024]",True,"[[[0.4288536310195923,0.45610910654067993,-0.029141992330551147,-0.2747885584831238,-0.5756229758262634,-0.5520668029785156,0.9990407228469849],[0.4166186451911926,0.4295799136161804,-0.052471134811639786,-0.2698417603969574,-0.5400766134262085,-0.5393335819244385,1.0014235973358154],[0.41390353441238403,0.40515443682670593,-0.07317755371332169,-0.2635863721370697,-0.5223269462585449,-0.530001163482666,1.0023497343063354],[0.41599252820014954,0.382896363735199,-0.09802812337875366,-0.25981152057647705,-0.5102620720863342,-0.524787962436676,1.0056419372558594],[0.4183507561683655,0.3623766601085663,-0.12147680670022964,-0.25856807827949524,-0.5042316913604736,-0.5110461711883545,1.005374789237976]]]","[0.06583122164011002,0.002531585516408086,0.14106515049934387,3.8264901377260685e-05,0.2128043919801712,0.05703449994325638,1.3842858606949449e-05]",0.06847412884235382,"[0.08041610568761826,0.0734257698059082,0.06785188615322113,0.06287521123886108,0.05780169367790222]",29.878908348607077,0.0,36.890188853334095,0.0,5106880675780522306,48,1244.0078125,1244.0078125,"[1,37,256]",0.0,"[1,37,256]",True,47,0.75,92,libero_spatial,7,"[[[0.6607131958007812,0.42367517948150635,-0.46511656045913696,-0.2659956216812134,-0.06991147994995117,-0.30265605449676514,0.9999990463256836],[0.6714276075363159,0.4299057722091675,-0.46511656045913696,-0.2659956216812134,-0.06991147994995117,-0.29911625385284424,0.9999990463256836],[0.6785702705383301,0.4392514228820801,-0.4505816698074341,-0.2659956216812134,-0.06991147994995117,-0.29203659296035767,0.9999990463256836],[0.6821417808532715,0.4423668384552002,-0.436046838760376,-0.2659956216812134,-0.06991147994995117,-0.2849569320678711,0.9999990463256836],[0.6821417808532715,0.44548213481903076,-0.4186049699783325,-0.2659956216812134,-0.06991147994995117,-0.2849569320678711,0.9999990463256836]]]","[0.0660112276673317,0.05626855045557022,0.022685980424284935,0.01027578953653574,0.05390935763716698,0.01948734186589718,0.0002348922280361876]",0.032696161419153214,"[0.0261225588619709,0.027890929952263832,0.031054068356752396,0.03629063069820404,0.042122628539800644]",46,B36
0.0,1.4829542124061845e-05,CC,C600,Z,,B,186.267333984375,186.267333984375,"[1,14,256]",0.0,"[1,14,256]",True,5,522.1982421875,522.1982421875,"[28,14,256]",0.0,"[28,14,256]",True,"[0.137560173869133,0.008913601748645306,0.03359364718198776,0.16448087990283966,0.06928825378417969,0.022363334894180298,0.00034391871304251254]",0.062363401055336,"[0.05088218301534653,0.0510169081389904,0.0554562509059906,0.07808120548725128,0.07638047635555267]",0.07238054275512695,281.8653259277344,281.8653259277344,[81920],0.0,[81920],True,7,462.6632995605469,462.6632995605469,"[28,50,1024]",0.0,"[28,50,1024]",True,"[[[-0.13660824298858643,-0.020418446511030197,-0.017778707668185234,-0.2643488645553589,0.28783509135246277,-0.08205993473529816,1.0073500871658325],[-0.12656600773334503,-0.01966024376451969,-0.008585374802350998,-0.2640650272369385,0.32792726159095764,-0.082852303981781,1.0128827095031738],[-0.11566479504108429,-0.023308560252189636,-0.0053674280643463135,-0.25527071952819824,0.3437540531158447,-0.08216594159603119,1.0139974355697632],[-0.11030331999063492,-0.02405218780040741,0.0059538185596466064,-0.25227421522140503,0.35533997416496277,-0.08738619089126587,1.0129401683807373],[-0.07698936760425568,0.001762591302394867,0.027594685554504395,-0.25264158844947815,0.35846278071403503,-0.08432598412036896,1.0128940343856812]]]","[0.05071024224162102,0.0017309545073658228,0.05542147159576416,0.037518661469221115,0.05612989887595177,0.004547270946204662,0.0001499469653936103]",0.02945835329592228,"[0.018953120335936546,0.018028581514954567,0.023737771436572075,0.03424578160047531,0.0523265041410923]",29.203579053619706,0.0,36.49866982790127,0.0,4594143207052349333,46,1088.6419677734375,1088.6419677734375,"[1,28,256]",0.0,"[1,28,256]",True,49,0.25,38,libero_spatial,7,"[[[-0.3535718321800232,-0.09345841407775879,-0.2674422860145569,-0.3468034863471985,0.21580207347869873,-0.005311429500579834,0.9999990463256836],[-0.3250004053115845,-0.05919051170349121,-0.23546552658081055,-0.40067535638809204,0.2279599905014038,-0.012391090393066406,0.9999990463256836],[-0.33214324712753296,-0.028037965297698975,-0.22674459218978882,-0.4478132128715515,0.17324888706207275,-0.019470691680908203,0.9999990463256836],[-0.3285719156265259,0.012460470199584961,-0.20639574527740479,-0.5218870639801025,0.09422183036804199,-0.019470691680908203,0.9999990463256836],[-0.3464289903640747,0.02180635929107666,-0.23546552658081055,-0.4814831614494324,-0.051674485206604004,-0.02655029296875,0.9999990463256836]]]","[0.05224747583270073,0.0014676701975986362,0.09117524325847626,0.03657356649637222,0.015209863893687725,0.009586237370967865,0.00029006769182160497]",0.029507160186767578,"[0.018231425434350967,0.020113511011004448,0.025920618325471878,0.0346444733440876,0.04862578213214874]",48,B36
0.0,6.017125633661635e-05,CC,C600,Z,,B,186.267333984375,186.267333984375,"[1,14,256]",0.0,"[1,14,256]",True,5,522.1982421875,522.1982421875,"[28,14,256]",0.0,"[28,14,256]",True,"[0.01335581112653017,0.000193946689250879,0.022180601954460144,0.0007854407886043191,0.048191316425800323,0.0062032886780798435,0.004890187177807093]",0.013685798272490501,"[0.016626683995127678,0.014041182585060596,0.01446178276091814,0.012571739964187145,0.010727607645094395]",0.05044393241405487,281.8653259277344,281.8653259277344,[81920],0.0,[81920],True,7,462.6632995605469,462.6632995605469,"[28,50,1024]",0.0,"[28,50,1024]",True,"[[[0.34099721908569336,0.723632276058197,-0.22490337491035461,-0.21573877334594727,-0.759056806564331,-0.06358247250318527,1.0098843574523926],[0.3207024931907654,0.7124130129814148,-0.26884984970092773,-0.20284998416900635,-0.7413541078567505,-0.060003861784935,1.009606122970581],[0.3079617917537689,0.704026997089386,-0.3177401125431061,-0.21508215367794037,-0.7114228010177612,-0.0647660568356514,1.0107628107070923],[0.2736430764198303,0.6897014379501343,-0.3630252480506897,-0.2104230523109436,-0.6904996633529663,-0.06249462813138962,1.0087683200836182],[0.24729835987091064,0.6873853206634521,-0.4144700765609741,-0.21646273136138916,-0.6709916591644287,-0.05837725102901459,1.0102440118789673]]]","[0.018067263066768646,0.0010989148868247867,0.00031770789064466953,0.0028050728142261505,0.20053373277187347,0.026880627498030663,9.754668280947953e-05]",0.035685840994119644,"[0.039366573095321655,0.041448455303907394,0.03550906851887703,0.031345266848802567,0.03075983002781868]",29.203579053619706,0.0,36.49866982790127,0.0,4843176701914511588,46,1088.6419677734375,1088.6419677734375,"[1,28,256]",0.0,"[1,28,256]",True,49,0.75,114,libero_spatial,7,"[[[0.503570556640625,0.7725847959518433,-0.21220970153808594,-0.2659956216812134,-0.27051883935928345,-0.1362847089767456,0.9999990463256836],[0.46071338653564453,0.7507778406143188,-0.2906981110572815,-0.2659956216812134,-0.24012374877929688,-0.17522269487380981,0.9999990463256836],[0.4249991178512573,0.732086181640625,-0.34011662006378174,-0.2659956216812134,-0.2583608031272888,-0.22478008270263672,0.9999990463256836],[0.3892848491668701,0.7133947610855103,-0.3837212324142456,-0.2659956216812134,-0.2887558937072754,-0.2637180685997009,0.9999990463256836],[0.37857067584991455,0.7040488719940186,-0.4098840355873108,-0.2592616677284241,-0.2887558937072754,-0.2814171314239502,0.9999990463256836]]]","[0.007221011910587549,0.00016059810877777636,0.03317055106163025,0.0033478294499218464,0.01993640884757042,0.0034457433503121138,0.0004014692676719278]",0.009669087827205658,"[0.009720605798065662,0.009069663472473621,0.010141635313630104,0.01044129766523838,0.008972237817943096]",48,B36
0.0,3.4999549825442955e-05,CC,C600,Z,,A,233.95761108398438,233.95761108398438,"[1,11,256]",0.0,"[1,11,256]",True,14,488.41461181640625,488.41461181640625,"[25,11,256]",0.0,"[25,11,256]",True,"[0.057580020278692245,0.00558113818988204,0.012720589525997639,0.0028052956331521273,0.3515237867832184,0.007692508399486542,0.000464681041194126]",0.0626240074634552,"[0.07965031266212463,0.0814257264137268,0.060534216463565826,0.03837083652615547,0.05313891917467117]",0.053141120821237564,281.950927734375,281.950927734375,[81920],0.0,[81920],True,12,436.56536865234375,436.56536865234375,"[25,50,1024]",0.0,"[25,50,1024]",True,"[[[-0.26328587532043457,0.11796422302722931,-0.5962844491004944,-0.2607673406600952,-0.2581644058227539,-0.021457016468048096,-0.998322606086731],[-0.2897033095359802,0.11257421970367432,-0.6131649613380432,-0.2710472345352173,-0.24996504187583923,-0.030489299446344376,-1.0083913803100586],[-0.3234649896621704,0.056926146149635315,-0.6633481383323669,-0.253459632396698,-0.24477191269397736,-0.03272762894630432,-1.0122501850128174],[-0.3259401023387909,0.03238172084093094,-0.7036455273628235,-0.23902644217014313,-0.21664151549339294,-0.04337352514266968,-1.0145834684371948],[-0.2973366975784302,-0.008218526840209961,-0.7362192869186401,-0.2451150268316269,-0.16073420643806458,-0.04258830472826958,-1.0024566650390625]]]","[0.016086285933852196,0.003696667030453682,0.005313014145940542,0.00027466812753118575,0.10040964931249619,8.701716433279216e-05,8.84017426869832e-05]",0.01799367181956768,"[0.020473768934607506,0.02278796397149563,0.015528703108429909,0.010821973904967308,0.020355960354208946]",30.167095507072855,0.0,46.52560203157292,0.0,5545119331277237353,48,969.7846069335938,969.7846069335938,"[1,25,256]",0.0,"[1,25,256]",True,47,0.25,32,libero_object,2,"[[[-0.1285719871520996,0.04361319541931152,-0.6831396818161011,-0.2659956216812134,-0.5927063226699829,-0.03363001346588135,-1.0],[-0.1285719871520996,0.02180635929107666,-0.7005815505981445,-0.2659956216812134,-0.5927063226699829,-0.040709614753723145,-1.0],[-0.16071486473083496,0.02180635929107666,-0.7034885287284851,-0.2659956216812134,-0.525837242603302,-0.040709614753723145,-1.0],[-0.22857189178466797,0.02180635929107666,-0.6831396818161011,-0.2659956216812134,-0.47112613916397095,-0.037169814109802246,-1.0],[-0.2785719037055969,0.049843668937683105,-0.6395350694656372,-0.2659956216812134,-0.5197582244873047,-0.03363001346588135,-1.0]]]","[0.08230249583721161,0.002563281450420618,0.0018960476154461503,0.0025558515917509794,0.1347949355840683,0.003542994847521186,0.12404906749725342]",0.05024351924657822,"[0.043755482882261276,0.04894464462995529,0.05228295177221298,0.047642193734645844,0.058592356741428375]",46,B36
0.0,0.00019885746587533504,CC,C600,Z,,A,233.95761108398438,233.95761108398438,"[1,11,256]",0.0,"[1,11,256]",True,14,488.41461181640625,488.41461181640625,"[25,11,256]",0.0,"[25,11,256]",True,"[0.016307415440678596,0.001427740091457963,0.02216491661965847,0.0014658651780337095,0.0006513553089462221,0.01345297135412693,0.0005603856407105923]",0.008004378527402878,"[0.007435908075422049,0.005866346415132284,0.005907598417252302,0.010301507078111172,0.010510532185435295]",0.06481283158063889,281.950927734375,281.950927734375,[81920],0.0,[81920],True,12,436.56536865234375,436.56536865234375,"[25,50,1024]",0.0,"[25,50,1024]",True,"[[[-0.29336661100387573,0.901959240436554,-0.1858929544687271,-0.259412944316864,-0.08077342808246613,-0.026211585849523544,1.0103139877319336],[-0.3070347309112549,0.8565919399261475,-0.2635003328323364,-0.2609931528568268,-0.07702702283859253,-0.024623019620776176,1.0193703174591064],[-0.3322131633758545,0.8182171583175659,-0.3024290204048157,-0.2564343214035034,-0.058892667293548584,-0.02508024126291275,1.0245471000671387],[-0.3184952139854431,0.7660861611366272,-0.3428868353366852,-0.24670571088790894,-0.08930067718029022,-0.025015924125909805,1.018020749092102],[-0.31443488597869873,0.7117215991020203,-0.3975744843482971,-0.23631280660629272,-0.0727408155798912,-0.039555735886096954,1.0161868333816528]]]","[0.004534910898655653,0.0013006123481318355,0.002229327103123069,0.00028258899692445993,0.0029631454963237047,0.015018286183476448,0.0003342154377605766]",0.0038090122397989035,"[0.004091171082109213,0.002903890796005726,0.0034603578969836235,0.004049292765557766,0.004540349822491407]",30.167095507072855,0.0,46.52560203157292,0.0,6063945589377718727,48,969.7846069335938,969.7846069335938,"[1,25,256]",0.0,"[1,25,256]",True,47,0.75,95,libero_object,2,"[[[-0.30357182025909424,0.8348900079727173,-0.2790701985359192,-0.2659956216812134,-0.1428595781326294,-0.1327449083328247,0.9999990463256836],[-0.2678576111793518,0.819313645362854,-0.3052329421043396,-0.2659956216812134,-0.13678061962127686,-0.1327449083328247,0.9999990463256836],[-0.25357192754745483,0.8037372827529907,-0.32267481088638306,-0.2659956216812134,-0.11854356527328491,-0.1398245096206665,0.9999990463256836],[-0.23571473360061646,0.7663540840148926,-0.33720964193344116,-0.2659956216812134,-0.13678061962127686,-0.16106337308883667,0.9999990463256836],[-0.2250005006790161,0.6915878057479858,-0.3808143138885498,-0.2659956216812134,-0.11246448755264282,-0.1823022961616516,0.9999990463256836]]]","[0.02758621610701084,0.0007283256272785366,0.0051657333970069885,0.0012795691145583987,0.0011775892926380038,0.011898736469447613,0.00035299870069138706]",0.006884166970849037,"[0.010933937504887581,0.005196878220885992,0.005179000087082386,0.006518823094666004,0.006592197343707085]",46,B36
0.0,0.07040335983037949,CC,C600,Z,,B,231.849609375,231.849609375,"[1,11,256]",0.0,"[1,11,256]",True,14,503.1490783691406,503.1490783691406,"[27,11,256]",0.0,"[27,11,256]",True,"[0.022222209721803665,0.027588123455643654,0.0037147377151995897,0.005250038579106331,0.008023614063858986,0.009553172625601292,0.08899672329425812]",0.02362123131752014,"[0.018107011914253235,0.01290019042789936,0.025438841432332993,0.0313742533326149,0.03028586134314537]",0.029651131480932236,281.9532470703125,281.9532470703125,[81920],0.0,[81920],True,12,454.3021545410156,454.3021545410156,"[27,50,1024]",0.0,"[27,50,1024]",True,"[[[0.08300341665744781,-0.1947515606880188,-0.21845054626464844,-0.22751230001449585,0.0758117288351059,-0.16797298192977905,-0.9965656399726868],[0.07489454746246338,-0.18714788556098938,-0.23678454756736755,-0.2246936857700348,0.0881071388721466,-0.15343578159809113,-1.0053445100784302],[-0.005125582218170166,-0.13526242971420288,-0.2809571921825409,-0.23412983119487762,0.04389340430498123,-0.11792849749326706,-1.0044834613800049],[-0.0818808451294899,-0.06217323988676071,-0.33704692125320435,-0.23534855246543884,0.012600626796483994,-0.08751726150512695,1.032139539718628],[-0.1056930422782898,-0.04094337671995163,-0.3690398633480072,-0.24697595834732056,-0.01966816745698452,-0.06514308601617813,1.0323281288146973]]]","[0.3179229497909546,0.051241546869277954,0.2164081335067749,0.003928390331566334,0.028013447299599648,0.007530772127211094,1.652001976966858]",0.3252924382686615,"[0.0759008526802063,0.10369115322828293,0.10612460225820541,0.6758002042770386,0.6649453639984131]",30.211052767363785,0.0,47.0743179786852,0.0,1288635900652328787,46,1006.4513549804688,1006.4513549804688,"[1,27,256]",0.0,"[1,27,256]",True,49,0.25,33,libero_object,2,"[[[-0.2500004768371582,0.10280311107635498,-0.7209303975105286,-0.3400694727897644,-0.14893865585327148,-0.040709614753723145,-1.0],[-0.4857146143913269,0.1152641773223877,-0.7441861629486084,-0.29293161630630493,-0.12462258338928223,-0.040709614753723145,-1.0],[-0.6535716652870178,0.0872267484664917,-0.7703490257263184,-0.2659956216812134,-0.11854356527328491,-0.040709614753723145,-1.0],[-0.703571617603302,0.059189438819885254,-0.767441987991333,-0.2659956216812134,-0.09422749280929565,-0.040709614753723145,-1.0],[-0.703571617603302,0.06853532791137695,-0.7529071569442749,-0.2659956216812134,-0.10030657052993774,-0.040709614753723145,-1.0]]]","[0.024015644565224648,0.022819679230451584,0.003391920356079936,0.00425164308398962,0.006116075906902552,0.00733533501625061,0.10548508167266846]",0.024773627519607544,"[0.01607080176472664,0.011879744939506054,0.026379309594631195,0.033769674599170685,0.03576860576868057]",48,B36
0.0,1.030444855132373e-05,CC,C600,Z,,B,231.849609375,231.849609375,"[1,11,256]",0.0,"[1,11,256]",True,14,503.1490783691406,503.1490783691406,"[27,11,256]",0.0,"[27,11,256]",True,"[0.6259713768959045,0.8656310439109802,0.27507519721984863,0.24652116000652313,0.47000762820243835,0.6109593510627747,0.017036648467183113]",0.444457471370697,"[0.4215042293071747,0.6157917976379395,0.5950906276702881,0.47664719820022583,0.11325353384017944]",0.37684687972068787,281.9532470703125,281.9532470703125,[81920],0.0,[81920],True,12,454.3021545410156,454.3021545410156,"[27,50,1024]",0.0,"[27,50,1024]",True,"[[[-0.3934984505176544,0.08507241308689117,-0.833454430103302,-0.030891496688127518,-0.06457851082086563,-0.06163211911916733,1.00547194480896],[-0.4098280668258667,0.06279557943344116,-0.8308446407318115,-0.03167857229709625,-0.07746812701225281,-0.044524550437927246,1.0053441524505615],[-0.4580162763595581,0.026718467473983765,-0.8202131986618042,-0.05326304957270622,-0.06091985106468201,-0.05339222401380539,1.007683277130127],[-0.46714574098587036,0.02558918297290802,-0.8137942552566528,-0.09751855581998825,-0.052473992109298706,-0.0528988279402256,1.0075585842132568],[-0.43623971939086914,0.057651735842227936,-0.8027119636535645,-0.14972791075706482,-0.0632440447807312,-0.04266820102930069,1.0057529211044312]]]","[0.008539347909390926,0.165438711643219,0.06637722998857498,0.03354042023420334,0.00018208484107162803,0.02589251473546028,4.156477370997891e-05]",0.04285883530974388,"[0.08946656435728073,0.06391153484582901,0.035846926271915436,0.014296294189989567,0.010772873647511005]",30.211052767363785,0.0,47.0743179786852,0.0,8916442828729476527,46,1006.4513549804688,1006.4513549804688,"[1,27,256]",0.0,"[1,27,256]",True,49,0.75,99,libero_object,2,"[[[-0.22142904996871948,0.6947031021118164,-0.42441892623901367,-0.2659956216812134,-0.0820695161819458,-0.015930891036987305,0.9999990463256836],[-0.3428575396537781,0.5856688022613525,-0.5000002980232239,-0.2659956216812134,-0.06991147994995117,0.026546835899353027,0.9999990463256836],[-0.45357179641723633,0.3987530469894409,-0.6046513319015503,-0.2659956216812134,-0.06991147994995117,0.09026360511779785,0.9999990463256836],[-0.5035717487335205,0.21495270729064941,-0.7238373756408691,-0.20538973808288574,-0.06991147994995117,0.15398037433624268,0.9999990463256836],[-0.5214288830757141,0.1464167833328247,-0.7790699005126953,-0.12458193302154541,-0.07599043846130371,0.1999979019165039,0.9999990463256836]]]","[0.009481769055128098,0.10846616327762604,0.059005577117204666,0.03686332330107689,0.012172972783446312,0.04220207780599594,0.00582803413271904]",0.03914570063352585,"[0.0728561282157898,0.05367216840386391,0.030946673825383186,0.021914415061473846,0.016339128836989403]",48,B36
0.0,4.208690006635152e-05,CC,C600,Z,,A,224.54092407226562,224.54092407226562,"[1,10,256]",0.0,"[1,10,256]",True,12,618.7853393554688,618.7853393554688,"[51,10,256]",0.0,"[51,10,256]",True,"[0.015557902865111828,0.026691287755966187,0.014595127664506435,0.0005839062505401671,0.030292099341750145,0.016011226922273636,0.003920095507055521]",0.015378807671368122,"[0.024449419230222702,0.013212902471423149,0.009137398563325405,0.009135831147432327,0.02095847949385643]",0.10552707314491272,281.8947448730469,281.8947448730469,[81920],0.0,[81920],True,14,623.6253662109375,623.6253662109375,"[51,50,1024]",0.0,"[51,50,1024]",True,"[[[-0.1563824713230133,0.04693195968866348,-0.4860321283340454,-0.2744503319263458,-0.0864449292421341,-0.13746365904808044,-1.0095301866531372],[-0.17931970953941345,0.04472602903842926,-0.5184900164604187,-0.2680201530456543,-0.09094194322824478,-0.13098491728305817,-1.0102112293243408],[-0.19189031422138214,0.034914419054985046,-0.5487291812896729,-0.28362852334976196,-0.09054853022098541,-0.11795468628406525,-1.0221524238586426],[-0.1921560913324356,0.023143038153648376,-0.5921114683151245,-0.2787429094314575,-0.08157584071159363,-0.09341639280319214,-1.0081866979599],[-0.1785486340522766,-0.011077269911766052,-0.6482874751091003,-0.2735544741153717,-0.08573856204748154,-0.09131930768489838,-1.0142138004302979]]]","[0.011457742191851139,0.0159471333026886,0.013675712049007416,0.0001212259303429164,0.00030561539460904896,0.005763424560427666,0.00019097553740721196]",0.00678026070818305,"[0.008373633027076721,0.004875948652625084,0.003417324973270297,0.006449522916227579,0.010784875601530075]",29.76693632986928,0.0,49.534441435155266,0.0,6673264783416593914,48,1404.2237548828125,1404.2237548828125,"[1,51,256]",0.0,"[1,51,256]",True,47,0.25,40,libero_object,4,"[[[-0.1285719871520996,-0.16199421882629395,-0.5523258447647095,-0.2659956216812134,-0.06991147994995117,-0.040709614753723145,-1.0],[-0.17142915725708008,-0.08099734783172607,-0.6162792444229126,-0.2659956216812134,-0.06991147994995117,-0.040709614753723145,-1.0],[-0.22857189178466797,0.0031147003173828125,-0.668604850769043,-0.2659956216812134,-0.06991147994995117,-0.040709614753723145,-1.0],[-0.3357146978378296,0.02180635929107666,-0.738372266292572,-0.2659956216812134,-0.06991147994995117,-0.040709614753723145,-1.0],[-0.3642861247062683,0.1277252435684204,-0.7848838567733765,-0.2659956216812134,-0.06991147994995117,-0.040709614753723145,-1.0]]]","[0.022252509370446205,0.009875158779323101,0.010501264594495296,0.0005683166673406959,0.0312650166451931,0.0009222407243214548,0.0013988420832902193]",0.010969049297273159,"[0.013626703992486,0.010285571217536926,0.010519959963858128,0.008556701242923737,0.011856314726173878]",46,B36
0.0,0.00016479950863867998,CC,C600,Z,,A,224.54092407226562,224.54092407226562,"[1,10,256]",0.0,"[1,10,256]",True,12,618.7853393554688,618.7853393554688,"[51,10,256]",0.0,"[51,10,256]",True,"[0.12680472433567047,0.06301683932542801,0.011011660099029541,0.000698574585840106,0.0008268494275398552,0.0007162521942518651,0.006225337274372578]",0.02990003302693367,"[0.019960764795541763,0.02070041559636593,0.02667907066643238,0.03533243387937546,0.04682748764753342]",0.03483482450246811,281.8947448730469,281.8947448730469,[81920],0.0,[81920],True,14,623.6253662109375,623.6253662109375,"[51,50,1024]",0.0,"[51,50,1024]",True,"[[[-0.3055558502674103,0.777999758720398,-0.16005867719650269,-0.30513274669647217,-0.7662613391876221,-0.016520949080586433,1.0098317861557007],[-0.30546724796295166,0.7814172506332397,-0.1829463541507721,-0.3464621305465698,-0.7887190580368042,-0.006614372134208679,1.0103858709335327],[-0.29209446907043457,0.7697811722755432,-0.2623402178287506,-0.3875511586666107,-0.7546899318695068,-0.01571754738688469,1.0076377391815186],[-0.2643517255783081,0.772040605545044,-0.3100447654724121,-0.3898214101791382,-0.7518008351325989,-0.017055829986929893,1.0077866315841675],[-0.23380565643310547,0.7540051341056824,-0.3786575496196747,-0.36613574624061584,-0.7649561762809753,-0.02445325069129467,1.0173121690750122]]]","[0.20669130980968475,0.04663028195500374,0.009215377271175385,0.014337517321109772,0.21523986756801605,0.0011532243806868792,0.00012466186308301985]",0.07048460096120834,"[0.06561000645160675,0.07123443484306335,0.06898513436317444,0.06905918568372726,0.0775342732667923]",29.76693632986928,0.0,49.534441435155266,0.0,4112929797682724988,48,1404.2237548828125,1404.2237548828125,"[1,51,256]",0.0,"[1,51,256]",True,47,0.75,121,libero_object,4,"[[[0.10357069969177246,0.9906531572341919,-0.1133725643157959,-0.20538973808288574,-0.2826768159866333,-0.040709614753723145,0.9999990463256836],[0.13214218616485596,0.9906531572341919,-0.13953536748886108,-0.2188577651977539,-0.29483485221862793,-0.040709614753723145,0.9999990463256836],[0.17142772674560547,0.9906531572341919,-0.16860508918762207,-0.24579370021820068,-0.3191508650779724,-0.040709614753723145,0.9999990463256836],[0.21428489685058594,0.9844224452972412,-0.20930272340774536,-0.2659956216812134,-0.3252299427986145,-0.05840873718261719,0.9999990463256836],[0.2464277744293213,0.9781920909881592,-0.22674459218978882,-0.2659956216812134,-0.2887558937072754,-0.06548833847045898,0.9999990463256836]]]","[0.08447130024433136,0.058773476630449295,0.0014899572124704719,0.0003271695168223232,0.00365760107524693,0.00029446877306327224,0.001229654997587204]",0.02146337553858757,"[0.014881358481943607,0.015254435129463673,0.020084058865904808,0.026744486764073372,0.030352547764778137]",46,B36
0.0,2.5393521354999393e-05,CC,C600,Z,,B,225.6089630126953,225.6089630126953,"[1,10,256]",0.0,"[1,10,256]",True,12,472.9463806152344,472.9463806152344,"[30,10,256]",0.0,"[30,10,256]",True,"[0.19913361966609955,0.009517637081444263,0.07222781330347061,0.0016547702252864838,0.018792124465107918,0.021021908149123192,0.007893598638474941]",0.04717734828591347,"[0.021930459886789322,0.025546470656991005,0.028925742954015732,0.062029384076595306,0.09745469689369202]",0.13001327216625214,281.9188232421875,281.9188232421875,[81920],0.0,[81920],True,14,477.9844970703125,477.9844970703125,"[30,50,1024]",0.0,"[30,50,1024]",True,"[[[-0.2779398560523987,0.01376032829284668,-0.7039639353752136,-0.2518694996833801,-0.16772900521755219,-0.014541961252689362,-1.0050016641616821],[-0.3507468104362488,-0.0006847456097602844,-0.7080802917480469,-0.26308315992355347,-0.17748649418354034,-0.016737494617700577,-1.0079188346862793],[-0.3743513226509094,-0.012804239988327026,-0.7086397409439087,-0.2592843770980835,-0.1898077130317688,-0.01755133643746376,-1.0107667446136475],[-0.3846178948879242,-0.023770106956362724,-0.7094860076904297,-0.27006763219833374,-0.19057993590831757,-0.015790939331054688,-1.0204952955245972],[-0.4105643033981323,-0.0312843918800354,-0.6975178718566895,-0.2796100378036499,-0.2020827829837799,-0.019278451800346375,-1.0259745121002197]]]","[0.12055237591266632,0.001323815668001771,0.027357563376426697,9.100083116209134e-05,0.02588244155049324,0.0008877174113877118,0.0002596759586594999]",0.025193510577082634,"[0.011046801693737507,0.015033054165542126,0.018923161551356316,0.03454788029193878,0.04641665890812874]",30.502609360186735,0.0,52.450314426935414,0.0,6941690631084841007,46,1090.567626953125,1090.567626953125,"[1,30,256]",0.0,"[1,30,256]",True,49,0.25,39,libero_object,4,"[[[-0.38571470975875854,0.009345293045043945,-0.8895349502563477,-0.2659956216812134,-0.33738791942596436,-0.061948537826538086,-1.0],[-0.5285717248916626,0.02180635929107666,-0.9098837971687317,-0.2659956216812134,-0.3556249737739563,-0.040709614753723145,-1.0],[-0.6428573727607727,0.02180635929107666,-0.8953489065170288,-0.2659956216812134,-0.34346693754196167,-0.040709614753723145,-1.0],[-0.8321429491043091,0.02180635929107666,-0.8459303379058838,-0.2659956216812134,-0.33130890130996704,-0.040709614753723145,-1.0],[-0.9464285969734192,0.02180635929107666,-0.7877907752990723,-0.2659956216812134,-0.3617039918899536,-0.040709614753723145,-1.0]]]","[0.11048698425292969,0.0007943146047182381,0.07414456456899643,0.0014477989170700312,0.001008481252938509,0.0008222932810895145,0.00025892697158269584]",0.026994766667485237,"[0.014359277673065662,0.018786631524562836,0.024125961586833,0.03244012966752052,0.04526183754205704]",48,B36
0.0,9.853902156464756e-05,CC,C600,Z,,B,225.6089630126953,225.6089630126953,"[1,10,256]",0.0,"[1,10,256]",True,12,472.9463806152344,472.9463806152344,"[30,10,256]",0.0,"[30,10,256]",True,"[0.006021184381097555,0.13366779685020447,0.02878030203282833,0.015508702956140041,0.01480244379490614,0.017254875972867012,0.006150990724563599]",0.03174089640378952,"[0.045824017375707626,0.04227696731686592,0.028643863275647163,0.020810533314943314,0.02114911749958992]",0.05728841572999954,281.9188232421875,281.9188232421875,[81920],0.0,[81920],True,14,477.9844970703125,477.9844970703125,"[30,50,1024]",0.0,"[30,50,1024]",True,"[[[-0.09162840247154236,0.6953726410865784,-0.22638967633247375,-0.2805418074131012,-0.6086134314537048,-0.03022310882806778,1.0090076923370361],[-0.13167178630828857,0.6419326066970825,-0.3019557595252991,-0.2639960050582886,-0.636457085609436,-0.03324288874864578,1.0076391696929932],[-0.19930104911327362,0.5415729284286499,-0.45451414585113525,-0.24446308612823486,-0.6710712313652039,-0.041789986193180084,0.9993749260902405],[-0.20734477043151855,0.4357551634311676,-0.561745822429657,-0.22102132439613342,-0.6409715414047241,-0.058441951870918274,1.0017741918563843],[-0.1980893462896347,0.3406030535697937,-0.6417725682258606,-0.20963850617408752,-0.616265594959259,-0.061997607350349426,1.0011934041976929]]]","[0.010031729005277157,0.09133516997098923,0.017754321917891502,0.014465040527284145,0.32767489552497864,0.00018690006982069463,2.8898870368720964e-05]",0.06592528522014618,"[0.053589481860399246,0.06002260372042656,0.07316197454929352,0.0701225996017456,0.07272975146770477]",30.502609360186735,0.0,52.450314426935414,0.0,7799883917981918442,46,1090.567626953125,1090.567626953125,"[1,30,256]",0.0,"[1,30,256]",True,49,0.75,116,libero_object,4,"[[[-6.556510925292969e-07,0.9563851356506348,-0.13953536748886108,-0.30639952421188354,-0.06991147994995117,-0.040709614753723145,0.9999990463256836],[-0.02857208251953125,0.9190021753311157,-0.23255854845046997,-0.3468034863471985,-0.06991147994995117,-0.040709614753723145,0.9999990463256836],[-0.0750005841255188,0.8504661321640015,-0.302325963973999,-0.3737393617630005,-0.06991147994995117,-0.040709614753723145,0.9999990463256836],[-0.11428624391555786,0.7445472478866577,-0.4098840355873108,-0.3737393617630005,-0.05775344371795654,-0.040709614753723145,0.9999990463256836],[-0.11428624391555786,0.6884726285934448,-0.46802353858947754,-0.3670054078102112,-0.04559546709060669,-0.040709614753723145,0.9999990463256836]]]","[0.0036282006185501814,0.11170343309640884,0.01908080093562603,0.01400690246373415,0.011625106446444988,0.014980221167206764,0.00244754645973444]",0.025353174656629562,"[0.03716493770480156,0.034595806151628494,0.022962065413594246,0.01630634441971779,0.01573672518134117]",48,B36
0.0,0.00017303925415035337,CC,C600,Z,,A,139.4905548095703,139.4905548095703,"[1,7,256]",0.0,"[1,7,256]",True,25,370.863525390625,370.863525390625,"[26,7,256]",0.0,"[26,7,256]",True,"[0.15319468080997467,0.030529728159308434,0.038323186337947845,0.06704818457365036,0.02273394726216793,0.05919921025633812,0.0013194795465096831]",0.0531926304101944,"[0.05946636199951172,0.054008953273296356,0.055214766412973404,0.043857354670763016,0.053415726870298386]",0.05250110477209091,281.9696960449219,281.9696960449219,[81920],0.0,[81920],True,20,443.1801452636719,443.1801452636719,"[26,50,1024]",0.0,"[26,50,1024]",True,"[[[-0.30875712633132935,-0.1623523086309433,-0.39092734456062317,-0.9829132556915283,0.7439484000205994,0.9410530924797058,-1.0034284591674805],[-0.3007635176181793,-0.17422541975975037,-0.4294999837875366,-1.0439118146896362,0.7423865795135498,0.9186431765556335,-1.0087685585021973],[-0.2839463949203491,-0.19626735150814056,-0.47053417563438416,-1.0859390497207642,0.7558383345603943,0.905043363571167,-1.0081651210784912],[-0.2611081004142761,-0.20167145133018494,-0.49145856499671936,-1.1194902658462524,0.8073240518569946,0.884989857673645,-1.012346863746643],[-0.2293911576271057,-0.20925959944725037,-0.5085969567298889,-1.1477028131484985,0.9005904793739319,0.8634986281394958,-1.0175517797470093]]]","[0.12235444039106369,0.04464656487107277,0.05111509561538696,0.04623649641871452,0.04215572029352188,0.02619379758834839,0.00012316423817537725]",0.047546468675136566,"[0.036142587661743164,0.04143126308917999,0.05017920583486557,0.0539604127407074,0.05601887032389641]",34.15515329008532,0.0,37.2285721174677,0.0,3228420230932740579,48,894.1090087890625,894.1090087890625,"[1,26,256]",0.0,"[1,26,256]",True,47,0.25,31,libero_goal,0,"[[[0.07499933242797852,0.02180635929107666,-0.2034887671470642,-0.8922562599182129,0.7629129886627197,0.7734483480453491,-1.0],[0.07499933242797852,0.02180635929107666,-0.2151166796684265,-0.8855222463607788,0.8601770401000977,0.7592891454696655,-1.0],[0.07499933242797852,0.02180635929107666,-0.2296515703201294,-0.8720543384552002,0.9635201692581177,0.738050103187561,-1.0],[0.06785643100738525,0.02180635929107666,-0.2500004172325134,-0.8653203248977661,1.0729424953460693,0.7238909006118774,-1.0],[0.0642850399017334,0.02180635929107666,-0.2674422860145569,-0.8518523573875427,1.188443660736084,0.7097315788269043,-1.0]]]","[0.018223244696855545,0.012470122426748276,0.008770696818828583,0.0006625500973314047,0.07480525970458984,0.030068272724747658,0.00030728065758012235]",0.02075820229947567,"[0.009149042889475822,0.010892478749155998,0.020970188081264496,0.021311070770025253,0.04146823287010193]",46,B36
0.0,0.0001467142574256286,CC,C600,Z,,A,139.4905548095703,139.4905548095703,"[1,7,256]",0.0,"[1,7,256]",True,25,370.863525390625,370.863525390625,"[26,7,256]",0.0,"[26,7,256]",True,"[0.03002065420150757,0.019296713173389435,0.03776612505316734,0.056098055094480515,0.0005517120007425547,0.005970147904008627,0.0003762136329896748]",0.021439947187900543,"[0.01839437521994114,0.01639004796743393,0.016382930800318718,0.01992082968354225,0.03611155226826668]",0.06813570111989975,281.9696960449219,281.9696960449219,[81920],0.0,[81920],True,20,443.1801452636719,443.1801452636719,"[26,50,1024]",0.0,"[26,50,1024]",True,"[[[-0.1475193202495575,0.6328678727149963,-0.6821749806404114,0.4714883267879486,-0.031212318688631058,-0.21632467210292816,-1.0205622911453247],[-0.18113473057746887,0.8724622130393982,-0.747841477394104,0.2805757224559784,-0.03769896924495697,-0.16878323256969452,-1.017809510231018],[-0.21043044328689575,1.0421031713485718,-0.8057056069374084,0.11320296674966812,-0.050994668155908585,-0.14979015290737152,-1.023593783378601],[-0.21720144152641296,1.1580736637115479,-0.8384595513343811,-0.008221760392189026,-0.06045396625995636,-0.13447387516498566,-1.0280557870864868],[-0.21799501776695251,1.2189348936080933,-0.8527747988700867,-0.10553126782178879,-0.05332683026790619,-0.12754376232624054,-1.0318468809127808]]]","[0.12191271781921387,0.027797115966677666,0.06621309369802475,0.24364180862903595,0.0006515224231407046,0.01509479433298111,0.0006196008180268109]",0.06799009442329407,"[0.11461939662694931,0.07592513412237167,0.0519409254193306,0.04885907843708992,0.04860593378543854]",34.15515329008532,0.0,37.2285721174677,0.0,166261170614490845,48,894.1090087890625,894.1090087890625,"[1,26,256]",0.0,"[1,26,256]",True,47,0.75,94,libero_goal,0,"[[[-0.46071457862854004,0.5763231515884399,-1.034883737564087,-0.2659956216812134,-0.06991147994995117,-0.040709614753723145,-1.0],[-0.5071431398391724,0.7102794647216797,-1.034883737564087,-0.2659956216812134,-0.06991147994995117,-0.040709614753723145,-1.0],[-0.5500003099441528,0.8442357778549194,-1.034883737564087,-0.2659956216812134,-0.06991147994995117,-0.040709614753723145,-1.0],[-0.5892859697341919,0.9563851356506348,-1.034883737564087,-0.3468034863471985,-0.06991147994995117,-0.040709614753723145,-1.0],[-0.6071431040763855,1.0467278957366943,-1.034883737564087,-0.4478132128715515,-0.06991147994995117,-0.040709614753723145,-1.0]]]","[0.008048959076404572,0.02316364459693432,0.07578646391630173,0.005399864166975021,6.973720155656338e-05,0.023067839443683624,0.00038910878356546164]",0.01941794529557228,"[0.011983094736933708,0.01475038006901741,0.01847286894917488,0.0205269493162632,0.031356435269117355]",46,B36
0.0,0.00012312801845837384,CC,C600,Z,,B,143.3693084716797,143.3693084716797,"[1,7,256]",0.0,"[1,7,256]",True,25,406.4395751953125,406.4395751953125,"[30,7,256]",0.0,"[30,7,256]",True,"[0.24602647125720978,0.003824199317023158,0.035656411200761795,0.20555026829242706,0.2454540729522705,0.12691007554531097,0.00022654871281702071]",0.12337829172611237,"[0.11612498760223389,0.1247941106557846,0.11690748482942581,0.1357591152191162,0.12330576777458191]",0.07894846051931381,281.9615173339844,281.9615173339844,[81920],0.0,[81920],True,20,479.2646789550781,479.2646789550781,"[30,50,1024]",0.0,"[30,50,1024]",True,"[[[0.08525067567825317,-0.09564366936683655,-0.1697058528661728,-0.7464141845703125,0.9668764472007751,0.5902987122535706,-1.0105000734329224],[0.0005822200328111649,-0.09270737320184708,-0.19066065549850464,-0.7203682065010071,1.055469274520874,0.6146590709686279,-1.0057791471481323],[-0.05092526972293854,-0.091973677277565,-0.20793375372886658,-0.68293297290802,1.1571898460388184,0.6348792314529419,-1.010366678237915],[-0.07386554777622223,-0.08913581818342209,-0.21831846237182617,-0.6496593356132507,1.2323346138000488,0.6410027742385864,-1.0040479898452759],[-0.09551993012428284,-0.0913054496049881,-0.22977805137634277,-0.6277683973312378,1.2864744663238525,0.6413432359695435,-1.012068510055542]]]","[0.16653978824615479,0.006143555510789156,0.0037066915538161993,0.3163002133369446,0.42646169662475586,0.012812214903533459,8.26306568342261e-05]",0.13314953446388245,"[0.07775676250457764,0.10755529254674911,0.13843785226345062,0.16404372453689575,0.17795409262180328]",34.04316458019281,0.0,37.61781663992131,0.0,1347094762221098555,46,949.3519287109375,949.3519287109375,"[1,30,256]",0.0,"[1,30,256]",True,49,0.25,32,libero_goal,0,"[[[0.3857133388519287,-0.031153202056884766,-0.14534932374954224,-1.2087535858154297,0.4893573522567749,0.5044221878051758,-1.0],[0.3857133388519287,-0.021807432174682617,-0.14534932374954224,-1.2289555072784424,0.48327839374542236,0.5079621076583862,-1.0],[0.37857067584991455,-0.012461602687835693,-0.14534932374954224,-1.242423415184021,0.4893573522567749,0.5115017890930176,-1.0],[0.37499916553497314,-0.006231069564819336,-0.14534932374954224,-1.2626254558563232,0.49543654918670654,0.515041708946228,-1.0],[0.3607133626937866,-5.364418029785156e-07,-0.1482563018798828,-1.2760933637619019,0.5197525024414062,0.5221213102340698,-1.0]]]","[0.1338394731283188,0.0028632469475269318,0.014810641296207905,0.052175041288137436,0.043417006731033325,0.13847778737545013,8.113248622976243e-05]",0.05509490147233009,"[0.05570793151855469,0.05899881199002266,0.052358295768499374,0.05547092854976654,0.0529385469853878]",48,B36
0.0,0.00021111551905050874,CC,C600,Z,,B,143.3693084716797,143.3693084716797,"[1,7,256]",0.0,"[1,7,256]",True,25,406.4395751953125,406.4395751953125,"[30,7,256]",0.0,"[30,7,256]",True,"[0.12364979833364487,0.9091433882713318,0.13552647829055786,0.03407866880297661,0.017962103709578514,0.04166681692004204,0.0008262370829470456]",0.18040762841701508,"[0.18137624859809875,0.17993955314159393,0.1960092931985855,0.17120172083377838,0.17351143062114716]",0.051305051892995834,281.9615173339844,281.9615173339844,[81920],0.0,[81920],True,20,479.2646789550781,479.2646789550781,"[30,50,1024]",0.0,"[30,50,1024]",True,"[[[-0.5830980539321899,-0.7407585978507996,-0.3993794322013855,0.35807886719703674,0.2527659237384796,-0.26534754037857056,-1.0105435848236084],[-0.6332664489746094,-0.7069745659828186,-0.43611496686935425,0.32949480414390564,0.3521115779876709,-0.2383040338754654,-1.0150461196899414],[-0.6700178384780884,-0.6772238612174988,-0.4902898669242859,0.3085695207118988,0.38238346576690674,-0.21945570409297943,-1.0137125253677368],[-0.702576756477356,-0.6033138036727905,-0.5645927786827087,0.27117225527763367,0.4172511100769043,-0.18168611824512482,-1.012944221496582],[-0.6951552033424377,-0.5360669493675232,-0.6803713440895081,0.23835057020187378,0.392215371131897,-0.14644593000411987,-1.011412501335144]]]","[0.27164891362190247,1.308619499206543,0.21529018878936768,0.05398377403616905,0.16995082795619965,0.002829207107424736,0.00016467685054522008]",0.2889266908168793,"[0.24948056042194366,0.2842084765434265,0.3131784200668335,0.30295175313949585,0.29481440782546997]",34.04316458019281,0.0,37.61781663992131,0.0,8043149644140822759,46,949.3519287109375,949.3519287109375,"[1,30,256]",0.0,"[1,30,256]",True,49,0.75,95,libero_goal,0,"[[[-0.1285719871520996,0.30841052532196045,-1.0290697813034058,0.2929251194000244,0.07598471641540527,-0.1823022961616516,-1.0],[-0.1285719871520996,0.40498363971710205,-0.9941860437393188,0.1851813793182373,-0.051674485206604004,-0.1858420968055725,-1.0],[-0.1285719871520996,0.5264788866043091,-0.9244186878204346,0.07070362567901611,-0.06991147994995117,-0.20000135898590088,-1.0],[-0.1285719871520996,0.5607467889785767,-0.9156977534294128,-0.003370225429534912,-0.06991147994995117,-0.1823022961616516,-1.0],[-0.17142915725708008,0.6479741334915161,-0.9186047315597534,-0.09764605760574341,-0.06991147994995117,-0.21062082052230835,-1.0]]]","[0.07363690435886383,0.0517088957130909,0.057934947311878204,0.07643787562847137,0.010361996479332447,0.08061591535806656,8.948067988967523e-05]",0.0501122884452343,"[0.0712340697646141,0.05708114802837372,0.04388278350234032,0.038126613944768906,0.04023682698607445]",48,B36
0.0,0.0004522648232523352,CC,C600,Z,,A,177.9416961669922,177.9416961669922,"[1,9,256]",0.0,"[1,9,256]",True,20,528.826904296875,528.826904296875,"[29,9,256]",0.0,"[29,9,256]",True,"[0.26621314883232117,0.015807872638106346,0.028461476787924767,0.013438570313155651,0.027087559923529625,0.0002970345376525074,0.0002804459654726088]",0.05022658780217171,"[0.027530690655112267,0.024739684537053108,0.05269230902194977,0.06795139610767365,0.07821887731552124]",0.09774444252252579,281.98583984375,281.98583984375,[81920],0.0,[81920],True,25,467.0567626953125,467.0567626953125,"[29,50,1024]",0.0,"[29,50,1024]",True,"[[[-0.39016038179397583,-0.03203215450048447,-0.8920772671699524,-0.23322263360023499,-0.27346503734588623,-0.03397110104560852,-1.001981496810913],[-0.39433154463768005,-0.02630920708179474,-0.8878235816955566,-0.22439756989479065,-0.26962366700172424,-0.04402397945523262,-1.0042659044265747],[-0.36555325984954834,-0.032490167766809464,-0.8833773136138916,-0.23602919280529022,-0.2429213672876358,-0.04425721988081932,-1.0048266649246216],[-0.33482465147972107,-0.02829008549451828,-0.8598414659500122,-0.22684265673160553,-0.21232283115386963,-0.040476806461811066,-1.0146092176437378],[-0.32959413528442383,-0.018167179077863693,-0.8240749835968018,-0.23454520106315613,-0.18597477674484253,-0.05525413900613785,-1.0158612728118896]]]","[0.11633002012968063,0.001562711433507502,0.027974367141723633,0.001061700051650405,0.004627900198101997,5.6115095503628254e-05,0.00010208604362560436]",0.021673554554581642,"[0.016125358641147614,0.019787535071372986,0.02363637275993824,0.024990098550915718,0.023828424513339996]",36.20726103488013,0.0,43.57268111257285,0.0,2197700932143374439,48,1037.85693359375,1037.85693359375,"[1,29,256]",0.0,"[1,29,256]",True,47,0.25,35,libero_goal,5,"[[[-0.110714852809906,-0.1059194803237915,-0.758721113204956,-0.24579370021820068,-0.3799409866333008,-0.040709614753723145,-1.0],[-0.07142913341522217,-0.05919051170349121,-0.7296513319015503,-0.2659956216812134,-0.3495458960533142,-0.040709614753723145,-1.0],[-0.010714948177337646,-0.028037965297698975,-0.697674572467804,-0.2659956216812134,-0.30699288845062256,-0.040709614753723145,-1.0],[0.03214216232299805,-5.364418029785156e-07,-0.668604850769043,-0.2659956216812134,-0.2462027668952942,-0.040709614753723145,-1.0],[0.042856454849243164,0.0031147003173828125,-0.6627908945083618,-0.2659956216812134,-0.17325466871261597,-0.040709614753723145,-1.0]]]","[0.062989741563797,0.01024986058473587,0.002846750197932124,0.01858075149357319,0.00529569573700428,0.00014479509263765067,3.37849160132464e-05]",0.01430591195821762,"[0.004250313155353069,0.005704463925212622,0.012142090126872063,0.020922474563121796,0.028510216623544693]",46,B36
0.0,0.0012037617852911353,CC,C600,Z,,A,177.9416961669922,177.9416961669922,"[1,9,256]",0.0,"[1,9,256]",True,20,528.826904296875,528.826904296875,"[29,9,256]",0.0,"[29,9,256]",True,"[0.0982646569609642,1.219215989112854,0.04391847178339958,0.39392346143722534,0.015615517273545265,0.07947291433811188,0.002717138733714819]",0.26473256945610046,"[0.34145587682724,0.3134090006351471,0.28298383951187134,0.20690710842609406,0.1789071261882782]",0.18239687383174896,281.98583984375,281.98583984375,[81920],0.0,[81920],True,25,467.0567626953125,467.0567626953125,"[29,50,1024]",0.0,"[29,50,1024]",True,"[[[-0.41318386793136597,-0.3358656167984009,-0.6128998398780823,-0.6159834265708923,-0.07302197813987732,0.19202151894569397,-1.0097265243530273],[-0.373329758644104,-0.3356013596057892,-0.5726324915885925,-0.5941112637519836,-0.05808386951684952,0.1485288292169571,-1.0004185438156128],[-0.3295900523662567,-0.37388795614242554,-0.4968942105770111,-0.5510095357894897,-0.029483702033758163,0.11153912544250488,-1.0073795318603516],[-0.29200804233551025,-0.36092299222946167,-0.38419753313064575,-0.5040715336799622,0.018748313188552856,0.04684540629386902,-1.0135958194732666],[-0.2727646827697754,-0.3495104908943176,-0.30417749285697937,-0.4828667640686035,0.011576086282730103,0.021851375699043274,-1.0127936601638794]]]","[0.1273021250963211,1.9369179010391235,0.008745900355279446,0.12992165982723236,0.007272894028574228,0.02494688145816326,9.95524023892358e-05]",0.3193152844905853,"[0.3212348520755768,0.3171848952770233,0.32839295268058777,0.3179146349430084,0.31184908747673035]",36.20726103488013,0.0,43.57268111257285,0.0,7313767176395743740,48,1037.85693359375,1037.85693359375,"[1,29,256]",0.0,"[1,29,256]",True,47,0.75,104,libero_goal,5,"[[[-0.6857144832611084,1.0467278957366943,-0.485465407371521,-0.18518781661987305,-0.15501761436462402,-0.040709614753723145,-1.0],[-0.6857144832611084,1.0436127185821533,-0.47674447298049927,-0.18518781661987305,-0.14893865585327148,-0.040709614753723145,-1.0],[-0.6821430921554565,1.0436127185821533,-0.4622095823287964,-0.18518781661987305,-0.11246448755264282,-0.040709614753723145,-1.0],[-0.6892858743667603,1.0373821258544922,-0.44186079502105713,-0.19865578413009644,-0.06991147994995117,-0.040709614753723145,-1.0],[-0.7000001668930054,1.031151533126831,-0.4215119481086731,-0.2188577651977539,-0.06991147994995117,-0.040709614753723145,-1.0]]]","[0.028292177245020866,0.725365936756134,0.0029120880644768476,0.003885016543790698,0.041237931698560715,0.0004128454893361777,0.0012715173652395606]",0.11476822197437286,"[0.12298903614282608,0.11120393872261047,0.11682543903589249,0.10868988186120987,0.11413279175758362]",46,B36
0.0,0.000407822139095515,CC,C600,Z,,B,177.47372436523438,177.47372436523438,"[1,9,256]",0.0,"[1,9,256]",True,20,603.9078979492188,603.9078979492188,"[38,9,256]",0.0,"[38,9,256]",True,"[0.010816531255841255,0.018469635397195816,0.11156082153320312,0.18578602373600006,0.03603273257613182,0.010722416453063488,0.00072228949284181]",0.053444355726242065,"[0.02986152470111847,0.03311147540807724,0.045641813427209854,0.06277786195278168,0.09582909196615219]",0.051674775779247284,281.9843444824219,281.9843444824219,[81920],0.0,[81920],True,25,534.6149291992188,534.6149291992188,"[38,50,1024]",0.0,"[38,50,1024]",True,"[[[-0.3170785903930664,0.08215217292308807,-0.7083545923233032,0.08358950912952423,-0.15554958581924438,-0.05524945259094238,-0.9978938102722168],[-0.3526366949081421,0.09427395462989807,-0.7002055644989014,0.037460748106241226,-0.15134532749652863,-0.036792054772377014,-0.9918110370635986],[-0.35460901260375977,0.17477868497371674,-0.6591921448707581,-0.03452320769429207,-0.141907200217247,-0.043671172112226486,-0.9949344992637634],[-0.2990146279335022,0.295183002948761,-0.5793505907058716,-0.1149463802576065,-0.13214178383350372,-0.045783743262290955,-1.0028451681137085],[-0.266773521900177,0.3867528438568115,-0.49989569187164307,-0.16428139805793762,-0.11415017396211624,-0.06109490990638733,-1.0086710453033447]]]","[0.0019492041319608688,0.03143163025379181,0.050976987928152084,0.10509826242923737,0.004995682742446661,0.0027701931539922953,3.608729093684815e-05]",0.028179720044136047,"[0.023476295173168182,0.02144193835556507,0.021842895075678825,0.029353998601436615,0.04478348419070244]",36.61830559698676,0.0,44.83143827557733,0.0,5172841219135816146,46,1189.84521484375,1189.84521484375,"[1,38,256]",0.0,"[1,38,256]",True,49,0.25,29,libero_goal,5,"[[[-0.2857147455215454,0.02180635929107666,-0.8575582504272461,-0.2659956216812134,-0.06991147994995117,0.033626556396484375,-1.0],[-0.2964290380477905,0.04361319541931152,-0.8459303379058838,-0.29966557025909424,-0.06991147994995117,0.015927433967590332,-1.0],[-0.2857147455215454,0.06230473518371582,-0.8459303379058838,-0.3400694727897644,-0.06991147994995117,0.0017682313919067383,-1.0],[-0.28214335441589355,0.07476580142974854,-0.8517442941665649,-0.39394134283065796,-0.06991147994995117,-0.019470691680908203,-1.0],[-0.24285763502120972,0.0872267484664917,-0.8197675347328186,-0.5084190368652344,-0.06991147994995117,-0.040709614753723145,-1.0]]]","[0.06559669971466064,0.004748416133224964,0.016651665791869164,0.04569572955369949,0.05689914897084236,0.008532779291272163,0.00031754400697536767]",0.028348855674266815,"[0.02160848304629326,0.018895728513598442,0.02576182410120964,0.03297194465994835,0.042506296187639236]",48,B36
0.0,0.0015895679825916886,CC,C600,Z,,B,177.47372436523438,177.47372436523438,"[1,9,256]",0.0,"[1,9,256]",True,20,603.9078979492188,603.9078979492188,"[38,9,256]",0.0,"[38,9,256]",True,"[0.025657949969172478,0.4371122419834137,1.0713976621627808,0.02845321036875248,0.34923574328422546,0.017339374870061874,0.002379997866228223]",0.2759394645690918,"[0.524520993232727,0.4365476369857788,0.27974748611450195,0.0869763046503067,0.05190499499440193]",0.09602337330579758,281.9843444824219,281.9843444824219,[81920],0.0,[81920],True,25,534.6149291992188,534.6149291992188,"[38,50,1024]",0.0,"[38,50,1024]",True,"[[[-0.9800442457199097,-0.12289072573184967,-1.0053938627243042,-0.16750800609588623,-0.6488308906555176,-0.02140970528125763,-0.9910817742347717],[-0.9775857329368591,-0.07999861240386963,-0.9728711843490601,-0.15842792391777039,-0.6007329821586609,-0.004785947501659393,-1.0013995170593262],[-1.0210456848144531,0.00806254893541336,-0.8936766386032104,-0.10337572544813156,-0.512436032295227,-0.008437491953372955,-1.0013833045959473],[-1.040253758430481,0.16158728301525116,-0.7518161535263062,-0.03956156224012375,-0.3605034649372101,-0.0086866095662117,-0.9968215227127075],[-1.0326508283615112,0.27465003728866577,-0.6402971744537354,-0.027144335210323334,-0.290685772895813,-0.012095370329916477,-0.9988025426864624]]]","[0.07164358347654343,0.9653481841087341,0.4765181243419647,0.031207634136080742,0.12074106186628342,0.0009097467991523445,1.8988712326972745e-05]",0.23805531859397888,"[0.3045884072780609,0.29768115282058716,0.25687286257743835,0.1860642284154892,0.14507004618644714]",36.61830559698676,0.0,44.83143827557733,0.0,5635482954592866291,46,1189.84521484375,1189.84521484375,"[1,38,256]",0.0,"[1,38,256]",True,49,0.75,87,libero_goal,5,"[[[-0.8285714983940125,0.999998927116394,-0.1802329421043396,-0.2659956216812134,-0.2522818446159363,-0.040709614753723145,-1.0],[-0.7750001549720764,1.0155751705169678,-0.16860508918762207,-0.2659956216812134,-0.17325466871261597,-0.040709614753723145,-1.0],[-0.7392858862876892,1.021805763244629,-0.17732608318328857,-0.2659956216812134,-0.12462258338928223,-0.040709614753723145,-1.0],[-0.7250001430511475,1.031151533126831,-0.17732608318328857,-0.2659956216812134,-0.10638552904129028,-0.040709614753723145,-1.0],[-0.6928573846817017,1.0373821258544922,-0.1802329421043396,-0.2659956216812134,-0.06991147994995117,-0.040709614753723145,-1.0]]]","[0.06225403770804405,0.9185970425605774,0.11161843687295914,0.006133326794952154,0.02007971704006195,0.0014192579546943307,0.0025764680467545986]",0.16038261353969574,"[0.15925054252147675,0.164171501994133,0.15982931852340698,0.15375566482543945,0.16490605473518372]",48,B36
0.0,0.00019523801165632904,CC,C600,Z,,A,213.52056884765625,213.52056884765625,"[1,19,256]",0.0,"[1,19,256]",True,37,715.3941040039062,715.3941040039062,"[48,19,256]",0.0,"[48,19,256]",True,"[0.03716430440545082,0.07204035669565201,0.0499129518866539,0.1715213507413864,0.019417760893702507,0.0008813451277092099,0.002215656219050288]",0.050450537353754044,"[0.022388484328985214,0.04080750420689583,0.059200920164585114,0.062218278646469116,0.06763749569654465]",0.1239907369017601,281.73516845703125,281.73516845703125,[81920],0.0,[81920],True,34,604.468994140625,604.468994140625,"[48,50,1024]",0.0,"[48,50,1024]",True,"[[[0.4373270571231842,-0.48913106322288513,-0.1392875760793686,-0.3228994905948639,-0.27822956442832947,-0.05288873240351677,1.0206398963928223],[0.3994584381580353,-0.45675909519195557,-0.1629362553358078,-0.31998422741889954,-0.2882459759712219,-0.054857973009347916,1.008355975151062],[0.33585745096206665,-0.42113542556762695,-0.18273630738258362,-0.30157601833343506,-0.31504756212234497,-0.04753676429390907,1.0158332586288452],[0.24786365032196045,-0.40389305353164673,-0.236413836479187,-0.3017149865627289,-0.38376474380493164,-0.052936021238565445,1.0164272785186768],[0.15966376662254333,-0.35841846466064453,-0.300618976354599,-0.2957732677459717,-0.4539749324321747,-0.04406055063009262,1.009151816368103]]]","[0.0016248265746980906,0.06778042018413544,0.01458363514393568,0.1319037526845932,0.02813476137816906,0.00011116613313788548,0.00022005304344929755]",0.03490837290883064,"[0.013939954340457916,0.026959378272294998,0.03721543028950691,0.04419640451669693,0.052230700850486755]",25.60937600546015,0.0,31.817780743426123,0.0,7570421501061691922,48,1221.4266357421875,1221.4266357421875,"[1,48,256]",0.0,"[1,48,256]",True,47,0.25,68,libero_10,4,"[[[0.4535706043243408,-0.6542057991027832,-0.017442405223846436,-0.09091198444366455,-0.30699288845062256,-0.040709614753723145,0.9999990463256836],[0.37142765522003174,-0.7009347081184387,-0.017442405223846436,0.0033638477325439453,-0.24012374877929688,-0.040709614753723145,0.9999990463256836],[0.31428492069244385,-0.7102804780006409,-0.08430278301239014,0.09090554714202881,-0.20364969968795776,-0.040709614753723145,0.9999990463256836],[0.26428496837615967,-0.6915888786315918,-0.13372141122817993,0.11784148216247559,-0.1854127049446106,-0.040709614753723145,0.9999990463256836],[0.23928487300872803,-0.6510905027389526,-0.17151212692260742,0.11784148216247559,-0.16109663248062134,-0.040709614753723145,0.9999990463256836]]]","[0.13093720376491547,0.04474502429366112,0.0015534254489466548,0.05779761075973511,0.04327237233519554,0.0008856961503624916,0.0004938991623930633]",0.03995503485202789,"[0.02922791801393032,0.03454481065273285,0.047531384974718094,0.04673520475625992,0.04173586517572403]",46,B36
0.0,6.934740667929873e-06,CC,C600,Z,,A,213.52056884765625,213.52056884765625,"[1,19,256]",0.0,"[1,19,256]",True,37,715.3941040039062,715.3941040039062,"[48,19,256]",0.0,"[48,19,256]",True,"[0.08543439954519272,0.0016097335610538721,0.025810668244957924,0.0018102367175742984,0.0051274229772388935,0.033814314752817154,0.004115185234695673]",0.02253170683979988,"[0.023467425256967545,0.024820055812597275,0.017036542296409607,0.020425714552402496,0.026908809319138527]",0.07523076981306076,281.73516845703125,281.73516845703125,[81920],0.0,[81920],True,34,604.468994140625,604.468994140625,"[48,50,1024]",0.0,"[48,50,1024]",True,"[[[-0.6511359214782715,-0.0026632435619831085,-0.59139484167099,-0.27852603793144226,-0.03580598533153534,-0.044988758862018585,-1.013616919517517],[-0.6141303777694702,0.006087854504585266,-0.5710564851760864,-0.2755608856678009,-0.04379701986908913,-0.04877355694770813,-1.0249643325805664],[-0.5717166066169739,-0.027791380882263184,-0.543634295463562,-0.27324753999710083,-0.057161957025527954,-0.08399498462677002,-1.0193263292312622],[-0.514509916305542,-0.020894870162010193,-0.4959709346294403,-0.26380473375320435,-0.06511193513870239,-0.08138539642095566,-1.0079820156097412],[-0.43246448040008545,-9.368389146402478e-05,-0.44760119915008545,-0.2537129521369934,-0.04885834455490112,-0.10864745080471039,-1.029444932937622]]]","[0.02070624940097332,0.00032177503453567624,0.005354410503059626,9.135197615250945e-05,0.0017151829088106751,0.0031430658418685198,0.0004225723969284445]",0.004536372609436512,"[0.002837857697159052,0.0041417754255235195,0.004713461734354496,0.0046890354715287685,0.006299731787294149]",25.60937600546015,0.0,31.817780743426123,0.0,5052251981188736845,48,1221.4266357421875,1221.4266357421875,"[1,48,256]",0.0,"[1,48,256]",True,47,0.75,206,libero_10,4,"[[[-0.7464287281036377,0.02180635929107666,-0.5901165008544922,-0.2659956216812134,-0.0820695161819458,-0.1327449083328247,-1.0],[-0.7571430206298828,-0.003115832805633545,-0.5901165008544922,-0.2659956216812134,-0.0820695161819458,-0.12566518783569336,-1.0],[-0.7392858862876892,-0.006231069564819336,-0.593023419380188,-0.2659956216812134,-0.0820695161819458,-0.11504578590393066,-1.0],[-0.6642858982086182,-0.006231069564819336,-0.5872094631195068,-0.2659956216812134,-0.10638552904129028,-0.09026700258255005,-1.0],[-0.58571457862854,0.015575766563415527,-0.5726746916770935,-0.2659956216812134,-0.10030657052993774,-0.07610780000686646,-1.0]]]","[0.14395658671855927,0.0003082975745201111,0.045389775186777115,0.0022011424880474806,0.003142744302749634,0.0047491672448813915,0.3261744976043701]",0.07513174414634705,"[0.025137079879641533,0.03409504145383835,0.04764752835035324,0.10051106661558151,0.16826801002025604]",46,B36
0.0,7.406835266010603e-06,CC,C600,Z,,B,212.75506591796875,212.75506591796875,"[1,19,256]",0.0,"[1,19,256]",True,37,713.6452026367188,713.6452026367188,"[48,19,256]",0.0,"[48,19,256]",True,"[0.035384565591812134,0.009011657908558846,0.03721161186695099,0.00037077776505611837,0.0016959793865680695,0.0008547368342988193,0.4542730450630188]",0.07697176933288574,"[0.06967434287071228,0.07109402865171432,0.07153860479593277,0.07800894975662231,0.09454293549060822]",0.0517050176858902,281.7373046875,281.7373046875,[81920],0.0,[81920],True,34,604.3446655273438,604.3446655273438,"[48,50,1024]",0.0,"[48,50,1024]",True,"[[[-0.3601911664009094,-0.044792257249355316,-0.4464372396469116,0.042943425476551056,-0.10051367431879044,0.15427246689796448,-1.0179907083511353],[-0.42295604944229126,-0.04217386245727539,-0.44944214820861816,0.008246943354606628,-0.12992937862873077,0.16063211858272552,-1.005226492881775],[-0.46310660243034363,-0.02506166696548462,-0.4429102838039398,-0.028254255652427673,-0.14760246872901917,0.1529075652360916,-1.010715365409851],[-0.5049887895584106,0.010021384805440903,-0.4263059198856354,-0.0942881777882576,-0.14203274250030518,0.14531812071800232,-1.0157279968261719],[-0.5546637177467346,0.029423687607049942,-0.43114128708839417,-0.15902025997638702,-0.1446382701396942,0.15623746812343597,-1.0095733404159546]]]","[0.11388613283634186,0.012603840790688992,0.15257561206817627,0.05362008884549141,0.004115300718694925,0.03788771852850914,0.00016096391482278705]",0.05354994907975197,"[0.05848341062664986,0.05936092510819435,0.054055824875831604,0.04835520684719086,0.047494396567344666]",25.238670772397718,0.0,30.791494047320136,0.0,1750272122191094264,46,1231.3348388671875,1231.3348388671875,"[1,48,256]",0.0,"[1,48,256]",True,49,0.25,66,libero_10,4,"[[[-0.1285719871520996,0.14953207969665527,-0.017442405223846436,-0.2659956216812134,-0.08814853429794312,-0.040709614753723145,-1.0],[-0.1285719871520996,0.10903370380401611,-0.017442405223846436,-0.2659956216812134,-0.06991147994995117,-0.040709614753723145,-1.0],[-0.1285719871520996,0.02180635929107666,-0.03779119253158569,-0.2659956216812134,-0.06991147994995117,-0.040709614753723145,-1.0],[-0.1285719871520996,0.02180635929107666,-0.06976795196533203,-0.2659956216812134,-0.06991147994995117,-0.040709614753723145,-1.0],[-0.1357148289680481,0.02180635929107666,-0.1133725643157959,-0.2659956216812134,-0.06991147994995117,-0.040709614753723145,-1.0]]]","[0.03114202432334423,0.007552757393568754,0.035825055092573166,0.0002020425017690286,0.002947338158264756,0.0006733301561325788,0.5203014016151428]",0.08552055805921555,"[0.07526884973049164,0.07529496401548386,0.08018358796834946,0.0951874628663063,0.10166794806718826]",48,B36
0.0,4.131512469029985e-06,CC,C600,Z,,B,212.75506591796875,212.75506591796875,"[1,19,256]",0.0,"[1,19,256]",True,37,713.6452026367188,713.6452026367188,"[48,19,256]",0.0,"[48,19,256]",True,"[0.015288347378373146,0.00026264609186910093,0.0008933232165873051,0.008708884939551353,0.0015582210617139935,0.0014034508494660258,1.2553352117538452]",0.18335001170635223,"[0.01309285406023264,0.02778581902384758,0.4937810003757477,0.3024436831474304,0.07964667677879333]",0.042692504823207855,281.7373046875,281.7373046875,[81920],0.0,[81920],True,34,604.3446655273438,604.3446655273438,"[48,50,1024]",0.0,"[48,50,1024]",True,"[[[-0.6812963485717773,-0.06060881167650223,-0.5235705971717834,-0.22608603537082672,-0.1778431534767151,-0.06348572671413422,-1.0053421258926392],[-0.654499888420105,-0.06415292620658875,-0.49943801760673523,-0.21230387687683105,-0.16711384057998657,-0.0706009790301323,-0.9950684905052185],[-0.6191368103027344,-0.07881388068199158,-0.4918881058692932,-0.21029408276081085,-0.12785588204860687,-0.0656118392944336,-1.0191538333892822],[-0.5695425868034363,-0.06903138756752014,-0.45233437418937683,-0.23246075212955475,-0.11329576373100281,-0.07382258772850037,-1.012451410293579],[-0.4934749901294708,-0.08357492089271545,-0.35641297698020935,-0.21598486602306366,-0.1033875122666359,-0.07828320562839508,1.004197120666504]]]","[0.09426221251487732,0.008732480928301811,0.013835929334163666,0.008925198577344418,0.005491587799042463,0.0006919602164998651,1.6254011392593384]",0.25104865431785583,"[0.020142240449786186,0.01699242927134037,0.602159857749939,0.5996570587158203,0.016291609033942223]",25.238670772397718,0.0,30.791494047320136,0.0,2317014375466178463,46,1231.3348388671875,1231.3348388671875,"[1,48,256]",0.0,"[1,48,256]",True,49,0.75,199,libero_10,4,"[[[-0.39285755157470703,0.02180635929107666,-0.38662827014923096,-0.3670054078102112,-0.06991147994995117,-0.09026700258255005,-1.0],[-0.36785751581192017,0.02180635929107666,-0.3837212324142456,-0.29293161630630493,-0.06991147994995117,-0.07610780000686646,-1.0],[-0.30357182025909424,0.02180635929107666,-0.3575584888458252,-0.29293161630630493,-0.06991147994995117,-0.05132913589477539,0.9999990463256836],[-0.2321433424949646,0.02180635929107666,-0.32558178901672363,-0.3131335377693176,-0.06991147994995117,-0.040709614753723145,0.9999990463256836],[-0.18928629159927368,0.02180635929107666,-0.302325963973999,-0.28619760274887085,-0.06991147994995117,-0.040709614753723145,0.9999990463256836]]]","[0.004881490953266621,0.0010371677344664931,0.0016902381321415305,0.0030685074161738157,0.0035463296808302402,0.000992105808109045,0.933026134967804]",0.135463148355484,"[0.005011593922972679,0.011093215085566044,0.3420138955116272,0.22879068553447723,0.09040635079145432]",48,B36
0.0,5.3031671995995566e-05,CC,C600,Z,,A,169.13861083984375,169.13861083984375,"[1,13,256]",0.0,"[1,13,256]",True,34,770.1102905273438,770.1102905273438,"[58,13,256]",0.0,"[58,13,256]",True,"[0.15089987218379974,0.0012683209497481585,0.17930346727371216,0.005186942871659994,0.1525324285030365,0.0006809536134824157,0.001161334221251309]",0.07014761865139008,"[0.07113005220890045,0.07122041285037994,0.07470425218343735,0.07069078832864761,0.06299260258674622]",0.15168288350105286,281.7029724121094,281.7029724121094,[81920],0.0,[81920],True,37,670.8827514648438,670.8827514648438,"[58,50,1024]",0.0,"[58,50,1024]",True,"[[[-0.22289685904979706,0.753722071647644,0.5340955853462219,-0.27057695388793945,-0.31991249322891235,-0.058687880635261536,0.996859610080719],[-0.221373051404953,0.7924767136573792,0.4988464117050171,-0.2637595236301422,-0.3791200816631317,-0.0445835180580616,0.9964524507522583],[-0.2278057038784027,0.8152021169662476,0.4754023551940918,-0.2630402147769928,-0.44880759716033936,-0.05018258094787598,1.004136562347412],[-0.2311728596687317,0.8318014740943909,0.43586453795433044,-0.25019001960754395,-0.5056341886520386,-0.05162738263607025,0.9999004006385803],[-0.2146681547164917,0.8439656496047974,0.3925650715827942,-0.263788104057312,-0.5481881499290466,-0.03045448660850525,0.9992672204971313]]]","[0.17560739815235138,0.0060208686627447605,0.2564040720462799,0.006959708873182535,0.4348383843898773,0.00013046551612205803,8.019747838261537e-06]",0.12570984661579132,"[0.09718578308820724,0.11421175301074982,0.13149353861808777,0.13983465731143951,0.14582353830337524]",27.69292914246511,0.0,40.530470329102435,0.0,8442714955617139331,48,1239.4197998046875,1239.4197998046875,"[1,58,256]",0.0,"[1,58,256]",True,47,0.25,62,libero_10,7,"[[[0.21785640716552734,0.8380053043365479,0.999998927116394,-0.19192183017730713,0.18540692329406738,-0.040709614753723145,0.9999990463256836],[0.21071362495422363,0.8535815477371216,0.999998927116394,-0.15825188159942627,0.20972299575805664,-0.040709614753723145,0.9999990463256836],[0.1892850399017334,0.878503680229187,0.999998927116394,-0.13131588697433472,0.22188103199005127,-0.040709614753723145,0.9999990463256836],[0.1892850399017334,0.9190021753311157,0.9505802392959595,-0.2390596866607666,0.22188103199005127,-0.040709614753723145,0.9999990463256836],[0.16785645484924316,0.9314632415771484,0.9156967401504517,-0.2659956216812134,0.22188103199005127,-0.040709614753723145,0.9999990463256836]]]","[0.10939498245716095,0.002013867488130927,0.15910497307777405,0.005935206077992916,0.10774350166320801,0.0006952601252123713,0.0006083573098294437]",0.05507087707519531,"[0.056235525757074356,0.05723370984196663,0.06148649752140045,0.054090410470962524,0.04630826786160469]",46,B36
0.0,8.29934942885302e-05,CC,C600,Z,,A,169.13861083984375,169.13861083984375,"[1,13,256]",0.0,"[1,13,256]",True,34,770.1102905273438,770.1102905273438,"[58,13,256]",0.0,"[58,13,256]",True,"[0.006717739161103964,0.28008222579956055,0.36093670129776,1.1675677299499512,0.5584625005722046,0.21011982858181,0.004461248870939016]",0.36976397037506104,"[0.41482606530189514,0.48278021812438965,0.3418738543987274,0.2883481979370117,0.3209916651248932]",0.28861939907073975,281.7029724121094,281.7029724121094,[81920],0.0,[81920],True,37,670.8827514648438,670.8827514648438,"[58,50,1024]",0.0,"[58,50,1024]",True,"[[[0.2080632746219635,-0.06423419713973999,0.38827183842658997,-0.22356151044368744,0.6235647201538086,-0.08787891268730164,0.9959118366241455],[0.2888845205307007,-0.026247356086969376,0.47858574986457825,-0.22270074486732483,0.6391324400901794,-0.09437492489814758,1.0038890838623047],[0.36184534430503845,0.0026363469660282135,0.541626513004303,-0.23852550983428955,0.6338814496994019,-0.08636841177940369,1.002925157546997],[0.443719744682312,0.028214149177074432,0.591668963432312,-0.22957758605480194,0.6353539824485779,-0.08885231614112854,0.9959545731544495],[0.5217015147209167,0.06075764447450638,0.6275267601013184,-0.20202305912971497,0.690312385559082,-0.08355618268251419,1.0075739622116089]]]","[0.0031763024162501097,0.1435173600912094,0.15701770782470703,0.33915942907333374,0.38831886649131775,0.044851914048194885,2.282738387293648e-05]",0.15372349321842194,"[0.15231719613075256,0.18397532403469086,0.1425708681344986,0.13391858339309692,0.15583547949790955]",27.69292914246511,0.0,40.530470329102435,0.0,4151392753901295008,48,1239.4197998046875,1239.4197998046875,"[1,58,256]",0.0,"[1,58,256]",True,47,0.75,186,libero_10,7,"[[[0.2464277744293213,0.20560681819915771,0.6337201595306396,-0.8855222463607788,-0.06991147994995117,-0.20000135898590088,0.9999990463256836],[0.34642767906188965,0.34890902042388916,0.9360456466674805,-0.8383843898773193,-0.06991147994995117,-0.3238949775695801,0.9999990463256836],[0.46071338653564453,0.3676004409790039,0.999998927116394,-0.7979804277420044,0.12461686134338379,-0.3557533621788025,0.9999990463256836],[0.47857046127319336,0.42056000232696533,0.999998927116394,-0.7710444927215576,0.1185377836227417,-0.3238949775695801,0.9999990463256836],[0.5321418046951294,0.5264788866043091,0.999998927116394,-0.7239066362380981,0.03343164920806885,-0.26017826795578003,0.9999990463256836]]]","[0.047104645520448685,0.0869470164179802,0.07877901196479797,0.19591470062732697,0.036525923758745193,0.040942754596471786,0.0005494534852914512]",0.06953763961791992,"[0.06084241345524788,0.08021696656942368,0.07956977188587189,0.06535479426383972,0.06170427054166794]",46,B36
0.0,8.415112824877724e-05,CC,C600,Z,,B,169.57638549804688,169.57638549804688,"[1,13,256]",0.0,"[1,13,256]",True,34,735.6048583984375,735.6048583984375,"[53,13,256]",0.0,"[53,13,256]",True,"[0.018840117380023003,0.08477096259593964,0.0775274783372879,0.00927876215428114,0.7746171355247498,0.0005161568988114595,0.00021452251530718058]",0.13796645402908325,"[0.1999068707227707,0.1512068510055542,0.10776082426309586,0.12159744650125504,0.10936026275157928]",0.07444213330745697,281.7140808105469,281.7140808105469,[81920],0.0,[81920],True,37,641.1937866210938,641.1937866210938,"[53,50,1024]",0.0,"[53,50,1024]",True,"[[[-0.1761220544576645,0.5288808345794678,0.749914288520813,-0.3539606034755707,-0.45540615916252136,-0.017438611015677452,1.0105103254318237],[-0.19092026352882385,0.6185983419418335,0.6922894716262817,-0.3439520299434662,-0.48893627524375916,-0.010806374251842499,1.0005255937576294],[-0.2008569836616516,0.6901629567146301,0.5906240344047546,-0.3143225312232971,-0.5284192562103271,-0.019398260861635208,1.0148897171020508],[-0.20545199513435364,0.7570590376853943,0.4963589310646057,-0.3246789574623108,-0.5834161043167114,-0.011849522590637207,1.0039066076278687],[-0.18462291359901428,0.8245730400085449,0.40304034948349,-0.31452271342277527,-0.573967695236206,-0.009368561208248138,1.0138330459594727]]]","[0.011272921226918697,0.021776586771011353,0.11215364187955856,0.004389828536659479,0.7454099655151367,0.0015305847628042102,0.00010782897152239457]",0.12809161841869354,"[0.14237523078918457,0.1265898495912552,0.10834650695323944,0.1323404759168625,0.1308060586452484]",27.055139558228078,0.0,38.25651711513963,0.0,895811180839841733,46,1190.198486328125,1190.198486328125,"[1,53,256]",0.0,"[1,53,256]",True,49,0.25,72,libero_10,7,"[[[-0.010714948177337646,0.43613624572753906,0.8982548713684082,-0.2659956216812134,0.5075944662094116,-0.07610780000686646,0.9999990463256836],[-0.10357201099395752,0.4766346216201782,0.9215106964111328,-0.2659956216812134,0.4042513370513916,-0.05486893653869629,0.9999990463256836],[-0.1285719871520996,0.5264788866043091,0.9418593645095825,-0.2659956216812134,0.24619698524475098,-0.040709614753723145,0.9999990463256836],[-0.16071486473083496,0.5856688022613525,0.8982548713684082,-0.2659956216812134,0.27051305770874023,-0.040709614753723145,0.9999990463256836],[-0.30357182025909424,0.669780969619751,0.851743221282959,-0.2659956216812134,0.24619698524475098,-0.040709614753723145,0.9999990463256836]]]","[0.014692104421555996,0.02866659127175808,0.027573589235544205,0.002073088428005576,0.19965040683746338,0.0006277607171796262,0.00064239272614941]",0.03913227468729019,"[0.062046609818935394,0.042812902480363846,0.029512977227568626,0.03074086271226406,0.03054804541170597]",48,B36
0.0,0.00010104291141033173,CC,C600,Z,,B,169.57638549804688,169.57638549804688,"[1,13,256]",0.0,"[1,13,256]",True,34,735.6048583984375,735.6048583984375,"[53,13,256]",0.0,"[53,13,256]",True,"[0.051954932510852814,0.7426360845565796,0.031243247911334038,0.021387314423918724,0.2700265347957611,0.004826379008591175,0.002557043917477131]",0.16066163778305054,"[0.17791220545768738,0.14704343676567078,0.1539936065673828,0.15699568390846252,0.16736330091953278]",0.13593843579292297,281.7140808105469,281.7140808105469,[81920],0.0,[81920],True,37,641.1937866210938,641.1937866210938,"[53,50,1024]",0.0,"[53,50,1024]",True,"[[[0.586254358291626,0.08262553066015244,0.9258913993835449,-0.2876051366329193,0.9279630184173584,-0.0836806520819664,1.0028952360153198],[0.5917444825172424,0.10214062035083771,0.9227497577667236,-0.2731066346168518,0.9242786169052124,-0.07836348563432693,1.0019471645355225],[0.5983008742332458,0.13520176708698273,0.9156322479248047,-0.26989927887916565,0.9119203090667725,-0.0819147378206253,1.0062289237976074],[0.590181291103363,0.17581307888031006,0.8721625208854675,-0.2635323107242584,0.8668155670166016,-0.07738745212554932,1.009962558746338],[0.5851619243621826,0.23752723634243011,0.8063181638717651,-0.25340884923934937,0.7906408309936523,-0.06864648312330246,0.9986419677734375]]]","[0.0033388303127139807,0.22878961265087128,0.0026182408910244703,0.00013945419050287455,0.10097312182188034,0.001337722409516573,3.0421539122471586e-05]",0.04817534238100052,"[0.052318278700113297,0.04809234291315079,0.04806462302803993,0.047496479004621506,0.04490501806139946]",27.055139558228078,0.0,38.25651711513963,0.0,4825284986999109913,46,1190.198486328125,1190.198486328125,"[1,53,256]",0.0,"[1,53,256]",True,49,0.75,218,libero_10,7,"[[[0.657141923904419,0.5077873468399048,0.9360456466674805,-0.2659956216812134,0.5075944662094116,-0.1398245096206665,0.9999990463256836],[0.6678560972213745,0.548285722732544,0.9156967401504517,-0.2659956216812134,0.5623054504394531,-0.1044263243675232,0.9999990463256836],[0.6607131958007812,0.6261674165725708,0.9040688276290894,-0.2659956216812134,0.6109377145767212,-0.05486893653869629,0.9999990463256836],[0.6321418285369873,0.6915878057479858,0.9011619091033936,-0.2659956216812134,0.6170166730880737,-0.040709614753723145,0.9999990463256836],[0.5999990701675415,0.7445472478866577,0.9156967401504517,-0.2659956216812134,0.5805425643920898,-0.040709614753723145,0.9999990463256836]]]","[0.006001640111207962,0.09682618081569672,0.043231744319200516,0.010781622491776943,0.03290723264217377,0.005330558400601149,0.0010928647825494409]",0.028024546802043915,"[0.025737321004271507,0.02435496263206005,0.03147993981838226,0.028960533440113068,0.02958998829126358]",48,B36
