asset,global_task_id,teacher_demo,family,layer,b_frobenius_norm,b_singular_values,delta_frobenius_norm,delta_singular_values,reconstruction_max_abs,reconstruction_relative_l2
N1000,5,46,q_b,0,9.330839269017579,"[9.31697506280477,0.4847841744003117,0.115918615753548,0.0786473880347406,0.035547824928609424,0.030832112188491297,0.026598274032081343,0.019791104701000248,0.01342295386300042,0.0122915695914478,0.008438079681936621,0.007540342245969801,0.006660194857979145,0.005730354766245108,0.005305516016329874,0.004563710322835755]",40.45946909975042,"[40.45833188083989,0.29010726108695,0.06778034250343572,0.04478638378416532,0.019694997417584098,0.017595967920634698,0.015189495135604249,0.011725919093204628,0.007829998124115268,0.00690434072961808,0.0049181621066772,0.004252789803811844,0.0039795092618940256,0.0032341192192506525,0.002976625827538781,0.0026262009306456096]",0.0004875347949564457,0.0016669103341274347
N1000,5,46,q_b,1,8.545618777925661,"[8.53924711838449,0.29631020142985587,0.12020779096825417,0.06258224687199447,0.03262919970845348,0.023856954017993037,0.018096491827425672,0.016864704363252558,0.012347136309602491,0.00917204597299872,0.007764820597933973,0.006839755113193863,0.005850648768142852,0.005222890230805817,0.0048176747955253705,0.0043209883133742575]",38.426301199294265,"[38.42583205819434,0.17091299892440137,0.06851865675055462,0.03540428754143083,0.018610252471935054,0.01379280487192929,0.010513792319497514,0.009954199593783653,0.007108661986638221,0.005384220192717981,0.00429716220388785,0.004027400284331535,0.003444160542234799,0.002917609559187463,0.002771839923927609,0.0025487453342752397]",0.00048818456707522273,0.0016446186365463415
N1000,5,46,q_b,2,8.49049200502143,"[8.422515647785577,0.9824985144617664,0.38560524620689557,0.13719017650859133,0.11058127431561726,0.04744883542343608,0.030516230962611194,0.02241835903325381,0.019190891406351718,0.015595119085335351,0.011716923734753184,0.009052589193674087,0.007082216213789327,0.005461500623557222,0.005196651777318686,0.004196511760896623]",38.34825058968572,"[38.342266838559354,0.6295504163814828,0.22553995666059629,0.07757268715716183,0.0643774141993749,0.027198313791298206,0.01788024968163584,0.012740690753141397,0.010896997472664555,0.008822270925553571,0.00680795856673161,0.0050776399032865195,0.004238178167378832,0.003231186235258312,0.002943472781955746,0.002333811446061301]",0.00048235320718958974,0.0016660333039312304
N1000,5,46,q_b,3,8.548727817556086,"[8.519255964104717,0.6222602050704096,0.2694589045806222,0.17320561301780324,0.08561180481294647,0.05138781756829769,0.03756848859796825,0.03170461605695383,0.017633874065162734,0.01311969790287451,0.011604349241798893,0.00811567004316171,0.0071715884558443705,0.006167889743315509,0.005305429422876131,0.004601978107540897]",38.1567079355072,"[38.154354456141704,0.3744465494028368,0.15902624828122147,0.09846341503527176,0.04905762813593434,0.030002649246041183,0.022030729889762034,0.01852972305061096,0.009919237912904024,0.0076254575442717696,0.006614878646458265,0.004479716273237448,0.0041653366654298835,0.003487454678055046,0.0031102394188984275,0.002614907277400123]",0.00048792044981382787,0.0016470861390003658
N1000,5,46,q_b,4,9.093630312965058,"[9.072012134018397,0.6163298990161971,0.07689984861844781,0.0560744780981351,0.04296925127091488,0.02674365984584236,0.020242970865909024,0.016324100615051042,0.013538453467629129,0.011146592328958524,0.009075309212356093,0.00708595772403182,0.005925306828740014,0.00548900937568206,0.004947035669834994,0.0044695543576932]",39.856806846646414,"[39.85497742447194,0.3761269342687309,0.045579871771779135,0.032414933047936766,0.02410136514451815,0.01560508720018184,0.011338829209032368,0.009572296225598898,0.007752960081984641,0.006487207527196614,0.005220886931824025,0.004168964442609867,0.0032972399892435733,0.0032531911593839937,0.0027874983138321706,0.002476815825130244]",0.00048643435002304614,0.0016616631354548182
N1000,5,46,q_b,5,9.91236074459516,"[9.9094863556984,0.2210542411528787,0.06875139383265606,0.03299322281713807,0.02540815890227324,0.022968183095019055,0.01822384392719434,0.016780882624995132,0.013363622292134985,0.009912951289618808,0.007684633723585035,0.007427058488039627,0.0064158240963417545,0.005575115069649348,0.005129932723290803,0.00435494942016009]",41.7909471094559,"[41.79072587594002,0.1257502544604445,0.039221536279565525,0.019235745662230238,0.015232359138828944,0.012905004427161214,0.010463974610144328,0.009697699554311667,0.007737374004446346,0.005629980737578142,0.0044048882183955335,0.004273557265514974,0.0037256727993491587,0.0031322997432228594,0.002891768613072968,0.002491943347858886]",0.00048599211731925607,0.0016711805876701356
N1000,5,46,q_b,6,9.8259417574645,"[9.821211472919057,0.2791390354995495,0.09329537917898106,0.05223527960544618,0.037966034919165836,0.030695794796898428,0.021533148537512505,0.015173346836520815,0.01297092038367796,0.010097933892905161,0.008152597702497584,0.007094083056933017,0.005975710004859432,0.005707036284497674,0.005494440884216878,0.00473721526142457]",41.617819955536646,"[41.61743483115833,0.16484712034082427,0.05328349279487187,0.02953758788244822,0.021019723947287655,0.017954161151461735,0.012533320265013633,0.008924671698921062,0.0073297809569436495,0.005943620254738774,0.004703686706094117,0.004120683769547128,0.0034057945843867557,0.0033084218492558416,0.003193468070594976,0.0028174533293501562]",0.0004868411924690008,0.0016654374207158977
N1000,5,46,q_b,7,9.577408433188586,"[9.558193439237721,0.5007805479945346,0.32026525967644426,0.08139348998432495,0.06862626219749961,0.03642236767536072,0.030571838705409297,0.017045465422956565,0.011714009156243774,0.010036640332451056,0.007896522461914203,0.006826233779181318,0.005741469296614869,0.005333538485865092,0.004920641629563186,0.004551236456389724]",41.00215778285642,"[41.000581009959184,0.30159668172812265,0.18348920668455918,0.04640564030093137,0.03893204491005177,0.02100461732891327,0.01749230716150694,0.010275860778139015,0.006529241515275856,0.005764777797568467,0.004642114298599394,0.003950221054727559,0.00338857614488463,0.0031019993784636418,0.002801919010720282,0.0026306375521938786]",0.00048754748422652483,0.0016699310479536481
N1000,5,46,q_b,8,10.112106109044703,"[10.110760807067473,0.14533319409150589,0.04854468874195469,0.03758401314249936,0.032273466432694575,0.02038343066632815,0.01654459537517195,0.014254722130556218,0.01012888148054556,0.009637324109022835,0.007016635064038552,0.006178139041745091,0.005365006791161644,0.005033347763723376,0.00482037474419771,0.00455744964931929]",42.48541093873331,"[42.48530077545614,0.08559757518393254,0.02882409282848791,0.021447755388067098,0.017761486222280635,0.011702105195109789,0.009593837319836245,0.008558351917309021,0.005920898651221601,0.005484211413630238,0.004044359788150974,0.003458796597449156,0.0031302982189420256,0.0028182261318009955,0.0026975167825107815,0.0025892841838775047]",0.00048782492922327947,0.001644584829247643
N1000,5,46,q_b,9,10.10057694220705,"[10.096361141011613,0.26895528645499306,0.0812127335448873,0.052859885458075594,0.040314491764098376,0.02828080456320078,0.020481547053741167,0.012892712247171215,0.011513973186203608,0.00953713448135834,0.006917172801712966,0.006103991740850943,0.005708307474154133,0.004890766903990931,0.004785708665872623,0.004564447515699717]",42.5038627859123,"[42.50352841235677,0.15494480224033094,0.04852866676420017,0.030769104620466687,0.022530616972072193,0.016580111303140105,0.011836734084938611,0.007424818059412491,0.0065461103857536495,0.005579122424720211,0.004030536645793923,0.00353491515562706,0.00338978457132164,0.0029222067664474148,0.0026959431543783488,0.00260394954855302]",0.0004881842505710665,0.0016558650816253905
N1000,5,46,q_b,10,9.884206927552627,"[9.880810127514259,0.2263324574580835,0.09676828120934934,0.0607828989051233,0.03693767055207138,0.022784376700784353,0.01788631930288104,0.014089461559690965,0.0113328071480967,0.008705884018626408,0.008105493330870798,0.007575174042860526,0.0062659674818833664,0.00575762203180561,0.005168503323141196,0.004937860562881181]",42.29214888768163,"[42.2918788996942,0.1329905362957225,0.05477153767860989,0.034843393156091286,0.020919215752748584,0.013615737794112646,0.010008432892545854,0.007983019119975602,0.006382404061427794,0.0052153646556526235,0.004680344773994004,0.004379091493675486,0.0035808303286169875,0.0032186543320380265,0.0030245263024308035,0.00282117922314735]",0.00048749655252322555,0.0016698695657209747
N1000,5,46,q_b,11,9.02280539450156,"[8.996245098617269,0.6729482572274158,0.11419655965161708,0.09136569720393223,0.04277363038284794,0.028562974828647128,0.025783973517704364,0.01718858123917283,0.015373860323963743,0.01339171340174679,0.00997867620162094,0.009353296771837692,0.007541022531719389,0.00589547911275477,0.005120070274087098,0.004139173671497613]",39.82610533566381,"[39.82392248675024,0.406547568773824,0.06539531517355554,0.05348004466370011,0.024422376779553452,0.016662182334157935,0.01517368484507119,0.009945889640959722,0.008582202736230574,0.0076984498301771905,0.005786322758617583,0.005553815469655966,0.004461804164225945,0.0034295999120224573,0.002892844341708173,0.002420996951724545]",0.0004879625366811524,0.001647249171040955
N1000,5,46,q_b,12,10.000562186180995,"[9.999044069888829,0.14774001512336216,0.06488788252995008,0.04394500051555427,0.031802610085825085,0.026587302811810043,0.013346983895831168,0.012295688828464341,0.00931846276456271,0.008415737350818941,0.006671214425633992,0.006138475026204994,0.005787813515870339,0.005467835467581745,0.00465816975774199,0.004523286155030986]",42.31146349727784,"[42.31134540281721,0.0849021365717187,0.03665757316233746,0.02530478449965038,0.01831929438032859,0.015665315431222567,0.00778237943276459,0.006831644908073567,0.005252716413928824,0.004779061084226102,0.003925416816789457,0.003455532424956924,0.0032939959928071478,0.0030969678757227412,0.002758192995246496,0.002633938288983576]",0.0004878217587247491,0.001664912182457956
N1000,5,46,q_b,13,10.219370455263746,"[10.218741927458225,0.0919967620867642,0.04406212480584522,0.033951249633694586,0.022471471159400295,0.015411179990908377,0.011113761044936341,0.009652190624945765,0.009069616769072293,0.007847855235331378,0.00692465634639439,0.006160933275654327,0.005660089892013373,0.004973185083704884,0.004672085665704159,0.004566752320208836]",42.941755452084706,"[42.941704243782475,0.054541405812364295,0.024696281297761656,0.019530386209203315,0.01335885764794026,0.008517538730218557,0.0063062736455459685,0.005564831351212163,0.005358901047232303,0.004549134997248544,0.003958464662936001,0.0035647126191281,0.0031635451206617786,0.0028350481272706256,0.0027662202290341907,0.0025706771473694716]",0.00048791602603159845,0.0016514438015386168
N1000,5,46,q_b,14,10.145778599786555,"[10.145246478687826,0.08575240110741074,0.04122873064661598,0.02346191338290534,0.018957958132612262,0.01685291332133079,0.01227501197261112,0.01039384132527035,0.009203157709908904,0.006942241338110611,0.0057650695767576575,0.005606904773953784,0.005141067095713158,0.005004521545580693,0.004693414316938751,0.0045095180380235605]",42.35843266185129,"[42.35839078474928,0.04885402326157615,0.024213459061617964,0.013470797734562103,0.010716993004544699,0.009858034621952675,0.007065250453391047,0.005930660974392171,0.005340113034282776,0.00402374835463479,0.0033495229266470436,0.0032365717150034537,0.002919585394850851,0.002778937630569406,0.0026439357516266893,0.0025419008298450305]",0.0004883168439846486,0.0016466569825005334
N1000,5,46,q_b,15,9.352555237556931,"[9.343476449131959,0.3883380981299772,0.0943872835164058,0.07930981988303548,0.043043690335909705,0.02761390236788669,0.017140022609658006,0.01613817632434772,0.013657212390041466,0.009424699410872437,0.008789244121086705,0.008280792823044681,0.007505530030381058,0.006170291105685414,0.004969378713530927,0.004696365623809501]",40.556239546871254,"[40.55552770434402,0.22696937127053768,0.05447888735937368,0.04470817526311331,0.024995245832509443,0.016214319402893147,0.009932476081627757,0.009425132586797646,0.0076372337557415095,0.005339690381997876,0.0050343721402516745,0.004868649826229981,0.0043627919764413995,0.0034429852994260018,0.0028224297333052976,0.0026539818558808754]",0.00048765449901111424,0.0016592861887383707
N1000,5,46,q_b,16,9.77510113234837,"[9.772634140996077,0.1989361928484966,0.07073902490824556,0.033059875593703485,0.028636633360516927,0.024979753759164287,0.017987502826275942,0.01636678039902385,0.011889225137044485,0.010492475060852302,0.008965187244896812,0.007547948865760292,0.007086096206235921,0.005415301160210405,0.005055722376122448,0.004707760488812705]",41.350654248077134,"[41.35045499920989,0.1164943410643822,0.040653865395547197,0.019572336231253665,0.01715092233742807,0.014471934895487006,0.010460567389023408,0.009290833286307799,0.006970391979031753,0.006184458648057134,0.004973203260747901,0.004273371930096665,0.0041321059561729104,0.0030935736978613066,0.0028452930317049113,0.002730400804235193]",0.00048772600712254643,0.0016676588152518693
N1000,5,46,q_b,17,9.688178016676053,"[9.684919558456924,0.23672866528930933,0.06193583532979781,0.03307018293921187,0.0266556927539133,0.02234551182199189,0.017404144819340894,0.012282303665414924,0.012000552513008375,0.0110240762756969,0.008158304290088458,0.006841954484325374,0.00663578554466206,0.0054019001954979644,0.00477707347781321,0.004210447301150069]",40.86330909419953,"[40.863037697444256,0.14047733282407016,0.036535276734204966,0.01925586304986971,0.01585452328245234,0.0134244776198217,0.009923545530377555,0.007067505445449949,0.006990419587590747,0.006372034373908672,0.004484076856446789,0.003853496115274288,0.0037190383150725983,0.0030694568641381277,0.002723302971232527,0.0023804080252559255]",0.00048737517499830574,0.001666738584791742
N1000,5,46,v_b,0,4.16615012042124,"[4.160960946388393,0.19914518190535055,0.05075746013710827,0.020395523826810164,0.014990340650298683,0.011495302017412138,0.008752808778267469,0.007121754257440304,0.005667611652961276,0.0034375978901405083,0.002965075025972573,0.002348879675914041,0.002319198806473269,0.0022393974404213797,0.0019474774404925376,0.0017636618320435963]",32.529503129869866,"[32.52923785969519,0.12681016308475498,0.029262268202816567,0.011609525295926307,0.008449520660834202,0.006764685647576471,0.005117494549426275,0.004197426349800633,0.003311710733962401,0.001935686365963867,0.0016617865599050379,0.0014414712362262696,0.0013241741953813973,0.0012875328627850837,0.0011173200930410113,0.0010435184133975608]",0.0004841747577302158,0.0016888941802462544
N1000,5,46,v_b,1,3.902546745451686,"[3.900487929993576,0.11641610736716275,0.043001571137039556,0.01882217666994654,0.011458137624561241,0.008193297079799239,0.00562955978256621,0.004889333748529516,0.0034983645611486513,0.0032187676526302406,0.003019688464151555,0.0025288781410476684,0.002325815590759306,0.00212478148713229,0.0019399073840838375,0.0017527748914077186]",30.160524794107054,"[30.160428244396016,0.0706297233901165,0.024596410124618273,0.011275671901770338,0.0066690092600017155,0.004736611809416156,0.0032085840690559233,0.0028029989741111742,0.0020325450926900073,0.0019139134731269933,0.0017192500391598963,0.0014657801081269933,0.0013355630231049506,0.001224344210086141,0.0010676549975191173,0.0009509625546886845]",0.00048727693501859903,0.0017032754717315327
N1000,5,46,v_b,2,3.8588341472267715,"[3.8363737945627943,0.39617926286332866,0.10535836091176753,0.05209569687864028,0.04100379161430517,0.01122839068543602,0.010013478874781745,0.007577323060093055,0.005343041284221722,0.004748334084551861,0.0038297438127860954,0.003321017902664175,0.0028860231367853987,0.002624764508141885,0.002037637800184794,0.0018696006386967618]",29.045422661366654,"[29.04342712622057,0.3319030862192233,0.06485602383608342,0.029690940327530016,0.023282504104346187,0.006658933044666655,0.00570569097188819,0.00432091776802637,0.003061079271904978,0.00273641875532026,0.0022259108735627536,0.0019550517885434135,0.0017108433571884445,0.001496977520838122,0.001159574685483308,0.001018661994097247]",0.0004854818544117734,0.001744470019207734
N1000,5,46,v_b,3,3.8524911935578867,"[3.840074946772837,0.2921190998578623,0.07320699007100288,0.05035548508550304,0.04280649733304306,0.013220034525035888,0.011364363964563943,0.0076271930465383435,0.00587179888166144,0.00436093022273922,0.0033309268796695934,0.002895195213079229,0.002336203656232947,0.0021199535417944317,0.0018875314325097062,0.001821174186475506]",29.592643072638612,"[29.591881283383106,0.20387941307412072,0.04432769630113214,0.02882093211355882,0.02392597372239316,0.007481581174381803,0.006701111571568629,0.004469367808806969,0.0034820447781956708,0.0025393441274900366,0.0019035280431134232,0.0016500596347725634,0.0013326544802923098,0.0012145599910512012,0.0010799844965643116,0.001042090549209081]",0.00048121482541318983,0.0016615453556353638
N1000,5,46,v_b,4,4.142032097754666,"[4.134683350080218,0.24329160238459208,0.03157665612811851,0.01641940281019392,0.0118751230161757,0.008982268522846736,0.006849773451308626,0.005412399208120298,0.004262534135226259,0.004205047892739562,0.003219769257634319,0.0026595065777841524,0.002158352804471439,0.0021011335408862237,0.0018159552062201982,0.0015594854840565175]",32.280382635195345,"[32.27998506559148,0.15853516619861288,0.017913185916800838,0.009579687354785316,0.0067450153732749926,0.005206420828555555,0.004120957455702701,0.003044888928863608,0.0024150156037402283,0.00239900166085893,0.0018869680191731463,0.0015093404289060626,0.0012441188456660277,0.0012025018218900878,0.00104890496810499,0.0009012500546260035]",0.00048583949683234096,0.0016838767868268395
N1000,5,46,v_b,5,4.439847371966965,"[4.439011351316605,0.07984289942489398,0.021295345016474742,0.016155893375751802,0.012461798972729478,0.008252669645421573,0.005664030093103534,0.004370994169436865,0.004040651719841057,0.0034053411160900734,0.002893756605120885,0.0025592250399552358,0.002292987487126931,0.0021034336899918033,0.001833847188390288,0.0017419339243847963]",34.8906876995651,"[34.89065116895546,0.046815489899192715,0.012664978553668807,0.009431327019337184,0.007023944386577923,0.004796500275336346,0.0032011320475520176,0.002463427368818561,0.002319054766346092,0.001956982227899762,0.0016681319608099995,0.0014954263163117361,0.001315102330899488,0.0011879836980144376,0.0010513351617158979,0.000991135243268424]",0.0004871586206718348,0.0016839348773910064
N1000,5,46,v_b,6,4.374972658118801,"[4.373229920837435,0.11654251918859665,0.028202839065209116,0.01999768543030914,0.014865051141995165,0.010386208101431859,0.0071650649663929904,0.005308285924515281,0.004341070468235153,0.0031218351224322725,0.0029825712823610007,0.002450094581234208,0.0022431261244784703,0.002083413801990949,0.0019547046641210466,0.0018195566750762225]",34.272294390990474,"[34.272212222302215,0.07112772953996145,0.016477496730397452,0.011853799421439612,0.00903879187104727,0.005715291325072764,0.004192459512440566,0.0030064481643934556,0.002534805252493569,0.0018203151005644798,0.0017203675877243232,0.0014151948705901354,0.0012581581267870475,0.001170425126423291,0.0011455529815815975,0.0010448405964507948]",0.0004880495762336068,0.001715289008747015
N1000,5,46,v_b,7,4.25731221897464,"[4.252946416701798,0.16423465552714017,0.08972554417568772,0.03504534188042556,0.025379459889985957,0.011425362643153315,0.006436173040673885,0.004486798594693406,0.004326135011056689,0.003953623817533836,0.0028275808038144648,0.0026981518920133805,0.002297506777099252,0.002018419692184842,0.0019088191743584007,0.0018454277636957457]",33.20907899606339,"[33.20888859083994,0.09614482204943621,0.05188740192929844,0.020046805821013498,0.014942648247085171,0.006564559160881583,0.0037359585886335344,0.002515379012393023,0.002473048700885058,0.0023239926680759995,0.0016025437353305752,0.0014947316491027898,0.0013083029082605847,0.0011707629691269292,0.0011019086346584623,0.0010235874591830237]",0.0004867344396188855,0.0017242354080373111
N1000,5,46,v_b,8,4.554645164035392,"[4.554288758720845,0.04837903440888408,0.020127146791198574,0.015623795213772036,0.01118989388137585,0.007438668360451573,0.004613038760562899,0.0034393928312117564,0.002893220453569605,0.00285168113375918,0.0025815009650599964,0.0024008665330708494,0.0020383374317739745,0.0018838788675895736,0.0018438910196929908,0.0017448617880590545]",35.27702776509833,"[35.27701212011684,0.028383033300644962,0.01164036708213571,0.008878960046539501,0.006311852496024208,0.004273975125730931,0.0027142362184900256,0.0019889644551420197,0.0016791337918571796,0.001611354637369908,0.0015463193175874362,0.0013398294724511464,0.0012110077430700517,0.0010950540055683707,0.0010862010917164037,0.0010044262618291845]",0.0004853158607147634,0.0016950920024977995
N1000,5,46,v_b,9,4.560351694251136,"[4.559651774876923,0.0664465947749159,0.036411236354021784,0.01839593688846313,0.012349200902469484,0.006436594866374854,0.005568965098885253,0.005265605812881948,0.0035580609286525343,0.002870882021402895,0.002639931553188883,0.0024295836268289623,0.0022571529110924473,0.002192072945289788,0.002090214170809716,0.0017925537570649198]",34.79086401110359,"[34.79083455136826,0.03717955115396864,0.021406772247476856,0.010554132198934224,0.006931949236712347,0.0035892585281173607,0.003243565141831955,0.0030733557728916125,0.0020436464670852993,0.0016504339259067868,0.0015366249726234602,0.0014145075236869648,0.0013061117110352153,0.001227991905196483,0.0012026275803895079,0.0010373959387230346]",0.0004880397391389124,0.0016787511385231912
N1000,5,46,v_b,10,4.371648295054293,"[4.370344585957538,0.09532259453699116,0.039339686789550805,0.019618284636131775,0.01177785697485057,0.011275688033023359,0.0068449270285619035,0.004283319208492595,0.003258479326475898,0.0028407854447294752,0.0026365769824154275,0.002529458158593932,0.002097677095077346,0.0020777976961622027,0.001815128529330267,0.001738398524923242]",34.30287027510231,"[34.302815305944854,0.05469540911522485,0.022692014396275075,0.01177222431459998,0.006797110959430583,0.0065337957640311285,0.003952266935868652,0.002499945404425509,0.001886666321690619,0.0016233532153802329,0.0015068084041136797,0.001399337282242082,0.00122058786356058,0.0011425702316766504,0.0010621914909406391,0.0009939173465905596]",0.0004875235172221437,0.0016977728605655454
N1000,5,46,v_b,11,4.094014514479539,"[4.084671618514978,0.27097964451684375,0.042841009996022625,0.026920225568082917,0.012678123624610124,0.009646377078777591,0.007938649565608732,0.005873142336015785,0.004705425598231932,0.0038716597037335354,0.0030316856161930546,0.0028044561572650255,0.0022752732264804763,0.0022654598183014098,0.0019419285508288763,0.001739178449535429]",31.77447682873174,"[31.773934670669192,0.18284835938913574,0.025577848720646484,0.014958499072152203,0.007425035439738481,0.0055075171715101776,0.004642920364291071,0.003402936776152445,0.002632748744404697,0.002254563562886786,0.0017170680818133222,0.0016099197306632424,0.0013342518347547953,0.00128426834714312,0.001080182834125447,0.001013185275881855]",0.0004870546981692314,0.0016780158465914078
N1000,5,46,v_b,12,4.499948401488803,"[4.499549193312645,0.049932499212379355,0.02607246657057202,0.013592904483785908,0.009443662209911134,0.007626134190577613,0.0046850892075506285,0.004293345467596885,0.0035127242977567516,0.0027202946619098653,0.002358537697031666,0.0023029715232186676,0.002243177866423549,0.0020439819934663646,0.001999586286623532,0.001827773452059634]",34.893924287585186,"[34.893906750016455,0.02917054508174746,0.0151979812707525,0.008045090723897743,0.005452195841588258,0.004356039854339091,0.0026634379921033815,0.0025322370416957347,0.0019656700998916306,0.001572048664284034,0.001360007142333882,0.0013361253304107073,0.0012658248875978913,0.0011388025423032882,0.0010811970979697015,0.0010199007375797549]",0.00048306473763659596,0.001732391721280668
N1000,5,46,v_b,13,4.592885137655114,"[4.5927309801100344,0.02440785302038199,0.0219457638440684,0.011022114323397452,0.01043496958308478,0.006084117687596929,0.003982133482941439,0.0036472511171171274,0.0031478095081135804,0.0025999186139207923,0.00249922863112534,0.0021856455952815727,0.0020444082287578236,0.001960807050293688,0.0018492472226796287,0.0017276354683930897]",35.63379445499901,"[35.6337876637435,0.014600831510033791,0.0125598829388316,0.0063775125619758835,0.0060032427554140965,0.0035284205967500777,0.002330011048170849,0.002125407963537341,0.0018101599982811548,0.0015165259476123878,0.001455733909268814,0.0012810653093883566,0.0011777415321284827,0.0010852950385760582,0.0010440731610315685,0.0009807746117029017]",0.0004880742635577917,0.0016908287829549735
N1000,5,46,v_b,14,4.587212500801084,"[4.5870748058726205,0.024856325874131415,0.01992952036126996,0.009066346034218945,0.008673624168226606,0.0057431319679237414,0.003461893181812712,0.0030962945795700177,0.0026706880632629652,0.0024634344967091742,0.0024594738364433614,0.002105443564135785,0.001967393555192415,0.0017867170479423013,0.001709872297445667,0.001604610160343375]",35.50662245586477,"[35.50661651203646,0.014428862253593728,0.011430029297204929,0.0052881651078031475,0.005021011494016897,0.0033589408051570542,0.0019285810551229318,0.0017345744768588135,0.0015623727098277094,0.0014470165082903486,0.001410262477298007,0.0011747107250908854,0.0011125175326119278,0.0010437696180855404,0.000999069619855315,0.0009154340081036201]",0.000487583689391613,0.001666127986195287
N1000,5,46,v_b,15,4.18887849836735,"[4.185757925705787,0.1541907623079781,0.03660912829970785,0.024837745356180416,0.013469005504226948,0.008504396840606995,0.007339729576102169,0.0054769654821470734,0.004468178381094757,0.0034433462213932756,0.003022172974780462,0.002545179791399278,0.002413551550150476,0.0021681885977967866,0.0018047124419647551,0.0017043439521855052]",32.78390811143899,"[32.78375734170831,0.0954833977510335,0.020781370280194573,0.014347611801912767,0.007520445523813913,0.005104619532141825,0.00405357789826058,0.003187787661600686,0.0025640964334798337,0.0019853827840475855,0.0017857134582309653,0.001521768002634003,0.0014064728658501069,0.0012858298782195225,0.0010211615559775477,0.0009580155255420289]",0.0004881451459368691,0.0017066751594876919
N1000,5,46,v_b,16,4.418519969084187,"[4.417798147599603,0.07103884482210442,0.029413759232121087,0.011422117960109621,0.011074727350534622,0.00879448167659499,0.006725604819205466,0.00560612207497143,0.0036280395912630468,0.003260092777571354,0.003065496331240819,0.002869920540687405,0.0024990901922122767,0.0021874228463421236,0.0019663450044220825,0.0017653744439101431]",34.57549318286716,"[34.575462580892975,0.04084238334435134,0.0171795376897024,0.006412348771950994,0.006176162901441151,0.005267646739465656,0.0039095326109974265,0.0033303007436077613,0.002072750613610488,0.0018711130803558422,0.0017753334765033882,0.0016605475968047277,0.0014118906642510598,0.0012596067325794037,0.0011161576860676697,0.0009999381684253925]",0.0004876356397289783,0.0016952626704790457
N1000,5,46,v_b,17,4.421660288203438,"[4.42068071294672,0.08860256184180494,0.020767407089753522,0.012188457116221038,0.009356323911325903,0.006059623622016882,0.0053692227563838825,0.0043958176563142215,0.004072266501151659,0.0037336875027999678,0.0028184627068433225,0.002372229887686909,0.0021797134529730425,0.002021964325066995,0.0018315621853341238,0.0016673666961700302]",34.790670379988526,"[34.790626729162206,0.05249908226876558,0.01229171034670424,0.007217775198916804,0.005561303610061751,0.0035841478592649727,0.0030179446978348596,0.0024376404307737236,0.0023603854129174823,0.002074960574012135,0.0016183602193973834,0.0013422032281791912,0.0012374044697525649,0.0011724452810925536,0.0010269812261672327,0.0009288657577370176]",0.0004860656335949898,0.001644517793438863
N1000,5,48,q_b,0,9.40191228259861,"[9.389191402485757,0.46473530848424655,0.11180791834915826,0.0811704791256704,0.03488385814984857,0.02875933086509314,0.02658303547249582,0.021413882545936007,0.015751106392552706,0.014727913312612985,0.009510867476686925,0.008198873610732094,0.006594385692234692,0.0063047740012421236,0.005614614617997288,0.00491642231393174]",40.560803842487566,"[40.559752114573214,0.27871935933243785,0.0644426433043874,0.04674072656187959,0.019528893147296195,0.01655800008200997,0.015173722638353673,0.012530121187978313,0.00913095011835864,0.008367567605508192,0.005592252607539751,0.004666359307302996,0.003853320997250439,0.0035891294818730514,0.0031872922582721476,0.0027575048652136247]",0.00048807408893480897,0.0016764912183133691
N1000,5,48,q_b,1,8.601526422728,"[8.594033424056898,0.3216680350244204,0.13322044067863933,0.06636501001353576,0.03670782538692022,0.026237271176442666,0.020222917485373092,0.018427474283292777,0.013006811735241241,0.008838182568953119,0.007420659838984059,0.00634988759151093,0.005533490641827043,0.005038945483476756,0.004645509474590863,0.004394971677004657]",38.50982071582748,"[38.509266668475625,0.18511927611270193,0.07695981148419571,0.03742973126286514,0.021295637574630422,0.015133024742028307,0.011825710401908272,0.010646439638567587,0.0072476245131275355,0.005176352471101645,0.0042164737561048386,0.003662325247659704,0.0032937990998745197,0.0029890537648246413,0.002665828274072613,0.0024832987721078244]",0.00048594834515824914,0.0016505713488120261
N1000,5,48,q_b,2,8.527599317769786,"[8.466781084518807,0.908394990515659,0.4162494793099911,0.13480794881625732,0.10780590673869402,0.05081390539347475,0.032630411736454805,0.02740968049119829,0.017644004831146025,0.015389479913987751,0.011633938482563699,0.010579540888998743,0.007308712874857702,0.0056437720312872445,0.005251148906777649,0.004631770147176343]",38.37837255067687,"[38.37314124715665,0.5749044882980994,0.24388891485721706,0.07676095535699705,0.06213193370436306,0.029054581333307093,0.01901157363510441,0.015903004237921986,0.009961916345988002,0.008808379505927721,0.006699880137368377,0.005922067235056262,0.004340849983808639,0.0033500974266002796,0.0029525428630965186,0.0026048015217307583]",0.00048819498624652624,0.0016719781691477672
N1000,5,48,q_b,3,8.582262254461886,"[8.553792111588296,0.6038820315275011,0.29163588572882393,0.1586660924324008,0.08345686942695085,0.048837687901217064,0.04378126514429628,0.030930290045396592,0.01671170072079118,0.01241599732665245,0.010515986098712722,0.008114676114217784,0.006601506128575704,0.0057567966109246605,0.005550061639797022,0.004994285266811331]",38.08664975035144,"[38.08435770874857,0.3633608291792727,0.1732726689399961,0.09053240942723219,0.048222635807840815,0.02831184595723169,0.025242428598985168,0.018241966235563498,0.009351371050232066,0.007239877061575738,0.005987395773139091,0.0044451617475246355,0.0038678258386929216,0.003304285519277826,0.003147426814855146,0.00288116681270363]",0.00048768072156235576,0.0016476414664123122
N1000,5,48,q_b,4,9.156912365996659,"[9.136969175518123,0.5920602558868392,0.08294967030269296,0.060043367986039556,0.04235088913460002,0.027420295802384344,0.021186150508124904,0.015421554364035249,0.013092539688944456,0.012061460140851193,0.009927358158526205,0.0070770161448883715,0.006503359688704129,0.005591211141651915,0.005115092178692275,0.004445950431349117]",40.07439056795453,"[40.072701557208276,0.36127743986509775,0.049060702321385485,0.03465098670533209,0.023925342609120843,0.015788388161103055,0.012004224138337566,0.008731629375572855,0.00785957433388097,0.007080866530157819,0.005593519724157752,0.004034289604417446,0.003654592186215391,0.003164020705467436,0.003000652099173067,0.002526745988744975]",0.000488324652906158,0.0016704482347768006
N1000,5,48,q_b,5,9.997475202382983,"[9.994893265097733,0.2064418458574932,0.07388483342731418,0.03368547443563298,0.026007207368071647,0.023222368171970247,0.020958590699394177,0.015872260701032963,0.014163865933896446,0.009435142133129326,0.0072463325787542375,0.006596792595037344,0.006296489179200057,0.00539418092178963,0.004931328111724257,0.004642916126946758]",41.98372084692824,"[41.98352012278179,0.11786035675814859,0.042268870711246395,0.019291983256439688,0.014983062050893014,0.013337449773701522,0.012369838536579768,0.009143071862685313,0.00817280370115888,0.00542516573303038,0.004273840085543699,0.003798897425026121,0.003531475961356719,0.0030201784744575727,0.002809146573399398,0.002637056496027124]",0.0004879584885202348,0.0016653286687333929
N1000,5,48,q_b,6,9.921998755805301,"[9.917707042932838,0.25772893306389255,0.11066760291626386,0.05063497241482471,0.04214602985656265,0.031358208433870154,0.01943996398753102,0.01601632739746731,0.013757934724814043,0.009765345429010084,0.00895197560097798,0.007059547515119918,0.005605787286705417,0.005212478568564054,0.004834899445668981,0.004500021256944558]",41.85029733489372,"[41.84994769391887,0.15224108778866977,0.06322241986064789,0.028651464454252182,0.0233900304079218,0.018367073916084258,0.011177915499077557,0.009431885455668981,0.007798967059368246,0.005712228157194786,0.005119727804205001,0.004093384484789996,0.003304314754656673,0.003021296923244989,0.0028443988058436407,0.0026073548855386347]",0.0004872627687291242,0.0016750405131917211
N1000,5,48,q_b,7,9.648312440140314,"[9.627522594790385,0.5344707398105958,0.319697007910481,0.07657842441256073,0.05969407454019741,0.03942342867331946,0.03029691388157627,0.020262895679944052,0.013359477499982475,0.011729869767932385,0.00910113819684001,0.0067739896315721256,0.006502941366783845,0.005862029862387604,0.004914091238291451,0.004534913019042514]",41.06020867467199,"[41.05847436120453,0.3231157986378896,0.18389371442941352,0.04359554338293053,0.03422924777887702,0.022342400452842404,0.017200235249586505,0.011991489850160894,0.007625965310186162,0.006601600600946267,0.005371142696346939,0.004059771438130461,0.003812722596111005,0.0034044486460584125,0.0028026641028387643,0.0025944848859818016]",0.0004882024659309536,0.0016705838559677923
N1000,5,48,q_b,8,10.217136510861506,"[10.215875220803769,0.14018510953596577,0.04841329439219119,0.038817019122753184,0.03305464049008996,0.019918082697186375,0.01530678125445689,0.012415299195553476,0.011285830681412944,0.008705107946714313,0.006771743830763236,0.006152050169110275,0.005517219755463121,0.005283331719740926,0.0048686516098124,0.004774399469186854]",42.793272297190526,"[42.79316910113568,0.08249020894015106,0.02809494116169362,0.02273756976422415,0.018272767605061958,0.011323944286737674,0.008675920251008142,0.007293017804894517,0.006699862444565217,0.00496280803499918,0.003773948471051897,0.0034960673366013976,0.003145773973005359,0.0030651061119028066,0.002849327305276376,0.002692220584046334]",0.00048820930533111095,0.0016625092867297501
N1000,5,48,q_b,9,10.210219418183062,"[10.20574945526852,0.28116003534951456,0.07759310904676889,0.05270649605845256,0.042254480325233636,0.027429799442359862,0.017177028594066404,0.014028406171433963,0.010183719444555307,0.00804561998848141,0.007502167363037944,0.006593428141792861,0.005994859069293962,0.0055642747825867716,0.004930380445583903,0.004461766873906298]",42.90739611992763,"[42.90704273800353,0.16188590367246627,0.0451836156032379,0.031082801810626753,0.023614505372729855,0.016019346599566303,0.01008021013431616,0.008121182161439306,0.006003969010246422,0.004739402466670759,0.004301200886093654,0.0038104352635875607,0.003548265190170504,0.0031409057648845795,0.002898015857481016,0.0025127996570761574]",0.0004880958003923297,0.0016455515520204665
N1000,5,48,q_b,10,9.968733953114361,"[9.965728006938976,0.21179428335153214,0.09695644862452324,0.05337556522823028,0.03588066086083518,0.024651623885741963,0.0178310405290511,0.013402578004752376,0.012193953563012045,0.008439280430702452,0.007177351054522371,0.006515405981312309,0.006024579948897642,0.0051220468669782365,0.005022514644093888,0.0046111196016735065]",42.47432347656799,"[42.47408336948217,0.12464966997886914,0.054747025020563694,0.03075351069583241,0.020256173884050394,0.014572981801196743,0.009830681636484059,0.007492632924670236,0.006953472754068995,0.004917623907959674,0.004198563133074401,0.0037643877626799883,0.0034900511855781883,0.0029946113195790606,0.002810292093777041,0.002704540296152586]",0.00048777880147099495,0.0016659759425810695
N1000,5,48,q_b,11,9.093621941431602,"[9.067291831484571,0.6707571350920268,0.12786568238004378,0.09117244758116994,0.03502910915013072,0.027813229153332692,0.02335825685306769,0.017278480639402682,0.015499092795939303,0.014332700226495796,0.010207063700175979,0.008692104983791065,0.007274511304241927,0.005473417882456179,0.005111719279855591,0.00474493520635908]",39.962520717972296,"[39.960328753112584,0.40709618766945105,0.07370920097701066,0.05299330467632189,0.020437465370318163,0.0163150622084676,0.013672560127662292,0.009869552410222663,0.00877474665970624,0.00821501189744613,0.005961137269149386,0.005116182873952077,0.00442811058384455,0.0031353472231009996,0.0028954580017892294,0.002683528807911379]",0.000488158537336858,0.0016544115840204994
N1000,5,48,q_b,12,10.117257005881987,"[10.115679048623711,0.14909859224502495,0.07326859166686335,0.045629141265285535,0.03134939340410525,0.021635103901745438,0.01619718321858166,0.012870667091429897,0.010047698407278803,0.008577892943167001,0.007100692200514726,0.006383171806037793,0.0056772482079031706,0.0051676185985151035,0.004697865304770829,0.004521223624509641]",42.70596329999623,"[42.70584035644721,0.08579114469672819,0.04087668366504237,0.026727288976990938,0.018460808669873822,0.012603941913440461,0.00911557129426809,0.007211743105785886,0.005761286651731402,0.004985976091345887,0.004007054031562475,0.0035010161055473716,0.0032408311043335618,0.0030166434081988287,0.0027775848631041112,0.0026477825692043724]",0.00048786312981974334,0.0016571716156882407
N1000,5,48,q_b,13,10.325786172140448,"[10.32521628102784,0.08269245037371005,0.05053371844689215,0.03443936836803093,0.023369527163689015,0.013228790958871554,0.010096919438026649,0.008960890827886779,0.007332342053865309,0.006957399888343431,0.006891749918557309,0.0061038838223578485,0.005553844818626661,0.005098925146491069,0.004943024445081244,0.004412887600669984]",43.266203981085596,"[43.26615756656364,0.04938538005380282,0.02818742467569975,0.019427943177942435,0.013948678559433185,0.0073319921442142125,0.00597307251542828,0.0051038542100984895,0.0043389591630675255,0.004100704808799196,0.0038765191626822714,0.0034935035358566405,0.0030907405429128733,0.002921865082233346,0.0028129541748081375,0.002557123830068154]",0.0004877448664046824,0.0016652732359227764
N1000,5,48,q_b,14,10.241976267524032,"[10.241513796484158,0.07608346988437474,0.045410973691097783,0.025608130120002813,0.01723112434826085,0.013197348680793529,0.011536290043820629,0.009249192117101027,0.008843194481828558,0.006720332053636385,0.005728436269314539,0.005548749760505767,0.005174808182608344,0.00473284458197511,0.004628673380313126,0.004371140246007218]",42.633021073045704,"[42.632984195651254,0.04345520894019053,0.026990761646269436,0.014690761773980482,0.009595628464079676,0.007574307092071018,0.006653285231552205,0.0051554788253667895,0.005127428129181023,0.003820871445933311,0.003314390671132113,0.0031913834077775313,0.0029677380683590764,0.002710381802122079,0.0025826786555362712,0.0025570082909282684]",0.0004880470805801451,0.00165300269609247
N1000,5,48,q_b,15,9.415541000899864,"[9.406889689343252,0.373304821515742,0.12163837887814023,0.0706259490591762,0.04041206088510422,0.029198007966329265,0.019863759511397117,0.015501611589410113,0.014220985374516033,0.010783681525320245,0.008246820089872497,0.007614078286041862,0.006865130158626759,0.006376292017897443,0.00484093301931228,0.004695217360500381]",40.66410066497442,"[40.663420837566846,0.21816655234129734,0.06960573152514053,0.04000545758436763,0.023550695684758434,0.017040432411327727,0.011256248367298969,0.009460548030701448,0.007989023389838378,0.00606644965747666,0.004766424212184538,0.004311980115381609,0.0039481187543114055,0.0036342017383086604,0.0027941110488188415,0.002623347236150945]",0.0004883037181571126,0.0016750949343612297
N1000,5,48,q_b,16,9.851266716644794,"[9.848757382551629,0.19633518229140762,0.08541915826089604,0.03227082280407037,0.02691879286784554,0.02415502377029224,0.020641335046006716,0.01633883639216627,0.01198582363081671,0.011808977628259039,0.009256289329894005,0.008258666468104246,0.006682488264705149,0.00507628799796809,0.0046816746231217584,0.004260518659135282]",41.60290780061689,"[41.60270423387169,0.11519172476805468,0.049320916622940685,0.01893901363627348,0.015905995142709965,0.014465569877058587,0.011908245188214348,0.009575736052404934,0.007126431178092218,0.006697316956223488,0.005402858031158686,0.004659326708501958,0.003746665433090014,0.0028809860656302537,0.002676755837776007,0.0023928678592490997]",0.00048664206406101584,0.0016520941618915895
N1000,5,48,q_b,17,9.788430058994507,"[9.785207518966821,0.23510978405837551,0.06589799431470164,0.035616562312839065,0.02730077970866569,0.02092120995246127,0.019263168775181163,0.012370868234902242,0.011347710814446231,0.010592611202950818,0.008964256848734229,0.007398755880646159,0.006245411247130193,0.0050444375032153675,0.004708860023834426,0.004393050150247466]",41.10310325129052,"[41.10283146488946,0.14024668778524935,0.038619839697898305,0.02073250426020251,0.01629020748219354,0.012470829449815087,0.011031948646867434,0.007280761866524306,0.006537490308582252,0.00612515185852506,0.005120809959116891,0.00407659153424588,0.0033810399628637763,0.0029555466582995983,0.0026884026118464783,0.002428038393051585]",0.0004876559651165735,0.0016676274193019374
N1000,5,48,v_b,0,4.191578546665055,"[4.186412360927886,0.1999514529380502,0.04677217950997261,0.023899745916447227,0.015211348658736443,0.011121540847294257,0.008406975100171118,0.006764876079739203,0.005248699561205951,0.003431924851825517,0.0031176281497827005,0.002482267889380321,0.0023958842708711675,0.0019410659122802974,0.0018434797018896832,0.0017915809282527514]",32.74530109441201,"[32.74503648985539,0.12742030954258554,0.026877618268350324,0.013756296581363382,0.008664329540431103,0.00651084565112453,0.004979737657667428,0.003941120707478045,0.0030318901966243403,0.0019493202642287437,0.0017517898882970031,0.0014563082331075336,0.001419390092645876,0.0011230166753911737,0.0010660706968286767,0.001038416227207831]",0.00048730854177847505,0.0016978327968212564
N1000,5,48,v_b,1,3.9222253486236647,"[3.919897071637671,0.1233710596516501,0.04816462635314357,0.01984976971051844,0.011228122756174677,0.008065063052112208,0.007409452073060906,0.0050310747380188136,0.003724190465272455,0.0032905018411896166,0.0028227722023212937,0.002349765385963306,0.002196179045268764,0.0020567170349307692,0.0017659791176080457,0.001638328720802529]",30.346692877648902,"[30.346585443397952,0.07416140358012285,0.02776247283740077,0.011886965673873082,0.0064790155830100424,0.004821632455021919,0.004211993480788942,0.0028317887737086033,0.002199663930416577,0.0018828344817303285,0.001651139723893677,0.0013476618995930836,0.0012242648823429824,0.0011381386293947005,0.0009946583040856712,0.0009343405263144316]",0.0004864252405241132,0.0017191244144534703
N1000,5,48,v_b,2,3.8623699979597843,"[3.8404217502227973,0.39181299606808345,0.10545244927921223,0.04840540776874979,0.0401722258438356,0.014170579209917999,0.010537767186110599,0.00765144060907676,0.006007654170055515,0.00438634469331547,0.003277181898260297,0.00310651172212361,0.002952421794840897,0.0024297366317139564,0.002118714533434527,0.0017382036361040622]",29.121622981326464,"[29.119726475187974,0.3238294812431582,0.06448276699475704,0.02704019173606331,0.02320070118130117,0.00861232131752808,0.0060565142544921945,0.004291922250082981,0.0034697289719822955,0.0026073705144915456,0.0019038159430910695,0.0018227773317640898,0.0016745786439931187,0.0013297905969213715,0.0012259322690795832,0.0009685830988953104]",0.000487718811200466,0.001631595690652588
N1000,5,48,v_b,3,3.856582189605798,"[3.844280832900144,0.29202622897225206,0.06986677172359472,0.05047743073398134,0.039116700464762136,0.013768938675868618,0.012195415828394472,0.008001547116650107,0.006140567538048706,0.0039741688773671565,0.003056041674361392,0.00291931046488412,0.0023921441069120197,0.0022963606752138227,0.0022091926747030244,0.0016481527791739343]",29.665753991453865,"[29.665000130777702,0.2036518728224073,0.04195475668321509,0.0292186564626912,0.021769457606451447,0.00783913164201568,0.007200743245394875,0.004652986834796367,0.0036066423661095977,0.00230287162072859,0.0017438646396475816,0.0016835930258899572,0.0013786104418393684,0.0012923173404662974,0.0012492091278291217,0.0009620562168992478]",0.0004880881169810891,0.0017037842483328526
N1000,5,48,v_b,4,4.180083372225742,"[4.173119824297175,0.23788451136617222,0.030272661412424757,0.016650685168219232,0.012296543068459552,0.008088117686189285,0.007740160960276071,0.005921315118898498,0.00499262022547084,0.0036928064707369376,0.003360706437891872,0.002853714157722769,0.0023401217837858207,0.0020975858233092566,0.0017547420570589614,0.0016308815000288027]",32.570576835787136,"[32.57019986370695,0.1550446158494419,0.017137396829156777,0.009823535448141555,0.006934420646906965,0.004759351739468535,0.004569927464847314,0.0033041204386440566,0.0029775442735581158,0.0021136638370503344,0.0018740458291437655,0.0016072578201151459,0.00138406597484789,0.0012182227884785905,0.0010089148992458471,0.0009184895370112491]",0.00048580871953163296,0.0016897528957319993
N1000,5,48,v_b,5,4.481129307312518,"[4.480308751554513,0.07853537566335908,0.023873894248700147,0.017129670183500464,0.01182952027054474,0.00911023815942274,0.0052753746154700736,0.004618728669866584,0.003565801623485682,0.0032472059403505756,0.002643724329941119,0.002344526130899649,0.0022136021578558866,0.001966449638610834,0.0018046664998869965,0.00151676359311181]",35.17768731861484,"[35.177651141305226,0.04627010515611112,0.01416580815861018,0.009941837917459877,0.006645834963208982,0.005348487216076231,0.0029661615697527924,0.0025817874028901183,0.0020188646073141777,0.0019050905100789176,0.0015358028350985064,0.001369127342124585,0.001259228515753676,0.0011350731058679497,0.0010256998466187496,0.0008557450697449018]",0.00048609302393742837,0.001666728049886256
N1000,5,48,v_b,6,4.414716297531373,"[4.413004814206984,0.11421916163000173,0.033957549563462745,0.01976227747157849,0.01644089391843182,0.010854748480746064,0.0068856422047782325,0.00527420475705441,0.003936498179588886,0.0029907930763785084,0.0029058616774799402,0.0025320765327380306,0.0022156832530209614,0.0020736567701984095,0.002016228892455231,0.001699752385695073]",34.59003358091376,"[34.589953709477804,0.06945623257576497,0.01966538930525867,0.01169271555787828,0.009918448035397697,0.006026823989705417,0.003933264964853435,0.0030258200452197986,0.0023033283671864612,0.0017287745594040328,0.0016677585249212964,0.0014704556078634521,0.001270255596668286,0.001199237191121555,0.001137698365048054,0.000990681666955888]",0.00048516958486288786,0.001688202182997524
N1000,5,48,v_b,7,4.2797982383547,"[4.27550053578073,0.15815368404796895,0.09993756426739975,0.029099481731168376,0.02554458142069534,0.010643551904487568,0.007049392498404291,0.005919160952330752,0.0049914494226152165,0.0036539053267180058,0.0029859786658144516,0.0026515014335727993,0.002277756599531028,0.0020500655552849784,0.001962513467273849,0.0018026189272173354]",33.401599133802996,"[33.40141226326621,0.09236026986498665,0.05793517593027364,0.016972075549186134,0.014836353737952194,0.006086916456441029,0.004134094238766166,0.0033417655978868186,0.002875739324823902,0.0021165261536221424,0.001693605385997268,0.0014819063802252598,0.0013007133981937171,0.0011632530917079773,0.0011089034179785275,0.0010220218850415708]",0.00048293596046278253,0.0017176403036535534
N1000,5,48,v_b,8,4.60306199640865,"[4.602686279352556,0.04918744918690631,0.024049971846549636,0.013985617079659606,0.01179728149857698,0.006356456571195952,0.005448281873997359,0.0035628634462159807,0.00329630514349927,0.002511985194447568,0.002453418259340339,0.0023735299760250113,0.002289992676694651,0.0019454563804291464,0.0017499978280199266,0.0015731269380970772]",35.64287747595263,"[35.64286104051427,0.028800256322199,0.013851847282985491,0.008022155875543252,0.006568321752949097,0.003631311930580018,0.003253907492206444,0.0020798057698704613,0.0019369152901186433,0.001483683924701263,0.001454603399680663,0.0013399189915174637,0.0013211167072351441,0.0011200481935661301,0.0009875249091992485,0.0009202610958685914]",0.000487644923850894,0.0016666424955389992
N1000,5,48,v_b,9,4.618850471227716,"[4.6181959100953724,0.06321718652755082,0.03833274756508007,0.017657828375673715,0.01079293944994375,0.006625033018277566,0.006281074449676323,0.004602083730327089,0.0032472938515333335,0.003014432239554253,0.002709350500892315,0.0024279266724749927,0.0021728859917257265,0.0021105973738335107,0.00169186723187733,0.0016386444145298376]",35.23024048085029,"[35.23021296971007,0.03526420492238148,0.022507601583046547,0.01008799467341884,0.006057599522198703,0.003683421487948984,0.0036068180272956383,0.0026920938137196065,0.0019263730367060875,0.0017600187996892065,0.0015540338765987175,0.0013820515180593502,0.0012442667378424652,0.0012237858294683259,0.0009590759471064748,0.0009516010504883993]",0.00048764516395749524,0.0016763595193234207
N1000,5,48,v_b,10,4.406390202672592,"[4.405180737523242,0.09189027118384537,0.03873973210648532,0.019218931478217714,0.011136433890738292,0.010671400371296689,0.0066918709549812,0.0036789709950309124,0.0034035205931177218,0.0029827208982952024,0.0025560151523479385,0.0023594564580547294,0.0022186241204804466,0.0019359451998268449,0.0017687705034892288,0.0016545070061517865]",34.58512443560274,"[34.58507356348869,0.05273056030126459,0.022171401407599902,0.011513592397497805,0.006433296554257456,0.006157366546917153,0.003878476906489383,0.002133500607954584,0.0019267414771798842,0.0017139595717210324,0.001443443378227844,0.0013093306301248107,0.00126991417108252,0.0011290049270378548,0.0010150334871753168,0.0009633238104744334]",0.0004878667532466352,0.0016969809264638122
N1000,5,48,v_b,11,4.124926087177591,"[4.11520230044241,0.277119796539929,0.04175119234388651,0.034265451232622354,0.012972816902024254,0.009060477194180388,0.007675050276684713,0.005855478740958785,0.004217057664893067,0.004048976680063682,0.002989507003783463,0.0027274759031839183,0.0026119780789791015,0.002286601335278214,0.0018137363597991519,0.001764180978323795]",32.05058873217099,"[32.05002610148086,0.1869273603504319,0.024923147585557952,0.019091809833588134,0.007522117795774185,0.005262919883984524,0.004321214009715662,0.003437545026118721,0.0024245112654046512,0.002369284244303183,0.0016483186491757897,0.001539984678552114,0.001497448612421894,0.0013142417044146458,0.0010504116318498851,0.0010252900022862995]",0.00048342475201934576,0.0016809015157452209
N1000,5,48,v_b,12,4.555675991059536,"[4.555230419986912,0.05399950638256489,0.026344382070490727,0.01487231422282147,0.008842700863552736,0.007361298101002324,0.005591465723545454,0.004112602724621404,0.003375966578445171,0.0030099908170953303,0.002458181232382492,0.0023983477777261507,0.0023535001942813086,0.001979731527200123,0.0017877154967300345,0.0017120888607098095]",35.29625106217921,"[35.29623152352136,0.03137973600333029,0.015580194864472034,0.008769148746991558,0.005116071752203338,0.0042131898047855,0.003120113453853844,0.0024446416732299206,0.0019124888478333469,0.0017264280743018278,0.0013899078161042906,0.0013603086243827258,0.0013103014150408184,0.0011364513358449104,0.0009956992717139077,0.0009472441679977328]",0.00048725093074608594,0.0017101373640324414
N1000,5,48,v_b,13,4.648830701513822,"[4.648671913541401,0.024935648785477094,0.022559261834588056,0.013050938617868197,0.009168063612859724,0.004861770947225764,0.004001730705350606,0.00339726535628481,0.003025188846056495,0.0026643751675756856,0.002392185735530703,0.0022047253080964484,0.0019881518695235145,0.0018808767378962054,0.0017168153086122653,0.0016674287456460337]",36.06781307705698,"[36.06780611016283,0.014506121451216714,0.013262845670424565,0.00761362317874881,0.005226994838337549,0.0028318529751602704,0.0024025695076163012,0.0019731009365506792,0.0017573860666427652,0.0015487578210272449,0.001417839448546451,0.0012579859511961833,0.0011117318681079507,0.001076783795349874,0.0009624057813957008,0.0009249360198230754]",0.00048739745398052037,0.0016435667287630954
N1000,5,48,v_b,14,4.638770724155058,"[4.638643537434437,0.023819716968189287,0.020116712630769647,0.008810568943179043,0.006988838485560259,0.0049317862340232015,0.0034406975280049344,0.002924693247973647,0.0026354903541777612,0.0024657472095055647,0.0022720389883796707,0.002103433966668215,0.002033254541852712,0.001954418115814363,0.0018434942063821486,0.0016593549497584223]",35.90282471370927,"[35.90281930041339,0.013720192570600134,0.011394539477132393,0.00525397561446816,0.0040154126745689574,0.0028502603008000445,0.0019464578837153693,0.001642316996224915,0.0015778045882016564,0.0014326817987298684,0.0013085226823415063,0.0012037183199108397,0.001177751732952975,0.0011024141612963432,0.0010433253252814356,0.0009455893360384496]",0.00048795907423482276,0.0017043523144703407
N1000,5,48,v_b,15,4.219767426537716,"[4.2167114239331545,0.15205414794754127,0.037075144224375425,0.029969524659716747,0.013680609491190203,0.008086325266145066,0.006660900916494592,0.005317215949422947,0.004149279804389785,0.0034364147162767107,0.0027954981454366306,0.0027234087772282593,0.0024832498105826655,0.002324751675078935,0.0020497549901970884,0.0018657052660577295]",33.0389250809319,"[33.038778048616685,0.09399008147639605,0.021758844923691265,0.01679108246843459,0.0076025299582644255,0.0047185178986216695,0.003901912368086409,0.0030310298781275305,0.002429897858282388,0.0020488253067377014,0.0016505693019374065,0.0015321615546996016,0.0014296657690727082,0.0013355388997975462,0.0011842239160823227,0.00107496962467765]",0.0004868771029578056,0.0017344923758190133
N1000,5,48,v_b,16,4.461586000844504,"[4.460801715496136,0.07309707984747248,0.035715364423177014,0.010706245069284514,0.009203078476706483,0.00780894039770035,0.005406735649517059,0.004730208726842046,0.0040760943429049715,0.0037900832421216024,0.003076520029364626,0.002810898521578088,0.002706441333961625,0.002239986553947978,0.0018208121365677044,0.0017369354824057616]",34.886716976845925,"[34.88668378652484,0.04182010476708331,0.02100339287585707,0.006223332542038295,0.005178368275475234,0.0045708134896107885,0.0030985258612446294,0.002773024478460882,0.002379348447309184,0.0021393389355420472,0.001723909150517807,0.001660627827722225,0.00152396330507679,0.0012872739089836538,0.001039067596414516,0.0009913891994615157]",0.0004876682651229203,0.0017231480458829516
N1000,5,48,v_b,17,4.467386698936608,"[4.466345170137452,0.09195991744591082,0.02163976617396098,0.011444697263092328,0.00982682983464224,0.006769564332780119,0.004914159345859101,0.004427591434882831,0.004133802702799009,0.003838287820023895,0.002780958429331524,0.0025869765190946305,0.0023475134088000956,0.0020588101049372493,0.0019350752753367012,0.0017218970669792494]",35.12632422393893,"[35.126277810797255,0.054476665289368516,0.01278909830565695,0.006748350593997577,0.005831441405421476,0.003985395219120632,0.0026930128665103017,0.002601179374513196,0.0023317457345693867,0.002115398857248715,0.0016030088448385409,0.0014546160720768481,0.001334817147460426,0.0011682394895801424,0.001115913324837586,0.0009689290479206216]",0.0004883204819634557,0.0016639579135229261
N1000,7,46,q_b,0,9.842042952636413,"[9.829510604741019,0.4856723933554108,0.08415571299891896,0.03371497991848966,0.026633732043311018,0.026476053395906817,0.018812567361360413,0.016081424254940198,0.01019989415943034,0.008841060648804057,0.008518751299379651,0.006908061412217204,0.006063073579999565,0.0051813701704797105,0.004843325926369657,0.004666409514061767]",40.847121797802096,"[40.84606715312288,0.28735025970395994,0.049222486227824776,0.019134774218014218,0.015135823877040515,0.014842957467518403,0.01104991149033529,0.009616154207160891,0.005729789236384641,0.0052009283938897165,0.004744029169587963,0.004112839853422605,0.0034163829191603524,0.002981878974426686,0.002735164576373529,0.0026075363359027762]",0.000488142526592128,0.0016654132483728608
N1000,7,46,q_b,1,9.452996011335893,"[9.444822861246971,0.3448575263671769,0.17874478009088068,0.039675427772045455,0.025537409285671855,0.02299784319009679,0.015545575996626421,0.01312810514188355,0.011021012119485543,0.008567175754343063,0.007732861216591099,0.006608047209070516,0.006020847585465163,0.005467079633314358,0.004987305424784857,0.00444443092454518]",40.26552601316879,"[40.26486628260121,0.20246123508806052,0.10457176609749974,0.02328837298232918,0.014608401922516615,0.012958383830331143,0.00906427587195061,0.007839638875501652,0.006340794116724138,0.004967832831954296,0.004536121245612864,0.003691985481663216,0.0035408749697477928,0.003092672166201073,0.0028134465798652125,0.002480097585898361]",0.0004875416634604335,0.001680645243658362
N1000,7,46,q_b,2,9.502711360170537,"[9.489357740465097,0.47554176617746063,0.1447285595251124,0.05219460552231822,0.037776859503292265,0.03350873047800549,0.020943513696084798,0.017977308461243797,0.012875524939054833,0.00949112107564895,0.009018553790834768,0.006505553986596564,0.006350590626494298,0.005160782576324497,0.004906245160484339,0.004468950446600524]",40.91272000349331,"[40.91164639028468,0.28036207835664245,0.08396011631357929,0.030251875385559526,0.022384513231068444,0.019073376949741025,0.01201524938941704,0.010597625451011136,0.007409060025112536,0.0053909423390217735,0.004934189286574113,0.003771841236923063,0.0035927637181650206,0.0029083952508817523,0.0028882178969180283,0.002564077015882622]",0.00048729858826845884,0.0016641131012909071
N1000,7,46,q_b,3,9.465385196807075,"[9.450378385059777,0.5048062048189452,0.1492581779396779,0.04924206995969268,0.03826653540755338,0.0365890267122284,0.025017566208180474,0.018826106974381022,0.014045516806840805,0.010142838206375255,0.008905755905471557,0.007702560826299373,0.0061244738152925055,0.005511386070519343,0.004780180111066417,0.004505299196832218]",40.36581312630239,"[40.36452871550033,0.30672508945574184,0.08587621674888671,0.028696893086475515,0.0218197668782153,0.020485071582280776,0.014735651461459743,0.010872863219880576,0.007988594246005244,0.005982779179790853,0.0051477091150197146,0.004332423552340361,0.0036342699095898933,0.0030746195974397147,0.002719292270005333,0.002524189920227071]",0.0004869462572969496,0.0016717555662803846
N1000,7,46,q_b,4,9.659303555647888,"[9.647595824214475,0.4345267311479593,0.18482651445848944,0.03217692849473588,0.026260343637133646,0.020717040433627786,0.015969689386338297,0.013376113543150872,0.010836307542848742,0.01020540147358483,0.008200656981577667,0.00790294538041872,0.0067919643642172485,0.00558508487186835,0.00518030404526076,0.004703412181782048]",40.28876528433831,"[40.287734820083074,0.2673080833637329,0.10271492352181018,0.018557363159764504,0.015275642431522714,0.012372317415400928,0.00915783154394908,0.007504329210608656,0.0061267224454864605,0.0057864110884385846,0.004691624191707859,0.004511101991544112,0.003924831906748242,0.00338520714943145,0.002987240695065755,0.0026630756770718287]",0.00048803785466589034,0.0016505297875103171
N1000,7,46,q_b,5,10.253890618319778,"[10.252800169782292,0.1345600575676161,0.04183551429542972,0.03497888485260326,0.023219443356451045,0.014099473063080155,0.012600750824276927,0.010395918998880024,0.008235381063345988,0.006804656369368812,0.005944266761239624,0.0057716144488631545,0.0051448177130311735,0.005020400937218785,0.004677292278607019,0.004498463320185337]",41.76173108232005,"[41.761647811876294,0.07458244420094803,0.02366441899632519,0.020154348202067938,0.013302788243661719,0.008342663368096108,0.007269002938542645,0.005980322637155437,0.004626891426779672,0.003961093256751757,0.0034691900872824526,0.003354746046015379,0.002999026201461104,0.002882337595456405,0.0026787751476679495,0.0025005287392421203]",0.0004876009188592434,0.001645930014008974
N1000,7,46,q_b,6,10.15186245400155,"[10.149903685500101,0.17893255128358737,0.06816901674295707,0.03790796347093172,0.025006218548252367,0.020392998229292553,0.015299236006354815,0.0094283988412758,0.0077868955004395226,0.007188852668217954,0.006608390720693525,0.006411450110404717,0.005535157677531671,0.0053287295200293355,0.005007764115622334,0.004497001887611812]",41.095467545726954,"[41.095302623959554,0.105111990805239,0.03846160843914084,0.021719457014010582,0.014676527660094113,0.011335684325392668,0.00889718096003378,0.0055680704428006595,0.0045089620690458975,0.00424118228737613,0.0038459725562220294,0.003672452413711676,0.003224607424606198,0.0030714041066172513,0.002858946663234711,0.0026120722942852516]",0.0004882915964117274,0.0016485976748458733
N1000,7,46,q_b,7,9.99090812789052,"[9.981571220823433,0.32940746709492036,0.24011971051529724,0.13167725881528786,0.033914770783532645,0.026872620504627714,0.019398575102719046,0.013840459261854399,0.012298675010539233,0.01170103533246426,0.008890896489134284,0.007510481363039385,0.00599914695677885,0.005194495462764332,0.004989273301669277,0.004880931647603049]",41.13238728084284,"[41.13161062152294,0.19390820690646024,0.1405923739374291,0.074500198069181,0.01927823315088825,0.015232511498490727,0.011094705827463379,0.00820330153457175,0.007289830332054807,0.006681747155606572,0.00513069852890399,0.004336731262294641,0.0033712747886530023,0.0030617172697831696,0.00295130535848565,0.0027889094569239123]",0.00048799056094139814,0.0016499079376190782
N1000,7,46,q_b,8,10.441214824940353,"[10.44055180677128,0.10291216753529248,0.03728443406456679,0.026852553799746357,0.01642747576198476,0.01564781880183772,0.01361447353051144,0.010135514941944078,0.009837940786561784,0.007848535110090633,0.0064652942765618,0.006057144199503765,0.005557542515211874,0.00508346091796402,0.005040879388085538,0.004590981438868463]",42.248244016620475,"[42.248188621612215,0.05987432036166453,0.021786510229535386,0.015465106055652043,0.009386006675730306,0.009268521856434949,0.007979416447286176,0.005823276405611187,0.005564783644756202,0.004485740543994864,0.003749516845686796,0.003475362700006332,0.003176721935145719,0.0029307106996534138,0.002839000708259865,0.002524737474847353]",0.00048745924141258,0.0016533910732571928
N1000,7,46,q_b,9,10.593794071066979,"[10.5932583474116,0.07497234746262589,0.04914284143508556,0.0407983468739855,0.027223907147291917,0.020126090146582096,0.0119629969155209,0.009130579546859457,0.008265673595636638,0.006985738231042425,0.005841890472536686,0.0057513879585834905,0.0054314667443761035,0.0047832780123620135,0.004623389044446182,0.0043889129775589565]",42.56823205223572,"[42.56818730109179,0.043245029210097714,0.028379116722855376,0.02397967889230426,0.015491850984416232,0.01237493485996203,0.006918649663676864,0.005098370194296995,0.004763668030066403,0.003998231104675643,0.00342773979142632,0.003253505102371978,0.003154902411767623,0.0027510947628678014,0.0026751077521728526,0.0025945278253211067]",0.00048664549831300974,0.0016399583860942553
N1000,7,46,q_b,10,10.273910979705402,"[10.272621550500697,0.139518216913301,0.04883938670970255,0.04813402551771512,0.0369223865951788,0.017164171241392103,0.014325838740804907,0.011896995364081685,0.008162955817438228,0.0077711511548281004,0.006837081289824578,0.006605211205020539,0.005680480862845528,0.005241723063215797,0.00493828694198843,0.004430264871268571]",42.08151031437225,"[42.08140112173292,0.08253358572196437,0.028885666500165108,0.028071647071464183,0.02103005756700531,0.0101410768155887,0.00782524259785076,0.006613761929792478,0.004653215672050299,0.004458878601685767,0.004051959363524884,0.003744647658833973,0.0031746253261355985,0.0029945020123116972,0.00285821827418734,0.002551089502409139]",0.0004883208312094212,0.0016726197888907199
N1000,7,46,q_b,11,9.654756008555847,"[9.636847796047585,0.5700329683539881,0.13160417947127964,0.03433268203543808,0.025996105053494097,0.020718131181491007,0.017755837933251046,0.013945466698762489,0.010734811918456247,0.009821351706178212,0.00710693512809252,0.00699251211025788,0.0067460978492108635,0.005472506761211927,0.0046655476545327795,0.004365064441692593]",40.49761760159646,"[40.49612205861969,0.33821135575189354,0.07529906856397968,0.02002837624855798,0.014638073772393276,0.011716496175528656,0.010529142487200221,0.008000745103053533,0.006257681917837558,0.005748787999210433,0.004135995840413303,0.004036001624632903,0.003933841244196613,0.0032503042247606227,0.0026825763422249657,0.002519683159343302]",0.00048726092791184783,0.0016622875176774913
N1000,7,46,q_b,12,10.394872489534583,"[10.394005380476779,0.11351216671331116,0.04804670675619712,0.03882646225838358,0.02208981951656913,0.01714199491663881,0.011950013528561574,0.010974153978102447,0.007334335835435343,0.0068725362984463955,0.006509851240166384,0.005960294476896384,0.005654126533520473,0.0049332701010414755,0.004783789913595622,0.004697941759369702]",41.99613850364639,"[41.99607010842876,0.06335297119612686,0.027394426237748386,0.0230530394908682,0.012889919895119456,0.010329914279094611,0.00680524809065348,0.006139927026476385,0.004252328417801857,0.003972374975035056,0.0038390836479573385,0.003388200015131249,0.0031332225186017615,0.002892509825309654,0.002681875180481289,0.002616346031151025]",0.00048812547174748033,0.0016649482582435978
N1000,7,46,q_b,13,10.5985353435521,"[10.597797856428977,0.10134214724469852,0.05723202215994037,0.03275021953754742,0.01835107111471196,0.015268442446882918,0.010973899839297759,0.008835645512087759,0.006778929927040353,0.0061613392305317274,0.005838811560145761,0.00553645845354286,0.005255930359249881,0.004950559908772484,0.004811906402556993,0.0046239716217924085]",42.455318592728005,"[42.455257548692856,0.057955789326112866,0.03362241403462527,0.018765552731414278,0.010842169149191614,0.008887498574121537,0.006140463776942356,0.005246312533816891,0.0037887845991360697,0.00357673420091425,0.0033537452597365135,0.0032183003960500217,0.003008519936617748,0.0028302350247789336,0.0027053850431895893,0.0026258556909025325]",0.000488151767058298,0.001654597458060469
N1000,7,46,q_b,14,10.557896427640005,"[10.557568178535199,0.0657533258367818,0.0345249208239211,0.02571745205730345,0.01452908920661015,0.012870488458365387,0.009028112427760714,0.007633005143830298,0.00713840080669654,0.005918721367554224,0.005727450433271479,0.005461431506286532,0.005233680970263673,0.004817721256740099,0.004555731085962252,0.0042173473019940545]",42.126951445996674,"[42.12692489387118,0.03709761426674283,0.019792505382875285,0.014921754903050592,0.008323145268057422,0.007319775121141003,0.0049952707411446634,0.004414666692142437,0.0041934075000738145,0.0033760356116770817,0.003309163584599039,0.003136830600961766,0.003010417187342126,0.0028122491009174902,0.0025654833697091924,0.0024213619601159515]",0.00048801487719174474,0.001647491930827882
N1000,7,46,q_b,15,9.732567262063837,"[9.726375049399161,0.2921014834209727,0.177024665647025,0.04280954172226001,0.027862219224483332,0.018674743755030004,0.01696938146047176,0.012784489560950307,0.010529514720514686,0.010396233456921105,0.007117005083049655,0.0066278931635763505,0.006207028731971757,0.0052919517272471545,0.004901452379544392,0.004438651483793094]",40.09654204353209,"[40.096021622050614,0.17188802552104784,0.10459376005617213,0.02436073007186972,0.01593458260767512,0.010770679929286181,0.009576194934158924,0.0073980091221869885,0.006034792208106643,0.005888793705838139,0.004174297872583411,0.0038664064132432514,0.0035369988312970416,0.002909092852043,0.002761242369803174,0.0025921086009619244]",0.0004881953354924917,0.0016556468545170517
N1000,7,46,q_b,16,10.082298701535152,"[10.080645653580547,0.1466585727520861,0.08781922961392158,0.04266414878400627,0.03292074330033255,0.01932660982941375,0.017308759311259265,0.011163063969061263,0.009970103270824184,0.00949094578293301,0.007419787444409893,0.006985352551978384,0.006086026983490568,0.005590922678017609,0.005093528041870556,0.004478657508668421]",41.1356077846956,"[41.13547289445952,0.08483802597003885,0.04998927973229082,0.024818953659074484,0.01936923406429621,0.011762791453681492,0.009585931714632043,0.006520865584333659,0.0058761846108604555,0.00553070485510355,0.004297034708692659,0.004094364332501963,0.003421851029766764,0.0032062922594691874,0.002905884743523036,0.002538488010275722]",0.00048788540880195796,0.0016612053834730042
N1000,7,46,q_b,17,10.041140741998534,"[10.037960076368908,0.2306019644721269,0.08630368652269069,0.033738606707346026,0.030729562723114775,0.023114799268476007,0.012647924519832533,0.011855565507230712,0.008922073590174363,0.007829013825080774,0.006979630093983549,0.006038844424744992,0.005524588340215816,0.004964844328558101,0.004601553655486978,0.004412567897586848]",41.49904182358805,"[41.49877039871263,0.13793656442749655,0.04957611525982724,0.019536753853606755,0.01693837735627797,0.012837535857071028,0.007344106763228702,0.006903122319384041,0.005280729407382763,0.004514835049972436,0.004046553657973194,0.003492072863963304,0.003179375312352095,0.0028423038156916657,0.002608587654463015,0.0025628634932776872]",0.000487817102111876,0.0016551078458442632
N1000,7,46,v_b,0,3.275359560209677,"[3.271390529078738,0.15818061942308978,0.02246436878632343,0.013038539016087463,0.01062064194121528,0.008469065288157421,0.006815104826825004,0.004436618947073211,0.003181594838033598,0.0026847299150578458,0.0021660324973738574,0.0020891063626454287,0.001946464149693444,0.0017151149030030955,0.0016155387542700773,0.0014546998596555304]",22.006025443599977,"[22.005812628098735,0.09513335980399433,0.012735955927224804,0.007410669588513053,0.0063313802726733225,0.0048465497652210015,0.0040432877800834635,0.002531561943074535,0.001834709483389234,0.0015193443974610265,0.0012633886074226797,0.0012203493210475869,0.0010950156648792044,0.0010161509785562362,0.0009350692888811786,0.0008510500043896598]",0.00045691561535932124,0.001649372388621511
N1000,7,46,v_b,1,3.154087134740143,"[3.1514787656247436,0.1174771508719484,0.04668751503680456,0.01682390179231575,0.008787800335023471,0.0061340185149249965,0.004986493534983967,0.0030084789243415956,0.002916111420143762,0.0026411465702468337,0.0022973760125752185,0.0019141397109001595,0.0017742550555039894,0.0017249954624226655,0.0015372708713682678,0.0013852578302432754]",21.477147967505957,"[21.477013833718832,0.06970402653317763,0.027208401420372747,0.010026788572701483,0.005165360626545271,0.0035444126362522465,0.0029466892407822433,0.0017207299071054978,0.001657676789676097,0.0014970981935013867,0.0013225303324418752,0.0010997703916024286,0.001034896540486087,0.0009305176244737626,0.0008699929569117585,0.000768273893169668]",0.0004834595929423813,0.0015936691094428513
N1000,7,46,v_b,2,3.1770012648693573,"[3.172821711325891,0.1563784208221862,0.03531921320337872,0.02107658156408049,0.013213751922380217,0.009882582515639912,0.006005422388179913,0.0054733364035638695,0.004409453282129305,0.003744728348073871,0.00254477448968371,0.002151047644283459,0.0018443789001859304,0.0017269615325008723,0.001611723643607645,0.0013051394135420102]",21.77330880414462,"[21.773092418569117,0.09337341906034978,0.020514099056105194,0.012196662222301301,0.007935530113097276,0.005645286049009044,0.0034315775889733253,0.003168080651408512,0.0024942160291331283,0.0021539102437480094,0.0014407522820635435,0.00126578696248864,0.0010579817790451705,0.0009841908109205675,0.0008988780198627674,0.0007363119486144205]",0.00048579651047475636,0.0016064762259752501
N1000,7,46,v_b,3,3.1570772425538727,"[3.1525404232696546,0.1609125588619684,0.044939222308784485,0.01532175436454676,0.013901759108878378,0.010976510122954301,0.009787152287668046,0.004560670810274366,0.004097181531992668,0.003304881515777055,0.0025073015700217273,0.0021937503742787243,0.0017547838416690795,0.0015090758103436385,0.0014123024291611064,0.001401242623583457]",21.635843842116397,"[21.635613326465577,0.09520563319444213,0.025824650001817853,0.009089381602833542,0.008210415546375029,0.006243934424518506,0.005602535884179868,0.002778499721630332,0.002335098646748219,0.0018896178636126047,0.001396811715477142,0.0012710172940418962,0.0009713033873322444,0.0008652778256757618,0.0008206120918175271,0.0008028414527544585]",0.0004878667641605716,0.0015874761941797502
N1000,7,46,v_b,4,3.2299082200629647,"[3.22551692294319,0.16010735387926817,0.048658524588428426,0.011895629131560283,0.00796532451934962,0.0071930570167498395,0.005179371418089482,0.004696429758831067,0.003145044659826129,0.0027868611176002324,0.002681912555041429,0.0020749357198991034,0.0019177211990556594,0.0016999954493759322,0.001576015615524133,0.00137509293062076]",21.58740398530126,"[21.5871814338349,0.0932801430828462,0.028179403342314866,0.0067024196598823495,0.00470307390163419,0.004098620920286099,0.0029398614051179177,0.0027585110534117164,0.0018069039144900996,0.0016227484604397137,0.001501120263670917,0.0011706341910569281,0.0011261043969515566,0.0009820592986287328,0.0009060870803808781,0.0007973249899922016]",0.0004867771713179536,0.0016345627993813539
N1000,7,46,v_b,5,3.3920500894668946,"[3.3915205219131255,0.05633606369018502,0.013228649427399574,0.009414771940929656,0.008430614712928962,0.005274221933701732,0.004405944194805082,0.0032486914785053163,0.002459002856380424,0.002263587774454498,0.0018584177099814805,0.001822759894614736,0.0016147834873697308,0.001450345873860456,0.0013897457608181367,0.0012343367319554537]",22.5008364879996,"[22.500808354877684,0.03356562360861396,0.007708622732001052,0.005374230297437845,0.0048799386114927205,0.003016320720867193,0.0024746905213372805,0.0018455557417053421,0.001423231503214838,0.0013014692827991786,0.0010921813180419181,0.001042212382287445,0.0009201266959457016,0.0008354162885188956,0.0007817796671638043,0.0006957626679328692]",0.00048716412857174873,0.0016734853420523877
N1000,7,46,v_b,6,3.3663400697045436,"[3.3653970506943005,0.07483962400840982,0.020514776552463823,0.01176193131121847,0.008594812919747832,0.006287815132551411,0.005597613078276039,0.0031201717525499734,0.0028032466464537947,0.0024040922530686928,0.002276936376185164,0.002041633864772362,0.0018298829382391842,0.0016087042672947084,0.0015463036145913391,0.0014810408916002091]",22.402506087798137,"[22.4024576046615,0.04385942294124846,0.011933041973601522,0.006454301344951412,0.005014038902117331,0.0037581912852393848,0.0032966379033272887,0.0018182656086641476,0.0016350077676509935,0.0013716204154587974,0.0013007480133466261,0.0011782907600174288,0.001051593221864729,0.0009446990730764484,0.0008943882092180978,0.000842055619971187]",0.0004663205472752452,0.0016222475500962175
N1000,7,46,v_b,7,3.34035041296583,"[3.3369192590535586,0.13087215630512117,0.060077659031976816,0.042875721000519465,0.011470761227689686,0.008545189161884374,0.007514068335055339,0.004659570755028342,0.0043490426109324114,0.00314669599336255,0.003047222664563553,0.0018886251714165957,0.0018499331808811976,0.0018207639156538524,0.001572933328638652,0.0013837490071348915]",22.42987648863656,"[22.42970653237807,0.07584490930487352,0.03433064412472994,0.024155713036410547,0.006468749592320191,0.004929305852911972,0.004331489164713908,0.002702646620845266,0.002542233791169235,0.0017802213847724847,0.0017176912719090846,0.0010969214818159097,0.001066203757763675,0.0010375857181300371,0.0009158567702531609,0.0007603537933066328]",0.0004700697027146816,0.0016782861989373399
N1000,7,46,v_b,8,3.451812415372432,"[3.4514945957683802,0.04293623930919159,0.011624044466821483,0.00822823964339114,0.007266185866320793,0.006026926229580714,0.004220909721975398,0.003484897960135786,0.0028718480174000018,0.002156733399430044,0.0020015961194284615,0.0017005761180446818,0.001633075809925579,0.0015059296438829526,0.001439382456876586,0.0013332251568364244]",22.774300027592794,"[22.774284117622337,0.02457576065769737,0.006885101607724238,0.004930634390877212,0.004135570800748031,0.003549381177836761,0.0023912838348498703,0.0020028901829143584,0.00167225144009933,0.0012369194099586434,0.001167092705425747,0.0009809931353785793,0.0009501188223409463,0.0008774501859481189,0.0008149554241216848,0.0007578470857675275]",0.00048556874389760196,0.0016526370674677026
N1000,7,46,v_b,9,3.494839648305535,"[3.4946384159230677,0.0301000660733487,0.0160365200832532,0.011167161401634453,0.006315031379883963,0.005266884414670628,0.0036579163474549817,0.002990998956772774,0.002652390341202742,0.0022469571163429365,0.0021268500267114286,0.0017224461004356063,0.0016551270173297272,0.0015945953567479527,0.0014521357759116863,0.0013071248031586392]",22.8249495807067,"[22.824939773479844,0.0169031062934121,0.009068402238406457,0.006315125166007667,0.003646170940579858,0.003031726477039081,0.002199466359164059,0.0017231718092326793,0.0015618448227646324,0.0012892908546159715,0.0012524124395792893,0.0009950892929691498,0.0009467092706264954,0.0009057033102275869,0.0008412041150082129,0.0006997435205408836]",0.0004755824920721352,0.0016897791861783596
N1000,7,46,v_b,10,3.4000837991501482,"[3.399485770834759,0.05769703116284188,0.019574245912186435,0.012699621528438988,0.008841733017586452,0.006586236193462909,0.004678844888141759,0.0037798113048130473,0.002979657332270745,0.0024572974949749887,0.0022299264989604725,0.002057840331422982,0.001915388130157949,0.0018567778497194333,0.0014963068601046823,0.0013204959911301793]",22.718003998332648,"[22.717974967124885,0.03274824447142321,0.011363936922254438,0.007320616578788065,0.005108922421343416,0.003791360283279283,0.002694415170167556,0.002127922608256699,0.001658686152714935,0.001462988568773511,0.0012876208063477884,0.0011966046370889423,0.0010978856757471315,0.0010607645814741083,0.0008345264419204078,0.0007819826331396832]",0.0004869157855864614,0.0016424158046876396
N1000,7,46,v_b,11,3.217716699754584,"[3.2116695235335055,0.19219568134318793,0.038248494280903995,0.015174525545745884,0.010157644367158644,0.007368454462421961,0.005006668706517929,0.0041178960683915305,0.0037414183626367694,0.0031933763920633474,0.0025368543595397273,0.0023044356812516797,0.0021506698062341047,0.0016317903322315655,0.0015278412631977197,0.0014758120765010015]",21.544997465900714,"[21.544680483331707,0.11418242421945136,0.02159851484445007,0.008437321624721458,0.005943739673349795,0.0042749963982284655,0.002942044511284552,0.002315060389435629,0.0021023496601997255,0.001869138299895479,0.001470343101210307,0.0013349848602141696,0.0012209711417941948,0.000953103618773976,0.0008715262683902658,0.0008552351436093354]",0.00047907879343256354,0.0016536715515948076
N1000,7,46,v_b,12,3.4327090392951427,"[3.432284238702665,0.04955076048361344,0.015064678975430347,0.009782064670728887,0.0072770728216608955,0.005183604354641118,0.004065299908394095,0.0032020360457743575,0.002706638108269735,0.002563900630493486,0.002122932481541803,0.0018981930414124783,0.0017708596940676545,0.0016611777271041313,0.001529915474621581,0.0012211519395721477]",22.50066834528971,"[22.50064669514437,0.028600409229327866,0.008909698435821926,0.005624176401135217,0.004209984288098548,0.0029148657643184805,0.002285462386974016,0.0018074198008419078,0.001624347179724641,0.001439843954964574,0.0012594386342684235,0.001097900036877503,0.0010156994626555587,0.0009393136231980307,0.0008487627971829867,0.0006628903166822688]",0.0004869747790507972,0.0017248411239192342
N1000,7,46,v_b,13,3.5003688727844247,"[3.500011783089441,0.0453063824613492,0.016506492307535547,0.007592441114826956,0.006943456940166762,0.004629827185720497,0.0034940188724873113,0.0027488413103009222,0.0023521432552507477,0.0022365362337734384,0.0021497517851305427,0.0017823707839522344,0.0017202640239214323,0.0015992398907146872,0.001442244418564277,0.0012825616978429535]",22.967703553300012,"[22.967684546994448,0.02683127784237402,0.00964092872258988,0.004561390617375116,0.004132504853435376,0.00263514529286848,0.0019620184706237585,0.0015502524482371301,0.0013399470723915294,0.0013094680042607704,0.0012242970118398937,0.0010262927387892852,0.0010042046711238987,0.0009304759191947477,0.0008086087646568575,0.0007252379084993496]",0.0004867292009294033,0.0016575830824053382
N1000,7,46,v_b,14,3.496496309110972,"[3.496331850991828,0.03049716141713289,0.01055382171633856,0.006165894113615679,0.004620532232559926,0.0034407491036848024,0.0026894890040651325,0.002508788176921424,0.002181683667818236,0.002034223763222135,0.0018084360950859203,0.0017232612625380278,0.0016680811010951393,0.0014526993619313983,0.0013965363524400956,0.0013611183764801612]",22.982176826231946,"[22.982168251565817,0.01789701981227865,0.006130228704910542,0.0035097127917383605,0.002768704380508341,0.001984349722042781,0.0015612173354323752,0.0014567844377832283,0.0012509702450007355,0.0011643773446099257,0.0010528970752975272,0.0009639181127152333,0.0009553318714164618,0.0008422991476377826,0.0007962092681040047,0.0007418297526318265]",0.0004831996629945934,0.001631240757574933
N1000,7,46,v_b,15,3.2496443497461382,"[3.2474130280677733,0.1084419211668871,0.04768445670295183,0.015370726387914813,0.010713365529679395,0.005687151319024955,0.005380919411546295,0.003915826580511487,0.0032245738103255095,0.0024360520914611704,0.002294651274486554,0.002221880165396043,0.0018173867976155357,0.0015614435070860314,0.0013996413267587657,0.0012906527538426896]",21.719098959235794,"[21.718984728109287,0.06345464252906015,0.027804750804246717,0.00921079231714786,0.006354217988783824,0.003293116576951447,0.0030933510651852394,0.002195212077413213,0.001845737016586436,0.0014473431519489133,0.001348007412947557,0.001259025514702287,0.0010257728587209302,0.0008982484324517384,0.0007873583708029973,0.0007452665820093367]",0.00045649620005860925,0.0016384137091162848
N1000,7,46,v_b,16,3.341125356924936,"[3.34035280596535,0.06399665049354111,0.02555111073136397,0.013217714911711032,0.008810433264642268,0.008216337136860118,0.0062112064478558535,0.004317607155297421,0.0030899061394973467,0.0028366313501722376,0.0023551239889545218,0.0018879833340583272,0.0017219853715417152,0.001680931704771306,0.0014970040073690283,0.0012466851694065177]",22.079484522568517,"[22.079445311113357,0.037007818413021816,0.014827980650998234,0.00783379801791641,0.005230445149690791,0.004744560196812648,0.003586784326727255,0.0024798835479898614,0.001765580773201401,0.0016401266835067141,0.001341286774196692,0.0010764882162357335,0.0009770831229281617,0.0009452120292575056,0.0008623702198775456,0.0006925692067746308]",0.00047482678201049566,0.0016575098997682145
N1000,7,46,v_b,17,3.339184460496308,"[3.3378008702504602,0.09071498631000458,0.026304444678620535,0.010742265633444156,0.00766771584050869,0.0074960895938904915,0.006030898894711135,0.004230580626915335,0.002847328131636008,0.0025922438489894306,0.001953129910232114,0.0019420939693915221,0.001751181060420949,0.0016829448984046658,0.001439813216909478,0.0014292382966823777]",22.261774303152333,"[22.261705317202136,0.05228600945744372,0.015207777961287397,0.006246688562230418,0.004585093339456962,0.004206733738217301,0.003458509030984521,0.0024430960358995304,0.0016593098074310277,0.0015167978187870582,0.001150171970984155,0.00109049164128149,0.0009840341784301855,0.0009474921093233558,0.0008109792776457588,0.0007941267486698631]",0.00048689563118387014,0.0016542312063641247
N1000,7,48,q_b,0,9.970651446858895,"[9.953756079968807,0.5355973520823281,0.19474056877000195,0.09064371550997656,0.03561490223404423,0.029240827097439935,0.024368877694550557,0.018699810073977592,0.01360681320912942,0.010570037238171,0.00863122895797483,0.007790514338756767,0.006898435590793728,0.005497021320982781,0.005067262328892648,0.004791970122728979]",41.78890006232149,"[41.787479113129244,0.3190163575064893,0.11437914904308152,0.052305937514865834,0.020325847770408415,0.016366678145081144,0.013679250793598613,0.010591688080882147,0.007916491714404244,0.006160352307686549,0.005086651284791253,0.004475434056100758,0.003913137814622881,0.003117530797545098,0.0028994514545270865,0.0027521830028683567]",0.00048820185475051403,0.0016494931673933964
N1000,7,48,q_b,1,9.615064024798944,"[9.604901931264813,0.3828481348223498,0.18990881187006017,0.08885866293648233,0.04240367649646396,0.031579428517686796,0.03142510707550133,0.018604027319764137,0.015775125433434917,0.01273831419970548,0.009771294748557391,0.0064488955486442425,0.005685510044436127,0.005053884467543239,0.004909358478843129,0.0046952203546741025]",41.4200521714154,"[41.41923234326134,0.22701601815728464,0.11076429584090769,0.04987928840915052,0.025339574515130935,0.01836663192567345,0.01775728459923577,0.01069829601941084,0.00894821118804907,0.00712842814789161,0.005703336614726149,0.003651808919750461,0.0033194590682222394,0.0028901243034443577,0.0028705652941079154,0.002733159793802024]",0.0004877452774962876,0.0016501927564268233
N1000,7,48,q_b,2,9.201046842986173,"[9.109215653880709,1.1612359967770507,0.4493825781007304,0.345125381611337,0.08178808278735825,0.04876829645268295,0.03729380608570643,0.023759484733156963,0.021126752202403357,0.012648304621445429,0.009972201523851707,0.007965896102078231,0.006688780015479277,0.006127998259522991,0.00529038289916272,0.00504271756562871]",39.17205885267762,"[39.1634237007122,0.7498142089228143,0.26766770172911014,0.19641141718338248,0.04743491140091409,0.027883245628269132,0.021619117563179364,0.013798413178690787,0.012719637198324705,0.007023809712012688,0.005659586447166859,0.004585102833120595,0.0038720366236825367,0.003432113757784804,0.003041528547611242,0.0029113736606379273]",0.00048731197603046894,0.0016727693688018568
N1000,7,48,q_b,3,9.647923637768331,"[9.611691445218199,0.6437203802834053,0.47716824315185175,0.20986977089421877,0.0698939975881914,0.06089440938305404,0.04049281483252413,0.02640528307037453,0.016469307287868606,0.013576346054058061,0.011190488376309498,0.007977838813811143,0.006992778671200883,0.005960165555858306,0.005235293707909313,0.004564546411193136]",41.624851043988784,"[41.6218868096947,0.38180979121796166,0.2888525764382474,0.11663132089266219,0.04093248289624224,0.03537966118393627,0.022877434391408727,0.015239350666361258,0.009842161896712226,0.007673367672611594,0.00647996033452524,0.004626338880198041,0.004084812936477445,0.003381993336747566,0.002906781795766709,0.002631472661310517]",0.0004875750746577978,0.0016481804225336255
N1000,7,48,q_b,4,9.497065660173423,"[9.488044329674539,0.38679719644397764,0.1253514644032016,0.06020102006330738,0.028109787797332152,0.02264188684080887,0.01899317534589592,0.015997128420206348,0.011131833692277198,0.008520706063458654,0.007679442194236264,0.00649146406180128,0.0057458448074045945,0.005410827158848861,0.004878285684025879,0.004305992540472294]",40.02665337841047,"[40.025860047371935,0.2368357739192776,0.07394908576293353,0.03415054273305828,0.016654805039689455,0.01306047479546116,0.010960016639620557,0.009107661347364671,0.006308106863898711,0.004971855715535265,0.004330699234550679,0.00369032061726811,0.0032736329528915862,0.003114795426558806,0.0027924958508317886,0.002470084566916088]",0.0004882104694843292,0.0016572674193869087
N1000,7,48,q_b,5,10.39375911844627,"[10.391743943211942,0.16484074261054685,0.09457170153118541,0.05673384810484682,0.03618221788117853,0.019745052636202902,0.01752489915604148,0.013145990686488428,0.00968859275136806,0.009045646602816667,0.006976308373257861,0.006315278953895485,0.0055789658383123,0.005410771511023976,0.00499369377087283,0.00478358723448725]",42.613636241122606,"[42.613480601241214,0.09145418491670046,0.05521737879009632,0.03185640724452433,0.020457805445204272,0.011254829841833782,0.01043371684099134,0.007715255498311969,0.005606567802484093,0.005329218833733923,0.0038752201784321865,0.0035672701458718415,0.0032421797989119613,0.0031089462250703474,0.0028851879394996647,0.0027242781719846133]",0.0004880409687757492,0.0016536493873649696
N1000,7,48,q_b,6,10.229154970084977,"[10.224778620262214,0.23327566878751252,0.16938769385367777,0.05576544091693319,0.0380108837230742,0.03068573196716308,0.017394241376370426,0.012975184811029513,0.011151717644831617,0.008814698924419708,0.008329334302948167,0.00737975336882412,0.005999614137733253,0.005288025359476884,0.004883858071200311,0.004794824111356612]",41.666949137374054,"[41.66658194664761,0.13670773018425625,0.09905724851472213,0.031247003411175617,0.022379969628831358,0.017845001952858906,0.009899844114666751,0.00756454265148999,0.006589989341672332,0.004994828177061146,0.0049195241273031695,0.004192209994136228,0.0034503776891863006,0.003061323820510341,0.002822608956552633,0.002765813319345393]",0.00048776737094158307,0.0016453414424897972
N1000,7,48,q_b,7,9.576140534705251,"[9.445893446813669,1.5100745490841703,0.36253545284116945,0.23734293446294427,0.06768571609921821,0.057071607692254445,0.02322970278333081,0.018204972157750635,0.017119038429268235,0.013687753321670519,0.009731876103340824,0.007765643022536618,0.00730238473253457,0.00549857432107468,0.005129307550459732,0.004571724875628476]",38.81658644974517,"[38.80033417593386,1.0914733353985293,0.22121632440007022,0.13472680964047348,0.0390088346554977,0.03136021747500373,0.01312453117307634,0.010708748093826609,0.00999921679765822,0.007928319306952486,0.005448816965301546,0.004578718271270422,0.004225648650884386,0.003122104308359073,0.003007668186717142,0.002683190187252124]",0.00048794393660500646,0.0016422844467640122
N1000,7,48,q_b,8,10.585431586489001,"[10.584290287384977,0.12220903905148824,0.06992492559218456,0.043432594101363305,0.03353245945980708,0.019985349357369075,0.0159367822745248,0.014229396871218549,0.012638456790677155,0.009071264759737232,0.008080899135664852,0.006850408407755345,0.006534311985604762,0.005341325843077173,0.004867266110293958,0.0045374448632338705]",42.996002488788804,"[42.99590764655497,0.07067009113868773,0.041096985185413444,0.02576663774374043,0.019426531013530896,0.011257415031827998,0.008906613993686082,0.008252007577674697,0.007325238344676592,0.005375521247121064,0.004662472559380054,0.0040735824672916265,0.0036251332487002514,0.003036062198490235,0.002714903748413766,0.0025219665529145727]",0.00048796660848893225,0.0016428472507248825
N1000,7,48,q_b,9,10.471019312754345,"[10.36854342176212,1.4518456161568585,0.11780575743207054,0.08850372080119859,0.0526612284734242,0.04351917173743101,0.022525187433084775,0.016490332109485285,0.014862179542188443,0.009559100292611148,0.008112470903359691,0.007152273804178155,0.00585626103505547,0.0052586933045052015,0.005073180649371552,0.004754751817982263]",41.790493807238846,"[41.77790849235167,1.020849180474776,0.07020448242529974,0.05221509391638248,0.03023136819902532,0.024546399782202157,0.01252623306083737,0.009581487602119132,0.008575268174862205,0.005496378422437157,0.004756333291993953,0.004188517904855425,0.003413424277126067,0.0031060211213372875,0.0029542574235386677,0.0027224720842144124]",0.00048811969463713467,0.0016668614196008998
N1000,7,48,q_b,10,10.377105045206488,"[10.373946722368776,0.2192180403339911,0.09958987951432742,0.06974594285356582,0.030580805744672854,0.02726773478129833,0.018155606426562228,0.015265846758794534,0.011153951688709784,0.011013022237306493,0.007746960619683065,0.006391108224839312,0.0057907015355908,0.005578908949951904,0.004861750669099845,0.004805378102702111]",42.724869602581215,"[42.72460566119407,0.13023601400751952,0.05493744280897862,0.041142404688477574,0.017625757901754573,0.01502793190794588,0.010703719054886799,0.008937332507245073,0.006537224670271222,0.006115252109743291,0.004486435084187957,0.0037030704796896055,0.003372171222935803,0.0032091085655402227,0.002805386545901823,0.0026361815331088466]",0.0004880526685155928,0.0016442991243813933
N1000,7,48,q_b,11,9.63584483339464,"[9.617497425382476,0.572221788923028,0.13988285394444527,0.05088620078763248,0.038481071403782034,0.031231667628089856,0.019606764543719797,0.016146691380290814,0.012439324049190403,0.011601947196652251,0.009217366373438809,0.00695588445027669,0.006523689475139978,0.00586367859102596,0.005593602496545193,0.0047186325041958035]",40.74826433954086,"[40.74674088262126,0.33999701202943755,0.07997892028939665,0.030559729009167803,0.022224070260808207,0.018191500025183473,0.011241340692600164,0.009552341702386216,0.007252814905497405,0.006559400566610877,0.005229118171420783,0.004030141848816475,0.003799687741048718,0.003420012142406932,0.003261719385773794,0.0026821735123474704]",0.00048690149560570717,0.0016589464926587284
N1000,7,48,q_b,12,10.626865865331435,"[10.62505671429606,0.14959081854729436,0.1035349445441092,0.04874914286743039,0.03421214617856204,0.027678475118575224,0.019799194868747493,0.01550568785316207,0.012001113521016966,0.008033618225574047,0.006948734417186976,0.00629126218660929,0.006159764422409669,0.005142325815950173,0.004817974136969891,0.004639821533145835]",43.221938031717954,"[43.221793127012205,0.08528720121805525,0.058983047253187385,0.028157811275254182,0.019819934947409638,0.015646901622522292,0.0113827215334465,0.008948952052362293,0.00681678692325563,0.004547075544763002,0.004039966103639087,0.0037448113088486765,0.0034452652404976503,0.0029529751300955416,0.0028235587855553967,0.002641452998096361]",0.00048823357792571187,0.0016502122422183028
N1000,7,48,q_b,13,10.88330739770538,"[10.882589339224108,0.10004405256412292,0.06251351105691376,0.025541723163201677,0.018304353329905383,0.014533477065020181,0.010902657653877157,0.010218091727437512,0.00830769394129713,0.006450364281947689,0.005902241879290977,0.005859738646809698,0.005465509888444237,0.005401763690387783,0.005177525280275057,0.004985115217821936]",43.62360793719987,"[43.62354824279903,0.058377544674086054,0.0349701188888643,0.015080959360020121,0.01048486705808203,0.008319351997838733,0.006252101262279996,0.005981344613301897,0.004747334757009465,0.003790566872060101,0.003445562316888579,0.0034024521391740996,0.003120178157180369,0.0029985543743214853,0.0029413298875689887,0.002853542465011337]",0.0004881833192484919,0.0016765520974552277
N1000,7,48,q_b,14,10.76774209528941,"[10.766893488738367,0.10363229204659584,0.06477555422728043,0.03423884692917365,0.030708615246836244,0.0221183178595428,0.015983138547049067,0.012316251461382835,0.00870254650637891,0.008405972695588402,0.006502165952269041,0.00603937742543118,0.005801862171970547,0.004987515279474784,0.004717150097388707,0.004613529632744511]",43.07052029777531,"[43.07045108313382,0.058958680826979075,0.03719824298584352,0.019733843354303265,0.017670865505536534,0.012585167953840824,0.009251079007547238,0.007010387549371721,0.004925951517525372,0.004822357992523283,0.0037796290660475386,0.0034961513003638213,0.003398293455187237,0.002805608318858981,0.002685310168236761,0.0026311754254168913]",0.00048816052731126547,0.0016666827881998587
N1000,7,48,q_b,15,9.618223047680354,"[9.610259038401745,0.2842194190607364,0.25513417998909904,0.06086193331165579,0.04418884453341287,0.025887923681076872,0.015914684263630696,0.014034610204531235,0.010818095533873858,0.010143644247985308,0.009949406750589772,0.007246748246253456,0.006162364462634644,0.005601662599831354,0.005092917027146671,0.004207004914733825]",40.05337204483228,"[40.05270476494691,0.16762113097566828,0.15136015833097366,0.03543464250213421,0.026013898688503765,0.014444362278177879,0.008870510614785745,0.0080763740270929,0.006273339820162019,0.005900913634032255,0.005856733937702358,0.004121192296820787,0.003449589557520089,0.003258839196571203,0.002838489094219213,0.002346194070416228]",0.0004880655324086547,0.0016521131540245314
N1000,7,48,q_b,16,10.188339722349934,"[10.184546057888035,0.21477634952919908,0.14105830180071519,0.0729578683723953,0.0590437646575209,0.027861220873026327,0.023923836578440206,0.02177928596614148,0.014748175845223928,0.01240306169434004,0.008185507608668567,0.007590117680565752,0.007332222789674059,0.005871186076983436,0.0048367916301288475,0.0046938726431946355]",41.96662498734836,"[41.96631439434697,0.1259519194963697,0.07981067699436731,0.04262405974594539,0.03417247314873253,0.016369916685179415,0.014231017831603767,0.013189193974228313,0.008155213752296473,0.0073162439042151525,0.0048826660274546695,0.004440160587608015,0.004164033926179136,0.003397441672648074,0.002658967388461188,0.0026061111238095585]",0.00048830610467121,0.0016417394012573647
N1000,7,48,q_b,17,10.122677520371662,"[10.117953386257872,0.27051576874392996,0.11786017829668274,0.0583228345046873,0.054423354628929776,0.02872847410178573,0.02640603387131374,0.013399764642575035,0.011564749640472946,0.010468167829106131,0.008654992292084865,0.006414674417848625,0.006128446839144787,0.00590395565143898,0.00514370205422053,0.005077888629492754]",42.09026679724885,"[42.0898662851044,0.16186961887663998,0.06766446770013611,0.0350476895066555,0.031292287496777225,0.01656272096545898,0.01535773495708815,0.007791588898658028,0.006462085630675481,0.005963751548386648,0.004974051460158071,0.003813608054663716,0.0034795114547297207,0.003333169804515797,0.0029389302118884336,0.0028297533743848174]",0.00048764568055048585,0.001652846803945612
N1000,7,48,v_b,0,3.375442033081997,"[3.3705309930613048,0.1650523797773803,0.06806388488334293,0.02731095761919179,0.015268198879429136,0.011034695340150133,0.007326341387268593,0.0059479295914068205,0.00469522431925947,0.003791370753549777,0.0034545884132286494,0.0023116267799379612,0.0018177539349759281,0.0018079666357268518,0.0016302534257993878,0.0014180773561877848]",22.39383594732003,"[22.3935674251866,0.10017742544699149,0.039735721778960405,0.015618178811275155,0.008883427435155605,0.006150966434146429,0.0042547779394679665,0.003390244730526755,0.002625278569467647,0.002251904036250448,0.0020224928892927183,0.0013257625273062168,0.0010974993757277647,0.0010521796516324866,0.0009501649742993304,0.0008155926889012415]",0.0004852745041716844,0.0016555760673554894
N1000,7,48,v_b,1,3.194698509494329,"[3.1917717284416156,0.11620044746881406,0.06194008503410772,0.030207888327085194,0.013024943208501753,0.011599107378030266,0.006771190741420865,0.00591212942826991,0.004276662592570319,0.0033529901417578027,0.002730750084400126,0.002336106689156456,0.00224392816007648,0.0018651444200493655,0.001525474760764111,0.0013736375452909754]",21.537604580508685,"[21.537455652300814,0.06894021723730406,0.034823068240400545,0.01743488019325389,0.007655022042813145,0.006488803711350813,0.003971977821311227,0.003294003078482249,0.002437473278104134,0.001971995574055847,0.00155575252580702,0.0014007891068787044,0.0013097298886883086,0.0010510882342366183,0.0008880854896783832,0.0007512316511294948]",0.00048217181756626815,0.001642254099615854
N1000,7,48,v_b,2,3.169863196225327,"[3.1515253412767,0.2986495650015815,0.12625611448525825,0.09668421405830956,0.028482541752358995,0.017232889210551813,0.014294208557565666,0.007144656973746531,0.005865508744978539,0.003672431255876936,0.0033740123984720414,0.0024427590070034773,0.0020451142601764314,0.0018148841680285476,0.0014964848609052188,0.0014641687081206997]",21.49020192996591,"[21.488770684371605,0.22731698754583862,0.07542204866788138,0.06074146451570411,0.016109538565604,0.009846788561653289,0.0078844962030051,0.004227839294805393,0.003475641656530358,0.0021385780217638233,0.0018679378056312627,0.0013896081786098505,0.001169510662960059,0.0010217574775394237,0.0008794947878339423,0.0008160863693924953]",0.00046913135156501085,0.0016207212968679023
N1000,7,48,v_b,3,3.205393902266594,"[3.194569497475674,0.21321751136892383,0.14243504904153534,0.050904458902954364,0.01915207378848293,0.016383921478482073,0.013553749659747113,0.006901634265767354,0.005154101129218878,0.0033787822011650042,0.0031651803443431843,0.002775451824938621,0.0021957818622722535,0.0018843915158389686,0.001690062845894183,0.001256014416763752]",21.60742728719013,"[21.60684972765692,0.12810795037192685,0.08567544248197505,0.02988196750573387,0.01109989745546073,0.009670007102830721,0.007658051139352859,0.003981457877473411,0.0029621159175732027,0.0019549244392370073,0.001824539088525925,0.0016133822753437558,0.0012660066696148684,0.0010797390352986801,0.0009529540601282936,0.000733644501786645]",0.0004587134317262098,0.0016402901221252858
N1000,7,48,v_b,4,3.284534196927515,"[3.281285962328296,0.13782557792755032,0.04148465716431525,0.018098982151509797,0.01025477447296188,0.007689502226389919,0.007046052966003888,0.0046859049725281494,0.0038741922528333825,0.0030588985060006316,0.00254341821508828,0.002248630136936584,0.002115189910086728,0.0016940418631769096,0.001397433003050626,0.0013426731361725435]",21.995242346060408,"[21.99507770220459,0.08064746481112597,0.02320641901599211,0.010405920617300944,0.0058553522607635786,0.004275483964993955,0.003973318164584799,0.00278366578022268,0.002267364757750923,0.001709410872404844,0.0015026525286014477,0.0013266493434382226,0.0012337652617941152,0.0009938841432908564,0.0007887872477901764,0.0007662497549830935]",0.000486816163174808,0.0016168277343111194
N1000,7,48,v_b,5,3.4986611644796723,"[3.4977122947600696,0.07060700594085575,0.03284531662408951,0.016994935966900795,0.012878574663884142,0.006110600453736288,0.005326868622656395,0.003812554506324094,0.0033209133331071924,0.0028600958366835363,0.002371987608183409,0.002017772586567678,0.0017807740658122083,0.0017527483377761746,0.001569391845618976,0.0013907259587553234]",22.777904059053938,"[22.777851516309536,0.042974407124984446,0.018736429170457262,0.009951195712094784,0.007609249614536946,0.003419922587326851,0.003074989208893305,0.002207175203338764,0.0018707635617493284,0.0016554071256556474,0.0013441688337356926,0.0011434181300302355,0.0010369094860445023,0.0009807858191058284,0.0009197429412283265,0.0007639207318850924]",0.0004802463372470811,0.0016818904656830827
N1000,7,48,v_b,6,3.4751093960368036,"[3.4731794494706247,0.09901825492807155,0.05504711109484276,0.01492880060170952,0.012098090887424756,0.010626450812765644,0.00621355117882219,0.0039067453562627915,0.0033489423289296606,0.0029163215738690247,0.0022251353155735157,0.002126579656762082,0.0019924092276598767,0.0015876558894130143,0.0013987279436087998,0.0011666294673636317]",22.82840397309943,"[22.828305204928117,0.05754038784160869,0.03173089636478936,0.008423815337237498,0.007149102929301881,0.006179375843389757,0.003614355200051573,0.002367689956743051,0.0018686477728720621,0.0016882467546512191,0.0012568927368377726,0.0012176889559799445,0.0011979078389185278,0.0008918311356427253,0.0007983799991472613,0.0006977037244026485]",0.0004737005801871419,0.0016330764356036385
N1000,7,48,v_b,7,3.3177255662136376,"[3.2878020190166284,0.41848368791667384,0.13918493482441432,0.04619409233591645,0.02405626292863353,0.016638452268929273,0.007631433279855653,0.006714515923987606,0.004888461917945719,0.00403296168624735,0.003245126447390742,0.002154030228714843,0.001913576057785949,0.0017321683915882053,0.001661483171631156,0.0015028439271355996]",21.8804018953989,"[21.877228288187233,0.36192158574083494,0.08243638461546383,0.027270142291621294,0.01413801630272381,0.009377636220916445,0.004250594755428005,0.003940955424441825,0.002769132079259292,0.0022656617906093132,0.0018235888076489407,0.0012578210629984284,0.0010720734736691395,0.0009795096839124307,0.0009536405529127828,0.0008537877392271356]",0.00048708930262364447,0.0016308610386142654
N1000,7,48,v_b,8,3.5642300413497274,"[3.563698019793659,0.051871738599435176,0.023453436505202967,0.014868119932297651,0.01374213754179057,0.0070441458511298115,0.005546429756154838,0.003952421834511409,0.00387849574523763,0.003136134790126743,0.0025011513448830324,0.0019791774085860686,0.0018350626512303697,0.0017164992336816058,0.0014844641489039944,0.0014107276136290062]",22.951601882790534,"[22.951574133818657,0.03007013987438872,0.013604083936110655,0.008469656532829774,0.008073340817823012,0.004085114534307555,0.003215022232695474,0.0022890092498298966,0.0022418592466857366,0.001842847714070238,0.001428188249866505,0.0011295060732711762,0.0011054266919832362,0.0009836241811337714,0.0008471760697167302,0.0008116676787703739]",0.0004876106249867007,0.0016491167797532827
N1000,7,48,v_b,9,3.583168179312173,"[3.560153926523138,0.4014837931878969,0.044056797622365536,0.027605734217880495,0.01513958629863546,0.011657293234827526,0.007110198744530105,0.00649379495526105,0.0037511102615453424,0.0029170214084135895,0.002651689913020635,0.00229984987586168,0.002211923673891118,0.0018835349847280676,0.0016686648616519525,0.0013990369939700371]",22.6622906615836,"[22.659883494823635,0.3286554058502168,0.02577998696048575,0.015904593404044667,0.008676515725384248,0.006554857774596175,0.004147509934990353,0.0038332285933585933,0.002177416224511663,0.0016809380322162614,0.0015551595630653435,0.00132832842283903,0.0012593670228684215,0.0010551439526780405,0.0009322819988111538,0.0007935895539476538]",0.000485187309095636,0.001722048348208653
N1000,7,48,v_b,10,3.51672458165931,"[3.515441719663857,0.0829389120568351,0.038535030944080194,0.019835346997085,0.01096799136433743,0.006771918018128584,0.005809202985200288,0.004561692659062178,0.003635812069962085,0.0027617895675991154,0.0025044349937067356,0.0020659924163338385,0.0019318581584386882,0.0018053926917200758,0.001686918340330803,0.0014526631264288926]",23.09130017695685,"[23.091235042739353,0.04772999335171915,0.022624228605360883,0.0114776627433852,0.006201563300099952,0.00399675426951223,0.003298616788378864,0.0025894197534041753,0.002065062790152368,0.00160477868790842,0.0014439045386127843,0.0011853453348537864,0.0011337429039740513,0.001050192658759773,0.0009686426586264558,0.0008018215337627366]",0.00048184252227656543,0.0016545256532743491
N1000,7,48,v_b,11,3.276214700198683,"[3.270553592638756,0.18565029568208644,0.04374276004867633,0.017698619957034454,0.014132827404660887,0.00741533713144637,0.005848749505399483,0.004810919252884474,0.004627039629191746,0.0033369231165096148,0.0025588644548011404,0.0022441186520000445,0.0019782203496376953,0.0018972549589310421,0.001750064329077675,0.0015735529798305838]",21.833465362481487,"[21.833163471438276,0.11106832592499175,0.024972661231331572,0.010265528901255759,0.00775030547240987,0.004381454759460177,0.0034076747112592462,0.002762892142162736,0.0026202270964793555,0.0019873332126202972,0.0014575665896253147,0.0012983748343052953,0.0011322236841994628,0.0010536608444849053,0.0010090093597219705,0.0009112754517712505]",0.0004853866994380951,0.0016525883125632292
N1000,7,48,v_b,12,3.556025707709019,"[3.5551688640265064,0.06466057359209915,0.03192819249497842,0.024755464728888784,0.012982330978300325,0.005918910852540282,0.00476506701814446,0.004309076661509773,0.0028269998365980323,0.0025799202090250727,0.0024543995515380664,0.002081217495192627,0.0019197090755444803,0.0015533889368768749,0.0014457356706183376,0.0013818525585216704]",22.794430058218442,"[22.79438499143654,0.03757852189027339,0.01851879573541991,0.014413616240969152,0.007392789230186977,0.0034651983838085167,0.002819531218890887,0.002385788669915434,0.0015651561359008358,0.0014710980509077063,0.001448275208434509,0.00121061398197431,0.0011143326122553775,0.0008586975792409413,0.0007963017448452418,0.000777783290352569]",0.000487051293021068,0.001670998552993148
N1000,7,48,v_b,13,3.59441174543009,"[3.5940400648531923,0.044894370520156386,0.021616989348680064,0.007526240352528708,0.00682199477440399,0.005812992183647407,0.00401593389529687,0.0031796392851808027,0.0024672576241608116,0.0019405959025797235,0.001897130852172919,0.0017878426158729932,0.001687771106002679,0.0014796795785442607,0.0014608736268115349,0.0014055721941725967]",22.912258816316385,"[22.91223851399542,0.026558566955534827,0.012670017182992844,0.004359705149303658,0.0040943443438235605,0.003434468357944198,0.002278350283817585,0.0018316005783164885,0.0013646158004379909,0.0011290024021444129,0.0010813792707440434,0.0010152097944931373,0.0009439765577874737,0.0008907330178005461,0.00083110741136877,0.0007955184397853945]",0.00047620854456909,0.0015910946047664105
N1000,7,48,v_b,14,3.5900606663425676,"[3.589671856420272,0.04432853349456718,0.019551865635990245,0.015907565108154893,0.009736627055764977,0.005995392963525162,0.00441562438588307,0.003112046578827703,0.0027123254693119467,0.00230866921443229,0.0021535811618845946,0.0020196370256567726,0.0017916626119731844,0.0016237485133888232,0.0014436336085218672,0.0013938681655489087]",22.880904971059294,"[22.880883833122283,0.026159902239545223,0.011490688284643915,0.009312503313151633,0.005622861405897796,0.0035596945384593266,0.0025469146987275966,0.0018234508514720657,0.0015461977450154931,0.0013196702365207724,0.0012211942266385958,0.0011590731073326686,0.0010296250685164232,0.0009031308888741845,0.0008022898887037173,0.0007902408306342953]",0.0004872279241681099,0.0016869781191223897
N1000,7,48,v_b,15,3.3226409791918408,"[3.3200364700622402,0.10155086464249667,0.07871205770773976,0.020697886580437603,0.013120157183230124,0.009741166660121337,0.005094385661410039,0.004541846420104756,0.004255423857606352,0.0033458193349311925,0.0024871766222384515,0.0021430334874503825,0.0017682853760635313,0.001669811314202401,0.0015846000894221444,0.0014925106759461485]",22.29205729178201,"[22.291926421944893,0.0591060901777899,0.045563392272383214,0.01186233874805464,0.007649575078687532,0.0057246829331416465,0.0029340243927050897,0.0027392880686780622,0.002498455408576875,0.0019285598996117944,0.0014587288674846814,0.0012334468386043425,0.001016918683542072,0.0009366443830887156,0.0008845825477182954,0.0008520485391270744]",0.00048672256525605917,0.0016618804661573782
N1000,7,48,v_b,16,3.4258576324666223,"[3.4244138441161103,0.07576599337927438,0.05405569508487513,0.02436400140611277,0.0211855709387484,0.00782727918300293,0.005894267369501105,0.005796554993367575,0.00413525755484457,0.0038127075460704096,0.002601466312781163,0.002253096226134659,0.0019601536998131623,0.0018569686749231246,0.0017510280583337993,0.0013995415074821577]",22.35118670926149,"[22.351111386626634,0.04384461212329885,0.03203766587433652,0.014354831021283291,0.012275745026760954,0.004550484130198744,0.0034196248418103528,0.003358774358594661,0.002308034327155262,0.0021573868108661636,0.0014895001244375847,0.0012913952231321225,0.0011167516084012172,0.001085865380216961,0.0009771495927335461,0.0008043153203124359]",0.0004801517934538424,0.001647659472346976
N1000,7,48,v_b,17,3.39912698283739,"[3.397407107107827,0.09742779569281138,0.03694403861555112,0.018737353774858894,0.016172202290407348,0.009227591970477308,0.00717551992631818,0.006407758512063928,0.003303206829498493,0.002980636014443308,0.0024471853813034807,0.002213873689779077,0.0019534760896592874,0.001820772434886585,0.0015433314205036356,0.0012781740639237595]",22.254214714660517,"[22.25412588639502,0.05665392378932101,0.021676160439337108,0.01058592374485375,0.00944735361530786,0.005299752623938339,0.004197176584208129,0.003657550681046568,0.0019026221413606737,0.0017210349853378202,0.0013620689386727735,0.0012567112853831767,0.0011420202550152655,0.001042631971968236,0.0008619344900900601,0.0007275681947388799]",0.00048415252240374684,0.0016446936065233966
N1000,12,46,q_b,0,10.695698933521886,"[10.692313305509893,0.21780210907432782,0.13036859895714176,0.06691149706843551,0.044157248189011275,0.02439177494859207,0.020854331349044266,0.012612777555047217,0.011995376642309022,0.007449105025477142,0.006358802762487511,0.005446783728467262,0.005186859360443581,0.004956420098796435,0.0046135431930685354,0.004464707910817875]",45.680919219881346,"[45.68065036025424,0.12975672876802602,0.07118247704608609,0.0389675583766081,0.02501169711403033,0.013760194630965348,0.012299049246272451,0.007554800052481483,0.006753045026785796,0.004260707870577814,0.0037775128859478795,0.0031022804053967654,0.002939002065523576,0.002895636903528138,0.0026127226617151137,0.00253848353232268]",0.00048819524818100035,0.0016429036375212355
N1000,12,46,q_b,1,10.503549011768737,"[10.499861651422764,0.2425161189298311,0.10722089357267824,0.054402202039078265,0.044951305324586,0.02967802388218542,0.02364593592122073,0.01615537467424056,0.014937184981666117,0.0079158147054483,0.006368366331658735,0.005760941451000825,0.005282120941459205,0.004984386013474596,0.004788463086446182,0.004519541698407625]",44.85683324814079,"[44.85654009018709,0.1416496425505273,0.06200962112113527,0.03191348464182742,0.025529758811599447,0.017420314263837253,0.013244090126818755,0.009550940691256067,0.008536005138582803,0.004611518049965088,0.003673749159661883,0.0032948597431270224,0.0030833264771712157,0.0028488524787256657,0.002761382316775923,0.0025123021783460073]",0.00048682838678359985,0.0016585286373545448
N1000,12,46,q_b,2,9.360930371639597,"[9.245368260978251,1.4404527358049888,0.22620576785994528,0.12689772926208606,0.07130688457871669,0.03565297941266412,0.02693976737074009,0.02062804932508876,0.01486413280427189,0.008762092316870014,0.007869005818818012,0.006032388456446115,0.005676681405337538,0.005267530195306353,0.004774290694806163,0.004594242776839023]",38.3837115631139,"[38.36985597273631,1.0193321732234404,0.12822582140657968,0.07261628910875562,0.04200611164660533,0.020429651528106375,0.015126483710178237,0.01162579728643626,0.00857410932029299,0.005070339474560496,0.004583642109753486,0.0035419888882538097,0.003220254293238627,0.0029918920175735376,0.0028933500394233637,0.002569022249557948]",0.00048665323993191123,0.0016804038576198478
N1000,12,46,q_b,3,10.66844172792343,"[10.645659363209118,0.6317167895203447,0.24600527602670982,0.13358461038318495,0.06525926097535742,0.04186164928924497,0.03493542677737701,0.021218886954780115,0.012664485339205143,0.008841074361679762,0.008656788120148983,0.007044112857767546,0.006227193598631453,0.005145910720977305,0.004939858115752687,0.004627162308604555]",45.32252380546213,"[45.320640522921,0.3773635876148348,0.14080050919900203,0.07560476334757578,0.03829140804973926,0.024199165883771242,0.019954786190247386,0.012375034952015276,0.007433487926853489,0.005050637351340293,0.005020967796192447,0.004051953706462199,0.003642003306325516,0.0030264006502978445,0.002751471645691504,0.0026445056665356467]",0.0004881834320258349,0.0016545788982896075
N1000,12,46,q_b,4,10.254247147313428,"[10.251333114821033,0.2280024531656152,0.06639934329713632,0.04022981683745501,0.028900778019924366,0.016859763355653305,0.015672826150460287,0.01097684247787092,0.00896210634940057,0.0059918239394811485,0.005275002130814591,0.005156407177703703,0.004999743159727759,0.00461820626275493,0.004522309433996086,0.004295391212160516]",43.927539376489825,"[43.927305122574126,0.13401217381380898,0.038526837900436324,0.023489990950355203,0.01706400158405414,0.009325078688679473,0.008982407527391625,0.006404705063496881,0.005227756678671789,0.003551618930885289,0.003012820410166378,0.0029386946029909453,0.002878154118290669,0.002646257227735123,0.002536083605211054,0.002401237567178798]",0.00048775580944493413,0.0016586765975080391
N1000,12,46,q_b,5,11.204277255880486,"[11.202959006990937,0.1465660389437695,0.06494888887281855,0.049446459942931155,0.02565531188384358,0.015614655279790333,0.012404868507996067,0.008977289876358879,0.006972684836777647,0.006682266140974542,0.006307072277297968,0.005504376045780792,0.005113742266317029,0.0048990272286228076,0.004776538833414275,0.004538779286406039]",48.45259360638067,"[48.45249239029301,0.08466224580421722,0.03734618145366431,0.028054083043988674,0.014507605130581552,0.009385391585008595,0.006927299344476666,0.005235780675926498,0.0040346850662864,0.003931926045752502,0.0036662334104987956,0.003126717047748489,0.0029212410986417478,0.002802775803618773,0.0026422104499290687,0.0025700352305635115]",0.00048789432912599295,0.001637326588375075
N1000,12,46,q_b,6,10.778861880742824,"[10.77556120478835,0.25136055696084364,0.06490050019097637,0.045471132244002455,0.027409826274893554,0.01906240174333373,0.014005980408412529,0.009396791481385216,0.008789031719048853,0.006754724312322183,0.005979614547630582,0.005493549265346951,0.005184473052524902,0.005004706204325378,0.004719049176967012,0.0044936806633007545]",45.84129461861856,"[45.84102867948076,0.1473356987494607,0.03737916114856416,0.026888543164444577,0.015758563353161916,0.010778281784563514,0.00803300157048987,0.0055184214286218385,0.005072735333734297,0.0038845692599811465,0.0034165358055998833,0.0032194186238922486,0.00305629184008415,0.0028463432826438817,0.002678735017444796,0.002636393422956001]",0.000487531564431265,0.0016368658008644363
N1000,12,46,q_b,7,9.919517153319072,"[9.8280925044467,1.3336118936569503,0.13414892819579535,0.06980889404317565,0.04004186644200425,0.03081941568232088,0.02843246045272262,0.015174112066602585,0.013320342764634533,0.0089486999170109,0.007099674334843938,0.0057531606456921935,0.0053726646828473595,0.004850690393992247,0.004740354969257147,0.004544544480248114]",40.80036376797457,"[40.789722298791716,0.9268289771581346,0.07914413590387953,0.040285232024473636,0.023674870042527017,0.017495957404888244,0.015978529046676456,0.008704413433769228,0.007463479146832605,0.005086381594476708,0.004158698939513348,0.0034099652783437023,0.00309801005142253,0.00284489937240553,0.0027055731348028496,0.0025578417149475165]",0.0004880317428614944,0.001643264916522094
N1000,12,46,q_b,8,11.036588529896697,"[11.035374339457134,0.13878469334520346,0.05967495921702861,0.042585873191857214,0.0321175560848401,0.02204222560811651,0.014066432948653902,0.013008864197223843,0.008246618980561874,0.006795662220501154,0.005909618640282906,0.005594072278370399,0.005452394384522307,0.00505765632950354,0.004871864913709623,0.004447143979577305]",47.45204495938247,"[47.4519523940396,0.07906997385773995,0.03426500834135757,0.024660200572567653,0.019001135253004297,0.013111370112346015,0.008357252161783867,0.007591322200158959,0.004555574057855488,0.0040508523712745655,0.0033811811719849432,0.003229158628224609,0.0031474105567076234,0.0028306829724813686,0.0027339949634371677,0.0023884717224582357]",0.000487128971144557,0.0016344099237473428
N1000,12,46,q_b,9,9.742695886022004,"[9.647641379237896,1.3444145605259588,0.15575250502777563,0.09400107993378311,0.031001578547586083,0.02552228725667559,0.02113285388936334,0.015248389879733076,0.009691535431949675,0.006796605306187648,0.006310771331893517,0.00563426080861862,0.005304665923380107,0.0048237123478904595,0.004764548058756419,0.003999220270176827]",39.90625793554746,"[39.89532826061621,0.927680354362908,0.08836887302833281,0.05406419549272521,0.018323525421560693,0.014908891754144078,0.011868129093169656,0.009089307300949473,0.005571530931687533,0.0038689832595173346,0.003687893988956461,0.0032907995451722117,0.0031322509847802014,0.0028681428604385184,0.002687498354715543,0.0023164337808188407]",0.0004881668573943898,0.0016453465689297828
N1000,12,46,q_b,10,10.73439050564328,"[10.732888545752571,0.16637431177507495,0.04663493182553733,0.030327068212131745,0.02417704831343695,0.01872426625344727,0.013206516534075716,0.009274959460677645,0.008903842482592829,0.006544341527701313,0.005494603917254962,0.005381953898139343,0.0051398136684161514,0.004777414785276127,0.004673025791907153,0.004486236631731492]",46.10873516767522,"[46.10862408216121,0.09308902931236315,0.02789932628389255,0.017301032901885272,0.01432847413749965,0.010907196928117696,0.0076152724827235705,0.005542563116826015,0.005069216024483871,0.003689786252980477,0.0030814955574442874,0.003056227600928373,0.002936151365434172,0.0027270195200977286,0.002651062420726134,0.002555261900166436]",0.0004881683271378279,0.0016391470678966205
N1000,12,46,q_b,11,10.08885891204262,"[10.084419643468781,0.27241830526981453,0.096445173099712,0.06106746016128387,0.031684405287005266,0.025305777145173448,0.014369333892494864,0.012197137248228124,0.010928941302338489,0.006640825930554918,0.005641020682460308,0.005422354257856215,0.005004825809562191,0.004633849132394165,0.004551797232703528,0.004519457797704809]",43.104985578197216,"[43.1046251435798,0.1615513800346195,0.054447762957907105,0.03527421704849182,0.017883285396185323,0.014721472774222455,0.00832828077240531,0.007306573571422663,0.006426698152353404,0.003893447616222229,0.0033422189858551814,0.0030776349326445034,0.0029479469419662397,0.0027125487988684336,0.0025582448041060976,0.002504770640290797]",0.00048812855675350875,0.0016595861072105562
N1000,12,46,q_b,12,11.194956022259955,"[11.193639851474988,0.1552595713851053,0.05173755389619697,0.041252491675684975,0.021911027619685046,0.011117526425156675,0.009981541821765187,0.006869696700877643,0.006454576119466005,0.005807638363002323,0.005682041607651889,0.005361453927586127,0.005163623404880209,0.004980884359170838,0.004770615238138182,0.004687251265104835]",48.334611573434955,"[48.33451130875009,0.08918123840135862,0.029720249503610317,0.023091242224976917,0.01251715031981754,0.006389281553385016,0.005615887869908117,0.004073106427706546,0.0036851368683989316,0.0034756248384204664,0.0032436926169651884,0.0031000958787308153,0.0029236165897234033,0.002862895577874129,0.0027643360166108018,0.002626632923902657]",0.00048781798977870494,0.0016382640900763222
N1000,12,46,q_b,13,11.717485980380317,"[11.717054438803727,0.08001700980696355,0.04405386184237839,0.03084813990890491,0.017501286847163285,0.012826045606190007,0.008033390846783938,0.0073954477569053035,0.00619554377104316,0.005581231203141141,0.005496714595947747,0.0054662651437731,0.005206629034037217,0.0050396590878336945,0.00495366436523684,0.004604444357422692]",50.9326705809164,"[50.932638214881116,0.04522582434652853,0.025795266748330922,0.01768055049594457,0.010132039659490534,0.0074351642213482255,0.004794727947404139,0.004244871791506965,0.003601924946313486,0.0032423569921622136,0.0031408498217223653,0.003075612810209099,0.0029778039701907387,0.0028844178160079338,0.002752667656087847,0.0026607623191665184]",0.00048824086894683205,0.001632168166657536
N1000,12,46,q_b,14,11.435009542813214,"[11.43424755360091,0.11897540509573071,0.035077608930081286,0.029528085936027026,0.02399673755991996,0.013993936313434489,0.009240360345484073,0.008385820943705637,0.007391367824059803,0.006155561841011282,0.005404942095441058,0.005171983485126676,0.005073970591977249,0.005001302938046168,0.004613854257993107,0.0045521230962203355]",49.44495707748779,"[49.444895945109906,0.07050194040953002,0.020166843570578415,0.016910397225636285,0.01382037142014196,0.007829732313838931,0.0053142371933124315,0.004813017356817469,0.00417993053091866,0.003495194825115273,0.003140315540457285,0.0029343314640764896,0.0028932581536412275,0.0028208283392199486,0.0026757347226707183,0.0026122518585861643]",0.0004881369532085955,0.0016373316469682246
N1000,12,46,q_b,15,10.199119656320164,"[10.195857152568957,0.2386639347675291,0.07957023412051278,0.039175207399336755,0.027981591223458085,0.02163623290912317,0.012183220147656274,0.010075280513175768,0.006369647113358072,0.006149441107424662,0.005200862828480673,0.004935650831231969,0.00476425312255141,0.00466571442969507,0.0043831822447399004,0.004192906118711216]",43.635360933169295,"[43.63510010202036,0.13978255930717431,0.04623352961901979,0.0224456686692508,0.016596846706469853,0.012537773251016458,0.006938462822285507,0.005730384760091403,0.0036116292647185144,0.003549423920110365,0.0030212211910810903,0.0028495593036171347,0.002656584498601701,0.002617609245646986,0.0024498572391503017,0.0024313812651339676]",0.0004881234599452,0.0016777602075164287
N1000,12,46,q_b,16,11.286190289679434,"[11.284530228383893,0.15931057343066066,0.08394800113168334,0.0507440002977076,0.030507358543758696,0.027119508152500155,0.017949347375613527,0.010664599524737962,0.009522660876998008,0.00897053785513993,0.00678980710465388,0.006278858195486935,0.005878410554974522,0.005264629822273529,0.004932883510126308,0.004619343845872541]",48.771364218405346,"[48.77123376171313,0.09254424016150001,0.04921867839037427,0.029917875125631467,0.018052322105828515,0.015961356054273776,0.010264649758986086,0.006122032107089888,0.005368673023488828,0.005094166586274045,0.003965682013034586,0.0036330260447669255,0.0034927491101973216,0.0030360333427955893,0.0027920728532749867,0.0025857393694480595]",0.00048798322677612305,0.001645749238152876
N1000,12,46,q_b,17,11.094069140105235,"[11.090583311760534,0.22469550228037102,0.12491626282442209,0.08925463873507679,0.045530002220265715,0.02433156302050194,0.015154700621517032,0.009649063348900104,0.007822794551694792,0.007658986903153016,0.006064467596610134,0.005665105774765028,0.005451779509354243,0.004946903690545996,0.004729239410620524,0.004505114050512403]",47.60363463898528,"[47.603350440077584,0.13559604570649497,0.06824162179909093,0.05361436596092566,0.027318090185117803,0.013963687857443726,0.008735082488816893,0.005361554864208632,0.004529685494425616,0.004273891542017315,0.003445107117808171,0.003276269214667111,0.003151231076576581,0.00290875465351996,0.0027142241718093154,0.0025610109376028056]",0.0004869601980317384,0.0016345926121616203
N1000,12,46,v_b,0,3.2764757451749853,"[3.2754589499442504,0.06481457201074013,0.04160160945727849,0.018940472259085173,0.015532865882421133,0.00705097685115463,0.005637903267965427,0.004408081933334475,0.0033564102508271275,0.0022720362185850297,0.0017303551141128058,0.0015958052589474202,0.0014323039280177865,0.0014088466897581365,0.0013733522019735963,0.0012319367873609823]",23.000520524526266,"[23.000471922591483,0.03714280737969501,0.024581829315768543,0.011033271672275911,0.009280554017773892,0.004120199084951982,0.0032581260221133234,0.0025688306687817065,0.0019421660381556706,0.001325264969948085,0.001034762263155853,0.0009097902050028622,0.0008146469278409895,0.0008052578503835754,0.0007623616570957712,0.0007145673182235255]",0.0004843804854317568,0.0016722760419570484
N1000,12,46,v_b,1,3.2211372391025104,"[3.220007021859734,0.07430225295784318,0.03142617341512708,0.018255013574350873,0.015033014670728418,0.009813920477233362,0.006758013776415767,0.005331792260554493,0.004561428675973959,0.00229330209865491,0.0019710886270580593,0.0018767310243436631,0.0017170783299467183,0.0014769278883327555,0.0013955931475715905,0.0011241717301675976]",22.405863604816272,"[22.405811294431043,0.041965151789507826,0.01790790056698941,0.010895869791060619,0.008590762507295506,0.005587897560984408,0.003943855414619327,0.003019575530569919,0.0026463332678385324,0.0013319368497845443,0.00112486038050139,0.001033179448075416,0.0010218860207120996,0.0008580971124545743,0.0007812059580334876,0.0006562988899940817]",0.00048214904381893575,0.001676441526361046
N1000,12,46,v_b,2,3.053849625748983,"[3.0410996922380167,0.26269533774934617,0.07898881668939146,0.040444427160622375,0.02413413443250046,0.010268785712238746,0.007103335879861909,0.005977915647524167,0.004898216883388266,0.0033963987055389724,0.0023603565367532066,0.0018056323001571812,0.001562646636826271,0.0014836440466825754,0.0012919224500687538,0.001266569762608865]",21.094491155660695,"[21.093364999387315,0.2111234250321216,0.0460473763660721,0.023040593620454564,0.01427938745596353,0.006012712857489771,0.0041818536688412525,0.003301685768825494,0.002815222682473832,0.0019615757182140582,0.001377245544878869,0.0010619366690177287,0.000882189903431084,0.0008717491943210262,0.000734052734002314,0.0006862827179023543]",0.0004857152816839516,0.0015942293417257687
N1000,12,46,v_b,3,3.2182999687268268,"[3.2134368168535037,0.14653209941639597,0.0833913726563127,0.04341732943001138,0.023090231052190567,0.01577871551046235,0.008852115937748258,0.007677736447358639,0.0043375048335691875,0.0032670142413019914,0.002433699802364969,0.00188677489894223,0.0017895131198690784,0.0016483567469628,0.0013392572597657646,0.001246471583262829]",22.035043011918823,"[22.03477015935465,0.09352524438185866,0.04809448808158508,0.025498185955536178,0.013123326421284233,0.009030406747045147,0.005092138930217076,0.004316463403797507,0.002475444862292744,0.0018867604254716372,0.0013797246005621212,0.001130086513934764,0.001079214764262922,0.0009343036808166137,0.0007785569925020427,0.000713466769320082]",0.0004832417471334338,0.001649935154321686
N1000,12,46,v_b,4,3.2122229834136506,"[3.211533196060079,0.060952040252965,0.017370115729168217,0.015382466053872052,0.009353054999899947,0.0063215322145438475,0.003812921370386321,0.0035396098308026593,0.0023065948677968486,0.0019244020182194528,0.0018595658037627678,0.001686729061059573,0.0015615642657423017,0.0014741146358364327,0.0012652789422835495,0.0012188505046075212]",22.537319861459093,"[22.537287982304697,0.034561669814336636,0.010118810231322337,0.00908288240426035,0.005248072468535301,0.0036815756202046527,0.002145091607427195,0.002059331290257261,0.0013316700237133077,0.0011129011076929627,0.0010536248708354643,0.0009745602727980409,0.0008924602542135421,0.0008424882673175698,0.0007175944346188823,0.0007146759916128591]",0.00046342983841896057,0.001656013714238033
N1000,12,46,v_b,5,3.360373785008803,"[3.359836400892532,0.05332849137885317,0.02205038604830424,0.011613871722038082,0.008202570418461088,0.0058502214978613815,0.003934602272964687,0.0027052224731511404,0.0020436228248827608,0.0019376670905074682,0.001861438747202852,0.0017311545127112638,0.0015494613625032703,0.0014048124323457333,0.0012826218412461876,0.0012593076478940243]",23.54532674349936,"[23.54530000886226,0.03175636353959961,0.012419628610497507,0.006911925715283897,0.004742725392735435,0.0033626195621264086,0.002222343907172846,0.0015775458209169471,0.0011694817579849881,0.0011364549342395597,0.0010783982965469861,0.0009855836425559255,0.0008683214884043633,0.000838813707340709,0.0007169315275484452,0.0006848835438707063]",0.00048665679059922695,0.0016762757820474015
N1000,12,46,v_b,6,3.3046100823841993,"[3.3036151920069163,0.07592938118171914,0.019805794966060837,0.01583411179131597,0.00971033225542267,0.004686966403360586,0.0037203181356643246,0.003412034846349024,0.0022851003102256746,0.002170794072881517,0.001868961375556753,0.0017100737484936183,0.001592577276437071,0.0015044456325372531,0.0013042972619122782,0.0012676728031054036]",23.32699233321317,"[23.3269464933746,0.04313161501754149,0.011796615061606303,0.009102217562732466,0.005673669323953668,0.002698476505251806,0.002172469930287643,0.001970611236989525,0.001328906022075284,0.0012525630020852254,0.0010789017581386204,0.0009794617941302221,0.0009142842241433856,0.0008740102622897842,0.0007884704584059161,0.000712257590681277]",0.0004811787512153387,0.0017228870934919143
N1000,12,46,v_b,7,3.1629926463398106,"[3.1525163316630764,0.24914687135166613,0.05578899060514962,0.021603714429721445,0.015727104945729833,0.011827437314700515,0.006732359169472805,0.006547738574670836,0.0036435194068217785,0.002494066084491742,0.0019162517985628624,0.0017509485036991664,0.0016990488502586615,0.001508482813159909,0.0012875837259092135,0.0012176613084179397]",22.000085054976633,"[21.999186696162027,0.19533766755870238,0.032363763833247204,0.012341014533424339,0.00914117133797077,0.006893667714756395,0.003773120062793768,0.0037556727674666036,0.0020747854735685086,0.0013972540187049635,0.0011115865843177456,0.0010358909230005955,0.0009630174526662257,0.0008508149476936881,0.0007186820508556529,0.0006757775894856923]",0.00046675483463332057,0.001662113011063547
N1000,12,46,v_b,8,3.351432220734649,"[3.3510548082558773,0.03971962906321425,0.024378249790261094,0.013108812315362326,0.0088461106927899,0.00647926583317387,0.005608563243421635,0.003021754231344885,0.0026791260506898278,0.0021081737136515407,0.0017371841193195192,0.0016281501799754144,0.001499684286765014,0.001457207860691265,0.0013139069124346048,0.0012657383229552912]",23.537984314388375,"[23.53796613236997,0.022938554595242317,0.014431827967308285,0.007724983200655387,0.005118199995091657,0.003666260352349204,0.0032683239822848633,0.0017558473676706817,0.001582784596045333,0.0012319766632958677,0.0009560129573873418,0.0009517004228527162,0.000854597164291059,0.0008483380448930085,0.00076622974627344,0.000723407917403759]",0.0004818177840206772,0.0016841938413404462
N1000,12,46,v_b,9,3.201851859762914,"[3.1922167005925464,0.23926635225513748,0.053238825120765276,0.03610148444265572,0.008376080634264408,0.007389114644594635,0.006587347896747447,0.004792970652793107,0.003454232803629671,0.0020306641792004073,0.0018587231471729007,0.0017422685989146535,0.0016057688374301717,0.0015635472079535118,0.0013729306173233416,0.0011018519801958117]",22.484499873549595,"[22.48368556085901,0.18737219378076825,0.03169597176690353,0.020792398641116164,0.004778867304405947,0.0042716295804327556,0.0037464311436833492,0.0027519218587196974,0.0019964709762197146,0.0012003700434029423,0.001077236928054239,0.001003538595848695,0.0009102988247520183,0.0008557096985075736,0.0007834422163896529,0.0006359333559433098]",0.00048725309898145497,0.0016481988302544661
N1000,12,46,v_b,10,3.297217385289079,"[3.2967521709390257,0.04984677242159317,0.018170047911814303,0.011219634303258362,0.006849247996447197,0.0051326103736745845,0.004270805216240074,0.003015401382684249,0.0027224153371498854,0.0020779785218964513,0.0018447681926951633,0.0017228717556292716,0.0016892794234163902,0.0014112441097987878,0.001343867123732151,0.0012398164852373526]",23.34015946974202,"[23.34013674294741,0.029475525979707998,0.010557129679307043,0.006259076576995932,0.00387950718451648,0.0028950690641422394,0.002526846993071889,0.0016839695106469512,0.0016086493980923427,0.0011655657841286103,0.0010578317075035173,0.0010271855074367431,0.0009626589763402902,0.0008135610217641742,0.0007730221002147095,0.0007060910309331739]",0.0004869491094723344,0.0017004956206534408
N1000,12,46,v_b,11,3.1902900755454957,"[3.1891596241635733,0.07368551401366157,0.03323831682777821,0.021857680517332785,0.010338598985647072,0.006855098261120812,0.0034209075904132642,0.0031885604034864647,0.002508607166166475,0.0020842578967993635,0.0018076884236698748,0.0016490550379643855,0.0014711203226450435,0.001410010311375223,0.0012853193903322726,0.0011754114748120153]",22.386506632996884,"[22.386453652917165,0.042171553995756034,0.01894182684708865,0.013000722082301849,0.005854677869052236,0.00402742674638529,0.002024072146675598,0.001851837289235203,0.0014523448306386208,0.0011918219254441152,0.0010068783512389452,0.0009434015149671098,0.0008457832594257615,0.0008142365041173619,0.0007423894384637177,0.0006609414584691143]",0.0004701891703007277,0.001609423787880004
N1000,12,46,v_b,12,3.3736118297264985,"[3.37321121607333,0.046586174527788,0.017460020062178023,0.01161012360122682,0.00676410153092866,0.003525991197609311,0.003082166416075159,0.0021412303817029098,0.001921094255840478,0.0018778540023836434,0.0018574141965260462,0.0016336340974622383,0.0015855286087710376,0.0013356652241393785,0.0012890721663098904,0.0011768189482708918]",23.722570841424876,"[23.722551854385657,0.026868372811417025,0.010170683635297828,0.006708813375187362,0.003899213508456938,0.002021837416603059,0.0017279636511813338,0.0012261043514113453,0.0011018264407812724,0.0010505006418165535,0.001039136541254739,0.0009597676788983143,0.0008857012711877237,0.0007788180310775793,0.0007577966278190983,0.0006459646036572028]",0.00048359562060795724,0.0016676687518468489
N1000,12,46,v_b,13,3.452985172599777,"[3.4528415874849077,0.02574769902009521,0.012325977265211164,0.009087065881073837,0.006662322570261994,0.004095260716651085,0.0028078977828890294,0.002218215644049053,0.0019579032383426837,0.001849107628351023,0.001659788810254795,0.0015838269378839695,0.0014768074283767506,0.0014326317661536602,0.0013561514658830755,0.0012547658821508239]",24.274992142766326,"[24.274985284738655,0.014887958787331596,0.007191746296199571,0.005288947045048218,0.0039013093934049323,0.0023071047048077195,0.0016416502501245365,0.0013078757222993133,0.0011313156955934421,0.001073388172298097,0.0009709389118956369,0.0009037722537392897,0.0008389138434152674,0.0007998691897933025,0.0007766647958388058,0.0007244000590128834]",0.0004872715362580493,0.00168441615713057
N1000,12,46,v_b,14,3.420726678267634,"[3.4203979425093016,0.04396591881422446,0.012438965821585997,0.008173327987570074,0.005629514229025556,0.005176324815953774,0.0028751872856579708,0.0023904414647391388,0.0020444813238572296,0.001838775056825853,0.0018005219018925299,0.001757824495369388,0.0015947246997257282,0.0014949749838293854,0.0013465637619560918,0.0011992813245400016]",24.243697440852095,"[24.24368169308567,0.025616055232614694,0.007404568670384634,0.0045852279141129675,0.0032717053473033907,0.0029902951430060493,0.001693323615767667,0.0013526302565012294,0.0011841037707826824,0.0010577118507239442,0.00104242229883544,0.000980977101369002,0.0009253114471666105,0.0008362177872666224,0.0007696636379138309,0.0006878584124521876]",0.0004800788592547178,0.0016494515952176546
N1000,12,46,v_b,15,3.2055727921976787,"[3.204775199898446,0.06354847870860109,0.026953731146295217,0.012611360449297877,0.010868552260397098,0.0051866228765682035,0.0037274776951267984,0.003157780036829318,0.002279929059930248,0.0017987857160627419,0.0016014870001641237,0.0014793092640442067,0.0013904577189945049,0.0013158858643326637,0.0012940090010319623,0.001211054151246594]",22.585215431797554,"[22.58517723602321,0.03705660562196911,0.015200633051394874,0.00731216411265165,0.006616939907562481,0.0030630752789293594,0.0021745997391551366,0.0017706736890683503,0.0012984982290570508,0.0010217825891022524,0.0009239236108370522,0.0008505826563850276,0.00077820725455648,0.0007689458951399353,0.0007648963430062885,0.0006923937704154551]",0.0004761715536005795,0.0016014697271890658
N1000,12,46,v_b,16,3.3754701441854666,"[3.3748554687082506,0.051388304246566256,0.03330540895419987,0.012520561644607988,0.011121363709734801,0.0074543678765244935,0.004141993515322312,0.0038348249396330963,0.002869219997222627,0.0023278101827373574,0.0021749841343644103,0.0020673654633912774,0.0017054002611344983,0.0015989881013099155,0.0013702377099370424,0.0011723339370856981]",23.656118070042325,"[23.656088940133003,0.02971010121003339,0.01889845078916771,0.007586065203252025,0.006411938985887062,0.00431204754408608,0.0023619287246798466,0.002259131026026542,0.0016906815888932901,0.001342987232854485,0.0012516613916144384,0.001199062128646651,0.0009790676657584938,0.0008948917522295736,0.0007536906868090162,0.0006537456579051056]",0.0004857355379499495,0.0016944794403446475
N1000,12,46,v_b,17,3.341112716988765,"[3.34004079149662,0.05974788040618283,0.053531325585554956,0.021404463950238328,0.013162866230430142,0.006531720907864707,0.004247800721366422,0.0032103027971551075,0.0023583576120797555,0.002162662774501503,0.0018594308873554496,0.0016289918516750176,0.0015784289972214111,0.0014583919675988843,0.0013054558726925717,0.0010903001538112229]",23.389251806534112,"[23.389198827997394,0.035918751069098774,0.03077238243320069,0.012413039770431988,0.007504808542530783,0.003733632248384954,0.0023198972912235253,0.0018700096398746831,0.001381174109172793,0.0012377148512270494,0.0010949346124109324,0.0009449378864589596,0.000895172487479259,0.0008206960144905603,0.0007494360610086987,0.000604308877097608]",0.0004820858666789718,0.0016546048301996938
N1000,12,48,q_b,0,10.958980494249793,"[10.945253383250472,0.46128925753713484,0.2727816235183127,0.08703227992409283,0.0622543558810727,0.031194670802233197,0.020216387915440934,0.014761501611169988,0.012747873261782183,0.009136972110692632,0.0065695665101156535,0.00626113582798976,0.005946790497491005,0.005076426609539186,0.004906462870959303,0.0045564077042526555]",46.99670048176802,"[46.99563980052406,0.2608637523703454,0.1652682281856785,0.04896837797073868,0.03554081900934851,0.017777852008853387,0.011648517554003883,0.008798920421516246,0.007201775697307003,0.005263524178091912,0.0038252153287895644,0.003626744469793784,0.0033957666315224547,0.0029586223996621495,0.002821765848234764,0.0025714154886652646]",0.00048724354928708635,0.001652542392032053
N1000,12,48,q_b,1,10.812495061572298,"[10.807471158178027,0.2648177083209115,0.17530694561576327,0.053809791764669546,0.052078505603500115,0.03204970184623572,0.022539875562794295,0.014483587716541105,0.012044761623158226,0.008638898354812794,0.0067699043741599,0.0060837385069368,0.005311711388162412,0.005049535812967968,0.004918322683885246,0.004749464357263787]",46.2207844931347,"[46.220388115153874,0.15433407096261204,0.101176344237608,0.03204139720338196,0.028783263050441245,0.018602194082634485,0.013514842692566986,0.00820642303716703,0.007120410845743483,0.004946997621675982,0.003807623614613424,0.0033923173883851545,0.0031195640474495317,0.0028876976953287154,0.0028755075049111426,0.002702597471412597]",0.0004879866901319474,0.001651927632442082
N1000,12,48,q_b,2,9.491645393239063,"[9.37843826995334,1.4046763239776665,0.3515985891219863,0.17609938102680148,0.06909089192939755,0.040096014652070265,0.03262687186274838,0.0204134878740167,0.013968782865619062,0.012439174719809126,0.008660491408243987,0.008280098000847572,0.006596501078947544,0.005640803434778322,0.005275091727600916,0.004550218046048101]",38.942017978528845,"[38.92876037664851,0.9894841296820053,0.19938609627849055,0.10337799398698494,0.04079167478463905,0.022806258440367305,0.018139471181560583,0.0117773212426637,0.008112491817577188,0.007134930232939216,0.005145827355478829,0.004878497459709001,0.0038338814629361576,0.0031899466166539934,0.002997554362399378,0.002533572210777445]",0.0004877995597780682,0.0016715770587262576
N1000,12,48,q_b,3,10.804484941028852,"[10.780746229825013,0.6169336554912395,0.3002984891055798,0.18245780917462406,0.059478927624459874,0.05098935402275952,0.036799357533787144,0.01685589333096204,0.01418645746180107,0.01059693987587602,0.008907921841460156,0.006833075539702945,0.00583515141055451,0.00556151449016102,0.005099961494153855,0.00467401453452695]",45.85206628654488,"[45.8501142892297,0.36904235985190825,0.17033844190941932,0.10482808643749283,0.034574056224127236,0.029536191014378786,0.021421666533249815,0.00953107593999858,0.00850601672984308,0.0061026965275893,0.005101614887647728,0.003950770230780187,0.003389594515585719,0.0032030406586497635,0.002831018391847999,0.0027494539920958805]",0.00048778059135656804,0.0016426061635777386
N1000,12,48,q_b,4,10.321451663116095,"[10.31696088565276,0.28908487490858226,0.06966432002574863,0.04381812778652533,0.031657608045375804,0.023106332940126942,0.02015926822091335,0.010660853624621271,0.008866955826044888,0.007568166137751786,0.006082010098791741,0.005115425048266691,0.004746948654558962,0.004725250246896158,0.00451672607100267,0.0043393306001910615]",44.04182177410083,"[44.041451124320346,0.17197926294937282,0.040617477193294144,0.02525646057370029,0.018795443899337485,0.013165426361120391,0.01113689761838012,0.0061848384034706915,0.005144258322970408,0.004492484837675402,0.0034625085449499146,0.0030546868875303028,0.0027134261126058887,0.0026299706523463663,0.0025509365029405843,0.0024244903421530325]",0.000488307821797207,0.0016671513761191206
N1000,12,48,q_b,5,11.604006600924635,"[11.60267221336713,0.1477269579635765,0.06938522903399796,0.05522127255500301,0.021624764430001747,0.015880964156496463,0.012731174496645202,0.011069272813838333,0.007461011328559067,0.006630829959607334,0.006331969552570767,0.005672446667153505,0.0053527769871033045,0.005137489861610818,0.005028620393702085,0.0048026247839948345]",50.09684752865922,"[50.0967466913625,0.08453000100096437,0.039772407722535714,0.030889858170402934,0.012249027173863601,0.00893310832869302,0.007711536358250717,0.0064502632924670995,0.0043254454202277404,0.003888566433703314,0.0035969062237321643,0.003227334227808857,0.003115708381691193,0.002968658777562759,0.002877437792961419,0.0026467939077663414]",0.0004880600608885288,0.0016366389125998695
N1000,12,48,q_b,6,11.16530042049869,"[11.160925119160185,0.2975509135789332,0.07143704726406554,0.04728680938754023,0.028824603284673293,0.02006976359040884,0.012761001559058589,0.01094419392224556,0.008150473286604301,0.007405505037880591,0.006351376608071661,0.005569553679792134,0.005192264854826878,0.00507728994517137,0.004948068343627337,0.004690313954831687]",47.32546692139234,"[47.325104545212064,0.1767835335559018,0.04109942768334188,0.027581636552992343,0.016525548273213998,0.011356047767600014,0.007583190145063071,0.006327658413107048,0.004711345279106138,0.004313374521439211,0.003614820204497404,0.003179557611748125,0.0030235525898862445,0.0028880575549537564,0.002861516064476491,0.0027455553469919185]",0.00048822880489751697,0.0016359005101151476
N1000,12,48,q_b,7,10.060246956214915,"[9.974621053179016,1.290047294636757,0.20242510201512068,0.07762924171429307,0.040006157263809655,0.036523629920824134,0.02470802237853884,0.01759180080767295,0.012885924040888012,0.007838512805462472,0.007123770437961356,0.00676606061535712,0.005549123989172855,0.004993848927930931,0.004856146851096651,0.004654627628801189]",41.28860350004983,"[41.278901567719416,0.8848277433253257,0.12131024804693037,0.04485170777819084,0.02383132714031767,0.02028877201294679,0.013855699317835037,0.010095543976383153,0.007597536314831793,0.004509437458547645,0.0041465201149590404,0.0037705160798393008,0.003166550270284588,0.00290402741632171,0.0028178233777655607,0.0026503101785667785]",0.0004877379979006946,0.0016416332981041566
N1000,12,48,q_b,8,11.456156443794628,"[11.454775572791991,0.14845008786233913,0.07035575685123491,0.04744672768772508,0.035942023711808775,0.019634631376709316,0.017240992937358472,0.011977893962330058,0.007064679654894978,0.006841535382834097,0.0065793500835351374,0.005931841016427433,0.005667990302830363,0.005194404127947257,0.004947893597889544,0.004651720066130632]",49.0747204718576,"[49.074613444702635,0.08548090608331817,0.04030835572598251,0.027329491843462707,0.021274126154142283,0.011650166802553135,0.009848418355411429,0.00701805347796179,0.004169791981351328,0.003934936015006529,0.0037004507849527214,0.0034366086504590957,0.0030664276549188427,0.0029866149097068583,0.0028274295270437812,0.0025967375011820195]",0.0004878811305388808,0.0016341247179707304
N1000,12,48,q_b,9,9.930775013815039,"[9.840929545479929,1.316468633614216,0.1578113333485548,0.12586351431704632,0.03516145737079883,0.024351069922380765,0.01692497640193378,0.011808978008255235,0.009351266276410121,0.007343870457934055,0.006396582021298608,0.005658792906431124,0.005364796943446635,0.004785722733375592,0.004600474914502347,0.00446951947711697]",40.39883841888692,"[40.3885743537932,0.9028197178025635,0.08994469562377409,0.07186552827691262,0.02039141415882025,0.014457474011442487,0.009668821359505317,0.006817000807350006,0.0054337746530300195,0.004390454054984552,0.003712033272470158,0.0032658027785321857,0.003099392956832514,0.002783168671480518,0.0026570774896352354,0.0025832655982729515]",0.0004882270168309333,0.0016473765260151528
N1000,12,48,q_b,10,11.014941211573612,"[11.01278050192093,0.20056048171598,0.053316098843236896,0.05106797252803633,0.027974311158206214,0.020496686093285074,0.016279319645235216,0.011085492191143518,0.010283675975211109,0.007572559063943651,0.006049790283311354,0.005551788569092233,0.005253375037022468,0.005121962169414107,0.00485958949143874,0.00468094702096712]",47.04860974493385,"[47.04844557983453,0.11378334036036807,0.031584027368799936,0.029135025031476147,0.01628560366394175,0.012329922374195277,0.009505458353216582,0.006462610928607448,0.005691180406220237,0.004291096341716175,0.0034628188369114563,0.003143543417961742,0.002994226701205045,0.002942949350787858,0.0028357504154217276,0.002587010352271893]",0.00048805022379383445,0.0016340424443041194
N1000,12,48,q_b,11,10.40872585826864,"[10.401512758811213,0.3755672289036573,0.07028596854761579,0.04062990283917865,0.03417599605262048,0.022081088589803257,0.018677292474439777,0.012032948118533948,0.009558957510416242,0.006904350138953005,0.006685777194134918,0.0059593182476736055,0.0053284406661518605,0.004974718065945869,0.00469246637704151,0.00458788047621647]",44.409082082876424,"[44.408501580622094,0.2204175871114422,0.040066615202136655,0.02328460567123214,0.019698381798455206,0.012785811685390391,0.010814344242775917,0.007274320260453643,0.005543031317407908,0.00406926126224417,0.003952037099092109,0.003406969513192005,0.002994724173911743,0.002952076944250344,0.002707814462359333,0.0025482941161083985]",0.00048811454689712264,0.001670265212151564
N1000,12,48,q_b,12,11.71611677551811,"[11.714808664475843,0.1563854938763842,0.05850538908873103,0.042005825206797555,0.021998742973503592,0.011753146532189049,0.008987591818719689,0.00764854640003459,0.006734060766868093,0.006376103692856792,0.0057070064928599045,0.005294340153288264,0.005207424781038889,0.005093574462562391,0.004876391176561433,0.00465384650436183]",50.622732321351236,"[50.62262947598643,0.09192621433483433,0.033031559317411,0.023221601510078484,0.012578307877601684,0.006823830875227587,0.005137529764846523,0.004332918747515414,0.003963078732696501,0.0036705880954825587,0.003244629207924959,0.0031275534945088925,0.0030845377418111017,0.0028478603287396364,0.002832948604553049,0.002602884289362837]",0.0004881991189904511,0.0016214878299213387
N1000,12,48,q_b,13,12.102150496064883,"[12.101950075239056,0.0452020528502553,0.03846756646121139,0.023537338950247736,0.015180463007828172,0.013283398737270738,0.008347304209526651,0.007493087871110797,0.006445252682021984,0.006171691987015255,0.005711307818473467,0.005405787846000033,0.005291576962536202,0.0051159568731280825,0.004846602814309731,0.00470799878698148]",52.61993285724704,"[52.61991756303757,0.02631797535778619,0.021707668018276484,0.01362356908545991,0.008810014103049718,0.007913121128845246,0.004729518418538728,0.004204593213866375,0.0037363422972175866,0.003558962453702693,0.0032818162738906774,0.003072260949265737,0.003040392782365113,0.00290241871218189,0.0028769518160273533,0.0026530689244404436]",0.0004881989734712988,0.001626788207270927
N1000,12,48,q_b,14,11.952317419942176,"[11.95192663643379,0.07942811028563326,0.03322405252343649,0.028242019391816277,0.02435244419568768,0.011327453109327876,0.009179855227413568,0.007649374334644968,0.006985510399423945,0.006524801259083926,0.0064489010233021605,0.005427647606755836,0.005383024312297964,0.005157609348456987,0.005041537927239516,0.004854056770063692]",51.71890310034143,"[51.71887330600464,0.045732053494153165,0.01874686419478402,0.016090193157814986,0.01433554555164445,0.006390420285902887,0.00516311647531032,0.004367814816424076,0.003968249257830126,0.003809459298000728,0.0036591765789914855,0.003146341940787969,0.003037531516162887,0.0030111974560877897,0.00290353479138893,0.0027832776489299725]",0.0004879985935986042,0.001631165182336674
N1000,12,48,q_b,15,10.192802410031057,"[10.187386933678361,0.3078619520272458,0.10397230163436645,0.04855891341848253,0.03443940662495571,0.022710464810173876,0.019185592478441878,0.00971547104837113,0.007796399739495828,0.006908497909738187,0.00617823891839243,0.005015136352375877,0.0048296404423572884,0.004620580611282978,0.004507317797187905,0.004483811442915372]",43.47451766437985,"[43.474081880147075,0.1807315301939441,0.060349156031059815,0.027635701827096935,0.02039258567953555,0.013138885270825707,0.01080088932430443,0.005622695160766579,0.004539565701891364,0.0038931278187555617,0.0036047817846824016,0.002932074309846698,0.0027599591465789,0.002671662009618278,0.0025211015133107,0.002441639065652489]",0.0004883057181359618,0.0016710118457094806
N1000,12,48,q_b,16,11.474869265181471,"[11.472866948767734,0.18022079027493457,0.08911793843554454,0.051538321800566805,0.033602236691455116,0.028584130793084687,0.020141554348941947,0.01230833623120928,0.009199899231711758,0.009092836290184977,0.007496671363304864,0.006045868960211031,0.005597407333976809,0.005282408649940385,0.0050596875208943565,0.004758591409788355]",49.4602534356137,"[49.460096030376974,0.10455494719502613,0.052272869677056875,0.03021561187240859,0.02025646813969153,0.016727814596300974,0.011526448019281496,0.006969196823490511,0.00536381017888795,0.005155598756659502,0.004337848047085913,0.003528689913978803,0.003274089901373726,0.0030929950554237987,0.0028168200742244944,0.0026447971524691254]",0.0004878300169366412,0.0016345552375495954
N1000,12,48,q_b,17,11.424591162374083,"[11.422165559264316,0.17339024021559601,0.11790895468729144,0.0938768175731194,0.03719380233149726,0.025799962616311,0.012716175112057927,0.010028996868573122,0.009206817370999505,0.008013202180929692,0.006628327302320044,0.0056930769802713615,0.005258655338153502,0.005082286131687648,0.005017819817966287,0.004725149608796308]",49.05479639122276,"[49.0545982686361,0.10486336808339372,0.06582336727083021,0.05663897930817314,0.022012697996751554,0.014886448849095938,0.007527175827834894,0.005747210206622031,0.005194611333437985,0.004412649107677019,0.0038888132312816055,0.0032254886201440267,0.003050745287331033,0.0029440393192364024,0.0027931189632793845,0.002656945024465289]",0.00048815435729920864,0.0016332177174817465
N1000,12,48,v_b,0,3.327637500402269,"[3.3217776988003176,0.1766877273182629,0.0821181762608073,0.022458981195393853,0.018171052476573506,0.007512503253591696,0.007001288326500594,0.004349685872520874,0.004083140757247732,0.0033293634079997842,0.001987878584524746,0.001852415401805245,0.0015747394817530222,0.0015016014352396303,0.0013472866192688364,0.0012837010042054651]",23.18843996860808,"[23.1881164270544,0.11133821807405644,0.047531416364730156,0.013418650621816674,0.010686473711626178,0.004311774430199829,0.0040188938729828596,0.0024400931547951836,0.0023601912232936815,0.0018636176120263872,0.0011808484754148763,0.0010733521881806864,0.0009230501974722458,0.0008430835419073767,0.0007924544125184587,0.0007550115951920495]",0.00048720015911385417,0.001699362313517615
N1000,12,48,v_b,1,3.2567865260447735,"[3.255051671341215,0.08469684857971933,0.05798415965294327,0.017336198458530034,0.0150373570860907,0.01170281299881336,0.0060089800524581105,0.004973323031486641,0.0038424882201116063,0.0023857232694863982,0.0020383390533645455,0.0018596133686302405,0.0017408376151747695,0.00152215085113203,0.0013535882852759285,0.0012890522917111682]",22.480696961354088,"[22.48061476402717,0.048155099901464014,0.03344518826942252,0.010250656618227124,0.008765052148023374,0.00664280839906783,0.0034537948270596725,0.0028360135783206454,0.002224305637763679,0.0013686736396839722,0.001148019524719849,0.001084110762286111,0.0009578668760165302,0.0008967080058850532,0.0007874365932567277,0.0007409451688823095]",0.0004798484587809071,0.0016448958438699175
N1000,12,48,v_b,2,3.0741210086200184,"[3.05955840292356,0.26185678519686384,0.12827972166817547,0.058681091045577206,0.022027583475883978,0.014311514152090607,0.008970671835612596,0.005878003236648265,0.004351026144034377,0.003193380262573185,0.0024511024711249096,0.00206345291176845,0.001753412477064074,0.0016057548046281463,0.0014670457830395368,0.0014012947095127918]",21.17447357457816,"[21.17331954862137,0.20387547641668347,0.07671267842540626,0.033590345606364806,0.013122443429806651,0.008087983062602633,0.005214556030398723,0.003297793718511382,0.0025403436973611224,0.0018101964906267255,0.0014221495013223887,0.0012279783244562635,0.0010066238141932808,0.0009057055433575137,0.0008240895393935494,0.0008011859081768737]",0.00048765531391836703,0.001614052479955374
N1000,12,48,v_b,3,3.2361346082239817,"[3.230867118204634,0.14206701873699498,0.0972771411582611,0.058442815069432386,0.02367416485758779,0.015703645045567052,0.010072706992110598,0.007274467296681217,0.00396036190295387,0.003223809222333607,0.0020235210694354365,0.0018360494305479577,0.0015533137920088083,0.0015353699567346756,0.0013878288049570314,0.0013180365310473956]",22.004818105807367,"[22.004531104162425,0.08842850178065119,0.05736892824574567,0.0345233307588277,0.013555992309910623,0.008942828904594306,0.0058306612939139045,0.004055498648632487,0.0022750503390633445,0.0018315771303479556,0.0011889492975031336,0.001065702013476058,0.0009016018589185981,0.0008781145532977454,0.0008251867132322548,0.0007575245651686535]",0.0004614600620698184,0.001671344302182064
N1000,12,48,v_b,4,3.210053091934418,"[3.2088373367521523,0.0838569264116284,0.017256579716498553,0.015128820193726134,0.01115708762448507,0.007906869938099883,0.004585810593746345,0.003162051535960114,0.0028073187160421883,0.002048617303657546,0.002017266690000206,0.001743194206640268,0.0016026219678076956,0.0014621534102420813,0.0013128512829617349,0.0012252331506958888]",22.408727248413026,"[22.408670144195945,0.04791121506927997,0.010176240180057602,0.00890970060533753,0.006454008054712528,0.004492353503108273,0.002627555668027234,0.0017838347652877444,0.0016082999710688901,0.0011674422862875563,0.001139915408122925,0.001000824319945202,0.0009473448542365799,0.0008388572958956037,0.0007738187043787834,0.0006834540499494451]",0.0004767056670971215,0.0016715687808152952
N1000,12,48,v_b,5,3.406326062309802,"[3.405782649977507,0.05308209819509374,0.024317592571562546,0.013458792180987202,0.006704030157006286,0.004649088849297374,0.003887198692929931,0.0025458777346288076,0.0022924620854293436,0.0019038372658749694,0.0018381327764352303,0.0017254354935031697,0.0015892665741367217,0.0014608119620840305,0.0014231331125121307,0.001232719829925149]",23.56066811187334,"[23.560640831685213,0.031603665915354094,0.013624029042733408,0.008035689233280421,0.0038049577803851947,0.002698365665089901,0.0021984486260954537,0.0014874921428003126,0.0013253565432313095,0.0010848776714754542,0.001058441751077629,0.0009870526121721565,0.0009142355577156131,0.0008442787279619766,0.0008067654186240323,0.0006838929873973158]",0.00048258461174555123,0.001692928235965163
N1000,12,48,v_b,6,3.341466388942743,"[3.3400421249755468,0.09316756223535815,0.020737674716137185,0.015027974741742224,0.01051688033014327,0.004524794362285519,0.003546295331869209,0.0033624002818201343,0.002531472000926209,0.002196809142167038,0.0017694645691190003,0.0017085104265279574,0.0015463277923098981,0.0013893094245309636,0.001373886013072668,0.0013008857252105738]",23.327072644686456,"[23.327004181602828,0.0538831797272861,0.012382984982735677,0.008739863670420005,0.006123579717004771,0.0026506649179763647,0.0020638276218363323,0.0019429792510673133,0.0014632667962361386,0.0013019021895932697,0.001021143112350304,0.0009603580753428113,0.0008748589673654863,0.0007973502597478964,0.0007904403585516109,0.0007586200735687579]",0.0004882060457020998,0.0017112853847580187
N1000,12,48,v_b,7,3.173974563533027,"[3.1637603466363373,0.24031872432093154,0.07665952401537239,0.022279621123310542,0.01808668309681512,0.01136660333384005,0.008777806527754858,0.006190294128499291,0.0034866815281401078,0.002646507351279182,0.0019877652329365735,0.0019262505277231876,0.001834674956814417,0.001699907606947759,0.0014825063043589091,0.0013682315942431644]",21.936952634319187,"[21.93612477516107,0.18436096373684113,0.044331618440858526,0.012898071396269572,0.010410180825964111,0.006479634076693064,0.005040019276638379,0.003497826256411049,0.001999742599715202,0.0015190471717225448,0.0011308543414768762,0.001107597424918955,0.0010438094983264512,0.0009544486707620275,0.0008355472241076665,0.0007787845288783016]",0.0004710080975200981,0.001684642205953301
N1000,12,48,v_b,8,3.3963527208733417,"[3.395901668043002,0.044057678540736306,0.026988291888351307,0.013594166739013662,0.009312295396665103,0.0073016681924995275,0.005658863987975366,0.0029972420244931118,0.0028420184413483628,0.0020155307472497293,0.0019345498352272856,0.0018167420501562692,0.0016444765680244356,0.0015173395640148456,0.0014652610583776953,0.001428906623979894]",23.523727928183963,"[23.52370554565729,0.025803103809433896,0.015886096962510893,0.008104012234930446,0.005366470168636641,0.004187575596372911,0.00318843011707225,0.0018132158005085635,0.0016422735173692218,0.0011623681257057147,0.001126148546705507,0.0010267237821875834,0.0009500083934820603,0.0009008957335973165,0.0008258854798027626,0.0008011229336721657]",0.00047614926006644964,0.00170972340492153
N1000,12,48,v_b,9,3.2116025923243856,"[3.202060146088401,0.23492454542154093,0.06190189998328892,0.044666382910932376,0.008714419652650726,0.006261771115668332,0.005400811710741698,0.003215030980938436,0.0031121691374026692,0.0025735130988735087,0.0018945151159986868,0.0017342787595337862,0.0016732228747413434,0.0014625881363198971,0.0013673860735141131,0.0010902718169853662]",22.306453462681333,"[22.305661706207182,0.18232281673014453,0.036803535676440395,0.02578357752288244,0.005009587825565461,0.003603952058554561,0.003032254953467362,0.001870973408727573,0.0018182051929052155,0.001467443926732025,0.001089967077433537,0.0009981138990557896,0.0009748692127573795,0.0008303876922436149,0.0007624981189190375,0.0006196863285942403]",0.0004851713019888848,0.0016666790365831223
N1000,12,48,v_b,10,3.3205917918946346,"[3.3198993347196266,0.06119016547789898,0.022594166849028,0.01212670987273522,0.00957611522651948,0.006080202234485059,0.004953910852382475,0.0035121652137669384,0.003203453335757347,0.00234506461924128,0.002088010684800387,0.0017911124964166813,0.0015105629254381489,0.0014342037543171636,0.0013493923858135825,0.001195664368811963]",23.25676169205251,"[23.256727064116753,0.03643982927107627,0.013033992437696146,0.0070154878496673815,0.005485087919302621,0.0033439104229162275,0.0028282861070969252,0.0020043595534341217,0.0018884446759519222,0.0013751244464734812,0.0012007664532791655,0.0010010006315898205,0.0008838186225238194,0.0008212257958824373,0.0007736222542313962,0.000680630309930478]",0.0004790863604284823,0.001670865870713246
N1000,12,48,v_b,11,3.2189903075200528,"[3.2167173663154762,0.11630990258005329,0.025749505983063553,0.01689347359371888,0.007759341264340899,0.005613963335628848,0.004153061888320538,0.0035752713084078024,0.0026510990334675313,0.0023428249860816108,0.0020774892784286686,0.001956227111942913,0.0018060096040297259,0.001545325157697465,0.0013416130810690375,0.0013042964693444827]",22.413386239278157,"[22.413275460843334,0.06779109772259101,0.01494240502714238,0.009826880128799112,0.004420730091590357,0.0033114334519252307,0.002390165874872765,0.0020895728565016552,0.0015089608700141171,0.0013340893565136549,0.00122382783165718,0.001112285036996613,0.001039961364743036,0.0008538287261217455,0.0007675211202331243,0.0007566203904333027]",0.00048570283979643136,0.0016793210608575732
N1000,12,48,v_b,12,3.4266357801403897,"[3.42621439102749,0.04736825718186361,0.01869379361839,0.014050334690575638,0.006849394160800982,0.0041508069596629775,0.0027147059540632208,0.002287439621442061,0.0020684465003154686,0.0018409572209017338,0.0017091332235830907,0.0016479672019690278,0.001460039802477041,0.0013712613652288534,0.00123865004248293,0.0012241648001240673]",23.735494838332098,"[23.73547393356475,0.02794526009823139,0.010736822207536998,0.007999780570528272,0.003985449813403156,0.0023297643018913546,0.0015991048387613727,0.001299341240723901,0.001191783791449863,0.0010826124266558226,0.0009570274722642966,0.0009063218079055818,0.0008284778886588155,0.0007645974488387338,0.0007122018716492472,0.0007008454398380166]",0.0004876545863226056,0.0016858079509771335
N1000,12,48,v_b,13,3.5004826375041853,"[3.5004042970850984,0.016015961732572744,0.012732776936173543,0.007487905378901,0.005054958677436356,0.0035363311419436497,0.0029381317616956996,0.0024077353395712247,0.002057531930599659,0.001963794879482522,0.0017758870361978616,0.0015672030166273597,0.0014669940111756681,0.0014163171078115662,0.0013371695279124512,0.001270874462869608]",24.246367614001546,"[24.24636377310416,0.009382327917735108,0.007349728424918828,0.004444271351971628,0.002924302458639145,0.002016561686215299,0.0016461480405365655,0.0014462864571837826,0.001173783654794463,0.001154846485100898,0.00101764688296585,0.000892352430737464,0.0008667154600124078,0.0008272873882992598,0.0007464471132556468,0.0007083349860203026]",0.0004866246599704027,0.001674559512657879
N1000,12,48,v_b,14,3.481637431353091,"[3.4814408736552505,0.03267003887942776,0.012057041888950196,0.007673051196440832,0.006786531968330664,0.0032683035228655848,0.0029658991584644344,0.0029140562045122252,0.002227227471273987,0.0018910511278709089,0.0018428694453216665,0.0017338038783383791,0.001564823000160196,0.0015114529060385035,0.001334850606676342,0.001259473936170878]",24.28633616543453,"[24.286326660302468,0.018966588759268856,0.007136981495507256,0.004345685749670397,0.0038956877722521473,0.0019408100401238776,0.0017010853142908856,0.0016708025952365214,0.0012823340197910247,0.0010762381138951485,0.0010608315454226362,0.000953293025118194,0.0008904368511790495,0.000857649244303031,0.0007736051278555691,0.0007378965810724739]",0.00048516763126826845,0.0016726555577028133
N1000,12,48,v_b,15,3.1982234943624883,"[3.196694368568614,0.09025182318515163,0.034464865177853854,0.014243084224910468,0.011939720993225496,0.007055576511729687,0.003997249222462001,0.0036614539389522595,0.0022496103081404493,0.00201536882896619,0.0016548667170219063,0.0016043596030499746,0.001402177312263244,0.0013079945736801395,0.0011831120251525507,0.0011470943208453448]",22.450701367430707,"[22.450627020389263,0.052901809485626096,0.019560484661271787,0.008728861876395998,0.006860413464092315,0.00413522124582121,0.0023581058201597445,0.0020877173468433216,0.0012563098452333102,0.0011431754043493196,0.0009688510310057883,0.0009207856959292459,0.0008039799657947364,0.0007614320612403007,0.0006753440746274505,0.0006598457131508909]",0.00048328972479794174,0.0016213032078394869
N1000,12,48,v_b,16,3.3905333090581684,"[3.3897398873669715,0.060300308872383884,0.035938348616966084,0.01340309345433805,0.011850733964186407,0.007696195693286432,0.004649395467669114,0.004213916594046407,0.0029876888514241214,0.002705526841524534,0.0021676702814940447,0.0018136950427549356,0.0016629858034145093,0.0015493614421904674,0.0014005489142264761,0.0013687372159613446]",23.512475499041212,"[23.512437242999436,0.0350228923196359,0.02045424826049698,0.007806490199299502,0.0070098974405000914,0.004415074681066536,0.0027175619607280395,0.0024832808811344202,0.0017141761770248386,0.0015633028245058697,0.0012366896581673492,0.001050419619245559,0.0009421072668666296,0.0008716485696212816,0.0007964741431850283,0.0007657014728168241]",0.0004847391683142632,0.0017439688464717736
N1000,12,48,v_b,17,3.378815599282304,"[3.3779418851301735,0.05239321569503105,0.05025551583710145,0.02033080627459207,0.010134680258075821,0.006692113053772704,0.00550989221933992,0.0035251426092610632,0.0026188389205986143,0.0022982336282336637,0.0021486286678174373,0.0018961915132275277,0.0016297419113974884,0.0015391014757182378,0.0014262530174994968,0.001331891129552164]",23.38875659546925,"[23.38871414824707,0.031178316391871352,0.028273273690229778,0.011915675753965689,0.005851157194219042,0.003807669040486202,0.0031271938257942467,0.001990401007484001,0.0015208328201542823,0.0013398895385444624,0.0012024863894162287,0.0011037894422284648,0.0009457817888292416,0.000877254209858419,0.0008100029021077974,0.0007461777270565181]",0.00048205105122178793,0.0016754966668411483
N1000,37,46,q_b,0,7.240045146058703,"[7.227372363153783,0.3621630993774838,0.17083003045154688,0.13257828656377849,0.048067170895516216,0.03342066430090422,0.03149226431588477,0.019497929250422617,0.015310282623520724,0.011546771982724423,0.009485272301085755,0.008421004119377854,0.005845633149398985,0.0050711153714860045,0.00426405214198354,0.0037970399210725692]",26.065587175404104,"[26.064367717083385,0.21426963555384845,0.10152205403897774,0.07469578170057062,0.027514621682440486,0.019539454166449702,0.017488105353974916,0.011119972929614683,0.008732611825483154,0.006728065492083064,0.005393603230529981,0.0047991607115190635,0.0033459685348934828,0.002919375210384226,0.0024818607600198576,0.002187419817947618]",0.0004695130046457052,0.0016558514143970892
N1000,37,46,q_b,1,6.3553963684537145,"[6.3304714123251165,0.4333385492319411,0.3186807390226365,0.14502843898051032,0.04554921191864592,0.039545729191329405,0.03097947854719525,0.019763380855163125,0.01777675835651629,0.013110052475048626,0.012543833922878864,0.008934622253936342,0.0061070765176289435,0.005620914655384823,0.004829130469582069,0.003943343737098063]",22.651060918999548,"[22.64867362984395,0.2528327545541152,0.18816224045532476,0.08261705373065803,0.026973304910405428,0.022752982966531592,0.018408376063115347,0.01121779243251465,0.010469667719896873,0.007644366419349492,0.0070987263317056435,0.00496752755908814,0.0034887990761490683,0.0031794391801152934,0.0028286973658158314,0.0022785454095713125]",0.00048638624139130116,0.0016474377099443013
N1000,37,46,q_b,2,6.0040143858946555,"[5.920278340697794,0.9014558424757417,0.3772163791399717,0.16926854046293235,0.07773534725681064,0.0754766482847633,0.0420981146640783,0.02371556245971811,0.01769763597841204,0.013508237768315272,0.010684476970613654,0.0090727596958459,0.008605384047583235,0.0060500502059333975,0.005499235148143848,0.004382501077972962]",21.01853205708313,"[21.01013419201328,0.5403222913771937,0.21397199160528158,0.10073613559045562,0.04661237452528907,0.04323460177739926,0.02375360652296576,0.013548809761940393,0.010167131123392093,0.0077960022932533814,0.006085904126687655,0.005353279792524718,0.004748553574865987,0.0034344312932291163,0.003318037946828899,0.0024822665614475086]",0.00048458395758643746,0.0016634135447445486
N1000,37,46,q_b,3,6.612241415971859,"[6.577747250944863,0.59141772535509,0.272426381741383,0.13684334566589004,0.08784886653296749,0.04594962070049299,0.03418623550844365,0.022704553940857408,0.014969545944937948,0.014207004681055374,0.010454639162870002,0.00978688758538442,0.006185227133124787,0.005452486467213127,0.0050003833675787476,0.004847609692275742]",23.7417883154277,"[23.738333930777742,0.36050410258339977,0.15503137955747975,0.07694066542113345,0.05080010192428588,0.026707800970813114,0.019482325176731315,0.013173527407641416,0.008678980795814249,0.008224918805000194,0.0059102077595025344,0.0057726675160982765,0.0036088485494775702,0.0030814288811276914,0.0029026701922269635,0.002751419130118147]",0.00047700939467176795,0.0016511323385908713
N1000,37,46,q_b,4,6.654333367836751,"[6.629102480644536,0.509727257720321,0.25525859120629196,0.07412552083507153,0.045215662717052914,0.038288762962767176,0.0207068056187759,0.015451226227752487,0.012278210540679735,0.010750875984023455,0.008680506807208336,0.007831144781220363,0.006407006160491796,0.005027329538215793,0.004402770429264778,0.0035683669992502584]",24.044401213666326,"[24.041863682970646,0.3111778019388219,0.14787871999148372,0.042479421215985705,0.02544988200414498,0.021869153384705672,0.011941346470798482,0.0087345176379717,0.007230618994195146,0.0064724100789995,0.005055676844425657,0.004418613890307815,0.003652150982543532,0.00280609378624629,0.0025906777290394846,0.0020262983422988205]",0.00047135382192209363,0.0016606458528740568
N1000,37,46,q_b,5,8.123118191661732,"[8.120733409531697,0.15376090971042264,0.10670965163787956,0.039554748747076596,0.036801049104147575,0.017243228038732395,0.012997678505828485,0.010231935867734502,0.007562378173233471,0.006733879022946905,0.0050272244424634845,0.004796543503205436,0.004332096440245208,0.004257514765869377,0.00406170753523976,0.003823351111502558]",29.914589137097575,"[29.91438069265537,0.08588215664893355,0.06243232851411535,0.021860540851344343,0.021388180350790285,0.009691479253333416,0.007654603734328083,0.00607475282743467,0.004390469907737419,0.0039081247252323115,0.0029362845720200593,0.0027921586530586526,0.002466356221798501,0.002428017897359294,0.0022896522417412803,0.00212829540787084]",0.0004879018306382932,0.0016571600552785415
N1000,37,46,q_b,6,7.842441927422335,"[7.8365786251193725,0.2623792544293183,0.13687282328966188,0.044906953005982166,0.029381732989352673,0.024970606914954903,0.01649720102666039,0.015382168968766836,0.010541761286218402,0.008130377656712966,0.00717320253462997,0.005835194125633932,0.005415626444416094,0.004475858840216213,0.003984104928695141,0.0036881238134387215]",28.487971994853577,"[28.487412969228522,0.15475489040110912,0.0803994240482565,0.02542519129306721,0.01733516805913864,0.014716890903778368,0.009274110748509529,0.008528938556248132,0.006097288564365791,0.004622055098395731,0.0043474968999905285,0.0034216038620416096,0.0030772192907707408,0.0026286720563967183,0.0023275744199059245,0.0020794893504208116]",0.00048732409777585417,0.001648575816263429
N1000,37,46,q_b,7,7.513895891384476,"[7.493144866433716,0.4348794023377283,0.32241978657927395,0.10665026252455552,0.05919140491013019,0.035211644417132516,0.028180558821429315,0.023786569628994128,0.019542307008766066,0.013364119742945147,0.011016334522921624,0.00782869470686416,0.00668819455641612,0.005612849863217985,0.004764874106795053,0.0041314211156563245]",27.033871439116268,"[27.03184013478642,0.26214699000094416,0.1866866590477821,0.06303058099115319,0.033282529873100604,0.020897335686612735,0.016225702803696333,0.013633327838496962,0.011317201914289896,0.007534982321477001,0.0063225026879347125,0.004575148018918638,0.003924853513997417,0.0031860041962006595,0.002762877217855437,0.00236447131984621]",0.0004875935410382226,0.0016526880753989304
N1000,37,46,q_b,8,8.484003028074767,"[8.481873009026906,0.1700782116721087,0.0720724804224743,0.033812192180538235,0.018623086178258464,0.013064078882564547,0.009932166736799778,0.008073319183037218,0.006740599150038225,0.00546475028423923,0.005084915711323683,0.004699614530631288,0.0045476690559784275,0.004274077038479876,0.003995550710460523,0.00372330193557995]",31.32367942865125,"[31.323482354767336,0.09950636037093678,0.04179324381240548,0.020039348502953823,0.010980154131787526,0.007584384168793461,0.005888461869371325,0.004695760230895086,0.0038094442677997146,0.003191228928543374,0.0028707552514203693,0.002676665613993651,0.0025129443830023217,0.0023930349521237453,0.002215235329175853,0.002119397639058371]",0.0004879569751210511,0.0016531649436295833
N1000,37,46,q_b,9,8.601946101323655,"[8.600147705670683,0.1268733136206694,0.09375627075666126,0.06400260540111029,0.034347486340495705,0.018762083625363222,0.013104605185892083,0.007587460112670709,0.006740002214363529,0.005571850354455901,0.005191314131642335,0.004646637436065859,0.004369823079261793,0.004106234861753968,0.004056767107993826,0.0037772181882247996]",31.777445093867502,"[31.777284316338957,0.072067359663868,0.05516882922923017,0.03680117136262149,0.019001478518818636,0.01110172003975877,0.007622752475845964,0.004342381382681955,0.003997084302825287,0.003208954715951585,0.0029877076619349782,0.002692432993820602,0.0025773522838436363,0.0024323080059089393,0.0023613579310401323,0.0021657587469477327]",0.00048747824621386826,0.0016699675785188035
N1000,37,46,q_b,10,8.079879637735392,"[8.076054897374238,0.20673761183766587,0.11630449266063339,0.060070404653723694,0.029311758182971208,0.01927386679390104,0.0140656288967438,0.012840045437000494,0.009550553075206292,0.007947958606077398,0.0074872192250211534,0.0053710397122599595,0.005245103499535596,0.00462212660973692,0.004443407752135742,0.003917620827874993]",29.69645293540641,"[29.696100699005775,0.12087039980066186,0.06731545897598623,0.033622224584910154,0.017433250186255397,0.010976730717473364,0.008118420336707562,0.007084701187072274,0.005502449647760116,0.0048094936282736065,0.004192510328110087,0.003132265003995493,0.0029910171808640606,0.0027072888506020167,0.0025542015819317986,0.0021531944062144178]",0.0004867377574555576,0.0016492829494884412
N1000,37,46,q_b,11,6.752181108231037,"[6.727973528691061,0.5226766889571763,0.18761586261968444,0.1135851468603409,0.04255963006239569,0.032522287805186186,0.02972558921333378,0.02136108805551531,0.019010231048706396,0.012198131799431612,0.010578947426922102,0.008025488701087782,0.007452942308491094,0.006030041404732582,0.0050882271208146064,0.004057727715997053]",24.30866353860866,"[24.30629130734302,0.311661265307849,0.11027950090813432,0.0658896061601284,0.024934954882255576,0.01856001320801255,0.01699305201379151,0.012587993444810193,0.011050732460056317,0.007077725345272521,0.0061704999684323,0.004670454672182678,0.00432877062316036,0.003381337230256308,0.003052708802030597,0.0022635725189365445]",0.0004824502975679934,0.0016455083929194014
N1000,37,46,q_b,12,8.38126691834791,"[8.378411943605984,0.18769279899250252,0.09888726157434584,0.03879309716932153,0.02280928982533529,0.018135870485233706,0.012571547550991297,0.009107586249200144,0.0084970161061605,0.006994379728585088,0.005536637941127903,0.004866287060305319,0.004509921714669387,0.004278390218970561,0.0040216056147913135,0.003979905311236883]",30.994617049174956,"[30.99436149862147,0.10844409611624323,0.055898154191241514,0.02268411841749182,0.013106002678353532,0.010594970409200937,0.007109177623018174,0.005329037434153067,0.004653699844796662,0.003925319287805718,0.0032020910703694045,0.0028332500031232827,0.002643431068865969,0.0025460685205641177,0.002345843150917629,0.002178131082105847]",0.0004859618147747824,0.0016385550679626705
N1000,37,46,q_b,13,8.71948581115784,"[8.717814930463941,0.15636858749937874,0.04492838184210199,0.03471907381055918,0.025976009474157347,0.01765286043511258,0.012776641141579398,0.010442544528677001,0.006587485140265161,0.006252362054195289,0.005051680218658694,0.004827241686327808,0.004516845214145248,0.004399396322302079,0.004027656739259451,0.003819326609109444]",32.3266355897614,"[32.326485861155156,0.0903617237812336,0.02497933219092665,0.020111079596656464,0.01477257604771182,0.010598447851679151,0.007365868444105961,0.005908287709740838,0.003787195975499021,0.003620328569395213,0.002936603967210248,0.0027935093996123346,0.0026017795495574167,0.002481510956070818,0.002352423909076474,0.0021679660092044214]",0.0004882090652245097,0.0016605080826658832
N1000,37,46,q_b,14,8.824210422097044,"[8.822678036374459,0.1435180182585856,0.06109043594283847,0.040429389200205244,0.02180740650193819,0.013704088982421621,0.012968698191648326,0.008037888765021414,0.006007718222110323,0.005461815427412271,0.005033778045077674,0.00461846668099416,0.004407393009465299,0.004226331774889341,0.0040521310351073,0.003921943287856869]",32.73615813143569,"[32.73601667647885,0.08458428551310432,0.03448426640781634,0.02372704533982048,0.012633739836920463,0.007729418647141423,0.007375809150253118,0.004701298089463565,0.0034461205571529583,0.0030433458204309574,0.0028979940512100376,0.0026130088734364365,0.0025298821157633228,0.0024010129468747935,0.0022806326263328895,0.0022659653439089512]",0.000487942059407942,0.001661603192838347
N1000,37,46,q_b,15,6.529462067450701,"[6.516148885136748,0.35148571853600946,0.19698330513771017,0.07949933998565649,0.05315884143789138,0.036019905368417135,0.01734465684818917,0.011673953680901404,0.011653184216363178,0.010959367898084181,0.008169325912797995,0.00660731022173145,0.0059097136374617444,0.004501467872534098,0.004217117042737643,0.0037595086779753256]",23.71934343274337,"[23.718079865207773,0.20842307837941818,0.11248593018487112,0.0466018360393421,0.030614722147918345,0.02112768507940649,0.009918984326406055,0.006911533729085643,0.00647055481340144,0.00623574198399676,0.0046566727379835785,0.003845570939909474,0.0034172541438103983,0.002560134458640524,0.002417403001630988,0.0020726009116272255]",0.00038936897180974483,0.0016410516184082232
N1000,37,46,q_b,16,7.975720263978961,"[7.972315289982558,0.19267094179745045,0.1114025650297099,0.04966196917563782,0.03356403301036628,0.022375567421456743,0.017528670629575437,0.009133655429953112,0.008735372606795098,0.007674095856985515,0.006921312233712232,0.0052185779276303045,0.005079634923081342,0.004378862424492275,0.003977777655723161,0.003832380033402481]",29.61832211292236,"[29.61801521318832,0.11210388279950753,0.06316624522344864,0.028871614270437215,0.01985893936403016,0.012686870769288807,0.010561333932847408,0.005390223929067029,0.004806412811328307,0.0044064272596743385,0.003988065287028571,0.0030433163427622816,0.0029150804446889662,0.0025160836837158818,0.0023294739051554956,0.0022183487123665782]",0.00048517787945456803,0.0016453305564501958
N1000,37,46,q_b,17,7.971048651336752,"[7.966211671346263,0.2401943996040027,0.11674513699775474,0.047298825085722036,0.04044909690002356,0.028458106732030756,0.020988946820975532,0.015617443277327966,0.010460692617074139,0.009687855871769856,0.008220212784984818,0.006590186193261852,0.005319583834438998,0.005054965583500143,0.0040468897405350444,0.003648157655381818]",29.563575149745617,"[29.563116691820472,0.14314051188736815,0.06870784163617222,0.0265725416783637,0.023557796140358772,0.016537249888081015,0.012369944394163897,0.008832321014466115,0.006027133656716432,0.005478991589594566,0.004853959340771502,0.003847198994739318,0.0031175659995011356,0.0027374572822919615,0.0023425380127946,0.0020354628129365913]",0.00048778757627587765,0.0016493803294876563
N1000,37,46,v_b,0,2.297196809880366,"[2.292250831955929,0.13594654724719835,0.04404272398000767,0.04005173723334805,0.017555972373586536,0.013030092587113464,0.009685832562376671,0.00655665028627907,0.004961450819310558,0.0035854187728834044,0.0028867784555520336,0.0021912568139172647,0.001870865441682863,0.0015000201083924347,0.0012335721469004318,0.0011229923833094564]",13.591616981912154,"[13.591310267310499,0.08322390000245754,0.02498344000065011,0.0237523437809078,0.009991612404357426,0.007602986782019368,0.005518881753245705,0.0038415345571489712,0.002843600239778532,0.002164829419388741,0.0016642457522891795,0.0012669105143717726,0.0010845490590023893,0.0008652247110007598,0.0007049754397605477,0.0006439847357873358]",0.00024348370789084584,0.0016315921544467497
N1000,37,46,v_b,1,2.1764751379712646,"[2.1686871461794652,0.15942081988131576,0.07782186263449385,0.0409860674903598,0.01723234929614405,0.012502585156737845,0.009498142694424469,0.007911811505660374,0.0058570524001511,0.004225964321296849,0.0034209917427981693,0.002689679780838691,0.00224289933635063,0.0018873808640981044,0.0013196357227760907,0.001214390316068088]",12.952219395753641,"[12.951730910802764,0.09952591519281946,0.0441264231515211,0.02376109361850186,0.010482235307576485,0.006952459178873133,0.005459726883117195,0.00464922406385711,0.003315386652352906,0.0024278668245034424,0.0019806454402466088,0.0015251800931948307,0.0012447513379415108,0.0010795116683061283,0.0007676953722318145,0.0006884010940184438]",0.00024338813818758354,0.0016836618567426344
N1000,37,46,v_b,2,2.115532919876421,"[2.091885218684872,0.2937375965852961,0.09566948759818651,0.05030085544896726,0.026570350764754936,0.02269989523111395,0.012196408113554982,0.008769465413331474,0.005098029534899966,0.004818788731072908,0.003596463717010912,0.0032689560825872404,0.002171511858878905,0.0017551308430338555,0.0013902743411588893,0.0012960019443716596]",12.536862168344353,"[12.535104437637008,0.1983131057033359,0.05806472442058672,0.029144364934414774,0.015577477215472127,0.013168209017332668,0.007316772386911503,0.004915480783014051,0.0029038335709493305,0.0027247165605690012,0.001994172495090813,0.0018426677942775525,0.001272752734901811,0.0009827155599165143,0.0007995779459772287,0.0007492707116284178]",0.0002437319271848537,0.0016623740644699813
N1000,37,46,v_b,3,2.2704773464263095,"[2.262069120607679,0.16561304572358013,0.08826601855499054,0.04085992114873714,0.028635181883862198,0.01118889320391698,0.009824095545978063,0.008535925652307966,0.0066414609008320375,0.005055630232640022,0.004356829899730647,0.002772324909604656,0.0021920175024630517,0.0017753636592232084,0.0014745347584019567,0.0012502048492045508]",13.726226885256661,"[13.725713866777546,0.10259528093381233,0.051067554993116,0.023239989370219993,0.016597677132364236,0.006467161365638297,0.005865040151927396,0.004760762574044992,0.003787512186051091,0.0029087064865451506,0.0024132482628143655,0.0016395061496095405,0.001233615132788991,0.0010488233355501677,0.0008478007821736115,0.0007349513518998624]",0.0002438415031065233,0.0016984990371550753
N1000,37,46,v_b,4,2.1607850988220183,"[2.151689413280927,0.18188109489856494,0.07277089608034164,0.018987907922420787,0.0169271565323798,0.008880528153881045,0.0062231164262503144,0.0054682726919355225,0.0045900154989947225,0.003486279285258555,0.0026584015113167913,0.002505781181082423,0.0016373361748828158,0.001489510595545647,0.0012590671277259706,0.000980123993594574]",12.819692132749172,"[12.81913350328507,0.11036672347677379,0.04313414190090366,0.010708880628744545,0.00999947108707265,0.0051449877219510096,0.003541789797245379,0.0031868799819587605,0.002522559718942936,0.002005912475393476,0.0015546155517853196,0.0014564741008964905,0.0009701698444685203,0.0008454835323856753,0.0007025997289300292,0.0005655048963187697]",0.0002437866096443031,0.0015940160385673405
N1000,37,46,v_b,5,2.479318136286286,"[2.4784513695459327,0.05314505531784617,0.029816406300689276,0.01828245114101048,0.012628144717644037,0.005537340649494678,0.004749540041308071,0.0034910372292402034,0.002750266753926795,0.002540917692939503,0.0017149023020252357,0.0014743030836778523,0.0013734068345927753,0.0011933442021596504,0.001119342408160372,0.0009955497235624837]",14.568525182073989,"[14.568471196863753,0.033045131882867104,0.017009974702429046,0.010509908000228043,0.0071425571318170485,0.0032617092584335365,0.00272347783733538,0.002017354350351434,0.0015595064841845698,0.0014634166714586707,0.0009846387299640696,0.0008531675057167885,0.0007771447315099222,0.0006867610583083778,0.0006206544782732008,0.0005611995357038349]",0.00024336402361768705,0.0016268052953974572
N1000,37,46,v_b,6,2.40304404767205,"[2.400994240907613,0.08991301076816764,0.03523716128815,0.015835685196628237,0.010717349782613675,0.007724093235707346,0.005844148074250669,0.0050811133957086975,0.0032607319423853002,0.0028498626076792865,0.002698218930125059,0.0018445095145578907,0.001597170225841512,0.001384390611450443,0.001085550354287325,0.00099831409286538]",14.173020063280171,"[14.172903627531175,0.0519380857276752,0.020624438598689922,0.009377330454813268,0.0061636880243845825,0.004382760595611963,0.003416613963642792,0.002914520844039399,0.0018819122902599978,0.0016468298678958063,0.0016063775173815124,0.001080196500982516,0.0009710213296978204,0.0007837708791368381,0.000606523189874611,0.0005648223952613884]",0.00024356949143111706,0.001635387596094349
N1000,37,46,v_b,7,2.326708600177022,"[2.319736901179552,0.15107137032170134,0.08923087554097318,0.03048937042843256,0.018721151548957093,0.011425454478989737,0.008063108990031308,0.007432171174083404,0.006087212877334164,0.004212235555207349,0.0033286718879914886,0.001889540244117058,0.0017289033088376147,0.001490491539654146,0.0013429273180880252,0.0012548307296759368]",13.616491017926995,"[13.616072278145708,0.08961348249983814,0.05333007731227948,0.01742876072155452,0.010725721924767822,0.0067334541967030235,0.0046011346902730624,0.0042962240852490894,0.003467469717992895,0.002332348201765627,0.0018479954911618086,0.0011120959542457948,0.0010242984337333447,0.0008117102778770599,0.0007748033289983839,0.000700419939242069]",0.00024357449728995562,0.0016065186527803139
N1000,37,46,v_b,8,2.5618830247328317,"[2.5613204691374394,0.04636863902766962,0.022114316789448484,0.011948362027659953,0.006113309436247264,0.004782642317872114,0.003493209527939471,0.002919095127155895,0.0022124918333058354,0.0019641609627407417,0.0017731217376779121,0.0013923121925088133,0.0013097089158457093,0.0012344721667315495,0.0011339620703376754,0.0009482742566264633]",14.949890569464644,"[14.949857311858826,0.027329374638397835,0.012794608158987034,0.00716841495850737,0.0033495355429096077,0.002781859523195994,0.0020827067629463725,0.0016740952358027523,0.0012831563251337456,0.0010757679755262596,0.0009945597602034563,0.0008030565684256835,0.0007584135431031831,0.0007114958023900683,0.0006930668477055609,0.0005596176490106293]",0.00046028653741814196,0.0016948768687089903
N1000,37,46,v_b,9,2.5419175670139267,"[2.541268617836479,0.04489239250196789,0.028425945419140362,0.013451958989012079,0.013017763523222462,0.008347908031496327,0.0053205514107009435,0.002698837587786817,0.00211276308753091,0.0020586134664398368,0.0017438445584886649,0.0014012890178428043,0.0013337226240379412,0.0012933751035063812,0.0011741263994258094,0.0010652783647534534]",14.655467014592535,"[14.655430219476434,0.025466902629700434,0.016437146175548215,0.007808048518083076,0.00755532459651045,0.004851119328431313,0.003069215725446266,0.0014862463577041693,0.0012290780032195386,0.0012062766088097704,0.0009828472814369987,0.0008082347630481095,0.00076681862550798,0.0007427262953438117,0.0006739875318630626,0.0006042835931057133]",0.0004234592488501221,0.001710844132010349
N1000,37,46,v_b,10,2.458432066511016,"[2.4570903133558213,0.071849474812915,0.02958601289002116,0.017686299142708743,0.010968124630047447,0.0075346164818816735,0.0046799202208176885,0.004046334159501531,0.0027371936726150055,0.002438313043669375,0.0022942223731641912,0.0018760557620988289,0.0017454638931750195,0.0013666991637968013,0.0011279012519104575,0.0010868788075995386]",14.474595148937151,"[14.474518449560833,0.0418133302191263,0.01682709806669021,0.010256001324661111,0.006423920727747657,0.0044375662197596285,0.0027165301470919614,0.002357712696062934,0.0015947764989449368,0.0014162453920057337,0.0013372388738388682,0.0010616382811623275,0.0009744000654845264,0.0007761830932043644,0.0006482278429229798,0.0005949984645903365]",0.00024397842935286462,0.0016379516110639303
N1000,37,46,v_b,11,2.2159573279126,"[2.2073432021795525,0.18349092981886506,0.054557876513318546,0.031729458373603324,0.013613926371136903,0.008722259751661353,0.008001376189087545,0.0057464581285729096,0.005159273341782801,0.0047663951411596964,0.004454984046187841,0.0031689653656474938,0.0021904095704306363,0.002100663826437387,0.001558517674749148,0.00113976333530796]",13.142027775932256,"[13.141499406584252,0.111476153564879,0.031269441614795335,0.018303949358088885,0.007780245654267647,0.005090232242782018,0.004294660256421534,0.0034065232874227118,0.00305435047471552,0.0027191338234015495,0.0025816505739684266,0.0018719389491773171,0.001270488778386353,0.0012009201764560655,0.0009111385776230511,0.0006286704983518273]",0.00024136615684255958,0.0016123079109388603
N1000,37,46,v_b,12,2.532037208106123,"[2.531080542031506,0.0598568261549962,0.026947710039867418,0.01962593106775881,0.007947603271059835,0.005195622019508179,0.004769011267173166,0.0033492031011523138,0.0028974835022558478,0.0021501817137648217,0.0019917942005407124,0.0015209085013853894,0.0013745957394845961,0.0012338247852652449,0.001205911839577953,0.0011101460523425862]",14.787765309079798,"[14.787708875093248,0.03542667590328999,0.015243784257939255,0.01150234537510558,0.004542054214181157,0.0030345982245416196,0.002766311391638816,0.0019043124384906574,0.0016385458377860672,0.0012139567547267357,0.0011538170648086096,0.0008930269610571307,0.0007854056421296277,0.0007103876172540471,0.0006623560610083352,0.0006084153127674325]",0.0004829891840927303,0.001664802104938064
N1000,37,46,v_b,13,2.619144392146091,"[2.618674707021954,0.041615892710307384,0.019102512698792855,0.012727309020738587,0.011175114379232957,0.005634705385666925,0.003595165643537028,0.0028866045423628912,0.002701497759386074,0.0023088342036481904,0.0016439039670797162,0.0015561606451533838,0.0013899314789906283,0.0012667818756963386,0.001091547876113004,0.0009904691383365]",15.297367823622402,"[15.297340226604206,0.024553300620970435,0.010962485269063514,0.007382806774725353,0.006368230750892372,0.003394716378640312,0.002074200265723616,0.0016405094000284779,0.0015345283015694305,0.0013272173648863808,0.0009292620217644384,0.0009182627174797229,0.0007828789864177602,0.0007213077346212686,0.0006493670715279878,0.0005712309635257164]",0.000452191976364702,0.0017026317055194539
N1000,37,46,v_b,14,2.637649062914512,"[2.6371635198830257,0.043130089506196685,0.018314892149230495,0.01491527503101568,0.009633837142148395,0.004499052510339511,0.0029273544873370887,0.0020900695715026533,0.0019449753094916468,0.0017035055104247271,0.001522468177869642,0.0014009842853928598,0.0013271037157429047,0.0012816017243773435,0.0012154565535084528,0.0010984136795064987]",15.297931655048966,"[15.297903576251649,0.02507696105426745,0.010370111567843886,0.008708771916346718,0.0055364624218416725,0.002477925508141673,0.001688774929343653,0.001251783508363815,0.001109588422518135,0.000991462638728472,0.0008874841354142159,0.0007942491489667074,0.0007654751985582671,0.0007295528745204943,0.0007105968353328447,0.0006253901876367997]",0.00047813126002438366,0.0017073080366984148
N1000,37,46,v_b,15,2.1452866281485217,"[2.1407904642315776,0.12493660872844872,0.05309604113166325,0.018165952888063056,0.016925662066020822,0.010658179845095327,0.006609554219716089,0.004948589506058258,0.003922040190103112,0.002919288146397184,0.002435293394645593,0.002218582940277479,0.0019096551474213634,0.0016427950243199602,0.001463693997178738,0.0010308225234645035]",12.867764113016767,"[12.867496052546853,0.0750946809782367,0.031172947823118146,0.010712127928920602,0.009834218273195135,0.006207065881971168,0.0038369761830153366,0.0028977353314546053,0.002234121562266447,0.0016689169958068642,0.0014233176860278043,0.0012757618396059976,0.0010698234040009593,0.0009636700328302787,0.0008291234963075136,0.0005857275216615204]",0.00024407431192230433,0.0015996359160101916
N1000,37,46,v_b,16,2.444029385495519,"[2.4430006594487543,0.06076262750120104,0.02874483712465263,0.01474825401585811,0.011923956725464608,0.008066925645678754,0.00660752381205236,0.0037430413761065985,0.002774674464269934,0.0023545796823914934,0.0021025616749906803,0.0016340120415296977,0.001486847235512226,0.0012773133105497723,0.0011326902014683485,0.001075602590635829]",14.43355234647931,"[14.433493427009632,0.03540818744783507,0.016463014811349867,0.008539326365438455,0.007309886148925241,0.0047797531803276975,0.003730014217581072,0.0020949594463708023,0.0015342450542940036,0.0013669034049216002,0.0011756869914706842,0.0009332370422702752,0.0008657591217813196,0.0007316556795458784,0.0006492114100587691,0.0006133211038844213]",0.00024404847499681637,0.0016659531503187277
N1000,37,46,v_b,17,2.460408400897418,"[2.458938532223015,0.07604355905293296,0.03103072084559804,0.013206240986328808,0.010564349436649006,0.008836951594421936,0.007136145302310158,0.005164631337957841,0.003738295994064563,0.0032970418736716503,0.0026756225055709023,0.0019788720500271335,0.0017014537518635164,0.0013522856338321887,0.0012624320387067828,0.001152335610997487]",14.491532151756891,"[14.491446767219271,0.04445446587205145,0.018391604951846684,0.007776559864256334,0.005960707793380925,0.005036512497893911,0.0039297317127812035,0.0029932895367960318,0.0021228405438467636,0.0019730886966492956,0.0015262213424059807,0.0011105033049642033,0.0009875384213711637,0.0007733148691432523,0.000713807650008881,0.0006548000077976905]",0.00024370729079237208,0.0016611989188301452
N1000,37,48,q_b,0,7.111254090486912,"[7.098990193261766,0.3567724389922406,0.1680581514056206,0.10781295256689756,0.06167684035808208,0.03605913791129291,0.028756621423033663,0.021707736577040795,0.01895222469857654,0.012421521785987415,0.008179318388819254,0.007125545424826361,0.005790864683730723,0.004673733151716681,0.004069282426575925,0.003697489399085708]",25.74453067161994,"[25.743366961128398,0.21021861488193713,0.09843529941965376,0.060795977031072805,0.035518164633729275,0.020046560540685734,0.016961433377712373,0.012414178303107384,0.010733474110575942,0.007223211308618973,0.00469801734956298,0.004030353895370068,0.003377413138305027,0.002657469363122343,0.0023419729800139765,0.0021502797964821694]",0.00048667459486750886,0.0016532893268592557
N1000,37,48,q_b,1,6.361328661841342,"[6.346017718191091,0.3709582697694337,0.1851657986836638,0.1269209007975169,0.058608268338136905,0.0398830096028928,0.02349409817110761,0.01640673899042748,0.016082059904873068,0.012736479108419964,0.01124643137476588,0.007274339920048998,0.006964240511357333,0.0056112425514332955,0.004047192303699543,0.00357573016309304]",23.147470883410175,"[23.146040733561733,0.21679846330591485,0.10858486290307814,0.07175365553146618,0.03488021265931785,0.02315413977648029,0.013780897409937709,0.009492662855709098,0.00916548865093171,0.0072725999405990555,0.006612024593549543,0.00413385679995361,0.003883935032463952,0.0032825803247977805,0.0023008824075387117,0.0020492227176106205]",0.00048739160411059856,0.001650597651521943
N1000,37,48,q_b,2,6.061938958645481,"[6.016326312857631,0.6862328014374504,0.2372809527881229,0.11006158212066557,0.0803400158735469,0.050596751670601084,0.03381831548883796,0.02654831758914122,0.01561527153399013,0.01368940459149624,0.009893551604721659,0.009307553380609316,0.00607752669951579,0.005584883596864162,0.004820555528359807,0.004496653200908215]",21.7821095241324,"[21.777808124363435,0.4022662398023762,0.13193217364732607,0.06542920068305313,0.04632904333354941,0.02938503879287513,0.01957099133252913,0.015211845805199622,0.009096374627994163,0.007637669767086876,0.005737372332515507,0.005279105351278405,0.0034713247660396506,0.00326774442246502,0.0027921136373975503,0.0025961491635821472]",0.00045701791532337666,0.0016584658623390995
N1000,37,48,q_b,3,6.583735751370017,"[6.5474588265335925,0.6217920591415764,0.24360188648147715,0.12259782511504126,0.1035253757884867,0.04246472847703314,0.03233830792693421,0.030341753843086062,0.018320380967190842,0.013384857239906995,0.012212679448338327,0.008902456058180833,0.006870896220880483,0.005935139669181331,0.0054784322102691034,0.004370464287193123]",23.82107443684376,"[23.817468749849713,0.3777681119997105,0.13816384164080073,0.06906191806296655,0.06034857234593347,0.024680414277949512,0.018573212120688767,0.017755672929399283,0.010583854275358434,0.007648624430188928,0.007120992545969425,0.005117567426100392,0.004030040382621875,0.0033739413651428574,0.003102164600200793,0.002483289020672453]",0.00047701294533908367,0.001651146919338123
N1000,37,48,q_b,4,6.60107544220385,"[6.584746153625909,0.40744088857486516,0.2036646868482388,0.06438083218086793,0.03843708676810981,0.03275622520265793,0.020444369234889917,0.01609315645443458,0.012424385097658695,0.008922989428203625,0.008501193941798754,0.007707704465288375,0.006198088260446441,0.005075870531636876,0.0040371530396355534,0.0030539758357748786]",24.155632660880936,"[24.154076063794644,0.24236189947150155,0.11787822793174206,0.036820107572707844,0.02232949639438037,0.018367032699102233,0.011405955064781155,0.009438915695370146,0.00714859659779804,0.005422601857333356,0.004861392298802898,0.004467336134963111,0.0035353437332313123,0.002847914753749691,0.002360208620703055,0.0017447674977687894]",0.0004792288818862289,0.0016554355922376368
N1000,37,48,q_b,5,7.947646823124861,"[7.944887534999932,0.1772869826119429,0.09426313626905208,0.04041853909384897,0.03405105741415878,0.01783756444586438,0.012099083089400508,0.008882628898126353,0.006777596725997666,0.006030249899323191,0.005592694855724399,0.004639390439378916,0.004577214121735862,0.004083481226156281,0.0037160541740722556,0.0035680754781303023]",29.311362310416772,"[29.311124456822036,0.09872372999649359,0.05519674862894141,0.02278300548698522,0.019650404133219876,0.009986210065509793,0.0072293507171578356,0.005167089564265465,0.003942737783035579,0.00355220491475212,0.0033061392862954596,0.002661118706822005,0.0025817704626966195,0.002365962535528532,0.002095977233777667,0.0019470384574728377]",0.0004880886699538678,0.0016492884627470805
N1000,37,48,q_b,6,7.6414142643792395,"[7.6346555203724735,0.2862104797131894,0.1312114359492517,0.04407591183838613,0.02986509432249534,0.020769480628586624,0.01747523311196042,0.015454251258866795,0.00953297918711691,0.008369398397580035,0.006553355436751497,0.005646592061913834,0.004938841117740217,0.003950485539657212,0.003820039125340242,0.003690591054943655]",27.79841327908103,"[27.79776808329596,0.16915710022461292,0.07686292444392545,0.024757306737093816,0.017520187010669565,0.012453471140661308,0.010020989679094372,0.0084416503522332,0.005496155555241302,0.004791565681232216,0.003830425695667412,0.0033268147443099205,0.002841149284598903,0.002331536579894338,0.002183787374892226,0.0021336677374293863]",0.0004881374534306815,0.0016666876641312973
N1000,37,48,q_b,7,7.309089624891291,"[7.285485208346713,0.49400853009693596,0.26769828035953164,0.14845831513730384,0.06300557512333345,0.03030037290316999,0.02578813288378072,0.021739779756055247,0.018230714170475962,0.01267943455367276,0.009775549796568944,0.006399757756069002,0.005628113228613372,0.005090089456480568,0.004786113088295669,0.003762641174934663]",26.388802445517598,"[26.386522955747733,0.2923419827566312,0.15666862026280065,0.08998947305814593,0.03548178220571855,0.01807710495364309,0.014770846453930743,0.012228360847103915,0.010532314561815751,0.007225313956687567,0.005597842822478718,0.003768515385457795,0.003361978982697212,0.002899349347144205,0.0027733501608329467,0.002072526076999752]",0.00048790243454277515,0.0016478060247944518
N1000,37,48,q_b,8,8.291098601171193,"[8.288535068470793,0.183402772320416,0.08350951871367805,0.03304593851881423,0.018168338416994428,0.012088106800886315,0.008884765779866332,0.0072744707713297534,0.006244055495948121,0.0058260015283954185,0.00547626977543274,0.004893536868818311,0.004558587365918945,0.004131984570722352,0.003698522264473837,0.0036762393808100068]",30.61652684081025,"[30.616290358485646,0.1071481460022596,0.048390069188592316,0.019772507024406905,0.010648001044433107,0.006764608446324716,0.005234051505410424,0.00425802709851322,0.003709876469231239,0.0033555091629962324,0.003050504524152858,0.002728942032461112,0.0026130352354791805,0.002311393556471648,0.0020944913859323924,0.0020504324101145725]",0.000486505798107828,0.0016349090067706356
N1000,37,48,q_b,9,8.272245292344957,"[8.267967740110427,0.2267061860914419,0.10603113844108383,0.07922241307334241,0.033166728159292086,0.019446052618112962,0.010933585685409076,0.007383109399880549,0.006604606746523591,0.005577537639549994,0.00501292691614971,0.0045792819319725045,0.004325176848400105,0.0040064220872757005,0.0038625014814458705,0.003794262309839586]",30.42228014864384,"[30.42189575921246,0.1303171603369596,0.059470501872277155,0.04767601471978812,0.018524130516863545,0.011442223670476629,0.006368561571134005,0.00441192627586795,0.003730269059860204,0.003214108992444196,0.0028975190272154424,0.002655990266327583,0.002489973911667215,0.0023483736097550194,0.0022884781008214667,0.0021941055338017433]",0.00048775956383906305,0.001645548728208186
N1000,37,48,q_b,10,7.88890555556219,"[7.885447375365734,0.18097983214752686,0.12479276010132363,0.06062079325812085,0.034459255382039256,0.02408141953495885,0.018616836641112182,0.010410511568716894,0.009183483612515758,0.008654205292501549,0.0075603533572362255,0.0060636592671832685,0.0053373741774687565,0.004251447986018497,0.0038484174921833364,0.00344819970699582]",28.997658266663418,"[28.99734869579295,0.10421017611405797,0.07095570655835455,0.034728889277753916,0.020243866135744484,0.013639624006464143,0.010708158354642857,0.00582934686468508,0.005372401160635119,0.004946736956701806,0.004299467617580944,0.0034780460843876807,0.0031355066786727093,0.0023517758466882034,0.002284022688928441,0.0020006001004510662]",0.0004866555409535067,0.0016422785508663068
N1000,37,48,q_b,11,6.591037734427828,"[6.56753002076894,0.5111417456108801,0.15679461695766042,0.1077622172899345,0.08697302461359067,0.044420011023637185,0.031461168972850624,0.02594883724192786,0.016271926317508033,0.011266502537631246,0.010860054713029508,0.0069217319035398805,0.006150446917216556,0.005499895252214932,0.0046609007985234045,0.004093665482080115]",23.8594085724866,"[23.857111932915988,0.30548389336339593,0.09162354808946077,0.062319175345825026,0.050598364930272914,0.025480074194071563,0.018148795235535704,0.014986323346571573,0.009566577000525343,0.006545668070753538,0.006278139289316036,0.004027146055156531,0.0035249079382306857,0.003178978528416519,0.002685150298870555,0.0023557360720550657]",0.0004472241853363812,0.0016572556429448086
N1000,37,48,q_b,12,8.189374988500091,"[8.186099869240742,0.20133325755747186,0.10290726242759436,0.03513790291451138,0.023145766405475002,0.016953712984070845,0.011128455033399827,0.01084753219377363,0.007463688048578764,0.005626130615244974,0.005336379687961789,0.005152585161275156,0.004287966835402321,0.004253364783041213,0.003832647658755379,0.0037089389366827415]",30.28537809169905,"[30.285085321382457,0.11670097539522228,0.05711205563592093,0.020862738188244013,0.013154318048365575,0.00976776873838829,0.006556744350166771,0.0060930853050769765,0.00439890955746954,0.003116680134358693,0.003029576541285312,0.002915990784829411,0.002527066981920183,0.0023939543110297417,0.0022405271872191243,0.002151950283679329]",0.000487546029035002,0.0016426893098510573
N1000,37,48,q_b,13,8.54925456525131,"[8.547742291387326,0.14605388433192606,0.044800562323187805,0.03610811860154339,0.023197018954634985,0.016074909439009643,0.011113361804485477,0.009425394071413516,0.0071191404244019705,0.006159160008792397,0.005252981424393452,0.004732399492221637,0.00442697596698534,0.004122559084002938,0.0038419155482606097,0.0037293076241458633]",31.720337562768957,"[31.72020031439458,0.0849953292551411,0.02561418951364417,0.020712793178701897,0.013110015894635459,0.00926971663299861,0.006417676548379561,0.005572283020739568,0.004146104440096914,0.0036154846542751644,0.003022911167619381,0.0027024790998620802,0.0024841782828650127,0.002322487917450953,0.002222450224940675,0.0021338803105494203]",0.00048555766261415556,0.001653825647025284
N1000,37,48,q_b,14,8.623415528734137,"[8.621829939066652,0.14355141245094483,0.06286125252099452,0.04121610374692021,0.02375513962657912,0.01252989510155566,0.011798526512104588,0.007054945393828866,0.006250981926745165,0.005674195071290024,0.004599627119728332,0.004553864887783765,0.004285159938285686,0.004075600267246669,0.003909277921481243,0.0035870927745101605]",31.94788470916793,"[31.947738903533082,0.0843422683871627,0.03546923330533043,0.02422958235559607,0.01369793042356243,0.007150634382895683,0.006681803519550132,0.004052061150413778,0.0036070628782689513,0.003308476804059485,0.0026704380110313215,0.002533928111767521,0.0024018250152439153,0.0023168502230975605,0.0022020133203851026,0.002063883503705331]",0.0004872829158557579,0.0016487689380563955
N1000,37,48,q_b,15,6.399381584297957,"[6.385023051265127,0.35254466704732784,0.2043867960621345,0.10244635575016504,0.07049241121040727,0.03089895896175636,0.020231093644847195,0.013667596026581451,0.012208768969764425,0.010858467157857354,0.009324954270876549,0.006495030011223054,0.005709657385034123,0.0051621676530034955,0.0045197701548570415,0.0035401603801116887]",23.308777541741737,"[23.30738364843627,0.21139497060944906,0.12007573004632162,0.05913358826992063,0.04139690913274312,0.017811745978752066,0.01119724193027659,0.007673003891760627,0.00689179090839094,0.006380744473528958,0.005244955808996218,0.003764150307114037,0.003269666433347506,0.0028370913103260773,0.0027005540651564015,0.0020054270672516757]",0.0004234784319123719,0.0016636582013301484
N1000,37,48,q_b,16,7.812309351799874,"[7.808820943720845,0.19146940374832863,0.11739397424432245,0.04262867368444385,0.031204198211474965,0.024697051268560505,0.017385527662220436,0.010407541683932833,0.007825729046747928,0.0068064855878334106,0.006106783124919575,0.005151744302492946,0.004694422882912842,0.004332171132063905,0.003854411437233859,0.003537000316242846]",29.129377473829415,"[29.129062296453395,0.1115046798802181,0.06730863099898464,0.025282765666514398,0.017959531453455236,0.014617957216431658,0.010473460691467684,0.005868998784106187,0.004327938596995769,0.003966993113548782,0.003455272729040188,0.002957110448345594,0.0028437283613317425,0.002540042726297164,0.00217886994112196,0.0019932250259440836]",0.0004855933948419988,0.0016606039512578235
N1000,37,48,q_b,17,7.776573020508691,"[7.771245134245248,0.24392310193305403,0.134075962330367,0.0506254036590706,0.035221713350899256,0.025619264468871035,0.018972385325620213,0.013256156833574518,0.011211508094711003,0.00818272302240582,0.00684153453654611,0.00646123443780674,0.005488386948141771,0.0047060252077978475,0.004186661810881865,0.003953837014457671]",28.923386738130766,"[28.922883676563522,0.14534088185067728,0.07892655115845998,0.02851685458866401,0.02025354903863978,0.0148965900155072,0.011044350717335656,0.007684305346573056,0.006346245991320411,0.004773096394509072,0.004053253846192108,0.003719640224028253,0.0030169190431386275,0.0027273699832090353,0.002399441463700788,0.0022117017874244147]",0.0004879795742454007,0.0016300444389824044
N1000,37,48,v_b,0,2.2874124545060277,"[2.283215544744589,0.12387502921963138,0.0439183238848384,0.034834742067914384,0.016467236509923797,0.01448098062621501,0.010557216987877746,0.005936117920119813,0.005255899551271035,0.004457876027769054,0.002784884364866056,0.002166738309184124,0.0015915112619008704,0.0014481199395781157,0.001327155059132184,0.001145510688290705]",13.621584332845146,"[13.621328412884885,0.07553790424706001,0.024973504502823384,0.020410757379482825,0.009027616718150491,0.008558874841627796,0.005960454558808081,0.0034887468040918413,0.003051780747412762,0.0026784074496042777,0.0016586053456856646,0.0012115452120097807,0.0009208196787798109,0.0008450894123673284,0.0007864665848479136,0.0006465215111866248]",0.0002434923662804067,0.0016566415570465544
N1000,37,48,v_b,1,2.216194732194566,"[2.2120595410540416,0.11602035467297686,0.05181549494207918,0.038426949574255846,0.019189007070614078,0.012834023111362912,0.007991080412652361,0.005440616098906282,0.004286776589501624,0.0036106805596155585,0.0034048315513360407,0.002798248584493762,0.002412210172704705,0.0017375104690451142,0.0013880349916771957,0.0012208509249702914]",13.371506846450941,"[13.371266877750893,0.06921477406617768,0.030114556272540127,0.022007453590478062,0.011384781489048892,0.00740318178773105,0.0045116431107600635,0.0031842638544331186,0.0024533343022144784,0.0020585976859721204,0.0019246411319177798,0.001606947900046499,0.001427707711224922,0.0009651376035284803,0.000770949653444503,0.0007120199093085928]",0.00024386758741457015,0.0017007709550202748
N1000,37,48,v_b,2,2.1692701876205667,"[2.158882646253379,0.19563333396993854,0.0672810815187977,0.032186304069416284,0.022522811701167978,0.018041263115689224,0.012123127237571921,0.0074818260032429714,0.005352235604080474,0.0049394496475109245,0.003719883794116086,0.003028420363670488,0.0021318516037813397,0.0017667676174410527,0.0015568773870989878,0.0013810896783343052]",13.054282691861834,"[13.053629152945154,0.12147378826333728,0.0397052203893137,0.01880406650539976,0.012823696235228124,0.01061315343393445,0.007254170496613688,0.00423257508761861,0.0030621177140564854,0.002886885298533801,0.0020608995874863843,0.0017652790562096257,0.0011988592632457284,0.0010334605820635585,0.0008587086460343668,0.000785480283750872]",0.00024164801288861781,0.0016711291016342322
N1000,37,48,v_b,3,2.281832113944477,"[2.27401813254996,0.16326764821363304,0.07872365422996351,0.036262017498131995,0.03128906205592269,0.01336801562959815,0.010281125791303925,0.0083406566175823,0.006185213721627304,0.004892822277568441,0.0036618652164357854,0.0029056792362114297,0.0023431355222177878,0.0019563450322419465,0.0015939032405928775,0.0013312435441640922]",13.849669643613765,"[13.849195712513518,0.10082421376985469,0.04526458607300863,0.021051912059727035,0.01780207672812094,0.007982357493657504,0.005943777190821718,0.004779209571989137,0.003380748327474565,0.0028241509787766883,0.002050304784112319,0.0016316655017125936,0.0013749088721060454,0.0011443666235095974,0.0009405244678269983,0.0007801882445863596]",0.00024241514620371163,0.0016960007818851977
N1000,37,48,v_b,4,2.1837043986134983,"[2.1781015562027854,0.14189998290534836,0.06064089063427367,0.01444841359329031,0.01399102133122467,0.009777174019694444,0.007441155318077492,0.005360700464646388,0.0036675911872502834,0.00304767115231806,0.0025041551507222603,0.002157827941057137,0.0017923444937357972,0.0014375518940773415,0.0011956359112399648,0.0010035536890356863]",13.101352448414307,"[13.101033690194356,0.08281581667476247,0.03585929789068905,0.00851332851332092,0.00787478218253599,0.005683336090560326,0.004256972315147132,0.0030790786574303353,0.0020666126152115794,0.0016937737250100507,0.001454333614454869,0.0012585314256093301,0.0010738151518006108,0.000846581146446347,0.0006800385335806491,0.0005607556976367517]",0.00024370975734200329,0.001636856928530847
N1000,37,48,v_b,5,2.4510739177854597,"[2.450075056166419,0.06057644975507939,0.027553854344102707,0.016783168800195803,0.010760790504539292,0.0050744999097368845,0.00359839714603335,0.0026883765250030837,0.0024733418994674476,0.0021964091426844804,0.0019439742483069217,0.001531075221363184,0.0014249044178446454,0.0013174611532267648,0.0012387058005176315,0.001042779530719456]",14.481160023343906,"[14.481096505043979,0.037968849910510215,0.015595585890157297,0.009646734012277206,0.0061787430988483796,0.003053748414414668,0.0020271879288156817,0.001575398638358245,0.0014205874020375446,0.0012497477131181703,0.0011305448640310301,0.0008561067276364392,0.000811414841036217,0.0007532115809577394,0.0006771162790814097,0.0005908831947337588]",0.0002441442629788071,0.0016785666505680598
N1000,37,48,v_b,6,2.3703168044986014,"[2.3680024175889804,0.09662738950404814,0.03426449884747716,0.014276040324594827,0.010113250809092322,0.0074579183961342435,0.005778577803293382,0.0050086489613420555,0.0031099174207049967,0.0030476275163218228,0.0027607128448657136,0.0016264712433185276,0.0014469779408105097,0.0013343157646555277,0.001171426855946333,0.0008605272102032591]",14.063045631099556,"[14.062913874395838,0.056127677890310756,0.019989043083768292,0.008493462019118292,0.005861663883377051,0.004269616151453888,0.0032687245922961698,0.0028887141627439894,0.0018540221323020299,0.0018237175736732596,0.0015821349087736655,0.0009375736658422706,0.0008361389671466498,0.0007979008913945832,0.0006659851051222717,0.00047322570675153796]",0.00024296119227074087,0.0015980366779104302
N1000,37,48,v_b,7,2.3006917461002616,"[2.2933398035882036,0.15887438414292165,0.07305918109238017,0.05103121633029789,0.01732841283979312,0.011615288077348645,0.007957822444707526,0.005746270377784805,0.004887445834007281,0.004179412157710749,0.0029738101134497066,0.0017157397634003614,0.00159632269950698,0.0014063129954527275,0.0012730248588801976,0.0011545934741044907]",13.545939542286474,"[13.545491312468796,0.09608053248512834,0.04287120954122984,0.029643279409075907,0.009899310267976634,0.006741142523507333,0.004634546007169977,0.0033109766482829392,0.002767818121838973,0.0023180135923216243,0.0016386656034315065,0.0010113788533331455,0.0009071651367079365,0.0008326866518834191,0.0007106381865865208,0.0006398441415362185]",0.00024401390692219138,0.0016553033114569506
N1000,37,48,v_b,8,2.5252107194002287,"[2.5245356176184077,0.04979676687504722,0.02629345209765144,0.012477572142652974,0.0055510891825387015,0.003890272768519628,0.0030849638368130967,0.0028472515130968847,0.0020718655174174396,0.0019083876399249113,0.0016341397546535262,0.0015247209802776954,0.0013710627095325908,0.0011957312639673623,0.0011495698303983519,0.001098097706273539]",14.809183404711774,"[14.80914370498033,0.029419725109850976,0.015096319204260019,0.0074602711539275834,0.0030635746761624354,0.002233327617782876,0.00177927347390479,0.0017352524743219615,0.0012033623561911503,0.001081045681135222,0.0009169006498971299,0.0008923805764845406,0.0007898347475623308,0.0007022440367921068,0.0006544956914490977,0.000644677426975238]",0.000271169061306864,0.0016229374574651247
N1000,37,48,v_b,9,2.471346399441854,"[2.4699081863971206,0.07323369738097404,0.02982797092189979,0.02510445402776249,0.012315096867817786,0.005348272482074322,0.003930807292630654,0.0030391958529174833,0.002404822185966549,0.0019216181109505397,0.0015618711621317376,0.0013595266895527285,0.0012006569377723151,0.001126814365284248,0.0010471577233504335,0.0009674477793156425]",14.314029558072647,"[14.313947115309215,0.04208648460976296,0.017564345875088032,0.014310943372487651,0.0071793543127684715,0.0031417290679717725,0.0022493245330905227,0.0017368919760598085,0.0013803580744210526,0.001119166982503623,0.0008907171869641752,0.0007829113161549934,0.0006878595824237641,0.0006408498582916503,0.000605980118683519,0.0005318170227738326]",0.0004735994734801352,0.00168245302077936
N1000,37,48,v_b,10,2.423104732091706,"[2.4219260796259454,0.06337257393194394,0.03281838335213532,0.01876875435071651,0.01141190391908726,0.008145655276817987,0.004928303599021449,0.003592480915764824,0.0031215020268116987,0.002599019871593138,0.0022414950936996145,0.0018573420239940406,0.0015552865031416966,0.0013391818911994734,0.0011147781153824537,0.0010034244619380077]",14.347361768798567,"[14.347294117062035,0.03718619876596564,0.018861250375111594,0.010596303410218307,0.006679681216690557,0.0047776666977170515,0.002824709501004115,0.002128431354458393,0.0018297474739747842,0.0014874547155285709,0.0013107049011575223,0.0010570456045025914,0.0008688113853218496,0.0007688105653744954,0.0006294806619495723,0.0005568901584344962]",0.0002429713204037398,0.0016556554587669747
N1000,37,48,v_b,11,2.201700422653029,"[2.194118157866205,0.17097066635387007,0.046321105453399194,0.03396427564843825,0.020941963266581872,0.013957894364640785,0.007763290089061212,0.006170494124097645,0.004950471269507654,0.003940410361738064,0.0032531808761688966,0.0025701397002669203,0.0021550045695390278,0.0017339047336813094,0.0013811668273304917,0.0012496564250216707]",13.142856663429306,"[13.142404685562196,0.10266333329316028,0.026521750227674126,0.019347396890081716,0.012093984119133724,0.007890794610915224,0.004304708495899097,0.0036191933183583962,0.0028009831266048446,0.0023182223371006868,0.0018898378280972235,0.0014622554137983747,0.0012883413098858185,0.0009736087215642592,0.0008116446749604288,0.0007192675628962704]",0.0002423759433440864,0.0016447325071943493
N1000,37,48,v_b,12,2.496245566363285,"[2.495097401885248,0.06749912130354305,0.026297766511503284,0.018950930841341657,0.007001239478199157,0.0049108482651308415,0.004593333272059732,0.0028155931809978663,0.002232750713695879,0.0021040140841507918,0.0018227090179908049,0.0015667878557383927,0.0014822852877679545,0.00135159206726244,0.0012029883373835578,0.0011048340703103616]",14.654724548311,"[14.654657754793963,0.03963321031060912,0.014998732878653297,0.011009179176801259,0.003958927792652368,0.002851962892446953,0.002738074852686806,0.0015201463454119267,0.0012738325353962262,0.0011867098203338683,0.0010517861246759899,0.0008935613159637218,0.0008200309172134153,0.0007686465683934231,0.0007011875758316858,0.0006450461982468292]",0.00029268430080264807,0.0016550439238493745
N1000,37,48,v_b,13,2.5894622550792197,"[2.5890427666562426,0.03894329413618216,0.017690686966247204,0.013492679734736335,0.009642142820182286,0.005114501360171241,0.0035040564718147554,0.002878520472365333,0.0025901289274405147,0.0019507199461465312,0.0016346655825154814,0.0014380899804122193,0.0012801496456737896,0.0012658809990379442,0.0011692195803353056,0.0010835026715450675]",15.196130254870978,"[15.196105611758513,0.023068173843841216,0.010154591830320072,0.007746607169886662,0.005506320899722138,0.0030917069104207683,0.0019948393326096573,0.0017040819238736493,0.0015018303032335218,0.0010969513514474554,0.0009322900522376145,0.0008273892290578131,0.0007498216409112266,0.0007373032480828416,0.0006693904923491033,0.0006041663492649178]",0.0004612135235220194,0.0016682751580789185
N1000,37,48,v_b,14,2.5946642883589393,"[2.594161566894533,0.044149626541125093,0.01719371717547306,0.01504482081758403,0.009126409212385275,0.004092221858496754,0.003337042745808084,0.0029958802021074213,0.0019823392423575833,0.001922429801320198,0.0014423963081743945,0.0013618499449434504,0.0013202491850488917,0.0012827753322731414,0.001109819831660851,0.0010219929536864816]",15.115470509705286,"[15.115441612172823,0.025653446526817985,0.009787171038632447,0.00859969516148841,0.005253046993096401,0.002336290056685063,0.0019362678695082017,0.0018171375873096125,0.0011526731547069995,0.001100200106339975,0.0008011758773273756,0.0007738196935453191,0.0007643789902599319,0.0007180156775013196,0.0006467095596243462,0.0005952020028600104]",0.0004466096288524568,0.001704992385795831
N1000,37,48,v_b,15,2.144875524265768,"[2.1406715974746118,0.11615858678760382,0.05381657829886168,0.0341709642718258,0.016046270847420066,0.009221870421619859,0.006151979279011125,0.004932470315539875,0.004182319220288649,0.0034503418161561878,0.0027355823619812985,0.002681671488947504,0.002127867694075578,0.0017502581386903593,0.0013297302949969573,0.0011390912916119991]",12.904247884309445,"[12.903998272472807,0.06982398042480445,0.03202463923986732,0.019645703653162563,0.009332327066234845,0.005339565979502179,0.0035748338146584335,0.002933245105714022,0.002432143467441105,0.0019904330703925653,0.001587331822323788,0.0014621970737724692,0.0012718145691125525,0.0010001018244106975,0.0007542091963926673,0.0006452116457845175]",0.00024237664911197498,0.0016648835646883267
N1000,37,48,v_b,16,2.420252486851716,"[2.4191946726465448,0.06150268927178315,0.030154798209912445,0.01341641062215122,0.010071222729467996,0.007816848372941528,0.006676952280628801,0.004146425860374071,0.0026078644039263825,0.0022868980138217873,0.001805281922318925,0.001497907972140408,0.0012773651883420639,0.0012065499016391107,0.001158588871894724,0.0010356958026036484]",14.388668884772693,"[14.388608897737818,0.035780472922231916,0.017276449883247166,0.007790561771969594,0.00617175030746062,0.004576645056198016,0.0038599870180698673,0.0023318294619748274,0.0014891284672012373,0.001300765216672568,0.0010269415856642315,0.0008542143040107913,0.0007240825825483486,0.0007142025371593412,0.0006496681030239671,0.0005739387385609714]",0.00024300438508362276,0.0016578729453308584
N1000,37,48,v_b,17,2.4259335362729404,"[2.424386010881631,0.0761337400448294,0.03518180311129676,0.012489909099419294,0.01052929464915203,0.00886710272785984,0.008073274145150779,0.004402040709826547,0.003893018623112347,0.0032301368259598532,0.002406070092483427,0.001963957203523713,0.0015226478482414081,0.0013029913746074753,0.0011927446737860928,0.0010804379314870716]",14.386356356080853,"[14.386266738836923,0.044524312546322616,0.02100188815483399,0.007332380507512787,0.005926298272563336,0.005001398426566935,0.004556415433705986,0.002536594572066082,0.002258521452954488,0.0018469161900135714,0.00144365463430343,0.0011027184349965036,0.000862286563925499,0.0007581327309789992,0.0006521859357904385,0.0006161480317941874]",0.00024385895812883973,0.0016678116720345408
