asset,global_task_id,teacher_demo,family,layer,b_frobenius_norm,b_singular_values,delta_frobenius_norm,delta_singular_values,reconstruction_max_abs,reconstruction_relative_l2
O1200,5,46,q_b,0,9.511342961489751,"[9.49900167861019,0.40918141369624034,0.20367252547962084,0.11048753676938358,0.08628603642865504,0.046199147535795904,0.04080125384227214,0.02756365813350077,0.021551927828805616,0.018838141141722033,0.014160408773427705,0.012581916081589291,0.011048664233631392,0.009185099905986071,0.007555482280013145,0.006839000810330557]",37.2114896967455,"[37.21036913962702,0.246851953256549,0.11888658855535814,0.0629051423780231,0.04919506019060306,0.025833089270710104,0.02325997590467083,0.01558210991902862,0.01242607229236109,0.010851698486446173,0.008305463334600024,0.0072959945015959775,0.006176022901604966,0.0052253356691955395,0.004452735724925293,0.003999346575003598]",0.0004882289331362699,0.001667259641432563
O1200,5,46,q_b,1,9.153671197333566,"[9.069536385289325,1.1411472621906247,0.4548197964568896,0.09309031737000245,0.07139181575549985,0.060767483484667366,0.05313830446327223,0.03607122341753446,0.032961374737220696,0.023582451384485018,0.01896251443510036,0.014229129766075566,0.012266123106054284,0.009726270871631557,0.007671321743619013,0.006276047720871016]",35.73709365601749,"[35.727663442276814,0.7711311294779492,0.2668211143303726,0.05555460616473496,0.03989264773029508,0.03547337530334569,0.02988730444389049,0.020519955239203237,0.018618792096474306,0.013638703496268764,0.011403110652061054,0.00800236394800336,0.007078280784017191,0.005563952147428342,0.004345069166587679,0.003756235278892842]",0.00048506748862564564,0.0016555521405261634
O1200,5,46,q_b,2,8.93878518732943,"[8.68136278265154,1.8570453631081696,0.9230271441453466,0.41331374047873565,0.15897973779895577,0.156793806161389,0.075338623097493,0.06992613044971506,0.03762263024220016,0.027598965017314743,0.026136376760403267,0.0205187237016874,0.016739046219550087,0.01401321726025859,0.011381008107738348,0.00917662692552327]",33.262485724543566,"[33.225565381267344,1.430444874941541,0.5732546081721291,0.24172453113568979,0.09180982054083685,0.09035964958954207,0.04528075509904165,0.040039561279573484,0.021205504561716354,0.015830161239190274,0.015293901315716923,0.011668582918602432,0.009322124056077992,0.0077454210724622885,0.006627849289135643,0.00538185172517856]",0.00048798590432852507,0.0016563102036631226
O1200,5,46,q_b,3,9.353772191813936,"[9.327940726244904,0.646501329993094,0.2185169292442504,0.08612265703657344,0.058611401699604534,0.05116581091863452,0.035773630336511715,0.03020632729208749,0.020246880969968507,0.01547907772807734,0.014291205545213244,0.010112205005205495,0.009656499583436954,0.008338843716196486,0.006934376854759527,0.005742760109499048]",37.110436246582346,"[37.10807659181457,0.392202919914937,0.1245792594749724,0.05057792824757137,0.03388335637720266,0.03079667633266122,0.02082677735899901,0.017513374583210634,0.0116002713729516,0.008825888370646413,0.008137941028087228,0.005744275199267784,0.00554175447673244,0.004804351487786462,0.004044230323394688,0.003161406994065403]",0.00048771000001579523,0.0016689362413615527
O1200,5,46,q_b,4,8.811766832768129,"[8.338626598677058,2.764375863793587,0.450361086366608,0.40235855091850925,0.24705809421369004,0.17750330597609232,0.06739932202843897,0.06468902521825919,0.05442856455163738,0.040253631639573156,0.03167760424159204,0.026450737345436865,0.013944463933013325,0.011781623973921492,0.009299451471829678,0.008461718437128679]",33.04578320549538,"[32.93631843228264,2.6560738496091516,0.26634379116698637,0.24549741139551184,0.1455324963996265,0.10205005470314572,0.03960773774570454,0.037155792467705444,0.031272407242240376,0.023043295632471227,0.018006814663327524,0.01564408148060953,0.007716037787016817,0.00682041404237454,0.005355444355891915,0.004855983088290203]",0.00048818774666870013,0.0016614113825121634
O1200,5,46,q_b,5,9.53642218070589,"[9.512439513000077,0.6163001757328321,0.2029444747026965,0.1333111233230838,0.10609844449020356,0.04969065266125828,0.03516031265007995,0.032246981306129435,0.026203596561305036,0.021871870906688157,0.01931330083002641,0.013504214747467626,0.01224516862326674,0.008868671293642648,0.00808356100643601,0.006467288411236007]",37.54082226773465,"[37.53882426383779,0.35345280766187204,0.1154112621918549,0.07676308965015262,0.059908239951507514,0.029086768512809582,0.019629327160726445,0.019232336562144764,0.01509869418569162,0.012610749610888325,0.010739635931345554,0.007839192703419514,0.007244726796767073,0.005258208847583869,0.004511625130163363,0.003700442516868068]",0.00048741279169917107,0.0016776713253553856
O1200,5,46,q_b,6,9.85788534084902,"[9.838756769515205,0.5106646851071114,0.24477998754168626,0.16340538982760028,0.1224507197452923,0.08179077798906767,0.058052150768069646,0.040648121038192465,0.02944075908883627,0.027289752296831477,0.02147115333525408,0.01514828588917849,0.012132499522873624,0.010473081443259289,0.008153982107362423,0.00632984595293899]",38.35729288264605,"[38.35552702803656,0.30959453730915776,0.14552532813663155,0.09434535279854916,0.06919644702477169,0.04677190373586306,0.03332740835185951,0.023467755424082352,0.016959577999898806,0.015791232936497528,0.012633429034946566,0.008910764672203817,0.007022861525042958,0.006176850949240591,0.004831185245367249,0.0034959172621703014]",0.0004876547282037791,0.0016900921933402982
O1200,5,46,q_b,7,9.31728034561244,"[9.245590806214176,1.070699622120362,0.3708996951134883,0.1824376519307669,0.08171043967745781,0.052475528860961226,0.03784477479965155,0.02921234205205634,0.026149589267078253,0.01828187178691736,0.017008427534872923,0.013651425767745104,0.011695093450801676,0.008286246003868871,0.008073604655917357,0.00597998705177882]",36.247977629186835,"[36.24082371661602,0.6703451437975558,0.23094670442438303,0.1073261202714269,0.04596072415759415,0.03019201269847261,0.021327264378053688,0.01669292279214907,0.014958451674592936,0.01098282628954947,0.009821008983620946,0.0077107831255771265,0.0068523744900935765,0.004788736964632938,0.004646159340153897,0.003383393398159913]",0.0004871860146522522,0.001657278264381192
O1200,5,46,q_b,8,9.945708782079777,"[9.921665400144123,0.6107732860339052,0.2556504247542383,0.15650015571490802,0.07877749805352395,0.05295865280722367,0.04847481026260712,0.03958626071462706,0.022899428390833785,0.022304498986981853,0.017746287532074027,0.015081458482351736,0.010655644339455319,0.009866512591812579,0.006812452617581068,0.006039193218717711]",38.9692899014775,"[38.96715899939595,0.35940024505732426,0.15396948330037102,0.09184112370433849,0.04439583801113361,0.03015357080383961,0.027322342205643706,0.02274718079118989,0.013356429756095939,0.01272859785280394,0.010362339563698284,0.008822837540755708,0.006205587076309923,0.005471471299396947,0.0038200109098554427,0.0034882111508453993]",0.0004866635426878929,0.0016745512455787763
O1200,5,46,q_b,9,9.971193004499073,"[9.868544446533372,1.4044256511577309,0.1666608967887842,0.1404321280040105,0.09001655825033256,0.05514145249268451,0.04467416505517482,0.03674137960257623,0.027626776472320928,0.02261827411754335,0.019574436482802767,0.013058331155178444,0.011796458013384008,0.008011134840633205,0.0072826397826792864,0.006152014151847515]",37.73225588565712,"[37.72056334595271,0.9273185417923979,0.10094247105062425,0.08019203903742407,0.05289109498527093,0.03304998829928709,0.024914564995034146,0.021708842279540105,0.016228343446181202,0.012867247788295604,0.011275435688747034,0.007625253367517191,0.007037730318691684,0.0045251873100263015,0.004122614102160698,0.0035034336945820588]",0.0004878574691247195,0.0016693588873456944
O1200,5,46,q_b,10,9.994220529857278,"[9.989399092609325,0.26629926908047497,0.10230839881557131,0.08453147045449326,0.060814750875544096,0.03997276213933352,0.03126819698821875,0.022063752928915346,0.01878743940891241,0.016054909044458044,0.012256809760839593,0.010000777958055629,0.009281915272482831,0.007540748295437534,0.005809281717211032,0.004835992752751926]",38.975828379400525,"[38.97539714189275,0.15764296232943403,0.06210137444551399,0.0485541386409081,0.03416501977850769,0.02382242471242897,0.017604836547140568,0.012855868215627002,0.010600042775452071,0.009020162523980439,0.007062098913729606,0.005580203674974623,0.005422721562669654,0.0040200783284495304,0.003475611434597665,0.002785764513130093]",0.0004878188483417034,0.0016754682721784534
O1200,5,46,q_b,11,8.784994291485233,"[7.9511539740114,3.3264831445843424,1.210532669014933,1.0593391915599615,0.4655376913392352,0.23534862318812844,0.11396771948056938,0.08201612363472706,0.06725632961430805,0.04791199759799069,0.03808288918524727,0.03132187816345836,0.02245180742574068,0.018450707007221817,0.012563121508106978,0.010673330826459696]",29.662274126180336,"[29.363243067145394,4.06251066179368,0.7643166863788182,0.6745493976381509,0.27923988387325166,0.13901351563094408,0.06528606130438623,0.047864087646217274,0.037906482976582515,0.02791916134026687,0.021796903136873283,0.01875397006181244,0.013139492628088301,0.010712699521464626,0.007317905159314524,0.006006995307520162]",0.00048743009995178,0.0016513110181917109
O1200,5,46,q_b,12,10.315376085704568,"[10.314160711614408,0.1180253820723557,0.06426010239459876,0.0478401938714136,0.04684139819397754,0.028727158499276168,0.021220559162111338,0.019343530133507324,0.017075187136788853,0.015125409269042246,0.010435597174264961,0.008208883247304333,0.0076476493631695555,0.007064769360933138,0.0064275661611235685,0.005863420144554482]",40.04350552395462,"[40.04340563055772,0.06555356585238527,0.037159165680754856,0.027563573427975902,0.02674944425378256,0.016754733302750104,0.012041775152539796,0.010948383598406353,0.010052049901695259,0.009009367612342712,0.005956505112897065,0.004881606266010373,0.004448741584208605,0.004021645889456359,0.0036492613584722306,0.003224846252619417]",0.0004870973061770201,0.0016636637052549477
O1200,5,46,q_b,13,10.474493615253989,"[10.472321214404626,0.1546798154764035,0.10590539631137702,0.06276599897803016,0.04866798721208763,0.0356617203893203,0.028949663289099023,0.02876604866944796,0.021174619940003487,0.014085593276680892,0.012958950810171798,0.009519647402034133,0.009093516777901834,0.0071904765004772555,0.006607416234854743,0.005850646599893011]",39.803515733597884,"[39.80332160773416,0.09122162708303969,0.06141112125807369,0.03565624066679572,0.027810111550664676,0.02046034652277896,0.016553079781758906,0.015857186356241598,0.012078891022549797,0.008222241488780934,0.007698720141560136,0.005336892434878787,0.005217926305861294,0.004092208260734497,0.003902044990240178,0.003424638279337088]",0.0004883302390226163,0.0016581179724300646
O1200,5,46,q_b,14,10.2474996093084,"[10.245963400457399,0.13409572161038583,0.0715290191090415,0.059877842795210516,0.048869582868704735,0.03012267015289022,0.022140528006178377,0.015955433666141574,0.014121711030745929,0.01262479929790222,0.01001788161789143,0.009931999565170999,0.008883586645654935,0.00692002395446918,0.006531174739856507,0.005581927258645648]",39.84332726939481,"[39.84319090724846,0.08060867137638227,0.03954607396475947,0.03466041723376291,0.02850288960638107,0.016971980436142328,0.01292935103563112,0.00916073922799574,0.008170433825543921,0.007385020721127813,0.0058970250016524995,0.005595523988499489,0.005158763378177435,0.00386895709390066,0.003634475576348623,0.003083791996502041]",0.0004882375942543149,0.0016614575985477336
O1200,5,46,q_b,15,9.270819919764435,"[9.14588223461877,1.3734335188607871,0.5978324160773236,0.15785189138775882,0.12898295106580235,0.09479982297821062,0.04763207338945444,0.04368990701015523,0.03072025534491857,0.026205106010256204,0.018566128306015034,0.013488360263390738,0.012237772742466287,0.009082113890943327,0.008215600700029912,0.00645244248392287]",35.04039744280598,"[35.02507266905127,0.9631427594444038,0.3569559215159331,0.08890968330302373,0.07531500513045145,0.05324652211523598,0.027125418560888844,0.02667686594057211,0.01769502331355989,0.01507847350772732,0.010333014660135104,0.007680358338237636,0.006822589949563455,0.005252123308559235,0.0046597666808332995,0.0037384259604904863]",0.00048763552331365645,0.0016667585024661238
O1200,5,46,q_b,16,9.857223493811777,"[9.848318195565092,0.36808279326094484,0.127556511710514,0.10353716063717774,0.06740928588667118,0.05810458942398931,0.04429849754935034,0.03350300409373164,0.028563175559241094,0.021319691314426927,0.01672473944870312,0.013818886520987953,0.010324834740341193,0.008391684890832377,0.007232911583639389,0.0057281914111706285]",38.744525554061134,"[38.74371841405711,0.2212545396122589,0.07462283991917358,0.0610817117111868,0.03797751423638891,0.03351322855773049,0.025725001363631303,0.019435845320597018,0.01665116783174128,0.012949837790507797,0.009505694597549734,0.008083818688788798,0.006069187658650539,0.004568461079827842,0.004100209535191242,0.0032568412072845627]",0.00048820698793861084,0.0016837198413904287
O1200,5,46,q_b,17,9.909328749460162,"[9.896808161417411,0.43293788844807835,0.21513094584865033,0.0845600278997757,0.04983840802362539,0.04019281146900271,0.032312002617797944,0.028078812426969506,0.0193101195601076,0.015714848903969774,0.014022943016932092,0.011727698083631574,0.009445373670112778,0.007615422308092133,0.006793558037338114,0.006192585770496413]",38.67589018173454,"[38.67477288120884,0.2565374911741872,0.12542988045231956,0.04972909508403389,0.028582386294938828,0.024538631614001903,0.018644673792754907,0.015879752724475563,0.010961196660554676,0.00917699040623695,0.007929933820901475,0.006600715351593281,0.0054512081065744575,0.004475252427732162,0.0038050171805771617,0.0035898012309263008]",0.00048809249710757285,0.0016774873908739847
O1200,5,46,v_b,0,3.3400566697411853,"[3.3345666082171013,0.16769063564189016,0.07279157051313678,0.03941109299943677,0.027281972437005312,0.02046246379943626,0.013974652565429268,0.01034167293525091,0.008356786296298881,0.007013527477570442,0.0066250661604286614,0.003930733807052984,0.0032662629803684984,0.002744466240181788,0.002422839504611408,0.0020972081078763955]",22.612453362833055,"[22.612104707813735,0.11303116907063025,0.043553749961869066,0.023145500404209273,0.015950680310021923,0.01171282175454572,0.00795856349609587,0.005861157432850934,0.0049424079446802535,0.003907537158810941,0.003872405014297252,0.002342057991890518,0.0019395020192738421,0.0016135686876529614,0.0013566854770078194,0.0011796186118139497]",0.0004867546376772225,0.0016634990462883151
O1200,5,46,v_b,1,3.2555122728535744,"[3.223576404360354,0.42568890983865315,0.14747325718606719,0.03607322320131031,0.033500146685763774,0.0298051840773327,0.015441210551620448,0.012953349230694406,0.00960088054421786,0.006972269087133909,0.006361484202905727,0.004449375079404648,0.004093649286522476,0.003205051563256709,0.002423287592157249,0.0019622443987573767]",21.42282758120393,"[21.419711265520018,0.3513111989005096,0.09348524314360328,0.021444804279639545,0.019724070740809948,0.017068773801755883,0.008937335821800627,0.007412197628544346,0.005462583118545453,0.0038013001208579127,0.0037182748446170366,0.0026012696961838487,0.002272412439532548,0.0018683221875585895,0.0013965295869322644,0.0011232349051023957]",0.000468069949420169,0.0016566176259372465
O1200,5,46,v_b,2,3.1619524824584904,"[3.0652798404550943,0.6968138556522384,0.3003193152754675,0.12649599122015504,0.07273941055584521,0.05609684615444634,0.028780462937414986,0.021991898208098395,0.013052076019205884,0.011426329378335287,0.008591081182597602,0.007721177048879895,0.005685759529286244,0.004472386950441677,0.003728229355123811,0.0031807704456094615]",19.541378447116404,"[19.51906523262909,0.9061955137343297,0.20218427425033003,0.07628296471912305,0.043563028433061826,0.034521186027642946,0.016388056799174013,0.012310355636419476,0.0073956089345944285,0.006447679348770686,0.004945652074371178,0.004555275067322066,0.0032093082657244573,0.0025741795603160885,0.002221165732417038,0.0018102451384777278]",0.0004818927263841033,0.0016623683391486569
O1200,5,46,v_b,3,3.3216748998375554,"[3.3116762062245955,0.24061105997353077,0.08120553431414108,0.028766398658886732,0.02048734863772171,0.01479156546339102,0.0107690342894723,0.00985600765364941,0.0078035956333748074,0.006202836184633112,0.003987159034261451,0.003799228899945223,0.003480684170284044,0.0028197120323409353,0.002100186333328855,0.0018719590803167633]",22.320936115411424,"[22.320276804283694,0.16316297338797883,0.04677106677067167,0.016962935106774713,0.011730956853852082,0.0085955732666054,0.00622462637569456,0.005656092490570378,0.004502831155447688,0.0036709935130747624,0.0023496620455579365,0.0020931490377485576,0.0019642068395804243,0.001624495545816818,0.001227719549062546,0.0010601198585909858]",0.0004775429842993617,0.001653287725503085
O1200,5,46,v_b,4,3.074648765247996,"[2.9370650412033084,0.8685267338439507,0.19243923118033504,0.14785438480235158,0.0946829245643335,0.05392192643604819,0.026032326055564332,0.021986544686161298,0.020410767112696716,0.015108247943393433,0.008657798884967881,0.007192068629118136,0.005468592757437569,0.00497733327270123,0.003960079285830739,0.0024668183064751803]",18.68516482023897,"[18.618226219696556,1.5716820190298162,0.11450010934983887,0.09264634362712698,0.05909888149083972,0.03155055277273864,0.015660892014604178,0.012071090261467115,0.011914643025121043,0.008454159009683227,0.004940826602253561,0.0040368323485739195,0.0032463465032514438,0.0027919844328661548,0.0022780211099744413,0.0014318408165563013]",0.000485904049128294,0.0016905681363526565
O1200,5,46,v_b,5,3.3481575477843832,"[3.3388694539127775,0.2263400026984725,0.07840389864339704,0.0513448735138293,0.033583099739218414,0.018856615156947677,0.015244977936330605,0.011596657861845851,0.009176108474840171,0.008358259317486216,0.005914788476251711,0.004976118749611511,0.003366399222026081,0.0031948845340071075,0.002481950652283056,0.002161950136244482]",22.656786039205308,"[22.65614217385067,0.16004072950529788,0.04523993404642938,0.028511048713117812,0.019408653924839328,0.011033699907165804,0.008823604897545747,0.006779554474280286,0.005257395993052829,0.00471564597435995,0.003400267401525788,0.002953039510514956,0.0019103329185673832,0.0018011457925800585,0.0014429660515333878,0.001210693731098689]",0.0004853468853980303,0.0016538122198968808
O1200,5,46,v_b,6,3.438813064870175,"[3.4284432102831417,0.23166420534303786,0.09128969566891024,0.07441463159068394,0.04398422364075372,0.028031779285073662,0.020584893590061683,0.013504151411264948,0.011482726154300453,0.010244775187591202,0.00673463096154615,0.0051913753838544905,0.003941482755149129,0.003362830290524298,0.002557995097744423,0.0019506884318854746]",23.477392965786503,"[23.47673548308148,0.15760408746219187,0.05348530289663745,0.043576381436023756,0.026002991834780283,0.016520327238656814,0.011899354637366443,0.008221316265510826,0.006680938172360683,0.005742447857241997,0.003992734015192769,0.002981038819814381,0.002269336354327541,0.0019321230127568704,0.001444700250131181,0.001108860346998394]",0.0004853190330322832,0.0016392833098184839
O1200,5,46,v_b,7,3.324204877887992,"[3.2986583846225943,0.37634548732320394,0.14908092873179313,0.060639419877498435,0.026022399332342634,0.019186647627518108,0.015797298751844935,0.012211671506763675,0.009259764309757446,0.007010407988506987,0.004934140305551983,0.0042020607845405025,0.003408652298739402,0.003140904496306999,0.002331172519391293,0.002227195477516351]",22.161257093599847,"[22.15924016487268,0.2814325466516931,0.09159653711386832,0.03537867074884967,0.015136271419447641,0.010980535171958251,0.009019922221596742,0.006916388971512015,0.0052035674625331265,0.0039007291333322514,0.0028047137517206106,0.0024420911567831238,0.001975031129675526,0.0018051629356019554,0.0013279485542736175,0.0012287046335964817]",0.00048660215179552324,0.0016815393282024976
O1200,5,46,v_b,8,3.497397065475483,"[3.4880154234704177,0.218769181576534,0.11651189826540645,0.04450097341628003,0.028881601722633436,0.023828488572928453,0.01893190098882478,0.012382153956023314,0.008559204368003255,0.006384135324263572,0.00566098872592826,0.005031869319425563,0.0036124388233072274,0.0030122082549914166,0.002695084195655815,0.002208323900212349]",23.89361863458892,"[23.893084645108182,0.13844967854032958,0.07030654131997705,0.025911631057912235,0.017432183316426028,0.013760175712214249,0.011034206056864504,0.007144913711637819,0.00501735211970585,0.0036196284146402975,0.0032313621284613702,0.002937703374921779,0.0020878040445390066,0.0017081981308065919,0.00156140021657015,0.0013311228942764904]",0.0004630073672160506,0.0015899309653570949
O1200,5,46,v_b,9,3.543529660317507,"[3.5144631215825664,0.4426759657297517,0.06952545165013335,0.049435218043397386,0.03181960746123722,0.018598113883244782,0.013991242290026785,0.011387890087989115,0.008449178514807336,0.0072190251348580895,0.006857190561212501,0.004574576057990872,0.003935080876991515,0.003155924371092022,0.0024934635105489126,0.002202668888549867]",24.037053755761658,"[24.03378428058461,0.3924789764880773,0.04041996806266676,0.02900699303257272,0.018772175014065147,0.010752388841791805,0.00805773069865277,0.006584898277898102,0.004791868909017467,0.004150322330533655,0.004043317474744348,0.002581353268322425,0.0022554041577350025,0.0018253644158490402,0.0014382476702752768,0.0012257969745152384]",0.0004858181746385526,0.0016707542670414222
O1200,5,46,v_b,10,3.4205167743837963,"[3.418359837080209,0.10513456781210577,0.04254832927368002,0.027637354907771312,0.02161117973627662,0.01690535327467783,0.011883883078051981,0.00960836704456606,0.0065271514119709054,0.005750008800336659,0.0046581560771173655,0.0038959154757287453,0.003239078057989883,0.002470024744613334,0.0021499410793503243,0.0018514285378763559]",23.732127494726495,"[23.732013112728062,0.06438264800181906,0.02530536908348259,0.01610694827265042,0.012928886657068886,0.009804804059957274,0.006827639148698644,0.005423770162133827,0.0037025048697164747,0.003320125090669835,0.0027369520781835265,0.002173473213530806,0.0018040624990688934,0.0014141642266320487,0.0012355795747009226,0.0010345768645335868]",0.0004879303778579924,0.0016442919180147848
O1200,5,46,v_b,11,3.089048339651128,"[2.8570831565216106,1.0297287293880268,0.4115154394439613,0.32888699049493436,0.16192300915513078,0.10372324935911827,0.04758746137033082,0.033525457872580745,0.021190857781809944,0.017874919363840575,0.010949163521843962,0.009691378552928433,0.006364649130098859,0.004897901219198776,0.004200719119401537,0.0034645762580644505]",17.7216996623492,"[17.55562431526302,2.3831779873582883,0.317548459350887,0.2501965508483177,0.10178395205124056,0.06245246257221448,0.026726620105506794,0.01972295289636589,0.01235354041604354,0.010142178690485127,0.006228710484643381,0.005609659487091405,0.003722931304484356,0.0028317367452458464,0.0024651733014623292,0.001970118987266685]",0.0004835891886614263,0.0016473578797615216
O1200,5,46,v_b,12,3.5266570770017007,"[3.5261537956443347,0.04665235741986498,0.022144577300096353,0.017640730134660953,0.012967230602138792,0.011933346481254216,0.009492727967097218,0.007432237112544359,0.006509675270951598,0.004898259747064234,0.004575125168288071,0.003041090516276712,0.0025410526616213383,0.002374058980287221,0.001936820989082195,0.001797512086035636]",24.243117140206618,"[24.243093658806895,0.025747147681618284,0.013558067529638647,0.010021262408717934,0.007554107110187668,0.006974284759031945,0.005452762145005206,0.004228523020060014,0.0037844522573431804,0.002818235426915686,0.0025962935771953397,0.0017402589060764304,0.0014479164401458577,0.0013361864729353945,0.0010725977905755976,0.0009885798098762855]",0.00047968232138373423,0.0016083531740904967
O1200,5,46,v_b,13,3.5678178808074366,"[3.5669702559400145,0.051212555010616,0.043617510212327265,0.026696917850173415,0.015899514047221997,0.013451516098597445,0.01173760934952691,0.009863686700261158,0.006747964316088921,0.006234233667623754,0.004628825274788719,0.0031499363786405507,0.002886210803199116,0.002786291669399269,0.002168267567313827,0.002083262909625952]",24.689881900950134,"[24.689839423442063,0.030432402608643154,0.025763254071895815,0.015450906103573496,0.009059123999774986,0.008116208473106406,0.006508221529119292,0.005740193082222168,0.00377956483996507,0.003560441953660335,0.0026149779232368495,0.001869494458268272,0.0016884173209999673,0.0015909231491746942,0.0012461628589699172,0.0012015003285558482]",0.00048806745326146483,0.0016188405815430146
O1200,5,46,v_b,14,3.5114229141696898,"[3.5107482246289905,0.05570146259255812,0.024296827384301164,0.019175124647627596,0.016877318319453938,0.010837250518924079,0.00901263507409831,0.0079045645978003,0.007352213476905831,0.005267243730585716,0.004135751089245928,0.003669797223849529,0.0024776358127661657,0.0021985444440461143,0.002033701535679544,0.0019059609618164721]",24.06306231805181,"[24.063028803007406,0.032912381892342316,0.013992023015455539,0.010378709954490778,0.009750307874063212,0.006225319513946684,0.005275184842822672,0.004609290354586528,0.0041798552744825804,0.003011315527164342,0.0024447162407567106,0.0021490761059058928,0.0014537283737801833,0.0012660534856377172,0.0011610707769360862,0.0010648716287776877]",0.0004838574823224917,0.0016372437004454933
O1200,5,46,v_b,15,3.2675015413936204,"[3.220345195463877,0.5060710506980934,0.19767576881192223,0.08166363014855502,0.041142828396261606,0.036481337390613426,0.020505495723459912,0.01727712067115258,0.01371477762329075,0.00939161818299071,0.00507872096481938,0.003966725241482294,0.00334037635038299,0.0031976310645615213,0.002378617826388854,0.0017656072667461145]",21.234076121521316,"[21.22915230582172,0.43226359748377813,0.1365394957909989,0.04610198040568447,0.02515426246641817,0.02176785855247242,0.011648939932408028,0.010206863689799856,0.007763812408738023,0.005497768858105242,0.0028976417914792323,0.002342322305388881,0.0019317977951378385,0.0018511912263000077,0.0013642521488175844,0.0010035593539976166]",0.0004872175632044673,0.0016558772591135518
O1200,5,46,v_b,16,3.4572557015717686,"[3.4534733531874218,0.13835504883247174,0.060103899177797404,0.04173138184610544,0.026508849738532146,0.020721097263146897,0.014488283040516251,0.010809137892125335,0.007811837979264882,0.006959145356163612,0.005168871434878686,0.004057063065699766,0.0033819696343954115,0.003257586780731746,0.002371748894709862,0.0018818406569497893]",23.742553572050756,"[23.742346512038537,0.08595334095157514,0.036464244755666925,0.0238228759065593,0.015301184333256631,0.01206245390631962,0.008370621570500756,0.006212951222529962,0.004401053942016285,0.003921151961366517,0.0028314031282904166,0.0023170234229584735,0.0019841462955276982,0.0019025036429394463,0.0013985748246962237,0.0010662954895162447]",0.0004813029809156433,0.0016338778497021079
O1200,5,46,v_b,17,3.4119186505599397,"[3.4044926849137807,0.2051900212440318,0.08108192193441495,0.02852899037112184,0.02046691195863847,0.017645609580115094,0.011933608159496107,0.008999197775986591,0.00772779753995046,0.0063847872798658755,0.005355523797448511,0.004017947408913978,0.0035591292038266377,0.0026863877845616853,0.002412523019686113,0.0016240070306570574]",23.482171018320436,"[23.48172406589595,0.1346789841457339,0.04667255979398674,0.017272624289911984,0.011655778134573315,0.01042736207633063,0.006854048557585109,0.00521552844362476,0.004421385693502086,0.0037083758400700073,0.0030567782283916108,0.002235086752551079,0.00200209697731229,0.001515121317884592,0.001408644477431343,0.0009117992775493341]",0.00047367915976792574,0.0016326394318270773
O1200,5,48,q_b,0,9.57412794264545,"[9.561724497140565,0.4109685382753195,0.20587097629497864,0.10321163597786796,0.09385107163075808,0.05387666782126774,0.038323814767866185,0.026185363498473953,0.022094890118317403,0.018354240974607867,0.016949025113504344,0.01097086492920547,0.010861659897128218,0.009393326258107255,0.007910458412667014,0.007299213919672258]",37.315743556200275,"[37.3146077195181,0.24869899677331303,0.12021347125648871,0.05836291189830271,0.053834000989204954,0.030717179962489627,0.021901855849621548,0.015167605289681349,0.012402195353086554,0.010506652226247273,0.009790526881786912,0.006439076787433306,0.006212875474385978,0.005509489643518901,0.004375894246867802,0.004263333906621316]",0.00048824941040948033,0.0016918600499513728
O1200,5,48,q_b,1,9.157912768974143,"[9.072118748403522,1.1581715976983709,0.4396518148282606,0.10296767640545229,0.0846562473760135,0.06565939183771555,0.05613555371743542,0.0379571318542586,0.03426492754516962,0.023889646726565534,0.019159679703145173,0.01445100885408044,0.014227629254270147,0.009176715073256887,0.007745988098458761,0.005748485769529544]",35.66527839889447,"[35.655523056683855,0.7866337684049225,0.25906889100713487,0.06164072805713615,0.047663752825042593,0.036524201845595815,0.03306448332762671,0.02145883447158948,0.01945719930677638,0.014132572611885283,0.010776882659526673,0.008453575879984429,0.008109199729499644,0.005196465335659199,0.004438987490314458,0.0034487777217803326]",0.0004876700695604086,0.0016650198384718844
O1200,5,48,q_b,2,8.956002901424219,"[8.719410335978033,1.774384424985113,0.9081673920163666,0.3752243133943206,0.16172854567717704,0.1613383310376662,0.07983001748520613,0.06832446415957072,0.03862019312578902,0.031801454867813404,0.029141033532251778,0.022786982966417513,0.018501649954403353,0.014899526511758536,0.011987345749842395,0.007964478964948918]",33.379158326902676,"[33.34644740565124,1.3396639351109554,0.563093718707775,0.21918638554092354,0.09452063692089865,0.09252001694762484,0.048219461246835155,0.03879276816651617,0.02229331798092121,0.018076095025508786,0.016780734531535176,0.012813827711383338,0.010247427676561805,0.008461766914385159,0.0068969223456451685,0.004643808157340534]",0.0004874474834650755,0.0016683020908830944
O1200,5,48,q_b,3,9.325563333642888,"[9.297467009685944,0.6593110553859894,0.2714099217353586,0.07554509863085487,0.06518863778869992,0.04093306987331204,0.03643361529390722,0.026644638899070556,0.018985105685982922,0.01692252919797423,0.014808077756133268,0.011483789853037314,0.00830415851921151,0.007574857087424842,0.00722855689763545,0.006184343536251971]",36.95071242138681,"[36.94814933968906,0.40095860827968627,0.1535568870872561,0.044138654465899534,0.037240732818720874,0.025270787725992224,0.02133748583623405,0.015334027940558567,0.010895874202024392,0.009580589415237865,0.008584688867705342,0.006506812993861178,0.004769787915647353,0.0043403405884616,0.004141879019527888,0.003447122327201874]",0.00048667495138943195,0.0016589328225699923
O1200,5,48,q_b,4,8.784190939751307,"[8.345385946557663,2.654502594277535,0.4637386765178807,0.4005201587753612,0.23056834714002014,0.1589971464123416,0.07463993502847521,0.06440953207934354,0.051386490508335735,0.043264621068612875,0.028311542562541408,0.024804029140776136,0.015466076869098785,0.014362108818722696,0.009184486166809936,0.008325783227576261]",33.163393983823575,"[33.06917266278918,2.4643565598901382,0.27393357604691204,0.24595807517158197,0.13490265961293083,0.09104857492635801,0.04381268000428681,0.03667119516931176,0.02954495746907184,0.0251500204316582,0.016184536602518788,0.014823980921131909,0.008756976759470304,0.008027752608089408,0.005290023423863069,0.004749980339961198]",0.0004876097082160413,0.0016660854723583433
O1200,5,48,q_b,5,9.516179169096311,"[9.489242893793579,0.6561934454218361,0.1983860643712266,0.15050841141689983,0.11204877717464005,0.04389962818895147,0.0405138452843995,0.0368985326698894,0.026480702533328904,0.019777420307593226,0.016795303961706785,0.013117745806532794,0.01124559152864599,0.0091312481486183,0.007619832313101579,0.006017903356643809]",37.44108333923727,"[37.438845256864965,0.37562818800587033,0.11271950849014807,0.0865235303500805,0.0632820063950547,0.025699112320721036,0.023809105533748237,0.021300372779890654,0.015393844239835947,0.01139015175426437,0.009312384401580337,0.007652022587384997,0.0065280725508762676,0.005262489918921327,0.004388540698232469,0.0034232793188394206]",0.0004878965285115555,0.0016846829844970334
O1200,5,48,q_b,6,9.872161497688863,"[9.852263031359731,0.5433392228908221,0.2243087427032277,0.14217805488827914,0.10977708454478372,0.08573254480131048,0.05577253905484586,0.03832266417519704,0.02993016295561796,0.02604502775846324,0.0241582258666325,0.0157497723440718,0.011797458057835218,0.009666559429567912,0.009142739995441426,0.006078587912624563]",38.3464217319858,"[38.344574618937955,0.3302060298717742,0.13080678440418883,0.08185063252476733,0.06283711080940355,0.04931118784058382,0.03174960493969836,0.022094784418929224,0.01734148268535171,0.015137022675428803,0.01407129422876547,0.009372420758653879,0.006778788632137808,0.00574487563207504,0.00534695393534572,0.003379163759025879]",0.00048816483467817307,0.0016820576080425736
O1200,5,48,q_b,7,9.335263840327427,"[9.262446399390601,1.0560045093889296,0.4414290614105999,0.18021305060077555,0.07216820276514334,0.04885620922634455,0.04007789753668525,0.026557119804025826,0.024500366639497746,0.021250941350844713,0.017627534410861907,0.014531549303534529,0.01066096199075765,0.008267656151096755,0.00733127938262674,0.006289817039755356]",36.23992761205878,"[36.23268413620634,0.6587563185256285,0.27570936051962014,0.10563608151195394,0.040728770872546526,0.02836146881020918,0.022570234400204798,0.014946467931332119,0.013967968867693047,0.012718104551299831,0.010191604538124729,0.008374518543352895,0.006264457099070418,0.0047629070363102545,0.004211446966702648,0.00354316262458125]",0.0004878689105680678,0.0016737076520497748
O1200,5,48,q_b,8,9.95106060501784,"[9.924740111750541,0.644306925086898,0.258677650658499,0.16564162774412589,0.07589150793360956,0.04753526781871074,0.04643362055594967,0.03931049825246615,0.02428294466699611,0.022565588597327074,0.018152890130267423,0.014741771168482902,0.01080393555703324,0.009692668459086808,0.007101817331278198,0.005554034993278437]",38.86515779251739,"[38.86280574414131,0.3805090689312822,0.1555726226672132,0.09713924271973112,0.04265565396246559,0.026717738104775565,0.026235604019092026,0.02296244515242114,0.01386419974527225,0.013181984706815442,0.010613765087724502,0.00849506037556606,0.006065624587188123,0.005552570865818397,0.004029451820812622,0.0032131262776638704]",0.00048754416638985276,0.0016724730708425116
O1200,5,48,q_b,9,9.973343695194428,"[9.863030163516743,1.4551603766953,0.18304254543822598,0.14370634793671,0.08690923236825594,0.05702277355783358,0.049560826979578775,0.03313493218051899,0.027071011869878786,0.02549177403384558,0.01836454392172125,0.014677441839707484,0.00995361501935065,0.008947430487331109,0.007391743770785942,0.006671786511205429]",37.54485975493749,"[37.53200057832036,0.9699676135610434,0.1097606038775692,0.08310465154029403,0.050743557383778275,0.034067298672255795,0.02779854139299718,0.019652106714952187,0.015590512714907344,0.014711460103398721,0.010743421482745829,0.00858609307390918,0.005872752966357331,0.0052300168628442905,0.004043825118889157,0.0037921669474009255]",0.000487549405079335,0.001669082666086627
O1200,5,48,q_b,10,10.044123342662928,"[10.0396145605234,0.25462082951073045,0.10637726882621545,0.08336975268730504,0.055951905733187986,0.039367620023778346,0.03154072107791698,0.02359714745925941,0.01837272560953078,0.01733486309402693,0.01375831952413623,0.012117661133587091,0.011003216664215634,0.007489802646728434,0.006165297779015146,0.005776055789483324]",38.963545797489274,"[38.96314356604852,0.14974336630085797,0.06414307848513953,0.04846116627159469,0.03165458773144556,0.023584499432433844,0.017814739251472134,0.013768659886820812,0.010352642680783666,0.009899492997985674,0.00773437611736664,0.0069186205202923295,0.0063145530966598985,0.004196318498245805,0.0034797498795215904,0.0033212615664046383]",0.00048713324940763414,0.0016777910619858612
O1200,5,48,q_b,11,8.801051708791112,"[7.998335206637626,3.2527503462228955,1.215858795848434,1.067815558798268,0.4657277977344571,0.20344506082813166,0.11197297955531668,0.0785219052725102,0.06144070787583404,0.043496443541223125,0.03645657448837863,0.031354083143652504,0.023632886368247792,0.018478238769254775,0.01492328059958771,0.010953199756577724]",29.743699645607204,"[29.46819936465442,3.8931472600182992,0.7660857029219547,0.6834433740430296,0.28049957631420175,0.11996413400638922,0.06388441473890098,0.04570800733226553,0.034885525716732965,0.025197746662713627,0.021702685439215236,0.01841954982536163,0.013625731373375185,0.010546085624342226,0.008836451211793018,0.006168706547756736]",0.00048723164945840836,0.0016610469504274015
O1200,5,48,q_b,12,10.326240877030909,"[10.324930727696922,0.12084895074953643,0.07239249612049671,0.049874174648030845,0.04712035172829043,0.02747265374256962,0.019495026385551083,0.018840097015872116,0.01787667101043254,0.016695114598684013,0.01218314181645886,0.009182290816558645,0.007840270102423086,0.006850935903429712,0.006463981793361516,0.005677114555238367]",39.95859066092641,"[39.95848318399729,0.06661519377075151,0.04170566518449263,0.029126907365991897,0.026785317373411017,0.016292184427715094,0.01127110743793656,0.01097064853651463,0.010041406734460438,0.009833352514508823,0.006960546313107549,0.005377710345687509,0.004424215140382658,0.0037966790677755728,0.003723938702882906,0.003299559173167186]",0.00048823351971805096,0.0016824052149827424
O1200,5,48,q_b,13,10.467185608022568,"[10.46489874912696,0.16075412814290616,0.11062948813864078,0.059942120566524926,0.04945665862451861,0.035885982392099156,0.027986903455025334,0.025637986197700954,0.017909670285182987,0.014828941839028213,0.012608961472518533,0.011591978452516161,0.008361183347795767,0.006801749232017333,0.006274642228307296,0.005567425512804916]",39.65484929063404,"[39.65464554602827,0.09445791137508537,0.06361922702493339,0.033882622131195646,0.02848058902368827,0.020526657064472868,0.01604102846095739,0.01444069903342496,0.010384449028265864,0.008645636538684848,0.007332689230544574,0.00658631666154418,0.005069482777330854,0.00377533451559977,0.0035537241948275285,0.003239930766297546]",0.0004878101717622485,0.001656370053771664
O1200,5,48,q_b,14,10.26110237590783,"[10.259571975090624,0.13519303518923675,0.06940492787680248,0.061308138136648975,0.0469997618743055,0.02680522673523687,0.02302066904092138,0.016817292212458788,0.01486366266789657,0.012837592174740373,0.01160774921669741,0.009989029548191853,0.008855744733295095,0.007041761331418544,0.005808805652558206,0.005449061009732347]",39.80591155016906,"[39.80577543583923,0.08094463113856505,0.038536227614973044,0.035597207741271175,0.027510735825536717,0.015277148269898884,0.013340396546162857,0.009799722266460354,0.008612348976987656,0.007470823298292377,0.0066615846599459025,0.005632325281359722,0.005164333212589925,0.003967043843386226,0.003227867587687134,0.002985135432182016]",0.0004876137390965596,0.0016748826779610002
O1200,5,48,q_b,15,9.220167081246236,"[9.096616878305841,1.3680705800529613,0.5739593491901216,0.16505299880466331,0.13525640322523458,0.0974607109809813,0.049402883906524135,0.0390876032702021,0.03421051487400174,0.029450119974118078,0.020694638304000156,0.013948843480766292,0.012733180270280075,0.008642934873501996,0.007568723141299265,0.006118745944715428]",34.858672685942636,"[34.843437460366545,0.9621790660682156,0.3404400198919024,0.09258438033737885,0.0792182955240251,0.055224099690596426,0.02845737645751099,0.02357761225116829,0.019607240781995862,0.016949467645309555,0.011614128423140932,0.007910415982142387,0.007198948094356009,0.0049306395380260245,0.004406100883533564,0.003440204164424321]",0.00048632267862558365,0.0016716885543090025
O1200,5,48,q_b,16,9.857532713469574,"[9.848219328605715,0.3795483346391038,0.1353274395742058,0.09644301890382476,0.065187919224792,0.05049675403206863,0.04275352219006272,0.03711332965205712,0.02682189966814187,0.01979952471418133,0.017474684943592538,0.014380096263164912,0.009713955237926493,0.007493503864643508,0.006562168835788818,0.005807748927934077]",38.69204836668091,"[38.69120643409722,0.22758408151730047,0.07939459121909816,0.05608608038880832,0.03646537077118463,0.02935411652580828,0.024986081312012222,0.02146509832490293,0.015746913970377044,0.011786101050784127,0.009971004342717308,0.008370553345535036,0.005755380480318632,0.004145896767460788,0.003711700348512585,0.0033050990916252314]",0.0004878041800111532,0.001666634444766239
O1200,5,48,q_b,17,9.916598902411184,"[9.903123891956474,0.4381956889161024,0.24171199977989602,0.09471057176653239,0.05215928863260411,0.042720136155752285,0.03232508704494425,0.028468321259901046,0.019348312322093504,0.01720541684181094,0.013557347779418548,0.012631573494789603,0.010349534744160645,0.007221590049175859,0.006937656337793787,0.006215436545176322]",38.605804861998905,"[38.60459593849392,0.2600225228498958,0.1416991715189882,0.05518157749655944,0.030369787679309965,0.025765718934788618,0.01790774666869127,0.01678183619882808,0.011173675723094778,0.010219124358966691,0.00782114742184491,0.006928945609900727,0.005722371486536636,0.004124260276002269,0.004035962000020094,0.003615847954687033]",0.00048796199553180486,0.0016747507245529186
O1200,5,48,v_b,0,3.3244640877221796,"[3.31905697980044,0.164293088684538,0.07556096495316958,0.03603540265602013,0.03091685673775066,0.021047432273567653,0.014107900341777174,0.010789863452291847,0.008725033216199503,0.007378131084121923,0.005891593926561952,0.003776828552942162,0.0031080281399817875,0.002805367232366506,0.0025821036054286886,0.001992679952299521]",22.42692956924486,"[22.426590377372182,0.10986751429523595,0.0453094919104477,0.02080371339122346,0.01835841220559721,0.012134195363127577,0.008043133681387078,0.006300618568558148,0.005021623369974,0.00415052766314583,0.0034580862762676008,0.002232373671173326,0.0018193468923708453,0.0015955269667562175,0.0014532974092671363,0.00114941503868688]",0.0004857916155742714,0.0016785721103706936
O1200,5,48,v_b,1,3.2320843742633447,"[3.198837628289085,0.4344982388829617,0.14385714498993835,0.037080208201280725,0.034900900456355154,0.03030112902975522,0.01812451789534536,0.013426125417504323,0.010232090430245883,0.008937184926804823,0.0071024068815493165,0.005920828930741223,0.0039588346731966265,0.00315487782612443,0.0021743129761734683,0.0018104489275149454]",21.143404557799553,"[21.14012966176935,0.3588399921342487,0.09074671154782839,0.022111918446319264,0.020266666083903564,0.01753819611539793,0.010503155805986306,0.007520591555837178,0.005911401700122757,0.00503220586289376,0.004045197083423368,0.003362599517561807,0.002242021194886145,0.0018015167753792154,0.0012657611259854651,0.0010589707823715159]",0.0004680932906921953,0.0016108385107121233
O1200,5,48,v_b,2,3.1580109459454007,"[3.0660025841973524,0.6786102195787408,0.29448274967049415,0.1198429000231022,0.07649590709872867,0.056411884820777296,0.03062959983852241,0.023224979230736752,0.013356910884658287,0.012019283337060201,0.009700322154895236,0.007367230322440375,0.006301580660353201,0.004434964978514393,0.003753427553829686,0.0032926474327146693]",19.561096586187436,"[19.54192856433652,0.8371051500778032,0.1994317976164087,0.07117641341145581,0.04587679808830943,0.03457530732985002,0.017207487372846404,0.012880529877816745,0.007497493413163932,0.006842788644565292,0.005678734546275261,0.004231529665785473,0.0036080947006888885,0.002561225947217236,0.0021669461257755253,0.001970391538359382]",0.0004851143021369353,0.0016870893749372786
O1200,5,48,v_b,3,3.2773239656245523,"[3.266499836715158,0.24551147148421187,0.09403205359829468,0.025250351063350544,0.021883313442775814,0.014780214342837343,0.010979456652407332,0.010108336863580768,0.007399304912240462,0.006057444069039418,0.0044751596045863595,0.003960948515907929,0.003305858180885251,0.0027908719572334343,0.0023781097506205,0.0020272565163011237]",21.862463297429734,"[21.861735121853453,0.16813655953011003,0.05459401714987471,0.014940915159252355,0.01293993300008844,0.008528035639667171,0.006360205087081755,0.005786337513775571,0.004294890677440932,0.0033738158694632614,0.0025714427526054456,0.002310177678636369,0.0019134981108651424,0.0016007349163610254,0.001347737620793035,0.0011540042835223186]",0.0004761348245665431,0.0016594708580000546
O1200,5,48,v_b,4,3.0525566390512804,"[2.9227499537546398,0.8378595422809673,0.19364592643676856,0.15320166736510452,0.09240179263946016,0.04492365159663901,0.028151103714240105,0.02282390191052692,0.018180536390875898,0.01631734918566384,0.007918611965223938,0.007239002435781665,0.00551490821705499,0.004621442759398764,0.0039595860000445505,0.002765433379139262]",18.570731952475,"[18.512689871492228,1.4578071849859962,0.11524450304261094,0.09618017893633352,0.05726978914005869,0.02632310531472137,0.016630177685678753,0.01248184442201221,0.010642366644009506,0.00919035908744467,0.004502709403264262,0.004172824015238137,0.0031795425094983953,0.0026201724425861353,0.002283240320548972,0.0016032323894231491]",0.0004865672381129116,0.0016795389844332688
O1200,5,48,v_b,5,3.313488598258997,"[3.303344804369928,0.23632705297934367,0.07540001950875085,0.05668803299527983,0.035880656789267724,0.02216304474945723,0.014337355225080103,0.011770301324041324,0.009583327238316909,0.008096705579801862,0.005939484796981865,0.004420952510822313,0.0037979232448335635,0.003227227482455731,0.0024336830486432225,0.0022179430220276427]",22.30484429050267,"[22.304130317068537,0.16784084988030365,0.04330273253859349,0.03159620604406916,0.021072304583224327,0.01290648133720059,0.00805563293995761,0.00697486666246376,0.005530794842443248,0.004523127311459122,0.0034755660241112996,0.002616404485439051,0.002174036938557866,0.0018039969311165428,0.001360288708291264,0.0012880312517063262]",0.0004797586771019269,0.0016863466408683662
O1200,5,48,v_b,6,3.421730841827674,"[3.4111334146748833,0.2404630761278299,0.07720092348285872,0.07214155176781807,0.03996358057932111,0.028918664076057414,0.020462716950920612,0.014390608098253077,0.011710475341966368,0.010273969339947899,0.006579740508406672,0.0056872398927471654,0.004598539155902941,0.0039413052017233,0.002503557811946767,0.0018545190423433146]",23.30255078721491,"[23.30186022111229,0.16476784102545425,0.044876521254717354,0.042873497828240494,0.0236885639193277,0.016955477590247778,0.011753010860958093,0.008672794042454201,0.006887718075656407,0.005697121030119038,0.003936038650330594,0.0031981274994739664,0.0026626424080455286,0.002262805064551478,0.001411220939603758,0.0010674255697913097]",0.0004865428199991584,0.0016267113284693603
O1200,5,48,v_b,7,3.289690514717277,"[3.263148730664474,0.3756724554249006,0.1652660817729691,0.06209847037842971,0.026601983972605055,0.018070705631079858,0.01464314410170424,0.013001094760975848,0.009116243119788954,0.006581996022252181,0.005316921001334757,0.004604227239545395,0.003402729188651338,0.0030835959035902948,0.002421318561659467,0.002153948103437688]",21.807030802084704,"[21.804990760539663,0.27652881382828287,0.10332552189948918,0.03593726418208684,0.01532838456301827,0.01046257710914141,0.008283194383677542,0.007423111909956224,0.0051045372513424244,0.003741922847447562,0.0030316717731273288,0.0025998667473352602,0.0019516884020878706,0.0017724766561101628,0.001409046493220682,0.0011903557864478241]",0.0004743333556689322,0.001674969974867001
O1200,5,48,v_b,8,3.474897633402492,"[3.464417495429854,0.23516978436926403,0.11433200543824992,0.048963461675260875,0.02666808463860514,0.02434508855586987,0.017440025468217824,0.011366199500471822,0.008963708422527271,0.006681873969697541,0.0058500769919391064,0.0047484143750516445,0.0034780509800951733,0.0031219142758868125,0.002439506449510366,0.0020368300942013528]",23.67010133742238,"[23.669487966794062,0.1510748472490793,0.06880104297831593,0.0284443300769283,0.015925718859891257,0.014074986037230607,0.010175563866014937,0.0066022658975539465,0.0052306531387686095,0.003825711434426997,0.0033368252676284306,0.0027718562089718807,0.002042332728730157,0.0017631366985152558,0.0014208005119261396,0.0012095993875549233]",0.00048178882570937276,0.0016596666900120748
O1200,5,48,v_b,9,3.5156133362855324,"[3.4835173805404436,0.46317674098323924,0.0738659000475581,0.05159931122968184,0.03162572098429847,0.01899222064587595,0.015169861359967894,0.012321099144030356,0.008566365678693644,0.008178587701906827,0.006976870472542124,0.004522920824244151,0.003934389610378583,0.0037389822948559327,0.0024365862478150833,0.0021930751856823775]",23.730376555007286,"[23.726533440311137,0.42300278470425934,0.04290924245943901,0.030491719657873367,0.018757788041712402,0.010935483127243833,0.008715529464888707,0.007086526042945259,0.004920698497994647,0.004644908489591331,0.004098595442932068,0.0025556000083242878,0.00225859787788841,0.0021822385697068745,0.0013998160730858892,0.0012184683084875646]",0.0004856070736423135,0.0016406933305717643
O1200,5,48,v_b,10,3.4024480742728294,"[3.4004232731061017,0.10002919009396463,0.043171694496335296,0.02524868621211503,0.023150017887970952,0.01966540799115062,0.011904737053771708,0.008220861989337776,0.00640142685737056,0.005498599390434063,0.004758801868204109,0.0039382981342811025,0.003234302407052312,0.0028388289122272454,0.002115474199680239,0.0017350885351726415]",23.55241845299449,"[23.552311733507086,0.06087975428550436,0.025795054571230738,0.014744772632886344,0.014008015568958171,0.011347556033851573,0.006885723153687172,0.004652637306184608,0.0036267854731336976,0.0031329767100187287,0.0027227775860262727,0.00226194999502803,0.0018294222201632939,0.0016016100355539138,0.0012152887937027365,0.0009567412551234528]",0.0004835795552935451,0.0016372845553967955
O1200,5,48,v_b,11,3.0779525448711147,"[2.8527825247352845,1.0080619005766842,0.4097141294848489,0.3339861259136609,0.16500145897704868,0.09070894722429941,0.047361453337717484,0.03448480838326461,0.020430183607100964,0.014954633821657062,0.010906590773751442,0.009279876601516562,0.005563551822360592,0.005452101321799645,0.003948640164841136,0.003776509033616955]",17.699889201031198,"[17.549603124316437,2.2617932908559335,0.3167523249771563,0.2577867467379324,0.1028466207475276,0.05497121412054684,0.026354762046120087,0.020236767366579228,0.011799556970984311,0.008486524462614694,0.0062190650760047365,0.005371043294406825,0.003342250389933238,0.0031353266088611173,0.002229222010265139,0.002206162640809987]",0.00046492612455040216,0.0016586815402428736
O1200,5,48,v_b,12,3.494232946483917,"[3.493654419092982,0.04879246480266355,0.026943551175884345,0.01737944210466866,0.014689094080889399,0.011831796924130415,0.01000575572850847,0.0074164052966479285,0.006788050506561686,0.005088435364497475,0.004253803160713911,0.0034028405533842567,0.0027441147957508304,0.0023510851317379944,0.0020856161906475895,0.0020122167629891947]",23.929798312127467,"[23.92977076309415,0.027355075889307433,0.0162364982008582,0.009750189792925149,0.008448203881068496,0.0069349947288012215,0.00575206336159358,0.004249794743464714,0.0039730755186465,0.0029826498985917986,0.0023973246427163976,0.0019430105497648346,0.0015149320040182413,0.0013250912142563143,0.001161911542649221,0.0011297844983248083]",0.0004857805583924346,0.0016848648466735807
O1200,5,48,v_b,13,3.5201700634098554,"[3.519247190822556,0.054603480849150225,0.04390448919574286,0.02767462088783955,0.016275424588802857,0.014142291529577045,0.01265980143797018,0.00855014038961684,0.006562599965415449,0.004654118986260472,0.004103292719869115,0.0040861476879688816,0.0031269044396666085,0.002552047911927654,0.0022011759674094144,0.0019465715929382406]",24.253566702989804,"[24.253520299545393,0.032313192106305594,0.025922819669991503,0.016161296526008985,0.009486488712419465,0.008263748180664965,0.0070819062542721335,0.004975658587881057,0.0036670846916294062,0.0027338201211986163,0.002424872880489417,0.0022973433800475957,0.0018158658110409645,0.0014907168594195399,0.0012690122524312206,0.0010820326306675908]",0.0004832374834222719,0.0016251809685168762
O1200,5,48,v_b,14,3.4808931465802257,"[3.480224044734853,0.05480101642371527,0.02511150786142347,0.0186360343642293,0.01621624052215466,0.011209903770613665,0.009801041771843292,0.008339577016345199,0.007195014410850054,0.004972586687608877,0.004237408054072898,0.0033033115257264352,0.002677200643473752,0.0020981128403449283,0.0017550942645014325,0.001551066826603747]",23.782171343041753,"[23.782137955464666,0.032336386761229276,0.014509927507235816,0.010279681979166398,0.009323003537271429,0.006507578022726462,0.005777389143628136,0.004849494316642097,0.004064711489336177,0.0027825999844009095,0.002532446814321145,0.0019203388830240898,0.001558705581722377,0.0012323830758268768,0.0010048217998243087,0.0008477978122778454]",0.0004833432612940669,0.0016286077005354801
O1200,5,48,v_b,15,3.2333270477911746,"[3.185891919213922,0.5076271919737765,0.18930193018012936,0.07988212298056886,0.04553193761916407,0.03670339997562427,0.02204318242453746,0.01815583286061209,0.013769999010409022,0.009138211285794135,0.005616417925473329,0.004460805173277701,0.0037462917390485065,0.003040295426273279,0.002603111993678714,0.0020704153113623247]",20.862566314448358,"[20.857529741830078,0.4360540188789425,0.127722757783386,0.045214348352025834,0.02723033611892567,0.02221834864430388,0.012559933512371651,0.01064688757965296,0.007886847210315517,0.005355026707350183,0.0032285537744879823,0.0026032548112508215,0.0021950981740580587,0.001727839043664064,0.0014598197200241408,0.0012154862721073048]",0.00044804580647905823,0.0016244994309617088
O1200,5,48,v_b,16,3.42071639892581,"[3.416931130594872,0.13933761709867462,0.057444630081771,0.04052841609606231,0.024647421888216708,0.01932733495064413,0.01472288945412807,0.01269744484529647,0.007438974570161837,0.006600746441470602,0.004813982940388462,0.004264349760650776,0.0032999231265826412,0.0024837601982484686,0.002303549512805824,0.0018052729098835853]",23.359156546316378,"[23.358947862350337,0.08655015608025875,0.03485457948201282,0.02321253101489711,0.014195439004735959,0.01114162775890325,0.008426373640124225,0.007409257547806912,0.004189873947506946,0.003743855388261117,0.002674997815743219,0.00243117702032715,0.0018985296824951686,0.0014428395922580768,0.0013092866463155798,0.0010682214830319823]",0.00048751456779427826,0.0016455225223793017
O1200,5,48,v_b,17,3.3822512467556556,"[3.3744043434433495,0.20614681138101928,0.0909516025329571,0.032203907334715225,0.021801001504964907,0.018462624949577778,0.013090137548296538,0.008458057355248745,0.007028705400136793,0.005722998612171775,0.004711427370020432,0.004063869993924886,0.003879803966734551,0.0031929626477245707,0.0020773673302575822,0.0018856487539823292]",23.178950784168006,"[23.178477479336642,0.13553508387737978,0.052856694152231154,0.019236058751306826,0.012412911490393778,0.011056348329739176,0.007600981656380645,0.004855293940204205,0.004014668760959478,0.0033205120008484618,0.0026500222371354395,0.0022836247253205794,0.002157143801651793,0.001805336635160262,0.001210228001983627,0.0010722098563763131]",0.00047751047713973094,0.001637422785319477
O1200,7,46,q_b,0,9.036661599683727,"[9.028102963522779,0.30847191448420846,0.17871185521594382,0.12070405273166632,0.07519523668574496,0.05740837991462849,0.034692722465983046,0.031133630465664523,0.025354498652136074,0.02341722011424309,0.01627698891621404,0.012997880000482142,0.008523752165059382,0.0073028412905688945,0.0065033921621252605,0.005577993980517746]",40.621615427315994,"[40.62098434108906,0.17663995798157142,0.1043092584460797,0.07044155183164538,0.04259431248193467,0.033264505945821414,0.019989544455931957,0.017981623081289484,0.014160083165771237,0.01312351301093456,0.009369349142707352,0.007426112772172554,0.005072242886601638,0.004228405109627929,0.003676931784386946,0.0032342880606126205]",0.0004873262078035623,0.0016351075552354577
O1200,7,46,q_b,1,8.416004431658333,"[7.873075364072509,2.795907096553267,0.7517093704409817,0.5397273307921002,0.25772530556972445,0.22613674747542153,0.17232920981616498,0.12440659422576719,0.0639872686355179,0.04574188196004584,0.022947118052337984,0.021627171696843143,0.015155472261882203,0.009265271999226013,0.008349484482995608,0.006714315600365618]",33.99128875344106,"[33.86479760272382,2.8654515874441984,0.4632443843307219,0.3185597056176623,0.14810825272561248,0.126742491432664,0.10168232889148693,0.07351098694260197,0.036828211505307955,0.027188549501349503,0.013173100863234647,0.012394125943437239,0.008638733386712205,0.005295869160911484,0.004730079858632886,0.0039241451497600225]",0.00048308273835573345,0.0016337398668067932
O1200,7,46,q_b,2,8.720912468529592,"[7.7881197189611315,3.725367747000908,1.1074709476593485,0.3554442115620593,0.338701900482752,0.16570455325773822,0.11976572839321209,0.06932353349697269,0.056440987742886015,0.04262017955666071,0.02847216821412389,0.02555264923952212,0.01594188579435446,0.011914344024881025,0.008691640547783014,0.006657605509465481]",32.74909966627971,"[32.38642554526814,4.795568927852142,0.726478170500638,0.20449778358353077,0.19427405535310135,0.09784594011757186,0.06881500144862343,0.0392598999426633,0.032712979653193835,0.024393718173831732,0.015910501673562706,0.014676851101486187,0.008796593609531358,0.007252525831633958,0.005125680313881551,0.003880226406019892]",0.00048818425784702413,0.0016263556254151182
O1200,7,46,q_b,3,8.608067931326676,"[8.570446206241117,0.7567743102629004,0.2323992770780122,0.09900498657671183,0.07145594721909503,0.03955374848418557,0.03736981385148242,0.025716710456124368,0.021140818070869635,0.014320658126495358,0.012147388943684194,0.009593655336016464,0.007427770444260082,0.006062313015790402,0.005974036518920342,0.004363415479155486]",38.59010782614036,"[38.586879448729654,0.47363712807103897,0.1352409396171452,0.05635034223993459,0.04221246882822997,0.023584932172279163,0.0215187243213316,0.014806072964826212,0.012020113413585632,0.00804739287682754,0.006998374384813383,0.0056473759993610415,0.004258710705114723,0.0035516950448779127,0.003414994399290913,0.0024282703037731656]",0.00048732053983258083,0.001631198222243259
O1200,7,46,q_b,4,8.63814327731318,"[7.9135725491916125,3.318891559469184,0.8137747946042025,0.4097832409009455,0.23541589488601172,0.22823104327532776,0.14057535601252516,0.10145259733667093,0.07116973959737322,0.049075831791855706,0.035116423279297385,0.029573284060242955,0.017126659193329417,0.011221634763663176,0.008882066195758737,0.007233307643564403]",33.16510424525039,"[32.943032683106686,3.785880104672861,0.4909662723672155,0.24046618889738486,0.13390843153346313,0.13099175052775902,0.08413050589516495,0.05824736046120709,0.04044207907978227,0.029871106661530287,0.020604275663457874,0.017054372098582425,0.00943785672983254,0.006306912617046187,0.005167035042011966,0.004173448014836948]",0.0004879530315520242,0.0016435894855517052
O1200,7,46,q_b,5,8.795949548387485,"[8.753461260024377,0.7323137186009333,0.3999673247972394,0.14772051085321863,0.12191596427736726,0.08001853824828296,0.05050769457101481,0.041012937872360364,0.029561702358077844,0.022056842006369787,0.016672113924239826,0.013192276693798207,0.011045161502393906,0.008412947370561922,0.0059306312461871805,0.005092889019239421]",39.36256796011637,"[39.35919076070248,0.4467869170893583,0.22450369923479957,0.08310543702429243,0.06794061257381936,0.04629922812675891,0.029807393884858587,0.02413329583140849,0.01739141680460946,0.012969742018345307,0.009537768532727095,0.007333037830907512,0.00649851178362849,0.004938670010211274,0.0033509095963054187,0.0028971825458346855]",0.0004877003375440836,0.0016262019257986039
O1200,7,46,q_b,6,9.729221714388476,"[9.701106745412481,0.5370071251060582,0.4215411725625527,0.21216437306783395,0.15191261431817554,0.06162268523654381,0.04966144639799214,0.045368786953914046,0.0392463883139628,0.03163578211633186,0.023726510656609242,0.01712346587066631,0.013058899198210343,0.010186581211459454,0.008770967812663531,0.006918886467243719]",42.6834200654694,"[42.681142570048046,0.32616622378454885,0.24682760945607707,0.12491089505125359,0.08640685928712605,0.0351463876033615,0.02929662965924959,0.02606178986388384,0.02264721971501875,0.018173874615007433,0.013656782105642818,0.010142801047555433,0.007647274342025185,0.005961059652851818,0.005113284891852781,0.0038392856073500305]",0.0005866736173629761,0.0016531569879006773
O1200,7,46,q_b,7,8.5838872163977,"[8.436717600522774,1.5047663216457785,0.40414490335141445,0.22583499560748546,0.1374337058764772,0.053067105939567615,0.04489980473699672,0.029633807202035508,0.026012186837978502,0.021589029913523558,0.01699715636347952,0.008335276418981932,0.007643370473699829,0.007309945125955651,0.0050703243281651515,0.004762445644598304]",37.525050139744344,"[37.50951482919623,1.0378191240385333,0.24870406341138152,0.1327387206906212,0.08180421538414694,0.030194671417158345,0.026612321061915536,0.017021337683620266,0.014791942824653227,0.012495644402187412,0.009547870283775973,0.004764724017540314,0.004359878294967707,0.0042637798723399,0.002938806553531686,0.0026895753690262597]",0.0004869349068030715,0.0016363965480236313
O1200,7,46,q_b,8,9.554748815369136,"[9.530591235139243,0.4343716381440739,0.38595368616392245,0.2656134627565704,0.195804850488067,0.0738613320850298,0.05998364060227597,0.04739645477047295,0.03643156792463253,0.02813356481495058,0.019854361062638253,0.0184670077596877,0.012179657148764142,0.010151628187476183,0.008486251059208636,0.007018431703256335]",42.66254337666535,"[42.66067202896716,0.2536590126252712,0.2331701756657743,0.1499189981773293,0.11647749380306903,0.04309159204246025,0.035366757964464146,0.027510691176579612,0.020686702907981247,0.016111386073990566,0.011412871655673479,0.010683469460667349,0.006835395346680017,0.005806760602051273,0.004651658303723687,0.004116800204285578]",0.0004876389866694808,0.0016664128688527126
O1200,7,46,q_b,9,10.31540283213623,"[10.30839335732447,0.29100368173355634,0.16753198188488808,0.1451873922505926,0.07967031943021341,0.043507320104145215,0.03073546157828026,0.024821454749559962,0.01618362568522628,0.014108124129784974,0.012113332876681884,0.010866888455360494,0.008922527495645363,0.0076859303422332,0.006050109706417943,0.0055148470623173846]",44.976743189825214,"[44.97618860353976,0.172959038720294,0.09708844654150614,0.08252163026533285,0.04704735618517373,0.02630922763970593,0.01748226599870749,0.014729009920555628,0.009178599914918985,0.008118177149877372,0.006875785666279094,0.006357326388323743,0.005279866242241611,0.0045030728679779685,0.0034762731361224625,0.003092269074427204]",0.0009391335624968633,0.0016706823516351244
O1200,7,46,q_b,10,9.68302902922067,"[9.671575067647412,0.40633290573610176,0.16002197727107564,0.13691902776339765,0.06905562125395748,0.058854755997807345,0.04010659836155452,0.029539209220968865,0.02242679303112265,0.018104437652139562,0.015471216273737317,0.012457708151260271,0.010804044242246423,0.008771733376278384,0.007737990265480297,0.005840443858737268]",42.806883275693714,"[42.80594650019865,0.24845076884921566,0.0920023777262344,0.07690475782060714,0.040496677523853025,0.033967467746571105,0.02280497142935339,0.01622205140779075,0.013323826428211893,0.010718777464608385,0.008953515869499036,0.007161467100060085,0.006094143418428764,0.005093199665345154,0.004292782317967883,0.0033271458919019756]",0.0007873980794101954,0.0016598281177861171
O1200,7,46,q_b,11,8.943180861270827,"[7.8676449409719735,3.8640238901202943,1.6773060537473867,0.43820886179576274,0.26690698021527054,0.18125219629949077,0.12124034213184025,0.10009228562676374,0.09314870949806467,0.062222015910360313,0.03129522471876346,0.03026308239649455,0.022234523962030812,0.019634446999117133,0.018110884124423677,0.011090313402267132]",32.85758481522839,"[32.45964660705087,4.941792221592121,1.2065206850560204,0.25655095948819945,0.15458627112778991,0.10833097490040872,0.07051378790891573,0.058981307887493124,0.05374856808187052,0.03677660686949326,0.017876074265354015,0.01758993763293788,0.01268824813665125,0.011873206655260262,0.010161233535113053,0.006481408276943634]",0.00048768671695142984,0.0016610508735013549
O1200,7,46,q_b,12,10.36313201792903,"[10.361192482539769,0.15278735814351177,0.08812113895562197,0.06742972645749488,0.042872779396494975,0.035128002815154484,0.021657054983264326,0.0180734954716646,0.014743521035938461,0.011716582219945933,0.010693960280528233,0.007563144128567623,0.007413329878672154,0.006158395989518525,0.005260727470866921,0.004997956796098652]",45.11498810624802,"[45.1148405706196,0.0891614788457254,0.04919712447631616,0.03788049844940685,0.024127834806334382,0.020795412822253466,0.012552833882672991,0.010575620464144727,0.00845662889054133,0.006922860893289411,0.006077707499132798,0.0044318405009788845,0.004177014647358847,0.003598063091619425,0.0029180463853936806,0.0028474789002036296]",0.0009720629022922367,0.0016594136908531132
O1200,7,46,q_b,13,10.32224149568764,"[10.316257688794098,0.28460576921243597,0.17071236255488964,0.07603154568490465,0.05333185323121842,0.04455779687783453,0.03130863097691503,0.02644520924087083,0.017868591392030543,0.015935332438219468,0.013397619054005395,0.010002060758198107,0.008856716778286845,0.007419019467095224,0.0064886794220397285,0.005935892645512534]",44.6228083317249,"[44.62234722608997,0.16231153488787453,0.10230376598510922,0.04211930546662679,0.031007388317993535,0.026837305434658364,0.017356860433703877,0.01518143830539207,0.010288509596448501,0.009175027328755612,0.007670771720465927,0.0058792066422658894,0.0051154842663345005,0.004299544400437514,0.00373303387046531,0.00329353874895036]",0.0008761649087318801,0.0016520523154169538
O1200,7,46,q_b,14,10.39578089634058,"[10.39279883661155,0.20459384020527643,0.10429247659890885,0.06642862546651132,0.04459200260540262,0.034643218867192425,0.025473513332875015,0.01959816341529019,0.013697747996929818,0.012352241058908963,0.009703264593498916,0.007711556130863053,0.006896584012346031,0.005747915437663657,0.0051195031574669024,0.004715773713403319]",45.218738101758596,"[45.21850649997375,0.12083094906973511,0.057431971926641755,0.038498835928359156,0.024626110782716572,0.020375718303214597,0.014683459309030814,0.011144047407989166,0.007707031451464018,0.007050341057348202,0.005654703225046222,0.0043839650055314235,0.004065204527586233,0.0032228016950908247,0.002942972772358067,0.0027266023222600466]",0.000944140600040555,0.0016625872354812474
O1200,7,46,q_b,15,8.534190953714255,"[8.043424356789007,2.478988090882519,1.2254246321862379,0.5815691976640607,0.31620733553772806,0.16161697763760835,0.09836117000077353,0.0834271320062262,0.07462661150025647,0.026538360268674403,0.023936601928134595,0.022049846692409884,0.013256249820443851,0.010911138934783595,0.0076246674972256555,0.0064818083224722515]",35.10517436182828,"[35.018412157388234,2.2855833599549507,0.8315692736834328,0.34391210770027075,0.18491299148980617,0.08974049331496466,0.059381056189445273,0.04684535638345032,0.04131702026253002,0.015692520043154096,0.013675720098299548,0.012902771610337805,0.007554492058534226,0.006250316322540072,0.004318086594883214,0.0037750387944131456]",0.0004874549631495029,0.0016228323486075602
O1200,7,46,q_b,16,8.964565435647618,"[8.954392579849003,0.3625191496130611,0.16982933451960616,0.0946747531399857,0.07811254931117878,0.056037156876461346,0.040904466537586386,0.03022700421660362,0.022201175411507665,0.016751624691043295,0.014699416440720786,0.009912059408393549,0.0076234413532878485,0.006234086378434249,0.004980137893770838,0.004830791323366777]",40.25389987901715,"[40.253106273286214,0.21715416062680934,0.09637176593316661,0.054561583757732464,0.04616171346522579,0.03236838109995622,0.023684210832724345,0.017611702270716675,0.01309671405889644,0.009916215226755216,0.008417912440515967,0.005765611352769513,0.004272830989558057,0.003617350089371516,0.0028346515939664508,0.002709646890482227]",0.0004881643799308222,0.0016457874584308784
O1200,7,46,q_b,17,8.828257301453709,"[8.81037121894013,0.4965591613057813,0.21016009309069222,0.1260113524021484,0.0581031819214382,0.04424742254856759,0.04109201121682033,0.027718803901929805,0.018732928483888862,0.017081069899026004,0.012960676859070283,0.010194048346923534,0.008270377242079668,0.006363437291882965,0.005571912457764014,0.004859749886108435]",38.94328248146961,"[38.941780927369464,0.3066491759016711,0.12111153112958366,0.07236924585321838,0.033955966232630405,0.025809200902771758,0.024064632700145097,0.01610189781119921,0.010723753089012205,0.009954875614468972,0.007091362460874526,0.005733941351900138,0.004875245345570639,0.0035641032832144414,0.0032022954119805573,0.002849362940778755]",0.0004867524257861078,0.001622804439036616
O1200,7,46,v_b,0,3.4132865496404676,"[3.4106559862700503,0.09982443908696993,0.06365844783400437,0.050346893041715905,0.02147819221188399,0.018796579733897895,0.016156869746494922,0.011021047059689214,0.008728970189096784,0.006770534984192201,0.005818544976476381,0.0045541379930075935,0.0038376466701629973,0.002163971537703311,0.001716509816237157,0.0016023531866127647]",21.7523465797879,"[21.752202326673515,0.05922585074252096,0.037889193126279135,0.02902139888599196,0.013045514490555958,0.011139139078292518,0.009286417841183168,0.00653585444598401,0.005031606538341101,0.003971852820948555,0.0032700046512600875,0.0026390123313895066,0.002204462984097695,0.0012271051925949767,0.0009884107902179277,0.0009052686638712406]",0.00048825546400621533,0.0016795348867031988
O1200,7,46,v_b,1,3.152130548047722,"[3.0383574943257283,0.7666382191398079,0.23708249996764474,0.20063840783767656,0.09773861289002525,0.07956343089230726,0.05163948628098328,0.028565384413354874,0.019401544685527797,0.013026151376411303,0.0105961121161864,0.006070049304035024,0.004958916107589626,0.0038566093652294842,0.00305366115554617,0.0016972275122622588]",18.812353838486388,"[18.771246607126464,1.2207356702330565,0.17834496686535192,0.1247396969122721,0.06240353430163645,0.045306010797176915,0.030862437493690647,0.015851145854795377,0.011109678835832377,0.0074566952521163115,0.005977129327670064,0.0035799606071473342,0.0028965399022633895,0.0022266186118037935,0.0016785398607670331,0.0009714802791971872]",0.0004808251833310351,0.0016610431729463186
O1200,7,46,v_b,2,3.1477465925744226,"[2.9666003945401407,0.9803696634660082,0.3266489318402249,0.14733363832462104,0.11356094780799747,0.04480321689039241,0.03697746135419666,0.026807183385834286,0.022335197654046998,0.016800170513407393,0.010894710699075641,0.009930055233025455,0.005704681717927434,0.0046967669192061485,0.0031750956338205396,0.0026155099645007096]",17.91616809034034,"[17.805651007837184,1.9575819942611923,0.3182595800100106,0.08995688465250044,0.06804492426281272,0.025975920314925207,0.021267466094189533,0.016025176869801278,0.012627948734468934,0.009643181981846823,0.006151018827439578,0.005869913343249795,0.0033103410823207805,0.0027126474206350796,0.0018151601295862444,0.001494212326984925]",0.00048159126890823245,0.0016806896474771704
O1200,7,46,v_b,3,3.2468917361060217,"[3.2367038284466516,0.23631868963699926,0.08741213761825095,0.03431018398815534,0.027140025796117666,0.01716536565015921,0.011591614004390013,0.009460154449116404,0.0070793239923448055,0.005812330857254594,0.0047238118861498216,0.003375668334517533,0.0025748243116104647,0.002080148805997391,0.0017800609443203808,0.001689256314736819]",20.567201336184343,"[20.566296009330063,0.1835529688641366,0.051692736937539265,0.01996256390543705,0.016209073743081795,0.00994849734364635,0.006481748043158913,0.005430516439838013,0.004052791016386481,0.003328718617529392,0.002617135234758458,0.0018830587696413966,0.0015018102887522009,0.0012091266933388833,0.0010565485500712536,0.0009897599743694363]",0.00048184627667069435,0.0016753835688291508
O1200,7,46,v_b,4,3.26289616981045,"[3.117295318372775,0.9079298232833399,0.26433957405699093,0.12601194052546597,0.09840195144641405,0.06268428325040912,0.049814499683171524,0.041727213724331615,0.02674552601400447,0.01232265963119207,0.008680576381652656,0.006578413837246547,0.004926677509340288,0.0032802234998146724,0.003022809360508262,0.002335133824267224]",19.378715276358,"[19.307622806924925,1.6446360640015127,0.18214306434849245,0.07534078957134678,0.05931583860965612,0.036429533007958134,0.02951517215440491,0.023950509650507382,0.015200150502358619,0.007172923118565754,0.004909558342490706,0.0036691466742913284,0.0029038532826154103,0.0019102584462861432,0.0017392970352814396,0.0013318759105707316]",0.00048520584823563695,0.001673289691793117
O1200,7,46,v_b,5,3.318609272302329,"[3.30675000054733,0.22375143388584512,0.15254317078725166,0.046411677886131625,0.03887244444102655,0.02489970868962576,0.019412658546434168,0.017994544267205852,0.00978442686130424,0.007760334811352958,0.006214960998864278,0.005841285512065528,0.0030979382199315566,0.002531385508417594,0.001960626220172901,0.0018704040541404772]",21.026047526915505,"[21.025174198686447,0.1619185109854641,0.09362140688743456,0.02668516844500726,0.022625668913295535,0.013944348392408464,0.01133355312342718,0.010666641745851912,0.005617395327869035,0.0043567542037409165,0.003440381743143235,0.0033201750244839933,0.0017960038502579997,0.0014697831081440511,0.001146544307074888,0.001076873427474036]",0.00048027354932855815,0.001676121145984503
O1200,7,46,v_b,6,3.7579922215315866,"[3.747766869764764,0.19714753211371996,0.16769037500073017,0.07578192237217438,0.049931468379630826,0.02455984844412088,0.017074890672711524,0.014635470957192882,0.01126935548205535,0.010720261214232718,0.008812818816679079,0.006076327266589352,0.005245935142870804,0.00438187852130056,0.003060473544081015,0.002057244198618366]",24.18854135061143,"[24.187837851859225,0.13203784831958712,0.115005375116031,0.04497242003328829,0.028856248056544354,0.014161080901527548,0.010163936725278933,0.008684185875010526,0.006642060311866451,0.0061071909210843635,0.004865957763499052,0.0035820271319839617,0.0030893863265998803,0.002453312234115761,0.0017843364291641967,0.0011679358891229477]",0.00048669648822396994,0.0016632989185564816
O1200,7,46,v_b,7,3.220222726410881,"[3.185349572111597,0.44082008714549703,0.1428421585928501,0.06728993282688589,0.05469432055966991,0.022233464388253937,0.016554038566377483,0.011122476965587012,0.010055326489231024,0.008813978499594475,0.005490656238196325,0.004368136600321375,0.0024906537719595803,0.002186474369120905,0.0018801258544387293,0.0015035364105333484]",19.94849791646301,"[19.941817575535403,0.5056688925102076,0.08846946448728588,0.03934118281041923,0.03212293983863484,0.012738563168221466,0.00955772240619665,0.006400110059595267,0.00577278465993752,0.004910314782947164,0.0031309612234049784,0.0024908972785748894,0.0014183587971454616,0.0012718339982078321,0.00104622839099419,0.0008186524065163144]",0.00046868890058249235,0.001645805077532535
O1200,7,46,v_b,8,3.6830356433058213,"[3.675359749436198,0.16318101033164076,0.13002745922072656,0.08177685231349642,0.0629741843101563,0.03243978768474672,0.02294684498218421,0.01862488272716386,0.013784787930602789,0.007903649001583225,0.006503666487100281,0.006215903509738083,0.0037777557243467473,0.0032701743233591696,0.0023610917125882072,0.002032522697601164]",23.587386852828576,"[23.58690832830989,0.10695995204290985,0.07937319133482952,0.05151141257618775,0.03794517919371097,0.018123482803656065,0.013044958345097061,0.010939241030453474,0.007876447603162482,0.004589578193043848,0.0038007226841914763,0.003564532717480806,0.002159849634081817,0.001930036870830896,0.0013832857961627266,0.0011847900195042795]",0.0004875205922871828,0.0016695243253174643
O1200,7,46,v_b,9,4.046128472779002,"[4.043750856898718,0.1115037277718782,0.05560531120142757,0.045346405548863974,0.030114288008603107,0.018342688833118334,0.013233302372951347,0.010540594133436257,0.007521674778546046,0.004310192175104892,0.0038768564417906663,0.003207847896000332,0.00296918476256181,0.0023530206619621903,0.002305869175025826,0.0018986009100927933]",26.260367748987466,"[26.260236567503785,0.06780976102671325,0.031820704468085964,0.02690545751673336,0.01756315365831089,0.010486286663596247,0.007505725400386009,0.006345004993306641,0.004261820892515204,0.0024019936041717407,0.0022787155264621735,0.0018413293424059639,0.00169031796833587,0.0013738212500690463,0.0012965318214918297,0.001069284985384303]",0.00047820984036661685,0.0015971572322314822
O1200,7,46,v_b,10,3.769273156160104,"[3.765221738537681,0.15391458934061839,0.06258051600496954,0.037339631461215925,0.024700870903233713,0.018721926233243792,0.015149369083031865,0.011308674432956203,0.009291804327468754,0.00587779390549234,0.005371616631206938,0.004274570373486078,0.004124592053654986,0.0031990312862383973,0.0026768666743290643,0.0021583538156312466]",24.361482247660632,"[24.361236391984942,0.09823195733883965,0.036777163135920596,0.02193599180048493,0.014167207887978832,0.010616677082699416,0.008472412302022893,0.0064611751692929004,0.005331117169866841,0.0033332925397416627,0.0031966611729455367,0.0023920306095287567,0.0023887280311365162,0.0018553854526659763,0.001536917059184561,0.0012478562942740668]",0.0004851961275562644,0.0016298686636961488
O1200,7,46,v_b,11,3.1285326939020406,"[2.912734969626655,0.9814722551816794,0.5502278850649849,0.1528569127321743,0.07661195582543237,0.06122251865579291,0.04627213550377984,0.03476952858595181,0.02271342420134754,0.01714423792091002,0.014582891035297684,0.011239960250571683,0.008623676302835014,0.007107687403723494,0.005957574624426745,0.0033531621647367644]",17.342552961239505,"[17.207990515050263,2.0165448889990802,0.754385373627629,0.09425829169843958,0.0442556778238241,0.03507521817821352,0.026660556890863957,0.02078124682137048,0.012922682977570212,0.010093304291502523,0.008487514801433617,0.006456076942075249,0.004860280296985197,0.004168174303404349,0.0033946931712299146,0.001962070752759675]",0.0004716316325357184,0.0016252710964913474
O1200,7,46,v_b,12,4.062751726711042,"[4.062106536109102,0.05619798014533632,0.02964277345724367,0.02319234456617419,0.017357347988330944,0.012591154206871498,0.009373206309411871,0.005814473018221134,0.005261735696329192,0.0040680332820903645,0.0037535521196321088,0.003149910881184326,0.00254350469155748,0.0022061099167363647,0.0018266959479210309,0.001700460270559144]",26.37698279082199,"[26.376949421880997,0.03265051945535261,0.01755078476135022,0.012713529210188585,0.010094384323292781,0.007429095995166967,0.005407050672801256,0.0033075769607580777,0.0028688938514197177,0.002362859140424716,0.002164206486208396,0.0017909711610865733,0.0014194631125711396,0.0012481343558266324,0.0010388828748177658,0.0010006099454468874]",0.00048407132271677256,0.001654235897695699
O1200,7,46,v_b,13,4.043995927451501,"[4.041920920469794,0.10040483370235014,0.06671202509456504,0.0328682686399074,0.02098424361846062,0.01642914531857753,0.013928150882801658,0.00933922238599967,0.0074604171653693055,0.007205321326769259,0.004612548757307078,0.0040661527928877155,0.003753112025055086,0.002625093062707589,0.002364026616480583,0.0017224630739665076]",26.177500943834083,"[26.177389606023358,0.05948492349859049,0.039191953349916694,0.018933561226913607,0.012282441744931677,0.009453291794913521,0.008248455463692978,0.005487001938476898,0.004275624377509213,0.004131358541813893,0.002664748680792242,0.002371239816626485,0.0021465044627545916,0.001540185358939002,0.0012916188312271236,0.0010226591780482296]",0.0004839789471589029,0.0016515456586762265
O1200,7,46,v_b,14,4.067459556590465,"[4.0666172668738945,0.0654139075963153,0.03954410046554291,0.018055027411745545,0.017087782776158734,0.012409663694973252,0.009168938010082988,0.007932138732579641,0.005634231750659031,0.004671522630281555,0.0031839663608273865,0.002796551177676561,0.002489505218838725,0.0021744907810930685,0.002076005207709347,0.0016756673227163916]",26.476744030242383,"[26.476699267313844,0.03860271671041237,0.02315407627713558,0.010563880292816484,0.010083122273402042,0.0070997775159847435,0.005308630847652149,0.0047429087302118455,0.0033429447845227823,0.0026184081220094976,0.0018564615313543587,0.0015816511730319424,0.0014234651063079948,0.0012262789297732314,0.0011422774312932398,0.0009526194287485809]",0.0004859997279709205,0.001621818852130842
O1200,7,46,v_b,15,3.1763680077940655,"[3.0634517845176523,0.7100641563080579,0.375400061004333,0.2062763057459767,0.10647900784849651,0.04866775063508602,0.04163399111776346,0.027479313978061755,0.02143592704791992,0.009079173539731766,0.008496670422748676,0.0075234467663608745,0.004202885027783341,0.0035476035209551096,0.0029550919215504522,0.0024737393727364853]",18.80689503445203,"[18.7762812715053,0.9881399517550378,0.38837102173043414,0.1316108379086054,0.06401696022642427,0.028967543392406796,0.023338039649062677,0.015850544900525315,0.013054253338451713,0.005251287936266321,0.004804143053910772,0.0043557183990597945,0.002472170591756905,0.0020399573451294274,0.0017040142845865093,0.001418028456518739]",0.00046007579658180475,0.001658515112452394
O1200,7,46,v_b,16,3.42318552723286,"[3.418845173081428,0.15068889819361772,0.06564149779969065,0.032219044138577485,0.027307225665820844,0.018461085514238803,0.015829532757346273,0.010098185351773106,0.009874047531686745,0.006356396581428563,0.005316062938935171,0.004390941114286492,0.002744394595005661,0.002280161878795387,0.001714701141288506,0.001631885168752808]",21.808358700240007,"[21.808083682907135,0.09809081001221244,0.03848047187201414,0.018788200549827952,0.015611579817287866,0.01067104725650705,0.008851125816814801,0.005978974672802616,0.0057434948071472735,0.003661670757729753,0.0030451163016428262,0.0025185014276448542,0.0016154691222316155,0.0012627439402587272,0.0009819842010257305,0.0009297875816768851]",0.00048824859550222754,0.001617327950102991
O1200,7,46,v_b,17,3.4107127584044497,"[3.404553400241581,0.18467346520613728,0.07471249578492706,0.03256804500913017,0.02348410834877605,0.017137197947018977,0.012918487591647064,0.008554117930172857,0.007433453941032833,0.005875385278975211,0.004380539349950638,0.0038164320056443763,0.0031974866159566124,0.0024456259805241526,0.0017709053801820247,0.001619561203090506]",21.834416246385047,"[21.83402842095859,0.11893942016213452,0.04521639142931957,0.017870024603189875,0.014283888690953409,0.009806290531656367,0.007257066865196029,0.005014826614601483,0.004284347624693741,0.003327409570673601,0.002440317421302278,0.00214151067928994,0.0018800880548101807,0.001369078555775337,0.0010117055727384536,0.0009381882959151956]",0.0004863696522079408,0.0016218893563134888
O1200,7,48,q_b,0,9.04684932831181,"[9.030084941620471,0.41116981390752994,0.32328259531694753,0.11655999329221221,0.08125463772273572,0.062441547785556176,0.04659369983638045,0.035597140999488894,0.02872023556629736,0.021667415890094327,0.018416811314663845,0.010702571111174591,0.010041040628664193,0.006839421047459298,0.005659857390842255,0.004811717928997755]",41.13141788160979,"[41.13017816205071,0.23395869177964726,0.19343389353547005,0.06827571451259302,0.046482091924871474,0.03557391572810205,0.02674584446240067,0.01973238909259049,0.016202175433429916,0.012303156663678538,0.010731040453406119,0.006354794968079138,0.0056035731877813804,0.004072951059506611,0.0032548885073179303,0.0027568040544369947]",0.00048804329708218575,0.0016655945190618183
O1200,7,48,q_b,1,8.330534735988827,"[7.855686318240965,2.511573335326463,0.8720657815688693,0.6203683002791894,0.3443323708169056,0.27243557448970607,0.16266891665304775,0.08436661034110471,0.05834806316976823,0.03733331437671177,0.028104890858373737,0.019658864563229794,0.012314811696365202,0.008758199251607326,0.007081891703388259,0.005226383046350657]",34.43557387408467,"[34.345405677208625,2.3850085784972546,0.5502846392285539,0.3634897881124773,0.20327831131379032,0.15328910305678264,0.0979353411250626,0.0460736450565054,0.03392050648198898,0.021587509423513757,0.016371297535700026,0.011549472184430941,0.007161935780736646,0.004917408695020306,0.004102523295323344,0.0029844679605254983]",0.000487722601974383,0.0016545234583443904
O1200,7,48,q_b,2,8.737955774072601,"[7.927979248934338,3.5370009128404805,0.793135244827385,0.39966325488235904,0.33904299044602293,0.22230156548433808,0.14007506415458199,0.07812909754341973,0.0687527227564175,0.05355664474066546,0.02869469618413313,0.02544626111470139,0.019164177370450557,0.012828699825226511,0.0096645017246142,0.007857430806596212]",33.748938334108786,"[33.45012274017003,4.441323821372141,0.4820459033224523,0.2325178935230982,0.20067027293906542,0.12882203519741842,0.0787170307348013,0.044620606615002285,0.04008361667755241,0.031127018709081494,0.016331485303192277,0.014563126686362424,0.011145473207728936,0.007478746047358961,0.005648955327041278,0.004442833857524136]",0.00048741046339273453,0.0016485081408607783
O1200,7,48,q_b,3,8.465378531683566,"[8.429829123343803,0.6421117306436533,0.3810679257066037,0.18199971981828086,0.0641147179490431,0.05564204839521732,0.0352914323442306,0.025407057176343215,0.019497585516527062,0.013950671018425561,0.009821481178985424,0.007656297655685811,0.006829799459349028,0.006489458695529099,0.005548025704029146,0.00483359446234964]",38.43034658507812,"[38.427487107185364,0.39286873967830904,0.22654014358463803,0.10333908205290217,0.037769011825257416,0.032991832101781686,0.020027200985508625,0.014863791441687741,0.011273498653162213,0.008118800600814578,0.005665165304049051,0.0043693664720846235,0.003992391316841311,0.003679755480417572,0.0031835178267355436,0.0026907491753096094]",0.00048669912212062627,0.001633573751972343
O1200,7,48,q_b,4,8.34158101078804,"[7.909723126544,2.36695191785217,1.085396311150922,0.31599587017036707,0.2724358468097777,0.19474132391658175,0.11790677362517406,0.07378232145363393,0.05184507848258394,0.03584479054124106,0.02986097705792373,0.026930495531707132,0.02021116671486653,0.014733050214926975,0.009514993362216898,0.007536933909331513]",33.539909675289444,"[33.454816182591856,2.2674135639778386,0.6913546015193753,0.18446060218927499,0.16188194855699972,0.11360516497766429,0.06811301426065193,0.04227483858693453,0.03069604794170067,0.019455517942950723,0.01708421701526173,0.015660299505575917,0.011770112215815585,0.008342695122737602,0.005582665437566187,0.004291962075069144]",0.0004860770422965288,0.0016555511837700197
O1200,7,48,q_b,5,8.45112913568103,"[8.330037272900594,1.3332937586797473,0.3367153199616341,0.2691485452295897,0.2341246589422185,0.09055033454242543,0.05062898162707696,0.03095192568865961,0.025421288935533703,0.02298714706373826,0.01775072731532876,0.01433288218112166,0.011636863872322703,0.010725857463490302,0.007599954726056352,0.005820815599076793]",37.45759409051351,"[37.446726677055224,0.8551345775812489,0.19217325110683522,0.15320362960218115,0.1338513125121439,0.05097982794695203,0.02864441585990201,0.01823988850256918,0.014755105177324172,0.013622840074949204,0.010352096635907755,0.008061900060883751,0.006705972051629863,0.006394033364612159,0.00435717845503629,0.003249719635166939]",0.0004841461777687073,0.0016390443931625378
O1200,7,48,q_b,6,9.271444567602886,"[9.083706016523957,1.7479186285098136,0.5178644563968516,0.25301162005749395,0.16203388805814303,0.12606807193217726,0.09233057418295203,0.052412994839338485,0.0479099292969596,0.034471771172188706,0.02892214176190178,0.017891174517999316,0.014408064850636155,0.012006164529917002,0.009527580190644175,0.006957591623655604]",39.731351579079174,"[39.70813649818715,1.3061896316576245,0.3124231677809715,0.14646954183434224,0.09151547873352057,0.07099938443047041,0.053789942341084564,0.03111494894881217,0.027654837849566002,0.020097935058948524,0.016789309099089933,0.010190589205793047,0.008591719549782113,0.007016492143747462,0.005584533447228292,0.0038794549591447836]",0.0009085519413929433,0.0016693223165200831
O1200,7,48,q_b,7,8.586806949622693,"[8.427123133076583,1.4866067714159978,0.6488554974869706,0.2344049055743133,0.14139778715387724,0.08737867516004401,0.03695294727242733,0.026968388404261478,0.02259645357028817,0.014982581865960425,0.013231230827810877,0.010612541682913732,0.007459762923594557,0.005963058729643964,0.005769559499640158,0.004694310944052813]",37.95289091895199,"[37.93596554552414,1.044386050680043,0.4025082030946584,0.146030504420034,0.08236097256735585,0.05006748937629513,0.021153557885054346,0.015720177357528894,0.013027837495557802,0.008398146484994264,0.00758650565469855,0.005943363962191879,0.004435248215508916,0.00345035557013975,0.00327949121223419,0.0026657561789280647]",0.0004866626513830852,0.0016451143831305195
O1200,7,48,q_b,8,9.706462736656187,"[9.685588948175205,0.4835693613635387,0.3139629407602695,0.21538123763979056,0.11765626714378476,0.06356800510375529,0.06002203328446979,0.042537772987212445,0.031510332252743155,0.028086518618746042,0.0217665643815621,0.013447809211339408,0.010802301746837209,0.007550962985163611,0.006673034458647442,0.005817253144446174]",44.12051808787269,"[44.11888371055589,0.2957532094248087,0.18160240436650082,0.12205807811630194,0.06990247750359621,0.03678165088639274,0.03333189668139301,0.025592209568687723,0.01762664294033447,0.01588175751802443,0.012644624230951418,0.007506519561313186,0.0063637079024967255,0.004271472442028458,0.0037952670546769233,0.0033728324422554277]",0.0009049131767824292,0.0016690765817703303
O1200,7,48,q_b,9,10.354883600672212,"[10.319722238711025,0.7882980647106796,0.2808085418043164,0.1204929082664045,0.08023586323215529,0.05653940638143904,0.03442147159488333,0.021329153589159718,0.01750149238217034,0.01487091857286607,0.010185175871684455,0.008642874628183275,0.007625638022295338,0.007189079156776545,0.00645282555329051,0.005464244290734069]",45.784089809275244,"[45.78094170965869,0.502915018335572,0.16212595632355997,0.069527813375318,0.04706001070040036,0.03350096072998251,0.02074818153718241,0.012401515446372623,0.010065387056463863,0.008306268761697112,0.006046999922973891,0.005023205750830281,0.004332850069138795,0.004208407744744317,0.0037203555012394842,0.00311585465078527]",0.0009634073358029127,0.0016735003775288967
O1200,7,48,q_b,10,9.75455347159587,"[9.735436579827347,0.5448183138981468,0.20074078762227118,0.15162722035910967,0.067399169412968,0.06183988719774928,0.03613889653400892,0.028916249973491365,0.02747725319186574,0.02150257047530524,0.01851482174909023,0.01264936032088367,0.011659597843390138,0.006731352948862308,0.005776886912130433,0.005438173929134263]",43.82650722862699,"[43.82492130166702,0.33810734285272614,0.11408012726091457,0.08707078381402714,0.0383087516521782,0.0352093439984827,0.02154571995262064,0.01678863811867754,0.015370754189994439,0.012442533231512665,0.011036525304279812,0.00712547087510148,0.006725072723060653,0.003773663651598721,0.0032292892296784557,0.0031156533187169863]",0.0009387775789946318,0.001662887095625469
O1200,7,48,q_b,11,9.202592125683353,"[8.144136399819745,3.932745999119422,1.5201288387682226,0.6011532868402287,0.39003154351995006,0.18700870714825332,0.11075792495201456,0.09927910871118675,0.06724860564740368,0.05505912303205004,0.042887353280371555,0.03667027244668794,0.029179880410223652,0.023226892422949078,0.020190128671878645,0.017861871385691373]",34.325736056840086,"[33.92591337242558,5.092507451695885,1.069280468572384,0.36524588425475846,0.23432459016129462,0.10726592988873021,0.06484117928250502,0.05643165060409132,0.039396092435010834,0.03180991853641788,0.02471127825605242,0.021397817743227028,0.01720013799154253,0.013878390889178936,0.011522810673621906,0.010183269758833787]",0.0004880594788119197,0.0016626811123579648
O1200,7,48,q_b,12,10.462872137121307,"[10.46152487862715,0.12464053720160304,0.06901783724898226,0.051824718664139305,0.04426723137528847,0.03818393251453172,0.029968808944780392,0.015856731781859073,0.013127881530505928,0.012280240754701703,0.01056710627516032,0.008355331456120526,0.00654908126700976,0.005896545502000359,0.005565556738533159,0.005061899629887051]",46.74153498136244,"[46.741435011045624,0.07227187227241257,0.039230126173081796,0.028777701910222556,0.025508842449314853,0.022770341986538597,0.0169695528722257,0.00903230370856013,0.007865083560879386,0.0072536229852507095,0.006013277536903052,0.00471887319771076,0.003703234005893186,0.0033992047091007766,0.00317306367461926,0.0028571316203901704]",0.0008839975344017148,0.00167304951188101
O1200,7,48,q_b,13,10.420792140457758,"[10.416725988902078,0.26001394703946573,0.0899222544086581,0.05906642537936678,0.039674734163248966,0.03698751896497223,0.032917306076543355,0.024847403197208254,0.015416134002750414,0.014006275079329488,0.012299141476715706,0.0117868964219415,0.008803546793370962,0.006353436403134019,0.006112140769183659,0.004902702361883811]",46.108115202291636,"[46.10781720934642,0.1473778506388859,0.052227436303771656,0.03479107392090659,0.02355755444234298,0.020410045913000042,0.018264507033842865,0.014781638707300222,0.00885997409492067,0.007867067592022037,0.007129207935275884,0.006882809668060025,0.004984214405392787,0.0037959936119510125,0.003520565297581492,0.002736821993836064]",0.0008897799998521805,0.001662897523870639
O1200,7,48,q_b,14,10.463824502660081,"[10.461974216041972,0.1543046015345766,0.08269715983248019,0.061740408522156946,0.038251019198667004,0.03333976060613527,0.02717349005647317,0.017656557042674752,0.013053633310303018,0.012121943698050879,0.009683014932364429,0.008807805768161633,0.007163646496757707,0.006103977849575263,0.005540129390106377,0.005033669719924874]",46.59207276246041,"[46.59193219830026,0.08983672373543625,0.048852123615266016,0.03497767130015553,0.022615378034122714,0.019333343189284976,0.015120659905242003,0.009985117948063471,0.007465511654667647,0.006689204345670689,0.005472110066165879,0.0051440594748468575,0.004077909335064465,0.0034404858329131933,0.00325256189619089,0.002868182821534916]",0.0009571339469403028,0.0016632619226295737
O1200,7,48,q_b,15,8.340006030751935,"[8.005913027139387,1.9943425206512801,1.050845031275335,0.41459755831526934,0.36477665542109705,0.1975247238301713,0.1516346158031182,0.07240329180783282,0.05576907704809727,0.04411726555482774,0.03229725113883331,0.0238919542877428,0.013918712898910729,0.011504184263476862,0.011225954142901102,0.007267184366926518]",35.58301361472145,"[35.53798130815817,1.61164641464956,0.6917644294854618,0.24560538339135568,0.20470796109398381,0.11334448923033655,0.08733103840399055,0.041026275749881255,0.03246082868772695,0.025894534789896465,0.018226355196351976,0.013978651706552896,0.00784923526102735,0.0066420413788544665,0.006334421251705017,0.00428661220790338]",0.0004861315246671438,0.0016306493777243675
O1200,7,48,q_b,16,8.871548903128549,"[8.827384556450314,0.840948955875016,0.21652331414923173,0.11350483995865569,0.07535899850057433,0.06199270827918021,0.04550885784792515,0.03534906779886473,0.030365195192132637,0.023508902715006302,0.011461096797684464,0.010134895995613645,0.008471121791862558,0.0059896998762798545,0.00498255720504883,0.004129950706677822]",40.21870914790115,"[40.21517608229244,0.5095503909264081,0.12190509809521287,0.06888810712565832,0.043512921880169024,0.03558126795633649,0.026772239256818563,0.020488464514908395,0.01753565143002804,0.014114599605413046,0.006644674506649227,0.005981154020311648,0.004791243148431893,0.0033124925527886193,0.0028425857396861703,0.0023625755191419096]",0.00048780936776893213,0.0016495736657443562
O1200,7,48,q_b,17,8.788568383651404,"[8.756329839342621,0.671505380324005,0.28229613340655985,0.15517024164074264,0.07121651831371124,0.04574474905542779,0.03825597394708308,0.03316726901114535,0.023925885905709335,0.014496488064363842,0.012763070110304834,0.009351183680781052,0.008351903076470846,0.0068465697269471035,0.0058084608480363864,0.004724987170402193]",39.37712219583104,"[39.3744057100705,0.4199192210361642,0.15927448959955468,0.09214320365769287,0.042196002764939095,0.026578296321886342,0.021605204261236233,0.019732218905863172,0.013697005849720272,0.008280982298850667,0.007203585711415683,0.005491451268858341,0.0045571289428898805,0.0039720460937406705,0.0033328055573566538,0.0027536660083211898]",0.000484903110191226,0.0016395708190704455
O1200,7,48,v_b,0,3.456871531800083,"[3.451341525547334,0.1444250294440076,0.11910744711648875,0.03295609793603495,0.028185338712113327,0.02619382343716209,0.015498270078899803,0.012191623480646277,0.01010218946901166,0.005763815444287982,0.004756857927060638,0.004026347181794199,0.003362517726191824,0.0030967333615547522,0.00203702880188019,0.0016313861709228818]",21.987785619099384,"[21.987445591719997,0.08992417744321823,0.07610427869971403,0.019784037164553923,0.01624388334000355,0.014783422493257791,0.008838385206845326,0.007207440205860307,0.006152406438553666,0.003271907179235667,0.0027256016481617554,0.0023709899974268664,0.0019505182032596455,0.0017478166768293464,0.0011735147247277714,0.0009129621976456581]",0.00047490239376202226,0.0016921937286130042
O1200,7,48,v_b,1,3.176825291615135,"[3.079489680628093,0.689401550901306,0.27291898604764037,0.1853854202155587,0.11987470506396726,0.08574882344456759,0.03543756593095585,0.0281313188560063,0.027213064279476566,0.012945184641652839,0.008509134515660646,0.00644467267454243,0.004367653625799651,0.003490713863231094,0.002782285379721363,0.0020363529679786256]",19.07921667897314,"[19.053367929612453,0.9549300426499123,0.2262055594909657,0.11584008565768683,0.07427343084265617,0.05134170540951991,0.020506555370846963,0.0165654334634217,0.015766808947127155,0.007271451489548834,0.0048378299857498785,0.0037738109245463447,0.002462882214645096,0.0019865013853313483,0.00156994538610193,0.0011490042464852256]",0.0004862294299528003,0.0016842824934996023
O1200,7,48,v_b,2,3.2308251967801818,"[3.0716809585671028,0.940357791538723,0.276044895391914,0.16005168565295314,0.0920823203221971,0.06788587776775817,0.04575427579632271,0.027548182206746683,0.02266322244029888,0.011585927366527478,0.010334133315360499,0.010005215804508463,0.009265377779062061,0.004706195760667995,0.0028755245721820964,0.002533394732153197]",18.80461475526341,"[18.724584575282442,1.7137761840504986,0.22316884610313414,0.10429834474905032,0.054136555263628906,0.039128409776754886,0.026371317912392438,0.016271423285886467,0.013368454885937126,0.006684339278122121,0.006083616354290647,0.0056983572301363495,0.005487127806346226,0.002761831281498527,0.0016164272600202023,0.0014345400861782583]",0.0004871130222454667,0.0016686319615251217
O1200,7,48,v_b,3,3.2555165866270532,"[3.245305579129603,0.20741953977146774,0.13793300538498893,0.054587322509232664,0.022059613266458975,0.020817635315015414,0.01400352709758475,0.010821760069162424,0.0062956622500435705,0.005222020864201116,0.004815957655387819,0.0036953200107720865,0.002361979906094261,0.001908045622478633,0.0017974168123562927,0.0015410725341691654]",20.587355684934586,"[20.5865791325035,0.15159807539885067,0.08681530128793911,0.03157861814941287,0.013035607160149206,0.012145410045507172,0.00798584438403411,0.006158446043463886,0.003559329422726812,0.0029961635386108504,0.0027393610592640143,0.0020849612993761066,0.0013669283571960112,0.0011255824681826088,0.0010059377509433502,0.0009244032502849496]",0.0004823057897738181,0.0016871795062578824
O1200,7,48,v_b,4,3.2652732408149485,"[3.17880786155279,0.6576892109696663,0.30825991886974136,0.11302879387699187,0.09616874431497664,0.06123306601386556,0.0451622169637819,0.03051582234912622,0.01997543937634705,0.015747848039803343,0.009071668952276214,0.007504277822103811,0.00650781791048569,0.004692971713899378,0.0034027004607353486,0.0021906941809194296]",20.030077737760276,"[20.009536611581076,0.870466184927977,0.23237696968214347,0.07060040145521339,0.056209665146548814,0.03689284856454796,0.02539532797748365,0.017782491695788154,0.011564358660724588,0.008660994967816568,0.005169989397338245,0.004315981286091018,0.0038944911921082264,0.0027598223351278125,0.001928253270611347,0.0012508846333974194]",0.0004774566477863118,0.001663398348876268
O1200,7,48,v_b,5,3.3076896988712394,"[3.2821856255516306,0.3677933668737958,0.12211205855205716,0.101168797160981,0.07322721188786219,0.03577925454660769,0.020454638911278748,0.017216758926170597,0.012101258835638009,0.007538878321521427,0.006098799474292818,0.004962404843427625,0.0033016006988608702,0.002676348952936941,0.0022853007239357595,0.002156785891834829]",20.699429704707203,"[20.69670135385223,0.317776331823906,0.07556034044592097,0.05875953257740632,0.045416321805686936,0.020380985776750512,0.011501927558571167,0.009719566266976294,0.006802500450082066,0.004281461178430681,0.00356917956497633,0.0027733452429827008,0.0019284647844946773,0.0015387909531539704,0.001347608707477846,0.0012630503209696167]",0.00047132007239270024,0.0016528512846180358
O1200,7,48,v_b,6,3.7131237104909305,"[3.671241327287975,0.513587999780469,0.17246046052553532,0.08449593227790737,0.07489225804831075,0.035287232593227226,0.02747179214502057,0.02199225048540742,0.014240963700543818,0.01234750821764421,0.007754475385099143,0.006564007488312785,0.005250927538113536,0.005003140752028665,0.003257757205032783,0.0024292827779947915]",23.34989124314115,"[23.34251991124689,0.5709098966128477,0.11224930800419436,0.05136466308123868,0.04434235715783492,0.021132993826086573,0.01590855016940087,0.012892961943418657,0.008260287760341536,0.0070932102709089645,0.00462536720194423,0.0037697328359647207,0.0030995686154350693,0.002784460816700533,0.0018246057849931388,0.0013836985967965337]",0.0004854369690292515,0.0016521368867666439
O1200,7,48,v_b,7,3.2495648384362896,"[3.2143010189774976,0.4294198188453817,0.18433999745303958,0.07755868981031128,0.045527864059522166,0.030204202445529488,0.01493214074503876,0.012030046375082905,0.009281203947092379,0.006110308942871926,0.00555246976944066,0.003725780565684688,0.0032382984583517313,0.002301835747114305,0.0017651663868040195,0.00166518577419054]",20.185619904662406,"[20.179482679812146,0.4771709073417812,0.12949560490062934,0.04579873072143994,0.026602648541881962,0.01685676118631475,0.008450918090261389,0.006743864865430001,0.005341345093440606,0.003436598333888734,0.0032291687591997605,0.002095480958382287,0.0018478375169302648,0.0013513681312672004,0.0009954546453900348,0.0009279082601416737]",0.0004777125705004437,0.0016660886224444836
O1200,7,48,v_b,8,3.822456008154161,"[3.815518598017098,0.17748213907031268,0.11680287210828229,0.06296702023527505,0.04498999376580031,0.027721114380189534,0.02115165451595137,0.016906982324548764,0.011604302949719177,0.011314889635067183,0.006682424315523171,0.0044805333433774585,0.0033364894112870437,0.0025395879355573077,0.002344721433483293,0.001949872711072978]",24.559507275394026,"[24.559062656976675,0.11676409517609397,0.0735614451104446,0.03855589628920502,0.026060113191773423,0.01607689381395759,0.012700378201379207,0.009475404962981897,0.006839100283070028,0.006395268764851993,0.0038659186310523053,0.0026793641408894503,0.001863615472984395,0.0014863990438561004,0.0013498781678599934,0.001158856370639897]",0.0004866859526373446,0.001645244828665616
O1200,7,48,v_b,9,4.172402065248741,"[4.1623813513549095,0.2656942282100295,0.09279307382122057,0.051596791923204426,0.02952123839044646,0.02076596832330981,0.012485559311836779,0.009037680666131186,0.005923929513136163,0.0051633089018815245,0.00452493758714665,0.0033016540663533605,0.0027425276323716974,0.0023288083305818864,0.002197691072001775,0.0017528387146703262]",27.098508283064533,"[27.09750815845499,0.22264273157714698,0.05608358426650958,0.03024158786815668,0.017595120908147622,0.012088909496362338,0.007236210947827946,0.005202336847004078,0.0034329601027215757,0.002955643385897354,0.0026437515001260245,0.001881765059645554,0.0016002621561202843,0.001319296073624202,0.0012685862649420652,0.0009708399175923038]",0.0004863707144977525,0.0015968962581393831
O1200,7,48,v_b,10,3.889137688418327,"[3.8823909842049407,0.20983626216334433,0.07152634084283582,0.04246496805453158,0.024832425493725684,0.017991680295233573,0.013836708530925732,0.011303395088697134,0.009036676923821187,0.006872207358735297,0.006499330365358698,0.004158563579143277,0.0036439566347119604,0.0031414306358000656,0.0025577529396737316,0.001993338740530158]",25.152883425131197,"[25.15242853593167,0.1414945489232519,0.04198984676986861,0.02496248300583165,0.014143354406118538,0.009888573197137075,0.008012966251065816,0.006453122381585279,0.005029352402350253,0.004026505910255651,0.003739888336743841,0.002460141511621298,0.0021165437936539965,0.0017819998149958068,0.001475900312304462,0.0011464711804715518]",0.0004871345590800047,0.0016494217494701124
O1200,7,48,v_b,11,3.231918476168066,"[3.0027871485426187,1.0363975898961688,0.5353310825902371,0.2013079330990601,0.12981786646527785,0.07504631297631482,0.045146595805600785,0.03638578674395613,0.02291540470639853,0.01742690086028808,0.014641514280900483,0.01217063707367131,0.011365015224510009,0.009064567115158524,0.008333486929439079,0.004827504997994504]",17.782818128928017,"[17.627536299983447,2.228655735235791,0.7116185430819907,0.12421776956615431,0.07978158640869426,0.043668511685602374,0.02493564068469512,0.020817446116696833,0.013716174618614135,0.01044508944840146,0.008406703850422274,0.006998713954780427,0.006638467971977865,0.00530713587896121,0.004818620041747546,0.002770059093290216]",0.00048587007040623575,0.001647510506010853
O1200,7,48,v_b,12,4.213071358298936,"[4.2126430851752685,0.04161817386984259,0.025704825249816893,0.022343504689963718,0.018363878330234933,0.012495498598163374,0.00925484420347808,0.006596388817232902,0.005876657984044669,0.004764034172621141,0.003673029813242651,0.0028184388104999254,0.002266280830254262,0.0020201960203776355,0.0019405111238073585,0.001510538064546935]",27.443528523259264,"[27.443507010805913,0.023610193744582883,0.014800657662994305,0.013390907364767946,0.010062283430263039,0.006906668044410197,0.005509086295317662,0.0038998749795169565,0.003405187604012772,0.002651509054519092,0.002050938335550874,0.001615877670947276,0.0012874284440490644,0.001168936567006556,0.001094443388432589,0.0008729865360230354]",0.0004873048746958375,0.0015808716261304862
O1200,7,48,v_b,13,4.198482351330443,"[4.197287329765956,0.08201279935524497,0.04268341841254748,0.021291186683880112,0.02042092183148699,0.017642424798173875,0.010613581371693995,0.008847118258884531,0.006531939468682393,0.005209053783511989,0.0037370492145099715,0.0031585238237006145,0.002529035497448507,0.0022763382750422864,0.002011226525952579,0.0018121419750440834]",27.32203033552901,"[27.321966618268103,0.04856439601844404,0.02491032806993877,0.012319227993795768,0.012056284702331964,0.010257191725600634,0.006127571063316351,0.004975131486144884,0.003835639204486024,0.003016095064079448,0.00216676698976241,0.0018290054632208726,0.00147389878342202,0.001333776156663064,0.0011349466618438588,0.0010128407301140808]",0.00048560951836407185,0.0016044669446484228
O1200,7,48,v_b,14,4.221852766111094,"[4.221289899249097,0.05194081845118526,0.03070573010026806,0.020166248716641227,0.018003264430980048,0.013100917990861445,0.007996690943319605,0.007248597568095781,0.006655331496845683,0.0036971336135430085,0.003223927890036427,0.00272534415831238,0.0023951662775516104,0.0020634207238849622,0.002051834875112189,0.0016638310034872267]",27.60555991714673,"[27.605530332949854,0.030533790782623513,0.018105587259591396,0.011705351220651763,0.010410814178541308,0.007653748781777067,0.004612205379204076,0.00416247814185863,0.0038461198336387096,0.0020910984763559725,0.0018869167793513113,0.001518898039563441,0.0014229203805275156,0.0011829438512477653,0.0011628703452453305,0.0009290313071440827]",0.0004812396946363151,0.001596262705852673
O1200,7,48,v_b,15,3.2057922372057415,"[3.1264803974117954,0.5974832067633853,0.32791556421999035,0.1352063253273256,0.10835504045478947,0.06462348429706963,0.04533733189128608,0.024868917187793008,0.0188148660947465,0.013987525846931583,0.011982369046163514,0.00902196643636406,0.005200066867914502,0.004207727822387018,0.0033908399382599347,0.00261340811274583]",19.322703974735166,"[19.30940438186519,0.6279254059529453,0.32514901409706987,0.08350380096119851,0.06397026300765775,0.03857121315062,0.02732288399458612,0.013994478745219628,0.011160935251432852,0.008035618473479613,0.0067674113373409625,0.005279112462583706,0.0029932935783427653,0.0024777855322316513,0.0019450182612840772,0.0014919653621939045]",0.0004722622106783092,0.0016460879587329757
O1200,7,48,v_b,16,3.4482678966219615,"[3.4388330219190753,0.23499836601824847,0.07499397473921139,0.04751181710289533,0.027061033249155843,0.01985138329198699,0.01786294228329493,0.014857970360297483,0.00979244644381688,0.007325988166770901,0.004528386521505084,0.00428010267156306,0.002965477282974569,0.002256605597167952,0.0015968504019692107,0.0014793010091419096]",21.840682097332337,"[21.839931350516316,0.17156745067812967,0.04427702510180272,0.027993858915752956,0.015502692916439291,0.011217598417178207,0.010209118182804787,0.008525150626257715,0.005746411274786461,0.004301862828381308,0.0026045426390539183,0.0024957871011275015,0.0016292419199247234,0.0013337690449902711,0.0009061466679448623,0.0008447630049046698]",0.0004851531411986798,0.0016386325561705702
O1200,7,48,v_b,17,3.455513338121974,"[3.4444361126223946,0.251854207161728,0.09332111217356494,0.05439093036360904,0.022927825079321337,0.01642979479109264,0.015087880052405016,0.012580910944127716,0.007996494567305546,0.005482051422261764,0.004491507702012732,0.004054265958084252,0.0033462645383780716,0.002208678246786195,0.002005923819034907,0.0015156799146220595]",22.000372881799315,"[21.999565673831597,0.1756801321375343,0.05678424148918545,0.03113686947725856,0.013834964277971285,0.009547587381193288,0.00863807078091519,0.007206799533531146,0.00458143899478999,0.0032077484828147143,0.0025894851099816847,0.0023734542195964618,0.0018451541169419016,0.0012195177739723333,0.0011188294534714698,0.0008712031873732837]",0.00048747310938779265,0.0016425943164520215
O1200,12,46,q_b,0,9.533451235189425,"[9.505124220585456,0.5821147745837361,0.3734086349940363,0.1738624540110954,0.12438258182859219,0.0840428477459928,0.05267593930641247,0.0484361564769967,0.036736180186260056,0.025278718116196232,0.021069145650840133,0.01743888901802359,0.013553338602958697,0.010179356491748849,0.008156100479069867,0.006385240282739729]",40.44251067842131,"[40.43999147919815,0.36802979996058166,0.22045338977791845,0.09870500300774224,0.07101619207583955,0.04702945616290926,0.030426848519275622,0.027294079440885227,0.02117807591603684,0.015152122031381264,0.011917515233528998,0.009716317794678093,0.0077862550503184,0.005737454348083264,0.004683582145196647,0.0038713430466810147]",0.00048792484449222684,0.0016968502659270878
O1200,12,46,q_b,1,8.20861365725579,"[8.102829443220864,1.0657268394820398,0.682550745465474,0.2522879702694726,0.16151492925790598,0.14152109290887357,0.08067403916681087,0.06849575605228442,0.032309326853721884,0.025793641828182626,0.01844039649608629,0.01748943608238959,0.014800871868301299,0.012008922274791877,0.010147415141356943,0.0076228059554598925]",34.14803097712919,"[34.13647673577712,0.7493380172980534,0.43215920977167793,0.14440532264279965,0.09399380354411996,0.07988593012568393,0.04598734455615604,0.039437144427215194,0.01890284168886077,0.014886464536430477,0.01062119902462409,0.010051119860517339,0.008512413871658882,0.00689572338734424,0.005836068642707642,0.0044929479882578685]",0.00048774424567454844,0.001675275831389282
O1200,12,46,q_b,2,8.5101156720512,"[8.3353554089419,1.1951476507803864,1.1119360470707838,0.3630300446888672,0.270805303399266,0.21146703026725971,0.12079065409736287,0.08211586009709688,0.06286332224832271,0.04050928879682117,0.028664247358025467,0.024691672539193146,0.019278526691962727,0.01819057114204803,0.01269443015182913,0.008568934080873516]",34.83516441679923,"[34.81484649211158,0.8785006531864442,0.7402180718617001,0.2115216481070811,0.16199243965557078,0.12103481787360468,0.07074018720508041,0.046721009017589084,0.03612204376713352,0.02378022733679416,0.016541588666355096,0.013718897000304353,0.01109515725641209,0.0102434988826804,0.007341064760697997,0.004900610818836595]",0.000486680306494236,0.0016615349752306895
O1200,12,46,q_b,3,8.917360467719401,"[8.88651551072353,0.662996258234887,0.24982565313258256,0.1656042186117933,0.09496620283260816,0.06390618503638418,0.05843448666649433,0.032989225016235524,0.027419476208955254,0.023674672658745743,0.017494258644375676,0.014378520261996354,0.01229166610037894,0.009822924752059323,0.007152086788186776,0.005370469965647062]",38.43404969145256,"[38.43135595767374,0.4128031947353633,0.14333765219527853,0.0976490096171252,0.053691460330798274,0.03806310905395845,0.03426121823166348,0.018708040164103684,0.015737626517670546,0.013480825724063172,0.010345581623729373,0.008263390432517927,0.007045008456254101,0.005692143012335792,0.003981700322035949,0.0030738559812142105]",0.0004873524885624647,0.0016742632222146174
O1200,12,46,q_b,4,8.631606027072245,"[8.517213144062154,1.1579203971331824,0.6095716840970915,0.3195434950012999,0.29456539588914843,0.2047974877836975,0.08803518883380719,0.06702283154900168,0.05240562199123047,0.0399680446516014,0.029439692353013486,0.021165954143768703,0.016480330908827775,0.012266350410763715,0.010544225252962388,0.009631496340695416]",36.29264043213929,"[36.28088582235959,0.7916995129785487,0.3738124137437559,0.1898520185008603,0.1708769683584001,0.12258753271279707,0.052051431142292194,0.03857159744518495,0.030674943941683058,0.02284225090398552,0.01656562822080375,0.011744377240124601,0.009566557585384262,0.007016079715758943,0.005997851524133976,0.005504746697865942]",0.00048725735905463807,0.001675113776875536
O1200,12,46,q_b,5,9.016117122019004,"[8.95280758850825,0.7757843511751817,0.6978154098672423,0.15546205064433574,0.09914623223959086,0.08535004848492724,0.05124836959928038,0.04068869045571845,0.03582119737518723,0.030550040428507896,0.019164302787441904,0.016136407475996244,0.01285359685705247,0.011264615487852762,0.008319458571855735,0.006788068992882377]",38.001917982097574,"[37.996447861880974,0.4665236507312971,0.4269454620605447,0.0881590716246261,0.05665021012852277,0.048095402686091304,0.02938929598845668,0.023039981769689244,0.020638500426276563,0.01800193164446756,0.011442124844372962,0.009343316947691041,0.007552963811523187,0.006463857634061296,0.004674754878580731,0.003940383608673546]",0.00048811512533575296,0.0016704374817884918
O1200,12,46,q_b,6,9.826078050497314,"[9.78842921133702,0.7389496401764706,0.36230087107766507,0.1880261381268491,0.12255575967268158,0.06755157778524608,0.05065102773025328,0.03853612885172773,0.025494878712550444,0.023373162993679187,0.020578740520466255,0.015596149512060675,0.010606100412519059,0.008961880019772639,0.0088396313069554,0.005784210535663848]",41.27023642820144,"[41.26685318625544,0.4584803596105817,0.21938235009635337,0.11203804719536424,0.06907349708670463,0.038618013163700914,0.029581902995413068,0.02225969052231976,0.014702836196548311,0.01371311350846794,0.011770219330453347,0.008961536440269851,0.006318310093214507,0.005167881273784745,0.0048738057211631285,0.003321165509167978]",0.00048816975322552025,0.0016617668391854966
O1200,12,46,q_b,7,9.199986159068011,"[9.150043019104906,0.7867417717966985,0.4952507691733911,0.17480569369817214,0.09620202807192714,0.07422654618603138,0.05519372306010503,0.03983618013189204,0.031638860611760765,0.020517245783071243,0.016672853417261213,0.016383936274220537,0.011049487655950834,0.008375470776400972,0.007844863670753023,0.006727007628731365]",39.401768751813755,"[39.39723454427041,0.4943695377155401,0.3077254460712577,0.1051232304374971,0.05633407779262985,0.041347077949877825,0.03141060507341427,0.023061743260543218,0.018015793159636764,0.011405246328071756,0.010086165546423356,0.00935659593900912,0.006314003095260755,0.004920525649425401,0.00446543666185535,0.0037985396063422564]",0.0004878846448264085,0.0016731521123330665
O1200,12,46,q_b,8,9.746431824470335,"[9.723301441430403,0.5834785170272375,0.2699990442931261,0.14878507527685092,0.08061620061743048,0.06343067531840778,0.04280644828295322,0.02971120238345257,0.024886722187608068,0.015886357516378284,0.015276105536485712,0.01373183827447324,0.010544722680041141,0.009690208943264039,0.008013581290003721,0.007628821924533353]",41.07968856687255,"[41.077649896307555,0.36122100145786834,0.15815905011666528,0.08404442372525403,0.04671926698780573,0.03634851993396972,0.024767599735044894,0.01690219897897489,0.014172328869405762,0.009213297743026075,0.00873330660310759,0.007818358871896379,0.005952223080384687,0.005608519313045882,0.004571589455187553,0.004409226753807848]",0.00048822391545400023,0.0016804243024802845
O1200,12,46,q_b,9,10.05163482638919,"[9.911915931089675,1.6492122999114713,0.2205241430422957,0.08999552796964465,0.06864503513014604,0.05704228119903759,0.05088369610710665,0.031344877075385386,0.020340000134699353,0.01664821011252871,0.012743537951414733,0.009558783877400433,0.008017891425792706,0.00636964502364835,0.006325657265095742,0.005178912720769336]",41.37358641630599,"[41.35771783936522,1.1355141825907202,0.12841402896724805,0.05282968536292485,0.038968211443044534,0.03225383493515898,0.029282313029519363,0.019099633863232508,0.011833697824932808,0.009587700592139953,0.007269760956946912,0.0055584287900264685,0.004727656305580647,0.0036259923378587056,0.0035895291657282104,0.0030494521058777517]",0.00048796408918860834,0.0016661125689895998
O1200,12,46,q_b,10,10.296879890687102,"[10.28309981710054,0.4915763774481898,0.14726594853483424,0.09541976355683382,0.07331368612029206,0.05434708084565627,0.03265895010593944,0.025708493218846336,0.019554052756039476,0.016677882416967275,0.012268305938616988,0.009443623382454244,0.008367687939693261,0.007217056822816488,0.006543794661633294,0.005739527417765347]",44.16569776166079,"[44.16450908031109,0.3010179234053065,0.0876104648820636,0.05534365127229234,0.0413189048474276,0.032225995106034945,0.01819645201966273,0.014428093059275546,0.011017781685911781,0.009713019774778793,0.007195050707711928,0.005292882301100782,0.004906251541708884,0.004146454164278369,0.0036977767842411354,0.0032654288389030546]",0.00048788648564368486,0.0016463726904889584
O1200,12,46,q_b,11,8.64304118513886,"[8.223815008412506,2.182266386813478,1.1728259494228472,0.7992337981680321,0.4449767143775907,0.20529322334148367,0.15522989538679227,0.13189181364681157,0.07669689719646379,0.04850328002213241,0.04484767568551694,0.03030614382465961,0.028202243834223095,0.02102547683564231,0.0171873981577189,0.010330698901478044]",33.630603169357315,"[33.557777182991835,1.9987973840877529,0.7504349979007067,0.4791944035165208,0.2699319444789341,0.11956849348149798,0.08894725101528095,0.07534916659363991,0.04449546843078527,0.028441392354649722,0.02602903968032841,0.017660095898149483,0.016563660680976144,0.01216469869259091,0.010284538594131863,0.00582072560797893]",0.0004881580243818462,0.0016759684139600506
O1200,12,46,q_b,12,10.439842544297731,"[10.435879824612483,0.25832216388594986,0.08433499565341986,0.0673714520312822,0.047549007155225864,0.026271933166418942,0.020624200985856607,0.017850969130856095,0.013169800768172838,0.012487206228542356,0.010218032043396596,0.008003959991137649,0.0073980527379728855,0.0066266119187337585,0.005479223350131383,0.004619921668206747]",44.27657944729184,"[44.276282838602626,0.1443991132725049,0.048368009217662815,0.040084834046107104,0.02758555549257139,0.015240810691537985,0.012506290312023181,0.010424455912384351,0.007531838900930508,0.007024209135480176,0.005816703615360101,0.0046794111548708744,0.0042766152239503965,0.0036902081597483647,0.003083269437996474,0.0025791145319926253]",0.0004880065389443189,0.0016625050954978931
O1200,12,46,q_b,13,10.743394694110092,"[10.740133728286683,0.23183640843267916,0.09575489165250987,0.06099167785939677,0.039279591432960344,0.026893879822918684,0.018470090028800058,0.015899202470285576,0.012002369150222618,0.010156093658272934,0.009412006138039764,0.008515728676407557,0.007362427570885459,0.006906304395873058,0.0050329636068824814,0.004930719259325938]",45.88973483132032,"[45.88947078651683,0.13725430827393525,0.05394795428335706,0.036805166600289776,0.02241779176813934,0.015479239183198296,0.01080980676412585,0.009294846346728945,0.0067600867332812615,0.006076442575534683,0.0054288895084446545,0.004954444339151408,0.004176996619993828,0.0039012871356436094,0.0028514468404758227,0.0026880121358116046]",0.0004880716442130506,0.0016687153303754775
O1200,12,46,q_b,14,10.326403786172751,"[10.321943902914505,0.27083512393224607,0.10497630350714203,0.056811836427749694,0.05001399777220743,0.026723741215736264,0.018384241175298317,0.017172371546421834,0.013221666956416269,0.011479842116173675,0.010458520162690879,0.008284909369733959,0.0076409044917632,0.006238982243560237,0.005858422220225783,0.005026800202869446]",43.740475707251946,"[43.740098427483844,0.16324359093811414,0.06154737470800447,0.03194072219324289,0.029969294498819847,0.015433078950963493,0.010467380936417345,0.009705807535846864,0.007445040974862809,0.006723979076438355,0.005747378590760842,0.004803592691677001,0.0044777266245455945,0.0035282796615733196,0.003266419475155431,0.0028051182566313742]",0.0004877302562817931,0.001657000361735737
O1200,12,46,q_b,15,8.19064626641779,"[8.046740240529182,1.2949185343876626,0.6535000855296674,0.410817992651297,0.16440024641072754,0.11893260407034115,0.09957849910875825,0.07576088465058081,0.047723084688620694,0.04262624763677976,0.03629190119512257,0.028917828101755323,0.021084987855146668,0.015881328157887824,0.012604139812008454,0.008859045537192045]",33.5555553667542,"[33.538075856542314,0.9648228376310473,0.40381765754026405,0.24046353440458776,0.09369323875279525,0.06903876896222938,0.056829209330072496,0.042646381734192766,0.028026794228341045,0.024728402425996804,0.02049399928714582,0.016961955048446428,0.011457285312557056,0.008896436400546527,0.007456249116557133,0.005052330686465609]",0.0004879328680544859,0.0016763418553083834
O1200,12,46,q_b,16,9.748387753487005,"[9.73253855774546,0.43313587530209596,0.26105272075361796,0.17982241135018523,0.11144462160475128,0.05887856229468257,0.04459636248747315,0.03091131862006038,0.024725993536893198,0.024497000001073594,0.013477510032580754,0.012739791460242147,0.009926171562681156,0.009233710129021827,0.007917273888995272,0.0057336232340098135]",41.550148372379205,"[41.54883316422452,0.259744175559261,0.15470314582476757,0.10487289925674191,0.06504927377364444,0.03214054872564458,0.026082297693084348,0.0181458453018982,0.014692688232127578,0.013912645859036482,0.00788009965147823,0.007588458994139622,0.005681277709688965,0.005366278898601771,0.0044103786834072045,0.0032263702415991015]",0.0004882711509708315,0.001677952197109367
O1200,12,46,q_b,17,9.54828298317464,"[9.526038186220642,0.49107648650282776,0.36350546409537715,0.16759202523647512,0.1226122903627903,0.06113356076483721,0.035212853852718926,0.031321544038034145,0.02552608762314223,0.020094694746979808,0.01780732048449153,0.015373892261900692,0.011274368352497746,0.009810709979308524,0.008015161132637989,0.0060387873652575355]",40.66945652205102,"[40.66758615342438,0.30037806933286887,0.21131031344616952,0.09731388949245809,0.07178845515760321,0.03548809591691428,0.020170934725747918,0.018263618757680553,0.014177568216623578,0.011724858396630043,0.010049262640666105,0.00901307946917923,0.006528875648681815,0.005586869788233676,0.004639922558442057,0.003427207024116769]",0.00048729864647611976,0.0016588740895824336
O1200,12,46,v_b,0,3.0154130865949753,"[3.000948587972192,0.24445351080082883,0.13234283219791237,0.0685442278828187,0.05967537291642486,0.023067102403617326,0.018578268535457583,0.015741005526928996,0.012206586656426278,0.0097071754055419,0.008068830312626382,0.005350701410171866,0.003547426832659775,0.003131057355009305,0.0021740223519931437,0.0017166738915208798]",20.114433987467933,"[20.113418820835463,0.17663129610068365,0.07950406341431418,0.040916757072024315,0.033866695062449756,0.013278559649639213,0.010618272229982623,0.009359927524942042,0.006972993899609469,0.005526711963832243,0.0046659624314649385,0.003084736787399227,0.0020623416660793164,0.0018470274284452443,0.0012489522016840382,0.0009870289714561757]",0.00048281429917551577,0.0016198503892545018
O1200,12,46,v_b,1,2.7028427324657263,"[2.6607078942056113,0.40413050397084826,0.2183011411507743,0.08780790198307269,0.0645880841577766,0.037955394820289194,0.03200732375669636,0.017447862265141115,0.013036558146107904,0.008660029826828852,0.0066303173726123855,0.005861093418689482,0.00429198072694915,0.0029619454802580422,0.0029497558590840076,0.00222979486567172]",17.6977061391613,"[17.692598637260012,0.3899720526382897,0.15356608140859537,0.050974159736750006,0.038168943871839445,0.021903730455793184,0.018405125278401845,0.010134211511641494,0.007465359612638797,0.004863714127319481,0.003754055512940476,0.0034296381811685125,0.0025330853081504392,0.0016955049290099254,0.0016365362757301753,0.0012790782144137046]",0.0004687289474532008,0.0016272085709982693
O1200,12,46,v_b,2,2.7845771974639497,"[2.7116355742796476,0.5131426794705802,0.31767107174565556,0.13298265272829135,0.101580864157767,0.06846915026987309,0.04177855158089811,0.03395073839068543,0.02758194096626824,0.011380428982424723,0.008198900219839565,0.007099299551407841,0.00558522407948503,0.004454532141224217,0.004171066052039183,0.002616133462715339]",17.78150208513277,"[17.772372865905435,0.4928438828036805,0.2626614369466125,0.07977328156878251,0.058090199319086495,0.04000822723182439,0.024925120626617735,0.01905431587952623,0.016130160510896448,0.006586902470308039,0.004973704951560589,0.004127561311887047,0.003109423047231806,0.0025928192619377234,0.0023938548727756048,0.0015150432194401258]",0.0004866150120506063,0.0016254779719987096
O1200,12,46,v_b,3,2.936226288031859,"[2.921687590082658,0.2697156288993882,0.08483198251727345,0.051417304500063626,0.033831166707038174,0.02806208806250576,0.01707005964385082,0.011853955100813813,0.009668350187045203,0.006877887152029286,0.005089455218901963,0.004333286671783358,0.0033880910293165845,0.0030828180680553957,0.0024863285036220793,0.0017767179308363324]",19.559965191724633,"[19.55880645666719,0.20261752473843936,0.05015607031287466,0.030009247804630185,0.019431140914670873,0.016260647546594054,0.009785722200679418,0.006790657530682706,0.0057324625207157065,0.004083821034213401,0.002949983974122319,0.002504486420811691,0.001905053585917932,0.0017860535177465632,0.0014479828347895112,0.0009816849307736453]",0.00046987534733489156,0.001633027572218432
O1200,12,46,v_b,4,2.748956879329011,"[2.6996904204022116,0.44194425897918316,0.20220732480858256,0.1250572844246401,0.0913676456401979,0.07872396669083229,0.025697375938881082,0.023818311470976048,0.017104080588303046,0.015319825298859507,0.013379661969221059,0.0062363690981777865,0.005355712782643788,0.004893819763485829,0.003943566932091478,0.002681033769830069]",18.011473706245553,"[18.004858838860436,0.4565788512970128,0.13478143368857182,0.07760042603047525,0.05294429986288129,0.04567903873404999,0.015244246076213705,0.013900725106307818,0.009919384185462893,0.009047449429843568,0.007741671188387498,0.0034174307542782305,0.00302054256671454,0.002720085497580469,0.002279748676192284,0.001510547751522106]",0.00048452542978338897,0.0016616291076644951
O1200,12,46,v_b,5,2.8827439798246153,"[2.8553881526319778,0.31145659842682805,0.2280048416021484,0.06466253916817633,0.04572087628397007,0.025205591516240616,0.023438195492397895,0.014881012702706937,0.011702878140691677,0.00866858287108089,0.005693867521166875,0.004800956154093494,0.0037390301933744093,0.0029188594803541924,0.002655604625140052,0.002247069057826857]",19.13973960540299,"[19.137652759295467,0.2305882627153353,0.15498839905457612,0.037773477215398345,0.02647499810521831,0.01424046619595849,0.013522963286315757,0.008519876412342066,0.006887684063639667,0.004919748823170933,0.003222896964287308,0.0027315842787549163,0.0021112248376916535,0.0016249427057120757,0.0015299860597611016,0.0013169666455098267]",0.00047926358092809096,0.001637517437691018
O1200,12,46,v_b,6,3.0821438365884037,"[3.06479370089796,0.28541697238547703,0.13690083691960767,0.05609410459895978,0.03949197211306911,0.030202700521599145,0.0197817730895684,0.0127054909865855,0.011285160566554514,0.006966950794584506,0.006038514782765178,0.004760027588524001,0.004653766892226029,0.0028102958823267685,0.0023817717184265487,0.0020382739780432555]",20.688332295499215,"[20.687177221687733,0.1961481546835687,0.08437883852387235,0.032789599844991815,0.022900513271532818,0.017812958971351413,0.011500928932361557,0.0074285280034761154,0.0066250846363445255,0.004082721659615042,0.003440379782273811,0.0028839721222522637,0.0026665920201797413,0.0015946919325658421,0.001345182665049063,0.0011645140750289704]",0.0004828120581805706,0.0016355391237406285
O1200,12,46,v_b,7,3.0254510494069473,"[3.0044604954866294,0.29752487288369156,0.17310289161475345,0.07164010833178722,0.037140845703844946,0.02838111343710652,0.018525229908397677,0.013910725069106447,0.008780055708122838,0.008399745841068887,0.006192205244852703,0.004237942421381543,0.0032103961110954825,0.0028263890247842284,0.0022954294383532524,0.0020203977228648333]",20.088692362985324,"[20.086774231806846,0.2482743908709539,0.11218003977539594,0.0435868239139102,0.020618194887598973,0.015859299374330844,0.011102400341029986,0.00804785739595178,0.0048741547452352705,0.004631996632595625,0.003569536991557951,0.002439594706914051,0.0018450784503743884,0.0016000871671044946,0.001270196510371056,0.0011518481954653072]",0.0004880474880337715,0.0016256542078706571
O1200,12,46,v_b,8,3.090737033470918,"[3.081041881352218,0.20680730745823867,0.11647630708352986,0.04024946190123736,0.030527201506650704,0.020882888767500392,0.014613033153608767,0.011742128116361876,0.007487809961889745,0.005513267159485133,0.005328360015120001,0.004055179139091559,0.0034053705536338168,0.0028252624272056786,0.0024202657598191004,0.0020407521461470405]",20.685301753382817,"[20.68472827516429,0.13188345903270712,0.07160260521657867,0.023445849181099872,0.01814011060313708,0.012453350044524832,0.008234364867823191,0.007057767400063076,0.004247001830679991,0.0032061188386481123,0.0030638776321626807,0.002350695100471385,0.001999549079811358,0.001645125157684477,0.0013557531020038727,0.001176866892556963]",0.00047737089334987104,0.0016212364977938583
O1200,12,46,v_b,9,3.195648197600231,"[3.145451449388536,0.556434440274427,0.08048253578373075,0.026053241558641253,0.025929453233692834,0.020218090941316266,0.014546723135537912,0.009862971238735687,0.0077434262702633224,0.0054645356147485285,0.00383435116549369,0.003616767505271739,0.0031523603631233564,0.0019939112723792265,0.0018542119034417935,0.0014617667616941262]",20.97138912934851,"[20.96504610033428,0.512779756935513,0.048157388220220074,0.015375926868344362,0.014953883342507253,0.011648589417258302,0.008186338893948757,0.005850433021302318,0.004385484709997363,0.003112194588431993,0.002282809849367819,0.002086758925574487,0.0018189644270196962,0.001134799384613734,0.0010491999862046741,0.0008123513808309156]",0.00047611023182980716,0.0016149453543146254
O1200,12,46,v_b,10,3.30469745090483,"[3.299846122467672,0.1607956031993102,0.06515003484105258,0.02702769537032316,0.022319321184217155,0.017067909111418936,0.01222299645627759,0.01085099724218947,0.007488454913090568,0.007237731587080717,0.003912698439703302,0.0035479758480968745,0.0025020840179379475,0.0021874190405582077,0.00196660308877764,0.001636298384261857]",22.375546094524726,"[22.375279445126203,0.09941883465929446,0.037527382568666695,0.015554600754107308,0.012859727936747627,0.009680843305234988,0.007131295986117552,0.006052187073838985,0.004361708999495546,0.00420596679274305,0.0022475405905259594,0.0020909074897460475,0.001435137541308366,0.0012517207017653546,0.001120421296115224,0.0009113381826384177]",0.00048086329479701817,0.001576111155479063
O1200,12,46,v_b,11,2.7542054855634017,"[2.5694308710438807,0.8625013908896839,0.34166073081888004,0.280336277499376,0.15721672284315422,0.10746619553884769,0.06287010864993724,0.04533973179750935,0.03249406462046498,0.02487324649208973,0.013201685152504647,0.012577772433908879,0.008882221169130247,0.006710293049671605,0.004865959962101227,0.003830533445452623]",16.764301596555736,"[16.702503647066706,1.3943199142345764,0.2661525666817387,0.19219153290238164,0.09740576173573541,0.06307952014100775,0.0373056869943726,0.026169010232827545,0.01904168504851108,0.014201277807908644,0.007718709691107611,0.007360678398324161,0.0053163041720851855,0.0038548242131832737,0.0027783720890334532,0.0022001831267959983]",0.00047551157331326976,0.0016607525713829155
O1200,12,46,v_b,12,3.3287720691587435,"[3.327322368881679,0.08629213242299542,0.034035099990275354,0.021387302830637358,0.018258482595588783,0.009643771459431303,0.007173221008195538,0.005874692372988116,0.0050448520941027124,0.003831904431554008,0.0031261180049625597,0.0029272111855592874,0.002753546385507377,0.0019830007056253485,0.0016197670139022518,0.001500098797839]",22.521991600121517,"[22.521924119737765,0.047723554829915235,0.02027149876727916,0.012246101873642671,0.010816383554244068,0.005473405723154535,0.004275110094523174,0.0033569391711429615,0.0029757087601279424,0.0021265623733564103,0.0018443674299913643,0.0016365695473501787,0.0015435555430250386,0.0011353124531263987,0.0008998603095565045,0.0008402506970791102]",0.00047865731903584674,0.0016228467820717121
O1200,12,46,v_b,13,3.4505486040251068,"[3.4492450112039705,0.08380490110705864,0.034236673502163466,0.020263862820640965,0.011478724487797189,0.009395546805162596,0.007739216037882951,0.006611231086617338,0.0049021908608527275,0.0034115841285602064,0.0032518147987973165,0.0023840043875689113,0.0021309422057653005,0.0017812324007239965,0.0017067330396223687,0.0015132645322061878]",23.364677689531188,"[23.36461317080479,0.04838021918404429,0.020204489018043663,0.011664210290484497,0.006779028896717514,0.005346558807306037,0.0044340392601952125,0.00376944865459971,0.002838421804105112,0.0019287205961995377,0.0018834949571596186,0.0013923002015540436,0.0012372600364588288,0.0010153214338430268,0.0009884876313883077,0.0008841504193527948]",0.0004849213219131343,0.0015693042263333758
O1200,12,46,v_b,14,3.3120390485242406,"[3.310229540873365,0.09736725551550354,0.0390468101783994,0.02023768140798878,0.015877001381615102,0.00956572040358383,0.008612915732538726,0.007419181410344871,0.005917895235221239,0.004357526726268629,0.0038512688302524507,0.0029437578079101563,0.002731139264570315,0.0023961894022271205,0.0016722512905765349,0.0014603334251734527]",22.418216660060892,"[22.418125679633565,0.05686356381452514,0.02281763408090186,0.011563928033234496,0.009257124123455574,0.005627417438217798,0.004913178434829797,0.00421458283356884,0.0034459004533396076,0.0025475443506969204,0.0022406379012790355,0.0016919874084107595,0.001571068885056815,0.0013666913735292587,0.0009261135072159149,0.0008308756206088437]",0.0004847840828006156,0.0016337551061032702
O1200,12,46,v_b,15,2.703384285958042,"[2.643099195068873,0.498417124776888,0.21332476880909032,0.1425499006206588,0.05985804513370078,0.04537272956269128,0.035877995051155145,0.01911660698431516,0.017539334565228763,0.015164931391145676,0.010127455163191678,0.007669245820061955,0.0057194682652853875,0.004475185278323178,0.00345786849122631,0.002766456860878326]",17.622608806026147,"[17.613763337687274,0.5306620339237719,0.14252086721968,0.08346592917723678,0.036063526247161436,0.025715723694731095,0.0213013875315993,0.011237092932499046,0.010160812213161455,0.008827551845304748,0.005882804003586484,0.0043592553315510265,0.0033448422596207123,0.0026105557118414036,0.0020789549931068095,0.0015033194923959215]",0.0004738076822832227,0.0016416333046342766
O1200,12,46,v_b,16,3.1256653706134827,"[3.1189209614809883,0.16998175906489862,0.09066306867646083,0.051706529327502304,0.037596462184055934,0.0208680418277432,0.012207526355678797,0.010472034354697575,0.008864862117603718,0.007657274356440573,0.0057758552278358655,0.004247434770893105,0.0036131638943796324,0.0033102144311522538,0.0025092234765200752,0.0015177685316736852]",21.089858279038385,"[21.089467416764688,0.10937109264586087,0.05310472847828941,0.030713286210316108,0.021294884963669547,0.01224386001937568,0.006894958905490122,0.00604812423770072,0.00511291589330954,0.004435389468855514,0.0032963870575693274,0.0024380529424365338,0.0021222417498179607,0.001866963634786071,0.0014130308407649924,0.000858850577165297]",0.00047081103548407555,0.0016313925281926823
O1200,12,46,v_b,17,3.115204619224986,"[3.106414458509217,0.17246621959612737,0.13482533189865675,0.07361173785501265,0.023652731091445535,0.019087576590812127,0.011657375729283983,0.009038116902028203,0.0085894895981345,0.006581440048255417,0.006100549425997716,0.004287412220690618,0.0038783110750695857,0.002883107644534649,0.0024864821793553747,0.0020683100171010726]",21.005301223163933,"[21.004804733723063,0.11013902700470353,0.0798711017886569,0.043619742917851353,0.013583469568283307,0.010966913475187955,0.006794185927099896,0.00511082227383627,0.0048786377781466946,0.0038034458679144637,0.0035234765972352667,0.0025192767096565423,0.0021584641527292074,0.0016340698412950206,0.0014494413261507588,0.0011702947449423308]",0.0004786800127476454,0.0015753603115053678
O1200,12,48,q_b,0,9.3010995205535,"[9.270266607514763,0.6051024153216755,0.3881649801062427,0.14788994667761438,0.1363581454236077,0.08627180513059264,0.052737204170725936,0.04665210309000788,0.03689885309154007,0.02344016074811866,0.018562545348339312,0.016225066343928448,0.013291037088472091,0.010929152680614613,0.008023649728360473,0.006605431586281435]",39.50248287080316,"[39.49970631628187,0.3855504463112239,0.22957406940028807,0.0838895152196138,0.07768938276290151,0.04841616812128095,0.03023239657161147,0.02629759879318553,0.021311370156463054,0.013798092891523943,0.01075531823881521,0.009297878095866512,0.007522692890920141,0.006116707161523586,0.004588868646134402,0.003994469425317709]",0.0004879308398813009,0.0016688637418199404
O1200,12,48,q_b,1,8.064114208424668,"[7.950353482982739,1.0807476926417965,0.7339952517949502,0.25516335070450735,0.15677232857995402,0.1013432179093323,0.0828559341850985,0.06906248091537233,0.037489445494151265,0.030809382509770646,0.018186054171642076,0.017392423190752515,0.015047464910350422,0.010437597104825672,0.009538095746262945,0.006894087076377843]",33.57730628900614,"[33.5645176694638,0.7786535324181055,0.4633022720388016,0.14659525137540502,0.08876167000030795,0.05853780329800193,0.047014290815410587,0.03913771005416949,0.021737509535640995,0.018034196998354908,0.010520432047471572,0.00984195759723636,0.008658122726226233,0.005881939394393897,0.005608214588401469,0.004127407903404546]",0.0004876978637184948,0.0016696234717473797
O1200,12,48,q_b,2,8.365324363446701,"[8.154736324903082,1.2862163105637743,1.2058796269148837,0.44134296498195175,0.2968303897832357,0.2331342380372131,0.13368899342093,0.08242076366649381,0.06847216252388544,0.03829045735670552,0.03182727336283562,0.02363769219004398,0.017993488457441753,0.016300963376335204,0.011588346705721978,0.008343906981912593]",34.12016294612732,"[34.09515292116793,0.917779962804494,0.8581791136094573,0.25828483042393013,0.1780024819468747,0.13338778786700836,0.07768670629491646,0.04722929674984039,0.039221121079780374,0.02234239355330091,0.01879811536056658,0.01307463413222599,0.01031513515710347,0.00930046500081066,0.006644974524423139,0.004730844713840355]",0.00048799773867358454,0.0016622395652196855
O1200,12,48,q_b,3,8.72565214760684,"[8.692495767990462,0.6588236002726261,0.2868784524749921,0.18835646303573023,0.11329433792216512,0.0809345184841976,0.05724868043163551,0.03374129231445248,0.025690666207886233,0.021998806480396964,0.017520386229716158,0.012584112760536673,0.011420502332693113,0.008756480947469636,0.006669260113170952,0.0058335712205755215]",37.66995428558688,"[37.667081216571056,0.4103896267220445,0.16468392856519787,0.11102030727101302,0.0651916015812961,0.04641782100430579,0.03448707024383122,0.019043171600881835,0.014614228505454751,0.012668696516931552,0.010270704132136956,0.0070752586454609035,0.006782196418430898,0.005036654182751249,0.0037269118616220583,0.0033343976278751757]",0.00048784903628984466,0.0016688854390518387
O1200,12,48,q_b,4,8.48260727745408,"[8.334122515063726,1.2401284140113888,0.8219395317788434,0.3776084870027519,0.28244505945234333,0.20661144436560214,0.08162806466447017,0.07323834817467723,0.05065154545242021,0.042631996639194744,0.03250495518670228,0.019555630543845053,0.015305961735843735,0.013655544043274181,0.011948886416229891,0.007797465405059196]",35.55685608142662,"[35.54042743339666,0.8976507920493686,0.513389021906019,0.22412847714005762,0.16646108457420714,0.12017784165962832,0.04934752240135766,0.0416756673969032,0.029445589782155446,0.024923588158511895,0.01783761912594892,0.010851134337484445,0.008909470641396565,0.0075745236767772,0.006918243645288939,0.004541446187904027]",0.0004840593319386244,0.0016700229928678736
O1200,12,48,q_b,5,8.8209870908299,"[8.743785590709859,0.927020976759292,0.6661836465566756,0.1598116678236659,0.10383112214123112,0.09118952080116138,0.05405794161358402,0.04251572404286616,0.0381877431641653,0.0307955374285635,0.0180010812536673,0.01650963776000366,0.013240464486994098,0.012273621381068073,0.010579535631645074,0.007145360207488236]",37.20082479283526,"[37.19405095427553,0.5728810875827953,0.39818839671743883,0.09102479608299419,0.05827522123943697,0.0524979414052251,0.03139165867788048,0.024305888469090577,0.02217171706678802,0.01801969710717186,0.010601163281048244,0.009288013640534769,0.0076518398523188,0.007075055111534653,0.006154451105185373,0.004116584774255491]",0.00048658065497875214,0.00167089946848641
O1200,12,48,q_b,6,9.530465350387699,"[9.482679260932743,0.8454507937290082,0.3552128275842581,0.18017485322056523,0.15176847777901603,0.07334580270565039,0.05400927451689106,0.03828883665675699,0.02546350269731285,0.023438726072458598,0.02188506653377676,0.017142523495594177,0.01261881970311523,0.009692566639648794,0.00817187673817686,0.007126955258284564]",40.050632133685006,"[40.0462763833743,0.5292309503839245,0.21451102825345372,0.10755250518284909,0.08461192992193094,0.042191814263522934,0.03136589492362221,0.022436950362222208,0.014979986871973265,0.013374755026565526,0.012768287102979944,0.00995426988556952,0.0074639727432870935,0.0053046827077639,0.004655983057845893,0.004088920666242092]",0.000487425277242437,0.001684697717272368
O1200,12,48,q_b,7,9.01972204479455,"[8.965846571284857,0.8052625883205002,0.4924863956349064,0.22440404177839043,0.12627445213768337,0.07251265439936969,0.0537749301592262,0.0402496398684562,0.028148936879985705,0.018886633870829946,0.016154328931769636,0.013813092549624817,0.011141817707378297,0.009525300836492277,0.007714804250346676,0.006545645873107793]",38.65327380252611,"[38.64827686208457,0.5145197624085436,0.30683508620694405,0.13458360354649926,0.07433484744015,0.04067706418224058,0.03052223217559951,0.022981371939471567,0.016477508509783814,0.010645098917095985,0.009201373670101213,0.008188905156086178,0.0063631314153008815,0.005422346465225347,0.0044410781254034404,0.003732934789108298]",0.00048818913637660444,0.0016753844132922685
O1200,12,48,q_b,8,9.511810784580332,"[9.488307540658665,0.5671802638469127,0.2958836479102111,0.1434206342659929,0.0918803380634318,0.061272253699265526,0.044889519244210495,0.030643505774837092,0.0252712339906003,0.017342115601040483,0.013923689563584217,0.013818798205685613,0.010451343382870276,0.008942189393139902,0.007133460042610123,0.006299308644202734]",40.24106800527356,"[40.239014948577804,0.3508629931673767,0.17303329306899257,0.08120588114407476,0.05327489537277123,0.035436839945421024,0.025966756279423818,0.01721397321917573,0.01454433580886193,0.009910319470969342,0.008193727909766208,0.007497364445885035,0.005911018814319277,0.005237647997512653,0.00419841237246671,0.0035693985028156187]",0.0004879216430708766,0.0016764847249066443
O1200,12,48,q_b,9,9.836586759565277,"[9.693267009892981,1.6493204300766082,0.23205767562982665,0.1084613431270757,0.07463520866878656,0.06555137910050583,0.03794861664657172,0.02766283073312144,0.01976388860797719,0.01617944049200208,0.0128248951809714,0.00986249391428343,0.007414912301721982,0.006606203084049652,0.00558029822904289,0.0049620831233583955]",40.58899162634446,"[40.572601157971896,1.1417789709577237,0.13522040352751194,0.06358519249455008,0.042273928826272324,0.03721224390553292,0.021829983038754316,0.01685923235488242,0.011409765303370066,0.009437969344711711,0.007360387649936252,0.005706124569615895,0.0041494180381811555,0.0038614851816918603,0.0032756344498103,0.0028630611568958623]",0.00048809475265443325,0.0016639582618541975
O1200,12,48,q_b,10,10.045856890097218,"[10.029240062780843,0.5449521449168019,0.1372747626262184,0.08867284794538595,0.06679452036829515,0.04851063717447911,0.03445027445771339,0.02691745795921041,0.020014992617463444,0.016377136724476618,0.01358803923392869,0.009809119436303545,0.008742973461790244,0.008223154866480063,0.007199823891195297,0.005711605697285277]",43.196039289665876,"[43.19459452799511,0.335143562591264,0.08115868776561372,0.051450443996185,0.038094834374110695,0.0286148381018004,0.019323086574312403,0.015298893200955286,0.011115509499486842,0.009492047830834016,0.007881455557510023,0.005443730464237264,0.0050948561232250335,0.004686705520165205,0.004126556884387782,0.0033118939125750266]",0.00048795044074267935,0.0016627257542108562
O1200,12,48,q_b,11,8.442551873320157,"[7.983296987705989,2.3115709603518892,1.1032923000640864,0.7824261820226899,0.49686528489891674,0.24790085380990626,0.17034537151683263,0.13726852873703527,0.07362116787843312,0.06028404067030683,0.04813959907765727,0.03666650834143337,0.03065255299414374,0.023152862081165935,0.018536939875851265,0.01099628084027929]",32.73256398313761,"[32.64198544700598,2.2574428333071186,0.6836507118976557,0.474837875245311,0.30051436491746125,0.14577078125003165,0.10048862763335997,0.07753508832497488,0.042745372651034806,0.035595643608068155,0.027337845450752477,0.021753364350877064,0.01760087629808121,0.013433295057627222,0.011052199317222915,0.006221029245972614]",0.00048801093362271786,0.00166840604884747
O1200,12,48,q_b,12,10.171902092757994,"[10.168048257915231,0.24819690315471893,0.08540338517461754,0.06846380957569155,0.05133179364785585,0.02620612675560148,0.021068422401403997,0.01932027177394716,0.01274926190206167,0.011676696454120686,0.010824165118441174,0.00938746499910401,0.007946370655777565,0.0066928381724916134,0.0054569510046582614,0.004828725511485185]",43.26335027868126,"[43.26306206337609,0.1388774942197858,0.04895714979641111,0.04023128853075164,0.03000585148733147,0.014828567712466888,0.012717490635010702,0.011727544746210076,0.007130176044597501,0.006876268000848005,0.006242633326361042,0.00530297255695447,0.00454864290199265,0.0036959090415231675,0.0030817145966838258,0.002711108167374048]",0.0004873545258305967,0.0016617129994354431
O1200,12,48,q_b,13,10.477408289085146,"[10.47466005082239,0.2003786488834739,0.10182530038498135,0.059582469479663634,0.039102036141168584,0.02623099260178982,0.0206731908894952,0.018018362462434125,0.011967757390776598,0.011171812416806516,0.008453941640297608,0.0076540708658944905,0.0070485471847197695,0.006276208789985318,0.0054402385535757365,0.005037314696448615]",44.9202267205949,"[44.920006620302715,0.11837378338164917,0.057657749296998934,0.03572938435905918,0.02241929883314238,0.015056873175846587,0.011981286893276565,0.010387439357570295,0.007121990593713628,0.006315318826117365,0.004804763852063143,0.004466563060083301,0.0039627627068703625,0.0035628233812043815,0.0031108833744948974,0.0028289213651364426]",0.0004874221049249172,0.0016532488836813162
O1200,12,48,q_b,14,10.062666946055051,"[10.05875835826345,0.24157520464039073,0.10976201650171938,0.05861561095677807,0.050537579571549016,0.02787446564924232,0.02042723166093192,0.018986909611853012,0.014275854206315504,0.012002073043078404,0.011014696128198729,0.008810297287846046,0.007572790816140699,0.0060735120491891064,0.005530060386924475,0.004885637270594496]",42.69964841169839,"[42.69932113157041,0.14508709250050417,0.0643614077759651,0.03338886988984117,0.03012567307762815,0.016044454572952522,0.01159711903799243,0.010781902018247583,0.008173714331554154,0.006820645060082161,0.00632055741863374,0.005019703042139604,0.004363351970758205,0.003410840388934718,0.003099157494063179,0.0027267979595065914]",0.0004882272332906723,0.0016879361564363744
O1200,12,48,q_b,15,8.064570239289079,"[7.908118468495302,1.2799000516699717,0.7744435750700858,0.44957162457735445,0.14827793345907547,0.1138894531313343,0.09697170463199412,0.08081521504370721,0.05209569743384264,0.04845590809239338,0.035741254155937305,0.02899871877540445,0.021330205346774784,0.012919016622734682,0.012436249504890346,0.009229931436959557]",33.07813700735081,"[33.059553660574515,0.9508355025680109,0.4856174198376334,0.26418363515611865,0.08492014297267766,0.06554128367957278,0.05538961619746978,0.04563048276570207,0.03077900526242942,0.028121483330525908,0.020033709751650856,0.016972652858306233,0.011649201793638476,0.007483390433025381,0.0070568698697158995,0.005280642979366421]",0.00048777004121802747,0.0016784887412843736
O1200,12,48,q_b,16,9.50407275708053,"[9.483816063196041,0.5358145189210314,0.22566930737698276,0.1631227481134017,0.10219413333117928,0.06597107881410233,0.04784588651892887,0.03769418904067445,0.02448302314702089,0.019539797112684935,0.013357733858612646,0.010215517966286551,0.009210383853188795,0.008120274609503883,0.006599443737929032,0.005894904582555798]",40.52760334047977,"[40.52591915620766,0.32075303413014283,0.13381150189944774,0.09478631442665397,0.06039877481923363,0.03666115203715841,0.02761794346539207,0.021851738286151848,0.014042471420603251,0.011656480097457744,0.007841916429032925,0.005951689639136213,0.005258591500326123,0.0045930220216968,0.003835895834061199,0.0032937179008972724]",0.0004880487686023116,0.001652156188937619
O1200,12,48,q_b,17,9.357829840284511,"[9.332860161559918,0.544650904723538,0.35557710240408313,0.16488383968522485,0.09631593945361053,0.05805992996032509,0.03452619547006009,0.028338387939722907,0.025120620352831927,0.018966535499158346,0.017106221003978034,0.014734184140031924,0.010573458221801247,0.008975086867876998,0.008000689131559264,0.005870844760618227]",39.952143437014236,"[39.95000262408158,0.3373084187040349,0.20684974978010848,0.09475439977295802,0.05593913300221882,0.03353931061828456,0.020034602532732416,0.01648152324575809,0.014139285018347256,0.010946998472999084,0.00995230156301832,0.008396378165870638,0.0062458097871772,0.005078990191693844,0.004585709732882595,0.003335646415021809]",0.0004868315299972892,0.0016779776152303916
O1200,12,48,v_b,0,2.943633494611124,"[2.927230916391945,0.26106194361946494,0.13733136705001547,0.07201125440930231,0.05133336369231741,0.023003113075141256,0.017953026399734968,0.016065839650517038,0.012210947712964383,0.009434587380913725,0.007545816175622051,0.005033991431247912,0.0036550520768597857,0.0033248684910248596,0.0021710873558840856,0.0020597332624991515]",19.564133715221953,"[19.56294161201727,0.1913457415979866,0.08258807794215442,0.04330600240999696,0.029080504531642317,0.01327660403214102,0.010390758625682424,0.009434051623334936,0.006911939795000812,0.005372374280441445,0.004286802600752115,0.003003649222026834,0.0021091605644968413,0.0019343362873196735,0.0012441768260790386,0.0011963904965431194]",0.00048715464072301984,0.001654733296462515
O1200,12,48,v_b,1,2.6664346200418008,"[2.6245623062072774,0.37741914284319317,0.2523818654463405,0.09875084665478173,0.0494773994173644,0.04250430155538351,0.025951625136498808,0.01837395731097644,0.011638291878952245,0.0095622778379896,0.008666925484554085,0.006733656239278532,0.003958201346139685,0.003514041218451691,0.0026627877860366505,0.002137715603150244]",17.434474264238467,"[17.429513517347857,0.36892239526190795,0.17783538761726408,0.05735731659457129,0.0297415671271092,0.024285789937393394,0.014887035696928395,0.01043615861874843,0.006560230873000126,0.00572683030063407,0.00480631785081425,0.0039552444565289675,0.0023106055018480664,0.0019658723495798273,0.0014733709850378428,0.0012443933670395885]",0.0004804122436325997,0.0016672457435039695
O1200,12,48,v_b,2,2.7452769354213804,"[2.6610936707014523,0.5333892734262076,0.3532901884723519,0.15588498108963553,0.10343946937086791,0.07739574812051886,0.04916002748723628,0.03617589984307618,0.028353413841792015,0.01060926493412249,0.0074532720171562004,0.0071223949748625715,0.005199243727828987,0.004474256085964145,0.003922207761350564,0.002703599576501527]",17.390668733083114,"[17.379716836494286,0.5086540530525995,0.32532246783683766,0.09453702367674409,0.05967682321831941,0.0458958863270124,0.028862308623759946,0.02070034070515842,0.016561210616045954,0.006142966693841977,0.004338917064881554,0.004230771990718558,0.0029096533068903156,0.002587170780794902,0.0022497219873394815,0.0015861179740363613]",0.000422395154600963,0.001616133417186585
O1200,12,48,v_b,3,2.89282791643013,"[2.877494798279512,0.2693286622934561,0.09164708693122836,0.06461444320095983,0.04204441006097922,0.03142165606281901,0.016714025638428474,0.011494262241490204,0.009175357271829932,0.006438235930667527,0.00533422386999809,0.0038315875875009875,0.0036274717218750534,0.0030629668613676273,0.001995090728475552,0.0017531190724045193]",19.2242335880473,"[19.223017803453534,0.2030336037394522,0.054718249325838776,0.03741708309370125,0.024372274317299755,0.018113729584837413,0.009637836293939113,0.0066140544124772644,0.00536653565062902,0.003908172700814106,0.003108639029368633,0.002198334339144236,0.002032047140805243,0.0017535027348203874,0.0011432564173953236,0.000988604809069212]",0.0004859097534790635,0.0016192929917287272
O1200,12,48,v_b,4,2.7143636160886797,"[2.656848050913601,0.4361218469877843,0.28911037170873827,0.14065202103946192,0.09053689585338928,0.07001022657024268,0.029566183638623122,0.02179318625564118,0.019669710675417482,0.015262089225747236,0.012438289586428352,0.007375197063597048,0.005697254676477564,0.0051395252321944085,0.004216342110099985,0.0022722844918706755]",17.701929718221876,"[17.694191040327013,0.4673965983434141,0.2067336698595469,0.0869508585869587,0.052790229528636066,0.03993052483679793,0.017649686349076276,0.012671831441964172,0.011285334478723227,0.009192403490867192,0.007283821928290416,0.0039868938047916075,0.0032045062036012762,0.002875475962704729,0.0024474343555600008,0.0012874731671424704]",0.0004789176273334306,0.0016494963584850978
O1200,12,48,v_b,5,2.8278347019276833,"[2.794926180133428,0.3413632844758971,0.24701658180444136,0.06150785708699197,0.043610637661567864,0.025992202858768604,0.02353606278787063,0.016129145761798438,0.01216801811066966,0.007998591656295162,0.006376460452034541,0.004709198841868784,0.0037145084804067925,0.0035861077566269636,0.0030963603712042113,0.002179868685078784]",18.731655709815954,"[18.72917699829074,0.2389982993459274,0.18232530377106973,0.035682889735657544,0.02513329169313806,0.01479383801314738,0.013325525461485877,0.009289444281671364,0.007082057989691671,0.004527998009764597,0.003600694260620983,0.002690181628667173,0.002126760539710868,0.0019825976839807032,0.0018034256252666058,0.001286755004140088]",0.00047406437806785107,0.0016384830619731432
O1200,12,48,v_b,6,2.9926824421895404,"[2.970797209085843,0.3236449804003162,0.13564008104024597,0.06217440784000957,0.04175840161498637,0.028619899851005253,0.020230915935318585,0.014289994341625657,0.0129226698888451,0.0076909732576774335,0.006136124700414524,0.005131095369852189,0.003960445359382879,0.0027796499656863928,0.0026339090792348967,0.002312574797774491]",20.031251675124107,"[20.029743538686763,0.22536850517115903,0.08430898986604525,0.036396266998475924,0.024237786617332738,0.016934362764884872,0.011647228040646813,0.008493618452802975,0.0075955403864544436,0.004480901368171148,0.003669083045547962,0.0030001007505079482,0.0022572426613090865,0.001570486959538429,0.0015172730847831486,0.001284467300866438]",0.0004868386822636239,0.0016428413492642808
O1200,12,48,v_b,7,2.9789380337239497,"[2.9558517156831856,0.30595535299230814,0.17873025788258437,0.08795200101800388,0.046878975847698644,0.028367394439359542,0.01711064839137961,0.012835183484424128,0.010352240154394088,0.009213263297298697,0.004897547503811153,0.004234942682405392,0.0034156623134184608,0.0031434437029918454,0.0023532880997710003,0.0016681253019055582]",19.69715837384913,"[19.694992775361104,0.26072888404676353,0.1151300781676398,0.05385750930187611,0.026060357975885056,0.015867185980203046,0.010120060773631503,0.007495861606230431,0.005773357674521544,0.005130389223292218,0.002800508985411695,0.002406889567244448,0.0019459264228420623,0.001814599756791453,0.0012913938628333818,0.0009574680196219559]",0.00047566962894052267,0.0016257754442355104
O1200,12,48,v_b,8,3.0299368275425453,"[3.0200703363761554,0.19962827747202166,0.12567745855310014,0.04619693476654524,0.030925289046094106,0.02140448568442718,0.014422005106099867,0.010995333349353518,0.008383530950987933,0.005178520898576551,0.004860782978524627,0.0037627012433152206,0.0036236563171783724,0.003173163311012309,0.0024946901843356643,0.0020460876538627034]",20.229240916054636,"[20.22865388608869,0.12764683433329582,0.0777909445048247,0.027205190734462998,0.018336217163640114,0.012765035466896946,0.008128501865216175,0.006648317973969647,0.004749261225867557,0.002930172513425106,0.002806201581682102,0.0022630019496982395,0.002121558682394215,0.001827087658131952,0.001389208864747228,0.0011775728914401522]",0.0004821436305064708,0.0016758034714329522
O1200,12,48,v_b,9,3.1413482713096323,"[3.0881800789359097,0.566597507210749,0.0851967213957775,0.03502968724854643,0.02785027361697153,0.02335660966030975,0.012171105955174219,0.009667645123947017,0.007455178553314165,0.005271123548060157,0.004714198271746796,0.0034191307941964805,0.002490532054085309,0.0017667587961957348,0.00171637196431644,0.0014660873587125727]",20.507753315737247,"[20.500548761285472,0.5402683230617086,0.05073308132132037,0.020460480517416686,0.016032398026136468,0.013480503963508663,0.007154097542535785,0.005531361697532166,0.004292360892919419,0.003002771916315861,0.002763428843589082,0.00198480586502418,0.0014173594887145985,0.0010258110100257033,0.0009566656586198936,0.0008217869446884155]",0.00047607789747416973,0.0016177747066436587
O1200,12,48,v_b,10,3.2293833333277107,"[3.223595214269429,0.176938719205154,0.06484235543449839,0.026600131815845352,0.021628051991910646,0.015775177287915148,0.012221829676218588,0.010939858658727169,0.007367977011619777,0.006576057122803171,0.003940451564375629,0.003658708754346325,0.002689907565384168,0.002326860756324458,0.0018173972476539263,0.0017662028092304736]",21.808411846999057,"[21.80808956165713,0.10988858546134096,0.037154790774167896,0.015073444878732455,0.012097580296331399,0.009578237229103045,0.007036144797648456,0.006093251771870028,0.004291971876426185,0.0038359889561097086,0.002284916377177622,0.0021097720091497177,0.0015657192486923787,0.0013136436186336018,0.001055301481407634,0.0009710288571747364]",0.0004821087932214141,0.0015957023280756633
O1200,12,48,v_b,11,2.6986028809418205,"[2.4924900220838664,0.9019714018834625,0.37319806328635124,0.24714475189406634,0.17801042441472142,0.11640862012350131,0.0749464118793003,0.0523525819066318,0.03484973333069987,0.02523354105962164,0.01468302708992372,0.013474745377031269,0.010013145240911058,0.007707841664335688,0.004446039123984193,0.004122371863978995]",16.263979025959223,"[16.188347253851028,1.5244739300858743,0.2838518747140958,0.1704632059083405,0.11094307161503987,0.06879603417402066,0.04429615902122653,0.030517993408099225,0.020666591893726934,0.014621339827260002,0.008440124941093582,0.007928823657778453,0.005859893855361067,0.004517026909651582,0.002587524020078207,0.0023244166032019647]",0.00047315325355157256,0.0017030832331827715
O1200,12,48,v_b,12,3.254364164851058,"[3.252972820899691,0.08142701969398634,0.035836691659512726,0.022101124583242652,0.018573059537103056,0.011194541810279205,0.00862600899420747,0.005935413919878683,0.0047526985383761645,0.003954208795927714,0.00332530429695951,0.0028007121024999507,0.0023336868291767504,0.001991544927664242,0.001557013239042418,0.0014073314365615486]",21.94239548816386,"[21.942330280620045,0.045018608339396166,0.021127900602299948,0.013002001675266656,0.0108758536019293,0.006347148325496003,0.005110672062059706,0.0033391732678409044,0.0028046229691281984,0.0022579001154253864,0.0019478472449479833,0.0016214106531957778,0.0012890480311117958,0.0011157807501873756,0.0008539833213747515,0.0007983208596161861]",0.0004784675547853112,0.0016299942709922823
O1200,12,48,v_b,13,3.3753259526696295,"[3.3742413107160636,0.07146320320800166,0.03676678368494547,0.0212421193018861,0.010784102330982582,0.010204342709079424,0.00812148946565941,0.006756182332647173,0.005657583039051421,0.0038396868730163733,0.003520239781665726,0.0025664004029759212,0.002187847379552536,0.0017616285374562014,0.0016811352044226533,0.0015408320462587698]",22.769276623817362,"[22.769222645390943,0.04109473639610319,0.02200336494276169,0.012144399066291868,0.00627850712840924,0.0058612352212388365,0.00475934410870242,0.003845172313209233,0.003298994818703457,0.002252930539431794,0.0020042964068630077,0.001468557250697099,0.0012783017746044029,0.0009895391659196875,0.000972072111735669,0.0008849544505627209]",0.00048198201693594456,0.0015620761870308811
O1200,12,48,v_b,14,3.2410152761528837,"[3.2394417381778604,0.08678214511154306,0.0405827077004113,0.021313329363533712,0.015989858847696534,0.0092527025301202,0.00792672236241474,0.007339561518472277,0.006877129570453047,0.0044038250125172556,0.004008097493134415,0.0027377441147088183,0.0024290092438042504,0.0021627293468802107,0.001986175000844834,0.0014591416208997968]",21.86726973128582,"[21.867190771208097,0.05051990614990447,0.02372196698025777,0.012176332229530584,0.009286515327095913,0.005336837969769084,0.004520476745038748,0.004350809436707847,0.003988039402814935,0.002600056235062764,0.002330241706063375,0.0016085403373184033,0.0013810452490165255,0.001217214204260438,0.0010910023647084871,0.0008209010193434158]",0.0004735081020044163,0.0016481456650868388
O1200,12,48,v_b,15,2.6704453779483894,"[2.60752708958455,0.48846342470162163,0.2377410983914505,0.17046722235752113,0.05854909491949306,0.04526647137247017,0.033205971433434595,0.021915184428329074,0.01994242348853953,0.014663558726170721,0.010166466765457047,0.00793389058293578,0.004835156233167052,0.004425779406600095,0.003979169139265815,0.002605175501435066]",17.388151389548955,"[17.379510232128368,0.5103498884626492,0.1651166451698919,0.0998768778040873,0.035231477249233915,0.02548620142878105,0.01970598827391214,0.012806531361809585,0.012000098032273024,0.008464877288224409,0.00591858502381919,0.004563718625073208,0.0029191601228428167,0.0025701983583886166,0.0022559444123349355,0.0014367615911345954]",0.0004777674039360136,0.0016535317815345887
O1200,12,48,v_b,16,3.0459894612973177,"[3.0368309412131893,0.20962921080889726,0.0835368652262933,0.048623254703280286,0.03674127844731645,0.02235141157866184,0.014658009539668747,0.011419012561101748,0.009502621190709432,0.0072351801661858055,0.005633260117831572,0.004600355850338067,0.004291913138235514,0.0025452595853058006,0.0021294602854059373,0.0016916904189032006]",20.52969353431855,"[20.52913443563468,0.13769679253868497,0.04876208995343402,0.02866238003793611,0.02082602221300172,0.013290465597409422,0.008279749149309186,0.006554812193901942,0.005358178302988968,0.004207560954198498,0.003185871489865213,0.0026809739212680615,0.0024689472877509316,0.0014683029856650835,0.0012118303648705447,0.0009517783307123876]",0.00047132233157753944,0.0016353143173871805
O1200,12,48,v_b,17,3.0600703691862794,"[3.0502903273679602,0.18521472401454278,0.1387094116799199,0.07222754258146004,0.017862698384244778,0.016449351890314205,0.010799518614505722,0.008617743398262427,0.00820192698719273,0.007083797275969421,0.006450453251255731,0.004555382551209327,0.003845519260968034,0.003620751399281967,0.0024660336285538373,0.0019045331185561759]",20.620849911431044,"[20.620294538764426,0.11684792733735853,0.08457194600955929,0.042052285459932386,0.01024341397549226,0.009498535948912739,0.006318794220433829,0.004790398265866592,0.004687936390016435,0.0040385972638680954,0.0038144460023874886,0.0026137040243717964,0.002172711458812047,0.002082488254650825,0.0014358114819799305,0.001070158732385304]",0.00046137330355122685,0.0016435932292085242
O1200,37,46,q_b,0,8.970884974079409,"[8.95343096712843,0.48750041404500993,0.22203354199993705,0.1335638551119744,0.06100726667854583,0.04561156111570521,0.029261897136023774,0.023235730120119962,0.01863651253812839,0.012106945667799587,0.011183203169588223,0.010165937710423083,0.006930260406841717,0.006107791881817101,0.005173043044313051,0.0048397557571414895]",34.80740331998884,"[34.80578786312477,0.2953808737604047,0.12917557934013707,0.07611222561202839,0.035733909981630715,0.02683260028736253,0.016759178422449506,0.01279344841493134,0.010927236088303215,0.00706684635988128,0.0063075435634875445,0.005750526351109472,0.003953308237520507,0.0035137221299039183,0.0028780036172242843,0.0028189278357718954]",0.0004865368828177452,0.0016413109611608102
O1200,37,46,q_b,1,8.078074021785632,"[7.991002570784873,1.0341464571320664,0.5327816037863019,0.16349908471992827,0.0862956122567213,0.06967893880442778,0.06268654041531663,0.03385361682883205,0.030626556685251632,0.0191345026698474,0.013958806580936518,0.00871142049285268,0.00785869294532392,0.006263614081770812,0.005840379165933104,0.004798036266572711]",31.313882537325888,"[31.305165317424706,0.6619909529633924,0.30272937668355726,0.09835770172064898,0.04966285609335307,0.04053329212565752,0.03501638994369098,0.019809626468381934,0.01804937326265901,0.010897525372079116,0.007862553947308757,0.005199633258281428,0.004499194730600298,0.003511653591089382,0.003405539188056869,0.0026824250025008363]",0.00048795039765536785,0.0016587860122640405
O1200,37,46,q_b,2,8.27511746843617,"[8.119836844542949,1.3484532504900373,0.7808169199291968,0.29184238182679156,0.1338183806028451,0.07335108016752066,0.06713494346148949,0.04734387961375688,0.03207818338346191,0.029211520192948755,0.017367387819867575,0.012795401051764738,0.009819227412531042,0.00877179045260759,0.006836898759101256,0.006439560337344663]",31.234572676241868,"[31.217011508418413,0.9159290996972632,0.4674170755267569,0.1684310552764702,0.07777350570565363,0.042287851935430054,0.038602800586555935,0.027669246022153284,0.018417253059432752,0.016619367910268523,0.009944398582516216,0.007347912965321879,0.00588045989078925,0.004985533769742627,0.0038546062021207815,0.003684199673021094]",0.0004860350163653493,0.0016431076141274496
O1200,37,46,q_b,3,8.442258656958044,"[8.412619786937885,0.6313128911233086,0.2605285971586266,0.1162349798979552,0.09898686041101662,0.0661745135409708,0.05447699984105099,0.03428982507320241,0.022233115718929154,0.016297851789295548,0.015044015172276591,0.010582912053865787,0.00909695000609822,0.007122221158221264,0.0061015347788874776,0.005282323057520939]",33.36684664321221,"[33.36427511586123,0.3713060659282269,0.15044242947389946,0.06903314809637032,0.05524603216792181,0.03834800904349423,0.031407958546406343,0.01995156872328644,0.012629150168419838,0.009273202739382721,0.00877192830688227,0.006166827250992835,0.0053340873324763255,0.00417310293385631,0.0034471473474694168,0.002962586271914715]",0.0004860138287767768,0.0016455361516321025
O1200,37,46,q_b,4,8.077236040721015,"[7.900944554310295,1.4603172161011837,0.6720730122466659,0.367769797689606,0.22053607139975476,0.1500645400930338,0.10680122370280633,0.07553779742833135,0.0656546931040118,0.04462598086558221,0.035631230048719924,0.024315794763694817,0.02136890288680738,0.017119566563562644,0.010427290799127435,0.00804954769352306]",30.713427144176045,"[30.691359638052347,1.0539569755187401,0.4048705293067456,0.21606673040722377,0.130942965777503,0.0882269589505092,0.06119592072318608,0.04395728970880746,0.038013675937849344,0.025365169479471112,0.02086785556244825,0.013546303215792232,0.012194000071848097,0.0099427236564739,0.00606220188492582,0.004613156404000708]",0.0004882938228547573,0.0016594220626307329
O1200,37,46,q_b,5,8.48141344776713,"[8.437243667813341,0.8249685934620916,0.20889292700848902,0.10226528634289844,0.06607302848858276,0.059120174568696594,0.050012561390415294,0.032535596102420274,0.021135725875419255,0.016533594414647686,0.014706796079778314,0.009621721651117092,0.008284993978326742,0.007251678186440059,0.005650600530910138,0.00479304085561714]",32.47208132806955,"[32.46788630987279,0.5003410851982683,0.12088162848980312,0.05803823778781446,0.03678920558089851,0.03433659985507462,0.02884539489178369,0.01825942260562284,0.012238960516178125,0.009528000829103517,0.008557462854762091,0.0056353796209875715,0.004958520635554029,0.004064920569219788,0.0031892662393832017,0.002753840626223063]",0.00048812723252922297,0.0016606469078174373
O1200,37,46,q_b,6,9.104504906086273,"[9.058410328453206,0.8841925259579186,0.15957628205300747,0.12297920700693415,0.08095884379878503,0.06994260901634684,0.04033170821266821,0.02572109684773125,0.020257994444316415,0.01796516737208102,0.012116098224441919,0.009003759418830878,0.006531144573105432,0.0058088363209355415,0.005499028688784432,0.004984467177463275]",33.983403167157064,"[33.978692412672,0.549231725899084,0.0940705231478865,0.06835649460914037,0.0469002458898735,0.040649746242429056,0.022932918208364912,0.01535704445211458,0.01151977436623917,0.010361474180556824,0.007071748887794237,0.005302885287937151,0.003813850135286601,0.0032318818065740396,0.003175832112762177,0.0028843839920269926]",0.0004879644402535632,0.0016428627919553844
O1200,37,46,q_b,7,8.691063317155377,"[8.671888847738085,0.5516087110164717,0.10763116906942055,0.08886357676863105,0.07080122820762669,0.03930909088982825,0.0324234230723958,0.028546698350320913,0.017172889134435654,0.012678346770622063,0.009810327055552069,0.007703342137346588,0.006913168841850154,0.006065845691348176,0.0054957666077356535,0.004667767478578093]",34.135726543864585,"[34.13393092972468,0.33639570556087395,0.061407699850087274,0.05152265454991693,0.04006278647012423,0.022427259298502776,0.01892828373123498,0.016895077255139328,0.009884437680660002,0.007234331916453579,0.005577837815362024,0.0044902978684059364,0.003940626245850416,0.00363470134415094,0.003150825656360443,0.0025864350330652326]",0.00048772114678286016,0.0016414056681903948
O1200,37,46,q_b,8,9.261209127417658,"[9.21589440309854,0.8326311588667528,0.3118591439850465,0.15150193684719948,0.1351111154097302,0.05545190557129074,0.03289481594393135,0.02479325908522138,0.016399109821590433,0.012390457735057515,0.010302943875269763,0.009736433055460115,0.007289607365475227,0.007132632433827631,0.004987047449337605,0.0047175193435264684]",35.334847997124385,"[35.330151841923715,0.5323312887698137,0.1800738431988626,0.08857754103118115,0.08019641547619155,0.031050540316351488,0.018479180250838625,0.01470361960227437,0.0093415643298933,0.007086953117971076,0.005928335743132657,0.005311787130709978,0.00428082242186416,0.004068927611694229,0.002872412895608885,0.002715829634828986]",0.00048807752318680286,0.001645694931677062
O1200,37,46,q_b,9,9.544365910787823,"[9.478989181042957,1.0955490511847192,0.15788714654406324,0.09995989193975315,0.0726334096629295,0.04177583977562383,0.028667962195278982,0.01605255760359885,0.012806020808874033,0.00795151264901085,0.007644580182858165,0.0071613314763254825,0.0060654631234034985,0.004952504697318127,0.004399605641031355,0.004324553647233117]",35.779319416561925,"[35.771674726586994,0.7295951934697671,0.09149636165293606,0.058127359078424534,0.04255251942062003,0.024837182605557638,0.016437934836947568,0.009190601266260237,0.007218727002992649,0.004628837968337017,0.004340151813220006,0.004125322270352389,0.0035675062687237267,0.0028898707118596738,0.002594720039974526,0.002483833501718121]",0.0004881948698312044,0.0016364335055464429
O1200,37,46,q_b,10,9.395587131199225,"[9.386173445979557,0.3380276530999146,0.23566422792136069,0.06782599480390629,0.032900016593065004,0.020797301661179022,0.01601088842554142,0.014408621834549006,0.011861562270993256,0.008931781842719129,0.007565286107948627,0.006272871152668724,0.006025253573684446,0.0054136784677232316,0.004991787410293524,0.004290993191187497]",35.85390472798881,"[35.853075548191704,0.19405982233160263,0.13932321156632108,0.04014536107782,0.01865803229630197,0.011360965659538072,0.009403161078334136,0.008439995255099591,0.0067398988091518005,0.005063091805353366,0.004420008918029984,0.0035625834752023174,0.0034642025975961262,0.003146277615315069,0.002833224223480918,0.0024686459760023824]",0.0004880455780948978,0.001644811856257937
O1200,37,46,q_b,11,8.452727688797196,"[7.98694983425839,2.580656727102586,0.7561625314602118,0.5476881698934535,0.2937547400734659,0.13389396347286403,0.10472355122081908,0.07060124287752524,0.04978002871765869,0.03969336204096612,0.02600480459323466,0.018073791217792023,0.01577594643990004,0.01128059053562975,0.008480336682019855,0.005376302424657092]",30.507517857965478,"[30.42017252069232,2.2230949272378724,0.4769482358408926,0.33066662408091974,0.17363390324556827,0.07378131489969603,0.060207843793139516,0.040799394728635675,0.029173381763987035,0.023557867158195172,0.014956642578339934,0.010417657113415373,0.009007819717229054,0.0065433946623658975,0.00494177600854897,0.003149295131081517]",0.0004880824126303196,0.0016486553110563766
O1200,37,46,q_b,12,9.793918431062407,"[9.790675002856517,0.23755401396487644,0.05988992547118544,0.04340670915256126,0.025008279197408268,0.018822329533064276,0.015857800077017526,0.009623323668000323,0.008943675616642551,0.007285990786764801,0.006323386740263303,0.006044924520199569,0.004939737628530928,0.00469488919672606,0.004485599868540476,0.004293063692838297]",37.32867222674767,"[37.32839154665366,0.13610526473097284,0.03541773224914077,0.025205772413965242,0.0144135785079059,0.010995549026022833,0.009233225662382907,0.005626401243226826,0.004992724792883331,0.004239180327241927,0.0035256602650728442,0.0034682822577686303,0.0028151850906391737,0.002653542284985431,0.0025493225115960825,0.002444763334980477]",0.0004878758300037589,0.001637987210843024
O1200,37,46,q_b,13,9.817937146881176,"[9.814796883555925,0.19976708889904662,0.11276206561775777,0.07538296654054191,0.0387428600224573,0.0310098949548533,0.01774411942977218,0.013994121801906541,0.010567716306303354,0.008570614099000362,0.006892639912904674,0.006371962144589738,0.005399659202467245,0.005213156960247631,0.004967468618830807,0.004430151122573476]",37.008007399534186,"[37.007730366006186,0.11543115239331272,0.0634847186512056,0.045252047029756395,0.021514522491306858,0.0186975710389173,0.010276739234767466,0.00782357331122011,0.006083671514228734,0.004915376449656561,0.0038828390287422507,0.003599622705084671,0.003100374284761387,0.0030669976481501734,0.0029109228842027373,0.0025379659294226973]",0.00048788319691084325,0.0016598388160634103
O1200,37,46,q_b,14,9.887434037728934,"[9.886337418043105,0.11929142201085227,0.06209018884239383,0.04594786146217625,0.023162510094397546,0.015590613923514546,0.014297653866602726,0.012181081513584772,0.010757563261236521,0.008005905485119123,0.00628103745119193,0.005852128246785818,0.005475478610336321,0.005329348054204658,0.0049597495381410546,0.004312183291311097]",37.616591063042144,"[37.61649307369949,0.06961987555906576,0.03612677844473783,0.026984374175904786,0.013617663470220668,0.008764628683061325,0.008354020174811589,0.006725687564354614,0.006026211720465121,0.00459978185656203,0.0035436040943416687,0.0032975084999053474,0.003222703746028337,0.0030884945291934653,0.0027857864340156122,0.0024371456914709395]",0.00048802627134136856,0.001629100727302063
O1200,37,46,q_b,15,8.293782295297842,"[8.211752045226827,1.0978786838758459,0.3112132925290736,0.1540612922391262,0.11604520016919244,0.08021586495503978,0.055058098277126336,0.04233140237187691,0.037876830539189686,0.024894236544182314,0.02411503733041415,0.01595933719772732,0.013527944768978997,0.011782549980974671,0.007545734690613841,0.005754115185891823]",32.08640015347304,"[32.078047947450024,0.6964308573547543,0.18377580428004864,0.08868979009301582,0.06737950837682619,0.04550511726477201,0.03142747271134554,0.023500385297159834,0.021864634057252592,0.014526828609202217,0.014289458036687906,0.008963995836270364,0.007762351903572234,0.006677701803995835,0.004328330670175503,0.003382995048863458]",0.00048767472617328167,0.001652322502732392
O1200,37,46,q_b,16,8.849987642462168,"[8.83173613355665,0.5221912531850483,0.17985957414545678,0.10390936019198202,0.05956108119281888,0.03848256867683796,0.027523811087623737,0.02260073089094327,0.015008802717843878,0.010752088044070345,0.008979930355209453,0.0076314511860805356,0.006120465705320803,0.005405828473210896,0.005123290099103986,0.004283442324067686]",34.01651228867023,"[34.01486671305489,0.3090651399241567,0.10203592355377182,0.06073337384171389,0.03465867771944231,0.02271917095279531,0.015584930131951936,0.013157589803849104,0.0085325743026299,0.006266678682675032,0.005246871767923886,0.004468700733591892,0.003432946094086761,0.0032053587627502143,0.0029007991718552856,0.002489829423981457]",0.00048816585331223905,0.0016381683627087606
O1200,37,46,q_b,17,8.73387075943559,"[8.692884467879148,0.6668514646164612,0.43995957918854955,0.2478150597991075,0.09484148087067225,0.0538706051650032,0.03520295262033595,0.02651119274322994,0.014727732942025895,0.013921250395166365,0.0107934942633298,0.010239820080141154,0.006618641904448762,0.0056027739475610055,0.00476114189427006,0.004636059145502704]",32.917210160268986,"[32.91342463885693,0.39804803459496824,0.2558021778829466,0.14243345979077104,0.056564005371257636,0.030314415389140422,0.02083892705415148,0.015328375348286632,0.008486945937483118,0.008220445045051043,0.006254191754931382,0.00577529569909406,0.003839562549009952,0.003200369769824596,0.0026958984532219903,0.0026456048508484483]",0.0004865268128924072,0.001664638115057565
O1200,37,46,v_b,0,2.6691452142141454,"[2.663116963496047,0.1614382142011501,0.05789578041540306,0.03980714097263927,0.026290969036399603,0.014110208545888297,0.010210191448464046,0.007661645634587698,0.0063836191788335115,0.004997166226388813,0.002975113979293234,0.0024472811827121422,0.0020435194529886576,0.0018121124870374152,0.0015547964735328752,0.0012979621650045523]",16.180268537337536,"[16.179887004868466,0.10105769331664453,0.03449557793557799,0.023393939362223393,0.015642596598759752,0.008200085347110588,0.005882068007098703,0.0044439786297573985,0.0036240505091180474,0.0028989116771026423,0.0017301709639780572,0.0013954795391663115,0.0011711776516334605,0.0010553120291356146,0.0008831345596664678,0.0007402147787844459]",0.00046385289169847965,0.0016852536652212716
O1200,37,46,v_b,1,2.517768281783459,"[2.4899764449454387,0.3144264339996695,0.18567330735945065,0.049162111115681695,0.04346829354165121,0.027861622512399088,0.021359810900971832,0.011621921013765477,0.007763781247536847,0.006632000445409966,0.0051576036880703596,0.003707532539362793,0.002803700931546576,0.0018846231963001064,0.0018376254966875902,0.0015756913149136775]",15.493802574147695,"[15.491427876297427,0.23507494603115933,0.12757219273754936,0.02972928855179293,0.025479952168223883,0.01610617492019978,0.012443667545826794,0.006825382946003184,0.004389716117217463,0.003688516919182761,0.0029765408144953568,0.0021193471593914308,0.0015745348725857925,0.0010979917088541522,0.0010120772361057488,0.0009122201976117517]",0.00024297606432810426,0.0016793756857922896
O1200,37,46,v_b,2,2.59941091048994,"[2.5589107992576765,0.3345218042804114,0.28706418373315795,0.09997639741771262,0.051114263247496364,0.028218409208177694,0.02495776744252296,0.014999306526186605,0.013494566480977625,0.00763563736366382,0.007152356822454653,0.005863369271304256,0.003173818022202622,0.0025259349025438345,0.0021837902233530983,0.001630944355546789]",15.7693525925361,"[15.765587573144513,0.2596988865587173,0.21489012742465785,0.059433018417377886,0.030182326403171658,0.016370780750819405,0.014357423041016459,0.008695318784182417,0.007765838334939742,0.004418365642818037,0.004121697870786458,0.003242757734665351,0.0018850229878565464,0.0014390420994930314,0.0012103895629654144,0.000977901363053065]",0.00024221028434112668,0.0016709987174971922
O1200,37,46,v_b,3,2.5762216829703117,"[2.565576291649172,0.20935290142219365,0.08346793246076965,0.04160308416183782,0.0282092055145312,0.02556320190108154,0.019718800518520176,0.01529371096541802,0.008399724156157246,0.0048187615033109385,0.0036869881842820566,0.0035526177298736516,0.0024653053949852265,0.002296613463214267,0.0020356508319102295,0.0016278026941692228]",15.750252480913044,"[15.749548313742359,0.13523795030303576,0.050692365664390525,0.023874103344608367,0.016388735037900864,0.015083211427379563,0.01139054198246643,0.008925972220916928,0.004906502435360769,0.0027639217734782657,0.0021539101467053464,0.002091732890199189,0.0014465536248159249,0.0012735202242119107,0.001164305380174161,0.0009080970207569738]",0.0002438985975459218,0.0016987255499236358
O1200,37,46,v_b,4,2.5331262433717896,"[2.4460535539217862,0.6043871934339966,0.21742247705886023,0.09639054396704158,0.07827549632047348,0.05544684562844884,0.032734934088635405,0.026726894996872454,0.01706050540978548,0.01208712790148123,0.011418440017596516,0.0085347127076099,0.005330924352266752,0.005027729814027063,0.0038567476767779668,0.0026008379608432153]",15.481229253131447,"[15.469207450611309,0.58683118672616,0.14266587029361444,0.0579247568930982,0.04548490549697077,0.032835380775771375,0.01937003298781116,0.015586414983335578,0.009833075945459525,0.007113705320296963,0.006290958078077181,0.004830604210131034,0.003070797595176168,0.0029153006463249007,0.002179920761283669,0.0015195284299107737]",0.00024323011166416109,0.0016770326531539337
O1200,37,46,v_b,5,2.5916001869195355,"[2.5768167286030965,0.2644518060522701,0.06068413767506556,0.03695124859992117,0.023746733101672055,0.017251681335383087,0.01580734689083827,0.012432219784998814,0.007998836004886142,0.006281757871738818,0.004645980700791476,0.003988319422929401,0.002813727780146465,0.0023121296077212644,0.0015873210890911954,0.0012971275812435259]",15.890397328509968,"[15.889236780921337,0.1862156686807471,0.035629025374756644,0.021810600688707726,0.013444332147913745,0.009786782539994385,0.009012227639215619,0.00716495049698804,0.004445303751661871,0.0036238569568736367,0.0026858203593602744,0.00232649956471614,0.001577997069288206,0.0013720886271172581,0.0009075111854549839,0.0007544553100131935]",0.00024387578014284372,0.0016973224864652956
O1200,37,46,v_b,6,2.6888493165645664,"[2.6744345319686365,0.26762712059414456,0.051646232389038316,0.03724748076762155,0.030819747442226004,0.017141352521113984,0.014000246222961707,0.0082065487955575,0.007072732234961403,0.004900437413514213,0.004388606886229674,0.003670677556156373,0.0028579950945615785,0.002168078505761965,0.0016864602718772766,0.001440841929796574]",16.343170817855743,"[16.34194012277776,0.19566998944621594,0.03001504270246125,0.02174482776139995,0.018260666755804407,0.009991912122024615,0.008080071503162633,0.004852860949104586,0.004261043783488073,0.0028498181863372157,0.0025335641895675664,0.0020676509703508586,0.001643665057398092,0.0012315388763361602,0.0009611250683764899,0.0008232995923548612]",0.0004536554915830493,0.001660850799084043
O1200,37,46,v_b,7,2.6257669432740323,"[2.61746797577939,0.19774171734398244,0.04787988686869629,0.033990409784660544,0.01755328372952509,0.016036619536138448,0.013375509122581123,0.009070484130636512,0.008483176200119893,0.004963638895872677,0.004153893316348886,0.0030392569180651753,0.002175597149322009,0.0020997151583601733,0.0018057648716735594,0.0013609850012600787]",15.917702063484244,"[15.917158965500784,0.12573778114802378,0.02809231991020754,0.01957555644210955,0.009943856698910774,0.008809434497902096,0.0076635981797071664,0.005374317052246889,0.004610777189318518,0.0028321544067735262,0.0024888406990567174,0.001719238376103018,0.0012577854382628542,0.001151775282019491,0.0010092079546035375,0.0007876197368899033]",0.0002432324254186824,0.0017228682434532838
O1200,37,46,v_b,8,2.7645945876648845,"[2.7455323222525907,0.3060586738825268,0.08567943489038982,0.04709046257028444,0.03491962428752655,0.017368604029071248,0.010583550322072607,0.007458126944052783,0.006814049255326876,0.005901068035771404,0.0035265057629279323,0.002687171706074045,0.00239991282730092,0.0020319738537908187,0.0017861334196538172,0.0015617254174745427]",16.423073311400923,"[16.421387117327026,0.22670354427747827,0.051204290209929705,0.027314370134714924,0.020473372511580313,0.010232437132503828,0.0062764052057121605,0.004247493432369859,0.0038551399544148072,0.0034427959852517944,0.00200570975671494,0.0015708986235856213,0.0013845287376951705,0.0011683225648250837,0.001043643486419567,0.0009003052192532987]",0.00048389832954853773,0.0016380189326187231
O1200,37,46,v_b,9,2.835614280699531,"[2.8156071423018956,0.33003094697037966,0.04601706960657967,0.03711998238271658,0.01906252081002733,0.010774884400804744,0.009270996393340091,0.006069943548687732,0.003909501146658736,0.0030373804004818644,0.0023700008609370917,0.0022795247452760893,0.0018962579241052493,0.0017602606941710926,0.0015959295799093701,0.0014288592780815868]",16.657548928978738,"[16.655611826606982,0.2511988107764976,0.026605938564722226,0.022430600224235007,0.010986496517298454,0.006491894470797405,0.005408758750837972,0.00344574830954992,0.0022030565482384435,0.0017674475404396439,0.0013691446920443282,0.0012874614305989655,0.0010873330344910261,0.0010069297898006317,0.0008983788467979016,0.0008148625460336832]",0.00047463779628742486,0.0016927746923420927
O1200,37,46,v_b,10,2.7754090626122996,"[2.7725817397827934,0.1086412870874879,0.05184596340959042,0.028516563624242104,0.013307729283134099,0.009109275960781567,0.006579886845748447,0.004874942530357385,0.004548806752412265,0.003372089752182403,0.0024281004412782382,0.0021624564435831,0.001984208485579959,0.0017514487758124994,0.0016597427285800388,0.0015182239766812664]",16.79487427318696,"[16.794701267957038,0.06699055034508129,0.0305380983241028,0.016167385320281825,0.007812155490851844,0.0053221943329655515,0.0038530157387242953,0.002707845133564059,0.002614601778462885,0.0019121960680267146,0.0014053127846387684,0.001236687507632273,0.0011148972065389816,0.0010217428570023143,0.0009805960330413433,0.0008363408097991929]",0.0004859611071879044,0.0017123498863463955
O1200,37,46,v_b,11,2.5850717038031967,"[2.4633930623216123,0.6954620641451444,0.28552412776066005,0.19588728689450688,0.08141540380501444,0.044571639732139574,0.03214457771567928,0.022274336560955715,0.014997335754300555,0.011528225130927017,0.010341802087089364,0.007896663491793346,0.005741632116410274,0.003210387022442357,0.002704301820540222,0.002181641990295368]",14.88857162245438,"[14.851505543951403,1.019833847211087,0.20746342998132697,0.12537658174497895,0.046822296783692575,0.02484873717636071,0.018732818550619302,0.012933751505511609,0.008756569909404628,0.006697124025350966,0.005989028962222899,0.004771447353475483,0.003322477314863616,0.0018661258008349482,0.0015286034446248978,0.0012598727551765103]",0.00024376048531848937,0.0016544173271987594
O1200,37,46,v_b,12,2.8171163191065585,"[2.8159911323484974,0.0739596999080144,0.02257053271704894,0.012170460184165125,0.009585391582726923,0.006903356908892673,0.005442679929440257,0.0040315080843978945,0.002442057501220811,0.0023292342287868947,0.0018463505739628417,0.001684603852165477,0.0015469412631003336,0.0014911828845791018,0.001311785335893142,0.001151716024069377]",16.911349612966546,"[16.911285578146714,0.043285217910776864,0.013232662413027212,0.006856859201883268,0.005722960674744,0.0037271092205183186,0.003123403012839991,0.002303180047847331,0.0014523698734401583,0.0013215820661627686,0.001067515544118838,0.0009751472483297015,0.0008810740714973031,0.0008422507546382091,0.0007298584283887414,0.000653950713880811]",0.00045431277249008417,0.0017030240964562573
O1200,37,46,v_b,13,2.858464564660059,"[2.8572220821047787,0.0687319260679896,0.03434439035430674,0.027549195430482135,0.01677560246495151,0.008161954017182131,0.005425142547362594,0.004943015305982977,0.0035689431518617066,0.0025887568120032795,0.0020935790954451166,0.0020611324946336424,0.0018234391151837478,0.0014899356245456985,0.001418559920614288,0.001239580447181734]",17.223462347166976,"[17.22339264050214,0.0402347446926715,0.019592494926917975,0.015824887561627813,0.009706403512751892,0.004910266539727281,0.003104109435540118,0.0027507917073102024,0.0020306369058424433,0.0015298994459827088,0.0012342090016995624,0.0011974468374510623,0.0011151516278590887,0.0008384643644336614,0.0008223148717227324,0.0006902297237710126]",0.0004863986396230757,0.0016812390489304894
O1200,37,46,v_b,14,2.819597431851517,"[2.8192019870648752,0.03523966145723346,0.021420806101261743,0.014670847260533469,0.012286807145613593,0.008945503518328046,0.006078217549956566,0.0038184632985580327,0.0034559536084265456,0.0023744675131058346,0.0019867057425723986,0.001802349741198207,0.0013877642454414199,0.0013564940193017273,0.0012866180343945861,0.001097187021352563]",16.849763071142736,"[16.849740244192603,0.021028617741768743,0.012346233463312697,0.00838671304807472,0.007097726298569674,0.005178185663960273,0.003412668723529557,0.0022911220111193017,0.001953260960340655,0.0013634183662756727,0.001135823638240715,0.0010280077365877392,0.0007992545142827245,0.0007654155954501251,0.0007480530225511525,0.0006289055144032071]",0.0004795179411303252,0.0016805676767586333
O1200,37,46,v_b,15,2.5434178221255963,"[2.514466324121491,0.35788499882717434,0.10403312440095668,0.06483279715936688,0.04198458080863277,0.02793345152514826,0.01513774731082801,0.013463436579063607,0.012098070672511948,0.00876225812210166,0.007740953697069827,0.006146373542549453,0.004513910547767487,0.004356622024740765,0.002960495310625931,0.0017631596129972916]",15.701533017386971,"[15.699156662698085,0.25991040305915725,0.06715097287001671,0.03760199276876666,0.024644923062866003,0.016437015420041955,0.008895942356239611,0.007738370557532108,0.007104015577419115,0.005032495487671588,0.004566990246269108,0.0035151388371973337,0.002626296741187892,0.002483294880444011,0.0017229799862572158,0.000994054458313824]",0.00024403809220530093,0.001664239672441856
O1200,37,46,v_b,16,2.6737580796788136,"[2.667382585126214,0.17131040509358805,0.05036559942662252,0.03599196259079787,0.020147309519664203,0.014278598127654177,0.012297698694858757,0.006749327246775333,0.004265353418527677,0.003854782403192112,0.0035269512540895124,0.0029454919357939234,0.0019859744603567195,0.0019494637612400099,0.0016856480035673147,0.0013077761496123593]",16.041828158152455,"[16.041379398824436,0.11357711172811968,0.02790863384960921,0.02078155847657267,0.011526805326928097,0.008276604874215937,0.006975260976282512,0.003928788940658647,0.0023954241525126875,0.00220331839325183,0.0020000932552981764,0.0017228157662976162,0.0011484759848513935,0.001108430704498106,0.0009690697315050482,0.0007787258389251811]",0.00024381937691941857,0.0016827906436642697
O1200,37,46,v_b,17,2.6820938088233635,"[2.6696407165837437,0.21061888325208972,0.1298315740281045,0.05708311342672694,0.03736706852929835,0.018810087974587417,0.014911699224565273,0.009478081195348874,0.0069923459754498846,0.004813027004123792,0.004305987376964519,0.0025010654101631554,0.002111045063591496,0.0018713691502143333,0.0013490195696940152,0.001291069394108885]",16.03249182181041,"[16.031639896673546,0.1373450941874182,0.08109202516351849,0.03361676589809958,0.022135052620061664,0.011050206546969825,0.008354458637248333,0.005315256584929678,0.004023569070688698,0.0028928552760622466,0.00247803659354488,0.0014174865242688477,0.0011974767995282356,0.0010869342399074172,0.0007716809110911357,0.0007254917049375391]",0.0003086605356656946,0.0016430209252658793
O1200,37,48,q_b,0,8.799360817484029,"[8.777607010998548,0.5513508122925156,0.23161536426271973,0.1295971798736421,0.05813434891176769,0.04946196589495402,0.02964057511993983,0.019962227097891035,0.018909100505273394,0.011517508661837922,0.009745180087488484,0.0089240231184327,0.008302546160768328,0.007055296065630045,0.00546693484947345,0.004536416205026049]",33.825496395947525,"[33.82342955130222,0.337630146178801,0.13216990747194005,0.07584411232616244,0.03411569931226169,0.027504224766668365,0.016752130147944914,0.011348571394655279,0.010909196511476212,0.006483204270255923,0.0055380290242239075,0.005149395544470353,0.004801039344359676,0.004047423270095719,0.003245499300481102,0.002551518678673592]",0.00048766974941827357,0.0016412261034623266
O1200,37,48,q_b,1,7.95827408305195,"[7.846963043351269,1.1773143879140735,0.5763201357841259,0.1406559492882908,0.09595640191581643,0.07015838249272362,0.06224859728917521,0.0383516239102037,0.03342583267523624,0.016431329940050383,0.01375167250253826,0.009461063315562823,0.007612284249649034,0.0068848771704624594,0.005450906414558374,0.004763797535164766]",30.608041333810206,"[30.596365299575858,0.7688805447097544,0.33043315989197325,0.08444500164458077,0.055484661004806375,0.039702203541735336,0.03669204896900967,0.022833363588887125,0.01947187284619829,0.009191393796673119,0.007910132477585987,0.005540151429232616,0.004420758612550989,0.0038150176852440854,0.003142370485354401,0.0026591623612651012]",0.0004883686997345649,0.0016371502347522578
O1200,37,48,q_b,2,8.18133540249245,"[8.03394360255622,1.3264052211763249,0.7246276147705797,0.2595263689679048,0.1444101958367158,0.08414353872902236,0.07117740532773757,0.04653480333504298,0.03760694197794151,0.029858351229611026,0.018255560251724406,0.011443756609434393,0.01041873284239611,0.009094299971248542,0.0072045407958696425,0.005467293299380615]",30.87466973030034,"[30.857918202804328,0.9022774541267103,0.43022530913121804,0.14892100163516853,0.0840593351006627,0.04754988412781005,0.04099872903025201,0.02691622834029033,0.021646613378066074,0.01721180334377632,0.010378436870920087,0.006510482024144329,0.006001064088729048,0.005407507411818145,0.004086785091736904,0.0031686070690274066]",0.00048748194240033627,0.0016605100495279653
O1200,37,48,q_b,3,8.398359902350363,"[8.365898021809619,0.652237733969309,0.2914773468961945,0.13318023022145015,0.07235617693678201,0.07162631336068143,0.05206440348772144,0.040262982181434044,0.025501555905299622,0.016619660435895824,0.012282163935476082,0.010840852582774594,0.008332377227855159,0.00791715612244729,0.0063889117718377575,0.0048844529864450386]",33.177720908611825,"[33.17483517807488,0.3884003353254493,0.17059425219388705,0.07838647663101404,0.04263897959028389,0.04055885897286226,0.030020865461449373,0.023651580754102546,0.014371318721408708,0.009610280631297608,0.00706054295904901,0.006153626902827064,0.0046959531530946855,0.0044144357282590845,0.003732598471026339,0.0028465362983861485]",0.0004870266711805016,0.0016637080479800152
O1200,37,48,q_b,4,7.964531154566471,"[7.7617519271702005,1.5483045487459648,0.7248729754519839,0.3723124561494332,0.25556875172168947,0.17662526300678355,0.11834697604946554,0.08001129335276752,0.07604405258219403,0.04331092077669895,0.038136619045709294,0.027780313675034054,0.020071384084206466,0.016871209065274135,0.009898973256475424,0.008325176693764718]",30.31485719136968,"[30.289484920627988,1.1179994206208692,0.4412579305871633,0.2216930985052542,0.1500751074312211,0.10454788691543518,0.06908596522110123,0.04647046428199656,0.043075448265214096,0.025032926093558283,0.02221634728968421,0.016102062361298908,0.011096414600485964,0.00958681302421816,0.005723391672520545,0.004767445195616515]",0.000488181016407907,0.0016563587135087236
O1200,37,48,q_b,5,8.46918483594072,"[8.4331209057591,0.7334930436234665,0.21856543322145533,0.11595356787896886,0.06281994478919081,0.046830791887255925,0.040538570907865265,0.03564314013752499,0.02367121931086626,0.016339951437979786,0.014178527870081404,0.008403382137475445,0.008019630162317631,0.007154356087622582,0.006255760319257419,0.005345183901093362]",32.48605618161301,"[32.482764443353915,0.4362396724430938,0.12542491272912076,0.067314353041741,0.03488886980251821,0.026893957268596315,0.022839682494532273,0.020115404028284108,0.013532873670778201,0.009501944401127263,0.008204970110185382,0.0048338978222510764,0.004642061848702374,0.004119652887256262,0.00364509660386729,0.0031544177922376683]",0.00048812865861691535,0.001658622451424063
O1200,37,48,q_b,6,9.038971661907897,"[9.001762079218812,0.7854771418799189,0.15917927617153488,0.12138937734291418,0.08665389157674744,0.05824583469507492,0.03826860706906591,0.02848716308830816,0.019805756978393103,0.01575723470905215,0.01320722916881236,0.01027299286824679,0.007344561926159864,0.005970782272765085,0.005413313511476773,0.004848828280850159]",33.79126033488511,"[33.78753652173797,0.48355091356417207,0.09177469294393253,0.06888981291394586,0.04861263325075163,0.034064429398031226,0.022478970756359778,0.01666153956679551,0.011426393133607016,0.00905699450442835,0.007531089206871021,0.006117359933505062,0.004296099130609965,0.003503762665815175,0.0030971647030759004,0.00271750987752411]",0.0004882974317297339,0.001656038992455027
O1200,37,48,q_b,7,8.626379062038279,"[8.60724135586759,0.5325394546827803,0.14964323361472065,0.09464741001499287,0.08729461238211919,0.059015455647158536,0.045175202728425484,0.029518385634251434,0.02020468492429311,0.011995143740830046,0.008717036134750163,0.007957947330280988,0.006982835375136804,0.006663349350930546,0.005863310604281141,0.005309332079962077]",33.758731905281465,"[33.75693656045443,0.325682903538092,0.08528490939230163,0.054483221132600644,0.05027671846991295,0.03311609757259425,0.026330988914600503,0.017364235945031198,0.011709267750149924,0.007027651732808624,0.005024898770027589,0.00456987603464372,0.003945583789712338,0.0037184341217760875,0.0035231702371162697,0.002986298725842723]",0.0004872885183431208,0.0016503060152993035
O1200,37,48,q_b,8,8.951085122213229,"[8.88268371798676,1.00025678838089,0.4050499232691126,0.15949627512165382,0.14281844708770958,0.08153461530386631,0.03373372108264206,0.024127553803389275,0.019842435541614876,0.016164271308256054,0.01197086385457727,0.010659850015165841,0.008365735609035528,0.006016550814038755,0.005331506021140468,0.005003210628310625]",33.555461617746225,"[33.54806249688968,0.6499846409894537,0.23401586694454163,0.09483070671960885,0.08549704306056055,0.04519802378958834,0.019111047772663058,0.014268851266144557,0.011444155882310732,0.009161478484521927,0.0067450278504764165,0.006135177816286639,0.0046137691091571766,0.0034797680775835635,0.0030489439945888836,0.002931805425021796]",0.00048782174781081267,0.0016702043600396058
O1200,37,48,q_b,9,9.25983613993503,"[9.158839284092572,1.3183796378853672,0.30823344581364925,0.1395225435403073,0.05853924884602844,0.049705122761037064,0.034479560900720026,0.01292043460418321,0.009897115247896384,0.00857028767733901,0.007574328608678708,0.006153163761432118,0.005956728699998161,0.005190942853797769,0.004978957450279829,0.004686788798753981]",34.04812762152054,"[34.03509296269007,0.9191432585245181,0.1816923139951458,0.08356503198701229,0.03461488730435857,0.029376521201886927,0.019526091894000914,0.007478466974095651,0.005673224162298771,0.004834209802837941,0.004394960259536346,0.0035372563399352856,0.0034218125590043807,0.0030289474290021417,0.002883476165570456,0.0026578826677568527]",0.00048819775111041963,0.0016461670173407142
O1200,37,48,q_b,10,9.257103569362116,"[9.246933791594147,0.3507542250670853,0.2154932672752356,0.1286361818642325,0.027455092236420887,0.02219411665778773,0.015333220604594223,0.015293147900868744,0.011223198322246943,0.01005499253455604,0.008303597580643479,0.0066739540290466845,0.006145500227314675,0.005732389402093088,0.004716339714004837,0.004475616172748252]",35.10243158095504,"[35.10152998755954,0.20031267089214067,0.1290883568307562,0.07618781784672846,0.01528042326413029,0.012409134024080667,0.009095067500629639,0.009039127876531458,0.006596229149701164,0.00578603905962632,0.004687405507091346,0.0037780774785383018,0.0034807815927229094,0.003355475623127691,0.0026533332322902976,0.0025141841682017048]",0.0004873340221820399,0.001649663573372014
O1200,37,48,q_b,11,8.311147249866977,"[7.805109684310641,2.677905289833043,0.7148088986859137,0.5646846572371019,0.32120942217404075,0.15437051974590682,0.11859163921909197,0.0839148858950424,0.05543961340575243,0.03669565778886405,0.034539765541419576,0.01666225100915321,0.01413667607052612,0.010742423555435688,0.009086615107880804,0.005845053732093706]",29.502543965598512,"[29.40616136149298,2.3032201290190346,0.4489334747759479,0.3454870801539241,0.1887655745336141,0.08709887501872904,0.06595358998583085,0.04762417299728341,0.03317847292641468,0.021557551697844207,0.020260924179354416,0.009673904101540256,0.007984817071352842,0.006293181882645987,0.005248226999089293,0.0034272323661745127]",0.00048800575314089656,0.0016627376071364226
O1200,37,48,q_b,12,9.571453743664119,"[9.5653788708679,0.32994460368222805,0.062783239311148,0.04250853445887452,0.025952111618838643,0.01818698854240731,0.014724540322268742,0.010651781048045036,0.009567671014791014,0.007473529658161666,0.00677649344780221,0.005342510112391308,0.005090468979127003,0.004725003415890608,0.004484688061132253,0.004112460203672663]",36.201083710315444,"[36.20055092802637,0.18985737040902317,0.03679919580345141,0.024807579075705827,0.01532601308165296,0.010689618785107385,0.008508908197418875,0.0061927153666633695,0.005317208201182499,0.004283667360328951,0.003961664335038323,0.0031041561995647166,0.0029589468997499434,0.002673181578256511,0.002440759597342831,0.002274472095413173]",0.00048811419401317835,0.0016385424465382697
O1200,37,48,q_b,13,9.650385436538622,"[9.645952966755672,0.23730778588200188,0.14042738178218564,0.07415102888615166,0.044014707515819707,0.033102276645187945,0.02187647147943038,0.010143905780621932,0.009598127207986548,0.008209023069737533,0.007827299412681463,0.007009668573102507,0.006113071873085133,0.005559411233301213,0.004917104706167626,0.004508236270025181]",36.06523342518203,"[36.06483347940651,0.13935647864013773,0.07828235623584365,0.044365031601341406,0.02477794845503658,0.019889309762374515,0.01271479993194741,0.005961804560400458,0.005493715043780963,0.004683127455500919,0.004486234152056429,0.00400792694537814,0.0034454737702760458,0.0032093589749966492,0.002750870650412854,0.0025927844177405144]",0.00048781876103021204,0.0016530748099681989
O1200,37,48,q_b,14,9.676698841871582,"[9.673238056055837,0.23919434396574835,0.06727868644655141,0.061017952298660055,0.020411671252890402,0.017980521577387894,0.016244769061953386,0.01360597977390923,0.009463189230779389,0.006892317932210727,0.006415442582007932,0.005781585361478494,0.005584307147961858,0.005096995945267288,0.0049659040227346485,0.0044749793917094665]",36.56095925996351,"[36.56064389947046,0.14070220178319065,0.03875767239510876,0.035531683028373125,0.01206288616267979,0.010244615277218108,0.009122463209758382,0.007955046742798568,0.005324054483936752,0.003942462273989349,0.003637159370181044,0.0032502409101647814,0.003197440993949414,0.0029204009619663704,0.002887199672769762,0.0024819852824224057]",0.0004879462067037821,0.0016479662217634982
O1200,37,48,q_b,15,8.220712171282255,"[8.141432499985857,1.0749623462565479,0.3115548675425735,0.13373938888807033,0.11011471805095527,0.08007779068594134,0.0592430617773062,0.04173711423689718,0.036762391468820585,0.02591210307951582,0.017996342699485364,0.014486250891108625,0.013683340756884039,0.009242458138831566,0.006367635416865122,0.005429642865227947]",31.732730886075448,"[31.724516896892048,0.687705410491425,0.18322395631855332,0.07571566111827892,0.06545362657060591,0.04506406941426244,0.03421722056905096,0.024105893845528577,0.02032866699521852,0.014924630518542098,0.010435279275190345,0.008398090307965525,0.007807543536342869,0.005283943797910437,0.0036583626121301036,0.0031610438319118386]",0.000487582350615412,0.0016571438537306394
O1200,37,48,q_b,16,8.757405601080103,"[8.739509552523023,0.51729052635423,0.15495089224111974,0.11824254003612172,0.05961880099698728,0.04136685470955237,0.033639614153649605,0.02208279786929755,0.015777853025659067,0.012744684033646517,0.008030341940289154,0.007380351102166414,0.006859260385214711,0.005723260640532081,0.0051518521929003105,0.004849248490514317]",33.54344259866071,"[33.541817159721624,0.3062720658101179,0.08843277211767604,0.06986119126880629,0.034839182715367706,0.02367513218546119,0.01941553142882693,0.01291666174057826,0.009315543515407991,0.007185724278136325,0.004743512227025568,0.004243478391712642,0.003909906880814506,0.003218159518532693,0.0029785840574246473,0.0028200160078393796]",0.00048786948900669813,0.0016645853288898413
O1200,37,48,q_b,17,8.602756391787505,"[8.554748405503458,0.7175583717294918,0.4832287634773461,0.2436418367398045,0.10254475220860523,0.05118770381693305,0.035803831673983946,0.027405171773826415,0.015696981932070926,0.014032817064423492,0.010705282758237764,0.008753216140545037,0.007412138293743246,0.005649326774087692,0.005276545701274981,0.004249347709977486]",32.26444881114202,"[32.25995646528325,0.4308971116126141,0.28081977907594624,0.1407937721375184,0.061067409946402224,0.028946319547724707,0.020832668334502143,0.015918305381375703,0.009272285083134315,0.007944159955247504,0.006186563350767541,0.005075682923852893,0.00424086513920838,0.003167741855945105,0.003029377293230805,0.002482182772614542]",0.0004881307249888778,0.0016523069775130407
O1200,37,48,v_b,0,2.6485880699199265,"[2.64079871318375,0.1875785494156883,0.05969068579628515,0.0392842868295354,0.019792076676077394,0.016762013713517883,0.009111947439530848,0.007867697148192809,0.006419874086663648,0.0044858081459362015,0.0031431533862875424,0.002574641349738762,0.002288450812094767,0.001976659932676643,0.001572029736124195,0.0013764592035623525]",16.22279494645771,"[16.222289143674324,0.11948951348141194,0.03620134335578347,0.022537833219710677,0.011686717874717822,0.009814276551695957,0.005436671353744051,0.0047483422804805425,0.0036870591895528534,0.002503236982838146,0.001806135908106979,0.0014509299575279292,0.0012854266310858538,0.0011070452253731267,0.0009182526286387483,0.0007913836337002971]",0.00032957916846498847,0.0016619468154542435
O1200,37,48,v_b,1,2.494874841002625,"[2.4641457238656046,0.31824298373290294,0.21339669887837967,0.04644139828406632,0.04462502327822745,0.024591615029564706,0.02075457595739568,0.013429026656653121,0.010271994357843263,0.007176751087244682,0.004460938776340097,0.003614627208946717,0.002722233087236628,0.001815470621442195,0.0015899982719425024,0.001523626704402209]",15.393810933961248,"[15.391172611340362,0.23692178809071485,0.15221861532879302,0.02738666601875323,0.026283040168984664,0.014256018339855472,0.012213427248752134,0.007535332147257675,0.006039541435728882,0.0040026294520810225,0.0025636675037029166,0.0020003720258498802,0.001591605621834877,0.0010411218248844853,0.0009410639090451554,0.0008327357193392325]",0.00024399301037192345,0.0016669723748510459
O1200,37,48,v_b,2,2.5793716592737264,"[2.5415598262621577,0.31765341956057913,0.27804222286788627,0.10015716457246482,0.055623702760406075,0.03283453393418961,0.024250028480702603,0.01664377196782599,0.012144361056385196,0.011065470742447694,0.006068980496755314,0.004580739042826874,0.0035322371388412078,0.002437101507304915,0.001953586346386391,0.0014196705250235644]",15.79862807395488,"[15.795252091276117,0.24867689522801148,0.19840294142369203,0.06010672934326237,0.032942521155553274,0.01878804486824726,0.014015051933250427,0.00964129113555432,0.007002136815867,0.006327628258388465,0.0035309975191264503,0.002519278071776277,0.0020908517726688333,0.0013703080445171979,0.0010938771458398825,0.0008613430795140729]",0.0002431245520710945,0.001649839602556687
O1200,37,48,v_b,3,2.56829439685384,"[2.5559894608102858,0.2242297067300019,0.09604355854970213,0.0374616864543014,0.02682595424148325,0.023711601710965494,0.019099798440778203,0.018367728347620533,0.008794607234033322,0.0062398497258259,0.004102758934555173,0.0035736717044352064,0.0026320657155723425,0.0022817591206772464,0.001861935726385714,0.0013219092538386957]",15.751512086904148,"[15.750680862672686,0.14628160370352436,0.05981149720618722,0.021849065589993225,0.015961110610653376,0.013683086975516843,0.01112275910510139,0.010588577946333846,0.005030459233491109,0.003708292326256948,0.0023751974914178573,0.0020378715877033726,0.001506614198858364,0.0013124688742056838,0.0010228984612482871,0.0007574855603572331]",0.0002430198946967721,0.0016578336643001956
O1200,37,48,v_b,4,2.5119730406451817,"[2.4213304254315204,0.6115538393665113,0.21990389648268635,0.10254647194979778,0.0914543302144908,0.05195296514368318,0.04041905329197721,0.02663077271751617,0.020471419772134455,0.013432169869952255,0.01247763270201761,0.007955080592588959,0.005963027781970506,0.004296345180977578,0.0036523480841437446,0.0020471860622053215]",15.468668750214016,"[15.456359599622285,0.5916312339523223,0.147671885025281,0.06277429821921068,0.05304951024410596,0.031016889872114234,0.023946555127869223,0.01553623686370212,0.011864499721518275,0.007793945328863851,0.007016123129060554,0.004583120479364662,0.0033497277521869363,0.0024035297580382755,0.002106778307021263,0.001194431448580616]",0.00024404871510341763,0.0016548381363509315
O1200,37,48,v_b,5,2.593782229228381,"[2.5809247630964234,0.2447920883197781,0.06248043326960146,0.03464581928006977,0.027441659575148176,0.015111508748175346,0.01462645376746968,0.011428706175914466,0.008697154344938951,0.007910734632724634,0.00400228079864845,0.0033272082798575077,0.0025340541781663254,0.0019785412024171476,0.0015891879900458775,0.001481502269183579]",16.03137578088979,"[16.030458730489165,0.16476484770700814,0.036689267291357665,0.020312691747547906,0.01568200320718871,0.008861063525027675,0.008471377315389505,0.006530662566217254,0.00481121324943882,0.004500761696388529,0.0023504196911586376,0.0018395477069141552,0.0014291787484106049,0.001154205143886707,0.0009572054840671253,0.0008329966451634093]",0.0002438963856548071,0.0016521645021338308
O1200,37,48,v_b,6,2.685979105615231,"[2.6740626895258885,0.24216745286053823,0.0475944556204161,0.03444833151493896,0.029630480471424164,0.022060160775615144,0.01385684206402823,0.009491640763767514,0.008117705200682408,0.004478072599519384,0.003997512033079563,0.003445941999820577,0.0025241169690981453,0.0019400698111857037,0.0015930605370240087,0.0015153084092777817]",16.497112915672528,"[16.496223752040134,0.165861897358346,0.028545792552697728,0.02008098604940732,0.017457385117917622,0.012855756666041123,0.007918573489642991,0.005652667567253106,0.004789296190052666,0.0025552047538067064,0.002294699096669194,0.001980406627890033,0.0014217291732305706,0.0011171815034632681,0.0009129435133467959,0.0008681122041968973]",0.0004701142170233652,0.0016656496532182145
O1200,37,48,v_b,7,2.613250173619876,"[2.60434038869443,0.2032784223031398,0.04540271592384964,0.038419129519557414,0.025275750015050405,0.02215153940275589,0.015841482281133492,0.010495215783036686,0.008760321857991974,0.004924323811750675,0.003797931796049375,0.002979303758327707,0.002281153161238027,0.00182310772460588,0.0016647507377263613,0.0013449050367355553]",15.924207681998292,"[15.923628428182077,0.12940022127918224,0.026701624135736957,0.02144194203968016,0.01411108033259741,0.01306920190393653,0.008945539995843852,0.006072650945586567,0.004884362833947337,0.002884868710919231,0.002168796671551493,0.001728095442258171,0.0012654667953849502,0.0010148854553339698,0.0009598337242773632,0.0007623556055403297]",0.00024323674733750522,0.0016679738548768955
O1200,37,48,v_b,8,2.734298746281648,"[2.710637683781657,0.3282768958487788,0.12698791083689198,0.050413591090284364,0.03865563518988376,0.022844469572849607,0.012723731462337538,0.010630709647019598,0.005802163083383038,0.00490709767484532,0.004591821681508823,0.0038709412725348585,0.002342068413056355,0.002123539111350703,0.001789838230926719,0.0013251318470218778]",16.487054363182125,"[16.48490830484665,0.2503253781576187,0.08022205483151505,0.02909481444179317,0.022419803842645167,0.01344385803169205,0.0075772585228888415,0.006127300506927267,0.0034390314377951156,0.0028541001879369434,0.0026406021369381177,0.0021690441493036833,0.0013372024596700943,0.0011774933565404813,0.0010407034235033993,0.0007889605618774378]",0.00046876235865056515,0.0016544327134879067
O1200,37,48,v_b,9,2.8043916761044816,"[2.7769473650468677,0.3796492316635422,0.07568552968178449,0.04930720936063659,0.022707539517869788,0.01361139919663785,0.010053006112688199,0.005729380760669729,0.004314559474715515,0.0029121555083794167,0.0025802579040504793,0.002273719738190613,0.0018591858624979495,0.0015048180070032433,0.0014647283516862478,0.0011764368812151713]",16.639585787944633,"[16.6365269889804,0.3136485553113172,0.04753723923839021,0.02928367091850779,0.01298433762179723,0.007819853758623405,0.006011028074982313,0.0032507566717007975,0.002450268825652607,0.0016785030981656826,0.0014788717805929979,0.0013265011145484997,0.0010605242236390547,0.0008712286473625595,0.0008204813735061734,0.0006578288931084194]",0.00046575377928093076,0.0016947426711608387
O1200,37,48,v_b,10,2.7616913964098764,"[2.7586044047170817,0.11284864041765491,0.048468391737285316,0.03936933536601092,0.014540664278920633,0.009493544534342509,0.005213401805776376,0.005021452104165043,0.0039068028930673545,0.003196346618332673,0.0027764046068850345,0.0026112232201111977,0.00230857966372496,0.001937612874990156,0.0015492203637651174,0.0013109571324650205]",16.88757806771062,"[16.887391295218247,0.06955541105025134,0.028529164734028615,0.02274202032795236,0.008630095129536221,0.005493980807767292,0.002984885971702302,0.0028275164044022283,0.002267686357616302,0.0018059951473388745,0.0015815675552776458,0.0015333237158555047,0.0013460414964902281,0.0011130325177090292,0.0008671738305668132,0.0007357955139228164]",0.00046405402827076614,0.0016916508049409586
O1200,37,48,v_b,11,2.5759486919856163,"[2.4447834448767525,0.7195525483334543,0.28844043822529863,0.21078532276640072,0.08832795943787274,0.05475115954808038,0.03448599355558437,0.022949376462779517,0.017657719155362836,0.011569084377164269,0.009767751958529532,0.006985574525732819,0.005406436742779332,0.0034832728167317854,0.003043127834461152,0.0023276603997653953]",14.843248785588722,"[14.803039503009318,1.0609001569950773,0.20959501554803908,0.13503957650285847,0.050542157308776876,0.03231269422227174,0.01988077300623706,0.012924945802514817,0.010442710943024987,0.0065425224565156806,0.0057299704135548675,0.003997721909021228,0.003268053091667058,0.0019827474131432344,0.0017398911331149023,0.0013620883119414549]",0.00037742718268418685,0.0016820088722657072
O1200,37,48,v_b,12,2.7914143181146693,"[2.7893226005475813,0.10336162228515067,0.025290721960767516,0.011753037999835023,0.009717254354005155,0.006731593806994769,0.00546766225923073,0.004090823324120755,0.00244556106227145,0.002187006266085682,0.0020018086439533124,0.0016860408668249365,0.0016204694116516553,0.001512263896693275,0.0013570598475623158,0.0010991833773477961]",16.947977326385715,"[16.947854929574977,0.06172910098843742,0.015009894727793405,0.006597178475882472,0.00566613043405063,0.0037057777657990188,0.003096047343401567,0.0023504882014511903,0.0014253646698578297,0.0012446690483962554,0.0011861059030728845,0.0009641577308484515,0.0009487495318714512,0.0008412388822184168,0.0007645900397596214,0.0006183096138663416]",0.0004855492152273655,0.001729708501450818
O1200,37,48,v_b,13,2.840285373646564,"[2.8381476653770332,0.09811473918881639,0.03539951340792306,0.027284665485879694,0.018128738628446286,0.008203803564154323,0.007373774164903087,0.005349614302179705,0.0032327881695412603,0.0027819666090985917,0.0021718605608910782,0.0019074208958817687,0.0016560923202517972,0.0015915962866261887,0.0015250932606781522,0.0012887990990323808]",17.29234049068499,"[17.29221775874975,0.058400449079712126,0.020673801654656928,0.015428996645909635,0.010295529927905608,0.004883609544748248,0.004181554853070391,0.003005901022481937,0.001913405797690462,0.0016021627847119938,0.001260493670088084,0.0011331954311952163,0.0009616172833720782,0.0009040264220246771,0.000875132217027404,0.0007615944820911893]",0.00046254770131781697,0.0016943349076913008
O1200,37,48,v_b,14,2.7846353508053565,"[2.7834276334038934,0.0755079161920113,0.01904177563097155,0.016650732640240515,0.01350053255042263,0.009357527089756295,0.007569794319015909,0.004501625928363333,0.003999461431682766,0.0023637292244375247,0.0019300597237212694,0.0018226167472044266,0.0015550441049055265,0.0014368108421905534,0.0012795210378889683,0.0011050738320573525]",16.841259399108527,"[16.8411859658265,0.046185981993357494,0.010982090208319067,0.009482715121550142,0.007956686646268134,0.0053766394582871,0.004310306650317119,0.0026779400359051367,0.002285715360874697,0.0013462284800515563,0.0011400923050774205,0.0010221441843153054,0.000898657933526217,0.0008239597697893649,0.000715480928891912,0.000626371541922245]",0.00045095883251633495,0.0016727613097353255
O1200,37,48,v_b,15,2.5304549215210086,"[2.5003878346721646,0.36585333724679797,0.10574231769167895,0.05767399285279014,0.03836600268376518,0.02707577383153057,0.015385352405960104,0.012998592478072387,0.010911289478639353,0.008530994006120497,0.006399116028998117,0.005088378181704045,0.004230726802884083,0.003283224741294801,0.002439842433024729,0.0015389965498273286]",15.693407121850994,"[15.691042971992658,0.25948145009696305,0.06904369978288735,0.03324982028595515,0.022395334920971833,0.01600712636485694,0.008900291150984192,0.007393330332925186,0.0065006951400279405,0.004993232254208716,0.003808515794621811,0.0029825736265294846,0.0024266164313964003,0.0018976067666742421,0.001362629564115263,0.0008622944060494879]",0.00024402246344834566,0.0016174165610726894
O1200,37,48,v_b,16,2.6559879699927516,"[2.6493565467985523,0.17458672937635505,0.05068307026218825,0.035800400916816105,0.018335667723076644,0.014978768303090396,0.012483294241522972,0.00792995475290776,0.0055604034382670305,0.0035719686396192933,0.0031656410082322984,0.0025946494902076315,0.002091899070143506,0.001864368430089161,0.0014155208578587137,0.001205452739223319]",16.06944148295912,"[16.068992264780515,0.11381350713196597,0.02787995054202875,0.020499689023815746,0.010651594550619117,0.008790038734910572,0.007168538196017103,0.004494335755727435,0.003249810842871071,0.0020275148358849834,0.0017834398296908108,0.00149350959033457,0.0011831738501751322,0.0010719621852321396,0.0008236772200972361,0.0007115963196545486]",0.00024397129891440272,0.001702711919457814
O1200,37,48,v_b,17,2.659563685897153,"[2.645629477076945,0.21058510963161087,0.1525959611424793,0.06506496648042476,0.0362040701447944,0.01837894797226708,0.014835206141375389,0.009084636078254636,0.007653893392954211,0.004171111705157458,0.0036362891515424964,0.0027305658857581148,0.0019704583838082053,0.0018276633588900078,0.0015389696284654826,0.001104099329481164]",16.05398099832315,"[16.053032227185245,0.13474373293541125,0.1006450150391885,0.038359489404155615,0.021441383722049064,0.010716547225550897,0.0082904296664146,0.005103636339469702,0.0044453185643525735,0.002427001996773915,0.00212268138972865,0.0015556749745720018,0.0011300332844082362,0.0010320047477833222,0.0008980480558686437,0.0006190180559607547]",0.00024317905626958236,0.0016288747707255738
