suite,task_id,split_role,language,init_state_id,env_seed,policy_seed_root,policy_noise_seeds,success,steps,wall_seconds,finished_at,stage_predicates,occupancy_trajectory,horizon_writer_lora,asset,panel,global_task_id,old_writer_unseen_auxiliary,paired_teacher_demo
libero_spatial,3,validation,pick up the black bowl on the cookie box and place it on the plate,0,7,7,"[336169725590312743,567642240813974001,8354292684063646108,5334794776498519797,2040010150640505745,2343701475842438382,5412470899770061167,820364343317419064,5457482945389825552,2504491285362484018,7422502578034213173,5056665176767612485,2003354737360645143,8279383433696764486,4208196502484156673,8983410438659563528,2296803609333534892,2041091650467651175,7305716513144627935,7294937211943360544,8345237991230332652,7378017725889838708,8716448154690811246,5248443494691871216]",True,118,28.277568366844207,29.522954331710935,"{""ever_satisfied"":[true],""final_satisfied"":[true],""peak_satisfied_count"":1,""predicates"":[[""on"",""akita_black_bowl_1"",""plate_1""]],""schema_version"":""ember_pi05_stage_predicate_episode_v1"",""transitions"":[{""satisfied"":[false],""step"":0},{""satisfied"":[true],""step"":118}]}","{""bytes"":37863389,""path"":""<writer-stability-study>/rollouts/e1/O1200/trajectories/libero_spatial_task_03_state_000.pt"",""replans"":24}","{""asset"":""O1200"",""checkpoint_selection_use"":false,""global_task_id"":3,""init_state_id"":0,""outcome_dependence"":false,""schema_version"":""ember_writer_stability_rollout_condition_v1"",""suite"":""libero_spatial"",""task_id"":3,""teacher_demo"":0,""teacher_raw_frames"":99,""teacher_sampled_frames"":21,""test_use"":false}",O1200,common_held,3,False,0
libero_spatial,3,validation,pick up the black bowl on the cookie box and place it on the plate,1,7,7,"[3071172578146223952,2080936696745084643,5469435010854225470,2153244960118961693,6816072406336098585,1734556419457555794,7851340247296578549,4816167663840372196,4754548742721011271,9211355379407494252,137860901857221128,9090171750181843907,8119349483388016788,4891543561003366242,4473642343538525021,8364298704962546982,1629217563418473229,3290217260496827766,7629897306060874214,4742490323170293522,6404441703517424389,2964772810324140608,8627077584774895936,7067740256789030010,6096419447607542293,2421140236193322289,2141270493379617205,1010245111888233794,1882603917034485663,6807540081070718306,7958976321620515269,1353257216537134775,354288215576696133,7398095969472644875,5516130732246258088,3260659763272367547,9016830905651363263,9040689358250327078,3852222077895087847,733719658047369777,2215874165970119567,1228841508309924712,7446902625025060330,1614446166569296241]",False,220,40.76035043457523,43.139145030640066,"{""ever_satisfied"":[false],""final_satisfied"":[false],""peak_satisfied_count"":0,""predicates"":[[""on"",""akita_black_bowl_1"",""plate_1""]],""schema_version"":""ember_pi05_stage_predicate_episode_v1"",""transitions"":[{""satisfied"":[false],""step"":0}]}","{""bytes"":69415257,""path"":""<writer-stability-study>/rollouts/e1/O1200/trajectories/libero_spatial_task_03_state_001.pt"",""replans"":44}","{""asset"":""O1200"",""checkpoint_selection_use"":false,""global_task_id"":3,""init_state_id"":1,""outcome_dependence"":false,""schema_version"":""ember_writer_stability_rollout_condition_v1"",""suite"":""libero_spatial"",""task_id"":3,""teacher_demo"":1,""teacher_raw_frames"":101,""teacher_sampled_frames"":21,""test_use"":false}",O1200,common_held,3,False,1
libero_spatial,3,validation,pick up the black bowl on the cookie box and place it on the plate,2,7,7,"[6298054988284327818,6912635386658077700,383976089418881795,2587202063313400801,7021786076458083965,593234421942514120,8669872273799573751,5991206727220654679,3270751023889855435,8139016423407761104,4028834637132934680,4043526413053354951,8641375561554741217,7084097018260223068,3748824873657071406,2524451583669730806,2801126175072182625,5243106494803483929,1850557323821615607,3769967364146662180,5559034931446361638]",True,104,23.179371248930693,26.692699030973017,"{""ever_satisfied"":[true],""final_satisfied"":[true],""peak_satisfied_count"":1,""predicates"":[[""on"",""akita_black_bowl_1"",""plate_1""]],""schema_version"":""ember_pi05_stage_predicate_episode_v1"",""transitions"":[{""satisfied"":[false],""step"":0},{""satisfied"":[true],""step"":104}]}","{""bytes"":33130564,""path"":""<writer-stability-study>/rollouts/e1/O1200/trajectories/libero_spatial_task_03_state_002.pt"",""replans"":21}","{""asset"":""O1200"",""checkpoint_selection_use"":false,""global_task_id"":3,""init_state_id"":2,""outcome_dependence"":false,""schema_version"":""ember_writer_stability_rollout_condition_v1"",""suite"":""libero_spatial"",""task_id"":3,""teacher_demo"":2,""teacher_raw_frames"":95,""teacher_sampled_frames"":20,""test_use"":false}",O1200,common_held,3,False,2
libero_spatial,3,validation,pick up the black bowl on the cookie box and place it on the plate,3,7,7,"[5844883203585125168,5025841759868289392,3144194430178048546,4801875581304945847,468081466817769956,4734881704432230013,959494122824425653,1945541120257169749,6506988136844350673,1323002413188064283,1282348786779226374,6571566919880846274,5302843147758881824,8099844664203210874,4162119894034043737,5099925154081425737,6833960761683269512,7413558454919553786,3214155400790689838,8476036750337665618,5683741918122184492,3146513501583868712,5134754843935734534,7295903721501276154,6966475529449043799,964144398375903039,5537281316329676556,2570112512858642678,8253316964221879720,2000320299649689463,7363408069598897341,7244719144436028534,1277706102151985398,2882953250328450485,6809773225674697798,4961094627183306235,3601228802350205382,4033712914798725752,3897374095001332926,6898814568060512473,8284858137158279658,330857029533074500,6288659453853307531,4954602287269604115]",False,220,39.020715209655464,43.715697625651956,"{""ever_satisfied"":[false],""final_satisfied"":[false],""peak_satisfied_count"":0,""predicates"":[[""on"",""akita_black_bowl_1"",""plate_1""]],""schema_version"":""ember_pi05_stage_predicate_episode_v1"",""transitions"":[{""satisfied"":[false],""step"":0}]}","{""bytes"":69415257,""path"":""<writer-stability-study>/rollouts/e1/O1200/trajectories/libero_spatial_task_03_state_003.pt"",""replans"":44}","{""asset"":""O1200"",""checkpoint_selection_use"":false,""global_task_id"":3,""init_state_id"":3,""outcome_dependence"":false,""schema_version"":""ember_writer_stability_rollout_condition_v1"",""suite"":""libero_spatial"",""task_id"":3,""teacher_demo"":3,""teacher_raw_frames"":115,""teacher_sampled_frames"":24,""test_use"":false}",O1200,common_held,3,False,3
libero_object,1,validation,pick up the cream cheese and place it in the basket,0,7,7,"[1764210406108741574,3836588974318758825,7971256763961264857,8172640194079971334,5109217772215900344,8127657125412314075,41127862791718870,2618195653838822282,3945879615897659047,4807547919112120522,1806370725723135070,4513106148028486545,6319195100526623892,5370509103018043559,6498526979093454720,902687379068510851,2376500793543191942,8621046406545839782,2246205218069956362,7429359954569227064,7884868446968348240,2227676743794273877,5070154547901706858,3669414435821318416,8848835830760864689,7729708896664410211,4633559183066694126,5327164714405199684,6226991016291009180,2221326210433340297,8768033716272618626,6311534387210060068,9171459359667105102,5965569251769123100,2718805684633866035,1662410874903997488,2840173522319229163,8834241311588677320,709069421190859722,8185886960346710137,2565064801153509063,2146060320521951229,3378153110170898822,7385328994146981193,8294308961245227333,7748112701127134785,1222607689681150287,7810936987716744765,6223054982931328978,2849878694155472255,5689168034346384828,6021205596517041981,4246825136001754053,6289302386715038045,150229824189971838,6768940658213660908]",False,280,39.59195711603388,40.5000728610903,"{""ever_satisfied"":[false],""final_satisfied"":[false],""peak_satisfied_count"":0,""predicates"":[[""in"",""cream_cheese_1"",""basket_1_contain_region""]],""schema_version"":""ember_pi05_stage_predicate_episode_v1"",""transitions"":[{""satisfied"":[false],""step"":0}]}","{""bytes"":88346143,""path"":""<writer-stability-study>/rollouts/e1/O1200/trajectories/libero_object_task_01_state_000.pt"",""replans"":56}","{""asset"":""O1200"",""checkpoint_selection_use"":false,""global_task_id"":11,""init_state_id"":0,""outcome_dependence"":false,""schema_version"":""ember_writer_stability_rollout_condition_v1"",""suite"":""libero_object"",""task_id"":1,""teacher_demo"":0,""teacher_raw_frames"":139,""teacher_sampled_frames"":29,""test_use"":false}",O1200,common_held,11,False,0
libero_object,1,validation,pick up the cream cheese and place it in the basket,1,7,7,"[7420547635691626371,501823346460184892,2808280276510186011,9125043344243611695,403813749669296451,1407366998281182077,2209299523064019634,1728017030491187931,2513642288712647512,1447387066432853060,4693224407500016404,1737625573879917920,6067103784603218004,4875182151779258051,546466106271624807,9047002785452638602,7742191438442415817,8024174060520581936,5799993939873865180,1334774698373763792,3129131042550033500,2753095723835555029,3433300564092773732,2301348941678342198,7241566034470681974,1595137328551950185]",True,130,25.03167935088277,26.94274441804737,"{""ever_satisfied"":[true],""final_satisfied"":[true],""peak_satisfied_count"":1,""predicates"":[[""in"",""cream_cheese_1"",""basket_1_contain_region""]],""schema_version"":""ember_pi05_stage_predicate_episode_v1"",""transitions"":[{""satisfied"":[false],""step"":0},{""satisfied"":[true],""step"":130}]}","{""bytes"":41018427,""path"":""<writer-stability-study>/rollouts/e1/O1200/trajectories/libero_object_task_01_state_001.pt"",""replans"":26}","{""asset"":""O1200"",""checkpoint_selection_use"":false,""global_task_id"":11,""init_state_id"":1,""outcome_dependence"":false,""schema_version"":""ember_writer_stability_rollout_condition_v1"",""suite"":""libero_object"",""task_id"":1,""teacher_demo"":1,""teacher_raw_frames"":187,""teacher_sampled_frames"":39,""test_use"":false}",O1200,common_held,11,False,1
libero_object,1,validation,pick up the cream cheese and place it in the basket,2,7,7,"[3515262128279278940,1224036772478655973,478293637689251682,3540847092953613223,4328413232641629785,6811305769457963913,7493268904500544434,8083105539726185730,8414072237268020580,1893592179093710111,2488153855796920192,1554986030321788607,4047939611339120474,4102179388848657701,1147138887996013605,3863494293313979635,6193003831111729703,1626172842785393201,2904614765474486566,3655373432879583266,6106723134634969432,1530641680022518864,5299007373251733956,1776309024967508017,5554150453191670933,3588510541056688845,666834990498619419,3102760675369552907,6023898576793354574,402930942210347881,2078320372986288529]",True,154,27.154432537965477,30.016366475261748,"{""ever_satisfied"":[true],""final_satisfied"":[true],""peak_satisfied_count"":1,""predicates"":[[""in"",""cream_cheese_1"",""basket_1_contain_region""]],""schema_version"":""ember_pi05_stage_predicate_episode_v1"",""transitions"":[{""satisfied"":[false],""step"":0},{""satisfied"":[true],""step"":154}]}","{""bytes"":48906401,""path"":""<writer-stability-study>/rollouts/e1/O1200/trajectories/libero_object_task_01_state_002.pt"",""replans"":31}","{""asset"":""O1200"",""checkpoint_selection_use"":false,""global_task_id"":11,""init_state_id"":2,""outcome_dependence"":false,""schema_version"":""ember_writer_stability_rollout_condition_v1"",""suite"":""libero_object"",""task_id"":1,""teacher_demo"":2,""teacher_raw_frames"":125,""teacher_sampled_frames"":26,""test_use"":false}",O1200,common_held,11,False,2
libero_object,1,validation,pick up the cream cheese and place it in the basket,3,7,7,"[813647924528887858,5351092081399935768,7442759767410944757,7892859586617915780,5301498965079906004,289562166806627740,613859540680986132,5058023941821712151,2146080548017320215,4214456032801721274,170807808573357750,1310651860523142851,3541140102953400097,6731585121498890393,2349060069222585986,5878971007946073140,3254469291135872673,6844594369008655041,7399228462889035073,4950579294597892399,5327087292628972889,3432113250942763909,2244704256273282836,2977310641305390391,5486701027510805187,9080072422516330697]",True,127,21.98837304022163,25.885824530385435,"{""ever_satisfied"":[true],""final_satisfied"":[true],""peak_satisfied_count"":1,""predicates"":[[""in"",""cream_cheese_1"",""basket_1_contain_region""]],""schema_version"":""ember_pi05_stage_predicate_episode_v1"",""transitions"":[{""satisfied"":[false],""step"":0},{""satisfied"":[true],""step"":127}]}","{""bytes"":41018427,""path"":""<writer-stability-study>/rollouts/e1/O1200/trajectories/libero_object_task_01_state_003.pt"",""replans"":26}","{""asset"":""O1200"",""checkpoint_selection_use"":false,""global_task_id"":11,""init_state_id"":3,""outcome_dependence"":false,""schema_version"":""ember_writer_stability_rollout_condition_v1"",""suite"":""libero_object"",""task_id"":1,""teacher_demo"":3,""teacher_raw_frames"":133,""teacher_sampled_frames"":28,""test_use"":false}",O1200,common_held,11,False,3
libero_goal,3,validation,open the top drawer and put the bowl inside,0,7,7,"[937839512312767824,4425858584106371442,6915917327766178298,4221423508686152199,3941615210140189942,3061062777614262148,9006389347840838038,2714739585893921145,4842815510074203473,4176247365749439794,9055016387064939296,6894264475206989069,4769433583706684081,6538724259617072713,2694945300226562235,5672636660806689923,1162397645855720894,2512104657228609621,4908619852555458086,4891195624735059747,3439016452326339617,145136483130657948,696498549386812565,2992054586286465856,3926950764540793138,6507613130119470566,4080680387252510580,6715602020508326751,7642159240538864546,2069708313452146818,188106194283429132,79620779218141805,8773913044132373383,4191565715618410953,8743402847540423751,5590073037340929701,7241093063639031331,5018097501510259896,325742820322205827,6790062175884206903,2835421247772191586,8101575360401988141,5181871320322691538,8606750524966542306,3331683226074686545,5172080302879563560,2825910257597671870,3780878403490109137,8179159796621748406,5745966183204672563,3735878833795123278,1646812211375849777,3720899738953625933,1974282862992389720,8969384801637140932,5027800807028014172,1765993208659774829,6213274053297936353,5493561834532839429,254459356985422351]",False,300,54.26211744360626,55.11295548686758,"{""ever_satisfied"":[false],""final_satisfied"":[false],""peak_satisfied_count"":0,""predicates"":[[""in"",""akita_black_bowl_1"",""wooden_cabinet_1_top_region""]],""schema_version"":""ember_pi05_stage_predicate_episode_v1"",""transitions"":[{""satisfied"":[false],""step"":0}]}","{""bytes"":94655859,""path"":""<writer-stability-study>/rollouts/e1/O1200/trajectories/libero_goal_task_03_state_000.pt"",""replans"":60}","{""asset"":""O1200"",""checkpoint_selection_use"":false,""global_task_id"":23,""init_state_id"":0,""outcome_dependence"":false,""schema_version"":""ember_writer_stability_rollout_condition_v1"",""suite"":""libero_goal"",""task_id"":3,""teacher_demo"":0,""teacher_raw_frames"":170,""teacher_sampled_frames"":35,""test_use"":false}",O1200,common_held,23,False,0
libero_goal,3,validation,open the top drawer and put the bowl inside,1,7,7,"[3197873696265518430,130333309193225715,6005625632286712244,6891299773450141553,6316928474543642721,5782284817944748443,213403443156412135,8338126146057510912,8375039331177840430,5827566456674324647,3313818679469215879,1142143462369407560,6857946106089777856,2208331655601664324,6082415799267276139,6483019239393974105,1605018948802503533,3968192620193769583,862384892645987447,8742088714719043014,4093144800324367496,3618106106009942716,7222849419045868975,5480139628080962798,8959878553153613783,5141614978164902045,4058195969577011985,5969135446805434144,5972420222077590396,2477065601344244086,5214798992736474054,524972909364957767,6427034895024028522,4321813080947567738,233872811589524403,7962977660191025978,4154326755793972085,5024963065885040905,7583862141991692337,9148484250809282782,4716098172630043820,5342661847094755523,4186729145604779780,8840721256628781736,3957995690749672627,6833841353575794482,150833597163379549,6124511566606868997,8845799573673075170,9049197323682587092,6513134499526687462,2125577121787463032,7513831563121663967,2861950398204209577,5611576820951415884,4836419612523764618,5739862684315359388,2977527315973693273,1363998237546904426,1401717210297836187]",False,300,54.23657231917605,55.8558342452161,"{""ever_satisfied"":[false],""final_satisfied"":[false],""peak_satisfied_count"":0,""predicates"":[[""in"",""akita_black_bowl_1"",""wooden_cabinet_1_top_region""]],""schema_version"":""ember_pi05_stage_predicate_episode_v1"",""transitions"":[{""satisfied"":[false],""step"":0}]}","{""bytes"":94655859,""path"":""<writer-stability-study>/rollouts/e1/O1200/trajectories/libero_goal_task_03_state_001.pt"",""replans"":60}","{""asset"":""O1200"",""checkpoint_selection_use"":false,""global_task_id"":23,""init_state_id"":1,""outcome_dependence"":false,""schema_version"":""ember_writer_stability_rollout_condition_v1"",""suite"":""libero_goal"",""task_id"":3,""teacher_demo"":1,""teacher_raw_frames"":187,""teacher_sampled_frames"":39,""test_use"":false}",O1200,common_held,23,False,1
libero_goal,3,validation,open the top drawer and put the bowl inside,2,7,7,"[3363774331609722801,8253139786491869145,3368484581779491068,8612553514953788360,3894722027564677755,3190718955795415061,2991001216876957682,4192866419922675043,7962505677837112162,7175292029828948796,8491844790255791194,2949627948138133515,5303681245701539414,1155308745191539428,3201939631673426968,5423005270567758498,5285445754580891409,7709290896448816018,9025992740721019095,813219503261836198,333203038065802703,8058843207809665647,6074883454733816144,5645437636263239750,9060421471848062189,5669846821017744901,6911793417026473238,5520882744081832304,4033144688954774214,5722037728728612790,2258528094321100364,7429017648047017388,8453459773754163998,4871519550703567454,2264643863165043998,2455452153663381546,6284431648876090956,4535463135879563938,932093542133184791,4405333388842052032,2816939819880932175,3202764591171351637,8591157489679192782,6810549642148393422,6468647027984217986,7615278400728506221,722232015550427053,4231930097150224521,3543644253855839993,2650712286741199338,9090282210250879073,5398288240747412984,4622181731124500261,2599787332372022932,4523262445791830097,1463404168515523360,4026427953280765004,6398037120012625110,6793133580386116235,8721186165790402125]",False,300,54.78107745060697,57.261499418877065,"{""ever_satisfied"":[false],""final_satisfied"":[false],""peak_satisfied_count"":0,""predicates"":[[""in"",""akita_black_bowl_1"",""wooden_cabinet_1_top_region""]],""schema_version"":""ember_pi05_stage_predicate_episode_v1"",""transitions"":[{""satisfied"":[false],""step"":0}]}","{""bytes"":94655859,""path"":""<writer-stability-study>/rollouts/e1/O1200/trajectories/libero_goal_task_03_state_002.pt"",""replans"":60}","{""asset"":""O1200"",""checkpoint_selection_use"":false,""global_task_id"":23,""init_state_id"":2,""outcome_dependence"":false,""schema_version"":""ember_writer_stability_rollout_condition_v1"",""suite"":""libero_goal"",""task_id"":3,""teacher_demo"":2,""teacher_raw_frames"":284,""teacher_sampled_frames"":58,""test_use"":false}",O1200,common_held,23,False,2
libero_goal,3,validation,open the top drawer and put the bowl inside,3,7,7,"[4388075535769291481,7803974502177521433,6960389453217531655,7974642187157948843,3283411496312947155,6586695009686616682,4123511674578132013,2196090530291492571,5566191824671470888,4353859427581601500,5796681560742684302,6195846096695566881,2187283033540328667,4805254431331006621,142134161418933864,7898046023979624391,3782121838725784549,3408150707208910651,6955345868561507805,3893497817959283455,7234331721950092451,947681231221082161,2875109334861388196,7976786638142465502,9135828852289962822,6093804056508095392,6608697049945295507,1467126958596194336,3694056898204706913,8513056181514551312,1484077915258504172,5080504256526142696,1035017065713738216,126112981875404032,7669289150036426323,2781740029914150778,5217006033383872045,9039685037125475200,6462999356240774393,6303653117531490239,4664597548959043468,116268932372432574,3169760494611545751,8239059889225203099,8247325195672136574,4981014773857893995,4860918051383045893,1483946875227898703,8649023170131301614,926430796329172283,3390234762027084084,6618699300412413304,2443921480737786859,7372711429289394654,8135821559749606,8229702128023642617,2068159460376777096,8338683901371832641,2195354921544225521,3393921724572223494]",False,300,54.82766618998721,58.09464691299945,"{""ever_satisfied"":[false],""final_satisfied"":[false],""peak_satisfied_count"":0,""predicates"":[[""in"",""akita_black_bowl_1"",""wooden_cabinet_1_top_region""]],""schema_version"":""ember_pi05_stage_predicate_episode_v1"",""transitions"":[{""satisfied"":[false],""step"":0}]}","{""bytes"":94655859,""path"":""<writer-stability-study>/rollouts/e1/O1200/trajectories/libero_goal_task_03_state_003.pt"",""replans"":60}","{""asset"":""O1200"",""checkpoint_selection_use"":false,""global_task_id"":23,""init_state_id"":3,""outcome_dependence"":false,""schema_version"":""ember_writer_stability_rollout_condition_v1"",""suite"":""libero_goal"",""task_id"":3,""teacher_demo"":3,""teacher_raw_frames"":199,""teacher_sampled_frames"":41,""test_use"":false}",O1200,common_held,23,False,3
libero_goal,6,validation,put the cream cheese in the bowl,0,7,7,"[1219103976213717812,5315326635778241048,6581066537600475800,5384416861622508714,743854383548529066,1105212997721360534,176878808967372638,6226355913612208093,3312999424712431441,8774203458501478435,3366685016606281334,3725356210471090660,8141180129757787358,8376806228341239167,5907852681209368379,5549727159950824425,8863063940509649049,8428194982790091570,8034113827903296093,5328837585514550928]",True,100,20.549061961937696,21.474023597314954,"{""ever_satisfied"":[true],""final_satisfied"":[true],""peak_satisfied_count"":1,""predicates"":[[""on"",""cream_cheese_1"",""akita_black_bowl_1""]],""schema_version"":""ember_pi05_stage_predicate_episode_v1"",""transitions"":[{""satisfied"":[false],""step"":0},{""satisfied"":[true],""step"":100}]}","{""bytes"":31552659,""path"":""<writer-stability-study>/rollouts/e1/O1200/trajectories/libero_goal_task_06_state_000.pt"",""replans"":20}","{""asset"":""O1200"",""checkpoint_selection_use"":false,""global_task_id"":26,""init_state_id"":0,""outcome_dependence"":false,""schema_version"":""ember_writer_stability_rollout_condition_v1"",""suite"":""libero_goal"",""task_id"":6,""teacher_demo"":0,""teacher_raw_frames"":92,""teacher_sampled_frames"":20,""test_use"":false}",O1200,common_held,26,False,0
libero_goal,6,validation,put the cream cheese in the bowl,1,7,7,"[172711500567230450,7421732192852202220,5696561469870624486,1959095774179179170,7096899449743204803,6574102587345016126,61461671323595603,1124833847544659051,8371862612761519600,317790859405359394,2368768065563260770,484822171613426146,4530602358412543701,7019089587053173144,6324709606709671691,7558199183049434637,6214980544420630992,6052297001701878808,9129516409868353403,1439083426395263484,4692748106633523466,3720012224695422941,4823991602567067248,3195409965533030582]",True,118,23.158136308658868,24.89231046102941,"{""ever_satisfied"":[true],""final_satisfied"":[true],""peak_satisfied_count"":1,""predicates"":[[""on"",""cream_cheese_1"",""akita_black_bowl_1""]],""schema_version"":""ember_pi05_stage_predicate_episode_v1"",""transitions"":[{""satisfied"":[false],""step"":0},{""satisfied"":[true],""step"":118}]}","{""bytes"":37863011,""path"":""<writer-stability-study>/rollouts/e1/O1200/trajectories/libero_goal_task_06_state_001.pt"",""replans"":24}","{""asset"":""O1200"",""checkpoint_selection_use"":false,""global_task_id"":26,""init_state_id"":1,""outcome_dependence"":false,""schema_version"":""ember_writer_stability_rollout_condition_v1"",""suite"":""libero_goal"",""task_id"":6,""teacher_demo"":1,""teacher_raw_frames"":113,""teacher_sampled_frames"":24,""test_use"":false}",O1200,common_held,26,False,1
libero_goal,6,validation,put the cream cheese in the bowl,2,7,7,"[8869015256941978067,4364676101678728631,5793129651229169082,6966585936914818765,3014400220243696677,7835934952702427717,112500066649987043,946246571510749967,9209627272744437452,1782459505040012360,8661789802014128130,6375355591816836646,8480037578167967748,9109856301066563872,5649965148495419357,1361523480028289456,5544897762248452733,7926908190596035863,2691269795480030267,3762153279186053744,3178207901713675661,9171734940684465754]",True,106,20.481292760930955,23.10159802529961,"{""ever_satisfied"":[true],""final_satisfied"":[true],""peak_satisfied_count"":1,""predicates"":[[""on"",""cream_cheese_1"",""akita_black_bowl_1""]],""schema_version"":""ember_pi05_stage_predicate_episode_v1"",""transitions"":[{""satisfied"":[false],""step"":0},{""satisfied"":[true],""step"":106}]}","{""bytes"":34707803,""path"":""<writer-stability-study>/rollouts/e1/O1200/trajectories/libero_goal_task_06_state_002.pt"",""replans"":22}","{""asset"":""O1200"",""checkpoint_selection_use"":false,""global_task_id"":26,""init_state_id"":2,""outcome_dependence"":false,""schema_version"":""ember_writer_stability_rollout_condition_v1"",""suite"":""libero_goal"",""task_id"":6,""teacher_demo"":2,""teacher_raw_frames"":103,""teacher_sampled_frames"":22,""test_use"":false}",O1200,common_held,26,False,2
libero_goal,6,validation,put the cream cheese in the bowl,3,7,7,"[3467587809100205298,2928896816047292381,1435237479997991110,8733937688212635507,403890202367671631,5767672073548237334,2482907197191448394,6218636126290372373,5552533092183756129,5031099651492635924,2718241891028489771,343959079166825932,386421086928096082,3882073155129270948,1668398944862961140,5239989079759808327,5646748796877955327,1477718980308966035,5265336241054362918,8749581263222743127,9052339243429153271,3926501468603230102]",True,109,20.191863473970443,23.652053138241172,"{""ever_satisfied"":[true],""final_satisfied"":[true],""peak_satisfied_count"":1,""predicates"":[[""on"",""cream_cheese_1"",""akita_black_bowl_1""]],""schema_version"":""ember_pi05_stage_predicate_episode_v1"",""transitions"":[{""satisfied"":[false],""step"":0},{""satisfied"":[true],""step"":109}]}","{""bytes"":34707803,""path"":""<writer-stability-study>/rollouts/e1/O1200/trajectories/libero_goal_task_06_state_003.pt"",""replans"":22}","{""asset"":""O1200"",""checkpoint_selection_use"":false,""global_task_id"":26,""init_state_id"":3,""outcome_dependence"":false,""schema_version"":""ember_writer_stability_rollout_condition_v1"",""suite"":""libero_goal"",""task_id"":6,""teacher_demo"":3,""teacher_raw_frames"":104,""teacher_sampled_frames"":22,""test_use"":false}",O1200,common_held,26,False,3
libero_10,1,validation,put both the cream cheese box and the butter in the basket,0,7,7,"[6121435815512619047,9198136133492397877,8765829600456851509,7041222535750260529,7347630065393026896,2580028621035660761,3998888066084241576,321347343332153252,2645310409860292964,3600052332270670330,8912581740772062518,8468295567590886472,5377788564366722152,5777214288152487855,7829817036294500816,8501742281172678354,5683675586975837944,4715151168542892800,5754295708092879345,671570477553091847,1663316238895543887,4552132804583041443,7506665256121924950,7469169733610095278,2123252778679775852,7401056047726770785,599502111117659115,8669282422218258812,3039940301539086274,7077430281456258073,1332002337416064432,3776562060549698611,3734450047364869830,1418951287358372467,8430334862880071574,340709621708443088,8051791603525114798,910749159723223469,6693791023665261543,5223202734525571362,4652390051136401038,607182125464282334,1724504025363396364,6145216743698259877,6632217765290579420,4546308699174973541,7165572750831335712,7654472516627064315,2092297510147772997,8147809362110549796,5745948255303080899,119950738572812056,4183610026216326889,3530665420526958322,7801627131782584598,8754496288577792990,132473802744525674,6344980773868147280,3952500975645363572,2027245428225958282,1927650453537806106,2512740521107070441,7097193748883680474,2844610087226438012,1083234892691100915,4816330745350218912,8754511766378795554,8760143091839303845,6043024483741875775,723549488408053868,1739052091091687837,274582238362952230,7699824063495730110,3680130800998278920,5472477216559289622,8761677970238075190,2338560315897265059,5831578476898846233,7225880811879126120,5064847793878784504,658537246877017695,4586917552463769620,3632738467167313013,7870932457957464584,4527422042444280243,1852108086206093724,6057949535779431517,6227560449794431465,7285493774943545873,7054154813456385577,4295196837108274568,5240610798287010798,2157760216569249944]",True,463,90.43100431375206,91.66618537064642,"{""ever_satisfied"":[true,true],""final_satisfied"":[true,true],""peak_satisfied_count"":2,""predicates"":[[""in"",""cream_cheese_1"",""basket_1_contain_region""],[""in"",""butter_1"",""basket_1_contain_region""]],""schema_version"":""ember_pi05_stage_predicate_episode_v1"",""transitions"":[{""satisfied"":[false,false],""step"":0},{""satisfied"":[false,true],""step"":293},{""satisfied"":[true,true],""step"":463}]}","{""bytes"":146715049,""path"":""<writer-stability-study>/rollouts/e1/O1200/trajectories/libero_10_task_01_state_000.pt"",""replans"":93}","{""asset"":""O1200"",""checkpoint_selection_use"":false,""global_task_id"":31,""init_state_id"":0,""outcome_dependence"":false,""schema_version"":""ember_writer_stability_rollout_condition_v1"",""suite"":""libero_10"",""task_id"":1,""teacher_demo"":0,""teacher_raw_frames"":258,""teacher_sampled_frames"":53,""test_use"":false}",O1200,common_held,31,False,0
libero_10,1,validation,put both the cream cheese box and the butter in the basket,1,7,7,"[66136584690404204,1183032435003356527,5732753762199970214,1720401479735964275,8096762105900571098,8110576256183317159,627749624633121593,4012944101114361812,7407613280741089515,6091555666974215354,7524113543090785836,2201015540824072742,6357554316873592422,2717064589331837526,8496146421739605321,7573165117756759864,941549900583962793,7508390252310786350,7745158682443670941,7173161088192079640,3896233785756745114,3407976707630940001,4977209342674064701,945854016950933945,2008095024826789324,3987553784325697467,9005051846598122963,4606742795821848611,3202805068549740242,289672210827973828,6234883741079832276,6651120344891319205,6376198737414162662,3788538586357697715,6627573242969805642,6011370663154629921,6569265293773614629,6680209266572780216,3232066089475971860,6771811244672059546,761567453574804361,6966141247532206178,6449643587293589819,4387820435446264726,684332003558619770,4575569270478339413,2666853741826764633,4703770427707681393,601279261956225568,1101740312046038420,4314419429301251926,2657497065404313858,5278913904028470724,4306935866612974264,2218513710484379354,4207194653134620012,8996260354374236651,4644658216506732888,5243065945968330211,7523489891868398484,5169568617123789546,3630025926784487471,5496991495622604049,5224977565955097250,8575440722706876087,6065271283182776493,7455410854511542949,3955212961680531500,2397703139404870646,1809302034679374089,6728056723628172727,6022841150300502468,1896898812840991070,581367364058053055,7967900338711895317,2616742539295295994,3339013224847436685,6374099022802143919,3547986363308797896,1302028264266321532,3885703969976212923,3038899933274363653,1274659608056753953]",True,411,76.91248941514641,79.52773671178147,"{""ever_satisfied"":[true,true],""final_satisfied"":[true,true],""peak_satisfied_count"":2,""predicates"":[[""in"",""cream_cheese_1"",""basket_1_contain_region""],[""in"",""butter_1"",""basket_1_contain_region""]],""schema_version"":""ember_pi05_stage_predicate_episode_v1"",""transitions"":[{""satisfied"":[false,false],""step"":0},{""satisfied"":[true,false],""step"":283},{""satisfied"":[true,true],""step"":411}]}","{""bytes"":130939365,""path"":""<writer-stability-study>/rollouts/e1/O1200/trajectories/libero_10_task_01_state_001.pt"",""replans"":83}","{""asset"":""O1200"",""checkpoint_selection_use"":false,""global_task_id"":31,""init_state_id"":1,""outcome_dependence"":false,""schema_version"":""ember_writer_stability_rollout_condition_v1"",""suite"":""libero_10"",""task_id"":1,""teacher_demo"":1,""teacher_raw_frames"":252,""teacher_sampled_frames"":52,""test_use"":false}",O1200,common_held,31,False,1
libero_10,1,validation,put both the cream cheese box and the butter in the basket,2,7,7,"[237537544366603088,4377711933226485083,4788660007159805263,17393041038539281,6663540231053520189,5640786627733641716,6657465019700196683,557610952177037896,6990620465574385082,5083340144013246260,5431125978830615161,6771063504230683973,9171636196861380520,6092847668129716701,2633517551440705676,7678200001578988402,1207862821945206703,6905423834438823346,8451344072386187812,7954488185244623399,7419659545470780857,4033453314564488254,8262692835669004409,4338044275411720028,5749216235295601894,2144243427268010703,2726195583078283313,6536632245765142500,6030034414389871759,7208895055044926003,2217444040212311824,8504274990113212780,6821015111846485544,6151758962031277411,5539655904396036590,1734411083081132399,1944860338937866814,3723878479175287422,2121489029533903927,4724699252759105581,8210828354769804888,8219379349200928774,8943552267309242913,5001365223098226299,8574791211410507597,1198132679271159053,696783229804103743,2469720650938780408,7863796595324854571,40578665032007877,207906401635952564,7442488373002408494,7145202880192885009,6187894358791876805,6268169459498638206,1243927226115219108,2995758008844218891,6009473991422210924,5012125767614478739,2626403740146658947,2520420618293281790,2722476508276810225,6840912642664133171,83875925733558605,7089712986038390783,8603608808279576523,5700704723648848733,7853938343515516028,7607005850956452125,6787314053515032945,524117091167867868,7468508234243980107,8997725298965051947,5530287410135940858,395342534446465335,9197979703121896904,6839877507678758060,4193645749647424219,1432438538352840906,6572792808584455210,8997749385902775353,6106476188912778535,3202501799050848954,5543052816613552351,7812759279058855258,3455343860059300031,5191939225307625937,3314743897481995836,8671963553220609745,4068493854088256022,6045642874181940811,2542234573193339791,7145175376455663805,7636246394926315465,2947224322543040359,3825001018252672089,1537923074713159130,3521113722070615648,2789342468843698042,6358115943118138748,589779690775283711,2891160029758315162,3809874528271221723,4056298425238616656]",False,520,95.87659173505381,99.69058398576453,"{""ever_satisfied"":[true,false],""final_satisfied"":[true,false],""peak_satisfied_count"":1,""predicates"":[[""in"",""cream_cheese_1"",""basket_1_contain_region""],[""in"",""butter_1"",""basket_1_contain_region""]],""schema_version"":""ember_pi05_stage_predicate_episode_v1"",""transitions"":[{""satisfied"":[false,false],""step"":0},{""satisfied"":[true,false],""step"":132},{""satisfied"":[false,false],""step"":198},{""satisfied"":[true,false],""step"":225},{""satisfied"":[false,false],""step"":276},{""satisfied"":[true,false],""step"":434},{""satisfied"":[false,false],""step"":441},{""satisfied"":[true,false],""step"":442}]}","{""bytes"":164068359,""path"":""<writer-stability-study>/rollouts/e1/O1200/trajectories/libero_10_task_01_state_002.pt"",""replans"":104}","{""asset"":""O1200"",""checkpoint_selection_use"":false,""global_task_id"":31,""init_state_id"":2,""outcome_dependence"":false,""schema_version"":""ember_writer_stability_rollout_condition_v1"",""suite"":""libero_10"",""task_id"":1,""teacher_demo"":2,""teacher_raw_frames"":246,""teacher_sampled_frames"":50,""test_use"":false}",O1200,common_held,31,False,2
libero_10,1,validation,put both the cream cheese box and the butter in the basket,3,7,7,"[1172433371271890943,1977564003530107199,8115592664614019157,6159323659024996084,2519690596343933893,3091526433145304265,4983200605690899963,8777235373924435877,24668664935122978,4738901875664707595,9146685982721738885,8764811733564714342,6635306866755069675,5286559259175742777,5561457748788341118,8896975671599236419,2575262689060700357,6429110907832080416,4108929753508194225,1278920952570853036,1936917704056445379,2542411021763533232,8853479110757827692,869142526677507796,4060095511433873165,6042885968174723371,4337192355065126869,6967237333313553850,9162203836822167091,1868390445493595235,468709751550360953,5295565572124894114,7834904024165627271,7270315595052438460,3386901692833337559,3416748962656713806,1719984605159610797,2396878498197051677,6830277733851247257,7942976674111433413,1536695889054105869,5082661196935383747,1144820361304319481,4542936399383682853,5541067093559189534,529690065245781455,5029462307555248978,2137477655576930501,5321188535125895451,2070104391903597384,834847158006402801,7253483230452966487,1052936468480163351,8552025359293890063,7580603615504933225,1569145745296256517,6137949514422224468,7562660764472843969,409141062691524893,3383973460302621511,4630998784918542100,3899346986818037287,3175265089064140439,4924449011951044938,4156303845325359211,7694900448521195924,1400762935104569802,6960604059106592194,452563245186382647,7754987409397160068,1680669419616164166,849553679760382897,383189082628014288,5862143357937734684,7568163160770022781,7599529908373285936,3041142869534331622,105126237026140907,6214206691709410873,5836993509239406059,2165691052611190382,5704704268049717633,9002768234225885334,4249241578151460139,2109850119882463633,5014070768486082812,2395669259448408164,5205698568647499533,8206439807761392850,2138773401876216925,3245202509019310374,2041230882120757968,6213452421643305544,1149559515864541208,3138556340763352961,7153861174883512995,6711370508369598272,6512528167997487817,4138676164903788156,6941894878824137839,7310574618247592754,4136379133205037650,4348489292662483355,9204963173706685255]",False,520,96.50539842899889,101.57152754859999,"{""ever_satisfied"":[true,false],""final_satisfied"":[false,false],""peak_satisfied_count"":1,""predicates"":[[""in"",""cream_cheese_1"",""basket_1_contain_region""],[""in"",""butter_1"",""basket_1_contain_region""]],""schema_version"":""ember_pi05_stage_predicate_episode_v1"",""transitions"":[{""satisfied"":[false,false],""step"":0},{""satisfied"":[true,false],""step"":199},{""satisfied"":[false,false],""step"":258},{""satisfied"":[true,false],""step"":262},{""satisfied"":[false,false],""step"":263},{""satisfied"":[true,false],""step"":280},{""satisfied"":[false,false],""step"":281},{""satisfied"":[true,false],""step"":285},{""satisfied"":[false,false],""step"":456}]}","{""bytes"":164068359,""path"":""<writer-stability-study>/rollouts/e1/O1200/trajectories/libero_10_task_01_state_003.pt"",""replans"":104}","{""asset"":""O1200"",""checkpoint_selection_use"":false,""global_task_id"":31,""init_state_id"":3,""outcome_dependence"":false,""schema_version"":""ember_writer_stability_rollout_condition_v1"",""suite"":""libero_10"",""task_id"":1,""teacher_demo"":3,""teacher_raw_frames"":288,""teacher_sampled_frames"":59,""test_use"":false}",O1200,common_held,31,False,3
libero_spatial,3,validation,pick up the black bowl on the cookie box and place it on the plate,0,7,7,"[336169725590312743,567642240813974001,8354292684063646108,5334794776498519797,2040010150640505745,2343701475842438382,5412470899770061167,820364343317419064,5457482945389825552,2504491285362484018,7422502578034213173,5056665176767612485,2003354737360645143,8279383433696764486,4208196502484156673,8983410438659563528,2296803609333534892,2041091650467651175,7305716513144627935,7294937211943360544,8345237991230332652,7378017725889838708,8716448154690811246,5248443494691871216]",True,118,28.42317659780383,29.651022095698863,"{""ever_satisfied"":[true],""final_satisfied"":[true],""peak_satisfied_count"":1,""predicates"":[[""on"",""akita_black_bowl_1"",""plate_1""]],""schema_version"":""ember_pi05_stage_predicate_episode_v1"",""transitions"":[{""satisfied"":[false],""step"":0},{""satisfied"":[true],""step"":118}]}","{""bytes"":37863389,""path"":""<writer-stability-study>/rollouts/e1/O1500/trajectories/libero_spatial_task_03_state_000.pt"",""replans"":24}","{""asset"":""O1500"",""checkpoint_selection_use"":false,""global_task_id"":3,""init_state_id"":0,""outcome_dependence"":false,""schema_version"":""ember_writer_stability_rollout_condition_v1"",""suite"":""libero_spatial"",""task_id"":3,""teacher_demo"":0,""teacher_raw_frames"":99,""teacher_sampled_frames"":21,""test_use"":false}",O1500,common_held,3,False,0
libero_spatial,3,validation,pick up the black bowl on the cookie box and place it on the plate,1,7,7,"[3071172578146223952,2080936696745084643,5469435010854225470,2153244960118961693,6816072406336098585,1734556419457555794,7851340247296578549,4816167663840372196,4754548742721011271,9211355379407494252,137860901857221128,9090171750181843907,8119349483388016788,4891543561003366242,4473642343538525021,8364298704962546982,1629217563418473229,3290217260496827766,7629897306060874214,4742490323170293522,6404441703517424389,2964772810324140608,8627077584774895936,7067740256789030010,6096419447607542293,2421140236193322289,2141270493379617205,1010245111888233794,1882603917034485663,6807540081070718306,7958976321620515269,1353257216537134775,354288215576696133,7398095969472644875,5516130732246258088,3260659763272367547,9016830905651363263,9040689358250327078,3852222077895087847,733719658047369777,2215874165970119567,1228841508309924712,7446902625025060330,1614446166569296241]",False,220,41.159789060242474,43.492307987995446,"{""ever_satisfied"":[false],""final_satisfied"":[false],""peak_satisfied_count"":0,""predicates"":[[""on"",""akita_black_bowl_1"",""plate_1""]],""schema_version"":""ember_pi05_stage_predicate_episode_v1"",""transitions"":[{""satisfied"":[false],""step"":0}]}","{""bytes"":69415257,""path"":""<writer-stability-study>/rollouts/e1/O1500/trajectories/libero_spatial_task_03_state_001.pt"",""replans"":44}","{""asset"":""O1500"",""checkpoint_selection_use"":false,""global_task_id"":3,""init_state_id"":1,""outcome_dependence"":false,""schema_version"":""ember_writer_stability_rollout_condition_v1"",""suite"":""libero_spatial"",""task_id"":3,""teacher_demo"":1,""teacher_raw_frames"":101,""teacher_sampled_frames"":21,""test_use"":false}",O1500,common_held,3,False,1
libero_spatial,3,validation,pick up the black bowl on the cookie box and place it on the plate,2,7,7,"[6298054988284327818,6912635386658077700,383976089418881795,2587202063313400801,7021786076458083965,593234421942514120,8669872273799573751,5991206727220654679,3270751023889855435,8139016423407761104,4028834637132934680,4043526413053354951,8641375561554741217,7084097018260223068,3748824873657071406,2524451583669730806,2801126175072182625,5243106494803483929,1850557323821615607,3769967364146662180,5559034931446361638,7379059557454514174,5208848188514599125]",True,111,24.65463560493663,28.160450778901577,"{""ever_satisfied"":[true],""final_satisfied"":[true],""peak_satisfied_count"":1,""predicates"":[[""on"",""akita_black_bowl_1"",""plate_1""]],""schema_version"":""ember_pi05_stage_predicate_episode_v1"",""transitions"":[{""satisfied"":[false],""step"":0},{""satisfied"":[true],""step"":111}]}","{""bytes"":36285802,""path"":""<writer-stability-study>/rollouts/e1/O1500/trajectories/libero_spatial_task_03_state_002.pt"",""replans"":23}","{""asset"":""O1500"",""checkpoint_selection_use"":false,""global_task_id"":3,""init_state_id"":2,""outcome_dependence"":false,""schema_version"":""ember_writer_stability_rollout_condition_v1"",""suite"":""libero_spatial"",""task_id"":3,""teacher_demo"":2,""teacher_raw_frames"":95,""teacher_sampled_frames"":20,""test_use"":false}",O1500,common_held,3,False,2
libero_spatial,3,validation,pick up the black bowl on the cookie box and place it on the plate,3,7,7,"[5844883203585125168,5025841759868289392,3144194430178048546,4801875581304945847,468081466817769956,4734881704432230013,959494122824425653,1945541120257169749,6506988136844350673,1323002413188064283,1282348786779226374,6571566919880846274,5302843147758881824,8099844664203210874,4162119894034043737,5099925154081425737,6833960761683269512,7413558454919553786,3214155400790689838,8476036750337665618,5683741918122184492,3146513501583868712,5134754843935734534,7295903721501276154,6966475529449043799,964144398375903039,5537281316329676556,2570112512858642678,8253316964221879720,2000320299649689463,7363408069598897341,7244719144436028534,1277706102151985398,2882953250328450485,6809773225674697798,4961094627183306235,3601228802350205382,4033712914798725752,3897374095001332926,6898814568060512473,8284858137158279658,330857029533074500,6288659453853307531,4954602287269604115]",False,220,40.91250075912103,45.56916879769415,"{""ever_satisfied"":[false],""final_satisfied"":[false],""peak_satisfied_count"":0,""predicates"":[[""on"",""akita_black_bowl_1"",""plate_1""]],""schema_version"":""ember_pi05_stage_predicate_episode_v1"",""transitions"":[{""satisfied"":[false],""step"":0}]}","{""bytes"":69415257,""path"":""<writer-stability-study>/rollouts/e1/O1500/trajectories/libero_spatial_task_03_state_003.pt"",""replans"":44}","{""asset"":""O1500"",""checkpoint_selection_use"":false,""global_task_id"":3,""init_state_id"":3,""outcome_dependence"":false,""schema_version"":""ember_writer_stability_rollout_condition_v1"",""suite"":""libero_spatial"",""task_id"":3,""teacher_demo"":3,""teacher_raw_frames"":115,""teacher_sampled_frames"":24,""test_use"":false}",O1500,common_held,3,False,3
libero_object,1,validation,pick up the cream cheese and place it in the basket,0,7,7,"[1764210406108741574,3836588974318758825,7971256763961264857,8172640194079971334,5109217772215900344,8127657125412314075,41127862791718870,2618195653838822282,3945879615897659047,4807547919112120522,1806370725723135070,4513106148028486545,6319195100526623892,5370509103018043559,6498526979093454720,902687379068510851,2376500793543191942,8621046406545839782,2246205218069956362,7429359954569227064,7884868446968348240,2227676743794273877,5070154547901706858,3669414435821318416,8848835830760864689,7729708896664410211,4633559183066694126,5327164714405199684,6226991016291009180,2221326210433340297,8768033716272618626,6311534387210060068,9171459359667105102,5965569251769123100,2718805684633866035,1662410874903997488,2840173522319229163,8834241311588677320,709069421190859722,8185886960346710137,2565064801153509063,2146060320521951229,3378153110170898822,7385328994146981193,8294308961245227333,7748112701127134785,1222607689681150287,7810936987716744765,6223054982931328978,2849878694155472255,5689168034346384828,6021205596517041981,4246825136001754053,6289302386715038045,150229824189971838,6768940658213660908]",False,280,48.785722399130464,49.732990553136915,"{""ever_satisfied"":[false],""final_satisfied"":[false],""peak_satisfied_count"":0,""predicates"":[[""in"",""cream_cheese_1"",""basket_1_contain_region""]],""schema_version"":""ember_pi05_stage_predicate_episode_v1"",""transitions"":[{""satisfied"":[false],""step"":0}]}","{""bytes"":88346143,""path"":""<writer-stability-study>/rollouts/e1/O1500/trajectories/libero_object_task_01_state_000.pt"",""replans"":56}","{""asset"":""O1500"",""checkpoint_selection_use"":false,""global_task_id"":11,""init_state_id"":0,""outcome_dependence"":false,""schema_version"":""ember_writer_stability_rollout_condition_v1"",""suite"":""libero_object"",""task_id"":1,""teacher_demo"":0,""teacher_raw_frames"":139,""teacher_sampled_frames"":29,""test_use"":false}",O1500,common_held,11,False,0
libero_object,1,validation,pick up the cream cheese and place it in the basket,1,7,7,"[7420547635691626371,501823346460184892,2808280276510186011,9125043344243611695,403813749669296451,1407366998281182077,2209299523064019634,1728017030491187931,2513642288712647512,1447387066432853060,4693224407500016404,1737625573879917920,6067103784603218004,4875182151779258051,546466106271624807,9047002785452638602,7742191438442415817,8024174060520581936,5799993939873865180,1334774698373763792,3129131042550033500,2753095723835555029,3433300564092773732,2301348941678342198,7241566034470681974,1595137328551950185,1223846610154684646,4228575145339593338,8558693830307251586,5060217729706729485,161047149258878698,2874843034271566865,3850461532179320374,483846141656559909,5334406913610702002,1768945815088919566,284012393076012105,2773929893499215681,1082557467933144293,8709156691477174840,2912888861160929594,4522628410835879771,401655199804936023,8103297065153877132,4118061439267329582,8826129452668332172,2263494092296218903,7101472703197888275,5983077629402424921,4703649913563333398,7719468365852383782,3990854988996443549,5937330318804893810,1575524277352256469,6900815957943964894,4705494789899483143]",True,276,46.78919755900279,48.75273892795667,"{""ever_satisfied"":[true],""final_satisfied"":[true],""peak_satisfied_count"":1,""predicates"":[[""in"",""cream_cheese_1"",""basket_1_contain_region""]],""schema_version"":""ember_pi05_stage_predicate_episode_v1"",""transitions"":[{""satisfied"":[false],""step"":0},{""satisfied"":[true],""step"":276}]}","{""bytes"":88346143,""path"":""<writer-stability-study>/rollouts/e1/O1500/trajectories/libero_object_task_01_state_001.pt"",""replans"":56}","{""asset"":""O1500"",""checkpoint_selection_use"":false,""global_task_id"":11,""init_state_id"":1,""outcome_dependence"":false,""schema_version"":""ember_writer_stability_rollout_condition_v1"",""suite"":""libero_object"",""task_id"":1,""teacher_demo"":1,""teacher_raw_frames"":187,""teacher_sampled_frames"":39,""test_use"":false}",O1500,common_held,11,False,1
libero_object,1,validation,pick up the cream cheese and place it in the basket,2,7,7,"[3515262128279278940,1224036772478655973,478293637689251682,3540847092953613223,4328413232641629785,6811305769457963913,7493268904500544434,8083105539726185730,8414072237268020580,1893592179093710111,2488153855796920192,1554986030321788607,4047939611339120474,4102179388848657701,1147138887996013605,3863494293313979635,6193003831111729703,1626172842785393201,2904614765474486566,3655373432879583266,6106723134634969432,1530641680022518864,5299007373251733956,1776309024967508017,5554150453191670933,3588510541056688845,666834990498619419,3102760675369552907,6023898576793354574,402930942210347881,2078320372986288529,7720159784174774081,7100389472550084792,8511427036292799244,6904098702670149683,784877683367073628,3651991877207798567,861886419337511138,6976178139089140318,5198337878486248212,5447440234268139515,1899657955444717978,781217027658603365,8223559301120999410,6478127570832816443,4533856968322227481,6018323511634894945,2673221832395028001,684467356717112598,8370750652466221877,18894299511407436,8099331774724735193,1075555058815775406,4672050693590022892,436269775306719565,2998048690931104554]",False,280,48.063876083120704,50.984389164019376,"{""ever_satisfied"":[false],""final_satisfied"":[false],""peak_satisfied_count"":0,""predicates"":[[""in"",""cream_cheese_1"",""basket_1_contain_region""]],""schema_version"":""ember_pi05_stage_predicate_episode_v1"",""transitions"":[{""satisfied"":[false],""step"":0}]}","{""bytes"":88346143,""path"":""<writer-stability-study>/rollouts/e1/O1500/trajectories/libero_object_task_01_state_002.pt"",""replans"":56}","{""asset"":""O1500"",""checkpoint_selection_use"":false,""global_task_id"":11,""init_state_id"":2,""outcome_dependence"":false,""schema_version"":""ember_writer_stability_rollout_condition_v1"",""suite"":""libero_object"",""task_id"":1,""teacher_demo"":2,""teacher_raw_frames"":125,""teacher_sampled_frames"":26,""test_use"":false}",O1500,common_held,11,False,2
libero_object,1,validation,pick up the cream cheese and place it in the basket,3,7,7,"[813647924528887858,5351092081399935768,7442759767410944757,7892859586617915780,5301498965079906004,289562166806627740,613859540680986132,5058023941821712151,2146080548017320215,4214456032801721274,170807808573357750,1310651860523142851,3541140102953400097,6731585121498890393,2349060069222585986,5878971007946073140,3254469291135872673,6844594369008655041,7399228462889035073,4950579294597892399,5327087292628972889,3432113250942763909,2244704256273282836,2977310641305390391,5486701027510805187]",True,122,22.16745329182595,26.031257743947208,"{""ever_satisfied"":[true],""final_satisfied"":[true],""peak_satisfied_count"":1,""predicates"":[[""in"",""cream_cheese_1"",""basket_1_contain_region""]],""schema_version"":""ember_pi05_stage_predicate_episode_v1"",""transitions"":[{""satisfied"":[false],""step"":0},{""satisfied"":[true],""step"":122}]}","{""bytes"":39440845,""path"":""<writer-stability-study>/rollouts/e1/O1500/trajectories/libero_object_task_01_state_003.pt"",""replans"":25}","{""asset"":""O1500"",""checkpoint_selection_use"":false,""global_task_id"":11,""init_state_id"":3,""outcome_dependence"":false,""schema_version"":""ember_writer_stability_rollout_condition_v1"",""suite"":""libero_object"",""task_id"":1,""teacher_demo"":3,""teacher_raw_frames"":133,""teacher_sampled_frames"":28,""test_use"":false}",O1500,common_held,11,False,3
libero_goal,3,validation,open the top drawer and put the bowl inside,0,7,7,"[937839512312767824,4425858584106371442,6915917327766178298,4221423508686152199,3941615210140189942,3061062777614262148,9006389347840838038,2714739585893921145,4842815510074203473,4176247365749439794,9055016387064939296,6894264475206989069,4769433583706684081,6538724259617072713,2694945300226562235,5672636660806689923,1162397645855720894,2512104657228609621,4908619852555458086,4891195624735059747,3439016452326339617,145136483130657948,696498549386812565,2992054586286465856,3926950764540793138,6507613130119470566,4080680387252510580,6715602020508326751,7642159240538864546,2069708313452146818,188106194283429132,79620779218141805,8773913044132373383,4191565715618410953,8743402847540423751,5590073037340929701,7241093063639031331,5018097501510259896,325742820322205827,6790062175884206903,2835421247772191586,8101575360401988141,5181871320322691538,8606750524966542306,3331683226074686545,5172080302879563560,2825910257597671870,3780878403490109137,8179159796621748406,5745966183204672563,3735878833795123278,1646812211375849777,3720899738953625933,1974282862992389720,8969384801637140932,5027800807028014172,1765993208659774829,6213274053297936353,5493561834532839429,254459356985422351]",False,300,55.295176160056144,56.12658984074369,"{""ever_satisfied"":[false],""final_satisfied"":[false],""peak_satisfied_count"":0,""predicates"":[[""in"",""akita_black_bowl_1"",""wooden_cabinet_1_top_region""]],""schema_version"":""ember_pi05_stage_predicate_episode_v1"",""transitions"":[{""satisfied"":[false],""step"":0}]}","{""bytes"":94655859,""path"":""<writer-stability-study>/rollouts/e1/O1500/trajectories/libero_goal_task_03_state_000.pt"",""replans"":60}","{""asset"":""O1500"",""checkpoint_selection_use"":false,""global_task_id"":23,""init_state_id"":0,""outcome_dependence"":false,""schema_version"":""ember_writer_stability_rollout_condition_v1"",""suite"":""libero_goal"",""task_id"":3,""teacher_demo"":0,""teacher_raw_frames"":170,""teacher_sampled_frames"":35,""test_use"":false}",O1500,common_held,23,False,0
libero_goal,3,validation,open the top drawer and put the bowl inside,1,7,7,"[3197873696265518430,130333309193225715,6005625632286712244,6891299773450141553,6316928474543642721,5782284817944748443,213403443156412135,8338126146057510912,8375039331177840430,5827566456674324647,3313818679469215879,1142143462369407560,6857946106089777856,2208331655601664324,6082415799267276139,6483019239393974105,1605018948802503533,3968192620193769583,862384892645987447,8742088714719043014,4093144800324367496,3618106106009942716,7222849419045868975,5480139628080962798,8959878553153613783,5141614978164902045,4058195969577011985,5969135446805434144,5972420222077590396,2477065601344244086,5214798992736474054,524972909364957767,6427034895024028522,4321813080947567738,233872811589524403,7962977660191025978,4154326755793972085,5024963065885040905,7583862141991692337,9148484250809282782,4716098172630043820,5342661847094755523,4186729145604779780,8840721256628781736,3957995690749672627,6833841353575794482,150833597163379549,6124511566606868997,8845799573673075170,9049197323682587092,6513134499526687462,2125577121787463032,7513831563121663967,2861950398204209577,5611576820951415884,4836419612523764618,5739862684315359388,2977527315973693273,1363998237546904426,1401717210297836187]",False,300,55.8809177139774,57.68377320794389,"{""ever_satisfied"":[false],""final_satisfied"":[false],""peak_satisfied_count"":0,""predicates"":[[""in"",""akita_black_bowl_1"",""wooden_cabinet_1_top_region""]],""schema_version"":""ember_pi05_stage_predicate_episode_v1"",""transitions"":[{""satisfied"":[false],""step"":0}]}","{""bytes"":94655859,""path"":""<writer-stability-study>/rollouts/e1/O1500/trajectories/libero_goal_task_03_state_001.pt"",""replans"":60}","{""asset"":""O1500"",""checkpoint_selection_use"":false,""global_task_id"":23,""init_state_id"":1,""outcome_dependence"":false,""schema_version"":""ember_writer_stability_rollout_condition_v1"",""suite"":""libero_goal"",""task_id"":3,""teacher_demo"":1,""teacher_raw_frames"":187,""teacher_sampled_frames"":39,""test_use"":false}",O1500,common_held,23,False,1
libero_goal,3,validation,open the top drawer and put the bowl inside,2,7,7,"[3363774331609722801,8253139786491869145,3368484581779491068,8612553514953788360,3894722027564677755,3190718955795415061,2991001216876957682,4192866419922675043,7962505677837112162,7175292029828948796,8491844790255791194,2949627948138133515,5303681245701539414,1155308745191539428,3201939631673426968,5423005270567758498,5285445754580891409,7709290896448816018,9025992740721019095,813219503261836198,333203038065802703,8058843207809665647,6074883454733816144,5645437636263239750,9060421471848062189,5669846821017744901,6911793417026473238,5520882744081832304,4033144688954774214,5722037728728612790,2258528094321100364,7429017648047017388,8453459773754163998,4871519550703567454,2264643863165043998,2455452153663381546,6284431648876090956,4535463135879563938,932093542133184791,4405333388842052032,2816939819880932175,3202764591171351637,8591157489679192782,6810549642148393422,6468647027984217986,7615278400728506221,722232015550427053,4231930097150224521,3543644253855839993,2650712286741199338,9090282210250879073,5398288240747412984,4622181731124500261,2599787332372022932,4523262445791830097,1463404168515523360,4026427953280765004,6398037120012625110,6793133580386116235,8721186165790402125]",False,300,55.911589473020285,58.60551062365994,"{""ever_satisfied"":[false],""final_satisfied"":[false],""peak_satisfied_count"":0,""predicates"":[[""in"",""akita_black_bowl_1"",""wooden_cabinet_1_top_region""]],""schema_version"":""ember_pi05_stage_predicate_episode_v1"",""transitions"":[{""satisfied"":[false],""step"":0}]}","{""bytes"":94655859,""path"":""<writer-stability-study>/rollouts/e1/O1500/trajectories/libero_goal_task_03_state_002.pt"",""replans"":60}","{""asset"":""O1500"",""checkpoint_selection_use"":false,""global_task_id"":23,""init_state_id"":2,""outcome_dependence"":false,""schema_version"":""ember_writer_stability_rollout_condition_v1"",""suite"":""libero_goal"",""task_id"":3,""teacher_demo"":2,""teacher_raw_frames"":284,""teacher_sampled_frames"":58,""test_use"":false}",O1500,common_held,23,False,2
libero_goal,3,validation,open the top drawer and put the bowl inside,3,7,7,"[4388075535769291481,7803974502177521433,6960389453217531655,7974642187157948843,3283411496312947155,6586695009686616682,4123511674578132013,2196090530291492571,5566191824671470888,4353859427581601500,5796681560742684302,6195846096695566881,2187283033540328667,4805254431331006621,142134161418933864,7898046023979624391,3782121838725784549,3408150707208910651,6955345868561507805,3893497817959283455,7234331721950092451,947681231221082161,2875109334861388196,7976786638142465502,9135828852289962822,6093804056508095392,6608697049945295507,1467126958596194336,3694056898204706913,8513056181514551312,1484077915258504172,5080504256526142696,1035017065713738216,126112981875404032,7669289150036426323,2781740029914150778,5217006033383872045,9039685037125475200,6462999356240774393,6303653117531490239,4664597548959043468,116268932372432574,3169760494611545751,8239059889225203099,8247325195672136574,4981014773857893995,4860918051383045893,1483946875227898703,8649023170131301614,926430796329172283,3390234762027084084,6618699300412413304,2443921480737786859,7372711429289394654,8135821559749606,8229702128023642617,2068159460376777096,8338683901371832641,2195354921544225521,3393921724572223494]",False,300,56.96565015241504,60.52305928198621,"{""ever_satisfied"":[false],""final_satisfied"":[false],""peak_satisfied_count"":0,""predicates"":[[""in"",""akita_black_bowl_1"",""wooden_cabinet_1_top_region""]],""schema_version"":""ember_pi05_stage_predicate_episode_v1"",""transitions"":[{""satisfied"":[false],""step"":0}]}","{""bytes"":94655859,""path"":""<writer-stability-study>/rollouts/e1/O1500/trajectories/libero_goal_task_03_state_003.pt"",""replans"":60}","{""asset"":""O1500"",""checkpoint_selection_use"":false,""global_task_id"":23,""init_state_id"":3,""outcome_dependence"":false,""schema_version"":""ember_writer_stability_rollout_condition_v1"",""suite"":""libero_goal"",""task_id"":3,""teacher_demo"":3,""teacher_raw_frames"":199,""teacher_sampled_frames"":41,""test_use"":false}",O1500,common_held,23,False,3
libero_goal,6,validation,put the cream cheese in the bowl,0,7,7,"[1219103976213717812,5315326635778241048,6581066537600475800,5384416861622508714,743854383548529066,1105212997721360534,176878808967372638,6226355913612208093,3312999424712431441,8774203458501478435,3366685016606281334,3725356210471090660,8141180129757787358,8376806228341239167,5907852681209368379,5549727159950824425,8863063940509649049,8428194982790091570,8034113827903296093,5328837585514550928]",True,98,21.327817416749895,22.239394338801503,"{""ever_satisfied"":[true],""final_satisfied"":[true],""peak_satisfied_count"":1,""predicates"":[[""on"",""cream_cheese_1"",""akita_black_bowl_1""]],""schema_version"":""ember_pi05_stage_predicate_episode_v1"",""transitions"":[{""satisfied"":[false],""step"":0},{""satisfied"":[true],""step"":98}]}","{""bytes"":31552659,""path"":""<writer-stability-study>/rollouts/e1/O1500/trajectories/libero_goal_task_06_state_000.pt"",""replans"":20}","{""asset"":""O1500"",""checkpoint_selection_use"":false,""global_task_id"":26,""init_state_id"":0,""outcome_dependence"":false,""schema_version"":""ember_writer_stability_rollout_condition_v1"",""suite"":""libero_goal"",""task_id"":6,""teacher_demo"":0,""teacher_raw_frames"":92,""teacher_sampled_frames"":20,""test_use"":false}",O1500,common_held,26,False,0
libero_goal,6,validation,put the cream cheese in the bowl,1,7,7,"[172711500567230450,7421732192852202220,5696561469870624486,1959095774179179170,7096899449743204803,6574102587345016126,61461671323595603,1124833847544659051,8371862612761519600,317790859405359394,2368768065563260770,484822171613426146,4530602358412543701,7019089587053173144,6324709606709671691,7558199183049434637,6214980544420630992,6052297001701878808,9129516409868353403,1439083426395263484,4692748106633523466]",True,103,21.93334004096687,23.719691161997616,"{""ever_satisfied"":[true],""final_satisfied"":[true],""peak_satisfied_count"":1,""predicates"":[[""on"",""cream_cheese_1"",""akita_black_bowl_1""]],""schema_version"":""ember_pi05_stage_predicate_episode_v1"",""transitions"":[{""satisfied"":[false],""step"":0},{""satisfied"":[true],""step"":103}]}","{""bytes"":33130231,""path"":""<writer-stability-study>/rollouts/e1/O1500/trajectories/libero_goal_task_06_state_001.pt"",""replans"":21}","{""asset"":""O1500"",""checkpoint_selection_use"":false,""global_task_id"":26,""init_state_id"":1,""outcome_dependence"":false,""schema_version"":""ember_writer_stability_rollout_condition_v1"",""suite"":""libero_goal"",""task_id"":6,""teacher_demo"":1,""teacher_raw_frames"":113,""teacher_sampled_frames"":24,""test_use"":false}",O1500,common_held,26,False,1
libero_goal,6,validation,put the cream cheese in the bowl,2,7,7,"[8869015256941978067,4364676101678728631,5793129651229169082,6966585936914818765,3014400220243696677,7835934952702427717,112500066649987043,946246571510749967,9209627272744437452,1782459505040012360,8661789802014128130,6375355591816836646,8480037578167967748,9109856301066563872,5649965148495419357,1361523480028289456,5544897762248452733,7926908190596035863,2691269795480030267,3762153279186053744]",True,97,19.34359458461404,21.966547589749098,"{""ever_satisfied"":[true],""final_satisfied"":[true],""peak_satisfied_count"":1,""predicates"":[[""on"",""cream_cheese_1"",""akita_black_bowl_1""]],""schema_version"":""ember_pi05_stage_predicate_episode_v1"",""transitions"":[{""satisfied"":[false],""step"":0},{""satisfied"":[true],""step"":97}]}","{""bytes"":31552659,""path"":""<writer-stability-study>/rollouts/e1/O1500/trajectories/libero_goal_task_06_state_002.pt"",""replans"":20}","{""asset"":""O1500"",""checkpoint_selection_use"":false,""global_task_id"":26,""init_state_id"":2,""outcome_dependence"":false,""schema_version"":""ember_writer_stability_rollout_condition_v1"",""suite"":""libero_goal"",""task_id"":6,""teacher_demo"":2,""teacher_raw_frames"":103,""teacher_sampled_frames"":22,""test_use"":false}",O1500,common_held,26,False,2
libero_goal,6,validation,put the cream cheese in the bowl,3,7,7,"[3467587809100205298,2928896816047292381,1435237479997991110,8733937688212635507,403890202367671631,5767672073548237334,2482907197191448394,6218636126290372373,5552533092183756129,5031099651492635924,2718241891028489771,343959079166825932,386421086928096082,3882073155129270948,1668398944862961140,5239989079759808327,5646748796877955327,1477718980308966035,5265336241054362918,8749581263222743127]",True,96,18.068046857137233,21.539426513016224,"{""ever_satisfied"":[true],""final_satisfied"":[true],""peak_satisfied_count"":1,""predicates"":[[""on"",""cream_cheese_1"",""akita_black_bowl_1""]],""schema_version"":""ember_pi05_stage_predicate_episode_v1"",""transitions"":[{""satisfied"":[false],""step"":0},{""satisfied"":[true],""step"":96}]}","{""bytes"":31552659,""path"":""<writer-stability-study>/rollouts/e1/O1500/trajectories/libero_goal_task_06_state_003.pt"",""replans"":20}","{""asset"":""O1500"",""checkpoint_selection_use"":false,""global_task_id"":26,""init_state_id"":3,""outcome_dependence"":false,""schema_version"":""ember_writer_stability_rollout_condition_v1"",""suite"":""libero_goal"",""task_id"":6,""teacher_demo"":3,""teacher_raw_frames"":104,""teacher_sampled_frames"":22,""test_use"":false}",O1500,common_held,26,False,3
libero_10,1,validation,put both the cream cheese box and the butter in the basket,0,7,7,"[6121435815512619047,9198136133492397877,8765829600456851509,7041222535750260529,7347630065393026896,2580028621035660761,3998888066084241576,321347343332153252,2645310409860292964,3600052332270670330,8912581740772062518,8468295567590886472,5377788564366722152,5777214288152487855,7829817036294500816,8501742281172678354,5683675586975837944,4715151168542892800,5754295708092879345,671570477553091847,1663316238895543887,4552132804583041443,7506665256121924950,7469169733610095278,2123252778679775852,7401056047726770785,599502111117659115,8669282422218258812,3039940301539086274,7077430281456258073,1332002337416064432,3776562060549698611,3734450047364869830,1418951287358372467,8430334862880071574,340709621708443088,8051791603525114798,910749159723223469,6693791023665261543,5223202734525571362,4652390051136401038,607182125464282334,1724504025363396364,6145216743698259877,6632217765290579420,4546308699174973541,7165572750831335712,7654472516627064315,2092297510147772997,8147809362110549796,5745948255303080899,119950738572812056,4183610026216326889,3530665420526958322,7801627131782584598,8754496288577792990,132473802744525674,6344980773868147280,3952500975645363572,2027245428225958282,1927650453537806106,2512740521107070441,7097193748883680474,2844610087226438012,1083234892691100915,4816330745350218912,8754511766378795554,8760143091839303845,6043024483741875775,723549488408053868,1739052091091687837,274582238362952230,7699824063495730110,3680130800998278920,5472477216559289622,8761677970238075190,2338560315897265059,5831578476898846233,7225880811879126120,5064847793878784504,658537246877017695,4586917552463769620,3632738467167313013,7870932457957464584,4527422042444280243,1852108086206093724,6057949535779431517,6227560449794431465,7285493774943545873,7054154813456385577,4295196837108274568,5240610798287010798,2157760216569249944,2633060516740762793,1466763418403027569,3161472324133342308,5635949790144035765,4195926355510275263,81430477046028914,2291027380881125740,7677578478740192043,7652291943122972400,2266180884713378092,2785548656426545540]",False,520,94.67375900875777,95.88826779508963,"{""ever_satisfied"":[false,true],""final_satisfied"":[false,true],""peak_satisfied_count"":1,""predicates"":[[""in"",""cream_cheese_1"",""basket_1_contain_region""],[""in"",""butter_1"",""basket_1_contain_region""]],""schema_version"":""ember_pi05_stage_predicate_episode_v1"",""transitions"":[{""satisfied"":[false,false],""step"":0},{""satisfied"":[false,true],""step"":309}]}","{""bytes"":164068359,""path"":""<writer-stability-study>/rollouts/e1/O1500/trajectories/libero_10_task_01_state_000.pt"",""replans"":104}","{""asset"":""O1500"",""checkpoint_selection_use"":false,""global_task_id"":31,""init_state_id"":0,""outcome_dependence"":false,""schema_version"":""ember_writer_stability_rollout_condition_v1"",""suite"":""libero_10"",""task_id"":1,""teacher_demo"":0,""teacher_raw_frames"":258,""teacher_sampled_frames"":53,""test_use"":false}",O1500,common_held,31,False,0
libero_10,1,validation,put both the cream cheese box and the butter in the basket,1,7,7,"[66136584690404204,1183032435003356527,5732753762199970214,1720401479735964275,8096762105900571098,8110576256183317159,627749624633121593,4012944101114361812,7407613280741089515,6091555666974215354,7524113543090785836,2201015540824072742,6357554316873592422,2717064589331837526,8496146421739605321,7573165117756759864,941549900583962793,7508390252310786350,7745158682443670941,7173161088192079640,3896233785756745114,3407976707630940001,4977209342674064701,945854016950933945,2008095024826789324,3987553784325697467,9005051846598122963,4606742795821848611,3202805068549740242,289672210827973828,6234883741079832276,6651120344891319205,6376198737414162662,3788538586357697715,6627573242969805642,6011370663154629921,6569265293773614629,6680209266572780216,3232066089475971860,6771811244672059546,761567453574804361,6966141247532206178,6449643587293589819,4387820435446264726,684332003558619770,4575569270478339413,2666853741826764633,4703770427707681393,601279261956225568,1101740312046038420,4314419429301251926,2657497065404313858,5278913904028470724,4306935866612974264,2218513710484379354,4207194653134620012,8996260354374236651,4644658216506732888,5243065945968330211,7523489891868398484,5169568617123789546,3630025926784487471,5496991495622604049,5224977565955097250,8575440722706876087,6065271283182776493,7455410854511542949,3955212961680531500,2397703139404870646,1809302034679374089,6728056723628172727,6022841150300502468,1896898812840991070,581367364058053055,7967900338711895317,2616742539295295994,3339013224847436685,6374099022802143919,3547986363308797896,1302028264266321532,3885703969976212923,3038899933274363653,1274659608056753953,3748359631552459872,298238713708077828,8482520648214759910,5621429188574826372,9074496542410788862,2898528530075564283,2221733884019621417]",True,448,82.70035505015403,85.12071548216045,"{""ever_satisfied"":[true,true],""final_satisfied"":[true,true],""peak_satisfied_count"":2,""predicates"":[[""in"",""cream_cheese_1"",""basket_1_contain_region""],[""in"",""butter_1"",""basket_1_contain_region""]],""schema_version"":""ember_pi05_stage_predicate_episode_v1"",""transitions"":[{""satisfied"":[false,false],""step"":0},{""satisfied"":[true,false],""step"":333},{""satisfied"":[true,true],""step"":448}]}","{""bytes"":141982363,""path"":""<writer-stability-study>/rollouts/e1/O1500/trajectories/libero_10_task_01_state_001.pt"",""replans"":90}","{""asset"":""O1500"",""checkpoint_selection_use"":false,""global_task_id"":31,""init_state_id"":1,""outcome_dependence"":false,""schema_version"":""ember_writer_stability_rollout_condition_v1"",""suite"":""libero_10"",""task_id"":1,""teacher_demo"":1,""teacher_raw_frames"":252,""teacher_sampled_frames"":52,""test_use"":false}",O1500,common_held,31,False,1
libero_10,1,validation,put both the cream cheese box and the butter in the basket,2,7,7,"[237537544366603088,4377711933226485083,4788660007159805263,17393041038539281,6663540231053520189,5640786627733641716,6657465019700196683,557610952177037896,6990620465574385082,5083340144013246260,5431125978830615161,6771063504230683973,9171636196861380520,6092847668129716701,2633517551440705676,7678200001578988402,1207862821945206703,6905423834438823346,8451344072386187812,7954488185244623399,7419659545470780857,4033453314564488254,8262692835669004409,4338044275411720028,5749216235295601894,2144243427268010703,2726195583078283313,6536632245765142500,6030034414389871759,7208895055044926003,2217444040212311824,8504274990113212780,6821015111846485544,6151758962031277411,5539655904396036590,1734411083081132399,1944860338937866814,3723878479175287422,2121489029533903927,4724699252759105581,8210828354769804888,8219379349200928774,8943552267309242913,5001365223098226299,8574791211410507597,1198132679271159053,696783229804103743,2469720650938780408,7863796595324854571,40578665032007877,207906401635952564,7442488373002408494,7145202880192885009,6187894358791876805,6268169459498638206,1243927226115219108,2995758008844218891,6009473991422210924,5012125767614478739,2626403740146658947,2520420618293281790,2722476508276810225,6840912642664133171,83875925733558605,7089712986038390783,8603608808279576523,5700704723648848733,7853938343515516028,7607005850956452125,6787314053515032945,524117091167867868,7468508234243980107,8997725298965051947,5530287410135940858,395342534446465335,9197979703121896904,6839877507678758060,4193645749647424219,1432438538352840906,6572792808584455210,8997749385902775353,6106476188912778535,3202501799050848954,5543052816613552351,7812759279058855258,3455343860059300031,5191939225307625937,3314743897481995836,8671963553220609745,4068493854088256022,6045642874181940811,2542234573193339791,7145175376455663805,7636246394926315465,2947224322543040359,3825001018252672089,1537923074713159130,3521113722070615648,2789342468843698042,6358115943118138748,589779690775283711,2891160029758315162,3809874528271221723,4056298425238616656]",False,520,94.87024811469018,98.46797432005405,"{""ever_satisfied"":[true,false],""final_satisfied"":[false,false],""peak_satisfied_count"":1,""predicates"":[[""in"",""cream_cheese_1"",""basket_1_contain_region""],[""in"",""butter_1"",""basket_1_contain_region""]],""schema_version"":""ember_pi05_stage_predicate_episode_v1"",""transitions"":[{""satisfied"":[false,false],""step"":0},{""satisfied"":[true,false],""step"":143},{""satisfied"":[false,false],""step"":166},{""satisfied"":[true,false],""step"":183},{""satisfied"":[false,false],""step"":184},{""satisfied"":[true,false],""step"":190},{""satisfied"":[false,false],""step"":193},{""satisfied"":[true,false],""step"":196},{""satisfied"":[false,false],""step"":365},{""satisfied"":[true,false],""step"":375},{""satisfied"":[false,false],""step"":389},{""satisfied"":[true,false],""step"":492},{""satisfied"":[false,false],""step"":506}]}","{""bytes"":164068359,""path"":""<writer-stability-study>/rollouts/e1/O1500/trajectories/libero_10_task_01_state_002.pt"",""replans"":104}","{""asset"":""O1500"",""checkpoint_selection_use"":false,""global_task_id"":31,""init_state_id"":2,""outcome_dependence"":false,""schema_version"":""ember_writer_stability_rollout_condition_v1"",""suite"":""libero_10"",""task_id"":1,""teacher_demo"":2,""teacher_raw_frames"":246,""teacher_sampled_frames"":50,""test_use"":false}",O1500,common_held,31,False,2
libero_10,1,validation,put both the cream cheese box and the butter in the basket,3,7,7,"[1172433371271890943,1977564003530107199,8115592664614019157,6159323659024996084,2519690596343933893,3091526433145304265,4983200605690899963,8777235373924435877,24668664935122978,4738901875664707595,9146685982721738885,8764811733564714342,6635306866755069675,5286559259175742777,5561457748788341118,8896975671599236419,2575262689060700357,6429110907832080416,4108929753508194225,1278920952570853036,1936917704056445379,2542411021763533232,8853479110757827692,869142526677507796,4060095511433873165,6042885968174723371,4337192355065126869,6967237333313553850,9162203836822167091,1868390445493595235,468709751550360953,5295565572124894114,7834904024165627271,7270315595052438460,3386901692833337559,3416748962656713806,1719984605159610797,2396878498197051677,6830277733851247257,7942976674111433413,1536695889054105869,5082661196935383747,1144820361304319481,4542936399383682853,5541067093559189534,529690065245781455,5029462307555248978,2137477655576930501,5321188535125895451,2070104391903597384,834847158006402801,7253483230452966487,1052936468480163351,8552025359293890063,7580603615504933225,1569145745296256517,6137949514422224468,7562660764472843969,409141062691524893,3383973460302621511,4630998784918542100,3899346986818037287,3175265089064140439,4924449011951044938,4156303845325359211,7694900448521195924,1400762935104569802,6960604059106592194,452563245186382647,7754987409397160068,1680669419616164166,849553679760382897]",True,357,65.47461198689416,70.25738875893876,"{""ever_satisfied"":[true,true],""final_satisfied"":[true,true],""peak_satisfied_count"":2,""predicates"":[[""in"",""cream_cheese_1"",""basket_1_contain_region""],[""in"",""butter_1"",""basket_1_contain_region""]],""schema_version"":""ember_pi05_stage_predicate_episode_v1"",""transitions"":[{""satisfied"":[false,false],""step"":0},{""satisfied"":[true,false],""step"":163},{""satisfied"":[true,true],""step"":357}]}","{""bytes"":113586119,""path"":""<writer-stability-study>/rollouts/e1/O1500/trajectories/libero_10_task_01_state_003.pt"",""replans"":72}","{""asset"":""O1500"",""checkpoint_selection_use"":false,""global_task_id"":31,""init_state_id"":3,""outcome_dependence"":false,""schema_version"":""ember_writer_stability_rollout_condition_v1"",""suite"":""libero_10"",""task_id"":1,""teacher_demo"":3,""teacher_raw_frames"":288,""teacher_sampled_frames"":59,""test_use"":false}",O1500,common_held,31,False,3
libero_spatial,5,train,pick up the black bowl on the ramekin and place it on the plate,0,7,7,"[2332885929743906144,78210733290086199,3376592463069148898,7762815535033294232,625510416208986258,3274933733165795718,7831323212908477482,5876748357668257882,1219742529252700978,3198280787423874558,6249066565456398768,1170866556549183009,7172139499213454659,8781504831879024928,8202668504019271104,4242518137201564467,6074743199953778731,3572416567353859243,3948101554073552467,2456074848484716406,2515480201758908000,6752103479293961129,7215025446226185204,419867315998950590,529320435660180835,7318853563378627806,5517754333899680037,6263360992849926639,1720047318602775534,7777319485478269766,6557906389465072226,3711320029471490300,4250064725652837133,2969554618847881582,4307727544405268719,1372467830875306444,8510528787558831859,2838534541106559188,1685529326513934597,2183662958967784552,7146994113559057928,62888092219564004,9166618968524224175,6180584448943975133]",False,220,41.385300836060196,42.48000494763255,"{""ever_satisfied"":[false],""final_satisfied"":[false],""peak_satisfied_count"":0,""predicates"":[[""on"",""akita_black_bowl_1"",""plate_1""]],""schema_version"":""ember_pi05_stage_predicate_episode_v1"",""transitions"":[{""satisfied"":[false],""step"":0}]}","{""bytes"":69415257,""path"":""<writer-stability-study>/rollouts/e1/O1500/trajectories/libero_spatial_task_05_state_000.pt"",""replans"":44}","{""asset"":""O1500"",""checkpoint_selection_use"":false,""global_task_id"":5,""init_state_id"":0,""outcome_dependence"":false,""schema_version"":""ember_writer_stability_rollout_condition_v1"",""suite"":""libero_spatial"",""task_id"":5,""teacher_demo"":0,""teacher_raw_frames"":137,""teacher_sampled_frames"":29,""test_use"":false}",O1500,train,5,False,0
libero_spatial,5,train,pick up the black bowl on the ramekin and place it on the plate,1,7,7,"[2108315156300481109,6305114771558722149,6669850385748815919,1597813286460548712,7256603962091698256,6162984425250244553,7024547178120253095,1894120186701069329,8416214940848459239,6776971739970383916,2003017125639076934,8282448937498330936,3625812035987816419,7680878236674968614,9102634027979643941,2770263705301515055,282655066547685318,1470109964666606529,4854768729180947533,4124903719737178652,1700448181180929760,4490158752597238344]",True,107,24.806549278087914,26.96690928284079,"{""ever_satisfied"":[true],""final_satisfied"":[true],""peak_satisfied_count"":1,""predicates"":[[""on"",""akita_black_bowl_1"",""plate_1""]],""schema_version"":""ember_pi05_stage_predicate_episode_v1"",""transitions"":[{""satisfied"":[false],""step"":0},{""satisfied"":[true],""step"":107}]}","{""bytes"":34708215,""path"":""<writer-stability-study>/rollouts/e1/O1500/trajectories/libero_spatial_task_05_state_001.pt"",""replans"":22}","{""asset"":""O1500"",""checkpoint_selection_use"":false,""global_task_id"":5,""init_state_id"":1,""outcome_dependence"":false,""schema_version"":""ember_writer_stability_rollout_condition_v1"",""suite"":""libero_spatial"",""task_id"":5,""teacher_demo"":1,""teacher_raw_frames"":131,""teacher_sampled_frames"":27,""test_use"":false}",O1500,train,5,False,1
libero_spatial,5,train,pick up the black bowl on the ramekin and place it on the plate,2,7,7,"[3560787555776424136,7226996573937802746,6855028940056842727,5825837294166451036,8732433570626755307,5302160669969465098,4822764827269271930,8522734176745473494,801129458069335042,1019998127984911016,8592203178932525271,767638826384455817,4129916199427641160,8113388187416614587,1009567069286752128,8291526830846242392,6231563887409315064,5202871763461620023,8413557639544490437]",True,95,20.98693614313379,24.281238393858075,"{""ever_satisfied"":[true],""final_satisfied"":[true],""peak_satisfied_count"":1,""predicates"":[[""on"",""akita_black_bowl_1"",""plate_1""]],""schema_version"":""ember_pi05_stage_predicate_episode_v1"",""transitions"":[{""satisfied"":[false],""step"":0},{""satisfied"":[true],""step"":95}]}","{""bytes"":29975395,""path"":""<writer-stability-study>/rollouts/e1/O1500/trajectories/libero_spatial_task_05_state_002.pt"",""replans"":19}","{""asset"":""O1500"",""checkpoint_selection_use"":false,""global_task_id"":5,""init_state_id"":2,""outcome_dependence"":false,""schema_version"":""ember_writer_stability_rollout_condition_v1"",""suite"":""libero_spatial"",""task_id"":5,""teacher_demo"":2,""teacher_raw_frames"":121,""teacher_sampled_frames"":25,""test_use"":false}",O1500,train,5,False,2
libero_spatial,5,train,pick up the black bowl on the ramekin and place it on the plate,3,7,7,"[3621597416465773204,8359337169648245935,5744939891821775059,7086073565515240221,8414104011005972442,1357607194157334646,2457086667379005528,5139625551208531962,1783376984749811127,2203776395258555631,3657205777711994108,7764281548266222437,3692589158748323839,6333526485836836501,7238512290876979597,8252196340216571223,1391771959196485743,6178020184378955223,1721163266043831601,4312768008700186563,2859265695794382997,6257629896877401346,3214259742792075943,1999357425995595611,8867469239714716146,258670271998867373,3128089778059045497,4972603320284032672,3517116997601447791,8458840178778282710,3850010694656790019,6039143352532170053,5728601851165170391,5397310806882260251,2293439605123562986,3944940115202676581,3887942342016073271,7193857442464383750,5977725493914439167,1467464744768087708,4873965942234301875,3138613920958659569,2614654898400994111,1214837462032301007]",False,220,39.007156354840845,43.37105153268203,"{""ever_satisfied"":[false],""final_satisfied"":[false],""peak_satisfied_count"":0,""predicates"":[[""on"",""akita_black_bowl_1"",""plate_1""]],""schema_version"":""ember_pi05_stage_predicate_episode_v1"",""transitions"":[{""satisfied"":[false],""step"":0}]}","{""bytes"":69415257,""path"":""<writer-stability-study>/rollouts/e1/O1500/trajectories/libero_spatial_task_05_state_003.pt"",""replans"":44}","{""asset"":""O1500"",""checkpoint_selection_use"":false,""global_task_id"":5,""init_state_id"":3,""outcome_dependence"":false,""schema_version"":""ember_writer_stability_rollout_condition_v1"",""suite"":""libero_spatial"",""task_id"":5,""teacher_demo"":3,""teacher_raw_frames"":121,""teacher_sampled_frames"":25,""test_use"":false}",O1500,train,5,False,3
libero_spatial,7,train,pick up the black bowl on the stove and place it on the plate,0,7,7,"[8860512939643002952,7305892915116313584,6600149728612776307,8752014322555712292,9159443665344864132,3748566440965895194,673031707609208575,4382847811375432032,3183953177240202152,4827959849555365684,8027860632661586452,523990053016017450,9085873970308404896,8932401287869707718,3414090784665512976,7516448465408070827,1406352271980649565,7521697099492649814,4462510421249513874,3876035414895575679,5299465691909999882,8781439129847774454,6686528434166226194]",True,111,26.669871719088405,27.83490482904017,"{""ever_satisfied"":[true],""final_satisfied"":[true],""peak_satisfied_count"":1,""predicates"":[[""on"",""akita_black_bowl_1"",""plate_1""]],""schema_version"":""ember_pi05_stage_predicate_episode_v1"",""transitions"":[{""satisfied"":[false],""step"":0},{""satisfied"":[true],""step"":111}]}","{""bytes"":36285802,""path"":""<writer-stability-study>/rollouts/e1/O1500/trajectories/libero_spatial_task_07_state_000.pt"",""replans"":23}","{""asset"":""O1500"",""checkpoint_selection_use"":false,""global_task_id"":7,""init_state_id"":0,""outcome_dependence"":false,""schema_version"":""ember_writer_stability_rollout_condition_v1"",""suite"":""libero_spatial"",""task_id"":7,""teacher_demo"":0,""teacher_raw_frames"":155,""teacher_sampled_frames"":32,""test_use"":false}",O1500,train,7,False,0
libero_spatial,7,train,pick up the black bowl on the stove and place it on the plate,1,7,7,"[4534021060883521833,9026905912977082461,4808555720481214932,8503670798955834384,5972345743408122066,8838525188849991096,2856101562254632339,4482595906452315814,3434188169977942467,7985418067034188883,9097367675132806926,2058352380433547633,3431551927526130333,8808354954499189918,557616745451118471,7019629026487755929,5921363881277097403,8825026556377032831,2264481834634252451,457293413597673605,3581166459691132976,6043476433407198372,8252721951464966321,5977862060771975128,1996687696070853151]",True,123,29.09965218277648,31.321236076764762,"{""ever_satisfied"":[true],""final_satisfied"":[true],""peak_satisfied_count"":1,""predicates"":[[""on"",""akita_black_bowl_1"",""plate_1""]],""schema_version"":""ember_pi05_stage_predicate_episode_v1"",""transitions"":[{""satisfied"":[false],""step"":0},{""satisfied"":[true],""step"":123}]}","{""bytes"":39440976,""path"":""<writer-stability-study>/rollouts/e1/O1500/trajectories/libero_spatial_task_07_state_001.pt"",""replans"":25}","{""asset"":""O1500"",""checkpoint_selection_use"":false,""global_task_id"":7,""init_state_id"":1,""outcome_dependence"":false,""schema_version"":""ember_writer_stability_rollout_condition_v1"",""suite"":""libero_spatial"",""task_id"":7,""teacher_demo"":1,""teacher_raw_frames"":125,""teacher_sampled_frames"":26,""test_use"":false}",O1500,train,7,False,1
libero_spatial,7,train,pick up the black bowl on the stove and place it on the plate,2,7,7,"[2716251375073171738,8049712028238188176,1598961167065654123,4755763789268781435,4646857958709024522,6914225840622955044,5573874959127695675,7114826051942459516,4493222236179623310,6151224640883173422,1308415051361516778,9096980738005567473,8228643533572900652,7691863563192459793,7592960794211444420,9056922484206779306,2234326808775397208,4827621346943853126,5758187805781238965,887643835648115926,4246874755487696912,3883115485969714727,2540104280623826014,1193382702733136726,7839651454512889570,2752705616438492218,6596127430420649144,8011189765139562093,7657678188807738705]",True,142,30.31505893310532,33.55765208415687,"{""ever_satisfied"":[true],""final_satisfied"":[true],""peak_satisfied_count"":1,""predicates"":[[""on"",""akita_black_bowl_1"",""plate_1""]],""schema_version"":""ember_pi05_stage_predicate_episode_v1"",""transitions"":[{""satisfied"":[false],""step"":0},{""satisfied"":[true],""step"":142}]}","{""bytes"":45751324,""path"":""<writer-stability-study>/rollouts/e1/O1500/trajectories/libero_spatial_task_07_state_002.pt"",""replans"":29}","{""asset"":""O1500"",""checkpoint_selection_use"":false,""global_task_id"":7,""init_state_id"":2,""outcome_dependence"":false,""schema_version"":""ember_writer_stability_rollout_condition_v1"",""suite"":""libero_spatial"",""task_id"":7,""teacher_demo"":2,""teacher_raw_frames"":124,""teacher_sampled_frames"":26,""test_use"":false}",O1500,train,7,False,2
libero_spatial,7,train,pick up the black bowl on the stove and place it on the plate,3,7,7,"[6262820076752428103,4647141719007556199,2558909064595167663,1436225617566126154,5331028542787216864,1700471507057443990,3493721523755451788,2886529366537706207,6967346967983560001,5617073074102920609,5984865832338637220,8559952677090218467,3832477420239482378,176646764400085765,6848534797422537363,4932562024647258224,5609398224426934900,4717874863988391871,3495055827177260515,7918636031778131271,3293542358724567982,7135344104179070012,8594750535769308648,3068481545553526444]",True,116,25.89291605213657,30.127316941972822,"{""ever_satisfied"":[true],""final_satisfied"":[true],""peak_satisfied_count"":1,""predicates"":[[""on"",""akita_black_bowl_1"",""plate_1""]],""schema_version"":""ember_pi05_stage_predicate_episode_v1"",""transitions"":[{""satisfied"":[false],""step"":0},{""satisfied"":[true],""step"":116}]}","{""bytes"":37863389,""path"":""<writer-stability-study>/rollouts/e1/O1500/trajectories/libero_spatial_task_07_state_003.pt"",""replans"":24}","{""asset"":""O1500"",""checkpoint_selection_use"":false,""global_task_id"":7,""init_state_id"":3,""outcome_dependence"":false,""schema_version"":""ember_writer_stability_rollout_condition_v1"",""suite"":""libero_spatial"",""task_id"":7,""teacher_demo"":3,""teacher_raw_frames"":191,""teacher_sampled_frames"":39,""test_use"":false}",O1500,train,7,False,3
libero_object,2,train,pick up the salad dressing and place it in the basket,0,7,7,"[926971204240776524,8852970192180508234,7594642915430612756,6949624471219738414,8678418478545596585,7955862672732622887,3105327838272853580,6211554433824911803,6656189574454732066,5578928989321598728,5992228228138252069,1563889852935576123,2143145904404040586,166840200037075020,8136154808220516449,8394378735983203648,6806365180665921169,3588972006584734615,8041013076229572720,3899524213718088049,1060033558408845916,1474019411076631326,4030917986631749338,1920393417184737037,6555893101066362251,4074366801348485076,9103703520426295733,5289540875458414095,3365390134638702452,4761972337007149352,4642007772747823066,7595541929468217684]",True,157,29.931103894952685,31.028213060926646,"{""ever_satisfied"":[true],""final_satisfied"":[true],""peak_satisfied_count"":1,""predicates"":[[""in"",""salad_dressing_1"",""basket_1_contain_region""]],""schema_version"":""ember_pi05_stage_predicate_episode_v1"",""transitions"":[{""satisfied"":[false],""step"":0},{""satisfied"":[true],""step"":157}]}","{""bytes"":50483983,""path"":""<writer-stability-study>/rollouts/e1/O1500/trajectories/libero_object_task_02_state_000.pt"",""replans"":32}","{""asset"":""O1500"",""checkpoint_selection_use"":false,""global_task_id"":12,""init_state_id"":0,""outcome_dependence"":false,""schema_version"":""ember_writer_stability_rollout_condition_v1"",""suite"":""libero_object"",""task_id"":2,""teacher_demo"":0,""teacher_raw_frames"":137,""teacher_sampled_frames"":29,""test_use"":false}",O1500,train,12,False,0
libero_object,2,train,pick up the salad dressing and place it in the basket,1,7,7,"[1901561695000682192,2003766107740913469,8755200202034928571,3133797423555193730,8435314461711372540,5267886066226551003,695848683296115357,2713319643480232557,9188174131248631266,1362528486973096986,6839078978808543802,220334253274724613,73283253109529949,4947001090250361269,632322592973956895,1917767870106579780,4306378780912509961,7511429792504407578,8536027760756004605,2182079769965389270,3975142908658168401,2565459673285321056,3189876221184975315,6453834132575965793,1774322765775069461,2843693022487972725,7373677649854649301,3086439080011965080,8152262382344389222,5717011585812009083,4119944326188867785,1323441598191467120,1889714953393603785,5191220327495673327,7694156533531543963,7495959713903553051,6783463270577461664,8756921786846037510,8112098236217851224,8200168533135899433,2028940080133672165,2024310360713863999,3994415375352535725,6664617973221683548,6655741272199419378,907258625021504820,8948112858356337270,8644386923918930220,7481039100869315351,3011156613347040234,1582254911761359315,5472288417531588728,4781665992265395053,6631220592358479453,4037821958267693051,3636440491695181790]",False,280,43.253372059203684,45.50527503620833,"{""ever_satisfied"":[false],""final_satisfied"":[false],""peak_satisfied_count"":0,""predicates"":[[""in"",""salad_dressing_1"",""basket_1_contain_region""]],""schema_version"":""ember_pi05_stage_predicate_episode_v1"",""transitions"":[{""satisfied"":[false],""step"":0}]}","{""bytes"":88346143,""path"":""<writer-stability-study>/rollouts/e1/O1500/trajectories/libero_object_task_02_state_001.pt"",""replans"":56}","{""asset"":""O1500"",""checkpoint_selection_use"":false,""global_task_id"":12,""init_state_id"":1,""outcome_dependence"":false,""schema_version"":""ember_writer_stability_rollout_condition_v1"",""suite"":""libero_object"",""task_id"":2,""teacher_demo"":1,""teacher_raw_frames"":124,""teacher_sampled_frames"":26,""test_use"":false}",O1500,train,12,False,1
libero_object,2,train,pick up the salad dressing and place it in the basket,2,7,7,"[819876312240355918,7393526760793077091,8219609591024630774,678086930081810191,5378668988763670442,8562896929448108889,7952206833824424980,6153578163397244934,8600353560611264702,5360519908927206101,1677456591289604523,4312131950909776386,1300295824871377689,8889213098818255465,506148884820736663,2789678235081217361,2700613037678503463,8166941857721968609,884944661215142797,4953819884431911953,4135886623190422532,4445636141886008669,4937543429469994179]",True,111,20.661385129205883,23.882029321044683,"{""ever_satisfied"":[true],""final_satisfied"":[true],""peak_satisfied_count"":1,""predicates"":[[""in"",""salad_dressing_1"",""basket_1_contain_region""]],""schema_version"":""ember_pi05_stage_predicate_episode_v1"",""transitions"":[{""satisfied"":[false],""step"":0},{""satisfied"":[true],""step"":111}]}","{""bytes"":36285681,""path"":""<writer-stability-study>/rollouts/e1/O1500/trajectories/libero_object_task_02_state_002.pt"",""replans"":23}","{""asset"":""O1500"",""checkpoint_selection_use"":false,""global_task_id"":12,""init_state_id"":2,""outcome_dependence"":false,""schema_version"":""ember_writer_stability_rollout_condition_v1"",""suite"":""libero_object"",""task_id"":2,""teacher_demo"":2,""teacher_raw_frames"":129,""teacher_sampled_frames"":27,""test_use"":false}",O1500,train,12,False,2
libero_object,2,train,pick up the salad dressing and place it in the basket,3,7,7,"[8639434405770398152,205919488606740875,2501948881802714263,5069929753859729762,3302366391688415942,9001581433863466647,9100694176453527499,328107878187802325,765954685160989904,6696427461794402730,3918120898880784857,907785793522543587,4121862568451884869,8672988666222239330,6314501926142379404,7414403981683438948,8881091179082601343,1875116340184474766,1900830040124490039,1950079712428461041,2516449151849810246,2310421115796619497,9054438725339839852,300142070450751365,7502943848515967706,7525226907824315211,1579069792832207232,2126256233270394446,200425568793567960,1473398849984927838,256974336133703160,2579939327168962525,7516160650261415276,5804312339824171996,1125953436632123172,8972614325382409897,6585408981715560279,8657870435269572251,4359114053935924699,4358653051936709503,8564780160120538480,5772594916368460674,2487848699716086663,6540382024773083440,6087995028654358106,1509307301461323395,3132709909459763677,5386500077548155145,8902967546907806115,5367969233733623052,8661713807828836874,8865162749370189000,9001557041549757974,7615066434818214185,5998747412507569924,1772336693234564772]",False,280,42.13207986811176,46.37344796722755,"{""ever_satisfied"":[false],""final_satisfied"":[false],""peak_satisfied_count"":0,""predicates"":[[""in"",""salad_dressing_1"",""basket_1_contain_region""]],""schema_version"":""ember_pi05_stage_predicate_episode_v1"",""transitions"":[{""satisfied"":[false],""step"":0}]}","{""bytes"":88346143,""path"":""<writer-stability-study>/rollouts/e1/O1500/trajectories/libero_object_task_02_state_003.pt"",""replans"":56}","{""asset"":""O1500"",""checkpoint_selection_use"":false,""global_task_id"":12,""init_state_id"":3,""outcome_dependence"":false,""schema_version"":""ember_writer_stability_rollout_condition_v1"",""suite"":""libero_object"",""task_id"":2,""teacher_demo"":3,""teacher_raw_frames"":125,""teacher_sampled_frames"":26,""test_use"":false}",O1500,train,12,False,3
libero_10,7,train,put both the alphabet soup and the cream cheese box in the basket,0,7,7,"[907041501630148667,4612298201938112620,7281379436564235312,8338984819693199724,2296327197964993479,1274874525767175883,1421085673004716131,8425219134706071258,2062056564332073825,3071823040802638185,7938505278379970267,3522984377378569669,5154699334473623640,5638591476749275226,7552400992327635367,4732095005522759435,548401318343329476,267082782734891939,5857808572556056244,728457632512888542,2479756125584198374,4267585010630026791,3441643870553481288,8467915757498431008,5439084353704905879,2429549296788933905,55074050952303357,7067922698958479450,3148481196641040200,7928035374902457223,2440436879351599588,3729017454671572477,656442492107433950,6368157897057010948,3464442594792354172,1280125980264144632,8474274633303663975,4870810077541056637,7166101728600443393,369158490192561197,764757969214367234,3552159545576718613,994019392606449986,7808204169934001903,6396956296601003891,2148627265909606181,3392973609910076788,7144436042418807983,5348980458885744959,4710379024947167801,2102325676071880200,7802958165199808900,7461942172918253974,1218388398405274306,392458831657878906,6590274664344723069]",True,280,52.21977225737646,53.2731667063199,"{""ever_satisfied"":[true,true],""final_satisfied"":[true,true],""peak_satisfied_count"":2,""predicates"":[[""in"",""alphabet_soup_1"",""basket_1_contain_region""],[""in"",""cream_cheese_1"",""basket_1_contain_region""]],""schema_version"":""ember_pi05_stage_predicate_episode_v1"",""transitions"":[{""satisfied"":[false,false],""step"":0},{""satisfied"":[true,false],""step"":142},{""satisfied"":[true,true],""step"":280}]}","{""bytes"":88344999,""path"":""<writer-stability-study>/rollouts/e1/O1500/trajectories/libero_10_task_07_state_000.pt"",""replans"":56}","{""asset"":""O1500"",""checkpoint_selection_use"":false,""global_task_id"":37,""init_state_id"":0,""outcome_dependence"":false,""schema_version"":""ember_writer_stability_rollout_condition_v1"",""suite"":""libero_10"",""task_id"":7,""teacher_demo"":0,""teacher_raw_frames"":242,""teacher_sampled_frames"":50,""test_use"":false}",O1500,train,37,False,0
libero_10,7,train,put both the alphabet soup and the cream cheese box in the basket,1,7,7,"[6054502716598075368,3373274192069980437,3185364884059471209,3608991073448512685,517748803206916309,9010808168683658860,3969398306279785984,4655120805785931556,7448513816754508384,6099694596918001882,2806494977354897077,1697037100477914334,3569436727247049860,9001816453034556463,5893953901839926098,379451450119823168,8132891434927867249,2722460681803149974,1058756159028552051,8444513812763477876,6323003568009789490,52925706232198483,3407496001400737197,794108315628650049,1689708956482017287,6306014752980090556,222897003135104657,8970068682809487284,4922052258049670881,8302988477073037773,1401187420163282846,5228472353476866614,4162134272585034759,6051809908143140903,714351754922177042,7991097623387708277,3396592449574138399,858780414343094743,1449441676156483277,3888627651511577075,155784254709717277,6010283337508566400,3779320978360101683,4318483056333515657,4692049277477932425,1941648099277504086,6553702964953029061,4236415250678739318,6518696491373012657,190199796422483962,8469442507697709941,7455061427177288459,4234408307774238832,4590956702557915850,6208500787622481845,3636122027318942685,2679645038158141695,5819158568058406159,1802602973444189485,3831144166720032239]",True,298,55.39094471279532,57.421251262072474,"{""ever_satisfied"":[true,true],""final_satisfied"":[true,true],""peak_satisfied_count"":2,""predicates"":[[""in"",""alphabet_soup_1"",""basket_1_contain_region""],[""in"",""cream_cheese_1"",""basket_1_contain_region""]],""schema_version"":""ember_pi05_stage_predicate_episode_v1"",""transitions"":[{""satisfied"":[false,false],""step"":0},{""satisfied"":[true,false],""step"":165},{""satisfied"":[true,true],""step"":298}]}","{""bytes"":94655247,""path"":""<writer-stability-study>/rollouts/e1/O1500/trajectories/libero_10_task_07_state_001.pt"",""replans"":60}","{""asset"":""O1500"",""checkpoint_selection_use"":false,""global_task_id"":37,""init_state_id"":1,""outcome_dependence"":false,""schema_version"":""ember_writer_stability_rollout_condition_v1"",""suite"":""libero_10"",""task_id"":7,""teacher_demo"":1,""teacher_raw_frames"":290,""teacher_sampled_frames"":59,""test_use"":false}",O1500,train,37,False,1
libero_10,7,train,put both the alphabet soup and the cream cheese box in the basket,2,7,7,"[1141831798795922170,476116436293911919,8237067642382420058,8506762262383606495,8118914937716207702,6284120947842339944,5004368348949994857,2575816952202784325,8399303744084685300,3438407395270645068,4847004481919487525,4778235962858992395,2987713141466338533,7585356651342685923,6087824187240540081,2465977945630732666,818275127846322222,4361172374205476552,1363189026606831070,7707235255140555837,237400437888141885,1146283858514531568,3850848674028441834,650811130426090841,6160135171061725906,3483504987025845820,6498816732458390038,7218577709392159996,7128287944051605903,50186553606729547,703871423265154097,6748925175270680900,62943701319998776,8871551844684075718,6246572900359449399,6724406725943219299,7589562940788109256,1311415916896953251,8538578553698842348,8590143181027533353,1727269024583300655,8874194122223207471,1494456880129197172,1258027500909655032,2123678301846287987,6615294656067858141,5292781605920597399,6766452077574426209,4106142271637509256,7944857383135646459,2758304030882941327,1233962433497190800,5931477854873810331,1925478660043407668,2134106801114080327,4348801145395112301,6160679031719540698,3369816591660648786,2280960161367007601,557433821533756898]",True,298,55.25471217883751,58.256780540104955,"{""ever_satisfied"":[true,true],""final_satisfied"":[true,true],""peak_satisfied_count"":2,""predicates"":[[""in"",""alphabet_soup_1"",""basket_1_contain_region""],[""in"",""cream_cheese_1"",""basket_1_contain_region""]],""schema_version"":""ember_pi05_stage_predicate_episode_v1"",""transitions"":[{""satisfied"":[false,false],""step"":0},{""satisfied"":[true,false],""step"":174},{""satisfied"":[true,true],""step"":298}]}","{""bytes"":94655247,""path"":""<writer-stability-study>/rollouts/e1/O1500/trajectories/libero_10_task_07_state_002.pt"",""replans"":60}","{""asset"":""O1500"",""checkpoint_selection_use"":false,""global_task_id"":37,""init_state_id"":2,""outcome_dependence"":false,""schema_version"":""ember_writer_stability_rollout_condition_v1"",""suite"":""libero_10"",""task_id"":7,""teacher_demo"":2,""teacher_raw_frames"":246,""teacher_sampled_frames"":50,""test_use"":false}",O1500,train,37,False,2
libero_10,7,train,put both the alphabet soup and the cream cheese box in the basket,3,7,7,"[2564337726511075081,5588539802720706177,8775329953075666572,5502734918043840715,2092305860409775971,409625624490978284,4085299268941489435,8537830137714499300,568405597646791332,7423717016718826754,3915870455637148669,2898978858585350803,4397789666744193489,2082563152445061563,4581449232139627278,3122536630266406140,402405693449307991,5333397642091636170,4281490812767731821,1427349246640133864,2491309653112030774,522460717354252433,3125383268646429144,7478539731247921594,5371076715465631031,7506666998267534558,916571016847850532,8462493505229270233,1275308000854540889,302180627571622010,5418315110241812777,5655448071561038713,1171241367948681616,3039543837268948738,8310244414432532984,6347707175048813495,1089396369855840143,6191562696556655605,1307279807344854794,4573733249512577896,3781442485052134047,4904651705656643174,3964760207791545460,4888267404949723309,5708215700067311094,93351870594750137,7590328213776734030,2376818188200500100,8033740422074731563,8833071520693473000,3900278425239308475,6285770524664953689,298215509636217961,7524413092535480125,1924834980762599057,5353770390211977189,5775369009135924867,4983960296733771645,40860364176140609,8913189508617915024,1653597497255095179,5228244224918912755,7952889457035110258,2998638369209666747,7360675218213687924,3960161747503774333,1162121901720168574,2771401518294943291,494829771310993070,1016663463374572010,5221300783558526386,3566105101420442845,2496767167296237965,2022532979888013655,7570518909759524339,2735949389879153538,9105492749033457927,5412777787333337721,119534179516599881,5819652029600558410,2246517444466848572,1596380778975994481,1338579922064022058,2603405220912974990,5663788447106072631,4672507471840626590,8145653830112058190,486078702135903794,3280033746944948631,7467581260173456463,4338782030418425116,2037733434139655232,8367183244256398486,6074121470605164128,6471962946093271814,8760919547051329777,1426197829903420392,6525226390880203438,4334216163813253032,5716428432204494209,8045796856932139703,1940061399356146172,8803015403780318604,7112992690418151429]",False,520,74.18297267192975,78.18058864632621,"{""ever_satisfied"":[false,false],""final_satisfied"":[false,false],""peak_satisfied_count"":0,""predicates"":[[""in"",""alphabet_soup_1"",""basket_1_contain_region""],[""in"",""cream_cheese_1"",""basket_1_contain_region""]],""schema_version"":""ember_pi05_stage_predicate_episode_v1"",""transitions"":[{""satisfied"":[false,false],""step"":0}]}","{""bytes"":164068359,""path"":""<writer-stability-study>/rollouts/e1/O1500/trajectories/libero_10_task_07_state_003.pt"",""replans"":104}","{""asset"":""O1500"",""checkpoint_selection_use"":false,""global_task_id"":37,""init_state_id"":3,""outcome_dependence"":false,""schema_version"":""ember_writer_stability_rollout_condition_v1"",""suite"":""libero_10"",""task_id"":7,""teacher_demo"":3,""teacher_raw_frames"":279,""teacher_sampled_frames"":57,""test_use"":false}",O1500,train,37,False,3
libero_90,3,meta_train,put the butter at the back in the top drawer of the cabinet and close it,0,7,7,"[3463252452235991221,2337350760912150312,8161855968009784438,8214055746421606667,1542958794424955060,1596371316421749689,3300839992879728970,1515216923558476676,8888616565337359682,3989284990074701907,2047032325460580723,208746576969330771,7795845198237565512,4976912510760930834,7677423444143065202,8437475311278861364,2992029420982994691,8540929155291270607,8857381824075531757,6717524333376369801,318682629911040204,8238151636016414989,9078950066631763160,6879576329745308635,4784715550055640506,3237121610935137325,275944231883205180,5679325194804583127,4967419413390713644,2167890266506144336,5863705567279506357,7761565759944990785,749883301249389933,7745405932829170145,6976429834935865508,4224780568260474079,3082579395966673195,4444291559591529242,3378334455998234911,7961691266153444905,4124259173913512252,833317639180748350,3217108074690754645,3607908681784261282,2206642858479643219,2257833335526743994,6159907326730237897,6014151386682797684,4444814980151198423,494273962248739412,5387391762731679374,4207960682978792606,6253913212662190257,680051005274234807,5755190560437176166,7752735209539649131,4499854443646442154,5578719532408161934,8387465158339274941,6932021039332671545,498379322178770448,516760205738439424,8018227530473659407,7836243701259509544,389340132735599459,8156519216678610539,1818112252648014313,2768731340793173021,3266159983024997747,7767239205487080919,1389214168505661593,8512610166659998821,2025168984122265854,2128898246343102261,6595893810663968719,2209556388422789011,2655910356153951709,2102889133934450867,857562532889934394,4749325289428225232]",False,400,68.86165285203606,69.8964943322353,"{""ever_satisfied"":[false,true],""final_satisfied"":[false,false],""peak_satisfied_count"":1,""predicates"":[[""in"",""butter_2"",""wooden_cabinet_1_top_region""],[""close"",""wooden_cabinet_1_top_region""]],""schema_version"":""ember_pi05_stage_predicate_episode_v1"",""transitions"":[{""satisfied"":[false,false],""step"":0},{""satisfied"":[false,true],""step"":205},{""satisfied"":[false,false],""step"":214}]}","{""bytes"":126206679,""path"":""<writer-stability-study>/rollouts/e1/O1500/trajectories/libero_90_task_03_state_000.pt"",""replans"":80}","{""asset"":""O1500"",""checkpoint_selection_use"":false,""global_task_id"":43,""init_state_id"":0,""outcome_dependence"":false,""schema_version"":""ember_writer_stability_rollout_condition_v1"",""suite"":""libero_90"",""task_id"":3,""teacher_demo"":0,""teacher_raw_frames"":183,""teacher_sampled_frames"":38,""test_use"":false}",O1500,train,43,True,0
libero_90,3,meta_train,put the butter at the back in the top drawer of the cabinet and close it,1,7,7,"[1744563937202573523,1501003248594690273,4253770601318701296,569720763052505910,299951401507768706,4043973426313508183,8115517137211960739,162191702331670159,3187597477918770790,4281690915880607494,1581939060727012639,6615223608210381767,740238587186198268,4940629726328038995,5365514443359147225,2607753611118602531,3753150467719338450,7704083716949971615,2439358823286897676,8744672896785378582,3236819262618452874,8946988731821132698,1129383953514847038,3682261918095857997,2894654045154240909,3754117739133419628,7384586953620171694,934313948325649401,4470262752704418924,8616903928537340804,8502319734231964819,666073978247704497,4632206942576607149,5717284662142015458,3714063673190115246,8956307803125253506,3006628929142561915,7221847654967489809,8810540623657208093,4987444605859592822,8510236322019906113,1645155789097810721,2338417431097479678,5184122402600124683,8248378395996744609,4154410740635730229,3212729081858374170,3290179764328841330,3965088169182855839,7778407970895099842,1887935274734365856,5298254513216022455,6708291835253940653,7503563274835975588,1275802730566037733,2105205285945811199,6507750431272380395,5300150638411956224,2743367277329917707,7146175411066914808,2125538946275256949,5203068838537854607,8930467415322172262,3926994520100602731,3604152635855828965,5693288806760571001,144643616978297979,6507439242720680948,1776958691228115775,1339647855977536959,7510271815279146723,3747459138505968126,8904326392794307666,7420229589559841585,4767937041690697535,283088200525881925,7991439676075133577,1000234148043899946,7636747624529989313,907323717247090788]",False,400,69.61891675041988,71.59117138339207,"{""ever_satisfied"":[false,true],""final_satisfied"":[false,false],""peak_satisfied_count"":1,""predicates"":[[""in"",""butter_2"",""wooden_cabinet_1_top_region""],[""close"",""wooden_cabinet_1_top_region""]],""schema_version"":""ember_pi05_stage_predicate_episode_v1"",""transitions"":[{""satisfied"":[false,false],""step"":0},{""satisfied"":[false,true],""step"":177},{""satisfied"":[false,false],""step"":253},{""satisfied"":[false,true],""step"":263},{""satisfied"":[false,false],""step"":267},{""satisfied"":[false,true],""step"":274},{""satisfied"":[false,false],""step"":276},{""satisfied"":[false,true],""step"":281},{""satisfied"":[false,false],""step"":316},{""satisfied"":[false,true],""step"":317},{""satisfied"":[false,false],""step"":347},{""satisfied"":[false,true],""step"":359},{""satisfied"":[false,false],""step"":364},{""satisfied"":[false,true],""step"":367},{""satisfied"":[false,false],""step"":374}]}","{""bytes"":126206679,""path"":""<writer-stability-study>/rollouts/e1/O1500/trajectories/libero_90_task_03_state_001.pt"",""replans"":80}","{""asset"":""O1500"",""checkpoint_selection_use"":false,""global_task_id"":43,""init_state_id"":1,""outcome_dependence"":false,""schema_version"":""ember_writer_stability_rollout_condition_v1"",""suite"":""libero_90"",""task_id"":3,""teacher_demo"":1,""teacher_raw_frames"":204,""teacher_sampled_frames"":42,""test_use"":false}",O1500,train,43,True,1
libero_90,3,meta_train,put the butter at the back in the top drawer of the cabinet and close it,2,7,7,"[8949149783415477956,4516295665246213560,2052271694247586027,9011631737548241417,97854790008320753,451153564187916741,7478978813103900898,6827742394449694272,5265033022042814656,4779545910765386669,7291454868160903245,3532146457711357421,515814491144078332,5353791895988005663,9177168810835222914,1461779550137009919,5217533246683209881,1110883722056685302,2303758629452565078,4169525421616883259,5762972253255117270,4794296292723991611,8831835289473304312,1882595891243347702,6381697104859554636,6596537141792510128,2562888767021537259,1324141186910733951,2559933900609270726,6369406974844891187,1715250129649892035,6730461007539867397,4516266053431266601,1987629881003342778,1366942092025472909,1738107904990757080,878724989845806844,1908349298537296261,591494065079378071,1667493261491008833,1698506524855950881,2094966695086682028,2684680598303409598,3682240701770333893]",True,216,39.3495514690876,42.50465880613774,"{""ever_satisfied"":[true,true],""final_satisfied"":[true,true],""peak_satisfied_count"":2,""predicates"":[[""in"",""butter_2"",""wooden_cabinet_1_top_region""],[""close"",""wooden_cabinet_1_top_region""]],""schema_version"":""ember_pi05_stage_predicate_episode_v1"",""transitions"":[{""satisfied"":[false,false],""step"":0},{""satisfied"":[true,false],""step"":153},{""satisfied"":[true,true],""step"":216}]}","{""bytes"":69414127,""path"":""<writer-stability-study>/rollouts/e1/O1500/trajectories/libero_90_task_03_state_002.pt"",""replans"":44}","{""asset"":""O1500"",""checkpoint_selection_use"":false,""global_task_id"":43,""init_state_id"":2,""outcome_dependence"":false,""schema_version"":""ember_writer_stability_rollout_condition_v1"",""suite"":""libero_90"",""task_id"":3,""teacher_demo"":2,""teacher_raw_frames"":192,""teacher_sampled_frames"":40,""test_use"":false}",O1500,train,43,True,2
libero_90,3,meta_train,put the butter at the back in the top drawer of the cabinet and close it,3,7,7,"[7651768545572637715,6161840396780171273,7420522035630377698,4813783927730722896,504440707359276581,6188150381031820380,1223803399051135748,9071052554598033143,2396889014121382845,4714588644222333176,8479653659298575339,7855191326611046952,8815148813862802069,5001768183440279061,7178059187328081817,3968136500852849457,1185203120713699143,6942352699286990126,2176170967586434151,897921513238953363,1064161261037201245,5237896237038674831,7314659813647221297,1738801032116300039,6333181731290128289,8111096248653864716,5003384711985266267,419656461522239408,1660339732341947286,640093438282713766,7788775845966152494,4395353035831801662,2702145275747755233,2478275201709502044,3414601058040419149,5628831860810843744,8179241931287249360,4384360308685891379,1647073478254193420,5300336582738035862,1707240472372049738,8555722480350531284,2310659398203273432,9048205864033033145,8911773768155820710,1594757096113566070,8765477809766249420,927796054540556582,5209680230217350051,5663034754363408693,3325553221129360027,4762867061123225849,6921241689805806562,7755223804378528285,5368172492863229683,8931477689438513573,1944014871362582973,6137897178122354738,6071279996517879672,8573162128574337905,4456203530398862133,565884713441670535,7367099577152033098,5357933737869570371,4507099469149128442,7393250786646016222,9195009500076863472,5762114947566821924,2028477200131848310,234110851245264827,948152031683757950,6997362678454334468,9125825077918176083,5831993327393128284,2186898617000543732,3762920398732679823,4086351856774511542,4994099176546202,927571300576104095,3435876652092943663]",False,400,71.5841547367163,75.56304014613852,"{""ever_satisfied"":[false,true],""final_satisfied"":[false,true],""peak_satisfied_count"":1,""predicates"":[[""in"",""butter_2"",""wooden_cabinet_1_top_region""],[""close"",""wooden_cabinet_1_top_region""]],""schema_version"":""ember_pi05_stage_predicate_episode_v1"",""transitions"":[{""satisfied"":[false,false],""step"":0},{""satisfied"":[false,true],""step"":195}]}","{""bytes"":126206679,""path"":""<writer-stability-study>/rollouts/e1/O1500/trajectories/libero_90_task_03_state_003.pt"",""replans"":80}","{""asset"":""O1500"",""checkpoint_selection_use"":false,""global_task_id"":43,""init_state_id"":3,""outcome_dependence"":false,""schema_version"":""ember_writer_stability_rollout_condition_v1"",""suite"":""libero_90"",""task_id"":3,""teacher_demo"":3,""teacher_raw_frames"":204,""teacher_sampled_frames"":42,""test_use"":false}",O1500,train,43,True,3
libero_90,56,meta_train,pick up the butter and put it in the tray,0,7,7,"[2226032360068530699,4551069448295705575,6713942495031054896,1662112725463687164,373361830260579180,8292647550689012877,8436317902454726093,8501378697313634874,8124132530273666966,5638917457186611740,1059257555335924615,6416102671014831190,8457364500328720160,2622895026754486846]",True,66,14.698475165758282,15.710459136869758,"{""ever_satisfied"":[true],""final_satisfied"":[true],""peak_satisfied_count"":1,""predicates"":[[""in"",""butter_1"",""wooden_tray_1_contain_region""]],""schema_version"":""ember_pi05_stage_predicate_episode_v1"",""transitions"":[{""satisfied"":[false],""step"":0},{""satisfied"":[true],""step"":66}]}","{""bytes"":22087105,""path"":""<writer-stability-study>/rollouts/e1/O1500/trajectories/libero_90_task_56_state_000.pt"",""replans"":14}","{""asset"":""O1500"",""checkpoint_selection_use"":false,""global_task_id"":96,""init_state_id"":0,""outcome_dependence"":false,""schema_version"":""ember_writer_stability_rollout_condition_v1"",""suite"":""libero_90"",""task_id"":56,""teacher_demo"":0,""teacher_raw_frames"":103,""teacher_sampled_frames"":22,""test_use"":false}",O1500,train,96,True,0
libero_90,56,meta_train,pick up the butter and put it in the tray,1,7,7,"[8119243783633441076,7282820214086490810,2177062340765572968,6644618112071839899,5016145634526778955,8353232097943047893,2133318581563068807,1193810775646674988,1967520375173541613,6912678257968729808,7997292861180836513,5121747281817651262,2063515351896371617,7102316997633699308,6015033311259852099,5178981702938774623,3469980291986919451,1674122639287342837,3185747952627351450,1065956918623959191,3199580067103336050,4382962611759648082,8191405247249046792,2936695958337940016,2775227383321427812,6136069204063448546,4101139518457760775,3598820477494522188,3965337603063869777,7372624707383658714,4313280016330537599,1995965039669945177,4603644842749468025,6884017475770369394,7217432697158142430,5686645984206238313,5905973378916864177,5364460471758985150,1320253687758001774,2206615404040734473,6174521659634714870,1285745764834757429,3746049688618037041,4398790616699560720,7605304090562535663,6416183117190387298,8121857453285752986,4864939637493274227,115727093342577479,1333167760254945918,5910468028782571559,5856232554334683085,8562653304205502460,55045476816398248,8349004237745614282,2372308783658830972,4530359531358903685,3971074643149214239,7359960156630588487,3467657856359421240,4941429171463781747,6728861615797011590,2668790930609012787,7143632704417995947,2263388254370575862,451692013445196796,2761359631473751153,8674510859926899308,1720371447103127149,3374018538232701798,6264112690154700994,5970199023843899027,3700201575897200363,6681929208717455228,750050839008582971,4942171817459614435,7276935903216417088,4312913681929724610,5765680812330297965,1903298168828571826]",False,400,42.4816128751263,44.621324823237956,"{""ever_satisfied"":[false],""final_satisfied"":[false],""peak_satisfied_count"":0,""predicates"":[[""in"",""butter_1"",""wooden_tray_1_contain_region""]],""schema_version"":""ember_pi05_stage_predicate_episode_v1"",""transitions"":[{""satisfied"":[false],""step"":0}]}","{""bytes"":126206679,""path"":""<writer-stability-study>/rollouts/e1/O1500/trajectories/libero_90_task_56_state_001.pt"",""replans"":80}","{""asset"":""O1500"",""checkpoint_selection_use"":false,""global_task_id"":96,""init_state_id"":1,""outcome_dependence"":false,""schema_version"":""ember_writer_stability_rollout_condition_v1"",""suite"":""libero_90"",""task_id"":56,""teacher_demo"":1,""teacher_raw_frames"":108,""teacher_sampled_frames"":23,""test_use"":false}",O1500,train,96,True,1
libero_90,56,meta_train,pick up the butter and put it in the tray,2,7,7,"[7234180509893824851,6310507223367765090,2683934427194017610,4843992076099089488,1019506394356440934,8391660553961747888,8631660344062088826,2392418923097458593,3900827321541831712,1796500273437089249,4631756417972979186,3162045824954048393,460397104113602643,6237318617792474962]",True,67,13.255301984027028,16.35026357881725,"{""ever_satisfied"":[true],""final_satisfied"":[true],""peak_satisfied_count"":1,""predicates"":[[""in"",""butter_1"",""wooden_tray_1_contain_region""]],""schema_version"":""ember_pi05_stage_predicate_episode_v1"",""transitions"":[{""satisfied"":[false],""step"":0},{""satisfied"":[true],""step"":67}]}","{""bytes"":22087105,""path"":""<writer-stability-study>/rollouts/e1/O1500/trajectories/libero_90_task_56_state_002.pt"",""replans"":14}","{""asset"":""O1500"",""checkpoint_selection_use"":false,""global_task_id"":96,""init_state_id"":2,""outcome_dependence"":false,""schema_version"":""ember_writer_stability_rollout_condition_v1"",""suite"":""libero_90"",""task_id"":56,""teacher_demo"":2,""teacher_raw_frames"":104,""teacher_sampled_frames"":22,""test_use"":false}",O1500,train,96,True,2
libero_90,56,meta_train,pick up the butter and put it in the tray,3,7,7,"[170087714640543084,6192430205628314174,3785706859865600201,4350491489006068677,4042284879221296836,1060268680401951589,7829540551696787724,8687952669361346111,8232784802571372944,8401120800963912051,3045956571281696393,1674775945616819263,5155415576533198861,1487892492867891826]",True,68,12.713337888941169,16.75035929493606,"{""ever_satisfied"":[true],""final_satisfied"":[true],""peak_satisfied_count"":1,""predicates"":[[""in"",""butter_1"",""wooden_tray_1_contain_region""]],""schema_version"":""ember_pi05_stage_predicate_episode_v1"",""transitions"":[{""satisfied"":[false],""step"":0},{""satisfied"":[true],""step"":68}]}","{""bytes"":22087105,""path"":""<writer-stability-study>/rollouts/e1/O1500/trajectories/libero_90_task_56_state_003.pt"",""replans"":14}","{""asset"":""O1500"",""checkpoint_selection_use"":false,""global_task_id"":96,""init_state_id"":3,""outcome_dependence"":false,""schema_version"":""ember_writer_stability_rollout_condition_v1"",""suite"":""libero_90"",""task_id"":56,""teacher_demo"":3,""teacher_raw_frames"":118,""teacher_sampled_frames"":25,""test_use"":false}",O1500,train,96,True,3
libero_90,11,meta_train,open the top drawer of the cabinet,0,7,7,"[630782732335034883,6026432842081904552,6524467843279089035,2832974847133539923,3712237888180262324,7764635933513163748,5392396175869152056,576873571776139937,8085551288014324177,7540017627369803160,4402450519752017817,2619174142822074804,5407307873602349877,7695738410394683309,7270356220009591556]",True,75,17.921692446805537,19.058855583891273,"{""ever_satisfied"":[true],""final_satisfied"":[true],""peak_satisfied_count"":1,""predicates"":[[""open"",""wooden_cabinet_1_top_region""]],""schema_version"":""ember_pi05_stage_predicate_episode_v1"",""transitions"":[{""satisfied"":[false],""step"":0},{""satisfied"":[true],""step"":75}]}","{""bytes"":23664662,""path"":""<writer-stability-study>/rollouts/e1/O1500/trajectories/libero_90_task_11_state_000.pt"",""replans"":15}","{""asset"":""O1500"",""checkpoint_selection_use"":false,""global_task_id"":51,""init_state_id"":0,""outcome_dependence"":false,""schema_version"":""ember_writer_stability_rollout_condition_v1"",""suite"":""libero_90"",""task_id"":11,""teacher_demo"":0,""teacher_raw_frames"":64,""teacher_sampled_frames"":14,""test_use"":false}",O1500,train,51,True,0
libero_90,11,meta_train,open the top drawer of the cabinet,1,7,7,"[6298808731842278907,3013204293704977845,9189069004249137474,845583777739958146,9030615313103130585,2581358113206011979,2601714929015656098,6650581985665358239,6391224073264308071,853340919727540610,8650808421510180083,2137829193316400796,4645934200882659142,3489194163712655402,2127207147380454471,7239820938985808702,6924600094782458681]",True,84,18.856538832187653,21.244817352853715,"{""ever_satisfied"":[true],""final_satisfied"":[true],""peak_satisfied_count"":1,""predicates"":[[""open"",""wooden_cabinet_1_top_region""]],""schema_version"":""ember_pi05_stage_predicate_episode_v1"",""transitions"":[{""satisfied"":[false],""step"":0},{""satisfied"":[true],""step"":84}]}","{""bytes"":26819776,""path"":""<writer-stability-study>/rollouts/e1/O1500/trajectories/libero_90_task_11_state_001.pt"",""replans"":17}","{""asset"":""O1500"",""checkpoint_selection_use"":false,""global_task_id"":51,""init_state_id"":1,""outcome_dependence"":false,""schema_version"":""ember_writer_stability_rollout_condition_v1"",""suite"":""libero_90"",""task_id"":11,""teacher_demo"":1,""teacher_raw_frames"":74,""teacher_sampled_frames"":16,""test_use"":false}",O1500,train,51,True,1
libero_90,11,meta_train,open the top drawer of the cabinet,2,7,7,"[3375586953795871816,6540863717489992837,7430055551849303864,8134012293363076797,3714036907699906594,7386321111033214766,1451376578072328503,5824043827698211199,8068939483355572678,5888769325737281374,3697614202982200711,6142214362425664214,4527121286668526954,1093549618043157551,7791972639932061544,1947402124876118331,6045994409155208777]",True,82,17.334464674349874,20.898696253076196,"{""ever_satisfied"":[true],""final_satisfied"":[true],""peak_satisfied_count"":1,""predicates"":[[""open"",""wooden_cabinet_1_top_region""]],""schema_version"":""ember_pi05_stage_predicate_episode_v1"",""transitions"":[{""satisfied"":[false],""step"":0},{""satisfied"":[true],""step"":82}]}","{""bytes"":26819776,""path"":""<writer-stability-study>/rollouts/e1/O1500/trajectories/libero_90_task_11_state_002.pt"",""replans"":17}","{""asset"":""O1500"",""checkpoint_selection_use"":false,""global_task_id"":51,""init_state_id"":2,""outcome_dependence"":false,""schema_version"":""ember_writer_stability_rollout_condition_v1"",""suite"":""libero_90"",""task_id"":11,""teacher_demo"":2,""teacher_raw_frames"":73,""teacher_sampled_frames"":16,""test_use"":false}",O1500,train,51,True,2
libero_90,11,meta_train,open the top drawer of the cabinet,3,7,7,"[5927523002705313685,6859320936255371985,714912688593426275,7686389076829316129,6585663702645685391,6620927141701277563,4923785797087663924,4435243913530943072,4455484930612895840,8527363840732546432,6574760021758334646,1370865792643822670,3408381442789492909,7947214985801762444,7771133274317174576,4579270938642855594,461168451789984404,4862732175856017877]",True,88,17.359199658036232,22.253765573725104,"{""ever_satisfied"":[true],""final_satisfied"":[true],""peak_satisfied_count"":1,""predicates"":[[""open"",""wooden_cabinet_1_top_region""]],""schema_version"":""ember_pi05_stage_predicate_episode_v1"",""transitions"":[{""satisfied"":[false],""step"":0},{""satisfied"":[true],""step"":88}]}","{""bytes"":28397333,""path"":""<writer-stability-study>/rollouts/e1/O1500/trajectories/libero_90_task_11_state_003.pt"",""replans"":18}","{""asset"":""O1500"",""checkpoint_selection_use"":false,""global_task_id"":51,""init_state_id"":3,""outcome_dependence"":false,""schema_version"":""ember_writer_stability_rollout_condition_v1"",""suite"":""libero_90"",""task_id"":11,""teacher_demo"":3,""teacher_raw_frames"":71,""teacher_sampled_frames"":15,""test_use"":false}",O1500,train,51,True,3
libero_90,33,meta_validation_oracle,close the microwave,0,7,7,"[3814538614648685928,2918325375739809694,3164143864598808145,5565915644193155337,4080180966298606689,3140832986677750376,7149145722349520134,707885345988737858,6100905458910768747,4408006144191914951,2390453657596093383,4160066772507374,584231116433666928,3869999134466192656,3782915209038846878,9076902177290749519,7006840427744498791,8892147190729701768,606502225359919789,6787468472196711947,8791839265979728770,187028959896970639,5724925431455161616,9184033782951768268,9070918235808242192,7302750050913754517,2488591661933562548,336172097049345139,7923562187564345826,6393899827733165866,3020112520573366183,4528316642257824175,5582977508141668251,3162955277203076335,6163242415499698651,725655320810922255,5381273817049447804,1456066189537081230,928638825361311262,5911713618682647179,2417100658560940344,8279555349009368541,3423085941941572205,2115171990774154871,7525948171166825851,2888105782277140153,5862739234970314233,3825334812522626380,5980323623911639291,555024694333110554,3113227102657828210]",True,253,46.50201314268634,47.65132196992636,"{""ever_satisfied"":[true],""final_satisfied"":[true],""peak_satisfied_count"":1,""predicates"":[[""close"",""microwave_1""]],""schema_version"":""ember_pi05_stage_predicate_episode_v1"",""transitions"":[{""satisfied"":[false],""step"":0},{""satisfied"":[true],""step"":253}]}","{""bytes"":80457125,""path"":""<writer-stability-study>/rollouts/e1/O1500/trajectories/libero_90_task_33_state_000.pt"",""replans"":51}","{""asset"":""O1500"",""checkpoint_selection_use"":false,""global_task_id"":73,""init_state_id"":0,""outcome_dependence"":false,""schema_version"":""ember_writer_stability_rollout_condition_v1"",""suite"":""libero_90"",""task_id"":33,""teacher_demo"":0,""teacher_raw_frames"":236,""teacher_sampled_frames"":48,""test_use"":false}",O1500,train,73,True,0
libero_90,33,meta_validation_oracle,close the microwave,1,7,7,"[1391257127071394911,6453070095094258601,5559562787924264405,3620351785772504206,5539650802633992661,1440320540210058728,4590866537231315723,4505863565072721961,3507052222206376725,7400833979650608495,7995682051494613996,3671295722984103888,6522882074484714405,1333804940799757480,3256757473853040356,5705328359785327392,8223201126738778237,5596815134535616216,6334773288545059006,1642030117853923248,7737642293981664297,8443970233462913678,1556714789204722714,810594971895214783,3920521439063015209,6811494582741173023,2445800062947093781,1976050250604300170,1171753458470768459,7834378451338967968,8090682021880909726,5335158176236919928,5315007103215208230,3199144432869677668,8903094495660641300,2263363197246993874,4120360477111151324,640951555161328484,398950546426342289,7289590019658647395,4729873973059145199,5107331512810200748,7667672320552963446,2812064640894918042,8838419921132479258,3719275873525649445]",True,228,41.115473496727645,43.39631013199687,"{""ever_satisfied"":[true],""final_satisfied"":[true],""peak_satisfied_count"":1,""predicates"":[[""close"",""microwave_1""]],""schema_version"":""ember_pi05_stage_predicate_episode_v1"",""transitions"":[{""satisfied"":[false],""step"":0},{""satisfied"":[true],""step"":228}]}","{""bytes"":72569251,""path"":""<writer-stability-study>/rollouts/e1/O1500/trajectories/libero_90_task_33_state_001.pt"",""replans"":46}","{""asset"":""O1500"",""checkpoint_selection_use"":false,""global_task_id"":73,""init_state_id"":1,""outcome_dependence"":false,""schema_version"":""ember_writer_stability_rollout_condition_v1"",""suite"":""libero_90"",""task_id"":33,""teacher_demo"":1,""teacher_raw_frames"":171,""teacher_sampled_frames"":35,""test_use"":false}",O1500,train,73,True,1
libero_90,33,meta_validation_oracle,close the microwave,2,7,7,"[4539588420967222518,1710048350945936885,4358464737013891488,3880974602853515663,6790251156741126418,5495753368706701989,7254732957949711545,2057207925378913840,2633440578216331245,5999842406332413055,725304914533917656,3476697012025770940,6565420059195656400,6563141212784622577,205224626607609378,8159397001250595181,7412592822848945859,6290027187613054305,1468350745485780829,3409127801164692127,102283521042964566,1071552374098376826,2640942057288159101,7898666547962963929,6610880090942108040,3405562868571649524,3256916404094935781,4499829594603724491,4634369084841650367,3370693029601721329,2376929177924604449,2200453837503372456,30427291158052045,8664906417401917516,2664196002751814977,3618068686276361349,1985288414945770214,4677692730398174540,6992384041764542887,7842858572242203233,747113586897311944,7970847750411408010,5688399328945542843,8461226652270624601,5492402953299625635,8427673907924499820,7397644930421776874,2834321786915317967,6936048434802822829,4428804956635702435,3375307949502786164,387192658302231094,8986706343747452804,2149727196176346343,8289040975520609963,4276516106214353583,6040563903464329146,2416275482301715686,5596827370042070502,6610417885385304011,6735907768334633027,3728479897095225456,6865147047993100854,4270366337636524098,4318791316939110999,7445314828279885280,4522074432527048880,6094997162686636557,4986174921603322765,3835589751760985416,6428017392762125920,1750405430487776649,5853385000606350519,8471903591055026034,3466135176910025298,1110361602219860474,8172404346955460647,5611027673707844511,3986066228211122987,5029763397423283366]",False,400,61.33524717995897,64.7751842183061,"{""ever_satisfied"":[false],""final_satisfied"":[false],""peak_satisfied_count"":0,""predicates"":[[""close"",""microwave_1""]],""schema_version"":""ember_pi05_stage_predicate_episode_v1"",""transitions"":[{""satisfied"":[false],""step"":0}]}","{""bytes"":126206679,""path"":""<writer-stability-study>/rollouts/e1/O1500/trajectories/libero_90_task_33_state_002.pt"",""replans"":80}","{""asset"":""O1500"",""checkpoint_selection_use"":false,""global_task_id"":73,""init_state_id"":2,""outcome_dependence"":false,""schema_version"":""ember_writer_stability_rollout_condition_v1"",""suite"":""libero_90"",""task_id"":33,""teacher_demo"":2,""teacher_raw_frames"":253,""teacher_sampled_frames"":52,""test_use"":false}",O1500,train,73,True,2
libero_90,33,meta_validation_oracle,close the microwave,3,7,7,"[6525418730299138055,6668636237979849891,4573744063774732144,4808198391303305998,6486950752394761378,5015113754978937123,7002444277182045783,695616441436247886,3701257046583009159,6768562471635672936,1233843234567113855,4768373460792911738,8115200798239409510,8789111548611979563,2095461497995812079,1933064377343925293,7519326647336745287,5053858862629344994,2726623660006655302,6255840440100524569,8897256799333991986,494397679885595185,4904959517456146718,5134656829094201511,3049558138709860884,1547008111495100315,1524308632495544213,2955835953229134818,5541526999237386056,6550790406592621521,3955844508376484764,8895865821144766302,6156919587368227886,1773540437484742183,3878609237890699857,8883008358672524867,5757256378957462077,1117402044134833966,4012664772696089648,8808424036030804142,5744607835540336367,6444713314508129237,3026026745481652112,7155436065499066468,5837923100516553607,7906709106902648897,5843566489256060959,6368926561754861067,4903083615343106710,6856391613730964820,3337402868768713110,2486247811030151879,6325342880088328384,1298109565305703963,6158655289406626375,6662461107106000792,4977694989108392674,546405793560524003,2316028070097327291,6224337956491846706,7358970514803604212,1777307456404694145,6489034021584328062,999757187132590660,9059337711735367070,7865542804397764693,6209313769323442397,8693122544612168476,747214977166334372,2509790477399543066,3345168953334851450,3356144797149308403,5216818105411232222,3608227541623131210,8382482405781019811,774541227041476431,289551368919641189,3279424593770628251,114095352011978104,2429244364239358591]",False,400,62.42222276004031,66.96338261803612,"{""ever_satisfied"":[false],""final_satisfied"":[false],""peak_satisfied_count"":0,""predicates"":[[""close"",""microwave_1""]],""schema_version"":""ember_pi05_stage_predicate_episode_v1"",""transitions"":[{""satisfied"":[false],""step"":0}]}","{""bytes"":126206679,""path"":""<writer-stability-study>/rollouts/e1/O1500/trajectories/libero_90_task_33_state_003.pt"",""replans"":80}","{""asset"":""O1500"",""checkpoint_selection_use"":false,""global_task_id"":73,""init_state_id"":3,""outcome_dependence"":false,""schema_version"":""ember_writer_stability_rollout_condition_v1"",""suite"":""libero_90"",""task_id"":33,""teacher_demo"":3,""teacher_raw_frames"":175,""teacher_sampled_frames"":36,""test_use"":false}",O1500,train,73,True,3
libero_spatial,3,validation,pick up the black bowl on the cookie box and place it on the plate,0,7,7,"[336169725590312743,567642240813974001,8354292684063646108,5334794776498519797,2040010150640505745,2343701475842438382,5412470899770061167,820364343317419064,5457482945389825552,2504491285362484018,7422502578034213173,5056665176767612485,2003354737360645143,8279383433696764486,4208196502484156673,8983410438659563528,2296803609333534892,2041091650467651175,7305716513144627935,7294937211943360544,8345237991230332652,7378017725889838708,8716448154690811246,5248443494691871216,7529697755391121787,1862166540365282398,2609489418213649695,5978486964181319654,6108847747429346475]",True,142,32.50493853492662,33.69335096469149,"{""ever_satisfied"":[true],""final_satisfied"":[true],""peak_satisfied_count"":1,""predicates"":[[""on"",""akita_black_bowl_1"",""plate_1""]],""schema_version"":""ember_pi05_stage_predicate_episode_v1"",""transitions"":[{""satisfied"":[false],""step"":0},{""satisfied"":[true],""step"":142}]}","{""bytes"":45751324,""path"":""<writer-stability-study>/rollouts/e1/N1000/trajectories/libero_spatial_task_03_state_000.pt"",""replans"":29}","{""asset"":""N1000"",""checkpoint_selection_use"":false,""global_task_id"":3,""init_state_id"":0,""outcome_dependence"":false,""schema_version"":""ember_writer_stability_rollout_condition_v1"",""suite"":""libero_spatial"",""task_id"":3,""teacher_demo"":0,""teacher_raw_frames"":99,""teacher_sampled_frames"":21,""test_use"":false}",N1000,common_held,3,False,0
libero_spatial,3,validation,pick up the black bowl on the cookie box and place it on the plate,1,7,7,"[3071172578146223952,2080936696745084643,5469435010854225470,2153244960118961693,6816072406336098585,1734556419457555794,7851340247296578549,4816167663840372196,4754548742721011271,9211355379407494252,137860901857221128,9090171750181843907,8119349483388016788,4891543561003366242,4473642343538525021,8364298704962546982,1629217563418473229,3290217260496827766,7629897306060874214,4742490323170293522,6404441703517424389,2964772810324140608,8627077584774895936,7067740256789030010,6096419447607542293,2421140236193322289,2141270493379617205,1010245111888233794,1882603917034485663,6807540081070718306,7958976321620515269,1353257216537134775,354288215576696133,7398095969472644875,5516130732246258088,3260659763272367547,9016830905651363263,9040689358250327078,3852222077895087847,733719658047369777,2215874165970119567,1228841508309924712,7446902625025060330,1614446166569296241]",False,220,44.629684425890446,46.886114426888525,"{""ever_satisfied"":[false],""final_satisfied"":[false],""peak_satisfied_count"":0,""predicates"":[[""on"",""akita_black_bowl_1"",""plate_1""]],""schema_version"":""ember_pi05_stage_predicate_episode_v1"",""transitions"":[{""satisfied"":[false],""step"":0}]}","{""bytes"":69415257,""path"":""<writer-stability-study>/rollouts/e1/N1000/trajectories/libero_spatial_task_03_state_001.pt"",""replans"":44}","{""asset"":""N1000"",""checkpoint_selection_use"":false,""global_task_id"":3,""init_state_id"":1,""outcome_dependence"":false,""schema_version"":""ember_writer_stability_rollout_condition_v1"",""suite"":""libero_spatial"",""task_id"":3,""teacher_demo"":1,""teacher_raw_frames"":101,""teacher_sampled_frames"":21,""test_use"":false}",N1000,common_held,3,False,1
libero_spatial,3,validation,pick up the black bowl on the cookie box and place it on the plate,2,7,7,"[6298054988284327818,6912635386658077700,383976089418881795,2587202063313400801,7021786076458083965,593234421942514120,8669872273799573751,5991206727220654679,3270751023889855435,8139016423407761104,4028834637132934680,4043526413053354951,8641375561554741217,7084097018260223068,3748824873657071406,2524451583669730806,2801126175072182625,5243106494803483929,1850557323821615607,3769967364146662180,5559034931446361638,7379059557454514174,5208848188514599125,4517426482748366558,6642745596815519244,1543581277050354868,64201453868939890,5917772037212507502,4618418428943697941,1857939053038166148,986682144285924132,6456913035056418687,1675717581923092506,6827958072632819708,4196703704979411765,2081608758167524278,6929372642416587591,4083624104459398486,8090975857695981703,840550814909965803,1518264375091780417,7964665337691382192,5764343078512216185,6569895843324408687]",False,220,44.54256231430918,47.866788493003696,"{""ever_satisfied"":[false],""final_satisfied"":[false],""peak_satisfied_count"":0,""predicates"":[[""on"",""akita_black_bowl_1"",""plate_1""]],""schema_version"":""ember_pi05_stage_predicate_episode_v1"",""transitions"":[{""satisfied"":[false],""step"":0}]}","{""bytes"":69415257,""path"":""<writer-stability-study>/rollouts/e1/N1000/trajectories/libero_spatial_task_03_state_002.pt"",""replans"":44}","{""asset"":""N1000"",""checkpoint_selection_use"":false,""global_task_id"":3,""init_state_id"":2,""outcome_dependence"":false,""schema_version"":""ember_writer_stability_rollout_condition_v1"",""suite"":""libero_spatial"",""task_id"":3,""teacher_demo"":2,""teacher_raw_frames"":95,""teacher_sampled_frames"":20,""test_use"":false}",N1000,common_held,3,False,2
libero_spatial,3,validation,pick up the black bowl on the cookie box and place it on the plate,3,7,7,"[5844883203585125168,5025841759868289392,3144194430178048546,4801875581304945847,468081466817769956,4734881704432230013,959494122824425653,1945541120257169749,6506988136844350673,1323002413188064283,1282348786779226374,6571566919880846274,5302843147758881824,8099844664203210874,4162119894034043737,5099925154081425737,6833960761683269512,7413558454919553786,3214155400790689838,8476036750337665618,5683741918122184492,3146513501583868712,5134754843935734534,7295903721501276154,6966475529449043799,964144398375903039,5537281316329676556,2570112512858642678,8253316964221879720,2000320299649689463,7363408069598897341,7244719144436028534,1277706102151985398,2882953250328450485,6809773225674697798,4961094627183306235,3601228802350205382,4033712914798725752,3897374095001332926,6898814568060512473,8284858137158279658,330857029533074500,6288659453853307531,4954602287269604115]",False,220,44.460217338986695,48.80507706385106,"{""ever_satisfied"":[false],""final_satisfied"":[false],""peak_satisfied_count"":0,""predicates"":[[""on"",""akita_black_bowl_1"",""plate_1""]],""schema_version"":""ember_pi05_stage_predicate_episode_v1"",""transitions"":[{""satisfied"":[false],""step"":0}]}","{""bytes"":69415257,""path"":""<writer-stability-study>/rollouts/e1/N1000/trajectories/libero_spatial_task_03_state_003.pt"",""replans"":44}","{""asset"":""N1000"",""checkpoint_selection_use"":false,""global_task_id"":3,""init_state_id"":3,""outcome_dependence"":false,""schema_version"":""ember_writer_stability_rollout_condition_v1"",""suite"":""libero_spatial"",""task_id"":3,""teacher_demo"":3,""teacher_raw_frames"":115,""teacher_sampled_frames"":24,""test_use"":false}",N1000,common_held,3,False,3
libero_object,1,validation,pick up the cream cheese and place it in the basket,0,7,7,"[1764210406108741574,3836588974318758825,7971256763961264857,8172640194079971334,5109217772215900344,8127657125412314075,41127862791718870,2618195653838822282,3945879615897659047,4807547919112120522,1806370725723135070,4513106148028486545,6319195100526623892,5370509103018043559,6498526979093454720,902687379068510851,2376500793543191942,8621046406545839782,2246205218069956362,7429359954569227064,7884868446968348240,2227676743794273877,5070154547901706858,3669414435821318416,8848835830760864689,7729708896664410211,4633559183066694126,5327164714405199684,6226991016291009180,2221326210433340297,8768033716272618626,6311534387210060068,9171459359667105102,5965569251769123100,2718805684633866035,1662410874903997488,2840173522319229163,8834241311588677320,709069421190859722,8185886960346710137,2565064801153509063,2146060320521951229,3378153110170898822,7385328994146981193]",True,217,39.433263225946575,40.459640729706734,"{""ever_satisfied"":[true],""final_satisfied"":[true],""peak_satisfied_count"":1,""predicates"":[[""in"",""cream_cheese_1"",""basket_1_contain_region""]],""schema_version"":""ember_pi05_stage_predicate_episode_v1"",""transitions"":[{""satisfied"":[false],""step"":0},{""satisfied"":[true],""step"":217}]}","{""bytes"":69415031,""path"":""<writer-stability-study>/rollouts/e1/N1000/trajectories/libero_object_task_01_state_000.pt"",""replans"":44}","{""asset"":""N1000"",""checkpoint_selection_use"":false,""global_task_id"":11,""init_state_id"":0,""outcome_dependence"":false,""schema_version"":""ember_writer_stability_rollout_condition_v1"",""suite"":""libero_object"",""task_id"":1,""teacher_demo"":0,""teacher_raw_frames"":139,""teacher_sampled_frames"":29,""test_use"":false}",N1000,common_held,11,False,0
libero_object,1,validation,pick up the cream cheese and place it in the basket,1,7,7,"[7420547635691626371,501823346460184892,2808280276510186011,9125043344243611695,403813749669296451,1407366998281182077,2209299523064019634,1728017030491187931,2513642288712647512,1447387066432853060,4693224407500016404,1737625573879917920,6067103784603218004,4875182151779258051,546466106271624807,9047002785452638602,7742191438442415817,8024174060520581936,5799993939873865180,1334774698373763792,3129131042550033500,2753095723835555029,3433300564092773732,2301348941678342198,7241566034470681974,1595137328551950185,1223846610154684646,4228575145339593338,8558693830307251586,5060217729706729485,161047149258878698,2874843034271566865,3850461532179320374,483846141656559909,5334406913610702002,1768945815088919566,284012393076012105,2773929893499215681,1082557467933144293,8709156691477174840,2912888861160929594,4522628410835879771,401655199804936023,8103297065153877132,4118061439267329582,8826129452668332172,2263494092296218903,7101472703197888275,5983077629402424921,4703649913563333398,7719468365852383782,3990854988996443549,5937330318804893810,1575524277352256469,6900815957943964894,4705494789899483143]",False,280,46.36484064720571,48.301809751894325,"{""ever_satisfied"":[false],""final_satisfied"":[false],""peak_satisfied_count"":0,""predicates"":[[""in"",""cream_cheese_1"",""basket_1_contain_region""]],""schema_version"":""ember_pi05_stage_predicate_episode_v1"",""transitions"":[{""satisfied"":[false],""step"":0}]}","{""bytes"":88346143,""path"":""<writer-stability-study>/rollouts/e1/N1000/trajectories/libero_object_task_01_state_001.pt"",""replans"":56}","{""asset"":""N1000"",""checkpoint_selection_use"":false,""global_task_id"":11,""init_state_id"":1,""outcome_dependence"":false,""schema_version"":""ember_writer_stability_rollout_condition_v1"",""suite"":""libero_object"",""task_id"":1,""teacher_demo"":1,""teacher_raw_frames"":187,""teacher_sampled_frames"":39,""test_use"":false}",N1000,common_held,11,False,1
libero_object,1,validation,pick up the cream cheese and place it in the basket,2,7,7,"[3515262128279278940,1224036772478655973,478293637689251682,3540847092953613223,4328413232641629785,6811305769457963913,7493268904500544434,8083105539726185730,8414072237268020580,1893592179093710111,2488153855796920192,1554986030321788607,4047939611339120474,4102179388848657701,1147138887996013605,3863494293313979635,6193003831111729703,1626172842785393201,2904614765474486566,3655373432879583266,6106723134634969432,1530641680022518864,5299007373251733956,1776309024967508017,5554150453191670933,3588510541056688845,666834990498619419,3102760675369552907,6023898576793354574,402930942210347881,2078320372986288529,7720159784174774081,7100389472550084792,8511427036292799244,6904098702670149683,784877683367073628,3651991877207798567,861886419337511138,6976178139089140318,5198337878486248212,5447440234268139515,1899657955444717978,781217027658603365,8223559301120999410,6478127570832816443,4533856968322227481,6018323511634894945]",True,233,40.18079766817391,43.08453424787149,"{""ever_satisfied"":[true],""final_satisfied"":[true],""peak_satisfied_count"":1,""predicates"":[[""in"",""cream_cheese_1"",""basket_1_contain_region""]],""schema_version"":""ember_pi05_stage_predicate_episode_v1"",""transitions"":[{""satisfied"":[false],""step"":0},{""satisfied"":[true],""step"":233}]}","{""bytes"":74147841,""path"":""<writer-stability-study>/rollouts/e1/N1000/trajectories/libero_object_task_01_state_002.pt"",""replans"":47}","{""asset"":""N1000"",""checkpoint_selection_use"":false,""global_task_id"":11,""init_state_id"":2,""outcome_dependence"":false,""schema_version"":""ember_writer_stability_rollout_condition_v1"",""suite"":""libero_object"",""task_id"":1,""teacher_demo"":2,""teacher_raw_frames"":125,""teacher_sampled_frames"":26,""test_use"":false}",N1000,common_held,11,False,2
libero_object,1,validation,pick up the cream cheese and place it in the basket,3,7,7,"[813647924528887858,5351092081399935768,7442759767410944757,7892859586617915780,5301498965079906004,289562166806627740,613859540680986132,5058023941821712151,2146080548017320215,4214456032801721274,170807808573357750,1310651860523142851,3541140102953400097,6731585121498890393,2349060069222585986,5878971007946073140,3254469291135872673,6844594369008655041,7399228462889035073,4950579294597892399,5327087292628972889,3432113250942763909,2244704256273282836,2977310641305390391,5486701027510805187,9080072422516330697,9010255843364689905,9094282427908602016,3040196401496323761,2914903743848287574,4216607353318354285,8752479496199375907,439590028622730014,8042640562501822963,1206494484351897181,8397662981157613496]",True,177,30.479959721211344,34.22851727204397,"{""ever_satisfied"":[true],""final_satisfied"":[true],""peak_satisfied_count"":1,""predicates"":[[""in"",""cream_cheese_1"",""basket_1_contain_region""]],""schema_version"":""ember_pi05_stage_predicate_episode_v1"",""transitions"":[{""satisfied"":[false],""step"":0},{""satisfied"":[true],""step"":177}]}","{""bytes"":56794311,""path"":""<writer-stability-study>/rollouts/e1/N1000/trajectories/libero_object_task_01_state_003.pt"",""replans"":36}","{""asset"":""N1000"",""checkpoint_selection_use"":false,""global_task_id"":11,""init_state_id"":3,""outcome_dependence"":false,""schema_version"":""ember_writer_stability_rollout_condition_v1"",""suite"":""libero_object"",""task_id"":1,""teacher_demo"":3,""teacher_raw_frames"":133,""teacher_sampled_frames"":28,""test_use"":false}",N1000,common_held,11,False,3
libero_goal,3,validation,open the top drawer and put the bowl inside,0,7,7,"[937839512312767824,4425858584106371442,6915917327766178298,4221423508686152199,3941615210140189942,3061062777614262148,9006389347840838038,2714739585893921145,4842815510074203473,4176247365749439794,9055016387064939296,6894264475206989069,4769433583706684081,6538724259617072713,2694945300226562235,5672636660806689923,1162397645855720894,2512104657228609621,4908619852555458086,4891195624735059747,3439016452326339617,145136483130657948,696498549386812565,2992054586286465856,3926950764540793138,6507613130119470566,4080680387252510580,6715602020508326751,7642159240538864546,2069708313452146818,188106194283429132,79620779218141805,8773913044132373383,4191565715618410953,8743402847540423751,5590073037340929701,7241093063639031331,5018097501510259896,325742820322205827,6790062175884206903,2835421247772191586,8101575360401988141,5181871320322691538,8606750524966542306,3331683226074686545,5172080302879563560,2825910257597671870,3780878403490109137,8179159796621748406,5745966183204672563,3735878833795123278,1646812211375849777,3720899738953625933,1974282862992389720,8969384801637140932,5027800807028014172,1765993208659774829,6213274053297936353,5493561834532839429,254459356985422351]",False,300,54.96531853917986,55.78373513696715,"{""ever_satisfied"":[false],""final_satisfied"":[false],""peak_satisfied_count"":0,""predicates"":[[""in"",""akita_black_bowl_1"",""wooden_cabinet_1_top_region""]],""schema_version"":""ember_pi05_stage_predicate_episode_v1"",""transitions"":[{""satisfied"":[false],""step"":0}]}","{""bytes"":94655859,""path"":""<writer-stability-study>/rollouts/e1/N1000/trajectories/libero_goal_task_03_state_000.pt"",""replans"":60}","{""asset"":""N1000"",""checkpoint_selection_use"":false,""global_task_id"":23,""init_state_id"":0,""outcome_dependence"":false,""schema_version"":""ember_writer_stability_rollout_condition_v1"",""suite"":""libero_goal"",""task_id"":3,""teacher_demo"":0,""teacher_raw_frames"":170,""teacher_sampled_frames"":35,""test_use"":false}",N1000,common_held,23,False,0
libero_goal,3,validation,open the top drawer and put the bowl inside,1,7,7,"[3197873696265518430,130333309193225715,6005625632286712244,6891299773450141553,6316928474543642721,5782284817944748443,213403443156412135,8338126146057510912,8375039331177840430,5827566456674324647,3313818679469215879,1142143462369407560,6857946106089777856,2208331655601664324,6082415799267276139,6483019239393974105,1605018948802503533,3968192620193769583,862384892645987447,8742088714719043014,4093144800324367496,3618106106009942716,7222849419045868975,5480139628080962798,8959878553153613783,5141614978164902045,4058195969577011985,5969135446805434144,5972420222077590396,2477065601344244086,5214798992736474054,524972909364957767,6427034895024028522,4321813080947567738,233872811589524403,7962977660191025978,4154326755793972085,5024963065885040905,7583862141991692337,9148484250809282782,4716098172630043820,5342661847094755523,4186729145604779780,8840721256628781736,3957995690749672627,6833841353575794482,150833597163379549,6124511566606868997,8845799573673075170,9049197323682587092,6513134499526687462,2125577121787463032,7513831563121663967,2861950398204209577,5611576820951415884,4836419612523764618,5739862684315359388,2977527315973693273,1363998237546904426,1401717210297836187]",False,300,55.43299743020907,57.157419526949525,"{""ever_satisfied"":[false],""final_satisfied"":[false],""peak_satisfied_count"":0,""predicates"":[[""in"",""akita_black_bowl_1"",""wooden_cabinet_1_top_region""]],""schema_version"":""ember_pi05_stage_predicate_episode_v1"",""transitions"":[{""satisfied"":[false],""step"":0}]}","{""bytes"":94655859,""path"":""<writer-stability-study>/rollouts/e1/N1000/trajectories/libero_goal_task_03_state_001.pt"",""replans"":60}","{""asset"":""N1000"",""checkpoint_selection_use"":false,""global_task_id"":23,""init_state_id"":1,""outcome_dependence"":false,""schema_version"":""ember_writer_stability_rollout_condition_v1"",""suite"":""libero_goal"",""task_id"":3,""teacher_demo"":1,""teacher_raw_frames"":187,""teacher_sampled_frames"":39,""test_use"":false}",N1000,common_held,23,False,1
libero_goal,3,validation,open the top drawer and put the bowl inside,2,7,7,"[3363774331609722801,8253139786491869145,3368484581779491068,8612553514953788360,3894722027564677755,3190718955795415061,2991001216876957682,4192866419922675043,7962505677837112162,7175292029828948796,8491844790255791194,2949627948138133515,5303681245701539414,1155308745191539428,3201939631673426968,5423005270567758498,5285445754580891409,7709290896448816018,9025992740721019095,813219503261836198,333203038065802703,8058843207809665647,6074883454733816144,5645437636263239750,9060421471848062189,5669846821017744901,6911793417026473238,5520882744081832304,4033144688954774214,5722037728728612790,2258528094321100364,7429017648047017388,8453459773754163998,4871519550703567454,2264643863165043998,2455452153663381546,6284431648876090956,4535463135879563938,932093542133184791,4405333388842052032,2816939819880932175,3202764591171351637,8591157489679192782,6810549642148393422,6468647027984217986,7615278400728506221,722232015550427053,4231930097150224521,3543644253855839993,2650712286741199338,9090282210250879073,5398288240747412984,4622181731124500261,2599787332372022932,4523262445791830097,1463404168515523360,4026427953280765004,6398037120012625110,6793133580386116235,8721186165790402125]",False,300,55.86909004719928,58.45727750612423,"{""ever_satisfied"":[false],""final_satisfied"":[false],""peak_satisfied_count"":0,""predicates"":[[""in"",""akita_black_bowl_1"",""wooden_cabinet_1_top_region""]],""schema_version"":""ember_pi05_stage_predicate_episode_v1"",""transitions"":[{""satisfied"":[false],""step"":0}]}","{""bytes"":94655859,""path"":""<writer-stability-study>/rollouts/e1/N1000/trajectories/libero_goal_task_03_state_002.pt"",""replans"":60}","{""asset"":""N1000"",""checkpoint_selection_use"":false,""global_task_id"":23,""init_state_id"":2,""outcome_dependence"":false,""schema_version"":""ember_writer_stability_rollout_condition_v1"",""suite"":""libero_goal"",""task_id"":3,""teacher_demo"":2,""teacher_raw_frames"":284,""teacher_sampled_frames"":58,""test_use"":false}",N1000,common_held,23,False,2
libero_goal,3,validation,open the top drawer and put the bowl inside,3,7,7,"[4388075535769291481,7803974502177521433,6960389453217531655,7974642187157948843,3283411496312947155,6586695009686616682,4123511674578132013,2196090530291492571,5566191824671470888,4353859427581601500,5796681560742684302,6195846096695566881,2187283033540328667,4805254431331006621,142134161418933864,7898046023979624391,3782121838725784549,3408150707208910651,6955345868561507805,3893497817959283455,7234331721950092451,947681231221082161,2875109334861388196,7976786638142465502,9135828852289962822,6093804056508095392,6608697049945295507,1467126958596194336,3694056898204706913,8513056181514551312,1484077915258504172,5080504256526142696,1035017065713738216,126112981875404032,7669289150036426323,2781740029914150778,5217006033383872045,9039685037125475200,6462999356240774393,6303653117531490239,4664597548959043468,116268932372432574,3169760494611545751,8239059889225203099,8247325195672136574,4981014773857893995,4860918051383045893,1483946875227898703,8649023170131301614,926430796329172283,3390234762027084084,6618699300412413304,2443921480737786859,7372711429289394654,8135821559749606,8229702128023642617,2068159460376777096,8338683901371832641,2195354921544225521,3393921724572223494]",False,300,56.19069875497371,59.67046310985461,"{""ever_satisfied"":[false],""final_satisfied"":[false],""peak_satisfied_count"":0,""predicates"":[[""in"",""akita_black_bowl_1"",""wooden_cabinet_1_top_region""]],""schema_version"":""ember_pi05_stage_predicate_episode_v1"",""transitions"":[{""satisfied"":[false],""step"":0}]}","{""bytes"":94655859,""path"":""<writer-stability-study>/rollouts/e1/N1000/trajectories/libero_goal_task_03_state_003.pt"",""replans"":60}","{""asset"":""N1000"",""checkpoint_selection_use"":false,""global_task_id"":23,""init_state_id"":3,""outcome_dependence"":false,""schema_version"":""ember_writer_stability_rollout_condition_v1"",""suite"":""libero_goal"",""task_id"":3,""teacher_demo"":3,""teacher_raw_frames"":199,""teacher_sampled_frames"":41,""test_use"":false}",N1000,common_held,23,False,3
libero_goal,6,validation,put the cream cheese in the bowl,0,7,7,"[1219103976213717812,5315326635778241048,6581066537600475800,5384416861622508714,743854383548529066,1105212997721360534,176878808967372638,6226355913612208093,3312999424712431441,8774203458501478435,3366685016606281334,3725356210471090660,8141180129757787358,8376806228341239167,5907852681209368379,5549727159950824425,8863063940509649049,8428194982790091570,8034113827903296093,5328837585514550928]",True,97,20.825751305092126,21.749080231878906,"{""ever_satisfied"":[true],""final_satisfied"":[true],""peak_satisfied_count"":1,""predicates"":[[""on"",""cream_cheese_1"",""akita_black_bowl_1""]],""schema_version"":""ember_pi05_stage_predicate_episode_v1"",""transitions"":[{""satisfied"":[false],""step"":0},{""satisfied"":[true],""step"":97}]}","{""bytes"":31552659,""path"":""<writer-stability-study>/rollouts/e1/N1000/trajectories/libero_goal_task_06_state_000.pt"",""replans"":20}","{""asset"":""N1000"",""checkpoint_selection_use"":false,""global_task_id"":26,""init_state_id"":0,""outcome_dependence"":false,""schema_version"":""ember_writer_stability_rollout_condition_v1"",""suite"":""libero_goal"",""task_id"":6,""teacher_demo"":0,""teacher_raw_frames"":92,""teacher_sampled_frames"":20,""test_use"":false}",N1000,common_held,26,False,0
libero_goal,6,validation,put the cream cheese in the bowl,1,7,7,"[172711500567230450,7421732192852202220,5696561469870624486,1959095774179179170,7096899449743204803,6574102587345016126,61461671323595603,1124833847544659051,8371862612761519600,317790859405359394,2368768065563260770,484822171613426146,4530602358412543701,7019089587053173144,6324709606709671691,7558199183049434637,6214980544420630992,6052297001701878808,9129516409868353403]",True,91,19.16870377585292,20.88989006076008,"{""ever_satisfied"":[true],""final_satisfied"":[true],""peak_satisfied_count"":1,""predicates"":[[""on"",""cream_cheese_1"",""akita_black_bowl_1""]],""schema_version"":""ember_pi05_stage_predicate_episode_v1"",""transitions"":[{""satisfied"":[false],""step"":0},{""satisfied"":[true],""step"":91}]}","{""bytes"":29975092,""path"":""<writer-stability-study>/rollouts/e1/N1000/trajectories/libero_goal_task_06_state_001.pt"",""replans"":19}","{""asset"":""N1000"",""checkpoint_selection_use"":false,""global_task_id"":26,""init_state_id"":1,""outcome_dependence"":false,""schema_version"":""ember_writer_stability_rollout_condition_v1"",""suite"":""libero_goal"",""task_id"":6,""teacher_demo"":1,""teacher_raw_frames"":113,""teacher_sampled_frames"":24,""test_use"":false}",N1000,common_held,26,False,1
libero_goal,6,validation,put the cream cheese in the bowl,2,7,7,"[8869015256941978067,4364676101678728631,5793129651229169082,6966585936914818765,3014400220243696677,7835934952702427717,112500066649987043,946246571510749967,9209627272744437452,1782459505040012360,8661789802014128130,6375355591816836646,8480037578167967748,9109856301066563872,5649965148495419357,1361523480028289456,5544897762248452733,7926908190596035863]",True,90,17.167214325629175,19.746489397715777,"{""ever_satisfied"":[true],""final_satisfied"":[true],""peak_satisfied_count"":1,""predicates"":[[""on"",""cream_cheese_1"",""akita_black_bowl_1""]],""schema_version"":""ember_pi05_stage_predicate_episode_v1"",""transitions"":[{""satisfied"":[false],""step"":0},{""satisfied"":[true],""step"":90}]}","{""bytes"":28397525,""path"":""<writer-stability-study>/rollouts/e1/N1000/trajectories/libero_goal_task_06_state_002.pt"",""replans"":18}","{""asset"":""N1000"",""checkpoint_selection_use"":false,""global_task_id"":26,""init_state_id"":2,""outcome_dependence"":false,""schema_version"":""ember_writer_stability_rollout_condition_v1"",""suite"":""libero_goal"",""task_id"":6,""teacher_demo"":2,""teacher_raw_frames"":103,""teacher_sampled_frames"":22,""test_use"":false}",N1000,common_held,26,False,2
libero_goal,6,validation,put the cream cheese in the bowl,3,7,7,"[3467587809100205298,2928896816047292381,1435237479997991110,8733937688212635507,403890202367671631,5767672073548237334,2482907197191448394,6218636126290372373,5552533092183756129,5031099651492635924,2718241891028489771,343959079166825932,386421086928096082,3882073155129270948,1668398944862961140,5239989079759808327]",True,80,14.553064693231136,17.94726374000311,"{""ever_satisfied"":[true],""final_satisfied"":[true],""peak_satisfied_count"":1,""predicates"":[[""on"",""cream_cheese_1"",""akita_black_bowl_1""]],""schema_version"":""ember_pi05_stage_predicate_episode_v1"",""transitions"":[{""satisfied"":[false],""step"":0},{""satisfied"":[true],""step"":80}]}","{""bytes"":25242391,""path"":""<writer-stability-study>/rollouts/e1/N1000/trajectories/libero_goal_task_06_state_003.pt"",""replans"":16}","{""asset"":""N1000"",""checkpoint_selection_use"":false,""global_task_id"":26,""init_state_id"":3,""outcome_dependence"":false,""schema_version"":""ember_writer_stability_rollout_condition_v1"",""suite"":""libero_goal"",""task_id"":6,""teacher_demo"":3,""teacher_raw_frames"":104,""teacher_sampled_frames"":22,""test_use"":false}",N1000,common_held,26,False,3
libero_10,1,validation,put both the cream cheese box and the butter in the basket,0,7,7,"[6121435815512619047,9198136133492397877,8765829600456851509,7041222535750260529,7347630065393026896,2580028621035660761,3998888066084241576,321347343332153252,2645310409860292964,3600052332270670330,8912581740772062518,8468295567590886472,5377788564366722152,5777214288152487855,7829817036294500816,8501742281172678354,5683675586975837944,4715151168542892800,5754295708092879345,671570477553091847,1663316238895543887,4552132804583041443,7506665256121924950,7469169733610095278,2123252778679775852,7401056047726770785,599502111117659115,8669282422218258812,3039940301539086274,7077430281456258073,1332002337416064432,3776562060549698611,3734450047364869830,1418951287358372467,8430334862880071574,340709621708443088,8051791603525114798,910749159723223469,6693791023665261543,5223202734525571362,4652390051136401038,607182125464282334,1724504025363396364,6145216743698259877,6632217765290579420,4546308699174973541,7165572750831335712,7654472516627064315,2092297510147772997,8147809362110549796,5745948255303080899,119950738572812056,4183610026216326889,3530665420526958322,7801627131782584598,8754496288577792990,132473802744525674,6344980773868147280,3952500975645363572,2027245428225958282,1927650453537806106,2512740521107070441,7097193748883680474,2844610087226438012,1083234892691100915,4816330745350218912,8754511766378795554,8760143091839303845,6043024483741875775,723549488408053868,1739052091091687837,274582238362952230,7699824063495730110,3680130800998278920,5472477216559289622,8761677970238075190,2338560315897265059,5831578476898846233,7225880811879126120,5064847793878784504,658537246877017695,4586917552463769620,3632738467167313013,7870932457957464584,4527422042444280243,1852108086206093724,6057949535779431517,6227560449794431465,7285493774943545873,7054154813456385577,4295196837108274568,5240610798287010798,2157760216569249944,2633060516740762793,1466763418403027569,3161472324133342308,5635949790144035765,4195926355510275263,81430477046028914,2291027380881125740,7677578478740192043,7652291943122972400,2266180884713378092,2785548656426545540]",False,520,97.66635285271332,98.96835432993248,"{""ever_satisfied"":[true,false],""final_satisfied"":[true,false],""peak_satisfied_count"":1,""predicates"":[[""in"",""cream_cheese_1"",""basket_1_contain_region""],[""in"",""butter_1"",""basket_1_contain_region""]],""schema_version"":""ember_pi05_stage_predicate_episode_v1"",""transitions"":[{""satisfied"":[false,false],""step"":0},{""satisfied"":[true,false],""step"":180},{""satisfied"":[false,false],""step"":219},{""satisfied"":[true,false],""step"":250},{""satisfied"":[false,false],""step"":308},{""satisfied"":[true,false],""step"":347},{""satisfied"":[false,false],""step"":352},{""satisfied"":[true,false],""step"":439},{""satisfied"":[false,false],""step"":440},{""satisfied"":[true,false],""step"":441},{""satisfied"":[false,false],""step"":447},{""satisfied"":[true,false],""step"":450},{""satisfied"":[false,false],""step"":451},{""satisfied"":[true,false],""step"":509}]}","{""bytes"":164068359,""path"":""<writer-stability-study>/rollouts/e1/N1000/trajectories/libero_10_task_01_state_000.pt"",""replans"":104}","{""asset"":""N1000"",""checkpoint_selection_use"":false,""global_task_id"":31,""init_state_id"":0,""outcome_dependence"":false,""schema_version"":""ember_writer_stability_rollout_condition_v1"",""suite"":""libero_10"",""task_id"":1,""teacher_demo"":0,""teacher_raw_frames"":258,""teacher_sampled_frames"":53,""test_use"":false}",N1000,common_held,31,False,0
libero_10,1,validation,put both the cream cheese box and the butter in the basket,1,7,7,"[66136584690404204,1183032435003356527,5732753762199970214,1720401479735964275,8096762105900571098,8110576256183317159,627749624633121593,4012944101114361812,7407613280741089515,6091555666974215354,7524113543090785836,2201015540824072742,6357554316873592422,2717064589331837526,8496146421739605321,7573165117756759864,941549900583962793,7508390252310786350,7745158682443670941,7173161088192079640,3896233785756745114,3407976707630940001,4977209342674064701,945854016950933945,2008095024826789324,3987553784325697467,9005051846598122963,4606742795821848611,3202805068549740242,289672210827973828,6234883741079832276,6651120344891319205,6376198737414162662,3788538586357697715,6627573242969805642,6011370663154629921,6569265293773614629,6680209266572780216,3232066089475971860,6771811244672059546,761567453574804361,6966141247532206178,6449643587293589819,4387820435446264726,684332003558619770,4575569270478339413,2666853741826764633,4703770427707681393,601279261956225568,1101740312046038420,4314419429301251926,2657497065404313858,5278913904028470724,4306935866612974264,2218513710484379354,4207194653134620012,8996260354374236651,4644658216506732888,5243065945968330211,7523489891868398484,5169568617123789546,3630025926784487471,5496991495622604049,5224977565955097250,8575440722706876087,6065271283182776493,7455410854511542949,3955212961680531500,2397703139404870646,1809302034679374089,6728056723628172727,6022841150300502468,1896898812840991070,581367364058053055,7967900338711895317,2616742539295295994,3339013224847436685,6374099022802143919,3547986363308797896,1302028264266321532,3885703969976212923,3038899933274363653,1274659608056753953,3748359631552459872,298238713708077828,8482520648214759910,5621429188574826372,9074496542410788862,2898528530075564283,2221733884019621417,7954420676736849314,5333349697421330952,5044587469203617679,4430680007953928301,7838603121245597187,1070894194001537948,6666623392488808652,9153447530331586500,2613756989219705015,8475601465665200090,7607150221073728196,8060180283112098204,6920323714341908049,6614585496822096865]",False,520,98.79981210501865,101.42566285794601,"{""ever_satisfied"":[false,false],""final_satisfied"":[false,false],""peak_satisfied_count"":0,""predicates"":[[""in"",""cream_cheese_1"",""basket_1_contain_region""],[""in"",""butter_1"",""basket_1_contain_region""]],""schema_version"":""ember_pi05_stage_predicate_episode_v1"",""transitions"":[{""satisfied"":[false,false],""step"":0}]}","{""bytes"":164068359,""path"":""<writer-stability-study>/rollouts/e1/N1000/trajectories/libero_10_task_01_state_001.pt"",""replans"":104}","{""asset"":""N1000"",""checkpoint_selection_use"":false,""global_task_id"":31,""init_state_id"":1,""outcome_dependence"":false,""schema_version"":""ember_writer_stability_rollout_condition_v1"",""suite"":""libero_10"",""task_id"":1,""teacher_demo"":1,""teacher_raw_frames"":252,""teacher_sampled_frames"":52,""test_use"":false}",N1000,common_held,31,False,1
libero_10,1,validation,put both the cream cheese box and the butter in the basket,2,7,7,"[237537544366603088,4377711933226485083,4788660007159805263,17393041038539281,6663540231053520189,5640786627733641716,6657465019700196683,557610952177037896,6990620465574385082,5083340144013246260,5431125978830615161,6771063504230683973,9171636196861380520,6092847668129716701,2633517551440705676,7678200001578988402,1207862821945206703,6905423834438823346,8451344072386187812,7954488185244623399,7419659545470780857,4033453314564488254,8262692835669004409,4338044275411720028,5749216235295601894,2144243427268010703,2726195583078283313,6536632245765142500,6030034414389871759,7208895055044926003,2217444040212311824,8504274990113212780,6821015111846485544,6151758962031277411,5539655904396036590,1734411083081132399,1944860338937866814,3723878479175287422,2121489029533903927,4724699252759105581,8210828354769804888,8219379349200928774,8943552267309242913,5001365223098226299,8574791211410507597,1198132679271159053,696783229804103743,2469720650938780408,7863796595324854571,40578665032007877,207906401635952564,7442488373002408494,7145202880192885009,6187894358791876805,6268169459498638206,1243927226115219108,2995758008844218891,6009473991422210924,5012125767614478739,2626403740146658947,2520420618293281790,2722476508276810225,6840912642664133171,83875925733558605,7089712986038390783,8603608808279576523,5700704723648848733,7853938343515516028,7607005850956452125,6787314053515032945,524117091167867868,7468508234243980107,8997725298965051947,5530287410135940858,395342534446465335,9197979703121896904,6839877507678758060,4193645749647424219,1432438538352840906,6572792808584455210,8997749385902775353,6106476188912778535,3202501799050848954,5543052816613552351,7812759279058855258,3455343860059300031,5191939225307625937,3314743897481995836,8671963553220609745,4068493854088256022,6045642874181940811,2542234573193339791,7145175376455663805,7636246394926315465,2947224322543040359,3825001018252672089,1537923074713159130,3521113722070615648,2789342468843698042,6358115943118138748,589779690775283711,2891160029758315162,3809874528271221723,4056298425238616656]",False,520,100.17844038875774,103.98764037806541,"{""ever_satisfied"":[true,false],""final_satisfied"":[true,false],""peak_satisfied_count"":1,""predicates"":[[""in"",""cream_cheese_1"",""basket_1_contain_region""],[""in"",""butter_1"",""basket_1_contain_region""]],""schema_version"":""ember_pi05_stage_predicate_episode_v1"",""transitions"":[{""satisfied"":[false,false],""step"":0},{""satisfied"":[true,false],""step"":178},{""satisfied"":[false,false],""step"":232},{""satisfied"":[true,false],""step"":344},{""satisfied"":[false,false],""step"":352},{""satisfied"":[true,false],""step"":356},{""satisfied"":[false,false],""step"":370},{""satisfied"":[true,false],""step"":406},{""satisfied"":[false,false],""step"":407},{""satisfied"":[true,false],""step"":482}]}","{""bytes"":164068359,""path"":""<writer-stability-study>/rollouts/e1/N1000/trajectories/libero_10_task_01_state_002.pt"",""replans"":104}","{""asset"":""N1000"",""checkpoint_selection_use"":false,""global_task_id"":31,""init_state_id"":2,""outcome_dependence"":false,""schema_version"":""ember_writer_stability_rollout_condition_v1"",""suite"":""libero_10"",""task_id"":1,""teacher_demo"":2,""teacher_raw_frames"":246,""teacher_sampled_frames"":50,""test_use"":false}",N1000,common_held,31,False,2
libero_10,1,validation,put both the cream cheese box and the butter in the basket,3,7,7,"[1172433371271890943,1977564003530107199,8115592664614019157,6159323659024996084,2519690596343933893,3091526433145304265,4983200605690899963,8777235373924435877,24668664935122978,4738901875664707595,9146685982721738885,8764811733564714342,6635306866755069675,5286559259175742777,5561457748788341118,8896975671599236419,2575262689060700357,6429110907832080416,4108929753508194225,1278920952570853036,1936917704056445379,2542411021763533232,8853479110757827692,869142526677507796,4060095511433873165,6042885968174723371,4337192355065126869,6967237333313553850,9162203836822167091,1868390445493595235,468709751550360953,5295565572124894114,7834904024165627271,7270315595052438460,3386901692833337559,3416748962656713806,1719984605159610797,2396878498197051677,6830277733851247257,7942976674111433413,1536695889054105869,5082661196935383747,1144820361304319481,4542936399383682853,5541067093559189534,529690065245781455,5029462307555248978,2137477655576930501,5321188535125895451,2070104391903597384,834847158006402801,7253483230452966487,1052936468480163351,8552025359293890063,7580603615504933225,1569145745296256517,6137949514422224468,7562660764472843969,409141062691524893,3383973460302621511,4630998784918542100,3899346986818037287,3175265089064140439,4924449011951044938,4156303845325359211,7694900448521195924,1400762935104569802,6960604059106592194,452563245186382647,7754987409397160068,1680669419616164166,849553679760382897,383189082628014288,5862143357937734684,7568163160770022781,7599529908373285936,3041142869534331622,105126237026140907,6214206691709410873,5836993509239406059,2165691052611190382,5704704268049717633,9002768234225885334,4249241578151460139,2109850119882463633,5014070768486082812,2395669259448408164,5205698568647499533,8206439807761392850,2138773401876216925,3245202509019310374,2041230882120757968,6213452421643305544,1149559515864541208,3138556340763352961,7153861174883512995,6711370508369598272,6512528167997487817,4138676164903788156,6941894878824137839,7310574618247592754,4136379133205037650,4348489292662483355,9204963173706685255]",False,520,103.03880095900968,108.03990088030696,"{""ever_satisfied"":[true,false],""final_satisfied"":[false,false],""peak_satisfied_count"":1,""predicates"":[[""in"",""cream_cheese_1"",""basket_1_contain_region""],[""in"",""butter_1"",""basket_1_contain_region""]],""schema_version"":""ember_pi05_stage_predicate_episode_v1"",""transitions"":[{""satisfied"":[false,false],""step"":0},{""satisfied"":[true,false],""step"":176},{""satisfied"":[false,false],""step"":229}]}","{""bytes"":164068359,""path"":""<writer-stability-study>/rollouts/e1/N1000/trajectories/libero_10_task_01_state_003.pt"",""replans"":104}","{""asset"":""N1000"",""checkpoint_selection_use"":false,""global_task_id"":31,""init_state_id"":3,""outcome_dependence"":false,""schema_version"":""ember_writer_stability_rollout_condition_v1"",""suite"":""libero_10"",""task_id"":1,""teacher_demo"":3,""teacher_raw_frames"":288,""teacher_sampled_frames"":59,""test_use"":false}",N1000,common_held,31,False,3
libero_spatial,5,train,pick up the black bowl on the ramekin and place it on the plate,0,7,7,"[2332885929743906144,78210733290086199,3376592463069148898,7762815535033294232,625510416208986258,3274933733165795718,7831323212908477482,5876748357668257882,1219742529252700978,3198280787423874558,6249066565456398768,1170866556549183009,7172139499213454659,8781504831879024928,8202668504019271104,4242518137201564467,6074743199953778731,3572416567353859243,3948101554073552467,2456074848484716406,2515480201758908000,6752103479293961129,7215025446226185204,419867315998950590,529320435660180835,7318853563378627806,5517754333899680037,6263360992849926639,1720047318602775534,7777319485478269766,6557906389465072226,3711320029471490300,4250064725652837133,2969554618847881582,4307727544405268719,1372467830875306444,8510528787558831859,2838534541106559188,1685529326513934597,2183662958967784552,7146994113559057928,62888092219564004,9166618968524224175,6180584448943975133]",False,220,38.71162364585325,39.72172556910664,"{""ever_satisfied"":[false],""final_satisfied"":[false],""peak_satisfied_count"":0,""predicates"":[[""on"",""akita_black_bowl_1"",""plate_1""]],""schema_version"":""ember_pi05_stage_predicate_episode_v1"",""transitions"":[{""satisfied"":[false],""step"":0}]}","{""bytes"":69415257,""path"":""<writer-stability-study>/rollouts/e1/N1000/trajectories/libero_spatial_task_05_state_000.pt"",""replans"":44}","{""asset"":""N1000"",""checkpoint_selection_use"":false,""global_task_id"":5,""init_state_id"":0,""outcome_dependence"":false,""schema_version"":""ember_writer_stability_rollout_condition_v1"",""suite"":""libero_spatial"",""task_id"":5,""teacher_demo"":0,""teacher_raw_frames"":137,""teacher_sampled_frames"":29,""test_use"":false}",N1000,train,5,False,0
libero_spatial,5,train,pick up the black bowl on the ramekin and place it on the plate,1,7,7,"[2108315156300481109,6305114771558722149,6669850385748815919,1597813286460548712,7256603962091698256,6162984425250244553,7024547178120253095,1894120186701069329,8416214940848459239,6776971739970383916,2003017125639076934,8282448937498330936,3625812035987816419,7680878236674968614,9102634027979643941,2770263705301515055]",True,80,17.998810663819313,20.087683477904648,"{""ever_satisfied"":[true],""final_satisfied"":[true],""peak_satisfied_count"":1,""predicates"":[[""on"",""akita_black_bowl_1"",""plate_1""]],""schema_version"":""ember_pi05_stage_predicate_episode_v1"",""transitions"":[{""satisfied"":[false],""step"":0},{""satisfied"":[true],""step"":80}]}","{""bytes"":25242649,""path"":""<writer-stability-study>/rollouts/e1/N1000/trajectories/libero_spatial_task_05_state_001.pt"",""replans"":16}","{""asset"":""N1000"",""checkpoint_selection_use"":false,""global_task_id"":5,""init_state_id"":1,""outcome_dependence"":false,""schema_version"":""ember_writer_stability_rollout_condition_v1"",""suite"":""libero_spatial"",""task_id"":5,""teacher_demo"":1,""teacher_raw_frames"":131,""teacher_sampled_frames"":27,""test_use"":false}",N1000,train,5,False,1
libero_spatial,5,train,pick up the black bowl on the ramekin and place it on the plate,2,7,7,"[3560787555776424136,7226996573937802746,6855028940056842727,5825837294166451036,8732433570626755307,5302160669969465098,4822764827269271930,8522734176745473494,801129458069335042,1019998127984911016,8592203178932525271,767638826384455817,4129916199427641160,8113388187416614587,1009567069286752128,8291526830846242392,6231563887409315064,5202871763461620023]",True,86,19.305232731625438,22.37627501692623,"{""ever_satisfied"":[true],""final_satisfied"":[true],""peak_satisfied_count"":1,""predicates"":[[""on"",""akita_black_bowl_1"",""plate_1""]],""schema_version"":""ember_pi05_stage_predicate_episode_v1"",""transitions"":[{""satisfied"":[false],""step"":0},{""satisfied"":[true],""step"":86}]}","{""bytes"":28397813,""path"":""<writer-stability-study>/rollouts/e1/N1000/trajectories/libero_spatial_task_05_state_002.pt"",""replans"":18}","{""asset"":""N1000"",""checkpoint_selection_use"":false,""global_task_id"":5,""init_state_id"":2,""outcome_dependence"":false,""schema_version"":""ember_writer_stability_rollout_condition_v1"",""suite"":""libero_spatial"",""task_id"":5,""teacher_demo"":2,""teacher_raw_frames"":121,""teacher_sampled_frames"":25,""test_use"":false}",N1000,train,5,False,2
libero_spatial,5,train,pick up the black bowl on the ramekin and place it on the plate,3,7,7,"[3621597416465773204,8359337169648245935,5744939891821775059,7086073565515240221,8414104011005972442,1357607194157334646,2457086667379005528,5139625551208531962,1783376984749811127,2203776395258555631,3657205777711994108,7764281548266222437,3692589158748323839,6333526485836836501,7238512290876979597,8252196340216571223,1391771959196485743,6178020184378955223,1721163266043831601,4312768008700186563,2859265695794382997,6257629896877401346,3214259742792075943,1999357425995595611,8867469239714716146,258670271998867373,3128089778059045497,4972603320284032672,3517116997601447791,8458840178778282710,3850010694656790019,6039143352532170053,5728601851165170391,5397310806882260251,2293439605123562986,3944940115202676581,3887942342016073271,7193857442464383750,5977725493914439167,1467464744768087708,4873965942234301875,3138613920958659569,2614654898400994111,1214837462032301007]",False,220,36.41338835796341,40.458616299089044,"{""ever_satisfied"":[false],""final_satisfied"":[false],""peak_satisfied_count"":0,""predicates"":[[""on"",""akita_black_bowl_1"",""plate_1""]],""schema_version"":""ember_pi05_stage_predicate_episode_v1"",""transitions"":[{""satisfied"":[false],""step"":0}]}","{""bytes"":69415257,""path"":""<writer-stability-study>/rollouts/e1/N1000/trajectories/libero_spatial_task_05_state_003.pt"",""replans"":44}","{""asset"":""N1000"",""checkpoint_selection_use"":false,""global_task_id"":5,""init_state_id"":3,""outcome_dependence"":false,""schema_version"":""ember_writer_stability_rollout_condition_v1"",""suite"":""libero_spatial"",""task_id"":5,""teacher_demo"":3,""teacher_raw_frames"":121,""teacher_sampled_frames"":25,""test_use"":false}",N1000,train,5,False,3
libero_spatial,7,train,pick up the black bowl on the stove and place it on the plate,0,7,7,"[8860512939643002952,7305892915116313584,6600149728612776307,8752014322555712292,9159443665344864132,3748566440965895194,673031707609208575,4382847811375432032,3183953177240202152,4827959849555365684,8027860632661586452,523990053016017450,9085873970308404896,8932401287869707718,3414090784665512976,7516448465408070827,1406352271980649565,7521697099492649814,4462510421249513874,3876035414895575679,5299465691909999882,8781439129847774454,6686528434166226194,972450351795151281]",True,118,27.37661278201267,28.386234725359827,"{""ever_satisfied"":[true],""final_satisfied"":[true],""peak_satisfied_count"":1,""predicates"":[[""on"",""akita_black_bowl_1"",""plate_1""]],""schema_version"":""ember_pi05_stage_predicate_episode_v1"",""transitions"":[{""satisfied"":[false],""step"":0},{""satisfied"":[true],""step"":118}]}","{""bytes"":37863389,""path"":""<writer-stability-study>/rollouts/e1/N1000/trajectories/libero_spatial_task_07_state_000.pt"",""replans"":24}","{""asset"":""N1000"",""checkpoint_selection_use"":false,""global_task_id"":7,""init_state_id"":0,""outcome_dependence"":false,""schema_version"":""ember_writer_stability_rollout_condition_v1"",""suite"":""libero_spatial"",""task_id"":7,""teacher_demo"":0,""teacher_raw_frames"":155,""teacher_sampled_frames"":32,""test_use"":false}",N1000,train,7,False,0
libero_spatial,7,train,pick up the black bowl on the stove and place it on the plate,1,7,7,"[4534021060883521833,9026905912977082461,4808555720481214932,8503670798955834384,5972345743408122066,8838525188849991096,2856101562254632339,4482595906452315814,3434188169977942467,7985418067034188883,9097367675132806926,2058352380433547633,3431551927526130333,8808354954499189918,557616745451118471,7019629026487755929,5921363881277097403,8825026556377032831,2264481834634252451,457293413597673605,3581166459691132976,6043476433407198372,8252721951464966321,5977862060771975128,1996687696070853151,9209232472459138575]",True,126,27.93465132219717,29.956956193316728,"{""ever_satisfied"":[true],""final_satisfied"":[true],""peak_satisfied_count"":1,""predicates"":[[""on"",""akita_black_bowl_1"",""plate_1""]],""schema_version"":""ember_pi05_stage_predicate_episode_v1"",""transitions"":[{""satisfied"":[false],""step"":0},{""satisfied"":[true],""step"":126}]}","{""bytes"":41018563,""path"":""<writer-stability-study>/rollouts/e1/N1000/trajectories/libero_spatial_task_07_state_001.pt"",""replans"":26}","{""asset"":""N1000"",""checkpoint_selection_use"":false,""global_task_id"":7,""init_state_id"":1,""outcome_dependence"":false,""schema_version"":""ember_writer_stability_rollout_condition_v1"",""suite"":""libero_spatial"",""task_id"":7,""teacher_demo"":1,""teacher_raw_frames"":125,""teacher_sampled_frames"":26,""test_use"":false}",N1000,train,7,False,1
libero_spatial,7,train,pick up the black bowl on the stove and place it on the plate,2,7,7,"[2716251375073171738,8049712028238188176,1598961167065654123,4755763789268781435,4646857958709024522,6914225840622955044,5573874959127695675,7114826051942459516,4493222236179623310,6151224640883173422,1308415051361516778,9096980738005567473,8228643533572900652,7691863563192459793,7592960794211444420,9056922484206779306,2234326808775397208,4827621346943853126,5758187805781238965,887643835648115926,4246874755487696912,3883115485969714727,2540104280623826014,1193382702733136726,7839651454512889570,2752705616438492218,6596127430420649144,8011189765139562093,7657678188807738705,4136561560056667068,5502371455550140868,9124063493594759361,1096978923999802024,3691642810089932046,1350503961224824278,6931243959765902062,8513184159200957929,2354360847982983501,1559609129718358565,8658316650126808413,992211794280987411,2014052334291499825,4733012067838475632,7414480624327730809]",False,220,36.11576093966141,39.14015290699899,"{""ever_satisfied"":[false],""final_satisfied"":[false],""peak_satisfied_count"":0,""predicates"":[[""on"",""akita_black_bowl_1"",""plate_1""]],""schema_version"":""ember_pi05_stage_predicate_episode_v1"",""transitions"":[{""satisfied"":[false],""step"":0}]}","{""bytes"":69415257,""path"":""<writer-stability-study>/rollouts/e1/N1000/trajectories/libero_spatial_task_07_state_002.pt"",""replans"":44}","{""asset"":""N1000"",""checkpoint_selection_use"":false,""global_task_id"":7,""init_state_id"":2,""outcome_dependence"":false,""schema_version"":""ember_writer_stability_rollout_condition_v1"",""suite"":""libero_spatial"",""task_id"":7,""teacher_demo"":2,""teacher_raw_frames"":124,""teacher_sampled_frames"":26,""test_use"":false}",N1000,train,7,False,2
libero_spatial,7,train,pick up the black bowl on the stove and place it on the plate,3,7,7,"[6262820076752428103,4647141719007556199,2558909064595167663,1436225617566126154,5331028542787216864,1700471507057443990,3493721523755451788,2886529366537706207,6967346967983560001,5617073074102920609,5984865832338637220,8559952677090218467,3832477420239482378,176646764400085765,6848534797422537363,4932562024647258224,5609398224426934900,4717874863988391871,3495055827177260515,7918636031778131271,3293542358724567982,7135344104179070012,8594750535769308648]",True,113,23.26121484208852,27.290114246308804,"{""ever_satisfied"":[true],""final_satisfied"":[true],""peak_satisfied_count"":1,""predicates"":[[""on"",""akita_black_bowl_1"",""plate_1""]],""schema_version"":""ember_pi05_stage_predicate_episode_v1"",""transitions"":[{""satisfied"":[false],""step"":0},{""satisfied"":[true],""step"":113}]}","{""bytes"":36285802,""path"":""<writer-stability-study>/rollouts/e1/N1000/trajectories/libero_spatial_task_07_state_003.pt"",""replans"":23}","{""asset"":""N1000"",""checkpoint_selection_use"":false,""global_task_id"":7,""init_state_id"":3,""outcome_dependence"":false,""schema_version"":""ember_writer_stability_rollout_condition_v1"",""suite"":""libero_spatial"",""task_id"":7,""teacher_demo"":3,""teacher_raw_frames"":191,""teacher_sampled_frames"":39,""test_use"":false}",N1000,train,7,False,3
libero_object,2,train,pick up the salad dressing and place it in the basket,0,7,7,"[926971204240776524,8852970192180508234,7594642915430612756,6949624471219738414,8678418478545596585,7955862672732622887,3105327838272853580,6211554433824911803,6656189574454732066,5578928989321598728,5992228228138252069,1563889852935576123,2143145904404040586,166840200037075020,8136154808220516449,8394378735983203648,6806365180665921169,3588972006584734615,8041013076229572720,3899524213718088049,1060033558408845916,1474019411076631326,4030917986631749338,1920393417184737037]",True,117,23.19155623205006,24.319244157988578,"{""ever_satisfied"":[true],""final_satisfied"":[true],""peak_satisfied_count"":1,""predicates"":[[""in"",""salad_dressing_1"",""basket_1_contain_region""]],""schema_version"":""ember_pi05_stage_predicate_episode_v1"",""transitions"":[{""satisfied"":[false],""step"":0},{""satisfied"":[true],""step"":117}]}","{""bytes"":37863263,""path"":""<writer-stability-study>/rollouts/e1/N1000/trajectories/libero_object_task_02_state_000.pt"",""replans"":24}","{""asset"":""N1000"",""checkpoint_selection_use"":false,""global_task_id"":12,""init_state_id"":0,""outcome_dependence"":false,""schema_version"":""ember_writer_stability_rollout_condition_v1"",""suite"":""libero_object"",""task_id"":2,""teacher_demo"":0,""teacher_raw_frames"":137,""teacher_sampled_frames"":29,""test_use"":false}",N1000,train,12,False,0
libero_object,2,train,pick up the salad dressing and place it in the basket,1,7,7,"[1901561695000682192,2003766107740913469,8755200202034928571,3133797423555193730,8435314461711372540,5267886066226551003,695848683296115357,2713319643480232557,9188174131248631266,1362528486973096986,6839078978808543802,220334253274724613,73283253109529949,4947001090250361269,632322592973956895,1917767870106579780,4306378780912509961,7511429792504407578,8536027760756004605,2182079769965389270,3975142908658168401,2565459673285321056,3189876221184975315,6453834132575965793,1774322765775069461,2843693022487972725,7373677649854649301,3086439080011965080,8152262382344389222,5717011585812009083,4119944326188867785,1323441598191467120,1889714953393603785,5191220327495673327,7694156533531543963,7495959713903553051,6783463270577461664,8756921786846037510,8112098236217851224,8200168533135899433,2028940080133672165,2024310360713863999,3994415375352535725,6664617973221683548,6655741272199419378,907258625021504820,8948112858356337270,8644386923918930220,7481039100869315351,3011156613347040234,1582254911761359315,5472288417531588728,4781665992265395053,6631220592358479453,4037821958267693051,3636440491695181790]",False,280,45.91013315413147,48.00836235517636,"{""ever_satisfied"":[false],""final_satisfied"":[false],""peak_satisfied_count"":0,""predicates"":[[""in"",""salad_dressing_1"",""basket_1_contain_region""]],""schema_version"":""ember_pi05_stage_predicate_episode_v1"",""transitions"":[{""satisfied"":[false],""step"":0}]}","{""bytes"":88346143,""path"":""<writer-stability-study>/rollouts/e1/N1000/trajectories/libero_object_task_02_state_001.pt"",""replans"":56}","{""asset"":""N1000"",""checkpoint_selection_use"":false,""global_task_id"":12,""init_state_id"":1,""outcome_dependence"":false,""schema_version"":""ember_writer_stability_rollout_condition_v1"",""suite"":""libero_object"",""task_id"":2,""teacher_demo"":1,""teacher_raw_frames"":124,""teacher_sampled_frames"":26,""test_use"":false}",N1000,train,12,False,1
libero_object,2,train,pick up the salad dressing and place it in the basket,2,7,7,"[819876312240355918,7393526760793077091,8219609591024630774,678086930081810191,5378668988763670442,8562896929448108889,7952206833824424980,6153578163397244934,8600353560611264702,5360519908927206101,1677456591289604523,4312131950909776386,1300295824871377689,8889213098818255465,506148884820736663,2789678235081217361,2700613037678503463,8166941857721968609,884944661215142797,4953819884431911953,4135886623190422532,4445636141886008669,4937543429469994179,1010900006734588013,5199730149621723732,6518585211636964647,8997351660534223289,5356573588739936257,4714849124857119837,193951054744898384,1762877312884787248,2404646303181169857,2605527945320466828,3447154030184229443,8790014835371623008,3889939628997399010,7421954123470736643,4488619821623410764,4160300164860709177,8855054048831931175,7329290406030931087,2081807024682103391,5159253211862069775,877956378140801670,8152468559839654363,5519465065735787234,3457895309141532787,393211916946199439,5657007264506806158,3130348390783210744,7288498309655178837,8538400492206860910,2218218315446327916,7111474715722402595,718482248167924527,8177669145935066372]",False,280,46.134600691031665,49.28634264692664,"{""ever_satisfied"":[false],""final_satisfied"":[false],""peak_satisfied_count"":0,""predicates"":[[""in"",""salad_dressing_1"",""basket_1_contain_region""]],""schema_version"":""ember_pi05_stage_predicate_episode_v1"",""transitions"":[{""satisfied"":[false],""step"":0}]}","{""bytes"":88346143,""path"":""<writer-stability-study>/rollouts/e1/N1000/trajectories/libero_object_task_02_state_002.pt"",""replans"":56}","{""asset"":""N1000"",""checkpoint_selection_use"":false,""global_task_id"":12,""init_state_id"":2,""outcome_dependence"":false,""schema_version"":""ember_writer_stability_rollout_condition_v1"",""suite"":""libero_object"",""task_id"":2,""teacher_demo"":2,""teacher_raw_frames"":129,""teacher_sampled_frames"":27,""test_use"":false}",N1000,train,12,False,2
libero_object,2,train,pick up the salad dressing and place it in the basket,3,7,7,"[8639434405770398152,205919488606740875,2501948881802714263,5069929753859729762,3302366391688415942,9001581433863466647,9100694176453527499,328107878187802325,765954685160989904,6696427461794402730,3918120898880784857,907785793522543587,4121862568451884869,8672988666222239330,6314501926142379404,7414403981683438948,8881091179082601343,1875116340184474766,1900830040124490039,1950079712428461041,2516449151849810246,2310421115796619497,9054438725339839852,300142070450751365,7502943848515967706,7525226907824315211,1579069792832207232,2126256233270394446,200425568793567960,1473398849984927838,256974336133703160,2579939327168962525,7516160650261415276,5804312339824171996,1125953436632123172,8972614325382409897,6585408981715560279,8657870435269572251,4359114053935924699,4358653051936709503,8564780160120538480,5772594916368460674,2487848699716086663,6540382024773083440,6087995028654358106,1509307301461323395,3132709909459763677,5386500077548155145,8902967546907806115,5367969233733623052,8661713807828836874,8865162749370189000,9001557041549757974,7615066434818214185,5998747412507569924,1772336693234564772]",False,280,46.67332141427323,50.83292976627126,"{""ever_satisfied"":[false],""final_satisfied"":[false],""peak_satisfied_count"":0,""predicates"":[[""in"",""salad_dressing_1"",""basket_1_contain_region""]],""schema_version"":""ember_pi05_stage_predicate_episode_v1"",""transitions"":[{""satisfied"":[false],""step"":0}]}","{""bytes"":88346143,""path"":""<writer-stability-study>/rollouts/e1/N1000/trajectories/libero_object_task_02_state_003.pt"",""replans"":56}","{""asset"":""N1000"",""checkpoint_selection_use"":false,""global_task_id"":12,""init_state_id"":3,""outcome_dependence"":false,""schema_version"":""ember_writer_stability_rollout_condition_v1"",""suite"":""libero_object"",""task_id"":2,""teacher_demo"":3,""teacher_raw_frames"":125,""teacher_sampled_frames"":26,""test_use"":false}",N1000,train,12,False,3
libero_10,7,train,put both the alphabet soup and the cream cheese box in the basket,0,7,7,"[907041501630148667,4612298201938112620,7281379436564235312,8338984819693199724,2296327197964993479,1274874525767175883,1421085673004716131,8425219134706071258,2062056564332073825,3071823040802638185,7938505278379970267,3522984377378569669,5154699334473623640,5638591476749275226,7552400992327635367,4732095005522759435,548401318343329476,267082782734891939,5857808572556056244,728457632512888542,2479756125584198374,4267585010630026791,3441643870553481288,8467915757498431008,5439084353704905879,2429549296788933905,55074050952303357,7067922698958479450,3148481196641040200,7928035374902457223,2440436879351599588,3729017454671572477,656442492107433950,6368157897057010948,3464442594792354172,1280125980264144632,8474274633303663975,4870810077541056637,7166101728600443393,369158490192561197,764757969214367234,3552159545576718613,994019392606449986,7808204169934001903,6396956296601003891,2148627265909606181,3392973609910076788,7144436042418807983,5348980458885744959,4710379024947167801,2102325676071880200,7802958165199808900,7461942172918253974,1218388398405274306,392458831657878906,6590274664344723069,1400311591597243061,6427826179529007617,7561970502556684824,16365147013489906,5228993989077058462,295910565704308193,3394426775192119598,8885130823453246454,3748372839250570386,3320561817070163554,966629360257932400,4811120863705711270,296829742769947350,3092804896698176966,296167447230495646,810089096932966293,8741917624679889136,7871940741339257513,8401821595854342203,4242417619588867427,9138461713831371825,6024350963047988776,977910218116802625,5200378620612232775,6399390929912526975,4744121557822715846,3997620433158045038,223723754650196826,3518372711840788568,3634511857670995257,3916680606408163829,2501694197616607605,4822630195595801752,6420702409120910458,8409977474229500199,1018442530405220125,7958461568913414347,1035610121672196957,295204503310828007,6086186534023783407,2787746379315941291,3736818618910971356,7174628741712051589,5921757162884404215,3931247013430965799,8442066800826368234,5675513978904135468,4505244731065817687]",False,520,91.79867420578375,92.84962244099006,"{""ever_satisfied"":[true,false],""final_satisfied"":[true,false],""peak_satisfied_count"":1,""predicates"":[[""in"",""alphabet_soup_1"",""basket_1_contain_region""],[""in"",""cream_cheese_1"",""basket_1_contain_region""]],""schema_version"":""ember_pi05_stage_predicate_episode_v1"",""transitions"":[{""satisfied"":[false,false],""step"":0},{""satisfied"":[true,false],""step"":377},{""satisfied"":[false,false],""step"":378},{""satisfied"":[true,false],""step"":383}]}","{""bytes"":164068359,""path"":""<writer-stability-study>/rollouts/e1/N1000/trajectories/libero_10_task_07_state_000.pt"",""replans"":104}","{""asset"":""N1000"",""checkpoint_selection_use"":false,""global_task_id"":37,""init_state_id"":0,""outcome_dependence"":false,""schema_version"":""ember_writer_stability_rollout_condition_v1"",""suite"":""libero_10"",""task_id"":7,""teacher_demo"":0,""teacher_raw_frames"":242,""teacher_sampled_frames"":50,""test_use"":false}",N1000,train,37,False,0
libero_10,7,train,put both the alphabet soup and the cream cheese box in the basket,1,7,7,"[6054502716598075368,3373274192069980437,3185364884059471209,3608991073448512685,517748803206916309,9010808168683658860,3969398306279785984,4655120805785931556,7448513816754508384,6099694596918001882,2806494977354897077,1697037100477914334,3569436727247049860,9001816453034556463,5893953901839926098,379451450119823168,8132891434927867249,2722460681803149974,1058756159028552051,8444513812763477876,6323003568009789490,52925706232198483,3407496001400737197,794108315628650049,1689708956482017287,6306014752980090556,222897003135104657,8970068682809487284,4922052258049670881,8302988477073037773,1401187420163282846,5228472353476866614,4162134272585034759,6051809908143140903,714351754922177042,7991097623387708277,3396592449574138399,858780414343094743,1449441676156483277,3888627651511577075,155784254709717277,6010283337508566400,3779320978360101683,4318483056333515657,4692049277477932425,1941648099277504086,6553702964953029061,4236415250678739318,6518696491373012657,190199796422483962,8469442507697709941,7455061427177288459,4234408307774238832,4590956702557915850,6208500787622481845,3636122027318942685,2679645038158141695,5819158568058406159,1802602973444189485,3831144166720032239,1040054466211122704,6993185429138551357,3768803779400020884,510294469297024565,950927877389133366,8484010846785167239,3582158776025324215,5718180638084070370,8933752313594336548,1928031053182024831,4015617872392473536,820497684339733641,5926618261464899105,4649812173987320543,2209302671799867726,6331683035942567992,4470305473552257165,7628422331271476795,3618030208784749640,6201299382274795221,7737420559239050910,4223015513045081968,4200282289783786762,324168955198484415,2673655210954264192,671449631717851877,8543274320607591621,8659223830905750508,7956748313373601931,6982828976739134818,7446992908545697567,3815967400527592716,234038522364502723,1737442943690687005,6286049096464904391,271914701293051695,8471339901034421080,9000154197992288312,8547620048380180551,1511146987209210290,5309627985096157116,2182630813419250643,7745561134183826985,1331092219490038653]",False,520,93.3893572841771,95.43977463012561,"{""ever_satisfied"":[false,false],""final_satisfied"":[false,false],""peak_satisfied_count"":0,""predicates"":[[""in"",""alphabet_soup_1"",""basket_1_contain_region""],[""in"",""cream_cheese_1"",""basket_1_contain_region""]],""schema_version"":""ember_pi05_stage_predicate_episode_v1"",""transitions"":[{""satisfied"":[false,false],""step"":0}]}","{""bytes"":164068359,""path"":""<writer-stability-study>/rollouts/e1/N1000/trajectories/libero_10_task_07_state_001.pt"",""replans"":104}","{""asset"":""N1000"",""checkpoint_selection_use"":false,""global_task_id"":37,""init_state_id"":1,""outcome_dependence"":false,""schema_version"":""ember_writer_stability_rollout_condition_v1"",""suite"":""libero_10"",""task_id"":7,""teacher_demo"":1,""teacher_raw_frames"":290,""teacher_sampled_frames"":59,""test_use"":false}",N1000,train,37,False,1
libero_10,7,train,put both the alphabet soup and the cream cheese box in the basket,2,7,7,"[1141831798795922170,476116436293911919,8237067642382420058,8506762262383606495,8118914937716207702,6284120947842339944,5004368348949994857,2575816952202784325,8399303744084685300,3438407395270645068,4847004481919487525,4778235962858992395,2987713141466338533,7585356651342685923,6087824187240540081,2465977945630732666,818275127846322222,4361172374205476552,1363189026606831070,7707235255140555837,237400437888141885,1146283858514531568,3850848674028441834,650811130426090841,6160135171061725906,3483504987025845820,6498816732458390038,7218577709392159996,7128287944051605903,50186553606729547,703871423265154097,6748925175270680900,62943701319998776,8871551844684075718,6246572900359449399,6724406725943219299,7589562940788109256,1311415916896953251,8538578553698842348,8590143181027533353,1727269024583300655,8874194122223207471,1494456880129197172,1258027500909655032,2123678301846287987,6615294656067858141,5292781605920597399,6766452077574426209,4106142271637509256,7944857383135646459,2758304030882941327,1233962433497190800,5931477854873810331,1925478660043407668,2134106801114080327,4348801145395112301,6160679031719540698,3369816591660648786,2280960161367007601,557433821533756898,1217891274277304196,6202938268278775218,5240813012727036006,4138247183796128962,2054745184669374678,6688422715802741941,5370938374695873133,970657361401365502,4713334836722068677,2850674496921258715,6440404907726577001,6171658903066643722,997422333609621335,7577269608788472229,3446083354664527197,510780841048115194,8515050851575796409,6920007193926463418,6126022714081227279,1955590628937665394,6698644887553929726,6541561136147510786,7011330802243393838,348519991771392262,9130587294232619711,2451859591301851178,3481335388180168434,5233216538340285585,3062247386180999954,4288550607542731705,1882046761460653632,9071015358654588223,6951379190886080891,6077096367902582772,2626458182097447421,7090134528142170725,1115484594475126944,8779766114981472810,8940209548837429144,5707024185741747726,7920270302049334209,3618632278539522716,5519291449870267523,2928146858623352653]",False,520,94.35856886720285,97.39389236923307,"{""ever_satisfied"":[true,false],""final_satisfied"":[true,false],""peak_satisfied_count"":1,""predicates"":[[""in"",""alphabet_soup_1"",""basket_1_contain_region""],[""in"",""cream_cheese_1"",""basket_1_contain_region""]],""schema_version"":""ember_pi05_stage_predicate_episode_v1"",""transitions"":[{""satisfied"":[false,false],""step"":0},{""satisfied"":[true,false],""step"":443},{""satisfied"":[false,false],""step"":445},{""satisfied"":[true,false],""step"":456}]}","{""bytes"":164068359,""path"":""<writer-stability-study>/rollouts/e1/N1000/trajectories/libero_10_task_07_state_002.pt"",""replans"":104}","{""asset"":""N1000"",""checkpoint_selection_use"":false,""global_task_id"":37,""init_state_id"":2,""outcome_dependence"":false,""schema_version"":""ember_writer_stability_rollout_condition_v1"",""suite"":""libero_10"",""task_id"":7,""teacher_demo"":2,""teacher_raw_frames"":246,""teacher_sampled_frames"":50,""test_use"":false}",N1000,train,37,False,2
libero_10,7,train,put both the alphabet soup and the cream cheese box in the basket,3,7,7,"[2564337726511075081,5588539802720706177,8775329953075666572,5502734918043840715,2092305860409775971,409625624490978284,4085299268941489435,8537830137714499300,568405597646791332,7423717016718826754,3915870455637148669,2898978858585350803,4397789666744193489,2082563152445061563,4581449232139627278,3122536630266406140,402405693449307991,5333397642091636170,4281490812767731821,1427349246640133864,2491309653112030774,522460717354252433,3125383268646429144,7478539731247921594,5371076715465631031,7506666998267534558,916571016847850532,8462493505229270233,1275308000854540889,302180627571622010,5418315110241812777,5655448071561038713,1171241367948681616,3039543837268948738,8310244414432532984,6347707175048813495,1089396369855840143,6191562696556655605,1307279807344854794,4573733249512577896,3781442485052134047,4904651705656643174,3964760207791545460,4888267404949723309,5708215700067311094,93351870594750137,7590328213776734030,2376818188200500100,8033740422074731563,8833071520693473000,3900278425239308475,6285770524664953689,298215509636217961,7524413092535480125,1924834980762599057,5353770390211977189,5775369009135924867,4983960296733771645,40860364176140609,8913189508617915024,1653597497255095179,5228244224918912755,7952889457035110258,2998638369209666747,7360675218213687924,3960161747503774333,1162121901720168574,2771401518294943291,494829771310993070,1016663463374572010,5221300783558526386,3566105101420442845,2496767167296237965,2022532979888013655,7570518909759524339,2735949389879153538,9105492749033457927,5412777787333337721,119534179516599881,5819652029600558410,2246517444466848572,1596380778975994481,1338579922064022058,2603405220912974990,5663788447106072631,4672507471840626590,8145653830112058190,486078702135903794,3280033746944948631,7467581260173456463,4338782030418425116,2037733434139655232,8367183244256398486,6074121470605164128,6471962946093271814,8760919547051329777,1426197829903420392,6525226390880203438,4334216163813253032,5716428432204494209,8045796856932139703,1940061399356146172,8803015403780318604,7112992690418151429]",False,520,95.50562215503305,99.49257580237463,"{""ever_satisfied"":[true,false],""final_satisfied"":[true,false],""peak_satisfied_count"":1,""predicates"":[[""in"",""alphabet_soup_1"",""basket_1_contain_region""],[""in"",""cream_cheese_1"",""basket_1_contain_region""]],""schema_version"":""ember_pi05_stage_predicate_episode_v1"",""transitions"":[{""satisfied"":[false,false],""step"":0},{""satisfied"":[true,false],""step"":346}]}","{""bytes"":164068359,""path"":""<writer-stability-study>/rollouts/e1/N1000/trajectories/libero_10_task_07_state_003.pt"",""replans"":104}","{""asset"":""N1000"",""checkpoint_selection_use"":false,""global_task_id"":37,""init_state_id"":3,""outcome_dependence"":false,""schema_version"":""ember_writer_stability_rollout_condition_v1"",""suite"":""libero_10"",""task_id"":7,""teacher_demo"":3,""teacher_raw_frames"":279,""teacher_sampled_frames"":57,""test_use"":false}",N1000,train,37,False,3
libero_90,3,meta_train,put the butter at the back in the top drawer of the cabinet and close it,0,7,7,"[3463252452235991221,2337350760912150312,8161855968009784438,8214055746421606667,1542958794424955060,1596371316421749689,3300839992879728970,1515216923558476676,8888616565337359682,3989284990074701907,2047032325460580723,208746576969330771,7795845198237565512,4976912510760930834,7677423444143065202,8437475311278861364,2992029420982994691,8540929155291270607,8857381824075531757,6717524333376369801,318682629911040204,8238151636016414989,9078950066631763160,6879576329745308635,4784715550055640506,3237121610935137325,275944231883205180,5679325194804583127,4967419413390713644,2167890266506144336,5863705567279506357,7761565759944990785,749883301249389933,7745405932829170145]",True,169,31.573704189620912,32.57859514700249,"{""ever_satisfied"":[true,true],""final_satisfied"":[true,true],""peak_satisfied_count"":2,""predicates"":[[""in"",""butter_2"",""wooden_cabinet_1_top_region""],[""close"",""wooden_cabinet_1_top_region""]],""schema_version"":""ember_pi05_stage_predicate_episode_v1"",""transitions"":[{""satisfied"":[false,false],""step"":0},{""satisfied"":[true,false],""step"":121},{""satisfied"":[true,true],""step"":169}]}","{""bytes"":53638443,""path"":""<writer-stability-study>/rollouts/e1/N1000/trajectories/libero_90_task_03_state_000.pt"",""replans"":34}","{""asset"":""N1000"",""checkpoint_selection_use"":false,""global_task_id"":43,""init_state_id"":0,""outcome_dependence"":false,""schema_version"":""ember_writer_stability_rollout_condition_v1"",""suite"":""libero_90"",""task_id"":3,""teacher_demo"":0,""teacher_raw_frames"":183,""teacher_sampled_frames"":38,""test_use"":false}",N1000,train,43,False,0
libero_90,3,meta_train,put the butter at the back in the top drawer of the cabinet and close it,1,7,7,"[1744563937202573523,1501003248594690273,4253770601318701296,569720763052505910,299951401507768706,4043973426313508183,8115517137211960739,162191702331670159,3187597477918770790,4281690915880607494,1581939060727012639,6615223608210381767,740238587186198268,4940629726328038995,5365514443359147225,2607753611118602531,3753150467719338450,7704083716949971615,2439358823286897676,8744672896785378582,3236819262618452874,8946988731821132698,1129383953514847038,3682261918095857997,2894654045154240909,3754117739133419628,7384586953620171694,934313948325649401,4470262752704418924,8616903928537340804,8502319734231964819,666073978247704497,4632206942576607149,5717284662142015458,3714063673190115246,8956307803125253506,3006628929142561915,7221847654967489809,8810540623657208093,4987444605859592822,8510236322019906113,1645155789097810721,2338417431097479678,5184122402600124683,8248378395996744609,4154410740635730229,3212729081858374170,3290179764328841330,3965088169182855839,7778407970895099842,1887935274734365856,5298254513216022455,6708291835253940653,7503563274835975588,1275802730566037733,2105205285945811199,6507750431272380395,5300150638411956224,2743367277329917707,7146175411066914808,2125538946275256949,5203068838537854607,8930467415322172262,3926994520100602731,3604152635855828965,5693288806760571001,144643616978297979,6507439242720680948,1776958691228115775,1339647855977536959,7510271815279146723,3747459138505968126,8904326392794307666,7420229589559841585,4767937041690697535,283088200525881925,7991439676075133577,1000234148043899946,7636747624529989313,907323717247090788]",False,400,59.39432333782315,61.352736968081445,"{""ever_satisfied"":[false,true],""final_satisfied"":[false,true],""peak_satisfied_count"":1,""predicates"":[[""in"",""butter_2"",""wooden_cabinet_1_top_region""],[""close"",""wooden_cabinet_1_top_region""]],""schema_version"":""ember_pi05_stage_predicate_episode_v1"",""transitions"":[{""satisfied"":[false,false],""step"":0},{""satisfied"":[false,true],""step"":168},{""satisfied"":[false,false],""step"":204},{""satisfied"":[false,true],""step"":207}]}","{""bytes"":126206679,""path"":""<writer-stability-study>/rollouts/e1/N1000/trajectories/libero_90_task_03_state_001.pt"",""replans"":80}","{""asset"":""N1000"",""checkpoint_selection_use"":false,""global_task_id"":43,""init_state_id"":1,""outcome_dependence"":false,""schema_version"":""ember_writer_stability_rollout_condition_v1"",""suite"":""libero_90"",""task_id"":3,""teacher_demo"":1,""teacher_raw_frames"":204,""teacher_sampled_frames"":42,""test_use"":false}",N1000,train,43,False,1
libero_90,3,meta_train,put the butter at the back in the top drawer of the cabinet and close it,2,7,7,"[8949149783415477956,4516295665246213560,2052271694247586027,9011631737548241417,97854790008320753,451153564187916741,7478978813103900898,6827742394449694272,5265033022042814656,4779545910765386669,7291454868160903245,3532146457711357421,515814491144078332,5353791895988005663,9177168810835222914,1461779550137009919,5217533246683209881,1110883722056685302,2303758629452565078,4169525421616883259,5762972253255117270,4794296292723991611,8831835289473304312,1882595891243347702,6381697104859554636,6596537141792510128,2562888767021537259,1324141186910733951,2559933900609270726,6369406974844891187,1715250129649892035,6730461007539867397,4516266053431266601,1987629881003342778,1366942092025472909]",True,174,31.000299192033708,33.770450266078115,"{""ever_satisfied"":[true,true],""final_satisfied"":[true,true],""peak_satisfied_count"":2,""predicates"":[[""in"",""butter_2"",""wooden_cabinet_1_top_region""],[""close"",""wooden_cabinet_1_top_region""]],""schema_version"":""ember_pi05_stage_predicate_episode_v1"",""transitions"":[{""satisfied"":[false,false],""step"":0},{""satisfied"":[true,false],""step"":114},{""satisfied"":[true,true],""step"":174}]}","{""bytes"":55216005,""path"":""<writer-stability-study>/rollouts/e1/N1000/trajectories/libero_90_task_03_state_002.pt"",""replans"":35}","{""asset"":""N1000"",""checkpoint_selection_use"":false,""global_task_id"":43,""init_state_id"":2,""outcome_dependence"":false,""schema_version"":""ember_writer_stability_rollout_condition_v1"",""suite"":""libero_90"",""task_id"":3,""teacher_demo"":2,""teacher_raw_frames"":192,""teacher_sampled_frames"":40,""test_use"":false}",N1000,train,43,False,2
libero_90,3,meta_train,put the butter at the back in the top drawer of the cabinet and close it,3,7,7,"[7651768545572637715,6161840396780171273,7420522035630377698,4813783927730722896,504440707359276581,6188150381031820380,1223803399051135748,9071052554598033143,2396889014121382845,4714588644222333176,8479653659298575339,7855191326611046952,8815148813862802069,5001768183440279061,7178059187328081817,3968136500852849457,1185203120713699143,6942352699286990126,2176170967586434151,897921513238953363,1064161261037201245,5237896237038674831,7314659813647221297,1738801032116300039,6333181731290128289,8111096248653864716,5003384711985266267,419656461522239408,1660339732341947286,640093438282713766,7788775845966152494,4395353035831801662,2702145275747755233,2478275201709502044,3414601058040419149,5628831860810843744,8179241931287249360,4384360308685891379,1647073478254193420,5300336582738035862,1707240472372049738,8555722480350531284,2310659398203273432,9048205864033033145,8911773768155820710,1594757096113566070,8765477809766249420,927796054540556582,5209680230217350051,5663034754363408693,3325553221129360027,4762867061123225849,6921241689805806562,7755223804378528285,5368172492863229683,8931477689438513573,1944014871362582973,6137897178122354738,6071279996517879672,8573162128574337905,4456203530398862133,565884713441670535,7367099577152033098,5357933737869570371,4507099469149128442,7393250786646016222,9195009500076863472,5762114947566821924,2028477200131848310,234110851245264827,948152031683757950,6997362678454334468,9125825077918176083,5831993327393128284,2186898617000543732,3762920398732679823,4086351856774511542,4994099176546202,927571300576104095,3435876652092943663]",False,400,59.08397663710639,62.74254346406087,"{""ever_satisfied"":[false,true],""final_satisfied"":[false,true],""peak_satisfied_count"":1,""predicates"":[[""in"",""butter_2"",""wooden_cabinet_1_top_region""],[""close"",""wooden_cabinet_1_top_region""]],""schema_version"":""ember_pi05_stage_predicate_episode_v1"",""transitions"":[{""satisfied"":[false,false],""step"":0},{""satisfied"":[false,true],""step"":178}]}","{""bytes"":126206679,""path"":""<writer-stability-study>/rollouts/e1/N1000/trajectories/libero_90_task_03_state_003.pt"",""replans"":80}","{""asset"":""N1000"",""checkpoint_selection_use"":false,""global_task_id"":43,""init_state_id"":3,""outcome_dependence"":false,""schema_version"":""ember_writer_stability_rollout_condition_v1"",""suite"":""libero_90"",""task_id"":3,""teacher_demo"":3,""teacher_raw_frames"":204,""teacher_sampled_frames"":42,""test_use"":false}",N1000,train,43,False,3
libero_90,56,meta_train,pick up the butter and put it in the tray,0,7,7,"[2226032360068530699,4551069448295705575,6713942495031054896,1662112725463687164,373361830260579180,8292647550689012877,8436317902454726093,8501378697313634874,8124132530273666966,5638917457186611740,1059257555335924615,6416102671014831190,8457364500328720160,2622895026754486846,4005743147312751643,8888582604713139032]",True,80,16.677437981124967,17.655334238894284,"{""ever_satisfied"":[true],""final_satisfied"":[true],""peak_satisfied_count"":1,""predicates"":[[""in"",""butter_1"",""wooden_tray_1_contain_region""]],""schema_version"":""ember_pi05_stage_predicate_episode_v1"",""transitions"":[{""satisfied"":[false],""step"":0},{""satisfied"":[true],""step"":80}]}","{""bytes"":25242219,""path"":""<writer-stability-study>/rollouts/e1/N1000/trajectories/libero_90_task_56_state_000.pt"",""replans"":16}","{""asset"":""N1000"",""checkpoint_selection_use"":false,""global_task_id"":96,""init_state_id"":0,""outcome_dependence"":false,""schema_version"":""ember_writer_stability_rollout_condition_v1"",""suite"":""libero_90"",""task_id"":56,""teacher_demo"":0,""teacher_raw_frames"":103,""teacher_sampled_frames"":22,""test_use"":false}",N1000,train,96,False,0
libero_90,56,meta_train,pick up the butter and put it in the tray,1,7,7,"[8119243783633441076,7282820214086490810,2177062340765572968,6644618112071839899,5016145634526778955,8353232097943047893,2133318581563068807,1193810775646674988,1967520375173541613,6912678257968729808,7997292861180836513,5121747281817651262,2063515351896371617,7102316997633699308,6015033311259852099,5178981702938774623]",True,76,15.133765412028879,17.087701020762324,"{""ever_satisfied"":[true],""final_satisfied"":[true],""peak_satisfied_count"":1,""predicates"":[[""in"",""butter_1"",""wooden_tray_1_contain_region""]],""schema_version"":""ember_pi05_stage_predicate_episode_v1"",""transitions"":[{""satisfied"":[false],""step"":0},{""satisfied"":[true],""step"":76}]}","{""bytes"":25242219,""path"":""<writer-stability-study>/rollouts/e1/N1000/trajectories/libero_90_task_56_state_001.pt"",""replans"":16}","{""asset"":""N1000"",""checkpoint_selection_use"":false,""global_task_id"":96,""init_state_id"":1,""outcome_dependence"":false,""schema_version"":""ember_writer_stability_rollout_condition_v1"",""suite"":""libero_90"",""task_id"":56,""teacher_demo"":1,""teacher_raw_frames"":108,""teacher_sampled_frames"":23,""test_use"":false}",N1000,train,96,False,1
libero_90,56,meta_train,pick up the butter and put it in the tray,2,7,7,"[7234180509893824851,6310507223367765090,2683934427194017610,4843992076099089488,1019506394356440934,8391660553961747888,8631660344062088826,2392418923097458593,3900827321541831712,1796500273437089249,4631756417972979186,3162045824954048393,460397104113602643,6237318617792474962,4995286236072489540,5680590571619412557]",True,78,14.502318986691535,17.39263498270884,"{""ever_satisfied"":[true],""final_satisfied"":[true],""peak_satisfied_count"":1,""predicates"":[[""in"",""butter_1"",""wooden_tray_1_contain_region""]],""schema_version"":""ember_pi05_stage_predicate_episode_v1"",""transitions"":[{""satisfied"":[false],""step"":0},{""satisfied"":[true],""step"":78}]}","{""bytes"":25242219,""path"":""<writer-stability-study>/rollouts/e1/N1000/trajectories/libero_90_task_56_state_002.pt"",""replans"":16}","{""asset"":""N1000"",""checkpoint_selection_use"":false,""global_task_id"":96,""init_state_id"":2,""outcome_dependence"":false,""schema_version"":""ember_writer_stability_rollout_condition_v1"",""suite"":""libero_90"",""task_id"":56,""teacher_demo"":2,""teacher_raw_frames"":104,""teacher_sampled_frames"":22,""test_use"":false}",N1000,train,96,False,2
libero_90,56,meta_train,pick up the butter and put it in the tray,3,7,7,"[170087714640543084,6192430205628314174,3785706859865600201,4350491489006068677,4042284879221296836,1060268680401951589,7829540551696787724,8687952669361346111,8232784802571372944,8401120800963912051,3045956571281696393,1674775945616819263,5155415576533198861,1487892492867891826,3203355520829157193,689718489739131931,1000533918580741900]",True,82,14.430098879151046,18.29686117498204,"{""ever_satisfied"":[true],""final_satisfied"":[true],""peak_satisfied_count"":1,""predicates"":[[""in"",""butter_1"",""wooden_tray_1_contain_region""]],""schema_version"":""ember_pi05_stage_predicate_episode_v1"",""transitions"":[{""satisfied"":[false],""step"":0},{""satisfied"":[true],""step"":82}]}","{""bytes"":26819776,""path"":""<writer-stability-study>/rollouts/e1/N1000/trajectories/libero_90_task_56_state_003.pt"",""replans"":17}","{""asset"":""N1000"",""checkpoint_selection_use"":false,""global_task_id"":96,""init_state_id"":3,""outcome_dependence"":false,""schema_version"":""ember_writer_stability_rollout_condition_v1"",""suite"":""libero_90"",""task_id"":56,""teacher_demo"":3,""teacher_raw_frames"":118,""teacher_sampled_frames"":25,""test_use"":false}",N1000,train,96,False,3
libero_90,11,meta_train,open the top drawer of the cabinet,0,7,7,"[630782732335034883,6026432842081904552,6524467843279089035,2832974847133539923,3712237888180262324,7764635933513163748,5392396175869152056,576873571776139937,8085551288014324177,7540017627369803160,4402450519752017817,2619174142822074804]",True,59,14.91879241913557,16.206205198075622,"{""ever_satisfied"":[true],""final_satisfied"":[true],""peak_satisfied_count"":1,""predicates"":[[""open"",""wooden_cabinet_1_top_region""]],""schema_version"":""ember_pi05_stage_predicate_episode_v1"",""transitions"":[{""satisfied"":[false],""step"":0},{""satisfied"":[true],""step"":59}]}","{""bytes"":18931991,""path"":""<writer-stability-study>/rollouts/e1/N1000/trajectories/libero_90_task_11_state_000.pt"",""replans"":12}","{""asset"":""N1000"",""checkpoint_selection_use"":false,""global_task_id"":51,""init_state_id"":0,""outcome_dependence"":false,""schema_version"":""ember_writer_stability_rollout_condition_v1"",""suite"":""libero_90"",""task_id"":11,""teacher_demo"":0,""teacher_raw_frames"":64,""teacher_sampled_frames"":14,""test_use"":false}",N1000,train,51,False,0
libero_90,11,meta_train,open the top drawer of the cabinet,1,7,7,"[6298808731842278907,3013204293704977845,9189069004249137474,845583777739958146,9030615313103130585,2581358113206011979,2601714929015656098,6650581985665358239,6391224073264308071,853340919727540610,8650808421510180083,2137829193316400796,4645934200882659142,3489194163712655402,2127207147380454471]",True,75,16.538286027964205,19.421053695026785,"{""ever_satisfied"":[true],""final_satisfied"":[true],""peak_satisfied_count"":1,""predicates"":[[""open"",""wooden_cabinet_1_top_region""]],""schema_version"":""ember_pi05_stage_predicate_episode_v1"",""transitions"":[{""satisfied"":[false],""step"":0},{""satisfied"":[true],""step"":75}]}","{""bytes"":23664662,""path"":""<writer-stability-study>/rollouts/e1/N1000/trajectories/libero_90_task_11_state_001.pt"",""replans"":15}","{""asset"":""N1000"",""checkpoint_selection_use"":false,""global_task_id"":51,""init_state_id"":1,""outcome_dependence"":false,""schema_version"":""ember_writer_stability_rollout_condition_v1"",""suite"":""libero_90"",""task_id"":11,""teacher_demo"":1,""teacher_raw_frames"":74,""teacher_sampled_frames"":16,""test_use"":false}",N1000,train,51,False,1
libero_90,11,meta_train,open the top drawer of the cabinet,2,7,7,"[3375586953795871816,6540863717489992837,7430055551849303864,8134012293363076797,3714036907699906594,7386321111033214766,1451376578072328503,5824043827698211199,8068939483355572678,5888769325737281374,3697614202982200711,6142214362425664214,4527121286668526954,1093549618043157551]",True,66,13.731461141258478,17.781637710053474,"{""ever_satisfied"":[true],""final_satisfied"":[true],""peak_satisfied_count"":1,""predicates"":[[""open"",""wooden_cabinet_1_top_region""]],""schema_version"":""ember_pi05_stage_predicate_episode_v1"",""transitions"":[{""satisfied"":[false],""step"":0},{""satisfied"":[true],""step"":66}]}","{""bytes"":22087105,""path"":""<writer-stability-study>/rollouts/e1/N1000/trajectories/libero_90_task_11_state_002.pt"",""replans"":14}","{""asset"":""N1000"",""checkpoint_selection_use"":false,""global_task_id"":51,""init_state_id"":2,""outcome_dependence"":false,""schema_version"":""ember_writer_stability_rollout_condition_v1"",""suite"":""libero_90"",""task_id"":11,""teacher_demo"":2,""teacher_raw_frames"":73,""teacher_sampled_frames"":16,""test_use"":false}",N1000,train,51,False,2
libero_90,11,meta_train,open the top drawer of the cabinet,3,7,7,"[5927523002705313685,6859320936255371985,714912688593426275,7686389076829316129,6585663702645685391,6620927141701277563,4923785797087663924,4435243913530943072,4455484930612895840,8527363840732546432,6574760021758334646,1370865792643822670,3408381442789492909,7947214985801762444,7771133274317174576]",True,71,13.913733431138098,19.04688682500273,"{""ever_satisfied"":[true],""final_satisfied"":[true],""peak_satisfied_count"":1,""predicates"":[[""open"",""wooden_cabinet_1_top_region""]],""schema_version"":""ember_pi05_stage_predicate_episode_v1"",""transitions"":[{""satisfied"":[false],""step"":0},{""satisfied"":[true],""step"":71}]}","{""bytes"":23664662,""path"":""<writer-stability-study>/rollouts/e1/N1000/trajectories/libero_90_task_11_state_003.pt"",""replans"":15}","{""asset"":""N1000"",""checkpoint_selection_use"":false,""global_task_id"":51,""init_state_id"":3,""outcome_dependence"":false,""schema_version"":""ember_writer_stability_rollout_condition_v1"",""suite"":""libero_90"",""task_id"":11,""teacher_demo"":3,""teacher_raw_frames"":71,""teacher_sampled_frames"":15,""test_use"":false}",N1000,train,51,False,3
libero_90,33,meta_validation_oracle,close the microwave,0,7,7,"[3814538614648685928,2918325375739809694,3164143864598808145,5565915644193155337,4080180966298606689,3140832986677750376,7149145722349520134,707885345988737858,6100905458910768747,4408006144191914951,2390453657596093383,4160066772507374,584231116433666928,3869999134466192656,3782915209038846878,9076902177290749519,7006840427744498791,8892147190729701768,606502225359919789,6787468472196711947,8791839265979728770,187028959896970639,5724925431455161616,9184033782951768268,9070918235808242192,7302750050913754517,2488591661933562548,336172097049345139,7923562187564345826,6393899827733165866,3020112520573366183,4528316642257824175,5582977508141668251,3162955277203076335,6163242415499698651,725655320810922255]",True,179,34.08402727404609,35.20750793674961,"{""ever_satisfied"":[true],""final_satisfied"":[true],""peak_satisfied_count"":1,""predicates"":[[""close"",""microwave_1""]],""schema_version"":""ember_pi05_stage_predicate_episode_v1"",""transitions"":[{""satisfied"":[false],""step"":0},{""satisfied"":[true],""step"":179}]}","{""bytes"":56793567,""path"":""<writer-stability-study>/rollouts/e1/N1000/trajectories/libero_90_task_33_state_000.pt"",""replans"":36}","{""asset"":""N1000"",""checkpoint_selection_use"":false,""global_task_id"":73,""init_state_id"":0,""outcome_dependence"":false,""schema_version"":""ember_writer_stability_rollout_condition_v1"",""suite"":""libero_90"",""task_id"":33,""teacher_demo"":0,""teacher_raw_frames"":236,""teacher_sampled_frames"":48,""test_use"":false}",N1000,train,73,False,0
libero_90,33,meta_validation_oracle,close the microwave,1,7,7,"[1391257127071394911,6453070095094258601,5559562787924264405,3620351785772504206,5539650802633992661,1440320540210058728,4590866537231315723,4505863565072721961,3507052222206376725,7400833979650608495,7995682051494613996,3671295722984103888,6522882074484714405,1333804940799757480,3256757473853040356,5705328359785327392,8223201126738778237,5596815134535616216,6334773288545059006,1642030117853923248,7737642293981664297,8443970233462913678,1556714789204722714,810594971895214783,3920521439063015209,6811494582741173023,2445800062947093781,1976050250604300170,1171753458470768459,7834378451338967968,8090682021880909726,5335158176236919928,5315007103215208230,3199144432869677668,8903094495660641300,2263363197246993874,4120360477111151324,640951555161328484,398950546426342289]",True,192,35.74067851435393,37.993693944998085,"{""ever_satisfied"":[true],""final_satisfied"":[true],""peak_satisfied_count"":1,""predicates"":[[""close"",""microwave_1""]],""schema_version"":""ember_pi05_stage_predicate_episode_v1"",""transitions"":[{""satisfied"":[false],""step"":0},{""satisfied"":[true],""step"":192}]}","{""bytes"":61526253,""path"":""<writer-stability-study>/rollouts/e1/N1000/trajectories/libero_90_task_33_state_001.pt"",""replans"":39}","{""asset"":""N1000"",""checkpoint_selection_use"":false,""global_task_id"":73,""init_state_id"":1,""outcome_dependence"":false,""schema_version"":""ember_writer_stability_rollout_condition_v1"",""suite"":""libero_90"",""task_id"":33,""teacher_demo"":1,""teacher_raw_frames"":171,""teacher_sampled_frames"":35,""test_use"":false}",N1000,train,73,False,1
libero_90,33,meta_validation_oracle,close the microwave,2,7,7,"[4539588420967222518,1710048350945936885,4358464737013891488,3880974602853515663,6790251156741126418,5495753368706701989,7254732957949711545,2057207925378913840,2633440578216331245,5999842406332413055,725304914533917656,3476697012025770940,6565420059195656400,6563141212784622577,205224626607609378,8159397001250595181,7412592822848945859,6290027187613054305,1468350745485780829,3409127801164692127,102283521042964566,1071552374098376826,2640942057288159101,7898666547962963929,6610880090942108040,3405562868571649524,3256916404094935781,4499829594603724491,4634369084841650367,3370693029601721329,2376929177924604449,2200453837503372456,30427291158052045,8664906417401917516,2664196002751814977,3618068686276361349,1985288414945770214,4677692730398174540,6992384041764542887,7842858572242203233,747113586897311944,7970847750411408010,5688399328945542843,8461226652270624601,5492402953299625635,8427673907924499820,7397644930421776874]",True,232,39.86448925593868,43.284358080942184,"{""ever_satisfied"":[true],""final_satisfied"":[true],""peak_satisfied_count"":1,""predicates"":[[""close"",""microwave_1""]],""schema_version"":""ember_pi05_stage_predicate_episode_v1"",""transitions"":[{""satisfied"":[false],""step"":0},{""satisfied"":[true],""step"":232}]}","{""bytes"":74146813,""path"":""<writer-stability-study>/rollouts/e1/N1000/trajectories/libero_90_task_33_state_002.pt"",""replans"":47}","{""asset"":""N1000"",""checkpoint_selection_use"":false,""global_task_id"":73,""init_state_id"":2,""outcome_dependence"":false,""schema_version"":""ember_writer_stability_rollout_condition_v1"",""suite"":""libero_90"",""task_id"":33,""teacher_demo"":2,""teacher_raw_frames"":253,""teacher_sampled_frames"":52,""test_use"":false}",N1000,train,73,False,2
libero_90,33,meta_validation_oracle,close the microwave,3,7,7,"[6525418730299138055,6668636237979849891,4573744063774732144,4808198391303305998,6486950752394761378,5015113754978937123,7002444277182045783,695616441436247886,3701257046583009159,6768562471635672936,1233843234567113855,4768373460792911738,8115200798239409510,8789111548611979563,2095461497995812079,1933064377343925293,7519326647336745287,5053858862629344994,2726623660006655302,6255840440100524569,8897256799333991986,494397679885595185,4904959517456146718,5134656829094201511,3049558138709860884,1547008111495100315,1524308632495544213,2955835953229134818,5541526999237386056,6550790406592621521,3955844508376484764,8895865821144766302,6156919587368227886,1773540437484742183,3878609237890699857,8883008358672524867,5757256378957462077,1117402044134833966,4012664772696089648,8808424036030804142,5744607835540336367,6444713314508129237,3026026745481652112,7155436065499066468,5837923100516553607,7906709106902648897,5843566489256060959,6368926561754861067,4903083615343106710,6856391613730964820,3337402868768713110,2486247811030151879,6325342880088328384,1298109565305703963,6158655289406626375,6662461107106000792,4977694989108392674,546405793560524003,2316028070097327291,6224337956491846706,7358970514803604212,1777307456404694145,6489034021584328062,999757187132590660,9059337711735367070,7865542804397764693,6209313769323442397,8693122544612168476,747214977166334372,2509790477399543066,3345168953334851450,3356144797149308403,5216818105411232222,3608227541623131210,8382482405781019811,774541227041476431,289551368919641189,3279424593770628251,114095352011978104,2429244364239358591]",False,400,52.863173694349825,57.37535954499617,"{""ever_satisfied"":[false],""final_satisfied"":[false],""peak_satisfied_count"":0,""predicates"":[[""close"",""microwave_1""]],""schema_version"":""ember_pi05_stage_predicate_episode_v1"",""transitions"":[{""satisfied"":[false],""step"":0}]}","{""bytes"":126206679,""path"":""<writer-stability-study>/rollouts/e1/N1000/trajectories/libero_90_task_33_state_003.pt"",""replans"":80}","{""asset"":""N1000"",""checkpoint_selection_use"":false,""global_task_id"":73,""init_state_id"":3,""outcome_dependence"":false,""schema_version"":""ember_writer_stability_rollout_condition_v1"",""suite"":""libero_90"",""task_id"":33,""teacher_demo"":3,""teacher_raw_frames"":175,""teacher_sampled_frames"":36,""test_use"":false}",N1000,train,73,False,3
libero_spatial,3,validation,pick up the black bowl on the cookie box and place it on the plate,0,7,7,"[336169725590312743,567642240813974001,8354292684063646108,5334794776498519797,2040010150640505745,2343701475842438382,5412470899770061167,820364343317419064,5457482945389825552,2504491285362484018,7422502578034213173,5056665176767612485,2003354737360645143,8279383433696764486,4208196502484156673,8983410438659563528,2296803609333534892,2041091650467651175,7305716513144627935,7294937211943360544,8345237991230332652,7378017725889838708,8716448154690811246,5248443494691871216,7529697755391121787,1862166540365282398,2609489418213649695,5978486964181319654,6108847747429346475,10896211519042734,632168830307983749,4412507377118305204,6899210162312910412,8892264593979939178,6711167163185464394,1060942332519197531,7683232954977206474,6481572829038608126,4882806255361637472,6273919674139184962,3807167094997445951,7062685955978024623,4512137335689055618,1809768366406659912]",False,220,47.7951758899726,48.89359278185293,"{""ever_satisfied"":[false],""final_satisfied"":[false],""peak_satisfied_count"":0,""predicates"":[[""on"",""akita_black_bowl_1"",""plate_1""]],""schema_version"":""ember_pi05_stage_predicate_episode_v1"",""transitions"":[{""satisfied"":[false],""step"":0}]}","{""bytes"":69415257,""path"":""<writer-stability-study>/rollouts/e1/N1800/trajectories/libero_spatial_task_03_state_000.pt"",""replans"":44}","{""asset"":""N1800"",""checkpoint_selection_use"":false,""global_task_id"":3,""init_state_id"":0,""outcome_dependence"":false,""schema_version"":""ember_writer_stability_rollout_condition_v1"",""suite"":""libero_spatial"",""task_id"":3,""teacher_demo"":0,""teacher_raw_frames"":99,""teacher_sampled_frames"":21,""test_use"":false}",N1800,common_held,3,False,0
libero_spatial,3,validation,pick up the black bowl on the cookie box and place it on the plate,1,7,7,"[3071172578146223952,2080936696745084643,5469435010854225470,2153244960118961693,6816072406336098585,1734556419457555794,7851340247296578549,4816167663840372196,4754548742721011271,9211355379407494252,137860901857221128,9090171750181843907,8119349483388016788,4891543561003366242,4473642343538525021,8364298704962546982,1629217563418473229,3290217260496827766,7629897306060874214,4742490323170293522,6404441703517424389,2964772810324140608,8627077584774895936,7067740256789030010,6096419447607542293,2421140236193322289,2141270493379617205,1010245111888233794,1882603917034485663,6807540081070718306,7958976321620515269,1353257216537134775,354288215576696133,7398095969472644875,5516130732246258088,3260659763272367547,9016830905651363263,9040689358250327078,3852222077895087847,733719658047369777,2215874165970119567,1228841508309924712,7446902625025060330,1614446166569296241]",False,220,47.754945986904204,49.98987023578957,"{""ever_satisfied"":[false],""final_satisfied"":[false],""peak_satisfied_count"":0,""predicates"":[[""on"",""akita_black_bowl_1"",""plate_1""]],""schema_version"":""ember_pi05_stage_predicate_episode_v1"",""transitions"":[{""satisfied"":[false],""step"":0}]}","{""bytes"":69415257,""path"":""<writer-stability-study>/rollouts/e1/N1800/trajectories/libero_spatial_task_03_state_001.pt"",""replans"":44}","{""asset"":""N1800"",""checkpoint_selection_use"":false,""global_task_id"":3,""init_state_id"":1,""outcome_dependence"":false,""schema_version"":""ember_writer_stability_rollout_condition_v1"",""suite"":""libero_spatial"",""task_id"":3,""teacher_demo"":1,""teacher_raw_frames"":101,""teacher_sampled_frames"":21,""test_use"":false}",N1800,common_held,3,False,1
libero_spatial,3,validation,pick up the black bowl on the cookie box and place it on the plate,2,7,7,"[6298054988284327818,6912635386658077700,383976089418881795,2587202063313400801,7021786076458083965,593234421942514120,8669872273799573751,5991206727220654679,3270751023889855435,8139016423407761104,4028834637132934680,4043526413053354951,8641375561554741217,7084097018260223068,3748824873657071406,2524451583669730806,2801126175072182625,5243106494803483929,1850557323821615607,3769967364146662180,5559034931446361638,7379059557454514174,5208848188514599125,4517426482748366558,6642745596815519244,1543581277050354868,64201453868939890,5917772037212507502,4618418428943697941,1857939053038166148,986682144285924132,6456913035056418687,1675717581923092506,6827958072632819708,4196703704979411765,2081608758167524278,6929372642416587591,4083624104459398486,8090975857695981703,840550814909965803,1518264375091780417,7964665337691382192,5764343078512216185,6569895843324408687]",False,220,47.89319393504411,51.15405313484371,"{""ever_satisfied"":[false],""final_satisfied"":[false],""peak_satisfied_count"":0,""predicates"":[[""on"",""akita_black_bowl_1"",""plate_1""]],""schema_version"":""ember_pi05_stage_predicate_episode_v1"",""transitions"":[{""satisfied"":[false],""step"":0}]}","{""bytes"":69415257,""path"":""<writer-stability-study>/rollouts/e1/N1800/trajectories/libero_spatial_task_03_state_002.pt"",""replans"":44}","{""asset"":""N1800"",""checkpoint_selection_use"":false,""global_task_id"":3,""init_state_id"":2,""outcome_dependence"":false,""schema_version"":""ember_writer_stability_rollout_condition_v1"",""suite"":""libero_spatial"",""task_id"":3,""teacher_demo"":2,""teacher_raw_frames"":95,""teacher_sampled_frames"":20,""test_use"":false}",N1800,common_held,3,False,2
libero_spatial,3,validation,pick up the black bowl on the cookie box and place it on the plate,3,7,7,"[5844883203585125168,5025841759868289392,3144194430178048546,4801875581304945847,468081466817769956,4734881704432230013,959494122824425653,1945541120257169749,6506988136844350673,1323002413188064283,1282348786779226374,6571566919880846274,5302843147758881824,8099844664203210874,4162119894034043737,5099925154081425737,6833960761683269512,7413558454919553786,3214155400790689838,8476036750337665618,5683741918122184492,3146513501583868712,5134754843935734534,7295903721501276154,6966475529449043799,964144398375903039,5537281316329676556,2570112512858642678,8253316964221879720,2000320299649689463,7363408069598897341,7244719144436028534,1277706102151985398,2882953250328450485,6809773225674697798,4961094627183306235,3601228802350205382,4033712914798725752,3897374095001332926,6898814568060512473,8284858137158279658,330857029533074500,6288659453853307531,4954602287269604115]",False,220,48.160698014777154,52.50614260882139,"{""ever_satisfied"":[false],""final_satisfied"":[false],""peak_satisfied_count"":0,""predicates"":[[""on"",""akita_black_bowl_1"",""plate_1""]],""schema_version"":""ember_pi05_stage_predicate_episode_v1"",""transitions"":[{""satisfied"":[false],""step"":0}]}","{""bytes"":69415257,""path"":""<writer-stability-study>/rollouts/e1/N1800/trajectories/libero_spatial_task_03_state_003.pt"",""replans"":44}","{""asset"":""N1800"",""checkpoint_selection_use"":false,""global_task_id"":3,""init_state_id"":3,""outcome_dependence"":false,""schema_version"":""ember_writer_stability_rollout_condition_v1"",""suite"":""libero_spatial"",""task_id"":3,""teacher_demo"":3,""teacher_raw_frames"":115,""teacher_sampled_frames"":24,""test_use"":false}",N1800,common_held,3,False,3
libero_object,1,validation,pick up the cream cheese and place it in the basket,0,7,7,"[1764210406108741574,3836588974318758825,7971256763961264857,8172640194079971334,5109217772215900344,8127657125412314075,41127862791718870,2618195653838822282,3945879615897659047,4807547919112120522,1806370725723135070,4513106148028486545,6319195100526623892,5370509103018043559,6498526979093454720,902687379068510851,2376500793543191942,8621046406545839782,2246205218069956362,7429359954569227064,7884868446968348240,2227676743794273877,5070154547901706858,3669414435821318416,8848835830760864689,7729708896664410211,4633559183066694126,5327164714405199684,6226991016291009180,2221326210433340297,8768033716272618626,6311534387210060068,9171459359667105102]",True,163,31.231729082763195,32.25155030703172,"{""ever_satisfied"":[true],""final_satisfied"":[true],""peak_satisfied_count"":1,""predicates"":[[""in"",""cream_cheese_1"",""basket_1_contain_region""]],""schema_version"":""ember_pi05_stage_predicate_episode_v1"",""transitions"":[{""satisfied"":[false],""step"":0},{""satisfied"":[true],""step"":163}]}","{""bytes"":52061565,""path"":""<writer-stability-study>/rollouts/e1/N1800/trajectories/libero_object_task_01_state_000.pt"",""replans"":33}","{""asset"":""N1800"",""checkpoint_selection_use"":false,""global_task_id"":11,""init_state_id"":0,""outcome_dependence"":false,""schema_version"":""ember_writer_stability_rollout_condition_v1"",""suite"":""libero_object"",""task_id"":1,""teacher_demo"":0,""teacher_raw_frames"":139,""teacher_sampled_frames"":29,""test_use"":false}",N1800,common_held,11,False,0
libero_object,1,validation,pick up the cream cheese and place it in the basket,1,7,7,"[7420547635691626371,501823346460184892,2808280276510186011,9125043344243611695,403813749669296451,1407366998281182077,2209299523064019634,1728017030491187931,2513642288712647512,1447387066432853060,4693224407500016404,1737625573879917920,6067103784603218004,4875182151779258051,546466106271624807,9047002785452638602,7742191438442415817,8024174060520581936,5799993939873865180,1334774698373763792,3129131042550033500,2753095723835555029,3433300564092773732,2301348941678342198,7241566034470681974,1595137328551950185,1223846610154684646,4228575145339593338,8558693830307251586,5060217729706729485,161047149258878698,2874843034271566865,3850461532179320374,483846141656559909,5334406913610702002,1768945815088919566,284012393076012105]",True,183,32.41499924613163,34.33824502816424,"{""ever_satisfied"":[true],""final_satisfied"":[true],""peak_satisfied_count"":1,""predicates"":[[""in"",""cream_cheese_1"",""basket_1_contain_region""]],""schema_version"":""ember_pi05_stage_predicate_episode_v1"",""transitions"":[{""satisfied"":[false],""step"":0},{""satisfied"":[true],""step"":183}]}","{""bytes"":58371893,""path"":""<writer-stability-study>/rollouts/e1/N1800/trajectories/libero_object_task_01_state_001.pt"",""replans"":37}","{""asset"":""N1800"",""checkpoint_selection_use"":false,""global_task_id"":11,""init_state_id"":1,""outcome_dependence"":false,""schema_version"":""ember_writer_stability_rollout_condition_v1"",""suite"":""libero_object"",""task_id"":1,""teacher_demo"":1,""teacher_raw_frames"":187,""teacher_sampled_frames"":39,""test_use"":false}",N1800,common_held,11,False,1
libero_object,1,validation,pick up the cream cheese and place it in the basket,2,7,7,"[3515262128279278940,1224036772478655973,478293637689251682,3540847092953613223,4328413232641629785,6811305769457963913,7493268904500544434,8083105539726185730,8414072237268020580,1893592179093710111,2488153855796920192,1554986030321788607,4047939611339120474,4102179388848657701,1147138887996013605,3863494293313979635,6193003831111729703,1626172842785393201,2904614765474486566,3655373432879583266,6106723134634969432,1530641680022518864,5299007373251733956,1776309024967508017,5554150453191670933,3588510541056688845,666834990498619419,3102760675369552907,6023898576793354574,402930942210347881,2078320372986288529]",True,153,27.082110058050603,29.987439658027142,"{""ever_satisfied"":[true],""final_satisfied"":[true],""peak_satisfied_count"":1,""predicates"":[[""in"",""cream_cheese_1"",""basket_1_contain_region""]],""schema_version"":""ember_pi05_stage_predicate_episode_v1"",""transitions"":[{""satisfied"":[false],""step"":0},{""satisfied"":[true],""step"":153}]}","{""bytes"":48906401,""path"":""<writer-stability-study>/rollouts/e1/N1800/trajectories/libero_object_task_01_state_002.pt"",""replans"":31}","{""asset"":""N1800"",""checkpoint_selection_use"":false,""global_task_id"":11,""init_state_id"":2,""outcome_dependence"":false,""schema_version"":""ember_writer_stability_rollout_condition_v1"",""suite"":""libero_object"",""task_id"":1,""teacher_demo"":2,""teacher_raw_frames"":125,""teacher_sampled_frames"":26,""test_use"":false}",N1800,common_held,11,False,2
libero_object,1,validation,pick up the cream cheese and place it in the basket,3,7,7,"[813647924528887858,5351092081399935768,7442759767410944757,7892859586617915780,5301498965079906004,289562166806627740,613859540680986132,5058023941821712151,2146080548017320215,4214456032801721274,170807808573357750,1310651860523142851,3541140102953400097,6731585121498890393,2349060069222585986,5878971007946073140,3254469291135872673,6844594369008655041,7399228462889035073,4950579294597892399,5327087292628972889,3432113250942763909,2244704256273282836,2977310641305390391,5486701027510805187,9080072422516330697,9010255843364689905,9094282427908602016,3040196401496323761,2914903743848287574,4216607353318354285,8752479496199375907]",True,157,27.32718603918329,31.233009706251323,"{""ever_satisfied"":[true],""final_satisfied"":[true],""peak_satisfied_count"":1,""predicates"":[[""in"",""cream_cheese_1"",""basket_1_contain_region""]],""schema_version"":""ember_pi05_stage_predicate_episode_v1"",""transitions"":[{""satisfied"":[false],""step"":0},{""satisfied"":[true],""step"":157}]}","{""bytes"":50483983,""path"":""<writer-stability-study>/rollouts/e1/N1800/trajectories/libero_object_task_01_state_003.pt"",""replans"":32}","{""asset"":""N1800"",""checkpoint_selection_use"":false,""global_task_id"":11,""init_state_id"":3,""outcome_dependence"":false,""schema_version"":""ember_writer_stability_rollout_condition_v1"",""suite"":""libero_object"",""task_id"":1,""teacher_demo"":3,""teacher_raw_frames"":133,""teacher_sampled_frames"":28,""test_use"":false}",N1800,common_held,11,False,3
libero_goal,3,validation,open the top drawer and put the bowl inside,0,7,7,"[937839512312767824,4425858584106371442,6915917327766178298,4221423508686152199,3941615210140189942,3061062777614262148,9006389347840838038,2714739585893921145,4842815510074203473,4176247365749439794,9055016387064939296,6894264475206989069,4769433583706684081,6538724259617072713,2694945300226562235,5672636660806689923,1162397645855720894,2512104657228609621,4908619852555458086,4891195624735059747,3439016452326339617,145136483130657948,696498549386812565,2992054586286465856,3926950764540793138,6507613130119470566,4080680387252510580,6715602020508326751,7642159240538864546,2069708313452146818,188106194283429132,79620779218141805,8773913044132373383,4191565715618410953,8743402847540423751,5590073037340929701,7241093063639031331,5018097501510259896,325742820322205827,6790062175884206903,2835421247772191586,8101575360401988141,5181871320322691538,8606750524966542306,3331683226074686545,5172080302879563560,2825910257597671870,3780878403490109137,8179159796621748406,5745966183204672563,3735878833795123278,1646812211375849777,3720899738953625933,1974282862992389720,8969384801637140932,5027800807028014172,1765993208659774829,6213274053297936353,5493561834532839429,254459356985422351]",False,300,54.058294634800404,54.94255886413157,"{""ever_satisfied"":[false],""final_satisfied"":[false],""peak_satisfied_count"":0,""predicates"":[[""in"",""akita_black_bowl_1"",""wooden_cabinet_1_top_region""]],""schema_version"":""ember_pi05_stage_predicate_episode_v1"",""transitions"":[{""satisfied"":[false],""step"":0}]}","{""bytes"":94655859,""path"":""<writer-stability-study>/rollouts/e1/N1800/trajectories/libero_goal_task_03_state_000.pt"",""replans"":60}","{""asset"":""N1800"",""checkpoint_selection_use"":false,""global_task_id"":23,""init_state_id"":0,""outcome_dependence"":false,""schema_version"":""ember_writer_stability_rollout_condition_v1"",""suite"":""libero_goal"",""task_id"":3,""teacher_demo"":0,""teacher_raw_frames"":170,""teacher_sampled_frames"":35,""test_use"":false}",N1800,common_held,23,False,0
libero_goal,3,validation,open the top drawer and put the bowl inside,1,7,7,"[3197873696265518430,130333309193225715,6005625632286712244,6891299773450141553,6316928474543642721,5782284817944748443,213403443156412135,8338126146057510912,8375039331177840430,5827566456674324647,3313818679469215879,1142143462369407560,6857946106089777856,2208331655601664324,6082415799267276139,6483019239393974105,1605018948802503533,3968192620193769583,862384892645987447,8742088714719043014,4093144800324367496,3618106106009942716,7222849419045868975,5480139628080962798,8959878553153613783,5141614978164902045,4058195969577011985,5969135446805434144,5972420222077590396,2477065601344244086,5214798992736474054,524972909364957767,6427034895024028522,4321813080947567738,233872811589524403,7962977660191025978,4154326755793972085,5024963065885040905,7583862141991692337,9148484250809282782,4716098172630043820,5342661847094755523,4186729145604779780,8840721256628781736,3957995690749672627,6833841353575794482,150833597163379549,6124511566606868997,8845799573673075170,9049197323682587092,6513134499526687462,2125577121787463032,7513831563121663967,2861950398204209577,5611576820951415884,4836419612523764618,5739862684315359388,2977527315973693273,1363998237546904426,1401717210297836187]",False,300,53.85361384600401,55.61991690099239,"{""ever_satisfied"":[false],""final_satisfied"":[false],""peak_satisfied_count"":0,""predicates"":[[""in"",""akita_black_bowl_1"",""wooden_cabinet_1_top_region""]],""schema_version"":""ember_pi05_stage_predicate_episode_v1"",""transitions"":[{""satisfied"":[false],""step"":0}]}","{""bytes"":94655859,""path"":""<writer-stability-study>/rollouts/e1/N1800/trajectories/libero_goal_task_03_state_001.pt"",""replans"":60}","{""asset"":""N1800"",""checkpoint_selection_use"":false,""global_task_id"":23,""init_state_id"":1,""outcome_dependence"":false,""schema_version"":""ember_writer_stability_rollout_condition_v1"",""suite"":""libero_goal"",""task_id"":3,""teacher_demo"":1,""teacher_raw_frames"":187,""teacher_sampled_frames"":39,""test_use"":false}",N1800,common_held,23,False,1
libero_goal,3,validation,open the top drawer and put the bowl inside,2,7,7,"[3363774331609722801,8253139786491869145,3368484581779491068,8612553514953788360,3894722027564677755,3190718955795415061,2991001216876957682,4192866419922675043,7962505677837112162,7175292029828948796,8491844790255791194,2949627948138133515,5303681245701539414,1155308745191539428,3201939631673426968,5423005270567758498,5285445754580891409,7709290896448816018,9025992740721019095,813219503261836198,333203038065802703,8058843207809665647,6074883454733816144,5645437636263239750,9060421471848062189,5669846821017744901,6911793417026473238,5520882744081832304,4033144688954774214,5722037728728612790,2258528094321100364,7429017648047017388,8453459773754163998,4871519550703567454,2264643863165043998,2455452153663381546,6284431648876090956,4535463135879563938,932093542133184791,4405333388842052032,2816939819880932175,3202764591171351637,8591157489679192782,6810549642148393422,6468647027984217986,7615278400728506221,722232015550427053,4231930097150224521,3543644253855839993,2650712286741199338,9090282210250879073,5398288240747412984,4622181731124500261,2599787332372022932,4523262445791830097,1463404168515523360,4026427953280765004,6398037120012625110,6793133580386116235,8721186165790402125]",False,300,53.881843572016805,56.47614877903834,"{""ever_satisfied"":[false],""final_satisfied"":[false],""peak_satisfied_count"":0,""predicates"":[[""in"",""akita_black_bowl_1"",""wooden_cabinet_1_top_region""]],""schema_version"":""ember_pi05_stage_predicate_episode_v1"",""transitions"":[{""satisfied"":[false],""step"":0}]}","{""bytes"":94655859,""path"":""<writer-stability-study>/rollouts/e1/N1800/trajectories/libero_goal_task_03_state_002.pt"",""replans"":60}","{""asset"":""N1800"",""checkpoint_selection_use"":false,""global_task_id"":23,""init_state_id"":2,""outcome_dependence"":false,""schema_version"":""ember_writer_stability_rollout_condition_v1"",""suite"":""libero_goal"",""task_id"":3,""teacher_demo"":2,""teacher_raw_frames"":284,""teacher_sampled_frames"":58,""test_use"":false}",N1800,common_held,23,False,2
libero_goal,3,validation,open the top drawer and put the bowl inside,3,7,7,"[4388075535769291481,7803974502177521433,6960389453217531655,7974642187157948843,3283411496312947155,6586695009686616682,4123511674578132013,2196090530291492571,5566191824671470888,4353859427581601500,5796681560742684302,6195846096695566881,2187283033540328667,4805254431331006621,142134161418933864,7898046023979624391,3782121838725784549,3408150707208910651,6955345868561507805,3893497817959283455,7234331721950092451,947681231221082161,2875109334861388196,7976786638142465502,9135828852289962822,6093804056508095392,6608697049945295507,1467126958596194336,3694056898204706913,8513056181514551312,1484077915258504172,5080504256526142696,1035017065713738216,126112981875404032,7669289150036426323,2781740029914150778,5217006033383872045,9039685037125475200,6462999356240774393,6303653117531490239,4664597548959043468,116268932372432574,3169760494611545751,8239059889225203099,8247325195672136574,4981014773857893995,4860918051383045893,1483946875227898703,8649023170131301614,926430796329172283,3390234762027084084,6618699300412413304,2443921480737786859,7372711429289394654,8135821559749606,8229702128023642617,2068159460376777096,8338683901371832641,2195354921544225521,3393921724572223494]",False,300,53.92624924844131,57.316291249357164,"{""ever_satisfied"":[false],""final_satisfied"":[false],""peak_satisfied_count"":0,""predicates"":[[""in"",""akita_black_bowl_1"",""wooden_cabinet_1_top_region""]],""schema_version"":""ember_pi05_stage_predicate_episode_v1"",""transitions"":[{""satisfied"":[false],""step"":0}]}","{""bytes"":94655859,""path"":""<writer-stability-study>/rollouts/e1/N1800/trajectories/libero_goal_task_03_state_003.pt"",""replans"":60}","{""asset"":""N1800"",""checkpoint_selection_use"":false,""global_task_id"":23,""init_state_id"":3,""outcome_dependence"":false,""schema_version"":""ember_writer_stability_rollout_condition_v1"",""suite"":""libero_goal"",""task_id"":3,""teacher_demo"":3,""teacher_raw_frames"":199,""teacher_sampled_frames"":41,""test_use"":false}",N1800,common_held,23,False,3
libero_goal,6,validation,put the cream cheese in the bowl,0,7,7,"[1219103976213717812,5315326635778241048,6581066537600475800,5384416861622508714,743854383548529066,1105212997721360534,176878808967372638,6226355913612208093,3312999424712431441,8774203458501478435,3366685016606281334,3725356210471090660,8141180129757787358,8376806228341239167,5907852681209368379,5549727159950824425,8863063940509649049,8428194982790091570,8034113827903296093,5328837585514550928,2970245814032160199,4658656006426843082,8664021701423478130]",True,115,24.041539500001818,24.966953937895596,"{""ever_satisfied"":[true],""final_satisfied"":[true],""peak_satisfied_count"":1,""predicates"":[[""on"",""cream_cheese_1"",""akita_black_bowl_1""]],""schema_version"":""ember_pi05_stage_predicate_episode_v1"",""transitions"":[{""satisfied"":[false],""step"":0},{""satisfied"":[true],""step"":115}]}","{""bytes"":36285439,""path"":""<writer-stability-study>/rollouts/e1/N1800/trajectories/libero_goal_task_06_state_000.pt"",""replans"":23}","{""asset"":""N1800"",""checkpoint_selection_use"":false,""global_task_id"":26,""init_state_id"":0,""outcome_dependence"":false,""schema_version"":""ember_writer_stability_rollout_condition_v1"",""suite"":""libero_goal"",""task_id"":6,""teacher_demo"":0,""teacher_raw_frames"":92,""teacher_sampled_frames"":20,""test_use"":false}",N1800,common_held,26,False,0
libero_goal,6,validation,put the cream cheese in the bowl,1,7,7,"[172711500567230450,7421732192852202220,5696561469870624486,1959095774179179170,7096899449743204803,6574102587345016126,61461671323595603,1124833847544659051,8371862612761519600,317790859405359394,2368768065563260770,484822171613426146,4530602358412543701,7019089587053173144,6324709606709671691,7558199183049434637,6214980544420630992,6052297001701878808,9129516409868353403,1439083426395263484,4692748106633523466,3720012224695422941,4823991602567067248,3195409965533030582,8567773169050897123]",True,123,24.37493820907548,26.23072944395244,"{""ever_satisfied"":[true],""final_satisfied"":[true],""peak_satisfied_count"":1,""predicates"":[[""on"",""cream_cheese_1"",""akita_black_bowl_1""]],""schema_version"":""ember_pi05_stage_predicate_episode_v1"",""transitions"":[{""satisfied"":[false],""step"":0},{""satisfied"":[true],""step"":123}]}","{""bytes"":39440583,""path"":""<writer-stability-study>/rollouts/e1/N1800/trajectories/libero_goal_task_06_state_001.pt"",""replans"":25}","{""asset"":""N1800"",""checkpoint_selection_use"":false,""global_task_id"":26,""init_state_id"":1,""outcome_dependence"":false,""schema_version"":""ember_writer_stability_rollout_condition_v1"",""suite"":""libero_goal"",""task_id"":6,""teacher_demo"":1,""teacher_raw_frames"":113,""teacher_sampled_frames"":24,""test_use"":false}",N1800,common_held,26,False,1
libero_goal,6,validation,put the cream cheese in the bowl,2,7,7,"[8869015256941978067,4364676101678728631,5793129651229169082,6966585936914818765,3014400220243696677,7835934952702427717,112500066649987043,946246571510749967,9209627272744437452,1782459505040012360,8661789802014128130,6375355591816836646,8480037578167967748,9109856301066563872,5649965148495419357,1361523480028289456,5544897762248452733,7926908190596035863,2691269795480030267,3762153279186053744,3178207901713675661,9171734940684465754]",True,110,21.417073933873326,24.152236508671194,"{""ever_satisfied"":[true],""final_satisfied"":[true],""peak_satisfied_count"":1,""predicates"":[[""on"",""cream_cheese_1"",""akita_black_bowl_1""]],""schema_version"":""ember_pi05_stage_predicate_episode_v1"",""transitions"":[{""satisfied"":[false],""step"":0},{""satisfied"":[true],""step"":110}]}","{""bytes"":34707803,""path"":""<writer-stability-study>/rollouts/e1/N1800/trajectories/libero_goal_task_06_state_002.pt"",""replans"":22}","{""asset"":""N1800"",""checkpoint_selection_use"":false,""global_task_id"":26,""init_state_id"":2,""outcome_dependence"":false,""schema_version"":""ember_writer_stability_rollout_condition_v1"",""suite"":""libero_goal"",""task_id"":6,""teacher_demo"":2,""teacher_raw_frames"":103,""teacher_sampled_frames"":22,""test_use"":false}",N1800,common_held,26,False,2
libero_goal,6,validation,put the cream cheese in the bowl,3,7,7,"[3467587809100205298,2928896816047292381,1435237479997991110,8733937688212635507,403890202367671631,5767672073548237334,2482907197191448394,6218636126290372373,5552533092183756129,5031099651492635924,2718241891028489771,343959079166825932,386421086928096082,3882073155129270948,1668398944862961140,5239989079759808327,5646748796877955327,1477718980308966035,5265336241054362918,8749581263222743127,9052339243429153271]",True,105,19.366831521037966,22.953716679941863,"{""ever_satisfied"":[true],""final_satisfied"":[true],""peak_satisfied_count"":1,""predicates"":[[""on"",""cream_cheese_1"",""akita_black_bowl_1""]],""schema_version"":""ember_pi05_stage_predicate_episode_v1"",""transitions"":[{""satisfied"":[false],""step"":0},{""satisfied"":[true],""step"":105}]}","{""bytes"":33130231,""path"":""<writer-stability-study>/rollouts/e1/N1800/trajectories/libero_goal_task_06_state_003.pt"",""replans"":21}","{""asset"":""N1800"",""checkpoint_selection_use"":false,""global_task_id"":26,""init_state_id"":3,""outcome_dependence"":false,""schema_version"":""ember_writer_stability_rollout_condition_v1"",""suite"":""libero_goal"",""task_id"":6,""teacher_demo"":3,""teacher_raw_frames"":104,""teacher_sampled_frames"":22,""test_use"":false}",N1800,common_held,26,False,3
libero_10,1,validation,put both the cream cheese box and the butter in the basket,0,7,7,"[6121435815512619047,9198136133492397877,8765829600456851509,7041222535750260529,7347630065393026896,2580028621035660761,3998888066084241576,321347343332153252,2645310409860292964,3600052332270670330,8912581740772062518,8468295567590886472,5377788564366722152,5777214288152487855,7829817036294500816,8501742281172678354,5683675586975837944,4715151168542892800,5754295708092879345,671570477553091847,1663316238895543887,4552132804583041443,7506665256121924950,7469169733610095278,2123252778679775852,7401056047726770785,599502111117659115,8669282422218258812,3039940301539086274,7077430281456258073,1332002337416064432,3776562060549698611,3734450047364869830,1418951287358372467,8430334862880071574,340709621708443088,8051791603525114798,910749159723223469,6693791023665261543,5223202734525571362,4652390051136401038,607182125464282334,1724504025363396364,6145216743698259877,6632217765290579420,4546308699174973541,7165572750831335712,7654472516627064315,2092297510147772997,8147809362110549796,5745948255303080899,119950738572812056,4183610026216326889,3530665420526958322,7801627131782584598,8754496288577792990,132473802744525674,6344980773868147280,3952500975645363572,2027245428225958282,1927650453537806106,2512740521107070441,7097193748883680474,2844610087226438012,1083234892691100915,4816330745350218912,8754511766378795554,8760143091839303845,6043024483741875775,723549488408053868,1739052091091687837,274582238362952230,7699824063495730110,3680130800998278920,5472477216559289622,8761677970238075190,2338560315897265059,5831578476898846233,7225880811879126120,5064847793878784504,658537246877017695,4586917552463769620,3632738467167313013,7870932457957464584,4527422042444280243,1852108086206093724,6057949535779431517,6227560449794431465,7285493774943545873,7054154813456385577,4295196837108274568,5240610798287010798,2157760216569249944,2633060516740762793,1466763418403027569,3161472324133342308,5635949790144035765,4195926355510275263,81430477046028914,2291027380881125740,7677578478740192043,7652291943122972400,2266180884713378092,2785548656426545540]",False,520,97.209843584802,98.37121654907241,"{""ever_satisfied"":[false,false],""final_satisfied"":[false,false],""peak_satisfied_count"":0,""predicates"":[[""in"",""cream_cheese_1"",""basket_1_contain_region""],[""in"",""butter_1"",""basket_1_contain_region""]],""schema_version"":""ember_pi05_stage_predicate_episode_v1"",""transitions"":[{""satisfied"":[false,false],""step"":0}]}","{""bytes"":164068359,""path"":""<writer-stability-study>/rollouts/e1/N1800/trajectories/libero_10_task_01_state_000.pt"",""replans"":104}","{""asset"":""N1800"",""checkpoint_selection_use"":false,""global_task_id"":31,""init_state_id"":0,""outcome_dependence"":false,""schema_version"":""ember_writer_stability_rollout_condition_v1"",""suite"":""libero_10"",""task_id"":1,""teacher_demo"":0,""teacher_raw_frames"":258,""teacher_sampled_frames"":53,""test_use"":false}",N1800,common_held,31,False,0
libero_10,1,validation,put both the cream cheese box and the butter in the basket,1,7,7,"[66136584690404204,1183032435003356527,5732753762199970214,1720401479735964275,8096762105900571098,8110576256183317159,627749624633121593,4012944101114361812,7407613280741089515,6091555666974215354,7524113543090785836,2201015540824072742,6357554316873592422,2717064589331837526,8496146421739605321,7573165117756759864,941549900583962793,7508390252310786350,7745158682443670941,7173161088192079640,3896233785756745114,3407976707630940001,4977209342674064701,945854016950933945,2008095024826789324,3987553784325697467,9005051846598122963,4606742795821848611,3202805068549740242,289672210827973828,6234883741079832276,6651120344891319205,6376198737414162662,3788538586357697715,6627573242969805642,6011370663154629921,6569265293773614629,6680209266572780216,3232066089475971860,6771811244672059546,761567453574804361,6966141247532206178,6449643587293589819,4387820435446264726,684332003558619770,4575569270478339413,2666853741826764633,4703770427707681393,601279261956225568,1101740312046038420,4314419429301251926,2657497065404313858,5278913904028470724,4306935866612974264,2218513710484379354,4207194653134620012,8996260354374236651,4644658216506732888,5243065945968330211,7523489891868398484,5169568617123789546,3630025926784487471,5496991495622604049,5224977565955097250,8575440722706876087,6065271283182776493,7455410854511542949,3955212961680531500,2397703139404870646,1809302034679374089,6728056723628172727,6022841150300502468,1896898812840991070,581367364058053055,7967900338711895317,2616742539295295994,3339013224847436685,6374099022802143919,3547986363308797896,1302028264266321532,3885703969976212923,3038899933274363653,1274659608056753953,3748359631552459872,298238713708077828,8482520648214759910,5621429188574826372,9074496542410788862,2898528530075564283,2221733884019621417,7954420676736849314,5333349697421330952,5044587469203617679,4430680007953928301,7838603121245597187,1070894194001537948,6666623392488808652,9153447530331586500,2613756989219705015,8475601465665200090,7607150221073728196,8060180283112098204,6920323714341908049,6614585496822096865]",False,520,98.08279172191396,100.42663308931515,"{""ever_satisfied"":[false,false],""final_satisfied"":[false,false],""peak_satisfied_count"":0,""predicates"":[[""in"",""cream_cheese_1"",""basket_1_contain_region""],[""in"",""butter_1"",""basket_1_contain_region""]],""schema_version"":""ember_pi05_stage_predicate_episode_v1"",""transitions"":[{""satisfied"":[false,false],""step"":0}]}","{""bytes"":164068359,""path"":""<writer-stability-study>/rollouts/e1/N1800/trajectories/libero_10_task_01_state_001.pt"",""replans"":104}","{""asset"":""N1800"",""checkpoint_selection_use"":false,""global_task_id"":31,""init_state_id"":1,""outcome_dependence"":false,""schema_version"":""ember_writer_stability_rollout_condition_v1"",""suite"":""libero_10"",""task_id"":1,""teacher_demo"":1,""teacher_raw_frames"":252,""teacher_sampled_frames"":52,""test_use"":false}",N1800,common_held,31,False,1
libero_10,1,validation,put both the cream cheese box and the butter in the basket,2,7,7,"[237537544366603088,4377711933226485083,4788660007159805263,17393041038539281,6663540231053520189,5640786627733641716,6657465019700196683,557610952177037896,6990620465574385082,5083340144013246260,5431125978830615161,6771063504230683973,9171636196861380520,6092847668129716701,2633517551440705676,7678200001578988402,1207862821945206703,6905423834438823346,8451344072386187812,7954488185244623399,7419659545470780857,4033453314564488254,8262692835669004409,4338044275411720028,5749216235295601894,2144243427268010703,2726195583078283313,6536632245765142500,6030034414389871759,7208895055044926003,2217444040212311824,8504274990113212780,6821015111846485544,6151758962031277411,5539655904396036590,1734411083081132399,1944860338937866814,3723878479175287422,2121489029533903927,4724699252759105581,8210828354769804888,8219379349200928774,8943552267309242913,5001365223098226299,8574791211410507597,1198132679271159053,696783229804103743,2469720650938780408,7863796595324854571,40578665032007877,207906401635952564,7442488373002408494,7145202880192885009,6187894358791876805,6268169459498638206,1243927226115219108,2995758008844218891,6009473991422210924,5012125767614478739,2626403740146658947,2520420618293281790,2722476508276810225,6840912642664133171,83875925733558605,7089712986038390783,8603608808279576523,5700704723648848733,7853938343515516028,7607005850956452125,6787314053515032945,524117091167867868,7468508234243980107,8997725298965051947,5530287410135940858,395342534446465335,9197979703121896904,6839877507678758060,4193645749647424219,1432438538352840906,6572792808584455210,8997749385902775353,6106476188912778535,3202501799050848954,5543052816613552351,7812759279058855258,3455343860059300031,5191939225307625937,3314743897481995836,8671963553220609745,4068493854088256022,6045642874181940811,2542234573193339791,7145175376455663805,7636246394926315465,2947224322543040359,3825001018252672089,1537923074713159130,3521113722070615648,2789342468843698042,6358115943118138748,589779690775283711,2891160029758315162,3809874528271221723,4056298425238616656]",False,520,98.46114917006344,102.02354474039748,"{""ever_satisfied"":[false,true],""final_satisfied"":[false,true],""peak_satisfied_count"":1,""predicates"":[[""in"",""cream_cheese_1"",""basket_1_contain_region""],[""in"",""butter_1"",""basket_1_contain_region""]],""schema_version"":""ember_pi05_stage_predicate_episode_v1"",""transitions"":[{""satisfied"":[false,false],""step"":0},{""satisfied"":[false,true],""step"":240}]}","{""bytes"":164068359,""path"":""<writer-stability-study>/rollouts/e1/N1800/trajectories/libero_10_task_01_state_002.pt"",""replans"":104}","{""asset"":""N1800"",""checkpoint_selection_use"":false,""global_task_id"":31,""init_state_id"":2,""outcome_dependence"":false,""schema_version"":""ember_writer_stability_rollout_condition_v1"",""suite"":""libero_10"",""task_id"":1,""teacher_demo"":2,""teacher_raw_frames"":246,""teacher_sampled_frames"":50,""test_use"":false}",N1800,common_held,31,False,2
libero_10,1,validation,put both the cream cheese box and the butter in the basket,3,7,7,"[1172433371271890943,1977564003530107199,8115592664614019157,6159323659024996084,2519690596343933893,3091526433145304265,4983200605690899963,8777235373924435877,24668664935122978,4738901875664707595,9146685982721738885,8764811733564714342,6635306866755069675,5286559259175742777,5561457748788341118,8896975671599236419,2575262689060700357,6429110907832080416,4108929753508194225,1278920952570853036,1936917704056445379,2542411021763533232,8853479110757827692,869142526677507796,4060095511433873165,6042885968174723371,4337192355065126869,6967237333313553850,9162203836822167091,1868390445493595235,468709751550360953,5295565572124894114,7834904024165627271,7270315595052438460,3386901692833337559,3416748962656713806,1719984605159610797,2396878498197051677,6830277733851247257,7942976674111433413,1536695889054105869,5082661196935383747,1144820361304319481,4542936399383682853,5541067093559189534,529690065245781455,5029462307555248978,2137477655576930501,5321188535125895451,2070104391903597384,834847158006402801,7253483230452966487,1052936468480163351,8552025359293890063,7580603615504933225,1569145745296256517,6137949514422224468,7562660764472843969,409141062691524893,3383973460302621511,4630998784918542100,3899346986818037287,3175265089064140439,4924449011951044938,4156303845325359211,7694900448521195924,1400762935104569802,6960604059106592194,452563245186382647,7754987409397160068,1680669419616164166,849553679760382897,383189082628014288,5862143357937734684,7568163160770022781,7599529908373285936,3041142869534331622,105126237026140907,6214206691709410873,5836993509239406059,2165691052611190382,5704704268049717633,9002768234225885334,4249241578151460139,2109850119882463633,5014070768486082812,2395669259448408164,5205698568647499533,8206439807761392850,2138773401876216925,3245202509019310374,2041230882120757968,6213452421643305544,1149559515864541208,3138556340763352961,7153861174883512995,6711370508369598272,6512528167997487817,4138676164903788156,6941894878824137839,7310574618247592754,4136379133205037650,4348489292662483355,9204963173706685255]",False,520,98.76447244174778,103.61320066312328,"{""ever_satisfied"":[false,true],""final_satisfied"":[false,false],""peak_satisfied_count"":1,""predicates"":[[""in"",""cream_cheese_1"",""basket_1_contain_region""],[""in"",""butter_1"",""basket_1_contain_region""]],""schema_version"":""ember_pi05_stage_predicate_episode_v1"",""transitions"":[{""satisfied"":[false,false],""step"":0},{""satisfied"":[false,true],""step"":466},{""satisfied"":[false,false],""step"":474},{""satisfied"":[false,true],""step"":479},{""satisfied"":[false,false],""step"":480}]}","{""bytes"":164068359,""path"":""<writer-stability-study>/rollouts/e1/N1800/trajectories/libero_10_task_01_state_003.pt"",""replans"":104}","{""asset"":""N1800"",""checkpoint_selection_use"":false,""global_task_id"":31,""init_state_id"":3,""outcome_dependence"":false,""schema_version"":""ember_writer_stability_rollout_condition_v1"",""suite"":""libero_10"",""task_id"":1,""teacher_demo"":3,""teacher_raw_frames"":288,""teacher_sampled_frames"":59,""test_use"":false}",N1800,common_held,31,False,3
libero_spatial,5,train,pick up the black bowl on the ramekin and place it on the plate,0,7,7,"[2332885929743906144,78210733290086199,3376592463069148898,7762815535033294232,625510416208986258,3274933733165795718,7831323212908477482,5876748357668257882,1219742529252700978,3198280787423874558,6249066565456398768,1170866556549183009,7172139499213454659,8781504831879024928,8202668504019271104,4242518137201564467,6074743199953778731,3572416567353859243,3948101554073552467,2456074848484716406,2515480201758908000,6752103479293961129,7215025446226185204,419867315998950590,529320435660180835,7318853563378627806,5517754333899680037,6263360992849926639,1720047318602775534,7777319485478269766,6557906389465072226,3711320029471490300,4250064725652837133,2969554618847881582,4307727544405268719,1372467830875306444,8510528787558831859,2838534541106559188,1685529326513934597,2183662958967784552,7146994113559057928,62888092219564004,9166618968524224175,6180584448943975133]",False,220,40.560695762746036,42.117963136173785,"{""ever_satisfied"":[false],""final_satisfied"":[false],""peak_satisfied_count"":0,""predicates"":[[""on"",""akita_black_bowl_1"",""plate_1""]],""schema_version"":""ember_pi05_stage_predicate_episode_v1"",""transitions"":[{""satisfied"":[false],""step"":0}]}","{""bytes"":69415257,""path"":""<writer-stability-study>/rollouts/e1/N1800/trajectories/libero_spatial_task_05_state_000.pt"",""replans"":44}","{""asset"":""N1800"",""checkpoint_selection_use"":false,""global_task_id"":5,""init_state_id"":0,""outcome_dependence"":false,""schema_version"":""ember_writer_stability_rollout_condition_v1"",""suite"":""libero_spatial"",""task_id"":5,""teacher_demo"":0,""teacher_raw_frames"":137,""teacher_sampled_frames"":29,""test_use"":false}",N1800,train,5,False,0
libero_spatial,5,train,pick up the black bowl on the ramekin and place it on the plate,1,7,7,"[2108315156300481109,6305114771558722149,6669850385748815919,1597813286460548712,7256603962091698256,6162984425250244553,7024547178120253095,1894120186701069329,8416214940848459239,6776971739970383916,2003017125639076934,8282448937498330936,3625812035987816419,7680878236674968614,9102634027979643941,2770263705301515055,282655066547685318,1470109964666606529]",True,89,21.10099600907415,23.719282780308276,"{""ever_satisfied"":[true],""final_satisfied"":[true],""peak_satisfied_count"":1,""predicates"":[[""on"",""akita_black_bowl_1"",""plate_1""]],""schema_version"":""ember_pi05_stage_predicate_episode_v1"",""transitions"":[{""satisfied"":[false],""step"":0},{""satisfied"":[true],""step"":89}]}","{""bytes"":28397813,""path"":""<writer-stability-study>/rollouts/e1/N1800/trajectories/libero_spatial_task_05_state_001.pt"",""replans"":18}","{""asset"":""N1800"",""checkpoint_selection_use"":false,""global_task_id"":5,""init_state_id"":1,""outcome_dependence"":false,""schema_version"":""ember_writer_stability_rollout_condition_v1"",""suite"":""libero_spatial"",""task_id"":5,""teacher_demo"":1,""teacher_raw_frames"":131,""teacher_sampled_frames"":27,""test_use"":false}",N1800,train,5,False,1
libero_spatial,5,train,pick up the black bowl on the ramekin and place it on the plate,2,7,7,"[3560787555776424136,7226996573937802746,6855028940056842727,5825837294166451036,8732433570626755307,5302160669969465098,4822764827269271930,8522734176745473494,801129458069335042,1019998127984911016,8592203178932525271,767638826384455817,4129916199427641160,8113388187416614587,1009567069286752128,8291526830846242392,6231563887409315064,5202871763461620023,8413557639544490437,2604695222963429568,7474100169620082969,6939913757011356350,4377677867101078987,619626033091982657,4327406935105831941,6755561498347802113,596633032261620268,8262559582572550490,7609756894518033340,8859764456095952615]",True,146,30.863734160084277,34.52154068136588,"{""ever_satisfied"":[true],""final_satisfied"":[true],""peak_satisfied_count"":1,""predicates"":[[""on"",""akita_black_bowl_1"",""plate_1""]],""schema_version"":""ember_pi05_stage_predicate_episode_v1"",""transitions"":[{""satisfied"":[false],""step"":0},{""satisfied"":[true],""step"":146}]}","{""bytes"":47328975,""path"":""<writer-stability-study>/rollouts/e1/N1800/trajectories/libero_spatial_task_05_state_002.pt"",""replans"":30}","{""asset"":""N1800"",""checkpoint_selection_use"":false,""global_task_id"":5,""init_state_id"":2,""outcome_dependence"":false,""schema_version"":""ember_writer_stability_rollout_condition_v1"",""suite"":""libero_spatial"",""task_id"":5,""teacher_demo"":2,""teacher_raw_frames"":121,""teacher_sampled_frames"":25,""test_use"":false}",N1800,train,5,False,2
libero_spatial,5,train,pick up the black bowl on the ramekin and place it on the plate,3,7,7,"[3621597416465773204,8359337169648245935,5744939891821775059,7086073565515240221,8414104011005972442,1357607194157334646,2457086667379005528,5139625551208531962,1783376984749811127,2203776395258555631,3657205777711994108,7764281548266222437,3692589158748323839,6333526485836836501,7238512290876979597,8252196340216571223,1391771959196485743,6178020184378955223,1721163266043831601,4312768008700186563,2859265695794382997,6257629896877401346,3214259742792075943,1999357425995595611,8867469239714716146,258670271998867373,3128089778059045497,4972603320284032672,3517116997601447791]",True,141,28.631381429266185,33.394896873272955,"{""ever_satisfied"":[true],""final_satisfied"":[true],""peak_satisfied_count"":1,""predicates"":[[""on"",""akita_black_bowl_1"",""plate_1""]],""schema_version"":""ember_pi05_stage_predicate_episode_v1"",""transitions"":[{""satisfied"":[false],""step"":0},{""satisfied"":[true],""step"":141}]}","{""bytes"":45751324,""path"":""<writer-stability-study>/rollouts/e1/N1800/trajectories/libero_spatial_task_05_state_003.pt"",""replans"":29}","{""asset"":""N1800"",""checkpoint_selection_use"":false,""global_task_id"":5,""init_state_id"":3,""outcome_dependence"":false,""schema_version"":""ember_writer_stability_rollout_condition_v1"",""suite"":""libero_spatial"",""task_id"":5,""teacher_demo"":3,""teacher_raw_frames"":121,""teacher_sampled_frames"":25,""test_use"":false}",N1800,train,5,False,3
libero_spatial,7,train,pick up the black bowl on the stove and place it on the plate,0,7,7,"[8860512939643002952,7305892915116313584,6600149728612776307,8752014322555712292,9159443665344864132,3748566440965895194,673031707609208575,4382847811375432032,3183953177240202152,4827959849555365684,8027860632661586452,523990053016017450,9085873970308404896,8932401287869707718,3414090784665512976,7516448465408070827,1406352271980649565,7521697099492649814,4462510421249513874,3876035414895575679,5299465691909999882,8781439129847774454,6686528434166226194,972450351795151281,8501228768998065543,6570497713169987822]",True,127,29.880668910685927,30.92455945489928,"{""ever_satisfied"":[true],""final_satisfied"":[true],""peak_satisfied_count"":1,""predicates"":[[""on"",""akita_black_bowl_1"",""plate_1""]],""schema_version"":""ember_pi05_stage_predicate_episode_v1"",""transitions"":[{""satisfied"":[false],""step"":0},{""satisfied"":[true],""step"":127}]}","{""bytes"":41018563,""path"":""<writer-stability-study>/rollouts/e1/N1800/trajectories/libero_spatial_task_07_state_000.pt"",""replans"":26}","{""asset"":""N1800"",""checkpoint_selection_use"":false,""global_task_id"":7,""init_state_id"":0,""outcome_dependence"":false,""schema_version"":""ember_writer_stability_rollout_condition_v1"",""suite"":""libero_spatial"",""task_id"":7,""teacher_demo"":0,""teacher_raw_frames"":155,""teacher_sampled_frames"":32,""test_use"":false}",N1800,train,7,False,0
libero_spatial,7,train,pick up the black bowl on the stove and place it on the plate,1,7,7,"[4534021060883521833,9026905912977082461,4808555720481214932,8503670798955834384,5972345743408122066,8838525188849991096,2856101562254632339,4482595906452315814,3434188169977942467,7985418067034188883,9097367675132806926,2058352380433547633,3431551927526130333,8808354954499189918,557616745451118471,7019629026487755929,5921363881277097403,8825026556377032831,2264481834634252451,457293413597673605,3581166459691132976,6043476433407198372,8252721951464966321,5977862060771975128,1996687696070853151,9209232472459138575,7622663028896655265,4255038315152990171,366551764046136265,2625371671359880979,8361105411971417144,8148195376031484920,928025999102823790,7057195203994247830,8608270151072806098,1033665008064079817,5408478035830420928,2854281182602577130]",True,190,35.93982798466459,38.0578804849647,"{""ever_satisfied"":[true],""final_satisfied"":[true],""peak_satisfied_count"":1,""predicates"":[[""on"",""akita_black_bowl_1"",""plate_1""]],""schema_version"":""ember_pi05_stage_predicate_episode_v1"",""transitions"":[{""satisfied"":[false],""step"":0},{""satisfied"":[true],""step"":190}]}","{""bytes"":59949735,""path"":""<writer-stability-study>/rollouts/e1/N1800/trajectories/libero_spatial_task_07_state_001.pt"",""replans"":38}","{""asset"":""N1800"",""checkpoint_selection_use"":false,""global_task_id"":7,""init_state_id"":1,""outcome_dependence"":false,""schema_version"":""ember_writer_stability_rollout_condition_v1"",""suite"":""libero_spatial"",""task_id"":7,""teacher_demo"":1,""teacher_raw_frames"":125,""teacher_sampled_frames"":26,""test_use"":false}",N1800,train,7,False,1
libero_spatial,7,train,pick up the black bowl on the stove and place it on the plate,2,7,7,"[2716251375073171738,8049712028238188176,1598961167065654123,4755763789268781435,4646857958709024522,6914225840622955044,5573874959127695675,7114826051942459516,4493222236179623310,6151224640883173422,1308415051361516778,9096980738005567473,8228643533572900652,7691863563192459793,7592960794211444420,9056922484206779306,2234326808775397208,4827621346943853126,5758187805781238965,887643835648115926,4246874755487696912,3883115485969714727,2540104280623826014,1193382702733136726,7839651454512889570,2752705616438492218,6596127430420649144,8011189765139562093,7657678188807738705]",True,145,30.169930478092283,33.39543507620692,"{""ever_satisfied"":[true],""final_satisfied"":[true],""peak_satisfied_count"":1,""predicates"":[[""on"",""akita_black_bowl_1"",""plate_1""]],""schema_version"":""ember_pi05_stage_predicate_episode_v1"",""transitions"":[{""satisfied"":[false],""step"":0},{""satisfied"":[true],""step"":145}]}","{""bytes"":45751324,""path"":""<writer-stability-study>/rollouts/e1/N1800/trajectories/libero_spatial_task_07_state_002.pt"",""replans"":29}","{""asset"":""N1800"",""checkpoint_selection_use"":false,""global_task_id"":7,""init_state_id"":2,""outcome_dependence"":false,""schema_version"":""ember_writer_stability_rollout_condition_v1"",""suite"":""libero_spatial"",""task_id"":7,""teacher_demo"":2,""teacher_raw_frames"":124,""teacher_sampled_frames"":26,""test_use"":false}",N1800,train,7,False,2
libero_spatial,7,train,pick up the black bowl on the stove and place it on the plate,3,7,7,"[6262820076752428103,4647141719007556199,2558909064595167663,1436225617566126154,5331028542787216864,1700471507057443990,3493721523755451788,2886529366537706207,6967346967983560001,5617073074102920609,5984865832338637220,8559952677090218467,3832477420239482378,176646764400085765,6848534797422537363,4932562024647258224,5609398224426934900,4717874863988391871,3495055827177260515,7918636031778131271,3293542358724567982,7135344104179070012,8594750535769308648,3068481545553526444]",True,118,24.85465769469738,29.07035111496225,"{""ever_satisfied"":[true],""final_satisfied"":[true],""peak_satisfied_count"":1,""predicates"":[[""on"",""akita_black_bowl_1"",""plate_1""]],""schema_version"":""ember_pi05_stage_predicate_episode_v1"",""transitions"":[{""satisfied"":[false],""step"":0},{""satisfied"":[true],""step"":118}]}","{""bytes"":37863389,""path"":""<writer-stability-study>/rollouts/e1/N1800/trajectories/libero_spatial_task_07_state_003.pt"",""replans"":24}","{""asset"":""N1800"",""checkpoint_selection_use"":false,""global_task_id"":7,""init_state_id"":3,""outcome_dependence"":false,""schema_version"":""ember_writer_stability_rollout_condition_v1"",""suite"":""libero_spatial"",""task_id"":7,""teacher_demo"":3,""teacher_raw_frames"":191,""teacher_sampled_frames"":39,""test_use"":false}",N1800,train,7,False,3
libero_object,2,train,pick up the salad dressing and place it in the basket,0,7,7,"[926971204240776524,8852970192180508234,7594642915430612756,6949624471219738414,8678418478545596585,7955862672732622887,3105327838272853580,6211554433824911803,6656189574454732066,5578928989321598728,5992228228138252069,1563889852935576123,2143145904404040586,166840200037075020,8136154808220516449,8394378735983203648,6806365180665921169,3588972006584734615,8041013076229572720,3899524213718088049,1060033558408845916,1474019411076631326,4030917986631749338,1920393417184737037,6555893101066362251,4074366801348485076,9103703520426295733,5289540875458414095,3365390134638702452,4761972337007149352,4642007772747823066,7595541929468217684,4074130817975153093,687947983413259556,7625823318009818227,4355837874647858810,378510985675781992,6861483343885848967,5544443133397653846,8504945874298111846,3936471725185063664,3184698899490369770,6133121317896143374,8124899137362954845,1421680698983409170,414897024173015815,4965105652593542295,4028466195025967238,1747304219119290569,3384761602727740980,1822677422629841440,5752688090852102310,947607838593085681,6410966819665196468,4119011256166479593,7651148439807336995]",False,280,50.43687056330964,51.577022295910865,"{""ever_satisfied"":[false],""final_satisfied"":[false],""peak_satisfied_count"":0,""predicates"":[[""in"",""salad_dressing_1"",""basket_1_contain_region""]],""schema_version"":""ember_pi05_stage_predicate_episode_v1"",""transitions"":[{""satisfied"":[false],""step"":0}]}","{""bytes"":88346143,""path"":""<writer-stability-study>/rollouts/e1/N1800/trajectories/libero_object_task_02_state_000.pt"",""replans"":56}","{""asset"":""N1800"",""checkpoint_selection_use"":false,""global_task_id"":12,""init_state_id"":0,""outcome_dependence"":false,""schema_version"":""ember_writer_stability_rollout_condition_v1"",""suite"":""libero_object"",""task_id"":2,""teacher_demo"":0,""teacher_raw_frames"":137,""teacher_sampled_frames"":29,""test_use"":false}",N1800,train,12,False,0
libero_object,2,train,pick up the salad dressing and place it in the basket,1,7,7,"[1901561695000682192,2003766107740913469,8755200202034928571,3133797423555193730,8435314461711372540,5267886066226551003,695848683296115357,2713319643480232557,9188174131248631266,1362528486973096986,6839078978808543802,220334253274724613,73283253109529949,4947001090250361269,632322592973956895,1917767870106579780,4306378780912509961,7511429792504407578,8536027760756004605,2182079769965389270,3975142908658168401,2565459673285321056,3189876221184975315,6453834132575965793,1774322765775069461,2843693022487972725,7373677649854649301,3086439080011965080,8152262382344389222,5717011585812009083,4119944326188867785,1323441598191467120,1889714953393603785,5191220327495673327,7694156533531543963,7495959713903553051,6783463270577461664,8756921786846037510,8112098236217851224,8200168533135899433,2028940080133672165,2024310360713863999,3994415375352535725,6664617973221683548,6655741272199419378,907258625021504820,8948112858356337270,8644386923918930220,7481039100869315351,3011156613347040234,1582254911761359315,5472288417531588728,4781665992265395053,6631220592358479453,4037821958267693051,3636440491695181790]",False,280,50.73943114420399,53.052189353853464,"{""ever_satisfied"":[false],""final_satisfied"":[false],""peak_satisfied_count"":0,""predicates"":[[""in"",""salad_dressing_1"",""basket_1_contain_region""]],""schema_version"":""ember_pi05_stage_predicate_episode_v1"",""transitions"":[{""satisfied"":[false],""step"":0}]}","{""bytes"":88346143,""path"":""<writer-stability-study>/rollouts/e1/N1800/trajectories/libero_object_task_02_state_001.pt"",""replans"":56}","{""asset"":""N1800"",""checkpoint_selection_use"":false,""global_task_id"":12,""init_state_id"":1,""outcome_dependence"":false,""schema_version"":""ember_writer_stability_rollout_condition_v1"",""suite"":""libero_object"",""task_id"":2,""teacher_demo"":1,""teacher_raw_frames"":124,""teacher_sampled_frames"":26,""test_use"":false}",N1800,train,12,False,1
libero_object,2,train,pick up the salad dressing and place it in the basket,2,7,7,"[819876312240355918,7393526760793077091,8219609591024630774,678086930081810191,5378668988763670442,8562896929448108889,7952206833824424980,6153578163397244934,8600353560611264702,5360519908927206101,1677456591289604523,4312131950909776386,1300295824871377689,8889213098818255465,506148884820736663,2789678235081217361,2700613037678503463,8166941857721968609,884944661215142797,4953819884431911953,4135886623190422532,4445636141886008669,4937543429469994179,1010900006734588013,5199730149621723732,6518585211636964647,8997351660534223289,5356573588739936257,4714849124857119837,193951054744898384,1762877312884787248,2404646303181169857,2605527945320466828,3447154030184229443,8790014835371623008,3889939628997399010,7421954123470736643,4488619821623410764,4160300164860709177,8855054048831931175,7329290406030931087,2081807024682103391,5159253211862069775,877956378140801670,8152468559839654363,5519465065735787234,3457895309141532787,393211916946199439,5657007264506806158,3130348390783210744,7288498309655178837,8538400492206860910,2218218315446327916,7111474715722402595,718482248167924527,8177669145935066372]",False,280,50.48172079306096,53.75427111564204,"{""ever_satisfied"":[false],""final_satisfied"":[false],""peak_satisfied_count"":0,""predicates"":[[""in"",""salad_dressing_1"",""basket_1_contain_region""]],""schema_version"":""ember_pi05_stage_predicate_episode_v1"",""transitions"":[{""satisfied"":[false],""step"":0}]}","{""bytes"":88346143,""path"":""<writer-stability-study>/rollouts/e1/N1800/trajectories/libero_object_task_02_state_002.pt"",""replans"":56}","{""asset"":""N1800"",""checkpoint_selection_use"":false,""global_task_id"":12,""init_state_id"":2,""outcome_dependence"":false,""schema_version"":""ember_writer_stability_rollout_condition_v1"",""suite"":""libero_object"",""task_id"":2,""teacher_demo"":2,""teacher_raw_frames"":129,""teacher_sampled_frames"":27,""test_use"":false}",N1800,train,12,False,2
libero_object,2,train,pick up the salad dressing and place it in the basket,3,7,7,"[8639434405770398152,205919488606740875,2501948881802714263,5069929753859729762,3302366391688415942,9001581433863466647,9100694176453527499,328107878187802325,765954685160989904,6696427461794402730,3918120898880784857,907785793522543587,4121862568451884869,8672988666222239330,6314501926142379404,7414403981683438948,8881091179082601343,1875116340184474766,1900830040124490039,1950079712428461041,2516449151849810246,2310421115796619497,9054438725339839852,300142070450751365,7502943848515967706,7525226907824315211,1579069792832207232,2126256233270394446,200425568793567960,1473398849984927838,256974336133703160,2579939327168962525,7516160650261415276,5804312339824171996,1125953436632123172,8972614325382409897,6585408981715560279,8657870435269572251,4359114053935924699,4358653051936709503,8564780160120538480,5772594916368460674,2487848699716086663,6540382024773083440,6087995028654358106,1509307301461323395,3132709909459763677,5386500077548155145,8902967546907806115,5367969233733623052,8661713807828836874,8865162749370189000,9001557041549757974,7615066434818214185,5998747412507569924,1772336693234564772]",False,280,50.45960467401892,54.74163010995835,"{""ever_satisfied"":[false],""final_satisfied"":[false],""peak_satisfied_count"":0,""predicates"":[[""in"",""salad_dressing_1"",""basket_1_contain_region""]],""schema_version"":""ember_pi05_stage_predicate_episode_v1"",""transitions"":[{""satisfied"":[false],""step"":0}]}","{""bytes"":88346143,""path"":""<writer-stability-study>/rollouts/e1/N1800/trajectories/libero_object_task_02_state_003.pt"",""replans"":56}","{""asset"":""N1800"",""checkpoint_selection_use"":false,""global_task_id"":12,""init_state_id"":3,""outcome_dependence"":false,""schema_version"":""ember_writer_stability_rollout_condition_v1"",""suite"":""libero_object"",""task_id"":2,""teacher_demo"":3,""teacher_raw_frames"":125,""teacher_sampled_frames"":26,""test_use"":false}",N1800,train,12,False,3
libero_10,7,train,put both the alphabet soup and the cream cheese box in the basket,0,7,7,"[907041501630148667,4612298201938112620,7281379436564235312,8338984819693199724,2296327197964993479,1274874525767175883,1421085673004716131,8425219134706071258,2062056564332073825,3071823040802638185,7938505278379970267,3522984377378569669,5154699334473623640,5638591476749275226,7552400992327635367,4732095005522759435,548401318343329476,267082782734891939,5857808572556056244,728457632512888542,2479756125584198374,4267585010630026791,3441643870553481288,8467915757498431008,5439084353704905879,2429549296788933905,55074050952303357,7067922698958479450,3148481196641040200,7928035374902457223,2440436879351599588,3729017454671572477,656442492107433950,6368157897057010948,3464442594792354172,1280125980264144632,8474274633303663975,4870810077541056637,7166101728600443393,369158490192561197,764757969214367234,3552159545576718613,994019392606449986,7808204169934001903,6396956296601003891,2148627265909606181,3392973609910076788,7144436042418807983,5348980458885744959,4710379024947167801,2102325676071880200,7802958165199808900,7461942172918253974,1218388398405274306,392458831657878906,6590274664344723069,1400311591597243061,6427826179529007617,7561970502556684824,16365147013489906]",True,297,54.08678423985839,55.19265455706045,"{""ever_satisfied"":[true,true],""final_satisfied"":[true,true],""peak_satisfied_count"":2,""predicates"":[[""in"",""alphabet_soup_1"",""basket_1_contain_region""],[""in"",""cream_cheese_1"",""basket_1_contain_region""]],""schema_version"":""ember_pi05_stage_predicate_episode_v1"",""transitions"":[{""satisfied"":[false,false],""step"":0},{""satisfied"":[true,false],""step"":136},{""satisfied"":[true,true],""step"":297}]}","{""bytes"":94655247,""path"":""<writer-stability-study>/rollouts/e1/N1800/trajectories/libero_10_task_07_state_000.pt"",""replans"":60}","{""asset"":""N1800"",""checkpoint_selection_use"":false,""global_task_id"":37,""init_state_id"":0,""outcome_dependence"":false,""schema_version"":""ember_writer_stability_rollout_condition_v1"",""suite"":""libero_10"",""task_id"":7,""teacher_demo"":0,""teacher_raw_frames"":242,""teacher_sampled_frames"":50,""test_use"":false}",N1800,train,37,False,0
libero_10,7,train,put both the alphabet soup and the cream cheese box in the basket,1,7,7,"[6054502716598075368,3373274192069980437,3185364884059471209,3608991073448512685,517748803206916309,9010808168683658860,3969398306279785984,4655120805785931556,7448513816754508384,6099694596918001882,2806494977354897077,1697037100477914334,3569436727247049860,9001816453034556463,5893953901839926098,379451450119823168,8132891434927867249,2722460681803149974,1058756159028552051,8444513812763477876,6323003568009789490,52925706232198483,3407496001400737197,794108315628650049,1689708956482017287,6306014752980090556,222897003135104657,8970068682809487284,4922052258049670881,8302988477073037773,1401187420163282846,5228472353476866614,4162134272585034759,6051809908143140903,714351754922177042,7991097623387708277,3396592449574138399,858780414343094743,1449441676156483277,3888627651511577075,155784254709717277,6010283337508566400,3779320978360101683,4318483056333515657,4692049277477932425,1941648099277504086,6553702964953029061,4236415250678739318,6518696491373012657,190199796422483962,8469442507697709941,7455061427177288459,4234408307774238832,4590956702557915850,6208500787622481845,3636122027318942685,2679645038158141695,5819158568058406159,1802602973444189485,3831144166720032239,1040054466211122704,6993185429138551357,3768803779400020884,510294469297024565,950927877389133366,8484010846785167239,3582158776025324215,5718180638084070370,8933752313594336548,1928031053182024831,4015617872392473536,820497684339733641,5926618261464899105,4649812173987320543,2209302671799867726,6331683035942567992,4470305473552257165,7628422331271476795,3618030208784749640,6201299382274795221,7737420559239050910,4223015513045081968,4200282289783786762,324168955198484415,2673655210954264192,671449631717851877,8543274320607591621,8659223830905750508,7956748313373601931,6982828976739134818,7446992908545697567,3815967400527592716,234038522364502723,1737442943690687005,6286049096464904391,271914701293051695,8471339901034421080,9000154197992288312,8547620048380180551,1511146987209210290,5309627985096157116,2182630813419250643,7745561134183826985,1331092219490038653]",False,520,80.32261746516451,82.44444232108071,"{""ever_satisfied"":[true,false],""final_satisfied"":[true,false],""peak_satisfied_count"":1,""predicates"":[[""in"",""alphabet_soup_1"",""basket_1_contain_region""],[""in"",""cream_cheese_1"",""basket_1_contain_region""]],""schema_version"":""ember_pi05_stage_predicate_episode_v1"",""transitions"":[{""satisfied"":[false,false],""step"":0},{""satisfied"":[true,false],""step"":366}]}","{""bytes"":164068359,""path"":""<writer-stability-study>/rollouts/e1/N1800/trajectories/libero_10_task_07_state_001.pt"",""replans"":104}","{""asset"":""N1800"",""checkpoint_selection_use"":false,""global_task_id"":37,""init_state_id"":1,""outcome_dependence"":false,""schema_version"":""ember_writer_stability_rollout_condition_v1"",""suite"":""libero_10"",""task_id"":7,""teacher_demo"":1,""teacher_raw_frames"":290,""teacher_sampled_frames"":59,""test_use"":false}",N1800,train,37,False,1
libero_10,7,train,put both the alphabet soup and the cream cheese box in the basket,2,7,7,"[1141831798795922170,476116436293911919,8237067642382420058,8506762262383606495,8118914937716207702,6284120947842339944,5004368348949994857,2575816952202784325,8399303744084685300,3438407395270645068,4847004481919487525,4778235962858992395,2987713141466338533,7585356651342685923,6087824187240540081,2465977945630732666,818275127846322222,4361172374205476552,1363189026606831070,7707235255140555837,237400437888141885,1146283858514531568,3850848674028441834,650811130426090841,6160135171061725906,3483504987025845820,6498816732458390038,7218577709392159996,7128287944051605903,50186553606729547,703871423265154097,6748925175270680900,62943701319998776,8871551844684075718,6246572900359449399,6724406725943219299,7589562940788109256,1311415916896953251,8538578553698842348,8590143181027533353,1727269024583300655,8874194122223207471,1494456880129197172,1258027500909655032,2123678301846287987,6615294656067858141,5292781605920597399,6766452077574426209,4106142271637509256,7944857383135646459,2758304030882941327,1233962433497190800]",True,256,44.974440183956176,48.102938847150654,"{""ever_satisfied"":[true,true],""final_satisfied"":[true,true],""peak_satisfied_count"":2,""predicates"":[[""in"",""alphabet_soup_1"",""basket_1_contain_region""],[""in"",""cream_cheese_1"",""basket_1_contain_region""]],""schema_version"":""ember_pi05_stage_predicate_episode_v1"",""transitions"":[{""satisfied"":[false,false],""step"":0},{""satisfied"":[true,false],""step"":134},{""satisfied"":[true,true],""step"":256}]}","{""bytes"":82034687,""path"":""<writer-stability-study>/rollouts/e1/N1800/trajectories/libero_10_task_07_state_002.pt"",""replans"":52}","{""asset"":""N1800"",""checkpoint_selection_use"":false,""global_task_id"":37,""init_state_id"":2,""outcome_dependence"":false,""schema_version"":""ember_writer_stability_rollout_condition_v1"",""suite"":""libero_10"",""task_id"":7,""teacher_demo"":2,""teacher_raw_frames"":246,""teacher_sampled_frames"":50,""test_use"":false}",N1800,train,37,False,2
libero_10,7,train,put both the alphabet soup and the cream cheese box in the basket,3,7,7,"[2564337726511075081,5588539802720706177,8775329953075666572,5502734918043840715,2092305860409775971,409625624490978284,4085299268941489435,8537830137714499300,568405597646791332,7423717016718826754,3915870455637148669,2898978858585350803,4397789666744193489,2082563152445061563,4581449232139627278,3122536630266406140,402405693449307991,5333397642091636170,4281490812767731821,1427349246640133864,2491309653112030774,522460717354252433,3125383268646429144,7478539731247921594,5371076715465631031,7506666998267534558,916571016847850532,8462493505229270233,1275308000854540889,302180627571622010,5418315110241812777,5655448071561038713,1171241367948681616,3039543837268948738,8310244414432532984,6347707175048813495,1089396369855840143,6191562696556655605,1307279807344854794,4573733249512577896,3781442485052134047,4904651705656643174,3964760207791545460,4888267404949723309,5708215700067311094,93351870594750137,7590328213776734030,2376818188200500100,8033740422074731563,8833071520693473000,3900278425239308475,6285770524664953689,298215509636217961,7524413092535480125,1924834980762599057,5353770390211977189,5775369009135924867,4983960296733771645,40860364176140609,8913189508617915024,1653597497255095179,5228244224918912755,7952889457035110258,2998638369209666747,7360675218213687924,3960161747503774333,1162121901720168574,2771401518294943291,494829771310993070,1016663463374572010,5221300783558526386,3566105101420442845,2496767167296237965,2022532979888013655,7570518909759524339,2735949389879153538,9105492749033457927,5412777787333337721,119534179516599881,5819652029600558410,2246517444466848572,1596380778975994481,1338579922064022058,2603405220912974990,5663788447106072631,4672507471840626590,8145653830112058190,486078702135903794,3280033746944948631,7467581260173456463,4338782030418425116,2037733434139655232,8367183244256398486,6074121470605164128,6471962946093271814,8760919547051329777,1426197829903420392,6525226390880203438,4334216163813253032,5716428432204494209,8045796856932139703,1940061399356146172,8803015403780318604,7112992690418151429]",False,520,79.92879333207384,84.0324512179941,"{""ever_satisfied"":[false,false],""final_satisfied"":[false,false],""peak_satisfied_count"":0,""predicates"":[[""in"",""alphabet_soup_1"",""basket_1_contain_region""],[""in"",""cream_cheese_1"",""basket_1_contain_region""]],""schema_version"":""ember_pi05_stage_predicate_episode_v1"",""transitions"":[{""satisfied"":[false,false],""step"":0}]}","{""bytes"":164068359,""path"":""<writer-stability-study>/rollouts/e1/N1800/trajectories/libero_10_task_07_state_003.pt"",""replans"":104}","{""asset"":""N1800"",""checkpoint_selection_use"":false,""global_task_id"":37,""init_state_id"":3,""outcome_dependence"":false,""schema_version"":""ember_writer_stability_rollout_condition_v1"",""suite"":""libero_10"",""task_id"":7,""teacher_demo"":3,""teacher_raw_frames"":279,""teacher_sampled_frames"":57,""test_use"":false}",N1800,train,37,False,3
libero_90,3,meta_train,put the butter at the back in the top drawer of the cabinet and close it,0,7,7,"[3463252452235991221,2337350760912150312,8161855968009784438,8214055746421606667,1542958794424955060,1596371316421749689,3300839992879728970,1515216923558476676,8888616565337359682,3989284990074701907,2047032325460580723,208746576969330771,7795845198237565512,4976912510760930834,7677423444143065202,8437475311278861364,2992029420982994691,8540929155291270607,8857381824075531757,6717524333376369801,318682629911040204,8238151636016414989,9078950066631763160,6879576329745308635,4784715550055640506,3237121610935137325,275944231883205180,5679325194804583127,4967419413390713644,2167890266506144336,5863705567279506357,7761565759944990785,749883301249389933,7745405932829170145,6976429834935865508]",True,172,33.351955369114876,34.34021442523226,"{""ever_satisfied"":[true,true],""final_satisfied"":[true,true],""peak_satisfied_count"":2,""predicates"":[[""in"",""butter_2"",""wooden_cabinet_1_top_region""],[""close"",""wooden_cabinet_1_top_region""]],""schema_version"":""ember_pi05_stage_predicate_episode_v1"",""transitions"":[{""satisfied"":[false,false],""step"":0},{""satisfied"":[true,false],""step"":117},{""satisfied"":[true,true],""step"":172}]}","{""bytes"":55216005,""path"":""<writer-stability-study>/rollouts/e1/N1800/trajectories/libero_90_task_03_state_000.pt"",""replans"":35}","{""asset"":""N1800"",""checkpoint_selection_use"":false,""global_task_id"":43,""init_state_id"":0,""outcome_dependence"":false,""schema_version"":""ember_writer_stability_rollout_condition_v1"",""suite"":""libero_90"",""task_id"":3,""teacher_demo"":0,""teacher_raw_frames"":183,""teacher_sampled_frames"":38,""test_use"":false}",N1800,train,43,False,0
libero_90,3,meta_train,put the butter at the back in the top drawer of the cabinet and close it,1,7,7,"[1744563937202573523,1501003248594690273,4253770601318701296,569720763052505910,299951401507768706,4043973426313508183,8115517137211960739,162191702331670159,3187597477918770790,4281690915880607494,1581939060727012639,6615223608210381767,740238587186198268,4940629726328038995,5365514443359147225,2607753611118602531,3753150467719338450,7704083716949971615,2439358823286897676,8744672896785378582,3236819262618452874,8946988731821132698,1129383953514847038,3682261918095857997,2894654045154240909,3754117739133419628,7384586953620171694,934313948325649401,4470262752704418924,8616903928537340804,8502319734231964819,666073978247704497,4632206942576607149,5717284662142015458,3714063673190115246,8956307803125253506,3006628929142561915,7221847654967489809,8810540623657208093,4987444605859592822,8510236322019906113,1645155789097810721,2338417431097479678,5184122402600124683,8248378395996744609,4154410740635730229,3212729081858374170,3290179764328841330,3965088169182855839,7778407970895099842,1887935274734365856,5298254513216022455,6708291835253940653,7503563274835975588,1275802730566037733,2105205285945811199,6507750431272380395,5300150638411956224,2743367277329917707,7146175411066914808,2125538946275256949,5203068838537854607,8930467415322172262,3926994520100602731,3604152635855828965,5693288806760571001,144643616978297979,6507439242720680948,1776958691228115775,1339647855977536959,7510271815279146723,3747459138505968126,8904326392794307666,7420229589559841585,4767937041690697535,283088200525881925,7991439676075133577,1000234148043899946,7636747624529989313,907323717247090788]",False,400,60.48316228063777,62.37303739693016,"{""ever_satisfied"":[false,true],""final_satisfied"":[false,true],""peak_satisfied_count"":1,""predicates"":[[""in"",""butter_2"",""wooden_cabinet_1_top_region""],[""close"",""wooden_cabinet_1_top_region""]],""schema_version"":""ember_pi05_stage_predicate_episode_v1"",""transitions"":[{""satisfied"":[false,false],""step"":0},{""satisfied"":[false,true],""step"":161}]}","{""bytes"":126206679,""path"":""<writer-stability-study>/rollouts/e1/N1800/trajectories/libero_90_task_03_state_001.pt"",""replans"":80}","{""asset"":""N1800"",""checkpoint_selection_use"":false,""global_task_id"":43,""init_state_id"":1,""outcome_dependence"":false,""schema_version"":""ember_writer_stability_rollout_condition_v1"",""suite"":""libero_90"",""task_id"":3,""teacher_demo"":1,""teacher_raw_frames"":204,""teacher_sampled_frames"":42,""test_use"":false}",N1800,train,43,False,1
libero_90,3,meta_train,put the butter at the back in the top drawer of the cabinet and close it,2,7,7,"[8949149783415477956,4516295665246213560,2052271694247586027,9011631737548241417,97854790008320753,451153564187916741,7478978813103900898,6827742394449694272,5265033022042814656,4779545910765386669,7291454868160903245,3532146457711357421,515814491144078332,5353791895988005663,9177168810835222914,1461779550137009919,5217533246683209881,1110883722056685302,2303758629452565078,4169525421616883259,5762972253255117270,4794296292723991611,8831835289473304312,1882595891243347702,6381697104859554636,6596537141792510128,2562888767021537259,1324141186910733951,2559933900609270726,6369406974844891187,1715250129649892035,6730461007539867397,4516266053431266601,1987629881003342778,1366942092025472909]",True,173,32.619809451978654,35.4127354263328,"{""ever_satisfied"":[true,true],""final_satisfied"":[true,true],""peak_satisfied_count"":2,""predicates"":[[""in"",""butter_2"",""wooden_cabinet_1_top_region""],[""close"",""wooden_cabinet_1_top_region""]],""schema_version"":""ember_pi05_stage_predicate_episode_v1"",""transitions"":[{""satisfied"":[false,false],""step"":0},{""satisfied"":[true,false],""step"":108},{""satisfied"":[true,true],""step"":173}]}","{""bytes"":55216005,""path"":""<writer-stability-study>/rollouts/e1/N1800/trajectories/libero_90_task_03_state_002.pt"",""replans"":35}","{""asset"":""N1800"",""checkpoint_selection_use"":false,""global_task_id"":43,""init_state_id"":2,""outcome_dependence"":false,""schema_version"":""ember_writer_stability_rollout_condition_v1"",""suite"":""libero_90"",""task_id"":3,""teacher_demo"":2,""teacher_raw_frames"":192,""teacher_sampled_frames"":40,""test_use"":false}",N1800,train,43,False,2
libero_90,3,meta_train,put the butter at the back in the top drawer of the cabinet and close it,3,7,7,"[7651768545572637715,6161840396780171273,7420522035630377698,4813783927730722896,504440707359276581,6188150381031820380,1223803399051135748,9071052554598033143,2396889014121382845,4714588644222333176,8479653659298575339,7855191326611046952,8815148813862802069,5001768183440279061,7178059187328081817,3968136500852849457,1185203120713699143,6942352699286990126,2176170967586434151,897921513238953363,1064161261037201245,5237896237038674831,7314659813647221297,1738801032116300039,6333181731290128289,8111096248653864716,5003384711985266267,419656461522239408,1660339732341947286,640093438282713766,7788775845966152494,4395353035831801662,2702145275747755233,2478275201709502044,3414601058040419149,5628831860810843744,8179241931287249360,4384360308685891379,1647073478254193420,5300336582738035862,1707240472372049738,8555722480350531284,2310659398203273432,9048205864033033145,8911773768155820710,1594757096113566070,8765477809766249420,927796054540556582,5209680230217350051,5663034754363408693,3325553221129360027,4762867061123225849,6921241689805806562,7755223804378528285,5368172492863229683,8931477689438513573,1944014871362582973,6137897178122354738,6071279996517879672,8573162128574337905,4456203530398862133,565884713441670535,7367099577152033098,5357933737869570371,4507099469149128442,7393250786646016222,9195009500076863472,5762114947566821924,2028477200131848310,234110851245264827,948152031683757950,6997362678454334468,9125825077918176083,5831993327393128284,2186898617000543732,3762920398732679823,4086351856774511542,4994099176546202,927571300576104095,3435876652092943663]",False,400,60.80972576700151,64.51167584536597,"{""ever_satisfied"":[false,true],""final_satisfied"":[false,true],""peak_satisfied_count"":1,""predicates"":[[""in"",""butter_2"",""wooden_cabinet_1_top_region""],[""close"",""wooden_cabinet_1_top_region""]],""schema_version"":""ember_pi05_stage_predicate_episode_v1"",""transitions"":[{""satisfied"":[false,false],""step"":0},{""satisfied"":[false,true],""step"":177}]}","{""bytes"":126206679,""path"":""<writer-stability-study>/rollouts/e1/N1800/trajectories/libero_90_task_03_state_003.pt"",""replans"":80}","{""asset"":""N1800"",""checkpoint_selection_use"":false,""global_task_id"":43,""init_state_id"":3,""outcome_dependence"":false,""schema_version"":""ember_writer_stability_rollout_condition_v1"",""suite"":""libero_90"",""task_id"":3,""teacher_demo"":3,""teacher_raw_frames"":204,""teacher_sampled_frames"":42,""test_use"":false}",N1800,train,43,False,3
libero_90,56,meta_train,pick up the butter and put it in the tray,0,7,7,"[2226032360068530699,4551069448295705575,6713942495031054896,1662112725463687164,373361830260579180,8292647550689012877,8436317902454726093,8501378697313634874,8124132530273666966,5638917457186611740,1059257555335924615,6416102671014831190,8457364500328720160,2622895026754486846,4005743147312751643,8888582604713139032,1385896926385013928,2591329525455279306]",True,87,18.402747055981308,19.388628647197038,"{""ever_satisfied"":[true],""final_satisfied"":[true],""peak_satisfied_count"":1,""predicates"":[[""in"",""butter_1"",""wooden_tray_1_contain_region""]],""schema_version"":""ember_pi05_stage_predicate_episode_v1"",""transitions"":[{""satisfied"":[false],""step"":0},{""satisfied"":[true],""step"":87}]}","{""bytes"":28397333,""path"":""<writer-stability-study>/rollouts/e1/N1800/trajectories/libero_90_task_56_state_000.pt"",""replans"":18}","{""asset"":""N1800"",""checkpoint_selection_use"":false,""global_task_id"":96,""init_state_id"":0,""outcome_dependence"":false,""schema_version"":""ember_writer_stability_rollout_condition_v1"",""suite"":""libero_90"",""task_id"":56,""teacher_demo"":0,""teacher_raw_frames"":103,""teacher_sampled_frames"":22,""test_use"":false}",N1800,train,96,False,0
libero_90,56,meta_train,pick up the butter and put it in the tray,1,7,7,"[8119243783633441076,7282820214086490810,2177062340765572968,6644618112071839899,5016145634526778955,8353232097943047893,2133318581563068807,1193810775646674988,1967520375173541613,6912678257968729808,7997292861180836513,5121747281817651262,2063515351896371617,7102316997633699308,6015033311259852099,5178981702938774623]",True,76,15.207970442250371,17.178212385158986,"{""ever_satisfied"":[true],""final_satisfied"":[true],""peak_satisfied_count"":1,""predicates"":[[""in"",""butter_1"",""wooden_tray_1_contain_region""]],""schema_version"":""ember_pi05_stage_predicate_episode_v1"",""transitions"":[{""satisfied"":[false],""step"":0},{""satisfied"":[true],""step"":76}]}","{""bytes"":25242219,""path"":""<writer-stability-study>/rollouts/e1/N1800/trajectories/libero_90_task_56_state_001.pt"",""replans"":16}","{""asset"":""N1800"",""checkpoint_selection_use"":false,""global_task_id"":96,""init_state_id"":1,""outcome_dependence"":false,""schema_version"":""ember_writer_stability_rollout_condition_v1"",""suite"":""libero_90"",""task_id"":56,""teacher_demo"":1,""teacher_raw_frames"":108,""teacher_sampled_frames"":23,""test_use"":false}",N1800,train,96,False,1
libero_90,56,meta_train,pick up the butter and put it in the tray,2,7,7,"[7234180509893824851,6310507223367765090,2683934427194017610,4843992076099089488,1019506394356440934,8391660553961747888,8631660344062088826,2392418923097458593,3900827321541831712,1796500273437089249,4631756417972979186,3162045824954048393,460397104113602643,6237318617792474962,4995286236072489540,5680590571619412557,422268277304002006,9095259173688631376]",True,87,16.82112155109644,19.770179306156933,"{""ever_satisfied"":[true],""final_satisfied"":[true],""peak_satisfied_count"":1,""predicates"":[[""in"",""butter_1"",""wooden_tray_1_contain_region""]],""schema_version"":""ember_pi05_stage_predicate_episode_v1"",""transitions"":[{""satisfied"":[false],""step"":0},{""satisfied"":[true],""step"":87}]}","{""bytes"":28397333,""path"":""<writer-stability-study>/rollouts/e1/N1800/trajectories/libero_90_task_56_state_002.pt"",""replans"":18}","{""asset"":""N1800"",""checkpoint_selection_use"":false,""global_task_id"":96,""init_state_id"":2,""outcome_dependence"":false,""schema_version"":""ember_writer_stability_rollout_condition_v1"",""suite"":""libero_90"",""task_id"":56,""teacher_demo"":2,""teacher_raw_frames"":104,""teacher_sampled_frames"":22,""test_use"":false}",N1800,train,96,False,2
libero_90,56,meta_train,pick up the butter and put it in the tray,3,7,7,"[170087714640543084,6192430205628314174,3785706859865600201,4350491489006068677,4042284879221296836,1060268680401951589,7829540551696787724,8687952669361346111,8232784802571372944,8401120800963912051,3045956571281696393,1674775945616819263,5155415576533198861,1487892492867891826,3203355520829157193,689718489739131931,1000533918580741900,7113733540855018359,2375251300202934239]",True,92,16.901897388976067,20.80434964224696,"{""ever_satisfied"":[true],""final_satisfied"":[true],""peak_satisfied_count"":1,""predicates"":[[""in"",""butter_1"",""wooden_tray_1_contain_region""]],""schema_version"":""ember_pi05_stage_predicate_episode_v1"",""transitions"":[{""satisfied"":[false],""step"":0},{""satisfied"":[true],""step"":92}]}","{""bytes"":29974890,""path"":""<writer-stability-study>/rollouts/e1/N1800/trajectories/libero_90_task_56_state_003.pt"",""replans"":19}","{""asset"":""N1800"",""checkpoint_selection_use"":false,""global_task_id"":96,""init_state_id"":3,""outcome_dependence"":false,""schema_version"":""ember_writer_stability_rollout_condition_v1"",""suite"":""libero_90"",""task_id"":56,""teacher_demo"":3,""teacher_raw_frames"":118,""teacher_sampled_frames"":25,""test_use"":false}",N1800,train,96,False,3
libero_90,11,meta_train,open the top drawer of the cabinet,0,7,7,"[630782732335034883,6026432842081904552,6524467843279089035,2832974847133539923,3712237888180262324,7764635933513163748,5392396175869152056,576873571776139937,8085551288014324177,7540017627369803160,4402450519752017817,2619174142822074804,5407307873602349877,7695738410394683309,7270356220009591556]",True,72,17.130519667174667,18.407162444200367,"{""ever_satisfied"":[true],""final_satisfied"":[true],""peak_satisfied_count"":1,""predicates"":[[""open"",""wooden_cabinet_1_top_region""]],""schema_version"":""ember_pi05_stage_predicate_episode_v1"",""transitions"":[{""satisfied"":[false],""step"":0},{""satisfied"":[true],""step"":72}]}","{""bytes"":23664662,""path"":""<writer-stability-study>/rollouts/e1/N1800/trajectories/libero_90_task_11_state_000.pt"",""replans"":15}","{""asset"":""N1800"",""checkpoint_selection_use"":false,""global_task_id"":51,""init_state_id"":0,""outcome_dependence"":false,""schema_version"":""ember_writer_stability_rollout_condition_v1"",""suite"":""libero_90"",""task_id"":11,""teacher_demo"":0,""teacher_raw_frames"":64,""teacher_sampled_frames"":14,""test_use"":false}",N1800,train,51,False,0
libero_90,11,meta_train,open the top drawer of the cabinet,1,7,7,"[6298808731842278907,3013204293704977845,9189069004249137474,845583777739958146,9030615313103130585,2581358113206011979,2601714929015656098,6650581985665358239,6391224073264308071,853340919727540610,8650808421510180083,2137829193316400796,4645934200882659142,3489194163712655402,2127207147380454471,7239820938985808702,6924600094782458681]",True,81,17.838328139856458,20.22338938806206,"{""ever_satisfied"":[true],""final_satisfied"":[true],""peak_satisfied_count"":1,""predicates"":[[""open"",""wooden_cabinet_1_top_region""]],""schema_version"":""ember_pi05_stage_predicate_episode_v1"",""transitions"":[{""satisfied"":[false],""step"":0},{""satisfied"":[true],""step"":81}]}","{""bytes"":26819776,""path"":""<writer-stability-study>/rollouts/e1/N1800/trajectories/libero_90_task_11_state_001.pt"",""replans"":17}","{""asset"":""N1800"",""checkpoint_selection_use"":false,""global_task_id"":51,""init_state_id"":1,""outcome_dependence"":false,""schema_version"":""ember_writer_stability_rollout_condition_v1"",""suite"":""libero_90"",""task_id"":11,""teacher_demo"":1,""teacher_raw_frames"":74,""teacher_sampled_frames"":16,""test_use"":false}",N1800,train,51,False,1
libero_90,11,meta_train,open the top drawer of the cabinet,2,7,7,"[3375586953795871816,6540863717489992837,7430055551849303864,8134012293363076797,3714036907699906594,7386321111033214766,1451376578072328503,5824043827698211199,8068939483355572678,5888769325737281374,3697614202982200711,6142214362425664214,4527121286668526954,1093549618043157551,7791972639932061544]",True,73,15.081817684695125,18.66200461005792,"{""ever_satisfied"":[true],""final_satisfied"":[true],""peak_satisfied_count"":1,""predicates"":[[""open"",""wooden_cabinet_1_top_region""]],""schema_version"":""ember_pi05_stage_predicate_episode_v1"",""transitions"":[{""satisfied"":[false],""step"":0},{""satisfied"":[true],""step"":73}]}","{""bytes"":23664662,""path"":""<writer-stability-study>/rollouts/e1/N1800/trajectories/libero_90_task_11_state_002.pt"",""replans"":15}","{""asset"":""N1800"",""checkpoint_selection_use"":false,""global_task_id"":51,""init_state_id"":2,""outcome_dependence"":false,""schema_version"":""ember_writer_stability_rollout_condition_v1"",""suite"":""libero_90"",""task_id"":11,""teacher_demo"":2,""teacher_raw_frames"":73,""teacher_sampled_frames"":16,""test_use"":false}",N1800,train,51,False,2
libero_90,11,meta_train,open the top drawer of the cabinet,3,7,7,"[5927523002705313685,6859320936255371985,714912688593426275,7686389076829316129,6585663702645685391,6620927141701277563,4923785797087663924,4435243913530943072,4455484930612895840,8527363840732546432,6574760021758334646,1370865792643822670,3408381442789492909,7947214985801762444,7771133274317174576,4579270938642855594,461168451789984404,4862732175856017877]",True,88,16.281146618071944,21.101643809117377,"{""ever_satisfied"":[true],""final_satisfied"":[true],""peak_satisfied_count"":1,""predicates"":[[""open"",""wooden_cabinet_1_top_region""]],""schema_version"":""ember_pi05_stage_predicate_episode_v1"",""transitions"":[{""satisfied"":[false],""step"":0},{""satisfied"":[true],""step"":88}]}","{""bytes"":28397333,""path"":""<writer-stability-study>/rollouts/e1/N1800/trajectories/libero_90_task_11_state_003.pt"",""replans"":18}","{""asset"":""N1800"",""checkpoint_selection_use"":false,""global_task_id"":51,""init_state_id"":3,""outcome_dependence"":false,""schema_version"":""ember_writer_stability_rollout_condition_v1"",""suite"":""libero_90"",""task_id"":11,""teacher_demo"":3,""teacher_raw_frames"":71,""teacher_sampled_frames"":15,""test_use"":false}",N1800,train,51,False,3
libero_90,33,meta_validation_oracle,close the microwave,0,7,7,"[3814538614648685928,2918325375739809694,3164143864598808145,5565915644193155337,4080180966298606689,3140832986677750376,7149145722349520134,707885345988737858,6100905458910768747,4408006144191914951,2390453657596093383,4160066772507374,584231116433666928,3869999134466192656,3782915209038846878,9076902177290749519,7006840427744498791,8892147190729701768,606502225359919789,6787468472196711947,8791839265979728770,187028959896970639,5724925431455161616,9184033782951768268,9070918235808242192,7302750050913754517,2488591661933562548,336172097049345139,7923562187564345826,6393899827733165866,3020112520573366183]",True,152,29.50346466433257,30.6217963793315,"{""ever_satisfied"":[true],""final_satisfied"":[true],""peak_satisfied_count"":1,""predicates"":[[""close"",""microwave_1""]],""schema_version"":""ember_pi05_stage_predicate_episode_v1"",""transitions"":[{""satisfied"":[false],""step"":0},{""satisfied"":[true],""step"":152}]}","{""bytes"":48905693,""path"":""<writer-stability-study>/rollouts/e1/N1800/trajectories/libero_90_task_33_state_000.pt"",""replans"":31}","{""asset"":""N1800"",""checkpoint_selection_use"":false,""global_task_id"":73,""init_state_id"":0,""outcome_dependence"":false,""schema_version"":""ember_writer_stability_rollout_condition_v1"",""suite"":""libero_90"",""task_id"":33,""teacher_demo"":0,""teacher_raw_frames"":236,""teacher_sampled_frames"":48,""test_use"":false}",N1800,train,73,False,0
libero_90,33,meta_validation_oracle,close the microwave,1,7,7,"[1391257127071394911,6453070095094258601,5559562787924264405,3620351785772504206,5539650802633992661,1440320540210058728,4590866537231315723,4505863565072721961,3507052222206376725,7400833979650608495,7995682051494613996,3671295722984103888,6522882074484714405,1333804940799757480,3256757473853040356,5705328359785327392,8223201126738778237,5596815134535616216,6334773288545059006,1642030117853923248,7737642293981664297,8443970233462913678,1556714789204722714,810594971895214783,3920521439063015209,6811494582741173023,2445800062947093781,1976050250604300170,1171753458470768459,7834378451338967968,8090682021880909726,5335158176236919928,5315007103215208230,3199144432869677668,8903094495660641300,2263363197246993874,4120360477111151324]",True,181,33.053871678654104,35.30062515102327,"{""ever_satisfied"":[true],""final_satisfied"":[true],""peak_satisfied_count"":1,""predicates"":[[""close"",""microwave_1""]],""schema_version"":""ember_pi05_stage_predicate_episode_v1"",""transitions"":[{""satisfied"":[false],""step"":0},{""satisfied"":[true],""step"":181}]}","{""bytes"":58371129,""path"":""<writer-stability-study>/rollouts/e1/N1800/trajectories/libero_90_task_33_state_001.pt"",""replans"":37}","{""asset"":""N1800"",""checkpoint_selection_use"":false,""global_task_id"":73,""init_state_id"":1,""outcome_dependence"":false,""schema_version"":""ember_writer_stability_rollout_condition_v1"",""suite"":""libero_90"",""task_id"":33,""teacher_demo"":1,""teacher_raw_frames"":171,""teacher_sampled_frames"":35,""test_use"":false}",N1800,train,73,False,1
libero_90,33,meta_validation_oracle,close the microwave,2,7,7,"[4539588420967222518,1710048350945936885,4358464737013891488,3880974602853515663,6790251156741126418,5495753368706701989,7254732957949711545,2057207925378913840,2633440578216331245,5999842406332413055,725304914533917656,3476697012025770940,6565420059195656400,6563141212784622577,205224626607609378,8159397001250595181,7412592822848945859,6290027187613054305,1468350745485780829,3409127801164692127,102283521042964566,1071552374098376826,2640942057288159101,7898666547962963929,6610880090942108040,3405562868571649524,3256916404094935781,4499829594603724491,4634369084841650367,3370693029601721329,2376929177924604449,2200453837503372456,30427291158052045,8664906417401917516,2664196002751814977,3618068686276361349,1985288414945770214,4677692730398174540,6992384041764542887,7842858572242203233,747113586897311944,7970847750411408010,5688399328945542843,8461226652270624601,5492402953299625635,8427673907924499820,7397644930421776874,2834321786915317967,6936048434802822829,4428804956635702435,3375307949502786164,387192658302231094,8986706343747452804,2149727196176346343,8289040975520609963,4276516106214353583,6040563903464329146,2416275482301715686,5596827370042070502,6610417885385304011,6735907768334633027,3728479897095225456,6865147047993100854,4270366337636524098,4318791316939110999,7445314828279885280,4522074432527048880,6094997162686636557,4986174921603322765,3835589751760985416,6428017392762125920,1750405430487776649,5853385000606350519,8471903591055026034]",True,369,54.09439283236861,57.4951313463971,"{""ever_satisfied"":[true],""final_satisfied"":[true],""peak_satisfied_count"":1,""predicates"":[[""close"",""microwave_1""]],""schema_version"":""ember_pi05_stage_predicate_episode_v1"",""transitions"":[{""satisfied"":[false],""step"":0},{""satisfied"":[true],""step"":369}]}","{""bytes"":116741243,""path"":""<writer-stability-study>/rollouts/e1/N1800/trajectories/libero_90_task_33_state_002.pt"",""replans"":74}","{""asset"":""N1800"",""checkpoint_selection_use"":false,""global_task_id"":73,""init_state_id"":2,""outcome_dependence"":false,""schema_version"":""ember_writer_stability_rollout_condition_v1"",""suite"":""libero_90"",""task_id"":33,""teacher_demo"":2,""teacher_raw_frames"":253,""teacher_sampled_frames"":52,""test_use"":false}",N1800,train,73,False,2
libero_90,33,meta_validation_oracle,close the microwave,3,7,7,"[6525418730299138055,6668636237979849891,4573744063774732144,4808198391303305998,6486950752394761378,5015113754978937123,7002444277182045783,695616441436247886,3701257046583009159,6768562471635672936,1233843234567113855,4768373460792911738,8115200798239409510,8789111548611979563,2095461497995812079,1933064377343925293,7519326647336745287,5053858862629344994,2726623660006655302,6255840440100524569,8897256799333991986,494397679885595185,4904959517456146718,5134656829094201511,3049558138709860884,1547008111495100315,1524308632495544213,2955835953229134818,5541526999237386056,6550790406592621521,3955844508376484764,8895865821144766302,6156919587368227886,1773540437484742183,3878609237890699857,8883008358672524867,5757256378957462077,1117402044134833966,4012664772696089648,8808424036030804142,5744607835540336367,6444713314508129237,3026026745481652112,7155436065499066468,5837923100516553607,7906709106902648897,5843566489256060959,6368926561754861067,4903083615343106710,6856391613730964820,3337402868768713110,2486247811030151879,6325342880088328384,1298109565305703963,6158655289406626375,6662461107106000792,4977694989108392674,546405793560524003,2316028070097327291,6224337956491846706,7358970514803604212,1777307456404694145,6489034021584328062,999757187132590660,9059337711735367070,7865542804397764693,6209313769323442397,8693122544612168476,747214977166334372,2509790477399543066,3345168953334851450,3356144797149308403,5216818105411232222,3608227541623131210,8382482405781019811,774541227041476431,289551368919641189,3279424593770628251,114095352011978104,2429244364239358591]",False,400,56.798094134777784,61.32118340115994,"{""ever_satisfied"":[false],""final_satisfied"":[false],""peak_satisfied_count"":0,""predicates"":[[""close"",""microwave_1""]],""schema_version"":""ember_pi05_stage_predicate_episode_v1"",""transitions"":[{""satisfied"":[false],""step"":0}]}","{""bytes"":126206679,""path"":""<writer-stability-study>/rollouts/e1/N1800/trajectories/libero_90_task_33_state_003.pt"",""replans"":80}","{""asset"":""N1800"",""checkpoint_selection_use"":false,""global_task_id"":73,""init_state_id"":3,""outcome_dependence"":false,""schema_version"":""ember_writer_stability_rollout_condition_v1"",""suite"":""libero_90"",""task_id"":33,""teacher_demo"":3,""teacher_raw_frames"":175,""teacher_sampled_frames"":36,""test_use"":false}",N1800,train,73,False,3
libero_spatial,3,validation,pick up the black bowl on the cookie box and place it on the plate,0,7,7,"[336169725590312743,567642240813974001,8354292684063646108,5334794776498519797,2040010150640505745,2343701475842438382,5412470899770061167,820364343317419064,5457482945389825552,2504491285362484018,7422502578034213173,5056665176767612485,2003354737360645143,8279383433696764486,4208196502484156673,8983410438659563528,2296803609333534892,2041091650467651175,7305716513144627935,7294937211943360544,8345237991230332652]",True,103,24.88395411334932,25.994318899698555,"{""ever_satisfied"":[true],""final_satisfied"":[true],""peak_satisfied_count"":1,""predicates"":[[""on"",""akita_black_bowl_1"",""plate_1""]],""schema_version"":""ember_pi05_stage_predicate_episode_v1"",""transitions"":[{""satisfied"":[false],""step"":0},{""satisfied"":[true],""step"":103}]}","{""bytes"":33130564,""path"":""<writer-stability-study>/rollouts/e1/M300/trajectories/libero_spatial_task_03_state_000.pt"",""replans"":21}",,M300,common_held,3,False,0
libero_spatial,3,validation,pick up the black bowl on the cookie box and place it on the plate,1,7,7,"[3071172578146223952,2080936696745084643,5469435010854225470,2153244960118961693,6816072406336098585,1734556419457555794,7851340247296578549,4816167663840372196,4754548742721011271,9211355379407494252,137860901857221128,9090171750181843907,8119349483388016788,4891543561003366242,4473642343538525021,8364298704962546982,1629217563418473229,3290217260496827766,7629897306060874214,4742490323170293522,6404441703517424389,2964772810324140608,8627077584774895936]",True,111,25.631187754683197,27.80220042914152,"{""ever_satisfied"":[true],""final_satisfied"":[true],""peak_satisfied_count"":1,""predicates"":[[""on"",""akita_black_bowl_1"",""plate_1""]],""schema_version"":""ember_pi05_stage_predicate_episode_v1"",""transitions"":[{""satisfied"":[false],""step"":0},{""satisfied"":[true],""step"":111}]}","{""bytes"":36285802,""path"":""<writer-stability-study>/rollouts/e1/M300/trajectories/libero_spatial_task_03_state_001.pt"",""replans"":23}",,M300,common_held,3,False,1
libero_spatial,3,validation,pick up the black bowl on the cookie box and place it on the plate,2,7,7,"[6298054988284327818,6912635386658077700,383976089418881795,2587202063313400801,7021786076458083965,593234421942514120,8669872273799573751,5991206727220654679,3270751023889855435,8139016423407761104,4028834637132934680,4043526413053354951,8641375561554741217,7084097018260223068,3748824873657071406,2524451583669730806,2801126175072182625,5243106494803483929,1850557323821615607,3769967364146662180,5559034931446361638,7379059557454514174,5208848188514599125,4517426482748366558,6642745596815519244,1543581277050354868,64201453868939890,5917772037212507502,4618418428943697941,1857939053038166148]",True,146,30.0209858994931,33.312861647456884,"{""ever_satisfied"":[true],""final_satisfied"":[true],""peak_satisfied_count"":1,""predicates"":[[""on"",""akita_black_bowl_1"",""plate_1""]],""schema_version"":""ember_pi05_stage_predicate_episode_v1"",""transitions"":[{""satisfied"":[false],""step"":0},{""satisfied"":[true],""step"":146}]}","{""bytes"":47328975,""path"":""<writer-stability-study>/rollouts/e1/M300/trajectories/libero_spatial_task_03_state_002.pt"",""replans"":30}",,M300,common_held,3,False,2
libero_spatial,3,validation,pick up the black bowl on the cookie box and place it on the plate,3,7,7,"[5844883203585125168,5025841759868289392,3144194430178048546,4801875581304945847,468081466817769956,4734881704432230013,959494122824425653,1945541120257169749,6506988136844350673,1323002413188064283,1282348786779226374,6571566919880846274,5302843147758881824,8099844664203210874,4162119894034043737,5099925154081425737,6833960761683269512,7413558454919553786,3214155400790689838,8476036750337665618,5683741918122184492,3146513501583868712,5134754843935734534,7295903721501276154,6966475529449043799,964144398375903039,5537281316329676556,2570112512858642678,8253316964221879720,2000320299649689463,7363408069598897341,7244719144436028534,1277706102151985398,2882953250328450485,6809773225674697798,4961094627183306235,3601228802350205382,4033712914798725752,3897374095001332926,6898814568060512473,8284858137158279658,330857029533074500,6288659453853307531,4954602287269604115]",False,220,35.54318332578987,40.01722136605531,"{""ever_satisfied"":[false],""final_satisfied"":[false],""peak_satisfied_count"":0,""predicates"":[[""on"",""akita_black_bowl_1"",""plate_1""]],""schema_version"":""ember_pi05_stage_predicate_episode_v1"",""transitions"":[{""satisfied"":[false],""step"":0}]}","{""bytes"":69415257,""path"":""<writer-stability-study>/rollouts/e1/M300/trajectories/libero_spatial_task_03_state_003.pt"",""replans"":44}",,M300,common_held,3,False,3
libero_object,1,validation,pick up the cream cheese and place it in the basket,0,7,7,"[1764210406108741574,3836588974318758825,7971256763961264857,8172640194079971334,5109217772215900344,8127657125412314075,41127862791718870,2618195653838822282,3945879615897659047,4807547919112120522,1806370725723135070,4513106148028486545,6319195100526623892,5370509103018043559,6498526979093454720,902687379068510851,2376500793543191942,8621046406545839782,2246205218069956362,7429359954569227064,7884868446968348240,2227676743794273877,5070154547901706858,3669414435821318416,8848835830760864689,7729708896664410211,4633559183066694126,5327164714405199684,6226991016291009180,2221326210433340297,8768033716272618626,6311534387210060068,9171459359667105102,5965569251769123100,2718805684633866035,1662410874903997488]",True,176,34.2703891703859,35.22134487424046,"{""ever_satisfied"":[true],""final_satisfied"":[true],""peak_satisfied_count"":1,""predicates"":[[""in"",""cream_cheese_1"",""basket_1_contain_region""]],""schema_version"":""ember_pi05_stage_predicate_episode_v1"",""transitions"":[{""satisfied"":[false],""step"":0},{""satisfied"":[true],""step"":176}]}","{""bytes"":56794311,""path"":""<writer-stability-study>/rollouts/e1/M300/trajectories/libero_object_task_01_state_000.pt"",""replans"":36}",,M300,common_held,11,False,0
libero_object,1,validation,pick up the cream cheese and place it in the basket,1,7,7,"[7420547635691626371,501823346460184892,2808280276510186011,9125043344243611695,403813749669296451,1407366998281182077,2209299523064019634,1728017030491187931,2513642288712647512,1447387066432853060,4693224407500016404,1737625573879917920,6067103784603218004,4875182151779258051,546466106271624807,9047002785452638602,7742191438442415817,8024174060520581936,5799993939873865180,1334774698373763792,3129131042550033500,2753095723835555029,3433300564092773732,2301348941678342198,7241566034470681974,1595137328551950185,1223846610154684646,4228575145339593338,8558693830307251586,5060217729706729485,161047149258878698,2874843034271566865,3850461532179320374,483846141656559909,5334406913610702002,1768945815088919566,284012393076012105,2773929893499215681,1082557467933144293,8709156691477174840,2912888861160929594,4522628410835879771,401655199804936023,8103297065153877132,4118061439267329582,8826129452668332172,2263494092296218903,7101472703197888275,5983077629402424921,4703649913563333398,7719468365852383782,3990854988996443549,5937330318804893810,1575524277352256469,6900815957943964894,4705494789899483143]",False,280,45.63791824039072,47.55156474560499,"{""ever_satisfied"":[false],""final_satisfied"":[false],""peak_satisfied_count"":0,""predicates"":[[""in"",""cream_cheese_1"",""basket_1_contain_region""]],""schema_version"":""ember_pi05_stage_predicate_episode_v1"",""transitions"":[{""satisfied"":[false],""step"":0}]}","{""bytes"":88346143,""path"":""<writer-stability-study>/rollouts/e1/M300/trajectories/libero_object_task_01_state_001.pt"",""replans"":56}",,M300,common_held,11,False,1
libero_object,1,validation,pick up the cream cheese and place it in the basket,2,7,7,"[3515262128279278940,1224036772478655973,478293637689251682,3540847092953613223,4328413232641629785,6811305769457963913,7493268904500544434,8083105539726185730,8414072237268020580,1893592179093710111,2488153855796920192,1554986030321788607,4047939611339120474,4102179388848657701,1147138887996013605,3863494293313979635,6193003831111729703,1626172842785393201,2904614765474486566,3655373432879583266,6106723134634969432,1530641680022518864,5299007373251733956,1776309024967508017,5554150453191670933,3588510541056688845,666834990498619419,3102760675369552907,6023898576793354574,402930942210347881,2078320372986288529,7720159784174774081,7100389472550084792,8511427036292799244,6904098702670149683,784877683367073628,3651991877207798567,861886419337511138,6976178139089140318,5198337878486248212,5447440234268139515,1899657955444717978,781217027658603365,8223559301120999410,6478127570832816443,4533856968322227481,6018323511634894945,2673221832395028001,684467356717112598,8370750652466221877,18894299511407436,8099331774724735193,1075555058815775406,4672050693590022892,436269775306719565,2998048690931104554]",False,280,47.4022712521255,50.274222791194916,"{""ever_satisfied"":[false],""final_satisfied"":[false],""peak_satisfied_count"":0,""predicates"":[[""in"",""cream_cheese_1"",""basket_1_contain_region""]],""schema_version"":""ember_pi05_stage_predicate_episode_v1"",""transitions"":[{""satisfied"":[false],""step"":0}]}","{""bytes"":88346143,""path"":""<writer-stability-study>/rollouts/e1/M300/trajectories/libero_object_task_01_state_002.pt"",""replans"":56}",,M300,common_held,11,False,2
libero_object,1,validation,pick up the cream cheese and place it in the basket,3,7,7,"[813647924528887858,5351092081399935768,7442759767410944757,7892859586617915780,5301498965079906004,289562166806627740,613859540680986132,5058023941821712151,2146080548017320215,4214456032801721274,170807808573357750,1310651860523142851,3541140102953400097,6731585121498890393,2349060069222585986,5878971007946073140,3254469291135872673,6844594369008655041,7399228462889035073,4950579294597892399,5327087292628972889,3432113250942763909,2244704256273282836,2977310641305390391,5486701027510805187,9080072422516330697,9010255843364689905,9094282427908602016,3040196401496323761,2914903743848287574,4216607353318354285,8752479496199375907]",True,158,28.111131543293595,31.995590432547033,"{""ever_satisfied"":[true],""final_satisfied"":[true],""peak_satisfied_count"":1,""predicates"":[[""in"",""cream_cheese_1"",""basket_1_contain_region""]],""schema_version"":""ember_pi05_stage_predicate_episode_v1"",""transitions"":[{""satisfied"":[false],""step"":0},{""satisfied"":[true],""step"":158}]}","{""bytes"":50483983,""path"":""<writer-stability-study>/rollouts/e1/M300/trajectories/libero_object_task_01_state_003.pt"",""replans"":32}",,M300,common_held,11,False,3
libero_goal,3,validation,open the top drawer and put the bowl inside,0,7,7,"[937839512312767824,4425858584106371442,6915917327766178298,4221423508686152199,3941615210140189942,3061062777614262148,9006389347840838038,2714739585893921145,4842815510074203473,4176247365749439794,9055016387064939296,6894264475206989069,4769433583706684081,6538724259617072713,2694945300226562235,5672636660806689923,1162397645855720894,2512104657228609621,4908619852555458086,4891195624735059747,3439016452326339617,145136483130657948,696498549386812565,2992054586286465856,3926950764540793138,6507613130119470566,4080680387252510580,6715602020508326751,7642159240538864546,2069708313452146818,188106194283429132,79620779218141805,8773913044132373383,4191565715618410953,8743402847540423751,5590073037340929701,7241093063639031331,5018097501510259896,325742820322205827,6790062175884206903,2835421247772191586,8101575360401988141,5181871320322691538,8606750524966542306,3331683226074686545,5172080302879563560,2825910257597671870,3780878403490109137,8179159796621748406,5745966183204672563,3735878833795123278,1646812211375849777,3720899738953625933,1974282862992389720,8969384801637140932,5027800807028014172,1765993208659774829,6213274053297936353,5493561834532839429,254459356985422351]",False,300,58.0183466412127,58.905094993300736,"{""ever_satisfied"":[false],""final_satisfied"":[false],""peak_satisfied_count"":0,""predicates"":[[""in"",""akita_black_bowl_1"",""wooden_cabinet_1_top_region""]],""schema_version"":""ember_pi05_stage_predicate_episode_v1"",""transitions"":[{""satisfied"":[false],""step"":0}]}","{""bytes"":94655859,""path"":""<writer-stability-study>/rollouts/e1/M300/trajectories/libero_goal_task_03_state_000.pt"",""replans"":60}",,M300,common_held,23,False,0
libero_goal,3,validation,open the top drawer and put the bowl inside,1,7,7,"[3197873696265518430,130333309193225715,6005625632286712244,6891299773450141553,6316928474543642721,5782284817944748443,213403443156412135,8338126146057510912,8375039331177840430,5827566456674324647,3313818679469215879,1142143462369407560,6857946106089777856,2208331655601664324,6082415799267276139,6483019239393974105,1605018948802503533,3968192620193769583,862384892645987447,8742088714719043014,4093144800324367496,3618106106009942716,7222849419045868975,5480139628080962798,8959878553153613783,5141614978164902045,4058195969577011985,5969135446805434144,5972420222077590396,2477065601344244086,5214798992736474054,524972909364957767,6427034895024028522,4321813080947567738,233872811589524403,7962977660191025978,4154326755793972085,5024963065885040905,7583862141991692337,9148484250809282782,4716098172630043820,5342661847094755523,4186729145604779780,8840721256628781736,3957995690749672627,6833841353575794482,150833597163379549,6124511566606868997,8845799573673075170,9049197323682587092,6513134499526687462,2125577121787463032,7513831563121663967,2861950398204209577,5611576820951415884,4836419612523764618,5739862684315359388,2977527315973693273,1363998237546904426,1401717210297836187]",False,300,58.40825127996504,60.2325956216082,"{""ever_satisfied"":[false],""final_satisfied"":[false],""peak_satisfied_count"":0,""predicates"":[[""in"",""akita_black_bowl_1"",""wooden_cabinet_1_top_region""]],""schema_version"":""ember_pi05_stage_predicate_episode_v1"",""transitions"":[{""satisfied"":[false],""step"":0}]}","{""bytes"":94655859,""path"":""<writer-stability-study>/rollouts/e1/M300/trajectories/libero_goal_task_03_state_001.pt"",""replans"":60}",,M300,common_held,23,False,1
libero_goal,3,validation,open the top drawer and put the bowl inside,2,7,7,"[3363774331609722801,8253139786491869145,3368484581779491068,8612553514953788360,3894722027564677755,3190718955795415061,2991001216876957682,4192866419922675043,7962505677837112162,7175292029828948796,8491844790255791194,2949627948138133515,5303681245701539414,1155308745191539428,3201939631673426968,5423005270567758498,5285445754580891409,7709290896448816018,9025992740721019095,813219503261836198,333203038065802703,8058843207809665647,6074883454733816144,5645437636263239750,9060421471848062189,5669846821017744901,6911793417026473238,5520882744081832304,4033144688954774214,5722037728728612790,2258528094321100364,7429017648047017388,8453459773754163998,4871519550703567454,2264643863165043998,2455452153663381546,6284431648876090956,4535463135879563938,932093542133184791,4405333388842052032,2816939819880932175,3202764591171351637,8591157489679192782,6810549642148393422,6468647027984217986,7615278400728506221,722232015550427053,4231930097150224521,3543644253855839993,2650712286741199338,9090282210250879073,5398288240747412984,4622181731124500261,2599787332372022932,4523262445791830097,1463404168515523360,4026427953280765004,6398037120012625110,6793133580386116235,8721186165790402125]",False,300,58.4045934304595,61.1302206190303,"{""ever_satisfied"":[false],""final_satisfied"":[false],""peak_satisfied_count"":0,""predicates"":[[""in"",""akita_black_bowl_1"",""wooden_cabinet_1_top_region""]],""schema_version"":""ember_pi05_stage_predicate_episode_v1"",""transitions"":[{""satisfied"":[false],""step"":0}]}","{""bytes"":94655859,""path"":""<writer-stability-study>/rollouts/e1/M300/trajectories/libero_goal_task_03_state_002.pt"",""replans"":60}",,M300,common_held,23,False,2
libero_goal,3,validation,open the top drawer and put the bowl inside,3,7,7,"[4388075535769291481,7803974502177521433,6960389453217531655,7974642187157948843,3283411496312947155,6586695009686616682,4123511674578132013,2196090530291492571,5566191824671470888,4353859427581601500,5796681560742684302,6195846096695566881,2187283033540328667,4805254431331006621,142134161418933864,7898046023979624391,3782121838725784549,3408150707208910651,6955345868561507805,3893497817959283455,7234331721950092451,947681231221082161,2875109334861388196,7976786638142465502,9135828852289962822,6093804056508095392,6608697049945295507,1467126958596194336,3694056898204706913,8513056181514551312,1484077915258504172,5080504256526142696,1035017065713738216,126112981875404032,7669289150036426323,2781740029914150778,5217006033383872045,9039685037125475200,6462999356240774393,6303653117531490239,4664597548959043468,116268932372432574,3169760494611545751,8239059889225203099,8247325195672136574,4981014773857893995,4860918051383045893,1483946875227898703,8649023170131301614,926430796329172283,3390234762027084084,6618699300412413304,2443921480737786859,7372711429289394654,8135821559749606,8229702128023642617,2068159460376777096,8338683901371832641,2195354921544225521,3393921724572223494]",False,300,59.37194251362234,63.02141050435603,"{""ever_satisfied"":[false],""final_satisfied"":[false],""peak_satisfied_count"":0,""predicates"":[[""in"",""akita_black_bowl_1"",""wooden_cabinet_1_top_region""]],""schema_version"":""ember_pi05_stage_predicate_episode_v1"",""transitions"":[{""satisfied"":[false],""step"":0}]}","{""bytes"":94655859,""path"":""<writer-stability-study>/rollouts/e1/M300/trajectories/libero_goal_task_03_state_003.pt"",""replans"":60}",,M300,common_held,23,False,3
libero_goal,6,validation,put the cream cheese in the bowl,0,7,7,"[1219103976213717812,5315326635778241048,6581066537600475800,5384416861622508714,743854383548529066,1105212997721360534,176878808967372638,6226355913612208093,3312999424712431441,8774203458501478435,3366685016606281334,3725356210471090660,8141180129757787358,8376806228341239167,5907852681209368379,5549727159950824425,8863063940509649049,8428194982790091570,8034113827903296093,5328837585514550928]",True,97,20.154490131884813,21.174453277140856,"{""ever_satisfied"":[true],""final_satisfied"":[true],""peak_satisfied_count"":1,""predicates"":[[""on"",""cream_cheese_1"",""akita_black_bowl_1""]],""schema_version"":""ember_pi05_stage_predicate_episode_v1"",""transitions"":[{""satisfied"":[false],""step"":0},{""satisfied"":[true],""step"":97}]}","{""bytes"":31552659,""path"":""<writer-stability-study>/rollouts/e1/M300/trajectories/libero_goal_task_06_state_000.pt"",""replans"":20}",,M300,common_held,26,False,0
libero_goal,6,validation,put the cream cheese in the bowl,1,7,7,"[172711500567230450,7421732192852202220,5696561469870624486,1959095774179179170,7096899449743204803,6574102587345016126,61461671323595603,1124833847544659051,8371862612761519600,317790859405359394,2368768065563260770,484822171613426146,4530602358412543701,7019089587053173144,6324709606709671691,7558199183049434637,6214980544420630992,6052297001701878808,9129516409868353403,1439083426395263484,4692748106633523466,3720012224695422941,4823991602567067248]",True,112,22.069432919844985,23.933373644016683,"{""ever_satisfied"":[true],""final_satisfied"":[true],""peak_satisfied_count"":1,""predicates"":[[""on"",""cream_cheese_1"",""akita_black_bowl_1""]],""schema_version"":""ember_pi05_stage_predicate_episode_v1"",""transitions"":[{""satisfied"":[false],""step"":0},{""satisfied"":[true],""step"":112}]}","{""bytes"":36285439,""path"":""<writer-stability-study>/rollouts/e1/M300/trajectories/libero_goal_task_06_state_001.pt"",""replans"":23}",,M300,common_held,26,False,1
libero_goal,6,validation,put the cream cheese in the bowl,2,7,7,"[8869015256941978067,4364676101678728631,5793129651229169082,6966585936914818765,3014400220243696677,7835934952702427717,112500066649987043,946246571510749967,9209627272744437452,1782459505040012360,8661789802014128130,6375355591816836646,8480037578167967748,9109856301066563872,5649965148495419357,1361523480028289456,5544897762248452733,7926908190596035863,2691269795480030267,3762153279186053744,3178207901713675661,9171734940684465754]",True,107,20.405606236308813,23.119678305462003,"{""ever_satisfied"":[true],""final_satisfied"":[true],""peak_satisfied_count"":1,""predicates"":[[""on"",""cream_cheese_1"",""akita_black_bowl_1""]],""schema_version"":""ember_pi05_stage_predicate_episode_v1"",""transitions"":[{""satisfied"":[false],""step"":0},{""satisfied"":[true],""step"":107}]}","{""bytes"":34707803,""path"":""<writer-stability-study>/rollouts/e1/M300/trajectories/libero_goal_task_06_state_002.pt"",""replans"":22}",,M300,common_held,26,False,2
libero_goal,6,validation,put the cream cheese in the bowl,3,7,7,"[3467587809100205298,2928896816047292381,1435237479997991110,8733937688212635507,403890202367671631,5767672073548237334,2482907197191448394,6218636126290372373,5552533092183756129,5031099651492635924,2718241891028489771,343959079166825932,386421086928096082,3882073155129270948,1668398944862961140,5239989079759808327,5646748796877955327,1477718980308966035,5265336241054362918,8749581263222743127]",True,97,17.96139243617654,21.60816898010671,"{""ever_satisfied"":[true],""final_satisfied"":[true],""peak_satisfied_count"":1,""predicates"":[[""on"",""cream_cheese_1"",""akita_black_bowl_1""]],""schema_version"":""ember_pi05_stage_predicate_episode_v1"",""transitions"":[{""satisfied"":[false],""step"":0},{""satisfied"":[true],""step"":97}]}","{""bytes"":31552659,""path"":""<writer-stability-study>/rollouts/e1/M300/trajectories/libero_goal_task_06_state_003.pt"",""replans"":20}",,M300,common_held,26,False,3
libero_10,1,validation,put both the cream cheese box and the butter in the basket,0,7,7,"[6121435815512619047,9198136133492397877,8765829600456851509,7041222535750260529,7347630065393026896,2580028621035660761,3998888066084241576,321347343332153252,2645310409860292964,3600052332270670330,8912581740772062518,8468295567590886472,5377788564366722152,5777214288152487855,7829817036294500816,8501742281172678354,5683675586975837944,4715151168542892800,5754295708092879345,671570477553091847,1663316238895543887,4552132804583041443,7506665256121924950,7469169733610095278,2123252778679775852,7401056047726770785,599502111117659115,8669282422218258812,3039940301539086274,7077430281456258073,1332002337416064432,3776562060549698611,3734450047364869830,1418951287358372467,8430334862880071574,340709621708443088,8051791603525114798,910749159723223469,6693791023665261543,5223202734525571362,4652390051136401038,607182125464282334,1724504025363396364,6145216743698259877,6632217765290579420,4546308699174973541,7165572750831335712,7654472516627064315,2092297510147772997,8147809362110549796,5745948255303080899,119950738572812056,4183610026216326889,3530665420526958322,7801627131782584598,8754496288577792990,132473802744525674,6344980773868147280,3952500975645363572,2027245428225958282,1927650453537806106,2512740521107070441,7097193748883680474,2844610087226438012,1083234892691100915,4816330745350218912,8754511766378795554,8760143091839303845,6043024483741875775,723549488408053868,1739052091091687837,274582238362952230,7699824063495730110,3680130800998278920,5472477216559289622,8761677970238075190,2338560315897265059,5831578476898846233,7225880811879126120,5064847793878784504,658537246877017695,4586917552463769620,3632738467167313013,7870932457957464584,4527422042444280243,1852108086206093724,6057949535779431517,6227560449794431465,7285493774943545873,7054154813456385577,4295196837108274568,5240610798287010798,2157760216569249944,2633060516740762793,1466763418403027569,3161472324133342308,5635949790144035765,4195926355510275263,81430477046028914,2291027380881125740,7677578478740192043,7652291943122972400,2266180884713378092,2785548656426545540]",False,520,92.35906825680286,93.60942983347923,"{""ever_satisfied"":[true,false],""final_satisfied"":[true,false],""peak_satisfied_count"":1,""predicates"":[[""in"",""cream_cheese_1"",""basket_1_contain_region""],[""in"",""butter_1"",""basket_1_contain_region""]],""schema_version"":""ember_pi05_stage_predicate_episode_v1"",""transitions"":[{""satisfied"":[false,false],""step"":0},{""satisfied"":[true,false],""step"":186}]}","{""bytes"":164068359,""path"":""<writer-stability-study>/rollouts/e1/M300/trajectories/libero_10_task_01_state_000.pt"",""replans"":104}",,M300,common_held,31,False,0
libero_10,1,validation,put both the cream cheese box and the butter in the basket,1,7,7,"[66136584690404204,1183032435003356527,5732753762199970214,1720401479735964275,8096762105900571098,8110576256183317159,627749624633121593,4012944101114361812,7407613280741089515,6091555666974215354,7524113543090785836,2201015540824072742,6357554316873592422,2717064589331837526,8496146421739605321,7573165117756759864,941549900583962793,7508390252310786350,7745158682443670941,7173161088192079640,3896233785756745114,3407976707630940001,4977209342674064701,945854016950933945,2008095024826789324,3987553784325697467,9005051846598122963,4606742795821848611,3202805068549740242,289672210827973828,6234883741079832276,6651120344891319205,6376198737414162662,3788538586357697715,6627573242969805642,6011370663154629921,6569265293773614629,6680209266572780216,3232066089475971860,6771811244672059546,761567453574804361,6966141247532206178,6449643587293589819,4387820435446264726,684332003558619770,4575569270478339413,2666853741826764633,4703770427707681393,601279261956225568,1101740312046038420,4314419429301251926,2657497065404313858,5278913904028470724,4306935866612974264,2218513710484379354,4207194653134620012,8996260354374236651,4644658216506732888,5243065945968330211,7523489891868398484,5169568617123789546,3630025926784487471,5496991495622604049,5224977565955097250,8575440722706876087,6065271283182776493,7455410854511542949,3955212961680531500,2397703139404870646,1809302034679374089,6728056723628172727,6022841150300502468,1896898812840991070,581367364058053055,7967900338711895317,2616742539295295994,3339013224847436685,6374099022802143919,3547986363308797896,1302028264266321532,3885703969976212923,3038899933274363653,1274659608056753953,3748359631552459872,298238713708077828,8482520648214759910,5621429188574826372,9074496542410788862,2898528530075564283,2221733884019621417,7954420676736849314,5333349697421330952,5044587469203617679,4430680007953928301,7838603121245597187,1070894194001537948,6666623392488808652,9153447530331586500,2613756989219705015,8475601465665200090,7607150221073728196,8060180283112098204,6920323714341908049,6614585496822096865]",False,520,93.24596347566694,95.72041431907564,"{""ever_satisfied"":[false,false],""final_satisfied"":[false,false],""peak_satisfied_count"":0,""predicates"":[[""in"",""cream_cheese_1"",""basket_1_contain_region""],[""in"",""butter_1"",""basket_1_contain_region""]],""schema_version"":""ember_pi05_stage_predicate_episode_v1"",""transitions"":[{""satisfied"":[false,false],""step"":0}]}","{""bytes"":164068359,""path"":""<writer-stability-study>/rollouts/e1/M300/trajectories/libero_10_task_01_state_001.pt"",""replans"":104}",,M300,common_held,31,False,1
libero_10,1,validation,put both the cream cheese box and the butter in the basket,2,7,7,"[237537544366603088,4377711933226485083,4788660007159805263,17393041038539281,6663540231053520189,5640786627733641716,6657465019700196683,557610952177037896,6990620465574385082,5083340144013246260,5431125978830615161,6771063504230683973,9171636196861380520,6092847668129716701,2633517551440705676,7678200001578988402,1207862821945206703,6905423834438823346,8451344072386187812,7954488185244623399,7419659545470780857,4033453314564488254,8262692835669004409,4338044275411720028,5749216235295601894,2144243427268010703,2726195583078283313,6536632245765142500,6030034414389871759,7208895055044926003,2217444040212311824,8504274990113212780,6821015111846485544,6151758962031277411,5539655904396036590,1734411083081132399,1944860338937866814,3723878479175287422,2121489029533903927,4724699252759105581,8210828354769804888,8219379349200928774,8943552267309242913,5001365223098226299,8574791211410507597,1198132679271159053,696783229804103743,2469720650938780408,7863796595324854571,40578665032007877,207906401635952564,7442488373002408494,7145202880192885009,6187894358791876805,6268169459498638206,1243927226115219108,2995758008844218891,6009473991422210924,5012125767614478739,2626403740146658947,2520420618293281790,2722476508276810225,6840912642664133171,83875925733558605,7089712986038390783,8603608808279576523,5700704723648848733,7853938343515516028,7607005850956452125,6787314053515032945,524117091167867868,7468508234243980107,8997725298965051947,5530287410135940858,395342534446465335,9197979703121896904,6839877507678758060,4193645749647424219,1432438538352840906,6572792808584455210,8997749385902775353,6106476188912778535,3202501799050848954,5543052816613552351,7812759279058855258,3455343860059300031,5191939225307625937,3314743897481995836,8671963553220609745,4068493854088256022,6045642874181940811,2542234573193339791,7145175376455663805,7636246394926315465,2947224322543040359,3825001018252672089,1537923074713159130,3521113722070615648,2789342468843698042,6358115943118138748,589779690775283711,2891160029758315162,3809874528271221723,4056298425238616656]",False,520,93.80080376844853,97.55263949930668,"{""ever_satisfied"":[true,false],""final_satisfied"":[true,false],""peak_satisfied_count"":1,""predicates"":[[""in"",""cream_cheese_1"",""basket_1_contain_region""],[""in"",""butter_1"",""basket_1_contain_region""]],""schema_version"":""ember_pi05_stage_predicate_episode_v1"",""transitions"":[{""satisfied"":[false,false],""step"":0},{""satisfied"":[true,false],""step"":172}]}","{""bytes"":164068359,""path"":""<writer-stability-study>/rollouts/e1/M300/trajectories/libero_10_task_01_state_002.pt"",""replans"":104}",,M300,common_held,31,False,2
libero_10,1,validation,put both the cream cheese box and the butter in the basket,3,7,7,"[1172433371271890943,1977564003530107199,8115592664614019157,6159323659024996084,2519690596343933893,3091526433145304265,4983200605690899963,8777235373924435877,24668664935122978,4738901875664707595,9146685982721738885,8764811733564714342,6635306866755069675,5286559259175742777,5561457748788341118,8896975671599236419,2575262689060700357,6429110907832080416,4108929753508194225,1278920952570853036,1936917704056445379,2542411021763533232,8853479110757827692,869142526677507796,4060095511433873165,6042885968174723371,4337192355065126869,6967237333313553850,9162203836822167091,1868390445493595235,468709751550360953,5295565572124894114,7834904024165627271,7270315595052438460,3386901692833337559,3416748962656713806,1719984605159610797,2396878498197051677,6830277733851247257,7942976674111433413,1536695889054105869,5082661196935383747,1144820361304319481,4542936399383682853,5541067093559189534,529690065245781455,5029462307555248978,2137477655576930501,5321188535125895451,2070104391903597384,834847158006402801,7253483230452966487,1052936468480163351,8552025359293890063,7580603615504933225,1569145745296256517,6137949514422224468,7562660764472843969,409141062691524893,3383973460302621511,4630998784918542100,3899346986818037287,3175265089064140439,4924449011951044938,4156303845325359211,7694900448521195924,1400762935104569802,6960604059106592194,452563245186382647,7754987409397160068,1680669419616164166]",True,354,62.1337620485574,67.30250349082053,"{""ever_satisfied"":[true,true],""final_satisfied"":[true,true],""peak_satisfied_count"":2,""predicates"":[[""in"",""cream_cheese_1"",""basket_1_contain_region""],[""in"",""butter_1"",""basket_1_contain_region""]],""schema_version"":""ember_pi05_stage_predicate_episode_v1"",""transitions"":[{""satisfied"":[false,false],""step"":0},{""satisfied"":[true,false],""step"":173},{""satisfied"":[true,true],""step"":354}]}","{""bytes"":112008493,""path"":""<writer-stability-study>/rollouts/e1/M300/trajectories/libero_10_task_01_state_003.pt"",""replans"":71}",,M300,common_held,31,False,3
libero_spatial,5,train,pick up the black bowl on the ramekin and place it on the plate,0,7,7,"[2332885929743906144,78210733290086199,3376592463069148898,7762815535033294232,625510416208986258,3274933733165795718,7831323212908477482,5876748357668257882,1219742529252700978,3198280787423874558,6249066565456398768,1170866556549183009,7172139499213454659,8781504831879024928,8202668504019271104,4242518137201564467,6074743199953778731,3572416567353859243,3948101554073552467,2456074848484716406,2515480201758908000,6752103479293961129,7215025446226185204,419867315998950590,529320435660180835,7318853563378627806,5517754333899680037,6263360992849926639,1720047318602775534,7777319485478269766,6557906389465072226,3711320029471490300,4250064725652837133,2969554618847881582,4307727544405268719,1372467830875306444,8510528787558831859,2838534541106559188,1685529326513934597,2183662958967784552,7146994113559057928,62888092219564004,9166618968524224175,6180584448943975133]",False,220,42.16040464490652,43.29375705122948,"{""ever_satisfied"":[false],""final_satisfied"":[false],""peak_satisfied_count"":0,""predicates"":[[""on"",""akita_black_bowl_1"",""plate_1""]],""schema_version"":""ember_pi05_stage_predicate_episode_v1"",""transitions"":[{""satisfied"":[false],""step"":0}]}","{""bytes"":69415257,""path"":""<writer-stability-study>/rollouts/e1/M300/trajectories/libero_spatial_task_05_state_000.pt"",""replans"":44}",,M300,train,5,False,0
libero_spatial,5,train,pick up the black bowl on the ramekin and place it on the plate,1,7,7,"[2108315156300481109,6305114771558722149,6669850385748815919,1597813286460548712,7256603962091698256,6162984425250244553,7024547178120253095,1894120186701069329,8416214940848459239,6776971739970383916,2003017125639076934,8282448937498330936,3625812035987816419,7680878236674968614,9102634027979643941,2770263705301515055,282655066547685318,1470109964666606529,4854768729180947533,4124903719737178652,1700448181180929760,4490158752597238344,7905743133996349620]",True,111,26.500458418391645,28.786493249237537,"{""ever_satisfied"":[true],""final_satisfied"":[true],""peak_satisfied_count"":1,""predicates"":[[""on"",""akita_black_bowl_1"",""plate_1""]],""schema_version"":""ember_pi05_stage_predicate_episode_v1"",""transitions"":[{""satisfied"":[false],""step"":0},{""satisfied"":[true],""step"":111}]}","{""bytes"":36285802,""path"":""<writer-stability-study>/rollouts/e1/M300/trajectories/libero_spatial_task_05_state_001.pt"",""replans"":23}",,M300,train,5,False,1
libero_spatial,5,train,pick up the black bowl on the ramekin and place it on the plate,2,7,7,"[3560787555776424136,7226996573937802746,6855028940056842727,5825837294166451036,8732433570626755307,5302160669969465098,4822764827269271930,8522734176745473494,801129458069335042,1019998127984911016,8592203178932525271,767638826384455817,4129916199427641160,8113388187416614587,1009567069286752128,8291526830846242392,6231563887409315064,5202871763461620023,8413557639544490437,2604695222963429568,7474100169620082969,6939913757011356350]",True,106,23.428453468717635,27.143232291564345,"{""ever_satisfied"":[true],""final_satisfied"":[true],""peak_satisfied_count"":1,""predicates"":[[""on"",""akita_black_bowl_1"",""plate_1""]],""schema_version"":""ember_pi05_stage_predicate_episode_v1"",""transitions"":[{""satisfied"":[false],""step"":0},{""satisfied"":[true],""step"":106}]}","{""bytes"":34708215,""path"":""<writer-stability-study>/rollouts/e1/M300/trajectories/libero_spatial_task_05_state_002.pt"",""replans"":22}",,M300,train,5,False,2
libero_spatial,5,train,pick up the black bowl on the ramekin and place it on the plate,3,7,7,"[3621597416465773204,8359337169648245935,5744939891821775059,7086073565515240221,8414104011005972442,1357607194157334646,2457086667379005528,5139625551208531962,1783376984749811127,2203776395258555631,3657205777711994108,7764281548266222437,3692589158748323839,6333526485836836501,7238512290876979597,8252196340216571223,1391771959196485743,6178020184378955223,1721163266043831601,4312768008700186563,2859265695794382997,6257629896877401346,3214259742792075943,1999357425995595611,8867469239714716146,258670271998867373,3128089778059045497,4972603320284032672,3517116997601447791,8458840178778282710,3850010694656790019,6039143352532170053,5728601851165170391,5397310806882260251,2293439605123562986,3944940115202676581,3887942342016073271,7193857442464383750,5977725493914439167,1467464744768087708,4873965942234301875,3138613920958659569,2614654898400994111,1214837462032301007]",False,220,39.54173890966922,44.431324327364564,"{""ever_satisfied"":[false],""final_satisfied"":[false],""peak_satisfied_count"":0,""predicates"":[[""on"",""akita_black_bowl_1"",""plate_1""]],""schema_version"":""ember_pi05_stage_predicate_episode_v1"",""transitions"":[{""satisfied"":[false],""step"":0}]}","{""bytes"":69415257,""path"":""<writer-stability-study>/rollouts/e1/M300/trajectories/libero_spatial_task_05_state_003.pt"",""replans"":44}",,M300,train,5,False,3
libero_spatial,7,train,pick up the black bowl on the stove and place it on the plate,0,7,7,"[8860512939643002952,7305892915116313584,6600149728612776307,8752014322555712292,9159443665344864132,3748566440965895194,673031707609208575,4382847811375432032,3183953177240202152,4827959849555365684,8027860632661586452,523990053016017450,9085873970308404896,8932401287869707718,3414090784665512976,7516448465408070827,1406352271980649565,7521697099492649814,4462510421249513874,3876035414895575679,5299465691909999882,8781439129847774454,6686528434166226194,972450351795151281,8501228768998065543,6570497713169987822,8926319604569092948,7467137384336142156,8715989747040334637,7553794064450203750]",True,146,32.8590080877766,34.094111177138984,"{""ever_satisfied"":[true],""final_satisfied"":[true],""peak_satisfied_count"":1,""predicates"":[[""on"",""akita_black_bowl_1"",""plate_1""]],""schema_version"":""ember_pi05_stage_predicate_episode_v1"",""transitions"":[{""satisfied"":[false],""step"":0},{""satisfied"":[true],""step"":146}]}","{""bytes"":47328975,""path"":""<writer-stability-study>/rollouts/e1/M300/trajectories/libero_spatial_task_07_state_000.pt"",""replans"":30}",,M300,train,7,False,0
libero_spatial,7,train,pick up the black bowl on the stove and place it on the plate,1,7,7,"[4534021060883521833,9026905912977082461,4808555720481214932,8503670798955834384,5972345743408122066,8838525188849991096,2856101562254632339,4482595906452315814,3434188169977942467,7985418067034188883,9097367675132806926,2058352380433547633,3431551927526130333,8808354954499189918,557616745451118471,7019629026487755929,5921363881277097403,8825026556377032831,2264481834634252451,457293413597673605,3581166459691132976,6043476433407198372,8252721951464966321,5977862060771975128,1996687696070853151,9209232472459138575,7622663028896655265,4255038315152990171,366551764046136265,2625371671359880979,8361105411971417144,8148195376031484920,928025999102823790,7057195203994247830]",True,169,36.044371479190886,38.36228206381202,"{""ever_satisfied"":[true],""final_satisfied"":[true],""peak_satisfied_count"":1,""predicates"":[[""on"",""akita_black_bowl_1"",""plate_1""]],""schema_version"":""ember_pi05_stage_predicate_episode_v1"",""transitions"":[{""satisfied"":[false],""step"":0},{""satisfied"":[true],""step"":169}]}","{""bytes"":53639323,""path"":""<writer-stability-study>/rollouts/e1/M300/trajectories/libero_spatial_task_07_state_001.pt"",""replans"":34}",,M300,train,7,False,1
libero_spatial,7,train,pick up the black bowl on the stove and place it on the plate,2,7,7,"[2716251375073171738,8049712028238188176,1598961167065654123,4755763789268781435,4646857958709024522,6914225840622955044,5573874959127695675,7114826051942459516,4493222236179623310,6151224640883173422,1308415051361516778,9096980738005567473,8228643533572900652,7691863563192459793,7592960794211444420,9056922484206779306,2234326808775397208,4827621346943853126,5758187805781238965,887643835648115926,4246874755487696912,3883115485969714727,2540104280623826014,1193382702733136726,7839651454512889570,2752705616438492218,6596127430420649144,8011189765139562093,7657678188807738705,4136561560056667068,5502371455550140868,9124063493594759361,1096978923999802024,3691642810089932046,1350503961224824278,6931243959765902062,8513184159200957929,2354360847982983501,1559609129718358565,8658316650126808413,992211794280987411,2014052334291499825,4733012067838475632,7414480624327730809]",False,220,41.83732439670712,45.294871263206005,"{""ever_satisfied"":[false],""final_satisfied"":[false],""peak_satisfied_count"":0,""predicates"":[[""on"",""akita_black_bowl_1"",""plate_1""]],""schema_version"":""ember_pi05_stage_predicate_episode_v1"",""transitions"":[{""satisfied"":[false],""step"":0}]}","{""bytes"":69415257,""path"":""<writer-stability-study>/rollouts/e1/M300/trajectories/libero_spatial_task_07_state_002.pt"",""replans"":44}",,M300,train,7,False,2
libero_spatial,7,train,pick up the black bowl on the stove and place it on the plate,3,7,7,"[6262820076752428103,4647141719007556199,2558909064595167663,1436225617566126154,5331028542787216864,1700471507057443990,3493721523755451788,2886529366537706207,6967346967983560001,5617073074102920609,5984865832338637220,8559952677090218467,3832477420239482378,176646764400085765,6848534797422537363,4932562024647258224,5609398224426934900,4717874863988391871,3495055827177260515,7918636031778131271,3293542358724567982,7135344104179070012,8594750535769308648,3068481545553526444,882582486138518872,8233200411611681330,8836471590733518329,1092839793726281515,5076721043873990191,6123797165048088388,8566218056205422831,7590698441763584275,1067936753010051552,4938517659207714631,889191607367449604,4637707384472806247,3136167389186418517,7277601344182250460,7387250140809077371,8604712355558316801,8788077342305950833,706451729583457908,8554541869488887042,2672233267812391749]",False,220,41.438158449716866,46.04443316347897,"{""ever_satisfied"":[false],""final_satisfied"":[false],""peak_satisfied_count"":0,""predicates"":[[""on"",""akita_black_bowl_1"",""plate_1""]],""schema_version"":""ember_pi05_stage_predicate_episode_v1"",""transitions"":[{""satisfied"":[false],""step"":0}]}","{""bytes"":69415257,""path"":""<writer-stability-study>/rollouts/e1/M300/trajectories/libero_spatial_task_07_state_003.pt"",""replans"":44}",,M300,train,7,False,3
libero_object,2,train,pick up the salad dressing and place it in the basket,0,7,7,"[926971204240776524,8852970192180508234,7594642915430612756,6949624471219738414,8678418478545596585,7955862672732622887,3105327838272853580,6211554433824911803,6656189574454732066,5578928989321598728,5992228228138252069,1563889852935576123,2143145904404040586,166840200037075020,8136154808220516449,8394378735983203648,6806365180665921169,3588972006584734615,8041013076229572720,3899524213718088049,1060033558408845916,1474019411076631326,4030917986631749338,1920393417184737037,6555893101066362251,4074366801348485076,9103703520426295733,5289540875458414095,3365390134638702452,4761972337007149352,4642007772747823066,7595541929468217684,4074130817975153093,687947983413259556,7625823318009818227,4355837874647858810,378510985675781992,6861483343885848967,5544443133397653846,8504945874298111846,3936471725185063664,3184698899490369770,6133121317896143374,8124899137362954845,1421680698983409170,414897024173015815,4965105652593542295,4028466195025967238,1747304219119290569,3384761602727740980,1822677422629841440,5752688090852102310,947607838593085681,6410966819665196468,4119011256166479593,7651148439807336995]",False,280,50.167105086147785,51.3411854673177,"{""ever_satisfied"":[false],""final_satisfied"":[false],""peak_satisfied_count"":0,""predicates"":[[""in"",""salad_dressing_1"",""basket_1_contain_region""]],""schema_version"":""ember_pi05_stage_predicate_episode_v1"",""transitions"":[{""satisfied"":[false],""step"":0}]}","{""bytes"":88346143,""path"":""<writer-stability-study>/rollouts/e1/M300/trajectories/libero_object_task_02_state_000.pt"",""replans"":56}",,M300,train,12,False,0
libero_object,2,train,pick up the salad dressing and place it in the basket,1,7,7,"[1901561695000682192,2003766107740913469,8755200202034928571,3133797423555193730,8435314461711372540,5267886066226551003,695848683296115357,2713319643480232557,9188174131248631266,1362528486973096986,6839078978808543802,220334253274724613,73283253109529949,4947001090250361269,632322592973956895,1917767870106579780,4306378780912509961,7511429792504407578,8536027760756004605,2182079769965389270,3975142908658168401,2565459673285321056,3189876221184975315,6453834132575965793,1774322765775069461,2843693022487972725,7373677649854649301,3086439080011965080,8152262382344389222,5717011585812009083,4119944326188867785,1323441598191467120,1889714953393603785,5191220327495673327,7694156533531543963,7495959713903553051,6783463270577461664,8756921786846037510,8112098236217851224,8200168533135899433,2028940080133672165,2024310360713863999,3994415375352535725,6664617973221683548,6655741272199419378,907258625021504820,8948112858356337270,8644386923918930220,7481039100869315351,3011156613347040234,1582254911761359315,5472288417531588728,4781665992265395053,6631220592358479453,4037821958267693051,3636440491695181790]",False,280,50.30987090989947,52.52077382057905,"{""ever_satisfied"":[false],""final_satisfied"":[false],""peak_satisfied_count"":0,""predicates"":[[""in"",""salad_dressing_1"",""basket_1_contain_region""]],""schema_version"":""ember_pi05_stage_predicate_episode_v1"",""transitions"":[{""satisfied"":[false],""step"":0}]}","{""bytes"":88346143,""path"":""<writer-stability-study>/rollouts/e1/M300/trajectories/libero_object_task_02_state_001.pt"",""replans"":56}",,M300,train,12,False,1
libero_object,2,train,pick up the salad dressing and place it in the basket,2,7,7,"[819876312240355918,7393526760793077091,8219609591024630774,678086930081810191,5378668988763670442,8562896929448108889,7952206833824424980,6153578163397244934,8600353560611264702,5360519908927206101,1677456591289604523,4312131950909776386,1300295824871377689,8889213098818255465,506148884820736663,2789678235081217361,2700613037678503463,8166941857721968609,884944661215142797,4953819884431911953,4135886623190422532,4445636141886008669,4937543429469994179,1010900006734588013,5199730149621723732,6518585211636964647,8997351660534223289,5356573588739936257,4714849124857119837,193951054744898384,1762877312884787248,2404646303181169857,2605527945320466828,3447154030184229443,8790014835371623008,3889939628997399010,7421954123470736643,4488619821623410764,4160300164860709177,8855054048831931175,7329290406030931087,2081807024682103391,5159253211862069775,877956378140801670,8152468559839654363,5519465065735787234,3457895309141532787,393211916946199439,5657007264506806158,3130348390783210744,7288498309655178837,8538400492206860910,2218218315446327916,7111474715722402595,718482248167924527,8177669145935066372]",False,280,50.08505183830857,53.245344035327435,"{""ever_satisfied"":[false],""final_satisfied"":[false],""peak_satisfied_count"":0,""predicates"":[[""in"",""salad_dressing_1"",""basket_1_contain_region""]],""schema_version"":""ember_pi05_stage_predicate_episode_v1"",""transitions"":[{""satisfied"":[false],""step"":0}]}","{""bytes"":88346143,""path"":""<writer-stability-study>/rollouts/e1/M300/trajectories/libero_object_task_02_state_002.pt"",""replans"":56}",,M300,train,12,False,2
libero_object,2,train,pick up the salad dressing and place it in the basket,3,7,7,"[8639434405770398152,205919488606740875,2501948881802714263,5069929753859729762,3302366391688415942,9001581433863466647,9100694176453527499,328107878187802325,765954685160989904,6696427461794402730,3918120898880784857,907785793522543587,4121862568451884869,8672988666222239330,6314501926142379404,7414403981683438948,8881091179082601343,1875116340184474766,1900830040124490039,1950079712428461041,2516449151849810246,2310421115796619497,9054438725339839852,300142070450751365,7502943848515967706,7525226907824315211,1579069792832207232,2126256233270394446,200425568793567960,1473398849984927838,256974336133703160,2579939327168962525,7516160650261415276,5804312339824171996,1125953436632123172,8972614325382409897,6585408981715560279,8657870435269572251,4359114053935924699,4358653051936709503,8564780160120538480,5772594916368460674,2487848699716086663,6540382024773083440,6087995028654358106,1509307301461323395,3132709909459763677,5386500077548155145,8902967546907806115,5367969233733623052,8661713807828836874,8865162749370189000,9001557041549757974,7615066434818214185,5998747412507569924,1772336693234564772]",False,280,50.149613842368126,54.3687875168398,"{""ever_satisfied"":[false],""final_satisfied"":[false],""peak_satisfied_count"":0,""predicates"":[[""in"",""salad_dressing_1"",""basket_1_contain_region""]],""schema_version"":""ember_pi05_stage_predicate_episode_v1"",""transitions"":[{""satisfied"":[false],""step"":0}]}","{""bytes"":88346143,""path"":""<writer-stability-study>/rollouts/e1/M300/trajectories/libero_object_task_02_state_003.pt"",""replans"":56}",,M300,train,12,False,3
libero_10,7,train,put both the alphabet soup and the cream cheese box in the basket,0,7,7,"[907041501630148667,4612298201938112620,7281379436564235312,8338984819693199724,2296327197964993479,1274874525767175883,1421085673004716131,8425219134706071258,2062056564332073825,3071823040802638185,7938505278379970267,3522984377378569669,5154699334473623640,5638591476749275226,7552400992327635367,4732095005522759435,548401318343329476,267082782734891939,5857808572556056244,728457632512888542,2479756125584198374,4267585010630026791,3441643870553481288,8467915757498431008,5439084353704905879,2429549296788933905,55074050952303357,7067922698958479450,3148481196641040200,7928035374902457223,2440436879351599588,3729017454671572477,656442492107433950,6368157897057010948,3464442594792354172,1280125980264144632,8474274633303663975,4870810077541056637,7166101728600443393,369158490192561197,764757969214367234,3552159545576718613,994019392606449986,7808204169934001903,6396956296601003891,2148627265909606181,3392973609910076788,7144436042418807983,5348980458885744959,4710379024947167801,2102325676071880200,7802958165199808900,7461942172918253974,1218388398405274306,392458831657878906]",True,274,49.62375819403678,50.70919663179666,"{""ever_satisfied"":[true,true],""final_satisfied"":[true,true],""peak_satisfied_count"":2,""predicates"":[[""in"",""alphabet_soup_1"",""basket_1_contain_region""],[""in"",""cream_cheese_1"",""basket_1_contain_region""]],""schema_version"":""ember_pi05_stage_predicate_episode_v1"",""transitions"":[{""satisfied"":[false,false],""step"":0},{""satisfied"":[true,false],""step"":130},{""satisfied"":[true,true],""step"":274}]}","{""bytes"":86767437,""path"":""<writer-stability-study>/rollouts/e1/M300/trajectories/libero_10_task_07_state_000.pt"",""replans"":55}",,M300,train,37,False,0
libero_10,7,train,put both the alphabet soup and the cream cheese box in the basket,1,7,7,"[6054502716598075368,3373274192069980437,3185364884059471209,3608991073448512685,517748803206916309,9010808168683658860,3969398306279785984,4655120805785931556,7448513816754508384,6099694596918001882,2806494977354897077,1697037100477914334,3569436727247049860,9001816453034556463,5893953901839926098,379451450119823168,8132891434927867249,2722460681803149974,1058756159028552051,8444513812763477876,6323003568009789490,52925706232198483,3407496001400737197,794108315628650049,1689708956482017287,6306014752980090556,222897003135104657,8970068682809487284,4922052258049670881,8302988477073037773,1401187420163282846,5228472353476866614,4162134272585034759,6051809908143140903,714351754922177042,7991097623387708277,3396592449574138399,858780414343094743,1449441676156483277,3888627651511577075,155784254709717277,6010283337508566400,3779320978360101683,4318483056333515657,4692049277477932425,1941648099277504086,6553702964953029061,4236415250678739318,6518696491373012657,190199796422483962,8469442507697709941,7455061427177288459,4234408307774238832,4590956702557915850,6208500787622481845,3636122027318942685,2679645038158141695,5819158568058406159,1802602973444189485,3831144166720032239,1040054466211122704,6993185429138551357,3768803779400020884,510294469297024565,950927877389133366,8484010846785167239,3582158776025324215,5718180638084070370,8933752313594336548,1928031053182024831,4015617872392473536,820497684339733641,5926618261464899105,4649812173987320543,2209302671799867726,6331683035942567992,4470305473552257165,7628422331271476795,3618030208784749640,6201299382274795221,7737420559239050910,4223015513045081968,4200282289783786762,324168955198484415,2673655210954264192,671449631717851877,8543274320607591621,8659223830905750508,7956748313373601931,6982828976739134818,7446992908545697567,3815967400527592716,234038522364502723,1737442943690687005,6286049096464904391,271914701293051695,8471339901034421080,9000154197992288312,8547620048380180551,1511146987209210290,5309627985096157116,2182630813419250643,7745561134183826985,1331092219490038653]",False,520,78.73832516372204,80.752046844922,"{""ever_satisfied"":[false,false],""final_satisfied"":[false,false],""peak_satisfied_count"":0,""predicates"":[[""in"",""alphabet_soup_1"",""basket_1_contain_region""],[""in"",""cream_cheese_1"",""basket_1_contain_region""]],""schema_version"":""ember_pi05_stage_predicate_episode_v1"",""transitions"":[{""satisfied"":[false,false],""step"":0}]}","{""bytes"":164068359,""path"":""<writer-stability-study>/rollouts/e1/M300/trajectories/libero_10_task_07_state_001.pt"",""replans"":104}",,M300,train,37,False,1
libero_10,7,train,put both the alphabet soup and the cream cheese box in the basket,2,7,7,"[1141831798795922170,476116436293911919,8237067642382420058,8506762262383606495,8118914937716207702,6284120947842339944,5004368348949994857,2575816952202784325,8399303744084685300,3438407395270645068,4847004481919487525,4778235962858992395,2987713141466338533,7585356651342685923,6087824187240540081,2465977945630732666,818275127846322222,4361172374205476552,1363189026606831070,7707235255140555837,237400437888141885,1146283858514531568,3850848674028441834,650811130426090841,6160135171061725906,3483504987025845820,6498816732458390038,7218577709392159996,7128287944051605903,50186553606729547,703871423265154097,6748925175270680900,62943701319998776,8871551844684075718,6246572900359449399,6724406725943219299,7589562940788109256,1311415916896953251,8538578553698842348,8590143181027533353,1727269024583300655,8874194122223207471,1494456880129197172,1258027500909655032,2123678301846287987,6615294656067858141,5292781605920597399,6766452077574426209,4106142271637509256,7944857383135646459,2758304030882941327,1233962433497190800,5931477854873810331,1925478660043407668,2134106801114080327,4348801145395112301]",True,278,49.93954908195883,52.92961547896266,"{""ever_satisfied"":[true,true],""final_satisfied"":[true,true],""peak_satisfied_count"":2,""predicates"":[[""in"",""alphabet_soup_1"",""basket_1_contain_region""],[""in"",""cream_cheese_1"",""basket_1_contain_region""]],""schema_version"":""ember_pi05_stage_predicate_episode_v1"",""transitions"":[{""satisfied"":[false,false],""step"":0},{""satisfied"":[true,false],""step"":142},{""satisfied"":[true,true],""step"":278}]}","{""bytes"":88344999,""path"":""<writer-stability-study>/rollouts/e1/M300/trajectories/libero_10_task_07_state_002.pt"",""replans"":56}",,M300,train,37,False,2
libero_10,7,train,put both the alphabet soup and the cream cheese box in the basket,3,7,7,"[2564337726511075081,5588539802720706177,8775329953075666572,5502734918043840715,2092305860409775971,409625624490978284,4085299268941489435,8537830137714499300,568405597646791332,7423717016718826754,3915870455637148669,2898978858585350803,4397789666744193489,2082563152445061563,4581449232139627278,3122536630266406140,402405693449307991,5333397642091636170,4281490812767731821,1427349246640133864,2491309653112030774,522460717354252433,3125383268646429144,7478539731247921594,5371076715465631031,7506666998267534558,916571016847850532,8462493505229270233,1275308000854540889,302180627571622010,5418315110241812777,5655448071561038713,1171241367948681616,3039543837268948738,8310244414432532984,6347707175048813495,1089396369855840143,6191562696556655605,1307279807344854794,4573733249512577896,3781442485052134047,4904651705656643174,3964760207791545460,4888267404949723309,5708215700067311094,93351870594750137,7590328213776734030,2376818188200500100,8033740422074731563,8833071520693473000,3900278425239308475,6285770524664953689,298215509636217961,7524413092535480125,1924834980762599057,5353770390211977189,5775369009135924867,4983960296733771645,40860364176140609,8913189508617915024,1653597497255095179,5228244224918912755,7952889457035110258,2998638369209666747,7360675218213687924,3960161747503774333,1162121901720168574,2771401518294943291,494829771310993070,1016663463374572010,5221300783558526386,3566105101420442845,2496767167296237965,2022532979888013655,7570518909759524339,2735949389879153538,9105492749033457927,5412777787333337721,119534179516599881,5819652029600558410,2246517444466848572,1596380778975994481,1338579922064022058,2603405220912974990,5663788447106072631,4672507471840626590,8145653830112058190,486078702135903794,3280033746944948631,7467581260173456463,4338782030418425116,2037733434139655232,8367183244256398486,6074121470605164128,6471962946093271814,8760919547051329777,1426197829903420392,6525226390880203438,4334216163813253032,5716428432204494209,8045796856932139703,1940061399356146172,8803015403780318604,7112992690418151429]",False,520,78.37210456188768,82.3595427274704,"{""ever_satisfied"":[false,false],""final_satisfied"":[false,false],""peak_satisfied_count"":0,""predicates"":[[""in"",""alphabet_soup_1"",""basket_1_contain_region""],[""in"",""cream_cheese_1"",""basket_1_contain_region""]],""schema_version"":""ember_pi05_stage_predicate_episode_v1"",""transitions"":[{""satisfied"":[false,false],""step"":0}]}","{""bytes"":164068359,""path"":""<writer-stability-study>/rollouts/e1/M300/trajectories/libero_10_task_07_state_003.pt"",""replans"":104}",,M300,train,37,False,3
libero_90,3,meta_train,put the butter at the back in the top drawer of the cabinet and close it,0,7,7,"[3463252452235991221,2337350760912150312,8161855968009784438,8214055746421606667,1542958794424955060,1596371316421749689,3300839992879728970,1515216923558476676,8888616565337359682,3989284990074701907,2047032325460580723,208746576969330771,7795845198237565512,4976912510760930834,7677423444143065202,8437475311278861364,2992029420982994691,8540929155291270607,8857381824075531757,6717524333376369801,318682629911040204,8238151636016414989,9078950066631763160,6879576329745308635,4784715550055640506,3237121610935137325,275944231883205180,5679325194804583127,4967419413390713644,2167890266506144336,5863705567279506357,7761565759944990785,749883301249389933,7745405932829170145,6976429834935865508]",True,172,32.651920390315354,33.694713896140456,"{""ever_satisfied"":[true,true],""final_satisfied"":[true,true],""peak_satisfied_count"":2,""predicates"":[[""in"",""butter_2"",""wooden_cabinet_1_top_region""],[""close"",""wooden_cabinet_1_top_region""]],""schema_version"":""ember_pi05_stage_predicate_episode_v1"",""transitions"":[{""satisfied"":[false,false],""step"":0},{""satisfied"":[true,false],""step"":111},{""satisfied"":[false,false],""step"":113},{""satisfied"":[true,false],""step"":118},{""satisfied"":[true,true],""step"":172}]}","{""bytes"":55216005,""path"":""<writer-stability-study>/rollouts/e1/M300/trajectories/libero_90_task_03_state_000.pt"",""replans"":35}",,M300,train,43,False,0
libero_90,3,meta_train,put the butter at the back in the top drawer of the cabinet and close it,1,7,7,"[1744563937202573523,1501003248594690273,4253770601318701296,569720763052505910,299951401507768706,4043973426313508183,8115517137211960739,162191702331670159,3187597477918770790,4281690915880607494,1581939060727012639,6615223608210381767,740238587186198268,4940629726328038995,5365514443359147225,2607753611118602531,3753150467719338450,7704083716949971615,2439358823286897676,8744672896785378582,3236819262618452874,8946988731821132698,1129383953514847038,3682261918095857997,2894654045154240909,3754117739133419628,7384586953620171694,934313948325649401,4470262752704418924,8616903928537340804,8502319734231964819,666073978247704497,4632206942576607149,5717284662142015458,3714063673190115246,8956307803125253506,3006628929142561915,7221847654967489809,8810540623657208093,4987444605859592822,8510236322019906113,1645155789097810721,2338417431097479678,5184122402600124683,8248378395996744609,4154410740635730229,3212729081858374170,3290179764328841330,3965088169182855839,7778407970895099842,1887935274734365856,5298254513216022455,6708291835253940653,7503563274835975588,1275802730566037733,2105205285945811199,6507750431272380395,5300150638411956224,2743367277329917707,7146175411066914808,2125538946275256949,5203068838537854607,8930467415322172262,3926994520100602731,3604152635855828965,5693288806760571001,144643616978297979,6507439242720680948,1776958691228115775,1339647855977536959,7510271815279146723,3747459138505968126,8904326392794307666,7420229589559841585,4767937041690697535,283088200525881925,7991439676075133577,1000234148043899946,7636747624529989313,907323717247090788]",False,400,58.72223845683038,60.68654167279601,"{""ever_satisfied"":[false,true],""final_satisfied"":[false,true],""peak_satisfied_count"":1,""predicates"":[[""in"",""butter_2"",""wooden_cabinet_1_top_region""],[""close"",""wooden_cabinet_1_top_region""]],""schema_version"":""ember_pi05_stage_predicate_episode_v1"",""transitions"":[{""satisfied"":[false,false],""step"":0},{""satisfied"":[false,true],""step"":162},{""satisfied"":[false,false],""step"":203},{""satisfied"":[false,true],""step"":207}]}","{""bytes"":126206679,""path"":""<writer-stability-study>/rollouts/e1/M300/trajectories/libero_90_task_03_state_001.pt"",""replans"":80}",,M300,train,43,False,1
libero_90,3,meta_train,put the butter at the back in the top drawer of the cabinet and close it,2,7,7,"[8949149783415477956,4516295665246213560,2052271694247586027,9011631737548241417,97854790008320753,451153564187916741,7478978813103900898,6827742394449694272,5265033022042814656,4779545910765386669,7291454868160903245,3532146457711357421,515814491144078332,5353791895988005663,9177168810835222914,1461779550137009919,5217533246683209881,1110883722056685302,2303758629452565078,4169525421616883259,5762972253255117270,4794296292723991611,8831835289473304312,1882595891243347702,6381697104859554636,6596537141792510128,2562888767021537259,1324141186910733951,2559933900609270726,6369406974844891187,1715250129649892035,6730461007539867397,4516266053431266601,1987629881003342778,1366942092025472909]",True,175,31.697276823222637,34.6066217366606,"{""ever_satisfied"":[true,true],""final_satisfied"":[true,true],""peak_satisfied_count"":2,""predicates"":[[""in"",""butter_2"",""wooden_cabinet_1_top_region""],[""close"",""wooden_cabinet_1_top_region""]],""schema_version"":""ember_pi05_stage_predicate_episode_v1"",""transitions"":[{""satisfied"":[false,false],""step"":0},{""satisfied"":[true,false],""step"":115},{""satisfied"":[true,true],""step"":175}]}","{""bytes"":55216005,""path"":""<writer-stability-study>/rollouts/e1/M300/trajectories/libero_90_task_03_state_002.pt"",""replans"":35}",,M300,train,43,False,2
libero_90,3,meta_train,put the butter at the back in the top drawer of the cabinet and close it,3,7,7,"[7651768545572637715,6161840396780171273,7420522035630377698,4813783927730722896,504440707359276581,6188150381031820380,1223803399051135748,9071052554598033143,2396889014121382845,4714588644222333176,8479653659298575339,7855191326611046952,8815148813862802069,5001768183440279061,7178059187328081817,3968136500852849457,1185203120713699143,6942352699286990126,2176170967586434151,897921513238953363,1064161261037201245,5237896237038674831,7314659813647221297,1738801032116300039,6333181731290128289,8111096248653864716,5003384711985266267,419656461522239408,1660339732341947286,640093438282713766,7788775845966152494,4395353035831801662,2702145275747755233,2478275201709502044,3414601058040419149,5628831860810843744,8179241931287249360,4384360308685891379,1647073478254193420,5300336582738035862,1707240472372049738,8555722480350531284,2310659398203273432,9048205864033033145,8911773768155820710,1594757096113566070,8765477809766249420,927796054540556582,5209680230217350051,5663034754363408693,3325553221129360027,4762867061123225849,6921241689805806562,7755223804378528285,5368172492863229683,8931477689438513573,1944014871362582973,6137897178122354738,6071279996517879672,8573162128574337905,4456203530398862133,565884713441670535,7367099577152033098,5357933737869570371,4507099469149128442,7393250786646016222,9195009500076863472,5762114947566821924,2028477200131848310,234110851245264827,948152031683757950,6997362678454334468,9125825077918176083,5831993327393128284,2186898617000543732,3762920398732679823,4086351856774511542,4994099176546202,927571300576104095,3435876652092943663]",False,400,58.496696717105806,62.30547060072422,"{""ever_satisfied"":[false,true],""final_satisfied"":[false,true],""peak_satisfied_count"":1,""predicates"":[[""in"",""butter_2"",""wooden_cabinet_1_top_region""],[""close"",""wooden_cabinet_1_top_region""]],""schema_version"":""ember_pi05_stage_predicate_episode_v1"",""transitions"":[{""satisfied"":[false,false],""step"":0},{""satisfied"":[false,true],""step"":188}]}","{""bytes"":126206679,""path"":""<writer-stability-study>/rollouts/e1/M300/trajectories/libero_90_task_03_state_003.pt"",""replans"":80}",,M300,train,43,False,3
libero_90,56,meta_train,pick up the butter and put it in the tray,0,7,7,"[2226032360068530699,4551069448295705575,6713942495031054896,1662112725463687164,373361830260579180,8292647550689012877,8436317902454726093,8501378697313634874,8124132530273666966,5638917457186611740,1059257555335924615,6416102671014831190,8457364500328720160,2622895026754486846,4005743147312751643,8888582604713139032,1385896926385013928]",True,82,18.42694788146764,19.435706396587193,"{""ever_satisfied"":[true],""final_satisfied"":[true],""peak_satisfied_count"":1,""predicates"":[[""in"",""butter_1"",""wooden_tray_1_contain_region""]],""schema_version"":""ember_pi05_stage_predicate_episode_v1"",""transitions"":[{""satisfied"":[false],""step"":0},{""satisfied"":[true],""step"":82}]}","{""bytes"":26819776,""path"":""<writer-stability-study>/rollouts/e1/M300/trajectories/libero_90_task_56_state_000.pt"",""replans"":17}",,M300,train,96,False,0
libero_90,56,meta_train,pick up the butter and put it in the tray,1,7,7,"[8119243783633441076,7282820214086490810,2177062340765572968,6644618112071839899,5016145634526778955,8353232097943047893,2133318581563068807,1193810775646674988,1967520375173541613,6912678257968729808,7997292861180836513,5121747281817651262,2063515351896371617,7102316997633699308,6015033311259852099,5178981702938774623,3469980291986919451]",True,81,17.01465577725321,19.083475083112717,"{""ever_satisfied"":[true],""final_satisfied"":[true],""peak_satisfied_count"":1,""predicates"":[[""in"",""butter_1"",""wooden_tray_1_contain_region""]],""schema_version"":""ember_pi05_stage_predicate_episode_v1"",""transitions"":[{""satisfied"":[false],""step"":0},{""satisfied"":[true],""step"":81}]}","{""bytes"":26819776,""path"":""<writer-stability-study>/rollouts/e1/M300/trajectories/libero_90_task_56_state_001.pt"",""replans"":17}",,M300,train,96,False,1
libero_90,56,meta_train,pick up the butter and put it in the tray,2,7,7,"[7234180509893824851,6310507223367765090,2683934427194017610,4843992076099089488,1019506394356440934,8391660553961747888,8631660344062088826,2392418923097458593,3900827321541831712,1796500273437089249,4631756417972979186,3162045824954048393,460397104113602643,6237318617792474962,4995286236072489540,5680590571619412557,422268277304002006,9095259173688631376]",True,87,17.253141918219626,20.37108660209924,"{""ever_satisfied"":[true],""final_satisfied"":[true],""peak_satisfied_count"":1,""predicates"":[[""in"",""butter_1"",""wooden_tray_1_contain_region""]],""schema_version"":""ember_pi05_stage_predicate_episode_v1"",""transitions"":[{""satisfied"":[false],""step"":0},{""satisfied"":[true],""step"":87}]}","{""bytes"":28397333,""path"":""<writer-stability-study>/rollouts/e1/M300/trajectories/libero_90_task_56_state_002.pt"",""replans"":18}",,M300,train,96,False,2
libero_90,56,meta_train,pick up the butter and put it in the tray,3,7,7,"[170087714640543084,6192430205628314174,3785706859865600201,4350491489006068677,4042284879221296836,1060268680401951589,7829540551696787724,8687952669361346111,8232784802571372944,8401120800963912051,3045956571281696393,1674775945616819263,5155415576533198861,1487892492867891826,3203355520829157193,689718489739131931,1000533918580741900,7113733540855018359,2375251300202934239]",True,92,16.927118115127087,21.148466924205422,"{""ever_satisfied"":[true],""final_satisfied"":[true],""peak_satisfied_count"":1,""predicates"":[[""in"",""butter_1"",""wooden_tray_1_contain_region""]],""schema_version"":""ember_pi05_stage_predicate_episode_v1"",""transitions"":[{""satisfied"":[false],""step"":0},{""satisfied"":[true],""step"":92}]}","{""bytes"":29974890,""path"":""<writer-stability-study>/rollouts/e1/M300/trajectories/libero_90_task_56_state_003.pt"",""replans"":19}",,M300,train,96,False,3
libero_90,11,meta_train,open the top drawer of the cabinet,0,7,7,"[630782732335034883,6026432842081904552,6524467843279089035,2832974847133539923,3712237888180262324,7764635933513163748,5392396175869152056,576873571776139937,8085551288014324177,7540017627369803160,4402450519752017817,2619174142822074804]",True,60,14.984249399974942,16.265042301267385,"{""ever_satisfied"":[true],""final_satisfied"":[true],""peak_satisfied_count"":1,""predicates"":[[""open"",""wooden_cabinet_1_top_region""]],""schema_version"":""ember_pi05_stage_predicate_episode_v1"",""transitions"":[{""satisfied"":[false],""step"":0},{""satisfied"":[true],""step"":60}]}","{""bytes"":18931991,""path"":""<writer-stability-study>/rollouts/e1/M300/trajectories/libero_90_task_11_state_000.pt"",""replans"":12}",,M300,train,51,False,0
libero_90,11,meta_train,open the top drawer of the cabinet,1,7,7,"[6298808731842278907,3013204293704977845,9189069004249137474,845583777739958146,9030615313103130585,2581358113206011979,2601714929015656098,6650581985665358239,6391224073264308071,853340919727540610,8650808421510180083,2137829193316400796,4645934200882659142,3489194163712655402,2127207147380454471,7239820938985808702,6924600094782458681,8875745806507356609,6420017482507376490,5195182233127062142,7436475382478611383,3567113734498018015,8162568061128415496,9142590608692465688,1895014225139889080,4182119597739541414,5991762418730458620,3626108970671642569,2676547448903859109,8650044901882637019,4731024650342918211,5893558752569330688,3044710034014251869,8953928843309468353,5945057218800396020,8300527255422263466,2123706378700203585,8656554460462902439,4398125462601508764,3305796110036906180,3995866670843400696,1667483287942252438,3669397074892947539,3462143175844911253]",True,217,30.1671531079337,32.72795004397631,"{""ever_satisfied"":[true],""final_satisfied"":[true],""peak_satisfied_count"":1,""predicates"":[[""open"",""wooden_cabinet_1_top_region""]],""schema_version"":""ember_pi05_stage_predicate_episode_v1"",""transitions"":[{""satisfied"":[false],""step"":0},{""satisfied"":[true],""step"":217}]}","{""bytes"":69414127,""path"":""<writer-stability-study>/rollouts/e1/M300/trajectories/libero_90_task_11_state_001.pt"",""replans"":44}",,M300,train,51,False,1
libero_90,11,meta_train,open the top drawer of the cabinet,2,7,7,"[3375586953795871816,6540863717489992837,7430055551849303864,8134012293363076797,3714036907699906594,7386321111033214766,1451376578072328503,5824043827698211199,8068939483355572678,5888769325737281374,3697614202982200711,6142214362425664214,4527121286668526954,1093549618043157551]",True,67,15.11462755408138,19.063185470178723,"{""ever_satisfied"":[true],""final_satisfied"":[true],""peak_satisfied_count"":1,""predicates"":[[""open"",""wooden_cabinet_1_top_region""]],""schema_version"":""ember_pi05_stage_predicate_episode_v1"",""transitions"":[{""satisfied"":[false],""step"":0},{""satisfied"":[true],""step"":67}]}","{""bytes"":22087105,""path"":""<writer-stability-study>/rollouts/e1/M300/trajectories/libero_90_task_11_state_002.pt"",""replans"":14}",,M300,train,51,False,2
libero_90,11,meta_train,open the top drawer of the cabinet,3,7,7,"[5927523002705313685,6859320936255371985,714912688593426275,7686389076829316129,6585663702645685391,6620927141701277563,4923785797087663924,4435243913530943072,4455484930612895840,8527363840732546432,6574760021758334646,1370865792643822670,3408381442789492909,7947214985801762444,7771133274317174576]",True,72,15.24135022610426,20.425698686391115,"{""ever_satisfied"":[true],""final_satisfied"":[true],""peak_satisfied_count"":1,""predicates"":[[""open"",""wooden_cabinet_1_top_region""]],""schema_version"":""ember_pi05_stage_predicate_episode_v1"",""transitions"":[{""satisfied"":[false],""step"":0},{""satisfied"":[true],""step"":72}]}","{""bytes"":23664662,""path"":""<writer-stability-study>/rollouts/e1/M300/trajectories/libero_90_task_11_state_003.pt"",""replans"":15}",,M300,train,51,False,3
libero_90,33,meta_validation_oracle,close the microwave,0,7,7,"[3814538614648685928,2918325375739809694,3164143864598808145,5565915644193155337,4080180966298606689,3140832986677750376,7149145722349520134,707885345988737858,6100905458910768747,4408006144191914951,2390453657596093383,4160066772507374,584231116433666928,3869999134466192656,3782915209038846878,9076902177290749519,7006840427744498791,8892147190729701768,606502225359919789,6787468472196711947,8791839265979728770,187028959896970639,5724925431455161616,9184033782951768268,9070918235808242192,7302750050913754517,2488591661933562548,336172097049345139,7923562187564345826,6393899827733165866,3020112520573366183,4528316642257824175,5582977508141668251,3162955277203076335,6163242415499698651,725655320810922255,5381273817049447804,1456066189537081230,928638825361311262]",True,195,36.060147389769554,37.60034091118723,"{""ever_satisfied"":[true],""final_satisfied"":[true],""peak_satisfied_count"":1,""predicates"":[[""close"",""microwave_1""]],""schema_version"":""ember_pi05_stage_predicate_episode_v1"",""transitions"":[{""satisfied"":[false],""step"":0},{""satisfied"":[true],""step"":195}]}","{""bytes"":61526253,""path"":""<writer-stability-study>/rollouts/e1/M300/trajectories/libero_90_task_33_state_000.pt"",""replans"":39}",,M300,train,73,False,0
libero_90,33,meta_validation_oracle,close the microwave,1,7,7,"[1391257127071394911,6453070095094258601,5559562787924264405,3620351785772504206,5539650802633992661,1440320540210058728,4590866537231315723,4505863565072721961,3507052222206376725,7400833979650608495,7995682051494613996,3671295722984103888,6522882074484714405,1333804940799757480,3256757473853040356,5705328359785327392,8223201126738778237,5596815134535616216,6334773288545059006,1642030117853923248,7737642293981664297,8443970233462913678,1556714789204722714,810594971895214783,3920521439063015209,6811494582741173023,2445800062947093781,1976050250604300170,1171753458470768459,7834378451338967968,8090682021880909726,5335158176236919928,5315007103215208230,3199144432869677668,8903094495660641300,2263363197246993874]",True,176,31.928523707203567,34.72945375647396,"{""ever_satisfied"":[true],""final_satisfied"":[true],""peak_satisfied_count"":1,""predicates"":[[""close"",""microwave_1""]],""schema_version"":""ember_pi05_stage_predicate_episode_v1"",""transitions"":[{""satisfied"":[false],""step"":0},{""satisfied"":[true],""step"":176}]}","{""bytes"":56793567,""path"":""<writer-stability-study>/rollouts/e1/M300/trajectories/libero_90_task_33_state_001.pt"",""replans"":36}",,M300,train,73,False,1
libero_90,33,meta_validation_oracle,close the microwave,2,7,7,"[4539588420967222518,1710048350945936885,4358464737013891488,3880974602853515663,6790251156741126418,5495753368706701989,7254732957949711545,2057207925378913840,2633440578216331245,5999842406332413055,725304914533917656,3476697012025770940,6565420059195656400,6563141212784622577,205224626607609378,8159397001250595181,7412592822848945859,6290027187613054305,1468350745485780829,3409127801164692127,102283521042964566,1071552374098376826,2640942057288159101,7898666547962963929,6610880090942108040,3405562868571649524,3256916404094935781,4499829594603724491,4634369084841650367,3370693029601721329,2376929177924604449,2200453837503372456,30427291158052045,8664906417401917516,2664196002751814977,3618068686276361349,1985288414945770214,4677692730398174540,6992384041764542887,7842858572242203233,747113586897311944,7970847750411408010,5688399328945542843,8461226652270624601,5492402953299625635,8427673907924499820,7397644930421776874,2834321786915317967,6936048434802822829,4428804956635702435,3375307949502786164,387192658302231094,8986706343747452804,2149727196176346343,8289040975520609963,4276516106214353583,6040563903464329146,2416275482301715686,5596827370042070502,6610417885385304011,6735907768334633027,3728479897095225456,6865147047993100854,4270366337636524098,4318791316939110999,7445314828279885280,4522074432527048880,6094997162686636557,4986174921603322765,3835589751760985416,6428017392762125920,1750405430487776649,5853385000606350519,8471903591055026034,3466135176910025298,1110361602219860474,8172404346955460647,5611027673707844511,3986066228211122987,5029763397423283366]",False,400,51.421524334698915,55.40039631072432,"{""ever_satisfied"":[false],""final_satisfied"":[false],""peak_satisfied_count"":0,""predicates"":[[""close"",""microwave_1""]],""schema_version"":""ember_pi05_stage_predicate_episode_v1"",""transitions"":[{""satisfied"":[false],""step"":0}]}","{""bytes"":126206679,""path"":""<writer-stability-study>/rollouts/e1/M300/trajectories/libero_90_task_33_state_002.pt"",""replans"":80}",,M300,train,73,False,2
libero_90,33,meta_validation_oracle,close the microwave,3,7,7,"[6525418730299138055,6668636237979849891,4573744063774732144,4808198391303305998,6486950752394761378,5015113754978937123,7002444277182045783,695616441436247886,3701257046583009159,6768562471635672936,1233843234567113855,4768373460792911738,8115200798239409510,8789111548611979563,2095461497995812079,1933064377343925293,7519326647336745287,5053858862629344994,2726623660006655302,6255840440100524569,8897256799333991986,494397679885595185,4904959517456146718,5134656829094201511,3049558138709860884,1547008111495100315,1524308632495544213,2955835953229134818,5541526999237386056,6550790406592621521,3955844508376484764,8895865821144766302,6156919587368227886,1773540437484742183,3878609237890699857,8883008358672524867,5757256378957462077,1117402044134833966,4012664772696089648,8808424036030804142]",True,196,33.62610854860395,38.768956798128784,"{""ever_satisfied"":[true],""final_satisfied"":[true],""peak_satisfied_count"":1,""predicates"":[[""close"",""microwave_1""]],""schema_version"":""ember_pi05_stage_predicate_episode_v1"",""transitions"":[{""satisfied"":[false],""step"":0},{""satisfied"":[true],""step"":196}]}","{""bytes"":63103879,""path"":""<writer-stability-study>/rollouts/e1/M300/trajectories/libero_90_task_33_state_003.pt"",""replans"":40}",,M300,train,73,False,3
libero_spatial,3,validation,pick up the black bowl on the cookie box and place it on the plate,0,7,7,"[336169725590312743,567642240813974001,8354292684063646108,5334794776498519797,2040010150640505745,2343701475842438382,5412470899770061167,820364343317419064,5457482945389825552,2504491285362484018,7422502578034213173,5056665176767612485,2003354737360645143,8279383433696764486,4208196502484156673,8983410438659563528,2296803609333534892,2041091650467651175,7305716513144627935,7294937211943360544,8345237991230332652,7378017725889838708,8716448154690811246,5248443494691871216,7529697755391121787,1862166540365282398,2609489418213649695,5978486964181319654,6108847747429346475,10896211519042734,632168830307983749,4412507377118305204,6899210162312910412,8892264593979939178,6711167163185464394,1060942332519197531,7683232954977206474,6481572829038608126,4882806255361637472,6273919674139184962,3807167094997445951,7062685955978024623,4512137335689055618,1809768366406659912]",False,220,45.98218659916893,47.22021116595715,"{""ever_satisfied"":[false],""final_satisfied"":[false],""peak_satisfied_count"":0,""predicates"":[[""on"",""akita_black_bowl_1"",""plate_1""]],""schema_version"":""ember_pi05_stage_predicate_episode_v1"",""transitions"":[{""satisfied"":[false],""step"":0}]}","{""bytes"":69415257,""path"":""<writer-stability-study>/rollouts/e1/S1000/trajectories/libero_spatial_task_03_state_000.pt"",""replans"":44}",,S1000,common_held,3,False,0
libero_spatial,3,validation,pick up the black bowl on the cookie box and place it on the plate,1,7,7,"[3071172578146223952,2080936696745084643,5469435010854225470,2153244960118961693,6816072406336098585,1734556419457555794,7851340247296578549,4816167663840372196,4754548742721011271,9211355379407494252,137860901857221128,9090171750181843907,8119349483388016788,4891543561003366242,4473642343538525021,8364298704962546982,1629217563418473229,3290217260496827766,7629897306060874214,4742490323170293522,6404441703517424389,2964772810324140608,8627077584774895936,7067740256789030010,6096419447607542293,2421140236193322289,2141270493379617205,1010245111888233794,1882603917034485663,6807540081070718306,7958976321620515269,1353257216537134775,354288215576696133,7398095969472644875,5516130732246258088,3260659763272367547,9016830905651363263,9040689358250327078,3852222077895087847,733719658047369777,2215874165970119567,1228841508309924712,7446902625025060330,1614446166569296241]",False,220,46.03147814888507,48.385198305826634,"{""ever_satisfied"":[false],""final_satisfied"":[false],""peak_satisfied_count"":0,""predicates"":[[""on"",""akita_black_bowl_1"",""plate_1""]],""schema_version"":""ember_pi05_stage_predicate_episode_v1"",""transitions"":[{""satisfied"":[false],""step"":0}]}","{""bytes"":69415257,""path"":""<writer-stability-study>/rollouts/e1/S1000/trajectories/libero_spatial_task_03_state_001.pt"",""replans"":44}",,S1000,common_held,3,False,1
libero_spatial,3,validation,pick up the black bowl on the cookie box and place it on the plate,2,7,7,"[6298054988284327818,6912635386658077700,383976089418881795,2587202063313400801,7021786076458083965,593234421942514120,8669872273799573751,5991206727220654679,3270751023889855435,8139016423407761104,4028834637132934680,4043526413053354951,8641375561554741217,7084097018260223068,3748824873657071406,2524451583669730806,2801126175072182625,5243106494803483929,1850557323821615607,3769967364146662180,5559034931446361638,7379059557454514174,5208848188514599125,4517426482748366558,6642745596815519244,1543581277050354868,64201453868939890,5917772037212507502,4618418428943697941,1857939053038166148,986682144285924132,6456913035056418687,1675717581923092506,6827958072632819708,4196703704979411765,2081608758167524278,6929372642416587591,4083624104459398486,8090975857695981703,840550814909965803,1518264375091780417,7964665337691382192,5764343078512216185,6569895843324408687]",False,220,45.55131721077487,49.047206348739564,"{""ever_satisfied"":[false],""final_satisfied"":[false],""peak_satisfied_count"":0,""predicates"":[[""on"",""akita_black_bowl_1"",""plate_1""]],""schema_version"":""ember_pi05_stage_predicate_episode_v1"",""transitions"":[{""satisfied"":[false],""step"":0}]}","{""bytes"":69415257,""path"":""<writer-stability-study>/rollouts/e1/S1000/trajectories/libero_spatial_task_03_state_002.pt"",""replans"":44}",,S1000,common_held,3,False,2
libero_spatial,3,validation,pick up the black bowl on the cookie box and place it on the plate,3,7,7,"[5844883203585125168,5025841759868289392,3144194430178048546,4801875581304945847,468081466817769956,4734881704432230013,959494122824425653,1945541120257169749,6506988136844350673,1323002413188064283,1282348786779226374,6571566919880846274,5302843147758881824,8099844664203210874,4162119894034043737,5099925154081425737,6833960761683269512,7413558454919553786,3214155400790689838,8476036750337665618,5683741918122184492,3146513501583868712,5134754843935734534,7295903721501276154,6966475529449043799,964144398375903039,5537281316329676556,2570112512858642678,8253316964221879720,2000320299649689463,7363408069598897341,7244719144436028534,1277706102151985398,2882953250328450485,6809773225674697798,4961094627183306235,3601228802350205382,4033712914798725752,3897374095001332926,6898814568060512473,8284858137158279658,330857029533074500,6288659453853307531,4954602287269604115]",False,220,45.2852924708277,49.92288688570261,"{""ever_satisfied"":[false],""final_satisfied"":[false],""peak_satisfied_count"":0,""predicates"":[[""on"",""akita_black_bowl_1"",""plate_1""]],""schema_version"":""ember_pi05_stage_predicate_episode_v1"",""transitions"":[{""satisfied"":[false],""step"":0}]}","{""bytes"":69415257,""path"":""<writer-stability-study>/rollouts/e1/S1000/trajectories/libero_spatial_task_03_state_003.pt"",""replans"":44}",,S1000,common_held,3,False,3
libero_object,1,validation,pick up the cream cheese and place it in the basket,0,7,7,"[1764210406108741574,3836588974318758825,7971256763961264857,8172640194079971334,5109217772215900344,8127657125412314075,41127862791718870,2618195653838822282,3945879615897659047,4807547919112120522,1806370725723135070,4513106148028486545,6319195100526623892,5370509103018043559,6498526979093454720,902687379068510851,2376500793543191942,8621046406545839782,2246205218069956362,7429359954569227064,7884868446968348240,2227676743794273877,5070154547901706858,3669414435821318416,8848835830760864689,7729708896664410211,4633559183066694126,5327164714405199684,6226991016291009180,2221326210433340297,8768033716272618626,6311534387210060068,9171459359667105102,5965569251769123100,2718805684633866035,1662410874903997488,2840173522319229163,8834241311588677320,709069421190859722,8185886960346710137,2565064801153509063,2146060320521951229,3378153110170898822,7385328994146981193,8294308961245227333,7748112701127134785,1222607689681150287,7810936987716744765,6223054982931328978,2849878694155472255,5689168034346384828,6021205596517041981,4246825136001754053,6289302386715038045,150229824189971838,6768940658213660908]",False,280,47.62311758892611,48.6143594509922,"{""ever_satisfied"":[false],""final_satisfied"":[false],""peak_satisfied_count"":0,""predicates"":[[""in"",""cream_cheese_1"",""basket_1_contain_region""]],""schema_version"":""ember_pi05_stage_predicate_episode_v1"",""transitions"":[{""satisfied"":[false],""step"":0}]}","{""bytes"":88346143,""path"":""<writer-stability-study>/rollouts/e1/S1000/trajectories/libero_object_task_01_state_000.pt"",""replans"":56}",,S1000,common_held,11,False,0
libero_object,1,validation,pick up the cream cheese and place it in the basket,1,7,7,"[7420547635691626371,501823346460184892,2808280276510186011,9125043344243611695,403813749669296451,1407366998281182077,2209299523064019634,1728017030491187931,2513642288712647512,1447387066432853060,4693224407500016404,1737625573879917920,6067103784603218004,4875182151779258051,546466106271624807,9047002785452638602,7742191438442415817,8024174060520581936,5799993939873865180,1334774698373763792,3129131042550033500,2753095723835555029,3433300564092773732,2301348941678342198,7241566034470681974,1595137328551950185,1223846610154684646,4228575145339593338,8558693830307251586,5060217729706729485,161047149258878698,2874843034271566865,3850461532179320374,483846141656559909,5334406913610702002,1768945815088919566,284012393076012105,2773929893499215681,1082557467933144293,8709156691477174840,2912888861160929594,4522628410835879771,401655199804936023,8103297065153877132,4118061439267329582,8826129452668332172,2263494092296218903,7101472703197888275,5983077629402424921,4703649913563333398,7719468365852383782,3990854988996443549,5937330318804893810,1575524277352256469,6900815957943964894,4705494789899483143]",False,280,47.45997365517542,49.46632353309542,"{""ever_satisfied"":[false],""final_satisfied"":[false],""peak_satisfied_count"":0,""predicates"":[[""in"",""cream_cheese_1"",""basket_1_contain_region""]],""schema_version"":""ember_pi05_stage_predicate_episode_v1"",""transitions"":[{""satisfied"":[false],""step"":0}]}","{""bytes"":88346143,""path"":""<writer-stability-study>/rollouts/e1/S1000/trajectories/libero_object_task_01_state_001.pt"",""replans"":56}",,S1000,common_held,11,False,1
libero_object,1,validation,pick up the cream cheese and place it in the basket,2,7,7,"[3515262128279278940,1224036772478655973,478293637689251682,3540847092953613223,4328413232641629785,6811305769457963913,7493268904500544434,8083105539726185730,8414072237268020580,1893592179093710111,2488153855796920192,1554986030321788607,4047939611339120474,4102179388848657701,1147138887996013605,3863494293313979635,6193003831111729703,1626172842785393201,2904614765474486566,3655373432879583266,6106723134634969432,1530641680022518864,5299007373251733956,1776309024967508017,5554150453191670933,3588510541056688845,666834990498619419,3102760675369552907,6023898576793354574,402930942210347881,2078320372986288529,7720159784174774081,7100389472550084792,8511427036292799244,6904098702670149683,784877683367073628,3651991877207798567,861886419337511138,6976178139089140318,5198337878486248212,5447440234268139515,1899657955444717978,781217027658603365,8223559301120999410,6478127570832816443,4533856968322227481,6018323511634894945,2673221832395028001,684467356717112598,8370750652466221877,18894299511407436,8099331774724735193,1075555058815775406,4672050693590022892,436269775306719565,2998048690931104554]",False,280,47.3764974931255,50.36269884323701,"{""ever_satisfied"":[false],""final_satisfied"":[false],""peak_satisfied_count"":0,""predicates"":[[""in"",""cream_cheese_1"",""basket_1_contain_region""]],""schema_version"":""ember_pi05_stage_predicate_episode_v1"",""transitions"":[{""satisfied"":[false],""step"":0}]}","{""bytes"":88346143,""path"":""<writer-stability-study>/rollouts/e1/S1000/trajectories/libero_object_task_01_state_002.pt"",""replans"":56}",,S1000,common_held,11,False,2
libero_object,1,validation,pick up the cream cheese and place it in the basket,3,7,7,"[813647924528887858,5351092081399935768,7442759767410944757,7892859586617915780,5301498965079906004,289562166806627740,613859540680986132,5058023941821712151,2146080548017320215,4214456032801721274,170807808573357750,1310651860523142851,3541140102953400097,6731585121498890393,2349060069222585986,5878971007946073140,3254469291135872673,6844594369008655041,7399228462889035073,4950579294597892399,5327087292628972889,3432113250942763909,2244704256273282836,2977310641305390391,5486701027510805187,9080072422516330697,9010255843364689905,9094282427908602016,3040196401496323761,2914903743848287574,4216607353318354285,8752479496199375907,439590028622730014,8042640562501822963,1206494484351897181,8397662981157613496,4423894783334285960,1375732516142031752,362421123748008794,4644539551555868062,3069453253235115931,2149362286376989492,5752271548076962200,866189071930239808,141422768952339017,7437833568631256306,5409186151630058223,3269193720011234615,2096113505188499440,1685741006738991872,7891808807843546148,5667953148611985206,1637925908629153367,4204457831491911792,5547958918897539248,2220287296440618759]",False,280,47.23081713588908,51.187748150900006,"{""ever_satisfied"":[false],""final_satisfied"":[false],""peak_satisfied_count"":0,""predicates"":[[""in"",""cream_cheese_1"",""basket_1_contain_region""]],""schema_version"":""ember_pi05_stage_predicate_episode_v1"",""transitions"":[{""satisfied"":[false],""step"":0}]}","{""bytes"":88346143,""path"":""<writer-stability-study>/rollouts/e1/S1000/trajectories/libero_object_task_01_state_003.pt"",""replans"":56}",,S1000,common_held,11,False,3
libero_goal,3,validation,open the top drawer and put the bowl inside,0,7,7,"[937839512312767824,4425858584106371442,6915917327766178298,4221423508686152199,3941615210140189942,3061062777614262148,9006389347840838038,2714739585893921145,4842815510074203473,4176247365749439794,9055016387064939296,6894264475206989069,4769433583706684081,6538724259617072713,2694945300226562235,5672636660806689923,1162397645855720894,2512104657228609621,4908619852555458086,4891195624735059747,3439016452326339617,145136483130657948,696498549386812565,2992054586286465856,3926950764540793138,6507613130119470566,4080680387252510580,6715602020508326751,7642159240538864546,2069708313452146818,188106194283429132,79620779218141805,8773913044132373383,4191565715618410953,8743402847540423751,5590073037340929701,7241093063639031331,5018097501510259896,325742820322205827,6790062175884206903,2835421247772191586,8101575360401988141,5181871320322691538,8606750524966542306,3331683226074686545,5172080302879563560,2825910257597671870,3780878403490109137,8179159796621748406,5745966183204672563,3735878833795123278,1646812211375849777,3720899738953625933,1974282862992389720,8969384801637140932,5027800807028014172,1765993208659774829,6213274053297936353,5493561834532839429,254459356985422351]",False,300,50.780982467811555,51.68460615677759,"{""ever_satisfied"":[false],""final_satisfied"":[false],""peak_satisfied_count"":0,""predicates"":[[""in"",""akita_black_bowl_1"",""wooden_cabinet_1_top_region""]],""schema_version"":""ember_pi05_stage_predicate_episode_v1"",""transitions"":[{""satisfied"":[false],""step"":0}]}","{""bytes"":94655859,""path"":""<writer-stability-study>/rollouts/e1/S1000/trajectories/libero_goal_task_03_state_000.pt"",""replans"":60}",,S1000,common_held,23,False,0
libero_goal,3,validation,open the top drawer and put the bowl inside,1,7,7,"[3197873696265518430,130333309193225715,6005625632286712244,6891299773450141553,6316928474543642721,5782284817944748443,213403443156412135,8338126146057510912,8375039331177840430,5827566456674324647,3313818679469215879,1142143462369407560,6857946106089777856,2208331655601664324,6082415799267276139,6483019239393974105,1605018948802503533,3968192620193769583,862384892645987447,8742088714719043014,4093144800324367496,3618106106009942716,7222849419045868975,5480139628080962798,8959878553153613783,5141614978164902045,4058195969577011985,5969135446805434144,5972420222077590396,2477065601344244086,5214798992736474054,524972909364957767,6427034895024028522,4321813080947567738,233872811589524403,7962977660191025978,4154326755793972085,5024963065885040905,7583862141991692337,9148484250809282782,4716098172630043820,5342661847094755523,4186729145604779780,8840721256628781736,3957995690749672627,6833841353575794482,150833597163379549,6124511566606868997,8845799573673075170,9049197323682587092,6513134499526687462,2125577121787463032,7513831563121663967,2861950398204209577,5611576820951415884,4836419612523764618,5739862684315359388,2977527315973693273,1363998237546904426,1401717210297836187]",False,300,50.64145263284445,52.50116395903751,"{""ever_satisfied"":[false],""final_satisfied"":[false],""peak_satisfied_count"":0,""predicates"":[[""in"",""akita_black_bowl_1"",""wooden_cabinet_1_top_region""]],""schema_version"":""ember_pi05_stage_predicate_episode_v1"",""transitions"":[{""satisfied"":[false],""step"":0}]}","{""bytes"":94655859,""path"":""<writer-stability-study>/rollouts/e1/S1000/trajectories/libero_goal_task_03_state_001.pt"",""replans"":60}",,S1000,common_held,23,False,1
libero_goal,3,validation,open the top drawer and put the bowl inside,2,7,7,"[3363774331609722801,8253139786491869145,3368484581779491068,8612553514953788360,3894722027564677755,3190718955795415061,2991001216876957682,4192866419922675043,7962505677837112162,7175292029828948796,8491844790255791194,2949627948138133515,5303681245701539414,1155308745191539428,3201939631673426968,5423005270567758498,5285445754580891409,7709290896448816018,9025992740721019095,813219503261836198,333203038065802703,8058843207809665647,6074883454733816144,5645437636263239750,9060421471848062189,5669846821017744901,6911793417026473238,5520882744081832304,4033144688954774214,5722037728728612790,2258528094321100364,7429017648047017388,8453459773754163998,4871519550703567454,2264643863165043998,2455452153663381546,6284431648876090956,4535463135879563938,932093542133184791,4405333388842052032,2816939819880932175,3202764591171351637,8591157489679192782,6810549642148393422,6468647027984217986,7615278400728506221,722232015550427053,4231930097150224521,3543644253855839993,2650712286741199338,9090282210250879073,5398288240747412984,4622181731124500261,2599787332372022932,4523262445791830097,1463404168515523360,4026427953280765004,6398037120012625110,6793133580386116235,8721186165790402125]",False,300,51.15866714110598,53.828944210894406,"{""ever_satisfied"":[false],""final_satisfied"":[false],""peak_satisfied_count"":0,""predicates"":[[""in"",""akita_black_bowl_1"",""wooden_cabinet_1_top_region""]],""schema_version"":""ember_pi05_stage_predicate_episode_v1"",""transitions"":[{""satisfied"":[false],""step"":0}]}","{""bytes"":94655859,""path"":""<writer-stability-study>/rollouts/e1/S1000/trajectories/libero_goal_task_03_state_002.pt"",""replans"":60}",,S1000,common_held,23,False,2
libero_goal,3,validation,open the top drawer and put the bowl inside,3,7,7,"[4388075535769291481,7803974502177521433,6960389453217531655,7974642187157948843,3283411496312947155,6586695009686616682,4123511674578132013,2196090530291492571,5566191824671470888,4353859427581601500,5796681560742684302,6195846096695566881,2187283033540328667,4805254431331006621,142134161418933864,7898046023979624391,3782121838725784549,3408150707208910651,6955345868561507805,3893497817959283455,7234331721950092451,947681231221082161,2875109334861388196,7976786638142465502,9135828852289962822,6093804056508095392,6608697049945295507,1467126958596194336,3694056898204706913,8513056181514551312,1484077915258504172,5080504256526142696,1035017065713738216,126112981875404032,7669289150036426323,2781740029914150778,5217006033383872045,9039685037125475200,6462999356240774393,6303653117531490239,4664597548959043468,116268932372432574,3169760494611545751,8239059889225203099,8247325195672136574,4981014773857893995,4860918051383045893,1483946875227898703,8649023170131301614,926430796329172283,3390234762027084084,6618699300412413304,2443921480737786859,7372711429289394654,8135821559749606,8229702128023642617,2068159460376777096,8338683901371832641,2195354921544225521,3393921724572223494]",False,300,51.145128447096795,54.717252855189145,"{""ever_satisfied"":[false],""final_satisfied"":[false],""peak_satisfied_count"":0,""predicates"":[[""in"",""akita_black_bowl_1"",""wooden_cabinet_1_top_region""]],""schema_version"":""ember_pi05_stage_predicate_episode_v1"",""transitions"":[{""satisfied"":[false],""step"":0}]}","{""bytes"":94655859,""path"":""<writer-stability-study>/rollouts/e1/S1000/trajectories/libero_goal_task_03_state_003.pt"",""replans"":60}",,S1000,common_held,23,False,3
libero_goal,6,validation,put the cream cheese in the bowl,0,7,7,"[1219103976213717812,5315326635778241048,6581066537600475800,5384416861622508714,743854383548529066,1105212997721360534,176878808967372638,6226355913612208093,3312999424712431441,8774203458501478435,3366685016606281334,3725356210471090660,8141180129757787358,8376806228341239167,5907852681209368379,5549727159950824425,8863063940509649049,8428194982790091570,8034113827903296093,5328837585514550928,2970245814032160199,4658656006426843082]",True,109,21.04469356033951,21.94523768313229,"{""ever_satisfied"":[true],""final_satisfied"":[true],""peak_satisfied_count"":1,""predicates"":[[""on"",""cream_cheese_1"",""akita_black_bowl_1""]],""schema_version"":""ember_pi05_stage_predicate_episode_v1"",""transitions"":[{""satisfied"":[false],""step"":0},{""satisfied"":[true],""step"":109}]}","{""bytes"":34707803,""path"":""<writer-stability-study>/rollouts/e1/S1000/trajectories/libero_goal_task_06_state_000.pt"",""replans"":22}",,S1000,common_held,26,False,0
libero_goal,6,validation,put the cream cheese in the bowl,1,7,7,"[172711500567230450,7421732192852202220,5696561469870624486,1959095774179179170,7096899449743204803,6574102587345016126,61461671323595603,1124833847544659051,8371862612761519600,317790859405359394,2368768065563260770,484822171613426146,4530602358412543701,7019089587053173144,6324709606709671691,7558199183049434637,6214980544420630992,6052297001701878808,9129516409868353403,1439083426395263484,4692748106633523466,3720012224695422941,4823991602567067248,3195409965533030582,8567773169050897123]",True,124,22.46575600421056,24.302259826101363,"{""ever_satisfied"":[true],""final_satisfied"":[true],""peak_satisfied_count"":1,""predicates"":[[""on"",""cream_cheese_1"",""akita_black_bowl_1""]],""schema_version"":""ember_pi05_stage_predicate_episode_v1"",""transitions"":[{""satisfied"":[false],""step"":0},{""satisfied"":[true],""step"":124}]}","{""bytes"":39440583,""path"":""<writer-stability-study>/rollouts/e1/S1000/trajectories/libero_goal_task_06_state_001.pt"",""replans"":25}",,S1000,common_held,26,False,1
libero_goal,6,validation,put the cream cheese in the bowl,2,7,7,"[8869015256941978067,4364676101678728631,5793129651229169082,6966585936914818765,3014400220243696677,7835934952702427717,112500066649987043,946246571510749967,9209627272744437452,1782459505040012360,8661789802014128130,6375355591816836646,8480037578167967748,9109856301066563872,5649965148495419357,1361523480028289456,5544897762248452733,7926908190596035863,2691269795480030267,3762153279186053744,3178207901713675661,9171734940684465754,1695671473476184408,6356344004615811929,7118034583099389598,7215635194299035977,5654171316370986911,7213012526277191829]",True,136,23.481167152989656,26.154323955997825,"{""ever_satisfied"":[true],""final_satisfied"":[true],""peak_satisfied_count"":1,""predicates"":[[""on"",""cream_cheese_1"",""akita_black_bowl_1""]],""schema_version"":""ember_pi05_stage_predicate_episode_v1"",""transitions"":[{""satisfied"":[false],""step"":0},{""satisfied"":[true],""step"":136}]}","{""bytes"":44173299,""path"":""<writer-stability-study>/rollouts/e1/S1000/trajectories/libero_goal_task_06_state_002.pt"",""replans"":28}",,S1000,common_held,26,False,2
libero_goal,6,validation,put the cream cheese in the bowl,3,7,7,"[3467587809100205298,2928896816047292381,1435237479997991110,8733937688212635507,403890202367671631,5767672073548237334,2482907197191448394,6218636126290372373,5552533092183756129,5031099651492635924,2718241891028489771,343959079166825932,386421086928096082,3882073155129270948,1668398944862961140,5239989079759808327,5646748796877955327,1477718980308966035,5265336241054362918,8749581263222743127,9052339243429153271,3926501468603230102,7473382626731907681,4486874778683316752,7662938739695486386,5000179869432238291,966527783886757298,7989705329926705204,587565409396547346,5295751338915797160,1256533846052114757,3384725407011763423,6940607343343011241,7740710497383995110,2668671175145429791,7993697925097045450,850401658161044326,6869915331687524382,6919030193486195438,5448970609004977590,3441273351935340532,2286729544287758085,4800804553703376322,9139038295143609396,871782309116195098,7996816724079554961,6182549143112271772,3421453427652613033,5751104585405163531,4568264740919722922,2058592092722062969,7820830583270201786,7858974259379732632,4623189505545365735,6962827730735640654,7412294826287664500,2996762222037406433,8358926009070133890,7410589979562170373,4384349029269244587]",False,300,34.93341558706015,38.49233100702986,"{""ever_satisfied"":[false],""final_satisfied"":[false],""peak_satisfied_count"":0,""predicates"":[[""on"",""cream_cheese_1"",""akita_black_bowl_1""]],""schema_version"":""ember_pi05_stage_predicate_episode_v1"",""transitions"":[{""satisfied"":[false],""step"":0}]}","{""bytes"":94655859,""path"":""<writer-stability-study>/rollouts/e1/S1000/trajectories/libero_goal_task_06_state_003.pt"",""replans"":60}",,S1000,common_held,26,False,3
libero_10,1,validation,put both the cream cheese box and the butter in the basket,0,7,7,"[6121435815512619047,9198136133492397877,8765829600456851509,7041222535750260529,7347630065393026896,2580028621035660761,3998888066084241576,321347343332153252,2645310409860292964,3600052332270670330,8912581740772062518,8468295567590886472,5377788564366722152,5777214288152487855,7829817036294500816,8501742281172678354,5683675586975837944,4715151168542892800,5754295708092879345,671570477553091847,1663316238895543887,4552132804583041443,7506665256121924950,7469169733610095278,2123252778679775852,7401056047726770785,599502111117659115,8669282422218258812,3039940301539086274,7077430281456258073,1332002337416064432,3776562060549698611,3734450047364869830,1418951287358372467,8430334862880071574,340709621708443088,8051791603525114798,910749159723223469,6693791023665261543,5223202734525571362,4652390051136401038,607182125464282334,1724504025363396364,6145216743698259877,6632217765290579420,4546308699174973541,7165572750831335712,7654472516627064315,2092297510147772997,8147809362110549796,5745948255303080899,119950738572812056,4183610026216326889,3530665420526958322,7801627131782584598,8754496288577792990,132473802744525674,6344980773868147280,3952500975645363572,2027245428225958282,1927650453537806106,2512740521107070441,7097193748883680474,2844610087226438012,1083234892691100915,4816330745350218912,8754511766378795554,8760143091839303845,6043024483741875775,723549488408053868,1739052091091687837,274582238362952230,7699824063495730110,3680130800998278920,5472477216559289622,8761677970238075190,2338560315897265059,5831578476898846233,7225880811879126120,5064847793878784504,658537246877017695,4586917552463769620,3632738467167313013,7870932457957464584,4527422042444280243,1852108086206093724,6057949535779431517,6227560449794431465,7285493774943545873,7054154813456385577,4295196837108274568,5240610798287010798,2157760216569249944,2633060516740762793,1466763418403027569,3161472324133342308,5635949790144035765,4195926355510275263,81430477046028914,2291027380881125740,7677578478740192043,7652291943122972400,2266180884713378092,2785548656426545540]",False,520,90.66061192983761,91.97651086514816,"{""ever_satisfied"":[true,false],""final_satisfied"":[false,false],""peak_satisfied_count"":1,""predicates"":[[""in"",""cream_cheese_1"",""basket_1_contain_region""],[""in"",""butter_1"",""basket_1_contain_region""]],""schema_version"":""ember_pi05_stage_predicate_episode_v1"",""transitions"":[{""satisfied"":[false,false],""step"":0},{""satisfied"":[true,false],""step"":180},{""satisfied"":[false,false],""step"":482}]}","{""bytes"":164068359,""path"":""<writer-stability-study>/rollouts/e1/S1000/trajectories/libero_10_task_01_state_000.pt"",""replans"":104}",,S1000,common_held,31,False,0
libero_10,1,validation,put both the cream cheese box and the butter in the basket,1,7,7,"[66136584690404204,1183032435003356527,5732753762199970214,1720401479735964275,8096762105900571098,8110576256183317159,627749624633121593,4012944101114361812,7407613280741089515,6091555666974215354,7524113543090785836,2201015540824072742,6357554316873592422,2717064589331837526,8496146421739605321,7573165117756759864,941549900583962793,7508390252310786350,7745158682443670941,7173161088192079640,3896233785756745114,3407976707630940001,4977209342674064701,945854016950933945,2008095024826789324,3987553784325697467,9005051846598122963,4606742795821848611,3202805068549740242,289672210827973828,6234883741079832276,6651120344891319205,6376198737414162662,3788538586357697715,6627573242969805642,6011370663154629921,6569265293773614629,6680209266572780216,3232066089475971860,6771811244672059546,761567453574804361,6966141247532206178,6449643587293589819,4387820435446264726,684332003558619770,4575569270478339413,2666853741826764633,4703770427707681393,601279261956225568,1101740312046038420,4314419429301251926,2657497065404313858,5278913904028470724,4306935866612974264,2218513710484379354,4207194653134620012,8996260354374236651,4644658216506732888,5243065945968330211,7523489891868398484,5169568617123789546,3630025926784487471,5496991495622604049,5224977565955097250,8575440722706876087,6065271283182776493,7455410854511542949,3955212961680531500,2397703139404870646,1809302034679374089,6728056723628172727,6022841150300502468,1896898812840991070,581367364058053055,7967900338711895317,2616742539295295994,3339013224847436685,6374099022802143919,3547986363308797896,1302028264266321532,3885703969976212923,3038899933274363653,1274659608056753953,3748359631552459872,298238713708077828,8482520648214759910,5621429188574826372,9074496542410788862,2898528530075564283,2221733884019621417,7954420676736849314,5333349697421330952,5044587469203617679,4430680007953928301,7838603121245597187,1070894194001537948,6666623392488808652,9153447530331586500,2613756989219705015,8475601465665200090,7607150221073728196,8060180283112098204,6920323714341908049,6614585496822096865]",False,520,90.87236242508516,93.4738866891712,"{""ever_satisfied"":[false,false],""final_satisfied"":[false,false],""peak_satisfied_count"":0,""predicates"":[[""in"",""cream_cheese_1"",""basket_1_contain_region""],[""in"",""butter_1"",""basket_1_contain_region""]],""schema_version"":""ember_pi05_stage_predicate_episode_v1"",""transitions"":[{""satisfied"":[false,false],""step"":0}]}","{""bytes"":164068359,""path"":""<writer-stability-study>/rollouts/e1/S1000/trajectories/libero_10_task_01_state_001.pt"",""replans"":104}",,S1000,common_held,31,False,1
libero_10,1,validation,put both the cream cheese box and the butter in the basket,2,7,7,"[237537544366603088,4377711933226485083,4788660007159805263,17393041038539281,6663540231053520189,5640786627733641716,6657465019700196683,557610952177037896,6990620465574385082,5083340144013246260,5431125978830615161,6771063504230683973,9171636196861380520,6092847668129716701,2633517551440705676,7678200001578988402,1207862821945206703,6905423834438823346,8451344072386187812,7954488185244623399,7419659545470780857,4033453314564488254,8262692835669004409,4338044275411720028,5749216235295601894,2144243427268010703,2726195583078283313,6536632245765142500,6030034414389871759,7208895055044926003,2217444040212311824,8504274990113212780,6821015111846485544,6151758962031277411,5539655904396036590,1734411083081132399,1944860338937866814,3723878479175287422,2121489029533903927,4724699252759105581,8210828354769804888,8219379349200928774,8943552267309242913,5001365223098226299,8574791211410507597,1198132679271159053,696783229804103743,2469720650938780408,7863796595324854571,40578665032007877,207906401635952564,7442488373002408494,7145202880192885009,6187894358791876805,6268169459498638206,1243927226115219108,2995758008844218891,6009473991422210924,5012125767614478739,2626403740146658947,2520420618293281790,2722476508276810225,6840912642664133171,83875925733558605,7089712986038390783,8603608808279576523,5700704723648848733,7853938343515516028,7607005850956452125,6787314053515032945,524117091167867868,7468508234243980107,8997725298965051947,5530287410135940858,395342534446465335,9197979703121896904,6839877507678758060,4193645749647424219,1432438538352840906,6572792808584455210,8997749385902775353,6106476188912778535,3202501799050848954,5543052816613552351,7812759279058855258,3455343860059300031,5191939225307625937,3314743897481995836,8671963553220609745,4068493854088256022,6045642874181940811,2542234573193339791,7145175376455663805,7636246394926315465,2947224322543040359,3825001018252672089,1537923074713159130,3521113722070615648,2789342468843698042,6358115943118138748,589779690775283711,2891160029758315162,3809874528271221723,4056298425238616656]",False,520,90.77572140144184,94.69920814037323,"{""ever_satisfied"":[true,false],""final_satisfied"":[true,false],""peak_satisfied_count"":1,""predicates"":[[""in"",""cream_cheese_1"",""basket_1_contain_region""],[""in"",""butter_1"",""basket_1_contain_region""]],""schema_version"":""ember_pi05_stage_predicate_episode_v1"",""transitions"":[{""satisfied"":[false,false],""step"":0},{""satisfied"":[true,false],""step"":272}]}","{""bytes"":164068359,""path"":""<writer-stability-study>/rollouts/e1/S1000/trajectories/libero_10_task_01_state_002.pt"",""replans"":104}",,S1000,common_held,31,False,2
libero_10,1,validation,put both the cream cheese box and the butter in the basket,3,7,7,"[1172433371271890943,1977564003530107199,8115592664614019157,6159323659024996084,2519690596343933893,3091526433145304265,4983200605690899963,8777235373924435877,24668664935122978,4738901875664707595,9146685982721738885,8764811733564714342,6635306866755069675,5286559259175742777,5561457748788341118,8896975671599236419,2575262689060700357,6429110907832080416,4108929753508194225,1278920952570853036,1936917704056445379,2542411021763533232,8853479110757827692,869142526677507796,4060095511433873165,6042885968174723371,4337192355065126869,6967237333313553850,9162203836822167091,1868390445493595235,468709751550360953,5295565572124894114,7834904024165627271,7270315595052438460,3386901692833337559,3416748962656713806,1719984605159610797,2396878498197051677,6830277733851247257,7942976674111433413,1536695889054105869,5082661196935383747,1144820361304319481,4542936399383682853,5541067093559189534,529690065245781455,5029462307555248978,2137477655576930501,5321188535125895451,2070104391903597384,834847158006402801,7253483230452966487,1052936468480163351,8552025359293890063,7580603615504933225,1569145745296256517,6137949514422224468,7562660764472843969,409141062691524893,3383973460302621511,4630998784918542100,3899346986818037287,3175265089064140439,4924449011951044938,4156303845325359211,7694900448521195924,1400762935104569802,6960604059106592194,452563245186382647,7754987409397160068,1680669419616164166,849553679760382897,383189082628014288,5862143357937734684,7568163160770022781,7599529908373285936,3041142869534331622,105126237026140907,6214206691709410873,5836993509239406059,2165691052611190382,5704704268049717633,9002768234225885334,4249241578151460139,2109850119882463633,5014070768486082812,2395669259448408164,5205698568647499533,8206439807761392850,2138773401876216925,3245202509019310374,2041230882120757968,6213452421643305544,1149559515864541208,3138556340763352961,7153861174883512995,6711370508369598272,6512528167997487817,4138676164903788156,6941894878824137839,7310574618247592754,4136379133205037650,4348489292662483355,9204963173706685255]",False,520,90.77997880708426,96.01844045612961,"{""ever_satisfied"":[true,false],""final_satisfied"":[true,false],""peak_satisfied_count"":1,""predicates"":[[""in"",""cream_cheese_1"",""basket_1_contain_region""],[""in"",""butter_1"",""basket_1_contain_region""]],""schema_version"":""ember_pi05_stage_predicate_episode_v1"",""transitions"":[{""satisfied"":[false,false],""step"":0},{""satisfied"":[true,false],""step"":443}]}","{""bytes"":164068359,""path"":""<writer-stability-study>/rollouts/e1/S1000/trajectories/libero_10_task_01_state_003.pt"",""replans"":104}",,S1000,common_held,31,False,3
libero_spatial,5,train,pick up the black bowl on the ramekin and place it on the plate,0,7,7,"[2332885929743906144,78210733290086199,3376592463069148898,7762815535033294232,625510416208986258,3274933733165795718,7831323212908477482,5876748357668257882,1219742529252700978,3198280787423874558,6249066565456398768,1170866556549183009,7172139499213454659,8781504831879024928,8202668504019271104,4242518137201564467,6074743199953778731,3572416567353859243,3948101554073552467,2456074848484716406,2515480201758908000,6752103479293961129,7215025446226185204,419867315998950590,529320435660180835,7318853563378627806,5517754333899680037,6263360992849926639,1720047318602775534,7777319485478269766,6557906389465072226,3711320029471490300,4250064725652837133,2969554618847881582,4307727544405268719,1372467830875306444,8510528787558831859,2838534541106559188,1685529326513934597,2183662958967784552,7146994113559057928,62888092219564004,9166618968524224175,6180584448943975133]",False,220,46.30037486599758,47.44063167227432,"{""ever_satisfied"":[false],""final_satisfied"":[false],""peak_satisfied_count"":0,""predicates"":[[""on"",""akita_black_bowl_1"",""plate_1""]],""schema_version"":""ember_pi05_stage_predicate_episode_v1"",""transitions"":[{""satisfied"":[false],""step"":0}]}","{""bytes"":69415257,""path"":""<writer-stability-study>/rollouts/e1/S1000/trajectories/libero_spatial_task_05_state_000.pt"",""replans"":44}",,S1000,train,5,False,0
libero_spatial,5,train,pick up the black bowl on the ramekin and place it on the plate,1,7,7,"[2108315156300481109,6305114771558722149,6669850385748815919,1597813286460548712,7256603962091698256,6162984425250244553,7024547178120253095,1894120186701069329,8416214940848459239,6776971739970383916,2003017125639076934,8282448937498330936,3625812035987816419,7680878236674968614,9102634027979643941,2770263705301515055,282655066547685318,1470109964666606529,4854768729180947533,4124903719737178652,1700448181180929760,4490158752597238344,7905743133996349620,6821285366889719649,2461765285564524775,3584534081273812974,188984236913247951,4039841045981433938,2845525868517977756,3677176578402272213,6861732279648739580,3359910513694036377,6167678410791689653,4185223177886247438,2036281037065285179,2016443097241237873,1379107715750054549,8044249536166331236,8717044275078694480,734642186917274412,4094049157160968099,7775164576814330987,944204938559355685,2852116055750718005]",False,220,45.69911912595853,47.937121976166964,"{""ever_satisfied"":[false],""final_satisfied"":[false],""peak_satisfied_count"":0,""predicates"":[[""on"",""akita_black_bowl_1"",""plate_1""]],""schema_version"":""ember_pi05_stage_predicate_episode_v1"",""transitions"":[{""satisfied"":[false],""step"":0}]}","{""bytes"":69415257,""path"":""<writer-stability-study>/rollouts/e1/S1000/trajectories/libero_spatial_task_05_state_001.pt"",""replans"":44}",,S1000,train,5,False,1
libero_spatial,5,train,pick up the black bowl on the ramekin and place it on the plate,2,7,7,"[3560787555776424136,7226996573937802746,6855028940056842727,5825837294166451036,8732433570626755307,5302160669969465098,4822764827269271930,8522734176745473494,801129458069335042,1019998127984911016,8592203178932525271,767638826384455817,4129916199427641160,8113388187416614587,1009567069286752128,8291526830846242392,6231563887409315064,5202871763461620023,8413557639544490437,2604695222963429568,7474100169620082969,6939913757011356350,4377677867101078987,619626033091982657,4327406935105831941,6755561498347802113,596633032261620268,8262559582572550490,7609756894518033340,8859764456095952615,3263017358873858240,5667222327218414760,8285722167319991976,4962206047362986833,628942182809077211,2514081801048740255,6722096763244652334,2782744075623696567,4011394175183338356,6729568237190971594,5674120563080936503,1640136687610023996,2673276125052331031,607466935962155282]",False,220,45.18358236597851,48.53037200914696,"{""ever_satisfied"":[false],""final_satisfied"":[false],""peak_satisfied_count"":0,""predicates"":[[""on"",""akita_black_bowl_1"",""plate_1""]],""schema_version"":""ember_pi05_stage_predicate_episode_v1"",""transitions"":[{""satisfied"":[false],""step"":0}]}","{""bytes"":69415257,""path"":""<writer-stability-study>/rollouts/e1/S1000/trajectories/libero_spatial_task_05_state_002.pt"",""replans"":44}",,S1000,train,5,False,2
libero_spatial,5,train,pick up the black bowl on the ramekin and place it on the plate,3,7,7,"[3621597416465773204,8359337169648245935,5744939891821775059,7086073565515240221,8414104011005972442,1357607194157334646,2457086667379005528,5139625551208531962,1783376984749811127,2203776395258555631,3657205777711994108,7764281548266222437,3692589158748323839,6333526485836836501,7238512290876979597,8252196340216571223,1391771959196485743,6178020184378955223,1721163266043831601,4312768008700186563,2859265695794382997,6257629896877401346,3214259742792075943,1999357425995595611,8867469239714716146,258670271998867373,3128089778059045497,4972603320284032672,3517116997601447791,8458840178778282710,3850010694656790019,6039143352532170053,5728601851165170391,5397310806882260251,2293439605123562986,3944940115202676581,3887942342016073271,7193857442464383750,5977725493914439167,1467464744768087708,4873965942234301875,3138613920958659569,2614654898400994111,1214837462032301007]",False,220,44.506514417007565,49.002776521258056,"{""ever_satisfied"":[false],""final_satisfied"":[false],""peak_satisfied_count"":0,""predicates"":[[""on"",""akita_black_bowl_1"",""plate_1""]],""schema_version"":""ember_pi05_stage_predicate_episode_v1"",""transitions"":[{""satisfied"":[false],""step"":0}]}","{""bytes"":69415257,""path"":""<writer-stability-study>/rollouts/e1/S1000/trajectories/libero_spatial_task_05_state_003.pt"",""replans"":44}",,S1000,train,5,False,3
libero_spatial,7,train,pick up the black bowl on the stove and place it on the plate,0,7,7,"[8860512939643002952,7305892915116313584,6600149728612776307,8752014322555712292,9159443665344864132,3748566440965895194,673031707609208575,4382847811375432032,3183953177240202152,4827959849555365684,8027860632661586452,523990053016017450,9085873970308404896,8932401287869707718,3414090784665512976,7516448465408070827,1406352271980649565,7521697099492649814,4462510421249513874,3876035414895575679,5299465691909999882,8781439129847774454,6686528434166226194,972450351795151281,8501228768998065543,6570497713169987822,8926319604569092948,7467137384336142156,8715989747040334637,7553794064450203750,1867090488174328185,8713623752085903967,2018399233084375032,7697234974128612340,3373861830450754595,7023870070807581062,7232008765895980829,1319191758015803273,8824393410243941484,1821644571536674057,9211699686423089978,8015531214313154594,166769444770474591,788725106577255312]",False,220,45.36794403102249,46.553418449126184,"{""ever_satisfied"":[false],""final_satisfied"":[false],""peak_satisfied_count"":0,""predicates"":[[""on"",""akita_black_bowl_1"",""plate_1""]],""schema_version"":""ember_pi05_stage_predicate_episode_v1"",""transitions"":[{""satisfied"":[false],""step"":0}]}","{""bytes"":69415257,""path"":""<writer-stability-study>/rollouts/e1/S1000/trajectories/libero_spatial_task_07_state_000.pt"",""replans"":44}",,S1000,train,7,False,0
libero_spatial,7,train,pick up the black bowl on the stove and place it on the plate,1,7,7,"[4534021060883521833,9026905912977082461,4808555720481214932,8503670798955834384,5972345743408122066,8838525188849991096,2856101562254632339,4482595906452315814,3434188169977942467,7985418067034188883,9097367675132806926,2058352380433547633,3431551927526130333,8808354954499189918,557616745451118471,7019629026487755929,5921363881277097403,8825026556377032831,2264481834634252451,457293413597673605,3581166459691132976,6043476433407198372,8252721951464966321,5977862060771975128,1996687696070853151,9209232472459138575,7622663028896655265,4255038315152990171,366551764046136265,2625371671359880979,8361105411971417144,8148195376031484920,928025999102823790,7057195203994247830,8608270151072806098,1033665008064079817,5408478035830420928,2854281182602577130,703693014726658791,2162854433811719613,4446116686145709194,2465442177313578711,5128799296062872646,6119132777618902701]",False,220,45.10713233286515,47.3966204598546,"{""ever_satisfied"":[false],""final_satisfied"":[false],""peak_satisfied_count"":0,""predicates"":[[""on"",""akita_black_bowl_1"",""plate_1""]],""schema_version"":""ember_pi05_stage_predicate_episode_v1"",""transitions"":[{""satisfied"":[false],""step"":0}]}","{""bytes"":69415257,""path"":""<writer-stability-study>/rollouts/e1/S1000/trajectories/libero_spatial_task_07_state_001.pt"",""replans"":44}",,S1000,train,7,False,1
libero_spatial,7,train,pick up the black bowl on the stove and place it on the plate,2,7,7,"[2716251375073171738,8049712028238188176,1598961167065654123,4755763789268781435,4646857958709024522,6914225840622955044,5573874959127695675,7114826051942459516,4493222236179623310,6151224640883173422,1308415051361516778,9096980738005567473,8228643533572900652,7691863563192459793,7592960794211444420,9056922484206779306,2234326808775397208,4827621346943853126,5758187805781238965,887643835648115926,4246874755487696912,3883115485969714727,2540104280623826014,1193382702733136726,7839651454512889570,2752705616438492218,6596127430420649144,8011189765139562093,7657678188807738705,4136561560056667068,5502371455550140868,9124063493594759361,1096978923999802024,3691642810089932046,1350503961224824278,6931243959765902062,8513184159200957929,2354360847982983501,1559609129718358565,8658316650126808413,992211794280987411,2014052334291499825,4733012067838475632,7414480624327730809]",False,220,44.476140677928925,47.85430574696511,"{""ever_satisfied"":[false],""final_satisfied"":[false],""peak_satisfied_count"":0,""predicates"":[[""on"",""akita_black_bowl_1"",""plate_1""]],""schema_version"":""ember_pi05_stage_predicate_episode_v1"",""transitions"":[{""satisfied"":[false],""step"":0}]}","{""bytes"":69415257,""path"":""<writer-stability-study>/rollouts/e1/S1000/trajectories/libero_spatial_task_07_state_002.pt"",""replans"":44}",,S1000,train,7,False,2
libero_spatial,7,train,pick up the black bowl on the stove and place it on the plate,3,7,7,"[6262820076752428103,4647141719007556199,2558909064595167663,1436225617566126154,5331028542787216864,1700471507057443990,3493721523755451788,2886529366537706207,6967346967983560001,5617073074102920609,5984865832338637220,8559952677090218467,3832477420239482378,176646764400085765,6848534797422537363,4932562024647258224,5609398224426934900,4717874863988391871,3495055827177260515,7918636031778131271,3293542358724567982,7135344104179070012,8594750535769308648,3068481545553526444,882582486138518872,8233200411611681330,8836471590733518329,1092839793726281515,5076721043873990191,6123797165048088388,8566218056205422831,7590698441763584275,1067936753010051552,4938517659207714631,889191607367449604,4637707384472806247,3136167389186418517,7277601344182250460,7387250140809077371,8604712355558316801,8788077342305950833,706451729583457908,8554541869488887042,2672233267812391749]",False,220,43.83557459618896,48.41826622001827,"{""ever_satisfied"":[false],""final_satisfied"":[false],""peak_satisfied_count"":0,""predicates"":[[""on"",""akita_black_bowl_1"",""plate_1""]],""schema_version"":""ember_pi05_stage_predicate_episode_v1"",""transitions"":[{""satisfied"":[false],""step"":0}]}","{""bytes"":69415257,""path"":""<writer-stability-study>/rollouts/e1/S1000/trajectories/libero_spatial_task_07_state_003.pt"",""replans"":44}",,S1000,train,7,False,3
libero_object,2,train,pick up the salad dressing and place it in the basket,0,7,7,"[926971204240776524,8852970192180508234,7594642915430612756,6949624471219738414,8678418478545596585,7955862672732622887,3105327838272853580,6211554433824911803,6656189574454732066,5578928989321598728,5992228228138252069,1563889852935576123,2143145904404040586,166840200037075020,8136154808220516449,8394378735983203648,6806365180665921169,3588972006584734615,8041013076229572720,3899524213718088049,1060033558408845916,1474019411076631326,4030917986631749338,1920393417184737037,6555893101066362251,4074366801348485076,9103703520426295733,5289540875458414095,3365390134638702452,4761972337007149352,4642007772747823066,7595541929468217684,4074130817975153093,687947983413259556,7625823318009818227,4355837874647858810,378510985675781992,6861483343885848967,5544443133397653846,8504945874298111846,3936471725185063664,3184698899490369770,6133121317896143374,8124899137362954845,1421680698983409170,414897024173015815,4965105652593542295,4028466195025967238,1747304219119290569,3384761602727740980,1822677422629841440,5752688090852102310,947607838593085681,6410966819665196468,4119011256166479593,7651148439807336995]",False,280,47.400012461002916,48.519132687710226,"{""ever_satisfied"":[false],""final_satisfied"":[false],""peak_satisfied_count"":0,""predicates"":[[""in"",""salad_dressing_1"",""basket_1_contain_region""]],""schema_version"":""ember_pi05_stage_predicate_episode_v1"",""transitions"":[{""satisfied"":[false],""step"":0}]}","{""bytes"":88346143,""path"":""<writer-stability-study>/rollouts/e1/S1000/trajectories/libero_object_task_02_state_000.pt"",""replans"":56}",,S1000,train,12,False,0
libero_object,2,train,pick up the salad dressing and place it in the basket,1,7,7,"[1901561695000682192,2003766107740913469,8755200202034928571,3133797423555193730,8435314461711372540,5267886066226551003,695848683296115357,2713319643480232557,9188174131248631266,1362528486973096986,6839078978808543802,220334253274724613,73283253109529949,4947001090250361269,632322592973956895,1917767870106579780,4306378780912509961,7511429792504407578,8536027760756004605,2182079769965389270,3975142908658168401,2565459673285321056,3189876221184975315,6453834132575965793,1774322765775069461,2843693022487972725,7373677649854649301,3086439080011965080,8152262382344389222,5717011585812009083,4119944326188867785,1323441598191467120,1889714953393603785,5191220327495673327,7694156533531543963,7495959713903553051,6783463270577461664,8756921786846037510,8112098236217851224,8200168533135899433,2028940080133672165,2024310360713863999,3994415375352535725,6664617973221683548,6655741272199419378,907258625021504820,8948112858356337270,8644386923918930220,7481039100869315351,3011156613347040234,1582254911761359315,5472288417531588728,4781665992265395053,6631220592358479453,4037821958267693051,3636440491695181790]",False,280,46.91268160799518,49.1842728657648,"{""ever_satisfied"":[false],""final_satisfied"":[false],""peak_satisfied_count"":0,""predicates"":[[""in"",""salad_dressing_1"",""basket_1_contain_region""]],""schema_version"":""ember_pi05_stage_predicate_episode_v1"",""transitions"":[{""satisfied"":[false],""step"":0}]}","{""bytes"":88346143,""path"":""<writer-stability-study>/rollouts/e1/S1000/trajectories/libero_object_task_02_state_001.pt"",""replans"":56}",,S1000,train,12,False,1
libero_object,2,train,pick up the salad dressing and place it in the basket,2,7,7,"[819876312240355918,7393526760793077091,8219609591024630774,678086930081810191,5378668988763670442,8562896929448108889,7952206833824424980,6153578163397244934,8600353560611264702,5360519908927206101,1677456591289604523,4312131950909776386,1300295824871377689,8889213098818255465,506148884820736663,2789678235081217361,2700613037678503463,8166941857721968609,884944661215142797,4953819884431911953,4135886623190422532,4445636141886008669,4937543429469994179,1010900006734588013,5199730149621723732,6518585211636964647,8997351660534223289,5356573588739936257,4714849124857119837,193951054744898384,1762877312884787248,2404646303181169857,2605527945320466828,3447154030184229443,8790014835371623008,3889939628997399010,7421954123470736643,4488619821623410764,4160300164860709177,8855054048831931175,7329290406030931087,2081807024682103391,5159253211862069775,877956378140801670,8152468559839654363,5519465065735787234,3457895309141532787,393211916946199439,5657007264506806158,3130348390783210744,7288498309655178837,8538400492206860910,2218218315446327916,7111474715722402595,718482248167924527,8177669145935066372]",False,280,46.45783088123426,49.88147013215348,"{""ever_satisfied"":[false],""final_satisfied"":[false],""peak_satisfied_count"":0,""predicates"":[[""in"",""salad_dressing_1"",""basket_1_contain_region""]],""schema_version"":""ember_pi05_stage_predicate_episode_v1"",""transitions"":[{""satisfied"":[false],""step"":0}]}","{""bytes"":88346143,""path"":""<writer-stability-study>/rollouts/e1/S1000/trajectories/libero_object_task_02_state_002.pt"",""replans"":56}",,S1000,train,12,False,2
libero_object,2,train,pick up the salad dressing and place it in the basket,3,7,7,"[8639434405770398152,205919488606740875,2501948881802714263,5069929753859729762,3302366391688415942,9001581433863466647,9100694176453527499,328107878187802325,765954685160989904,6696427461794402730,3918120898880784857,907785793522543587,4121862568451884869,8672988666222239330,6314501926142379404,7414403981683438948,8881091179082601343,1875116340184474766,1900830040124490039,1950079712428461041,2516449151849810246,2310421115796619497,9054438725339839852,300142070450751365,7502943848515967706,7525226907824315211,1579069792832207232,2126256233270394446,200425568793567960,1473398849984927838,256974336133703160,2579939327168962525,7516160650261415276,5804312339824171996,1125953436632123172,8972614325382409897,6585408981715560279,8657870435269572251,4359114053935924699,4358653051936709503,8564780160120538480,5772594916368460674,2487848699716086663,6540382024773083440,6087995028654358106,1509307301461323395,3132709909459763677,5386500077548155145,8902967546907806115,5367969233733623052,8661713807828836874,8865162749370189000,9001557041549757974,7615066434818214185,5998747412507569924,1772336693234564772]",False,280,46.17005033278838,50.760319247841835,"{""ever_satisfied"":[false],""final_satisfied"":[false],""peak_satisfied_count"":0,""predicates"":[[""in"",""salad_dressing_1"",""basket_1_contain_region""]],""schema_version"":""ember_pi05_stage_predicate_episode_v1"",""transitions"":[{""satisfied"":[false],""step"":0}]}","{""bytes"":88346143,""path"":""<writer-stability-study>/rollouts/e1/S1000/trajectories/libero_object_task_02_state_003.pt"",""replans"":56}",,S1000,train,12,False,3
libero_10,7,train,put both the alphabet soup and the cream cheese box in the basket,0,7,7,"[907041501630148667,4612298201938112620,7281379436564235312,8338984819693199724,2296327197964993479,1274874525767175883,1421085673004716131,8425219134706071258,2062056564332073825,3071823040802638185,7938505278379970267,3522984377378569669,5154699334473623640,5638591476749275226,7552400992327635367,4732095005522759435,548401318343329476,267082782734891939,5857808572556056244,728457632512888542,2479756125584198374,4267585010630026791,3441643870553481288,8467915757498431008,5439084353704905879,2429549296788933905,55074050952303357,7067922698958479450,3148481196641040200,7928035374902457223,2440436879351599588,3729017454671572477,656442492107433950,6368157897057010948,3464442594792354172,1280125980264144632,8474274633303663975,4870810077541056637,7166101728600443393,369158490192561197,764757969214367234,3552159545576718613,994019392606449986,7808204169934001903,6396956296601003891,2148627265909606181,3392973609910076788,7144436042418807983,5348980458885744959,4710379024947167801,2102325676071880200,7802958165199808900,7461942172918253974,1218388398405274306,392458831657878906,6590274664344723069,1400311591597243061,6427826179529007617,7561970502556684824,16365147013489906,5228993989077058462,295910565704308193,3394426775192119598,8885130823453246454,3748372839250570386,3320561817070163554,966629360257932400,4811120863705711270,296829742769947350,3092804896698176966,296167447230495646,810089096932966293,8741917624679889136,7871940741339257513,8401821595854342203,4242417619588867427,9138461713831371825,6024350963047988776,977910218116802625,5200378620612232775,6399390929912526975,4744121557822715846,3997620433158045038,223723754650196826,3518372711840788568,3634511857670995257,3916680606408163829,2501694197616607605,4822630195595801752,6420702409120910458,8409977474229500199,1018442530405220125,7958461568913414347,1035610121672196957,295204503310828007,6086186534023783407,2787746379315941291,3736818618910971356,7174628741712051589,5921757162884404215,3931247013430965799,8442066800826368234,5675513978904135468,4505244731065817687]",False,520,86.82068594405428,87.912950838916,"{""ever_satisfied"":[false,true],""final_satisfied"":[false,true],""peak_satisfied_count"":1,""predicates"":[[""in"",""alphabet_soup_1"",""basket_1_contain_region""],[""in"",""cream_cheese_1"",""basket_1_contain_region""]],""schema_version"":""ember_pi05_stage_predicate_episode_v1"",""transitions"":[{""satisfied"":[false,false],""step"":0},{""satisfied"":[false,true],""step"":114}]}","{""bytes"":164068359,""path"":""<writer-stability-study>/rollouts/e1/S1000/trajectories/libero_10_task_07_state_000.pt"",""replans"":104}",,S1000,train,37,False,0
libero_10,7,train,put both the alphabet soup and the cream cheese box in the basket,1,7,7,"[6054502716598075368,3373274192069980437,3185364884059471209,3608991073448512685,517748803206916309,9010808168683658860,3969398306279785984,4655120805785931556,7448513816754508384,6099694596918001882,2806494977354897077,1697037100477914334,3569436727247049860,9001816453034556463,5893953901839926098,379451450119823168,8132891434927867249,2722460681803149974,1058756159028552051,8444513812763477876,6323003568009789490,52925706232198483,3407496001400737197,794108315628650049,1689708956482017287,6306014752980090556,222897003135104657,8970068682809487284,4922052258049670881,8302988477073037773,1401187420163282846,5228472353476866614,4162134272585034759,6051809908143140903,714351754922177042,7991097623387708277,3396592449574138399,858780414343094743,1449441676156483277,3888627651511577075,155784254709717277,6010283337508566400,3779320978360101683,4318483056333515657,4692049277477932425,1941648099277504086,6553702964953029061,4236415250678739318,6518696491373012657,190199796422483962,8469442507697709941,7455061427177288459,4234408307774238832,4590956702557915850,6208500787622481845,3636122027318942685,2679645038158141695,5819158568058406159,1802602973444189485,3831144166720032239,1040054466211122704,6993185429138551357,3768803779400020884,510294469297024565,950927877389133366,8484010846785167239,3582158776025324215,5718180638084070370,8933752313594336548,1928031053182024831,4015617872392473536,820497684339733641,5926618261464899105,4649812173987320543,2209302671799867726,6331683035942567992,4470305473552257165,7628422331271476795,3618030208784749640,6201299382274795221,7737420559239050910,4223015513045081968,4200282289783786762,324168955198484415,2673655210954264192,671449631717851877,8543274320607591621,8659223830905750508,7956748313373601931,6982828976739134818,7446992908545697567,3815967400527592716,234038522364502723,1737442943690687005,6286049096464904391,271914701293051695,8471339901034421080,9000154197992288312,8547620048380180551,1511146987209210290,5309627985096157116,2182630813419250643,7745561134183826985,1331092219490038653]",False,520,87.10403200890869,89.21128246886656,"{""ever_satisfied"":[false,false],""final_satisfied"":[false,false],""peak_satisfied_count"":0,""predicates"":[[""in"",""alphabet_soup_1"",""basket_1_contain_region""],[""in"",""cream_cheese_1"",""basket_1_contain_region""]],""schema_version"":""ember_pi05_stage_predicate_episode_v1"",""transitions"":[{""satisfied"":[false,false],""step"":0}]}","{""bytes"":164068359,""path"":""<writer-stability-study>/rollouts/e1/S1000/trajectories/libero_10_task_07_state_001.pt"",""replans"":104}",,S1000,train,37,False,1
libero_10,7,train,put both the alphabet soup and the cream cheese box in the basket,2,7,7,"[1141831798795922170,476116436293911919,8237067642382420058,8506762262383606495,8118914937716207702,6284120947842339944,5004368348949994857,2575816952202784325,8399303744084685300,3438407395270645068,4847004481919487525,4778235962858992395,2987713141466338533,7585356651342685923,6087824187240540081,2465977945630732666,818275127846322222,4361172374205476552,1363189026606831070,7707235255140555837,237400437888141885,1146283858514531568,3850848674028441834,650811130426090841,6160135171061725906,3483504987025845820,6498816732458390038,7218577709392159996,7128287944051605903,50186553606729547,703871423265154097,6748925175270680900,62943701319998776,8871551844684075718,6246572900359449399,6724406725943219299,7589562940788109256,1311415916896953251,8538578553698842348,8590143181027533353,1727269024583300655,8874194122223207471,1494456880129197172,1258027500909655032,2123678301846287987,6615294656067858141,5292781605920597399,6766452077574426209,4106142271637509256,7944857383135646459,2758304030882941327,1233962433497190800,5931477854873810331,1925478660043407668,2134106801114080327,4348801145395112301,6160679031719540698,3369816591660648786,2280960161367007601,557433821533756898,1217891274277304196,6202938268278775218,5240813012727036006,4138247183796128962,2054745184669374678,6688422715802741941,5370938374695873133,970657361401365502,4713334836722068677,2850674496921258715,6440404907726577001,6171658903066643722,997422333609621335,7577269608788472229,3446083354664527197,510780841048115194,8515050851575796409,6920007193926463418,6126022714081227279,1955590628937665394,6698644887553929726,6541561136147510786,7011330802243393838,348519991771392262,9130587294232619711,2451859591301851178,3481335388180168434,5233216538340285585,3062247386180999954,4288550607542731705,1882046761460653632,9071015358654588223,6951379190886080891,6077096367902582772,2626458182097447421,7090134528142170725,1115484594475126944,8779766114981472810,8940209548837429144,5707024185741747726,7920270302049334209,3618632278539522716,5519291449870267523,2928146858623352653]",False,520,87.6804073820822,90.82301964517683,"{""ever_satisfied"":[true,false],""final_satisfied"":[true,false],""peak_satisfied_count"":1,""predicates"":[[""in"",""alphabet_soup_1"",""basket_1_contain_region""],[""in"",""cream_cheese_1"",""basket_1_contain_region""]],""schema_version"":""ember_pi05_stage_predicate_episode_v1"",""transitions"":[{""satisfied"":[false,false],""step"":0},{""satisfied"":[true,false],""step"":201}]}","{""bytes"":164068359,""path"":""<writer-stability-study>/rollouts/e1/S1000/trajectories/libero_10_task_07_state_002.pt"",""replans"":104}",,S1000,train,37,False,2
libero_10,7,train,put both the alphabet soup and the cream cheese box in the basket,3,7,7,"[2564337726511075081,5588539802720706177,8775329953075666572,5502734918043840715,2092305860409775971,409625624490978284,4085299268941489435,8537830137714499300,568405597646791332,7423717016718826754,3915870455637148669,2898978858585350803,4397789666744193489,2082563152445061563,4581449232139627278,3122536630266406140,402405693449307991,5333397642091636170,4281490812767731821,1427349246640133864,2491309653112030774,522460717354252433,3125383268646429144,7478539731247921594,5371076715465631031,7506666998267534558,916571016847850532,8462493505229270233,1275308000854540889,302180627571622010,5418315110241812777,5655448071561038713,1171241367948681616,3039543837268948738,8310244414432532984,6347707175048813495,1089396369855840143,6191562696556655605,1307279807344854794,4573733249512577896,3781442485052134047,4904651705656643174,3964760207791545460,4888267404949723309,5708215700067311094,93351870594750137,7590328213776734030,2376818188200500100,8033740422074731563,8833071520693473000,3900278425239308475,6285770524664953689,298215509636217961,7524413092535480125,1924834980762599057,5353770390211977189,5775369009135924867,4983960296733771645,40860364176140609,8913189508617915024,1653597497255095179,5228244224918912755,7952889457035110258,2998638369209666747,7360675218213687924,3960161747503774333,1162121901720168574,2771401518294943291,494829771310993070,1016663463374572010,5221300783558526386,3566105101420442845,2496767167296237965,2022532979888013655,7570518909759524339,2735949389879153538,9105492749033457927,5412777787333337721,119534179516599881,5819652029600558410,2246517444466848572,1596380778975994481,1338579922064022058,2603405220912974990,5663788447106072631,4672507471840626590,8145653830112058190,486078702135903794,3280033746944948631,7467581260173456463,4338782030418425116,2037733434139655232,8367183244256398486,6074121470605164128,6471962946093271814,8760919547051329777,1426197829903420392,6525226390880203438,4334216163813253032,5716428432204494209,8045796856932139703,1940061399356146172,8803015403780318604,7112992690418151429]",False,520,87.92985802795738,92.10219640890136,"{""ever_satisfied"":[true,false],""final_satisfied"":[true,false],""peak_satisfied_count"":1,""predicates"":[[""in"",""alphabet_soup_1"",""basket_1_contain_region""],[""in"",""cream_cheese_1"",""basket_1_contain_region""]],""schema_version"":""ember_pi05_stage_predicate_episode_v1"",""transitions"":[{""satisfied"":[false,false],""step"":0},{""satisfied"":[true,false],""step"":355}]}","{""bytes"":164068359,""path"":""<writer-stability-study>/rollouts/e1/S1000/trajectories/libero_10_task_07_state_003.pt"",""replans"":104}",,S1000,train,37,False,3
libero_90,3,meta_train,put the butter at the back in the top drawer of the cabinet and close it,0,7,7,"[3463252452235991221,2337350760912150312,8161855968009784438,8214055746421606667,1542958794424955060,1596371316421749689,3300839992879728970,1515216923558476676,8888616565337359682,3989284990074701907,2047032325460580723,208746576969330771,7795845198237565512,4976912510760930834,7677423444143065202,8437475311278861364,2992029420982994691,8540929155291270607,8857381824075531757,6717524333376369801,318682629911040204,8238151636016414989,9078950066631763160,6879576329745308635,4784715550055640506,3237121610935137325,275944231883205180,5679325194804583127,4967419413390713644,2167890266506144336,5863705567279506357,7761565759944990785,749883301249389933,7745405932829170145,6976429834935865508]",True,175,31.320194632280618,32.38623780710623,"{""ever_satisfied"":[true,true],""final_satisfied"":[true,true],""peak_satisfied_count"":2,""predicates"":[[""in"",""butter_2"",""wooden_cabinet_1_top_region""],[""close"",""wooden_cabinet_1_top_region""]],""schema_version"":""ember_pi05_stage_predicate_episode_v1"",""transitions"":[{""satisfied"":[false,false],""step"":0},{""satisfied"":[true,false],""step"":118},{""satisfied"":[true,true],""step"":175}]}","{""bytes"":55216005,""path"":""<writer-stability-study>/rollouts/e1/S1000/trajectories/libero_90_task_03_state_000.pt"",""replans"":35}",,S1000,train,43,False,0
libero_90,3,meta_train,put the butter at the back in the top drawer of the cabinet and close it,1,7,7,"[1744563937202573523,1501003248594690273,4253770601318701296,569720763052505910,299951401507768706,4043973426313508183,8115517137211960739,162191702331670159,3187597477918770790,4281690915880607494,1581939060727012639,6615223608210381767,740238587186198268,4940629726328038995,5365514443359147225,2607753611118602531,3753150467719338450,7704083716949971615,2439358823286897676,8744672896785378582,3236819262618452874,8946988731821132698,1129383953514847038,3682261918095857997,2894654045154240909,3754117739133419628,7384586953620171694,934313948325649401,4470262752704418924,8616903928537340804,8502319734231964819,666073978247704497,4632206942576607149,5717284662142015458,3714063673190115246,8956307803125253506,3006628929142561915,7221847654967489809,8810540623657208093,4987444605859592822,8510236322019906113,1645155789097810721,2338417431097479678,5184122402600124683,8248378395996744609,4154410740635730229,3212729081858374170,3290179764328841330,3965088169182855839,7778407970895099842,1887935274734365856,5298254513216022455,6708291835253940653,7503563274835975588,1275802730566037733,2105205285945811199,6507750431272380395,5300150638411956224,2743367277329917707,7146175411066914808,2125538946275256949,5203068838537854607,8930467415322172262,3926994520100602731,3604152635855828965,5693288806760571001,144643616978297979,6507439242720680948,1776958691228115775,1339647855977536959,7510271815279146723,3747459138505968126,8904326392794307666,7420229589559841585,4767937041690697535,283088200525881925,7991439676075133577,1000234148043899946,7636747624529989313,907323717247090788]",False,400,55.29238463006914,57.282018180936575,"{""ever_satisfied"":[false,true],""final_satisfied"":[false,true],""peak_satisfied_count"":1,""predicates"":[[""in"",""butter_2"",""wooden_cabinet_1_top_region""],[""close"",""wooden_cabinet_1_top_region""]],""schema_version"":""ember_pi05_stage_predicate_episode_v1"",""transitions"":[{""satisfied"":[false,false],""step"":0},{""satisfied"":[false,true],""step"":296}]}","{""bytes"":126206679,""path"":""<writer-stability-study>/rollouts/e1/S1000/trajectories/libero_90_task_03_state_001.pt"",""replans"":80}",,S1000,train,43,False,1
libero_90,3,meta_train,put the butter at the back in the top drawer of the cabinet and close it,2,7,7,"[8949149783415477956,4516295665246213560,2052271694247586027,9011631737548241417,97854790008320753,451153564187916741,7478978813103900898,6827742394449694272,5265033022042814656,4779545910765386669,7291454868160903245,3532146457711357421,515814491144078332,5353791895988005663,9177168810835222914,1461779550137009919,5217533246683209881,1110883722056685302,2303758629452565078,4169525421616883259,5762972253255117270,4794296292723991611,8831835289473304312,1882595891243347702,6381697104859554636,6596537141792510128,2562888767021537259,1324141186910733951,2559933900609270726,6369406974844891187,1715250129649892035,6730461007539867397,4516266053431266601,1987629881003342778,1366942092025472909,1738107904990757080,878724989845806844]",True,182,31.026206221897155,34.01022870093584,"{""ever_satisfied"":[true,true],""final_satisfied"":[true,true],""peak_satisfied_count"":2,""predicates"":[[""in"",""butter_2"",""wooden_cabinet_1_top_region""],[""close"",""wooden_cabinet_1_top_region""]],""schema_version"":""ember_pi05_stage_predicate_episode_v1"",""transitions"":[{""satisfied"":[false,false],""step"":0},{""satisfied"":[true,false],""step"":114},{""satisfied"":[true,true],""step"":182}]}","{""bytes"":58371129,""path"":""<writer-stability-study>/rollouts/e1/S1000/trajectories/libero_90_task_03_state_002.pt"",""replans"":37}",,S1000,train,43,False,2
libero_90,3,meta_train,put the butter at the back in the top drawer of the cabinet and close it,3,7,7,"[7651768545572637715,6161840396780171273,7420522035630377698,4813783927730722896,504440707359276581,6188150381031820380,1223803399051135748,9071052554598033143,2396889014121382845,4714588644222333176,8479653659298575339,7855191326611046952,8815148813862802069,5001768183440279061,7178059187328081817,3968136500852849457,1185203120713699143,6942352699286990126,2176170967586434151,897921513238953363,1064161261037201245,5237896237038674831,7314659813647221297,1738801032116300039,6333181731290128289,8111096248653864716,5003384711985266267,419656461522239408,1660339732341947286,640093438282713766,7788775845966152494,4395353035831801662,2702145275747755233,2478275201709502044,3414601058040419149,5628831860810843744,8179241931287249360,4384360308685891379,1647073478254193420,5300336582738035862,1707240472372049738,8555722480350531284,2310659398203273432,9048205864033033145,8911773768155820710,1594757096113566070,8765477809766249420,927796054540556582,5209680230217350051,5663034754363408693,3325553221129360027,4762867061123225849,6921241689805806562,7755223804378528285,5368172492863229683,8931477689438513573,1944014871362582973,6137897178122354738,6071279996517879672,8573162128574337905,4456203530398862133,565884713441670535,7367099577152033098,5357933737869570371,4507099469149128442,7393250786646016222,9195009500076863472,5762114947566821924,2028477200131848310,234110851245264827,948152031683757950,6997362678454334468,9125825077918176083,5831993327393128284,2186898617000543732,3762920398732679823,4086351856774511542,4994099176546202,927571300576104095,3435876652092943663]",False,400,54.79982519289479,58.71054505184293,"{""ever_satisfied"":[false,true],""final_satisfied"":[false,true],""peak_satisfied_count"":1,""predicates"":[[""in"",""butter_2"",""wooden_cabinet_1_top_region""],[""close"",""wooden_cabinet_1_top_region""]],""schema_version"":""ember_pi05_stage_predicate_episode_v1"",""transitions"":[{""satisfied"":[false,false],""step"":0},{""satisfied"":[false,true],""step"":250}]}","{""bytes"":126206679,""path"":""<writer-stability-study>/rollouts/e1/S1000/trajectories/libero_90_task_03_state_003.pt"",""replans"":80}",,S1000,train,43,False,3
libero_90,56,meta_train,pick up the butter and put it in the tray,0,7,7,"[2226032360068530699,4551069448295705575,6713942495031054896,1662112725463687164,373361830260579180,8292647550689012877,8436317902454726093,8501378697313634874,8124132530273666966,5638917457186611740,1059257555335924615,6416102671014831190,8457364500328720160,2622895026754486846,4005743147312751643,8888582604713139032,1385896926385013928,2591329525455279306]",True,87,17.143999179359525,18.171856824308634,"{""ever_satisfied"":[true],""final_satisfied"":[true],""peak_satisfied_count"":1,""predicates"":[[""in"",""butter_1"",""wooden_tray_1_contain_region""]],""schema_version"":""ember_pi05_stage_predicate_episode_v1"",""transitions"":[{""satisfied"":[false],""step"":0},{""satisfied"":[true],""step"":87}]}","{""bytes"":28397333,""path"":""<writer-stability-study>/rollouts/e1/S1000/trajectories/libero_90_task_56_state_000.pt"",""replans"":18}",,S1000,train,96,False,0
libero_90,56,meta_train,pick up the butter and put it in the tray,1,7,7,"[8119243783633441076,7282820214086490810,2177062340765572968,6644618112071839899,5016145634526778955,8353232097943047893,2133318581563068807,1193810775646674988,1967520375173541613,6912678257968729808,7997292861180836513,5121747281817651262,2063515351896371617,7102316997633699308,6015033311259852099,5178981702938774623,3469980291986919451]",True,82,15.20785940112546,17.27440698025748,"{""ever_satisfied"":[true],""final_satisfied"":[true],""peak_satisfied_count"":1,""predicates"":[[""in"",""butter_1"",""wooden_tray_1_contain_region""]],""schema_version"":""ember_pi05_stage_predicate_episode_v1"",""transitions"":[{""satisfied"":[false],""step"":0},{""satisfied"":[true],""step"":82}]}","{""bytes"":26819776,""path"":""<writer-stability-study>/rollouts/e1/S1000/trajectories/libero_90_task_56_state_001.pt"",""replans"":17}",,S1000,train,96,False,1
libero_90,56,meta_train,pick up the butter and put it in the tray,2,7,7,"[7234180509893824851,6310507223367765090,2683934427194017610,4843992076099089488,1019506394356440934,8391660553961747888,8631660344062088826,2392418923097458593,3900827321541831712,1796500273437089249,4631756417972979186,3162045824954048393,460397104113602643,6237318617792474962,4995286236072489540,5680590571619412557,422268277304002006,9095259173688631376]",True,87,15.533464557956904,18.527333619073033,"{""ever_satisfied"":[true],""final_satisfied"":[true],""peak_satisfied_count"":1,""predicates"":[[""in"",""butter_1"",""wooden_tray_1_contain_region""]],""schema_version"":""ember_pi05_stage_predicate_episode_v1"",""transitions"":[{""satisfied"":[false],""step"":0},{""satisfied"":[true],""step"":87}]}","{""bytes"":28397333,""path"":""<writer-stability-study>/rollouts/e1/S1000/trajectories/libero_90_task_56_state_002.pt"",""replans"":18}",,S1000,train,96,False,2
libero_90,56,meta_train,pick up the butter and put it in the tray,3,7,7,"[170087714640543084,6192430205628314174,3785706859865600201,4350491489006068677,4042284879221296836,1060268680401951589,7829540551696787724,8687952669361346111,8232784802571372944,8401120800963912051,3045956571281696393,1674775945616819263,5155415576533198861,1487892492867891826,3203355520829157193,689718489739131931,1000533918580741900,7113733540855018359,2375251300202934239]",True,91,15.06345845386386,19.142536914907396,"{""ever_satisfied"":[true],""final_satisfied"":[true],""peak_satisfied_count"":1,""predicates"":[[""in"",""butter_1"",""wooden_tray_1_contain_region""]],""schema_version"":""ember_pi05_stage_predicate_episode_v1"",""transitions"":[{""satisfied"":[false],""step"":0},{""satisfied"":[true],""step"":91}]}","{""bytes"":29974890,""path"":""<writer-stability-study>/rollouts/e1/S1000/trajectories/libero_90_task_56_state_003.pt"",""replans"":19}",,S1000,train,96,False,3
libero_90,11,meta_train,open the top drawer of the cabinet,0,7,7,"[630782732335034883,6026432842081904552,6524467843279089035,2832974847133539923,3712237888180262324,7764635933513163748,5392396175869152056,576873571776139937,8085551288014324177,7540017627369803160,4402450519752017817,2619174142822074804,5407307873602349877,7695738410394683309,7270356220009591556,3954333895662876501]",True,78,17.683890162967145,19.008872353937477,"{""ever_satisfied"":[true],""final_satisfied"":[true],""peak_satisfied_count"":1,""predicates"":[[""open"",""wooden_cabinet_1_top_region""]],""schema_version"":""ember_pi05_stage_predicate_episode_v1"",""transitions"":[{""satisfied"":[false],""step"":0},{""satisfied"":[true],""step"":78}]}","{""bytes"":25242219,""path"":""<writer-stability-study>/rollouts/e1/S1000/trajectories/libero_90_task_11_state_000.pt"",""replans"":16}",,S1000,train,51,False,0
libero_90,11,meta_train,open the top drawer of the cabinet,1,7,7,"[6298808731842278907,3013204293704977845,9189069004249137474,845583777739958146,9030615313103130585,2581358113206011979,2601714929015656098,6650581985665358239,6391224073264308071,853340919727540610,8650808421510180083,2137829193316400796,4645934200882659142,3489194163712655402,2127207147380454471,7239820938985808702,6924600094782458681,8875745806507356609,6420017482507376490,5195182233127062142,7436475382478611383,3567113734498018015,8162568061128415496,9142590608692465688,1895014225139889080,4182119597739541414,5991762418730458620,3626108970671642569,2676547448903859109,8650044901882637019,4731024650342918211,5893558752569330688,3044710034014251869,8953928843309468353,5945057218800396020,8300527255422263466,2123706378700203585,8656554460462902439,4398125462601508764,3305796110036906180,3995866670843400696,1667483287942252438,3669397074892947539,3462143175844911253,5907646906017959821,452198315352168913,5665386041727019273,8731871061801715072,4517933465753955882,2875498363176090135,1045199000977970950,7072047399854676637,2888122617424486473,5169414550156693468,8901426346844531880,6326392239702670122,8305811730901532088,4701825404232604244,3947832691734776658,9102528336810721137,5224200047728781021,8856156733961274619,7913175481771499389,1546008945822850167,3695134826388677126,5393423683793672822,1959875542790283858,6552751298054532254,758670244810075219,4289913035739889906,4674159337353716419,7009150570319118711,5489059377700405912,4825461667490082764,207057832409465138,1115293817896034525,2370224696444711744,8906485076099027222,5922819179143883445,2345997696465222787]",False,400,47.34068370098248,49.93501730589196,"{""ever_satisfied"":[false],""final_satisfied"":[false],""peak_satisfied_count"":0,""predicates"":[[""open"",""wooden_cabinet_1_top_region""]],""schema_version"":""ember_pi05_stage_predicate_episode_v1"",""transitions"":[{""satisfied"":[false],""step"":0}]}","{""bytes"":126206679,""path"":""<writer-stability-study>/rollouts/e1/S1000/trajectories/libero_90_task_11_state_001.pt"",""replans"":80}",,S1000,train,51,False,1
libero_90,11,meta_train,open the top drawer of the cabinet,2,7,7,"[3375586953795871816,6540863717489992837,7430055551849303864,8134012293363076797,3714036907699906594,7386321111033214766,1451376578072328503,5824043827698211199,8068939483355572678,5888769325737281374,3697614202982200711,6142214362425664214,4527121286668526954,1093549618043157551,7791972639932061544,1947402124876118331,6045994409155208777]",True,81,16.014678824227303,19.896249729208648,"{""ever_satisfied"":[true],""final_satisfied"":[true],""peak_satisfied_count"":1,""predicates"":[[""open"",""wooden_cabinet_1_top_region""]],""schema_version"":""ember_pi05_stage_predicate_episode_v1"",""transitions"":[{""satisfied"":[false],""step"":0},{""satisfied"":[true],""step"":81}]}","{""bytes"":26819776,""path"":""<writer-stability-study>/rollouts/e1/S1000/trajectories/libero_90_task_11_state_002.pt"",""replans"":17}",,S1000,train,51,False,2
libero_90,11,meta_train,open the top drawer of the cabinet,3,7,7,"[5927523002705313685,6859320936255371985,714912688593426275,7686389076829316129,6585663702645685391,6620927141701277563,4923785797087663924,4435243913530943072,4455484930612895840,8527363840732546432,6574760021758334646,1370865792643822670,3408381442789492909,7947214985801762444,7771133274317174576,4579270938642855594,461168451789984404,4862732175856017877,6123330303173514725,465798595382900705,286638895166172969,8080182917735171104,2281136103079557950,5496381342581981635,3497466388962658833,526992893085967212,8406003351857577852,8191625487058572927,6278967123331229124,4020609575011308289,7947366042288238045,8118271069038665899,8072468975692196669,8280138560603112354,9012772448413458860,2753230612024640355,1884216300597354717,5290804138185238282,8072996836470782055,5034196222681840247,3816208767265586496,429607189687683681,5602158003517659473,329020184880680945,779932000041425078,3370715945533198304]",True,227,31.398135636933148,36.53673493396491,"{""ever_satisfied"":[true],""final_satisfied"":[true],""peak_satisfied_count"":1,""predicates"":[[""open"",""wooden_cabinet_1_top_region""]],""schema_version"":""ember_pi05_stage_predicate_episode_v1"",""transitions"":[{""satisfied"":[false],""step"":0},{""satisfied"":[true],""step"":227}]}","{""bytes"":72569251,""path"":""<writer-stability-study>/rollouts/e1/S1000/trajectories/libero_90_task_11_state_003.pt"",""replans"":46}",,S1000,train,51,False,3
libero_90,33,meta_validation_oracle,close the microwave,0,7,7,"[3814538614648685928,2918325375739809694,3164143864598808145,5565915644193155337,4080180966298606689,3140832986677750376,7149145722349520134,707885345988737858,6100905458910768747,4408006144191914951,2390453657596093383,4160066772507374,584231116433666928,3869999134466192656,3782915209038846878,9076902177290749519,7006840427744498791,8892147190729701768,606502225359919789,6787468472196711947,8791839265979728770,187028959896970639,5724925431455161616,9184033782951768268,9070918235808242192,7302750050913754517,2488591661933562548,336172097049345139,7923562187564345826,6393899827733165866,3020112520573366183,4528316642257824175,5582977508141668251,3162955277203076335,6163242415499698651,725655320810922255,5381273817049447804,1456066189537081230,928638825361311262,5911713618682647179,2417100658560940344,8279555349009368541,3423085941941572205,2115171990774154871,7525948171166825851,2888105782277140153,5862739234970314233,3825334812522626380,5980323623911639291,555024694333110554,3113227102657828210,172499082288862708,1324642689874432370,7025977955810360066,4189579336996285226,6387349467637312907,1977388239488866127,5771090961158501473,255281251811932632,8610587669826956023,8794207362593812,2225975835646129593,9193967285565653552,1615106969377340115,6759847725362746048,2304077019815595307,3358295494119423532,6082132230540820172,7252484136280790023,7748020009367011834,1907629227463458513,908115279030327988,1278057090748587969,4254570934344203205,7344294307876937429,4199968167559482073,1752666831132641620,5492427116885042399,4107342174079177118,2464764704875222345]",False,400,62.59460515808314,63.7852920810692,"{""ever_satisfied"":[false],""final_satisfied"":[false],""peak_satisfied_count"":0,""predicates"":[[""close"",""microwave_1""]],""schema_version"":""ember_pi05_stage_predicate_episode_v1"",""transitions"":[{""satisfied"":[false],""step"":0}]}","{""bytes"":126206679,""path"":""<writer-stability-study>/rollouts/e1/S1000/trajectories/libero_90_task_33_state_000.pt"",""replans"":80}",,S1000,train,73,False,0
libero_90,33,meta_validation_oracle,close the microwave,1,7,7,"[1391257127071394911,6453070095094258601,5559562787924264405,3620351785772504206,5539650802633992661,1440320540210058728,4590866537231315723,4505863565072721961,3507052222206376725,7400833979650608495,7995682051494613996,3671295722984103888,6522882074484714405,1333804940799757480,3256757473853040356,5705328359785327392,8223201126738778237,5596815134535616216,6334773288545059006,1642030117853923248,7737642293981664297,8443970233462913678,1556714789204722714,810594971895214783,3920521439063015209,6811494582741173023,2445800062947093781,1976050250604300170,1171753458470768459,7834378451338967968,8090682021880909726,5335158176236919928,5315007103215208230,3199144432869677668,8903094495660641300,2263363197246993874,4120360477111151324,640951555161328484]",True,188,32.521554300095886,34.929470929317176,"{""ever_satisfied"":[true],""final_satisfied"":[true],""peak_satisfied_count"":1,""predicates"":[[""close"",""microwave_1""]],""schema_version"":""ember_pi05_stage_predicate_episode_v1"",""transitions"":[{""satisfied"":[false],""step"":0},{""satisfied"":[true],""step"":188}]}","{""bytes"":59948691,""path"":""<writer-stability-study>/rollouts/e1/S1000/trajectories/libero_90_task_33_state_001.pt"",""replans"":38}",,S1000,train,73,False,1
libero_90,33,meta_validation_oracle,close the microwave,2,7,7,"[4539588420967222518,1710048350945936885,4358464737013891488,3880974602853515663,6790251156741126418,5495753368706701989,7254732957949711545,2057207925378913840,2633440578216331245,5999842406332413055,725304914533917656,3476697012025770940,6565420059195656400,6563141212784622577,205224626607609378,8159397001250595181,7412592822848945859,6290027187613054305,1468350745485780829,3409127801164692127,102283521042964566,1071552374098376826,2640942057288159101,7898666547962963929,6610880090942108040,3405562868571649524,3256916404094935781,4499829594603724491,4634369084841650367,3370693029601721329,2376929177924604449,2200453837503372456,30427291158052045,8664906417401917516,2664196002751814977,3618068686276361349,1985288414945770214,4677692730398174540,6992384041764542887,7842858572242203233,747113586897311944,7970847750411408010,5688399328945542843,8461226652270624601,5492402953299625635,8427673907924499820,7397644930421776874,2834321786915317967,6936048434802822829,4428804956635702435,3375307949502786164,387192658302231094,8986706343747452804,2149727196176346343,8289040975520609963,4276516106214353583,6040563903464329146,2416275482301715686,5596827370042070502,6610417885385304011,6735907768334633027,3728479897095225456,6865147047993100854,4270366337636524098,4318791316939110999,7445314828279885280,4522074432527048880,6094997162686636557,4986174921603322765,3835589751760985416,6428017392762125920,1750405430487776649,5853385000606350519,8471903591055026034,3466135176910025298,1110361602219860474,8172404346955460647,5611027673707844511,3986066228211122987,5029763397423283366]",False,400,61.53023238899186,65.0227967412211,"{""ever_satisfied"":[false],""final_satisfied"":[false],""peak_satisfied_count"":0,""predicates"":[[""close"",""microwave_1""]],""schema_version"":""ember_pi05_stage_predicate_episode_v1"",""transitions"":[{""satisfied"":[false],""step"":0}]}","{""bytes"":126206679,""path"":""<writer-stability-study>/rollouts/e1/S1000/trajectories/libero_90_task_33_state_002.pt"",""replans"":80}",,S1000,train,73,False,2
libero_90,33,meta_validation_oracle,close the microwave,3,7,7,"[6525418730299138055,6668636237979849891,4573744063774732144,4808198391303305998,6486950752394761378,5015113754978937123,7002444277182045783,695616441436247886,3701257046583009159,6768562471635672936,1233843234567113855,4768373460792911738,8115200798239409510,8789111548611979563,2095461497995812079,1933064377343925293,7519326647336745287,5053858862629344994,2726623660006655302,6255840440100524569,8897256799333991986,494397679885595185,4904959517456146718,5134656829094201511,3049558138709860884,1547008111495100315,1524308632495544213,2955835953229134818,5541526999237386056,6550790406592621521,3955844508376484764,8895865821144766302,6156919587368227886,1773540437484742183,3878609237890699857,8883008358672524867,5757256378957462077,1117402044134833966,4012664772696089648,8808424036030804142,5744607835540336367,6444713314508129237,3026026745481652112,7155436065499066468,5837923100516553607,7906709106902648897,5843566489256060959,6368926561754861067,4903083615343106710,6856391613730964820,3337402868768713110,2486247811030151879,6325342880088328384,1298109565305703963,6158655289406626375,6662461107106000792,4977694989108392674,546405793560524003,2316028070097327291,6224337956491846706,7358970514803604212,1777307456404694145,6489034021584328062,999757187132590660,9059337711735367070,7865542804397764693,6209313769323442397,8693122544612168476,747214977166334372,2509790477399543066,3345168953334851450,3356144797149308403,5216818105411232222,3608227541623131210,8382482405781019811,774541227041476431,289551368919641189,3279424593770628251,114095352011978104,2429244364239358591]",False,400,62.80538311507553,67.48859949503094,"{""ever_satisfied"":[false],""final_satisfied"":[false],""peak_satisfied_count"":0,""predicates"":[[""close"",""microwave_1""]],""schema_version"":""ember_pi05_stage_predicate_episode_v1"",""transitions"":[{""satisfied"":[false],""step"":0}]}","{""bytes"":126206679,""path"":""<writer-stability-study>/rollouts/e1/S1000/trajectories/libero_90_task_33_state_003.pt"",""replans"":80}",,S1000,train,73,False,3
