branch,parent_asset,local_step,global_task_id,suite,suite_task_id,teacher_demo,query_demo,query_fraction,query_position,noise_seed,full_mse,first5_mse,first5_time_mse,first5_dimension_mse,tau1_first5_mse,tau1_first5_time_mse,tau1_first5_dimension_mse,inference_first5_mse,inference_first5_actions,target_first5_actions,inference_first5_time_mse,inference_first5_dimension_mse,parent_full_mse,parent_tau1_first5_mse,parent_inference_first5_mse,action_delta_mse_vs_parent
O-H,O1200,36,0,libero_spatial,0,46,47,0.25,22,2026092101,0.1115247905254364,0.14333276450634003,"[0.1398792564868927,0.1326492428779602,0.1039438545703888,0.11679329723119736,0.22339822351932526]","[0.34239909052848816,0.26562628149986267,0.0038972017355263233,0.09620263427495956,0.2515365481376648,0.043404001742601395,0.00026361248455941677]",0.06506384164094925,"[0.05771800875663757,0.04913358390331268,0.04460513964295387,0.05748032033443451,0.11638220399618149]","[0.2200719565153122,0.11140187829732895,0.0020139531698077917,0.027105186134576797,0.08802331238985062,0.006789793726056814,4.0849350625649095e-05]",0.09687596559524536,"[[[-0.3280982971191406,0.28664013743400574,-0.987898588180542,0.10231553763151169,-0.5252034664154053,-0.2635505795478821,-1.022560715675354],[-0.367758184671402,0.31514793634414673,-1.0056302547454834,0.09002984315156937,-0.5365259647369385,-0.25004711747169495,-1.000956654548645],[-0.4212661385536194,0.3139931261539459,-1.0087381601333618,0.08899692445993423,-0.5362774133682251,-0.2342907339334488,-0.9927881956100464],[-0.4341166019439697,0.29547661542892456,-0.9996816515922546,0.0985233336687088,-0.5343565940856934,-0.2455633282661438,-1.0026377439498901],[-0.5185204744338989,0.2865939140319824,-1.0027352571487427,0.07895352691411972,-0.5068368911743164,-0.2266846001148224,-1.002724528312683]]]","[[[-0.08928626775741577,0.8037372827529907,-1.034883737564087,-0.2659956216812134,-0.06991147994995117,-0.040709614753723145,-1.0],[-0.1535719633102417,0.7507778406143188,-1.034883737564087,-0.2659956216812134,-0.06991147994995117,-0.040709614753723145,-1.0],[-0.46428608894348145,0.6542047262191772,-1.034883737564087,-0.2659956216812134,-0.06991147994995117,-0.040709614753723145,-1.0],[-0.9071429371833801,0.33644795417785645,-1.034883737564087,-0.20538973808288574,-0.06991147994995117,-0.040709614753723145,-1.0],[-1.3249998092651367,0.06542003154754639,-1.034883737564087,-0.13131588697433472,-0.06991147994995117,-0.040709614753723145,-1.0]]]","[0.10281988978385925,0.08925874531269073,0.07133153825998306,0.0823880285024643,0.13858164846897125]","[0.19578410685062408,0.12470066547393799,0.0012039346620440483,0.10500066727399826,0.2098260372877121,0.041501134634017944,0.00011525838635861874]",0.12821900844573975,0.07472159713506699,0.10370836406946182,0.002691021654754877
O-H,O1200,36,1,libero_spatial,1,46,47,0.25,33,2026092101,0.1471657007932663,0.1903516799211502,"[0.3234216272830963,0.2073676884174347,0.12691444158554077,0.14982107281684875,0.1442335695028305]","[0.146615132689476,0.6032927632331848,0.0854828804731369,0.31395527720451355,0.0018175862496718764,0.181199312210083,9.880126890493557e-05]",0.10604353994131088,"[0.15283361077308655,0.10381100326776505,0.07730504125356674,0.09801115840673447,0.09825687855482101]","[0.06433933228254318,0.3085135519504547,0.044947605580091476,0.1545364260673523,0.009680983610451221,0.16025501489639282,3.183362423442304e-05]",0.09503953158855438,"[[[0.41571250557899475,0.09375885128974915,-0.7289456129074097,-0.11182302236557007,-0.10488830506801605,-0.2817155420780182,-1.011538028717041],[0.3949529826641083,0.0997425839304924,-0.7357158064842224,-0.1130254939198494,-0.10805477201938629,-0.29609033465385437,-0.998759925365448],[0.35890108346939087,0.08594722300767899,-0.7322131991386414,-0.10253513604402542,-0.10517260432243347,-0.29418933391571045,-0.9942505359649658],[0.3623942732810974,0.07790981978178024,-0.7308800220489502,-0.07959127426147461,-0.10862156003713608,-0.3165509104728699,-1.006000280380249],[0.29505959153175354,0.07357902824878693,-0.7411207556724548,-0.06770909577608109,-0.10286754369735718,-0.32125815749168396,-1.0087145566940308]]]","[[[0.007142186164855957,0.9345784187316895,-0.41569799184799194,-0.4882171154022217,-0.15501761436462402,-0.25663846731185913,-1.0],[0.1357135772705078,0.7632389068603516,-0.593023419380188,-0.5690249800682068,-0.06991147994995117,-0.34159404039382935,-1.0],[0.31071341037750244,0.4922109842300415,-0.7906978130340576,-0.5757589340209961,-0.06991147994995117,-0.4796469211578369,-1.0],[0.40714192390441895,0.3676004409790039,-0.9244186878204346,-0.6565667390823364,-0.06991147994995117,-0.5539830923080444,-1.0],[0.364284873008728,0.17756950855255127,-1.034883737564087,-0.6565667390823364,-0.06991147994995117,-0.5964608788490295,-1.0]]]","[0.1595684140920639,0.1056080237030983,0.06148635223507881,0.07345563173294067,0.07507925480604172]","[0.048650264739990234,0.2813979685306549,0.049131911247968674,0.2506406009197235,0.0015591556439176202,0.033840909600257874,5.59334184799809e-05]",0.1614782214164734,0.1160188689827919,0.12317976355552673,0.011373593471944332
O-H,O1200,36,2,libero_spatial,2,46,47,0.25,29,2026092101,0.06145975738763809,0.0063940430991351604,"[0.019601551815867424,0.0046364255249500275,0.001980452798306942,0.0033703751396387815,0.002381410915404558]","[0.007354275789111853,0.0009152503916993737,0.016821781173348427,0.0032087608706206083,0.008600231260061264,0.007019950542598963,0.0008380496874451637]",0.0042808265425264835,"[0.010452615097165108,0.003253311151638627,0.0024604962673038244,0.0027034725062549114,0.0025342381559312344]","[0.0019273437792435288,0.0023035993799567223,0.007601474411785603,0.010983716696500778,0.003315348643809557,0.003361133625730872,0.00047316914424300194]",0.008580101653933525,"[[[-0.11176304519176483,0.029698237776756287,-0.745162844657898,-0.2086697816848755,-0.25080299377441406,-0.19950644671916962,-1.0165520906448364],[-0.10574793815612793,0.054849594831466675,-0.7261910438537598,-0.21801762282848358,-0.25806325674057007,-0.1961212158203125,-1.0013909339904785],[-0.10524982213973999,0.06388852000236511,-0.6891847252845764,-0.22147727012634277,-0.2476557046175003,-0.191799595952034,-0.9955613017082214],[-0.06728586554527283,0.06677764654159546,-0.6524720191955566,-0.22093774378299713,-0.23511894047260284,-0.20531359314918518,-1.0071330070495605],[-0.08179827779531479,0.07865138351917267,-0.6179895401000977,-0.2314080446958542,-0.21137748658657074,-0.20530864596366882,-1.0027284622192383]]]","[[[0.07499933242797852,0.02180635929107666,-0.5494188666343689,-0.2659956216812134,-0.13070160150527954,-0.040709614753723145,-1.0],[-0.02500063180923462,0.02180635929107666,-0.6366281509399414,-0.2659956216812134,-0.17325466871261597,-0.040709614753723145,-1.0],[-0.060714900493621826,0.02180635929107666,-0.668604850769043,-0.2659956216812134,-0.20972871780395508,-0.0300900936126709,-1.0],[-0.06428635120391846,0.024921536445617676,-0.6831396818161011,-0.2659956216812134,-0.15501761436462402,-0.008851230144500732,-1.0],[-0.06785768270492554,0.02180635929107666,-0.6802327036857605,-0.2659956216812134,-0.14893865585327148,-0.008851230144500732,-1.0]]]","[0.016637025400996208,0.0070403688587248325,0.004823972471058369,0.007113744970411062,0.007285396568477154]","[0.008717401884496212,0.0015816673403605819,0.010315093211829662,0.0021593074779957533,0.00667402520775795,0.03054242767393589,7.078654743963853e-05]",0.0691605806350708,0.00360120739787817,0.005246886983513832,0.0024180025793612003
O-H,O1200,36,4,libero_spatial,4,46,47,0.25,37,2026092101,0.11354409158229828,0.03531086817383766,"[0.01942574232816696,0.029877522960305214,0.031667083501815796,0.043858032673597336,0.05172596871852875]","[0.018363500013947487,0.00269030942581594,0.035716742277145386,0.01785462163388729,0.13635030388832092,0.03607172518968582,0.00012888982018921524]",0.017784468829631805,"[0.009427276439964771,0.01313147135078907,0.015532007440924644,0.0226645115762949,0.028167078271508217]","[0.0030571469105780125,0.004096510354429483,0.013554194942116737,0.010426792316138744,0.05830574780702591,0.029060980305075645,0.005989909637719393]",0.03062230907380581,"[[[-0.7830595970153809,0.03889700770378113,-0.8848608136177063,-0.22267422080039978,-0.8771042227745056,-0.055277012288570404,-1.0175892114639282],[-0.7943911552429199,0.06776197999715805,-0.8968732953071594,-0.23719821870326996,-0.9109195470809937,-0.05028529837727547,-0.997049868106842],[-0.797843337059021,0.08125172555446625,-0.8905434608459473,-0.24602776765823364,-0.9252762794494629,-0.03577323257923126,-0.9961673021316528],[-0.7534974813461304,0.08366350084543228,-0.8719688653945923,-0.2433822751045227,-0.9163611531257629,-0.04875396564602852,-1.0062636137008667],[-0.7585487365722656,0.09862417727708817,-0.875685453414917,-0.2630166709423065,-0.8987190127372742,-0.036845315247774124,-1.0049724578857422]]]","[[[-0.7678573131561279,0.02180635929107666,-1.034883737564087,-0.2659956216812134,-0.598785400390625,0.13628125190734863,-1.0],[-0.7857143878936768,0.06853532791137695,-1.034883737564087,-0.2659956216812134,-0.5562323331832886,0.11504232883453369,-1.0],[-0.8142858743667603,0.0872267484664917,-1.034883737564087,-0.2659956216812134,-0.525837242603302,0.11504232883453369,-1.0],[-0.9142857789993286,0.133955717086792,-1.034883737564087,-0.2659956216812134,-0.4832841753959656,0.10442280769348145,-1.0],[-0.9964285492897034,0.10591840744018555,-1.034883737564087,-0.2659956216812134,-0.4589681029319763,0.07964420318603516,-1.0]]]","[0.019910305738449097,0.024728143587708473,0.02912149578332901,0.038070403039455414,0.04128119349479675]","[0.016603287309408188,0.0005821803933940828,0.022854646667838097,0.0007249973714351654,0.14875049889087677,0.02476121298968792,7.934628229122609e-05]",0.11658652126789093,0.018874110653996468,0.021991277113556862,0.0013156278291717172
O-H,O1200,36,5,libero_spatial,5,46,47,0.25,27,2026092101,0.06707494705915451,0.11363498121500015,"[0.16593356430530548,0.175102099776268,0.08731723576784134,0.07767746597528458,0.06214457005262375]","[0.1713249385356903,0.11106570810079575,0.08672178536653519,0.0028175406623631716,0.25998467206954956,0.06467077881097794,0.098859503865242]",0.09395083785057068,"[0.23329515755176544,0.1024293377995491,0.04987628385424614,0.04889153689146042,0.035261865705251694]","[0.07377495616674423,0.04000754654407501,0.029885603114962578,0.0021870105993002653,0.17691992223262787,0.01879183016717434,0.316089004278183]",0.04682840779423714,"[[[-0.5491059422492981,0.10550287365913391,-0.4706546664237976,-0.23289474844932556,-0.07193298637866974,-0.42842528223991394,-1.0099358558654785],[-0.4282713532447815,0.13585211336612701,-0.36074671149253845,-0.25008678436279297,-0.07987593859434128,-0.43962591886520386,1.0077210664749146],[-0.30015331506729126,0.15246884524822235,-0.2283398061990738,-0.25884488224983215,-0.06753749400377274,-0.4574311375617981,1.0225905179977417],[-0.18453776836395264,0.14920851588249207,-0.09849553555250168,-0.26119107007980347,-0.07072038948535919,-0.5122370719909668,1.0110840797424316],[-0.16867835819721222,0.15548855066299438,-0.05357380211353302,-0.27374762296676636,-0.06978540122509003,-0.5334212183952332,1.0171552896499634]]]","[[[-0.26428622007369995,0.42056000232696533,-0.2790701985359192,-0.27946358919143677,-0.46504712104797363,-0.08318740129470825,-1.0],[-0.1285719871520996,0.40186846256256104,-0.10755860805511475,-0.2659956216812134,-0.44073110818862915,-0.15398377180099487,0.9999990463256836],[-0.12142914533615112,0.3676004409790039,-0.03197723627090454,-0.27272963523864746,-0.3799409866333008,-0.20354115962982178,0.9999990463256836],[-0.1285719871520996,0.3676004409790039,-0.017442405223846436,-0.30639952421188354,-0.3981780409812927,-0.2318597435951233,0.9999990463256836],[-0.1285719871520996,0.32398688793182373,-0.017442405223846436,-0.3131335377693176,-0.3495458960533142,-0.2637180685997009,0.9999990463256836]]]","[0.07044045627117157,0.06240132451057434,0.03993448615074158,0.035057637840509415,0.02630814164876938]","[0.04152500256896019,0.05847880244255066,0.029448434710502625,0.0012419179547578096,0.11356911808252335,0.08331840485334396,0.000217188018723391]",0.06424614042043686,0.143708273768425,0.05128766596317291,0.0032123085111379623
O-H,O1200,36,7,libero_spatial,7,46,47,0.25,30,2026092101,0.07192988693714142,0.07880223542451859,"[0.12072531133890152,0.0730748102068901,0.07785969227552414,0.07085999101400375,0.05149133875966072]","[0.12952357530593872,0.09130165725946426,0.03589009493589401,0.07132928818464279,0.11171380430459976,0.03619542345404625,0.07566175609827042]",0.030671222135424614,"[0.03928917646408081,0.03311891853809357,0.02827276661992073,0.02899940311908722,0.023675857111811638]","[0.025658035650849342,0.05103716999292374,0.006042569410055876,0.027394121512770653,0.06445197016000748,0.0037195016629993916,0.036395203322172165]",0.16933108866214752,"[[[-0.27533239126205444,-0.06682473421096802,-0.2943078279495239,-0.25124552845954895,0.2761864960193634,-0.19733953475952148,-1.0189208984375],[-0.22050915658473969,-0.045389723032712936,-0.2469584196805954,-0.23635385930538177,0.3424559533596039,-0.20629020035266876,0.9970470070838928],[-0.1751282662153244,-0.04473436623811722,-0.15840651094913483,-0.2258578985929489,0.3752073645591736,-0.2244645655155182,1.018679141998291],[-0.12989407777786255,-0.0592617392539978,-0.09209884703159332,-0.2112119197845459,0.41207754611968994,-0.2562638521194458,1.0098228454589844],[-0.1234615296125412,-0.06218727305531502,-0.057884082198143005,-0.1993902325630188,0.43777996301651,-0.27023395895957947,1.0182218551635742]]]","[[[-0.5750002861022949,0.02180635929107666,-0.4447677731513977,-0.4814831614494324,0.641332745552063,-0.040709614753723145,0.9999990463256836],[-0.5142860412597656,0.02180635929107666,-0.36627936363220215,-0.49495112895965576,0.7568339109420776,-0.040709614753723145,0.9999990463256836],[-0.45357179641723633,0.02180635929107666,-0.29651206731796265,-0.5016851425170898,0.8237029314041138,-0.040709614753723145,0.9999990463256836],[-0.38571470975875854,0.02180635929107666,-0.2412794828414917,-0.47474920749664307,0.8601770401000977,-0.07610780000686646,0.9999990463256836],[-0.2857147455215454,-0.03738367557525635,-0.15988421440124512,-0.39394134283065796,0.9392043352127075,-0.16106337308883667,0.9999990463256836]]]","[0.6296009421348572,0.0530092753469944,0.05891076847910881,0.056724123656749725,0.048410315066576004]","[0.06908135861158371,0.004797141533344984,0.017721543088555336,0.06065291911363602,0.19168174266815186,0.026018032804131508,0.8153647780418396]",0.08013109117746353,0.029985152184963226,0.15955430269241333,0.008180380798876286
O-H,O1200,36,12,libero_object,2,46,47,0.25,32,2026092101,0.07339093089103699,0.049519553780555725,"[0.057298872619867325,0.06260432302951813,0.04721729829907417,0.03424611687660217,0.04623115435242653]","[0.030355233699083328,0.0033286463003605604,0.0005528986221179366,0.01102951169013977,0.3006230890750885,0.00036695829476229846,0.00038050534203648567]",0.025471828877925873,"[0.027991877868771553,0.032580483704805374,0.02566073089838028,0.01777370646595955,0.023352352902293205]","[0.03455332666635513,0.0008062178385443985,0.0015394709771499038,0.007606429047882557,0.1333446502685547,0.0001114767073886469,0.00034123784280382097]",0.027776092290878296,"[[[-0.27037638425827026,0.011531300842761993,-0.6803617477416992,-0.1076890081167221,-0.1581839770078659,-0.11230109632015228,-1.0094399452209473],[-0.2616882920265198,0.02646331489086151,-0.6634923219680786,-0.11207732558250427,-0.16250216960906982,-0.11058883368968964,-0.9924575090408325],[-0.25402140617370605,0.026414819061756134,-0.6483076810836792,-0.1126880869269371,-0.1533481478691101,-0.10425490885972977,-0.9896970987319946],[-0.2226235568523407,0.0215054452419281,-0.62224942445755,-0.1048370972275734,-0.14606115221977234,-0.11396364867687225,-0.9987112283706665],[-0.23546016216278076,0.027613740414381027,-0.6123287081718445,-0.1227049008011818,-0.13376902043819427,-0.11049409210681915,-0.9913378953933716]]]","[[[-0.1285719871520996,0.04361319541931152,-0.6831396818161011,-0.2659956216812134,-0.5927063226699829,-0.03363001346588135,-1.0],[-0.1285719871520996,0.02180635929107666,-0.7005815505981445,-0.2659956216812134,-0.5927063226699829,-0.040709614753723145,-1.0],[-0.16071486473083496,0.02180635929107666,-0.7034885287284851,-0.2659956216812134,-0.525837242603302,-0.040709614753723145,-1.0],[-0.22857189178466797,0.02180635929107666,-0.6831396818161011,-0.2659956216812134,-0.47112613916397095,-0.037169814109802246,-1.0],[-0.2785719037055969,0.049843668937683105,-0.6395350694656372,-0.2659956216812134,-0.5197582244873047,-0.03363001346588135,-1.0]]]","[0.03447062522172928,0.0332605317234993,0.02545253559947014,0.020183052867650986,0.02551371231675148]","[0.00968571100383997,0.0003132866695523262,0.001775212585926056,0.023751867935061455,0.1534576565027237,0.005383125972002745,6.576890154974535e-05]",0.0823013111948967,0.025787411257624626,0.02605096437036991,0.00024554762057960033
O-H,O1200,36,13,libero_object,3,46,47,0.25,37,2026092101,0.14793211221694946,0.11374563723802567,"[0.10920825600624084,0.14058786630630493,0.12935343384742737,0.11798055469989777,0.0715981274843216]","[0.22619138658046722,0.362978458404541,0.01448357105255127,0.008379063569009304,0.10335216671228409,0.08058535307645798,0.0002494668879080564]",0.05751679465174675,"[0.051660314202308655,0.06910178065299988,0.07097555696964264,0.057894330471754074,0.037952013313770294]","[0.06996724754571915,0.2643110156059265,0.005780805833637714,0.004038406070321798,0.03958568722009659,0.018611466512084007,0.0003229175927117467]",0.050415970385074615,"[[[0.23611165583133698,-0.07447996735572815,-0.5030044317245483,-0.12849649786949158,-0.22140425443649292,-0.3279434144496918,-1.016372561454773],[0.2376118004322052,-0.029773160815238953,-0.5146791934967041,-0.13362543284893036,-0.24118418991565704,-0.3237600326538086,-1.00324285030365],[0.2312932014465332,-0.006020538508892059,-0.5255702137947083,-0.12743809819221497,-0.2500469386577606,-0.31697410345077515,-1.0002590417861938],[0.24725288152694702,0.00715300440788269,-0.5291516184806824,-0.11104165762662888,-0.2533608376979828,-0.3247084319591522,-1.007375955581665],[0.20971980690956116,0.0220646895468235,-0.5467906594276428,-0.10946845263242722,-0.24590224027633667,-0.31970709562301636,-1.0049681663513184]]]","[[[-0.0750005841255188,0.21495270729064941,-0.6133723258972168,-0.2659956216812134,-0.3252299427986145,-0.040709614753723145,-1.0],[-0.1285719871520996,0.2866036891937256,-0.6569769382476807,-0.2659956216812134,-0.4528891444206238,-0.040709614753723145,-1.0],[-0.1285719871520996,0.33021724224090576,-0.6395350694656372,-0.2659956216812134,-0.47112613916397095,-0.040709614753723145,-1.0],[-0.1285719871520996,0.32087159156799316,-0.6162792444229126,-0.2659956216812134,-0.4285730719566345,-0.040709614753723145,-1.0],[-0.08928626775741577,0.2897188663482666,-0.6017444133758545,-0.2659956216812134,-0.3617039918899536,-0.040709614753723145,-1.0]]]","[0.043600041419267654,0.05670035257935524,0.05713473632931709,0.05466781556606293,0.03997691348195076]","[0.11820667237043381,0.0933959111571312,0.011205770075321198,0.020827507600188255,0.02971682883799076,0.07948755472898483,7.15462738298811e-05]",0.14167772233486176,0.05117218941450119,0.047572843730449677,0.00041057239286601543
O-H,O1200,36,14,libero_object,4,46,47,0.25,40,2026092101,0.061491839587688446,0.017828434705734253,"[0.013767840340733528,0.014654763042926788,0.015081771649420261,0.014477555640041828,0.03116024099290371]","[0.021802455186843872,0.035706352442502975,0.029124507680535316,0.006485011428594589,0.030278844758868217,0.0009005176252685487,0.0005013474728912115]",0.010364841669797897,"[0.014860358089208603,0.010307795368134975,0.009852967225015163,0.0055585880763828754,0.011244500987231731]","[0.029335349798202515,0.01066508237272501,0.004870790522545576,0.00047467878903262317,0.026749668642878532,0.00043247570283710957,2.584604953881353e-05]",0.009609914384782314,"[[[-0.26271045207977295,-0.06990662962198257,-0.5796061754226685,-0.17118382453918457,-0.1958680897951126,-0.13271908462047577,-1.0208961963653564],[-0.2611306309700012,-0.040823809802532196,-0.5767329335212708,-0.1746499389410019,-0.20465627312660217,-0.1253303438425064,-1.0030149221420288],[-0.2640880346298218,-0.029827281832695007,-0.5735317468643188,-0.16880907118320465,-0.20182135701179504,-0.1133345365524292,-0.9999329447746277],[-0.23533517122268677,-0.026756666600704193,-0.5622426271438599,-0.1605912744998932,-0.19846871495246887,-0.12200497835874557,-1.0078697204589844],[-0.2594904899597168,-0.017428621649742126,-0.564399778842926,-0.16912060976028442,-0.18679596483707428,-0.11457148939371109,-1.0064884424209595]]]","[[[-0.1285719871520996,-0.16199421882629395,-0.5523258447647095,-0.2659956216812134,-0.06991147994995117,-0.040709614753723145,-1.0],[-0.17142915725708008,-0.08099734783172607,-0.6162792444229126,-0.2659956216812134,-0.06991147994995117,-0.040709614753723145,-1.0],[-0.22857189178466797,0.0031147003173828125,-0.668604850769043,-0.2659956216812134,-0.06991147994995117,-0.040709614753723145,-1.0],[-0.3357146978378296,0.02180635929107666,-0.738372266292572,-0.2659956216812134,-0.06991147994995117,-0.040709614753723145,-1.0],[-0.3642861247062683,0.1277252435684204,-0.7848838567733765,-0.2659956216812134,-0.06991147994995117,-0.040709614753723145,-1.0]]]","[0.00871060136705637,0.006413447204977274,0.006215041968971491,0.011109139770269394,0.01560134720057249]","[0.009671811014413834,0.006921444088220596,0.018196379765868187,0.009454676881432533,0.016322080045938492,0.006593060679733753,0.00010995553020620719]",0.06862560659646988,0.009034358896315098,0.009056317619979382,0.0011204549809917808
O-H,O1200,36,15,libero_object,5,46,47,0.25,31,2026092101,0.09721322357654572,0.10905087739229202,"[0.09889285266399384,0.10531023144721985,0.11077012121677399,0.11366768181324005,0.11661351472139359]","[0.03266868740320206,0.0012609048280864954,0.014015557244420052,0.0011898130178451538,0.0017035125056281686,0.7121977210044861,0.0003199682105332613]",0.07243278622627258,"[0.06732404232025146,0.07403592020273209,0.07225354760885239,0.07554235309362411,0.07300805300474167]","[0.001917184330523014,0.002021375810727477,0.006495197769254446,0.0022811684757471085,0.008710830472409725,0.4850377142429352,0.0005659954622387886]",0.046333253383636475,"[[[-0.17840296030044556,0.01734745502471924,-0.6045758128166199,-0.07456552237272263,-0.276534765958786,-0.587918221950531,-1.0224136114120483],[-0.17839652299880981,0.032464977353811264,-0.6113938093185425,-0.07621316611766815,-0.2901829481124878,-0.5781275629997253,-1.008608341217041],[-0.1857200264930725,0.03085898607969284,-0.6208945512771606,-0.06479718536138535,-0.29642748832702637,-0.5687204599380493,-1.0042387247085571],[-0.16346877813339233,0.02293350175023079,-0.6169215440750122,-0.04642702639102936,-0.29807087779045105,-0.5721017718315125,-1.0116972923278809],[-0.19006116688251495,0.025678087025880814,-0.6337469816207886,-0.04410860687494278,-0.2916499972343445,-0.5622056722640991,-1.0126914978027344]]]","[[[-0.1285719871520996,-0.07788211107254028,-0.6075583696365356,-0.2121238112449646,-0.2218867540359497,-1.109734296798706,-1.0],[-0.1285719871520996,-0.07476687431335449,-0.6453490257263184,-0.20538973808288574,-0.20972871780395508,-1.1274334192276,-1.0],[-0.1285719871520996,-0.09345841407775879,-0.6569769382476807,-0.18518781661987305,-0.20364969968795776,-1.1168140172958374,-1.0],[-0.16071486473083496,-0.1059194803237915,-0.668604850769043,-0.15825188159942627,-0.17325466871261597,-1.0955750942230225,-1.0],[-0.23571473360061646,-0.1059194803237915,-0.6860466599464417,-0.15825188159942627,-0.1793336272239685,-1.0743361711502075,-1.0]]]","[0.04375196620821953,0.04858637601137161,0.04907840117812157,0.045932404696941376,0.04431711882352829]","[0.0020646683406084776,0.013988633640110493,0.0015740424860268831,0.015127251856029034,0.009252212010324001,0.28214749693870544,0.00017846820992417634]",0.08717510849237442,0.07593822479248047,0.04968113824725151,0.0012081243330612779
O-H,O1200,36,17,libero_object,7,46,47,0.25,34,2026092101,0.09413260966539383,0.08507966250181198,"[0.10743723809719086,0.09687476605176926,0.08108627051115036,0.07159712165594101,0.06840291619300842]","[0.13953708112239838,0.03224853798747063,0.054946064949035645,0.009328318759799004,0.1298149824142456,0.228727325797081,0.0009553424315527081]",0.0645037367939949,"[0.05744696781039238,0.05649863928556442,0.054749153554439545,0.06144362688064575,0.09238032251596451]","[0.09207376837730408,0.01947687193751335,0.010405822657048702,0.005889975465834141,0.08900975435972214,0.1149158850312233,0.11975409835577011]",0.061598293483257294,"[[[-0.4496508240699768,-0.08501140773296356,-0.6713951826095581,-0.14247170090675354,-0.16487377882003784,-0.03519108146429062,-1.0104520320892334],[-0.4221547544002533,-0.057067565619945526,-0.6406386494636536,-0.1562644988298416,-0.1672922521829605,-0.03191904351115227,-0.9956899881362915],[-0.3780118227005005,-0.04026688262820244,-0.5999962091445923,-0.1655326783657074,-0.15398766100406647,-0.027371786534786224,-0.9919881224632263],[-0.3090502619743347,-0.03465566039085388,-0.543595552444458,-0.17010755836963654,-0.13691656291484833,-0.0387381911277771,-1.0030803680419922],[-0.2821516990661621,-0.020368659868836403,-0.49108654260635376,-0.20192232728004456,-0.11462711542844772,-0.04209935665130615,-0.9990739226341248]]]","[[[-0.7642858624458313,-0.31775736808776855,-0.7761629819869995,-0.07744407653808594,-0.5197582244873047,0.36636924743652344,-1.0],[-0.7500001788139343,-0.30218106508255005,-0.7703490257263184,-0.1178479790687561,-0.4832841753959656,0.36636924743652344,-1.0],[-0.7214287519454956,-0.23987573385238647,-0.738372266292572,-0.20538973808288574,-0.4285730719566345,0.36636924743652344,-1.0],[-0.6821430921554565,-0.19626212120056152,-0.7267443537712097,-0.2659956216812134,-0.3920990228652954,0.36636924743652344,-1.0],[-0.6464288234710693,-0.13084155321121216,-0.7005815505981445,-0.2659956216812134,-0.33130890130996704,0.3699091672897339,-1.0]]]","[0.06509624421596527,0.06348098814487457,0.05842982232570648,0.06247036159038544,0.0585140734910965]","[0.11926181614398956,0.038483183830976486,0.024876130744814873,0.00411858269944787,0.0826520249247551,0.16175585985183716,4.047152469865978e-05]",0.11214209347963333,0.06903758645057678,0.0496164932847023,0.003029849147424102
O-H,O1200,36,19,libero_object,9,46,47,0.25,33,2026092101,0.02575964294373989,0.005444318521767855,"[0.004250727593898773,0.006217875052243471,0.007406993303447962,0.005169892217963934,0.004176104906946421]","[0.006720695644617081,0.004658378195017576,0.00656142458319664,0.0028235611971467733,0.0018531857058405876,0.015119588933885098,0.000373396382201463]",0.0020306443329900503,"[0.002114629838615656,0.0019688995089381933,0.003000971395522356,0.0012726755812764168,0.001796045689843595]","[0.004400655161589384,0.001725887763313949,0.000998426810838282,0.001097103813663125,0.001475116703659296,0.004411372821778059,0.00010594814375508577]",0.0032008527778089046,"[[[-0.1731947362422943,0.012627847492694855,-0.6658527255058289,-0.1264355182647705,-0.17564979195594788,-0.14532002806663513,-1.0143401622772217],[-0.172099769115448,0.03377605229616165,-0.6548301577568054,-0.1342272013425827,-0.1819806694984436,-0.13783808052539825,-0.9967271685600281],[-0.17570313811302185,0.03589171543717384,-0.6506450176239014,-0.12821412086486816,-0.17896391451358795,-0.12704984843730927,-0.9923355579376221],[-0.1493777632713318,0.03141579404473305,-0.6352605223655701,-0.11893521994352341,-0.1751774698495865,-0.13419243693351746,-1.000711441040039],[-0.16934503614902496,0.03675052523612976,-0.6393998265266418,-0.12704601883888245,-0.16204319894313812,-0.125886932015419,-1.003403902053833]]]","[[[-0.1285719871520996,0.02180635929107666,-0.7209303975105286,-0.2188577651977539,-0.1793336272239685,-0.17168277502059937,-1.0],[-0.1285719871520996,0.02180635929107666,-0.758721113204956,-0.19192183017730713,-0.1793336272239685,-0.16460317373275757,-1.0],[-0.14285767078399658,0.018691062927246094,-0.7732559442520142,-0.14478391408920288,-0.17325466871261597,-0.15752357244491577,-1.0],[-0.21071475744247437,0.02180635929107666,-0.7761629819869995,-0.16498583555221558,-0.16717565059661865,-0.1362847089767456,-1.0],[-0.2785719037055969,0.02180635929107666,-0.7645350694656372,-0.19865578413009644,-0.10030657052993774,-0.11150598526000977,-1.0]]]","[0.00208072317764163,0.0024134330451488495,0.002528953365981579,0.0036996635608375072,0.0052814907394349575]","[0.004131483845412731,0.00016781008162070066,0.012874530628323555,0.003878743154928088,0.000785722688306123,0.0005102403811179101,5.743761357734911e-05]",0.03603798896074295,0.002734037581831217,0.004056497011333704,0.0003386438183952123
O-H,O1200,36,20,libero_goal,0,46,47,0.25,31,2026092101,0.04728766158223152,0.02586233802139759,"[0.009930718690156937,0.013597430661320686,0.023849377408623695,0.030046015977859497,0.051888152956962585]","[0.006645494140684605,0.0013702730648219585,0.016339793801307678,0.00757714593783021,0.14204101264476776,0.006900233682245016,0.0001624019059818238]",0.024901341646909714,"[0.010695249773561954,0.013920869678258896,0.022332733497023582,0.03159700706601143,0.04596085101366043]","[0.0059757051058113575,0.002213164698332548,0.012338130734860897,0.052698422223329544,0.09843634814023972,0.002419868251308799,0.00022775288380216807]",0.034541431814432144,"[[[0.06679357588291168,0.02849394828081131,-0.14886195957660675,-0.8497878313064575,0.4612961709499359,0.677442729473114,-1.0135705471038818],[0.09313039481639862,0.036293648183345795,-0.13897794485092163,-0.8463546633720398,0.4875718057155609,0.6530428528785706,-0.9985084533691406],[0.12061069905757904,0.030287042260169983,-0.12337926775217056,-0.833960771560669,0.5243320465087891,0.6316756010055542,-0.9977801442146301],[0.18881085515022278,0.017027419060468674,-0.09635616838932037,-0.8030261993408203,0.5616519451141357,0.5960544943809509,-1.0045582056045532],[0.20355919003486633,0.015334811061620712,-0.09128572046756744,-0.7954038381576538,0.6101623773574829,0.5735819339752197,-1.0073504447937012]]]","[[[0.07499933242797852,0.02180635929107666,-0.2034887671470642,-0.8922562599182129,0.7629129886627197,0.7734483480453491,-1.0],[0.07499933242797852,0.02180635929107666,-0.2151166796684265,-0.8855222463607788,0.8601770401000977,0.7592891454696655,-1.0],[0.07499933242797852,0.02180635929107666,-0.2296515703201294,-0.8720543384552002,0.9635201692581177,0.738050103187561,-1.0],[0.06785643100738525,0.02180635929107666,-0.2500004172325134,-0.8653203248977661,1.0729424953460693,0.7238909006118774,-1.0],[0.0642850399017334,0.02180635929107666,-0.2674422860145569,-0.8518523573875427,1.188443660736084,0.7097315788269043,-1.0]]]","[0.015039094723761082,0.022570712491869926,0.031300559639930725,0.0457029826939106,0.05809382349252701]","[0.007300745230168104,7.82493079896085e-05,0.014942537061870098,0.002371156355366111,0.20370416343212128,0.013339951634407043,5.3223699069349095e-05]",0.042410723865032196,0.022254982963204384,0.019714713096618652,0.0038499771617352962
O-H,O1200,36,21,libero_goal,1,46,47,0.25,28,2026092101,0.08022435754537582,0.05570570006966591,"[0.0641348659992218,0.05166182667016983,0.04614649713039398,0.0612441748380661,0.055341143161058426]","[0.1484006643295288,0.019413134083151817,0.0006049441290087998,0.10591237992048264,0.08505439758300781,0.02983125112950802,0.0007231329218484461]",0.02611668035387993,"[0.0259241983294487,0.025754841044545174,0.021420298144221306,0.029166948050260544,0.028317129239439964]","[0.059123195707798004,0.01746927760541439,0.000288987037492916,0.07547163218259811,0.02144850231707096,0.007850656285881996,0.0011645323829725385]",0.04071290045976639,"[[[-0.3806387186050415,-0.035403549671173096,-0.9682863354682922,-0.06194758787751198,-0.3653855323791504,-0.10218282043933868,-1.02389395236969],[-0.409082293510437,-0.01571083813905716,-0.9666286706924438,-0.06785961985588074,-0.36680617928504944,-0.09626748412847519,-1.0016775131225586],[-0.4381677508354187,-0.014178816229104996,-0.953027606010437,-0.05977686122059822,-0.354831725358963,-0.08877608180046082,-0.9976553916931152],[-0.43391886353492737,-0.02319205552339554,-0.9271204471588135,-0.05030267685651779,-0.33809345960617065,-0.10295868664979935,-1.0085101127624512],[-0.48677587509155273,-0.020662564784288406,-0.9120740294456482,-0.06680307537317276,-0.30654147267341614,-0.1007114052772522,-1.0061454772949219]]]","[[[-0.7357144355773926,-0.11838054656982422,-1.034883737564087,0.010097742080688477,-0.11246448755264282,0.09380340576171875,-1.0],[-0.7571430206298828,-0.14953315258026123,-1.034883737564087,0.043767690658569336,-0.10638552904129028,0.10796260833740234,-1.0],[-0.7642858624458313,-0.1682247519493103,-1.034883737564087,0.0572357177734375,-0.08814853429794312,0.11504232883453369,-1.0],[-0.8142858743667603,-0.19626212120056152,-1.034883737564087,0.08417153358459473,-0.06991147994995117,0.11858212947845459,-1.0],[-0.8678572177886963,-0.22429949045181274,-1.034883737564087,0.07743752002716064,-0.06991147994995117,0.11504232883453369,-1.0]]]","[0.035077184438705444,0.037957966327667236,0.0375918447971344,0.046486131846904755,0.0464513935148716]","[0.128696009516716,0.02398899756371975,0.00849790871143341,0.01404635887593031,0.06616465002298355,0.043458499014377594,0.0001378842134727165]",0.08585175126791,0.028559548780322075,0.035785775631666183,0.000555143051315099
O-H,O1200,36,22,libero_goal,2,46,47,0.25,26,2026092101,0.04591844230890274,0.16854038834571838,"[0.018259897828102112,0.13436181843280792,0.6679920554161072,0.016696464270353317,0.005391808692365885]","[0.03581598401069641,0.00292692007496953,0.003451729891821742,0.002742671174928546,0.02165195159614086,0.000883253407664597,1.1123102903366089]",0.06697144359350204,"[0.024844089522957802,0.05099472030997276,0.1276305466890335,0.09353937208652496,0.03784852847456932]","[0.024601226672530174,0.002143009565770626,0.004601312801241875,0.0032833279110491276,0.022598538547754288,0.0007309072534553707,0.41084179282188416]",0.15919966995716095,"[[[-0.7656461596488953,-0.0543665736913681,-0.6591633558273315,-0.18974897265434265,-0.25871819257736206,-0.10388299077749252,-1.0181461572647095],[-0.6609969139099121,-0.013783767819404602,-0.5829136967658997,-0.20346876978874207,-0.23761238157749176,-0.0921323299407959,0.1650511920452118],[-0.529222846031189,0.008740920573472977,-0.5036119222640991,-0.21306854486465454,-0.18596476316452026,-0.08808792382478714,1.0016881227493286],[-0.3458579182624817,0.01758580654859543,-0.3688298463821411,-0.2169477939605713,-0.13555808365345,-0.10781729966402054,1.002768635749817],[-0.27133411169052124,0.030046239495277405,-0.28287068009376526,-0.24119895696640015,-0.10674800723791122,-0.11283035576343536,1.0085663795471191]]]","[[[-0.6321431398391724,0.0031147003173828125,-0.6395350694656372,-0.2659956216812134,-0.33738791942596436,-0.040709614753723145,-1.0],[-0.5642859935760498,-0.003115832805633545,-0.5988373756408691,-0.2659956216812134,-0.30699288845062256,-0.040709614753723145,-1.0],[-0.5142860412597656,-0.01869213581085205,-0.5639537572860718,-0.2659956216812134,-0.2826768159866333,-0.040709614753723145,-1.0],[-0.46428608894348145,-0.03426837921142578,-0.5145351886749268,-0.2659956216812134,-0.2583608031272888,-0.040709614753723145,0.9999990463256836],[-0.41071468591690063,-0.04984474182128906,-0.4593026041984558,-0.2659956216812134,-0.19149166345596313,-0.040709614753723145,0.9999990463256836]]]","[0.00540500832721591,0.19691891968250275,0.575110137462616,0.00856306403875351,0.010001271031796932]","[0.012170269154012203,0.002648380119353533,0.011327648535370827,0.003108999691903591,0.008523560129106045,0.00371694378554821,1.072901964187622]",0.04345603287220001,0.073349729180336,0.1222275048494339,0.03506689891219139
O-H,O1200,36,25,libero_goal,5,46,47,0.25,35,2026092101,0.02471434883773327,0.02352912351489067,"[0.005236582364886999,0.011396580375730991,0.022176897153258324,0.033242590725421906,0.045592982321977615]","[0.0798807144165039,0.05984211713075638,0.005451553501188755,0.010933753103017807,0.006570619996637106,0.001720850937999785,0.0003042661410290748]",0.011107848025858402,"[0.0017285733483731747,0.0034184870310127735,0.009313388727605343,0.015899308025836945,0.025179482996463776]","[0.05660562589764595,0.011553674936294556,0.0016712276265025139,0.0018678710330277681,0.00516740744933486,7.403767085634172e-05,0.0008150901994667947]",0.012971939519047737,"[[[-0.17668597400188446,-0.10457611083984375,-0.7244828939437866,-0.060799237340688705,-0.33755484223365784,-0.15117688477039337,-1.0254788398742676],[-0.17940133810043335,-0.07800652086734772,-0.7282128930091858,-0.06332913041114807,-0.34634101390838623,-0.15207569301128387,-1.0054277181625366],[-0.18167893588542938,-0.07110722362995148,-0.7230758666992188,-0.056003376841545105,-0.33388233184814453,-0.1478947103023529,-1.0054093599319458],[-0.16129276156425476,-0.06601914018392563,-0.7015761733055115,-0.04473963379859924,-0.31808868050575256,-0.1571633517742157,-1.0104244947433472],[-0.18032734096050262,-0.059042446315288544,-0.7049294710159302,-0.040511175990104675,-0.2927924394607544,-0.16186772286891937,-1.0103381872177124]]]","[[[-0.110714852809906,-0.1059194803237915,-0.758721113204956,-0.24579370021820068,-0.3799409866333008,-0.040709614753723145,-1.0],[-0.07142913341522217,-0.05919051170349121,-0.7296513319015503,-0.2659956216812134,-0.3495458960533142,-0.040709614753723145,-1.0],[-0.010714948177337646,-0.028037965297698975,-0.697674572467804,-0.2659956216812134,-0.30699288845062256,-0.040709614753723145,-1.0],[0.03214216232299805,-5.364418029785156e-07,-0.668604850769043,-0.2659956216812134,-0.2462027668952942,-0.040709614753723145,-1.0],[0.042856454849243164,0.0031147003173828125,-0.6627908945083618,-0.2659956216812134,-0.17325466871261597,-0.040709614753723145,-1.0]]]","[0.007771139033138752,0.009361421689391136,0.012580937705934048,0.015807796269655228,0.01933840848505497]","[0.026493389159440994,0.0020865548867732286,0.0009364636498503387,0.04383816942572594,0.00439735222607851,0.012866965495049953,0.00018468816415406764]",0.03132173791527748,0.005538971163332462,0.018026676028966904,0.0024087310303002596
O-H,O1200,36,28,libero_goal,8,46,47,0.25,23,2026092101,0.10288327932357788,0.034178681671619415,"[0.02275892160832882,0.02364623360335827,0.02734101004898548,0.048186760395765305,0.048960499465465546]","[0.09529674053192139,0.07590103149414062,0.028299672529101372,0.0012790882028639317,0.03288164362311363,0.005472481716424227,0.00012012353545287624]",0.017321044579148293,"[0.01175752654671669,0.015134928748011589,0.014708002097904682,0.024054190143942833,0.020950578153133392]","[0.05068398267030716,0.03255278617143631,0.014663651585578918,0.0008886799332685769,0.019936902448534966,0.00230208458378911,0.00021923123858869076]",0.01939884014427662,"[[[-0.5448389649391174,-0.008465990424156189,-0.9491297006607056,-0.1846744865179062,-0.24965573847293854,-0.19737809896469116,-1.0264102220535278],[-0.5603163242340088,0.015478275716304779,-0.929216206073761,-0.2011297047138214,-0.2570198178291321,-0.1870620846748352,-1.000848412513733],[-0.571686327457428,0.021806128323078156,-0.8981848955154419,-0.2101016789674759,-0.24538137018680573,-0.17806130647659302,-0.9940025806427002],[-0.5377916097640991,0.02154252678155899,-0.8508674502372742,-0.21558448672294617,-0.23255610466003418,-0.18908676505088806,-1.007132649421692],[-0.5408732891082764,0.02895021066069603,-0.8031545877456665,-0.23933741450309753,-0.20838665962219238,-0.18568935990333557,-0.9979723691940308]]]","[[[-0.7321430444717407,-0.08099734783172607,-1.034883737564087,-0.2659956216812134,-0.3860200047492981,-0.15752357244491577,-1.0],[-0.7607144117355347,-0.07476687431335449,-1.034883737564087,-0.2659956216812134,-0.3860200047492981,-0.15752357244491577,-1.0],[-0.7857143878936768,-0.11526530981063843,-1.034883737564087,-0.2659956216812134,-0.36778295040130615,-0.16460317373275757,-1.0],[-0.8142858743667603,-0.24610626697540283,-1.034883737564087,-0.2659956216812134,-0.3556249737739563,-0.18938195705413818,-1.0],[-0.7178573608398438,-0.33644890785217285,-1.034883737564087,-0.2659956216812134,-0.24012374877929688,-0.21770048141479492,-1.0]]]","[0.010741655714809895,0.011598726734519005,0.014515219256281853,0.02852644771337509,0.03161214664578438]","[0.045764531940221786,0.04746919125318527,0.024953270331025124,0.0034393579699099064,0.01327432133257389,0.0007333654793910682,0.00015783491835463792]",0.08376806229352951,0.0217049028724432,0.02130655013024807,0.0005961116403341293
O-H,O1200,36,29,libero_goal,9,46,47,0.25,48,2026092101,0.052287764847278595,0.05718770623207092,"[0.09998274594545364,0.08507220447063446,0.06161436811089516,0.027989652007818222,0.011279570870101452]","[0.00965386163443327,0.1484651118516922,0.023150421679019928,0.15761137008666992,0.018408622592687607,0.041965335607528687,0.00105921586509794]",0.07706800848245621,"[0.10388769209384918,0.09948628395795822,0.08818526566028595,0.05982522666454315,0.03395557403564453]","[0.034418825060129166,0.1469098925590515,0.0031946355011314154,0.25761792063713074,0.0010427108500152826,0.09559007734060287,0.0007020034245215356]",0.03667346388101578,"[[[-0.14098018407821655,-0.20863670110702515,-0.2486773580312729,-0.16162070631980896,-0.2589375674724579,-0.09684985131025314,-0.9997546672821045],[-0.13312466442584991,-0.1961597502231598,-0.2462277114391327,-0.17239287495613098,-0.3051837384700775,-0.11117569357156754,-0.991411566734314],[-0.12210485339164734,-0.1999954879283905,-0.2302919626235962,-0.15641972422599792,-0.33414411544799805,-0.12312734127044678,-0.9892369508743286],[-0.08059445023536682,-0.2069660723209381,-0.21764609217643738,-0.14077457785606384,-0.3622055947780609,-0.1558830440044403,-0.9982532858848572],[-0.08893051743507385,-0.2146127074956894,-0.21485252678394318,-0.13831129670143127,-0.3746464252471924,-0.17350223660469055,-0.9969059824943542]]]","[[[-0.0928577184677124,-0.6074768304824829,-0.3343026638031006,0.15824544429779053,-0.015200436115264893,0.09380340576171875,-1.0],[-0.1285719871520996,-0.5669784545898438,-0.31104689836502075,0.15824544429779053,-0.0395163893699646,0.015927433967590332,-1.0],[-0.1285719871520996,-0.5233647227287292,-0.29941898584365845,0.11784148216247559,-0.051674485206604004,-0.019470691680908203,-1.0],[-0.1285719871520996,-0.4236763119697571,-0.2790701985359192,0.010097742080688477,-0.06991147994995117,-0.040709614753723145,-1.0],[-0.1285719871520996,-0.3239879012107849,-0.26162832975387573,-0.08417803049087524,-0.06991147994995117,-0.040709614753723145,-1.0]]]","[0.05239882692694664,0.04826550930738449,0.03932241350412369,0.024929197505116463,0.018451372161507607]","[0.0012503225589171052,0.09201478213071823,0.0044545321725308895,0.06250962615013123,0.07761505991220474,0.018829474225640297,4.045771129312925e-05]",0.08059258759021759,0.03107987530529499,0.04759252443909645,0.050686512142419815
O-H,O1200,36,32,libero_10,2,46,47,0.25,64,2026092101,0.08567563444375992,0.06967467069625854,"[0.16318689286708832,0.05378394573926926,0.04767114669084549,0.045971550047397614,0.03775980696082115]","[0.04499678313732147,0.07976093143224716,0.08636722713708878,0.02425391785800457,0.06291341781616211,0.019063090905547142,0.1703673154115677]",0.04337145760655403,"[0.06407132744789124,0.04567716643214226,0.03731121867895126,0.03558757156133652,0.03421000391244888]","[0.03403487801551819,0.04373432695865631,0.09131696075201035,0.008100819773972034,0.027205606922507286,0.0017510090256109834,0.09745658934116364]",0.15584950149059296,"[[[-0.25989416241645813,0.04375992715358734,-0.39884644746780396,-0.2306411862373352,-0.05567041039466858,-0.22903546690940857,-0.9944303035736084],[-0.23395615816116333,0.04895772784948349,-0.3665408492088318,-0.24515646696090698,-0.05182694271206856,-0.2165387123823166,1.0103087425231934],[-0.20253664255142212,0.04987521469593048,-0.28945213556289673,-0.24482111632823944,-0.03418264538049698,-0.20118966698646545,1.0121029615402222],[-0.15372967720031738,0.04271724820137024,-0.20468713343143463,-0.24882417917251587,-0.020450269803404808,-0.20294152200222015,1.007063388824463],[-0.14892475306987762,0.04725264385342598,-0.14743533730506897,-0.2656882405281067,0.009125297889113426,-0.18862327933311462,1.0149168968200684]]]","[[[-0.1285719871520996,0.24922049045562744,-0.09593069553375244,-0.40740931034088135,0.13069581985473633,-0.040709614753723145,0.9999990463256836],[-0.1285719871520996,0.24299001693725586,-0.04651212692260742,-0.4410792589187622,0.20364391803741455,-0.040709614753723145,0.9999990463256836],[-0.10357201099395752,0.23675942420959473,-0.017442405223846436,-0.4612812399864197,0.3069871664047241,-0.040709614753723145,0.9999990463256836],[-0.060714900493621826,0.22741377353668213,-0.017442405223846436,-0.4814831614494324,0.392093300819397,-0.040709614753723145,0.9999990463256836],[-0.046429216861724854,0.2024916410446167,-0.017442405223846436,-0.49495112895965576,0.4285672903060913,-0.040709614753723145,0.9999990463256836]]]","[0.6043446063995361,0.04083514213562012,0.04398017376661301,0.0469309501349926,0.04315667226910591]","[0.011460484936833382,0.03460004925727844,0.06402488052845001,0.044635873287916183,0.11250367015600204,0.02806679718196392,0.7956547141075134]",0.0998445674777031,0.055916812270879745,0.1610100418329239,0.004296866711229086
O-H,O1200,36,34,libero_10,4,46,47,0.25,68,2026092101,0.13150881230831146,0.061725057661533356,"[0.04668709263205528,0.05760851502418518,0.06342927366495132,0.07428321242332458,0.0666172057390213]","[0.23770283162593842,0.050367146730422974,0.03093777410686016,0.07912857085466385,0.026351332664489746,0.007337967399507761,0.00024979497538879514]",0.041193436831235886,"[0.032009318470954895,0.037682533264160156,0.04212469235062599,0.0504995658993721,0.043651096522808075]","[0.12525708973407745,0.04140805825591087,0.005874074529856443,0.06620679050683975,0.04648325964808464,0.0028533870354294777,0.0002714123984333128]",0.0440230518579483,"[[[0.7176008224487305,-0.4637488126754761,0.07512351125478745,-0.09209158271551132,-0.12989768385887146,-0.2597700357437134,1.0164940357208252],[0.7194379568099976,-0.43122005462646484,0.0411529615521431,-0.06856342405080795,-0.12907207012176514,-0.2606621980667114,1.0147490501403809],[0.7141669392585754,-0.4158685803413391,0.013563308864831924,-0.03790994733572006,-0.12599575519561768,-0.2689947187900543,1.01290762424469],[0.7172700762748718,-0.4007255434989929,-0.007638365030288696,-0.008147940039634705,-0.12302637100219727,-0.280884325504303,1.0072141885757446],[0.6994993686676025,-0.38974761962890625,-0.04371580481529236,0.021085456013679504,-0.12116528302431107,-0.2887473404407501,1.0081214904785156]]]","[[[0.4535706043243408,-0.6542057991027832,-0.017442405223846436,-0.09091198444366455,-0.30699288845062256,-0.040709614753723145,0.9999990463256836],[0.37142765522003174,-0.7009347081184387,-0.017442405223846436,0.0033638477325439453,-0.24012374877929688,-0.040709614753723145,0.9999990463256836],[0.31428492069244385,-0.7102804780006409,-0.08430278301239014,0.09090554714202881,-0.20364969968795776,-0.040709614753723145,0.9999990463256836],[0.26428496837615967,-0.6915888786315918,-0.13372141122817993,0.11784148216247559,-0.1854127049446106,-0.040709614753723145,0.9999990463256836],[0.23928487300872803,-0.6510905027389526,-0.17151212692260742,0.11784148216247559,-0.16109663248062134,-0.040709614753723145,0.9999990463256836]]]","[0.02773970551788807,0.03762761503458023,0.04729515686631203,0.05474218726158142,0.05271061882376671]","[0.1535443216562271,0.06971996277570724,0.010761694982647896,0.009400684386491776,0.011042377911508083,0.053537458181381226,0.00015486220945604146]",0.13073207437992096,0.039020225405693054,0.039565399289131165,0.00033313484163954854
O-H,O1200,36,35,libero_10,5,46,47,0.25,41,2026092101,0.09493295848369598,0.02290615625679493,"[0.020708803087472916,0.023046430200338364,0.024572212249040604,0.022167541086673737,0.02403581328690052]","[0.08372456580400467,0.004808306228369474,0.002009686781093478,0.013497901149094105,0.05434209108352661,0.0018207322573289275,0.0001398342865286395]",0.009555494412779808,"[0.009793145582079887,0.008025115355849266,0.010326897725462914,0.008638745173811913,0.01099357195198536]","[0.038418423384428024,0.003010455286130309,0.0005775500321760774,0.0021890103816986084,0.021676190197467804,0.000712343433406204,0.0003044905897695571]",0.01367796491831541,"[[[-0.27509498596191406,0.01291540265083313,-0.6350629925727844,-0.09887351840734482,-0.09556792676448822,-0.27624791860580444,-1.0231387615203857],[-0.2637343108654022,0.026872292160987854,-0.6149319410324097,-0.10233098268508911,-0.0997466892004013,-0.2648276686668396,-1.0044459104537964],[-0.2541525959968567,0.0277395099401474,-0.5963637828826904,-0.09399855881929398,-0.09627747535705566,-0.256375789642334,-1.0021321773529053],[-0.20797300338745117,0.02433629333972931,-0.5608406066894531,-0.08402717113494873,-0.09475763142108917,-0.2649487555027008,-1.00932776927948],[-0.21248677372932434,0.029506482183933258,-0.5426979064941406,-0.09958181530237198,-0.09195518493652344,-0.25727957487106323,-1.0055567026138306]]]","[[[-0.1285719871520996,-0.06230580806732178,-0.6540700197219849,-0.2659956216812134,0.047616004943847656,-0.15870356559753418,-1.0],[-0.1285719871520996,-0.04984474182128906,-0.6656979322433472,-0.2659956216812134,0.03545808792114258,-0.13038498163223267,-1.0],[-0.1285719871520996,-0.021807432174682617,-0.659883975982666,-0.2659956216812134,0.03951060771942139,-0.10914605855941772,-1.0],[-0.1285719871520996,-0.03426837921142578,-0.6511629819869995,-0.2659956216812134,0.051668763160705566,-0.09262692928314209,-1.0],[-0.14285767078399658,-0.05607527494430542,-0.6482560634613037,-0.2659956216812134,0.059774041175842285,-0.08318740129470825,-1.0]]]","[0.012895999476313591,0.012841800227761269,0.013137535192072392,0.014604599215090275,0.014909894205629826]","[0.013332213275134563,0.004951475653797388,0.005254785064607859,0.029020994901657104,0.020336562767624855,0.022714201360940933,0.00013551976007875055]",0.08992017805576324,0.008131736889481544,0.010892086662352085,0.0004510022117756307
O-H,O1200,36,36,libero_10,6,46,47,0.25,66,2026092101,0.17123757302761078,0.012866762466728687,"[0.020022142678499222,0.01350689772516489,0.009579422883689404,0.00963614508509636,0.011589210480451584]","[0.05030433088541031,0.01434984803199768,0.012774345465004444,0.004214873071759939,0.0010508326813578606,0.006945884320884943,0.00042723017395474017]",0.030159661546349525,"[0.04222802817821503,0.03437226265668869,0.030585452914237976,0.02477085031569004,0.018841713666915894]","[0.01695919968187809,0.011954727582633495,0.008286042138934135,0.01926884613931179,0.0023785734083503485,0.0036144740879535675,0.1486557573080063]",0.009384752251207829,"[[[-0.31252506375312805,-0.04039862006902695,-0.4066433012485504,-0.1856539249420166,-0.07658848911523819,-0.03373972699046135,-1.0207834243774414],[-0.29895418882369995,-0.020685821771621704,-0.3952108323574066,-0.18568480014801025,-0.08067358285188675,-0.03233841806650162,-1.0064741373062134],[-0.2867623269557953,-0.015142250806093216,-0.37634041905403137,-0.17787513136863708,-0.07634977251291275,-0.025717489421367645,-1.003658652305603],[-0.24253129959106445,-0.01582089066505432,-0.3494499921798706,-0.1673944592475891,-0.07289636135101318,-0.0368083119392395,-1.0102934837341309],[-0.23767735064029694,-0.010896280407905579,-0.33483344316482544,-0.18337678909301758,-0.06631895154714584,-0.03267418220639229,-1.0023976564407349]]]","[[[-0.4857146143913269,-0.19937735795974731,-0.24709343910217285,-0.20538973808288574,-0.06991147994995117,-0.05486893653869629,-1.0],[-0.4785717725753784,-0.1869162917137146,-0.33139568567276,-0.17171990871429443,-0.06991147994995117,-0.04424941539764404,-1.0],[-0.4785717725753784,-0.12772637605667114,-0.40116310119628906,-0.17845386266708374,-0.06991147994995117,-0.040709614753723145,-1.0],[-0.47142893075942993,-0.09968894720077515,-0.4302328824996948,-0.18518781661987305,-0.06991147994995117,-0.040709614753723145,-1.0],[-0.4500003457069397,-0.046729445457458496,-0.46511656045913696,-0.2255917191505432,-0.06991147994995117,-0.040709614753723145,-1.0]]]","[0.011719642207026482,0.009208864532411098,0.007194593548774719,0.009485792368650436,0.009314868599176407]","[0.03930462524294853,0.014779972843825817,0.010728852823376656,0.0005367118865251541,4.473454100661911e-05,0.0001785735075827688,0.0001197910969494842]",0.16997979581356049,0.03832203894853592,0.00916968286037445,0.00041258169221691787
O-H,O1200,36,37,libero_10,7,46,47,0.25,62,2026092101,0.07569989562034607,0.12131840735673904,"[0.09257563948631287,0.11673466116189957,0.1348627507686615,0.13237957656383514,0.13003945350646973]","[0.17256967723369598,0.0025326404720544815,0.36641451716423035,0.00762481102719903,0.2986179292201996,0.0009191919234581292,0.0005501479026861489]",0.06679186224937439,"[0.058907441794872284,0.06641458719968796,0.07234588265419006,0.06706731766462326,0.06922405958175659]","[0.11422111839056015,0.0003392376529518515,0.2234789878129959,0.0052228402346372604,0.12356535345315933,0.00017348768597003073,0.0005419652443379164]",0.07093184441328049,"[[[-0.1109606921672821,0.8437401056289673,0.6771721839904785,-0.11046061664819717,-0.2790432870388031,-0.19731271266937256,0.9933507442474365],[-0.11041351407766342,0.8774522542953491,0.6427068114280701,-0.10150507092475891,-0.2834056317806244,-0.18771328032016754,1.0083173513412476],[-0.1142723336815834,0.8939840793609619,0.6059310436248779,-0.0742064043879509,-0.2740494906902313,-0.17120946943759918,1.0132472515106201],[-0.08051472902297974,0.9029072523117065,0.5722841024398804,-0.04935561120510101,-0.25969308614730835,-0.17947062849998474,1.0062116384506226],[-0.0997997373342514,0.9217143058776855,0.5095651149749756,-0.045983925461769104,-0.23341123759746552,-0.15922811627388,1.0059212446212769]]]","[[[0.21785640716552734,0.8380053043365479,0.999998927116394,-0.19192183017730713,0.18540692329406738,-0.040709614753723145,0.9999990463256836],[0.21071362495422363,0.8535815477371216,0.999998927116394,-0.15825188159942627,0.20972299575805664,-0.040709614753723145,0.9999990463256836],[0.1892850399017334,0.878503680229187,0.999998927116394,-0.13131588697433472,0.22188103199005127,-0.040709614753723145,0.9999990463256836],[0.1892850399017334,0.9190021753311157,0.9505802392959595,-0.2390596866607666,0.22188103199005127,-0.040709614753723145,0.9999990463256836],[0.16785645484924316,0.9314632415771484,0.9156967401504517,-0.2659956216812134,0.22188103199005127,-0.040709614753723145,0.9999990463256836]]]","[0.06561276316642761,0.07134649157524109,0.0734415054321289,0.07190762460231781,0.07235082238912582]","[0.08956443518400192,0.00023928591690491885,0.13904301822185516,0.019502082839608192,0.22880831360816956,0.01929321512579918,7.251556235132739e-05]",0.07599873840808868,0.058487940579652786,0.061174456030130386,0.0008681297185830772
O-H,O1200,36,38,libero_10,8,46,47,0.25,98,2026092101,0.04380783066153526,0.00955831166356802,"[0.023440485820174217,0.0055821859277784824,0.006159311160445213,0.0058879731222987175,0.0067216032184660435]","[0.01728636771440506,0.0021887568291276693,0.00833806674927473,0.0016419440507888794,0.005157263018190861,0.00491418968886137,0.027381593361496925]",0.02992529235780239,"[0.04840117320418358,0.03245188295841217,0.024909889325499535,0.023669661954045296,0.020193850621581078]","[0.021841825917363167,0.0015256799524649978,0.004149387124925852,0.0005869746091775596,0.000910518690943718,0.0003888171922881156,0.1800738424062729]",0.11962323635816574,"[[[-0.1506035327911377,0.09276866167783737,-0.1535298228263855,-0.22151707112789154,-0.057156093418598175,-0.15747752785682678,-1.0103601217269897],[-0.14160142838954926,0.08987449109554291,-0.10023275762796402,-0.23532640933990479,-0.06625739485025406,-0.16064995527267456,1.0142080783843994],[-0.13931845128536224,0.08216268569231033,-0.0614057257771492,-0.23098015785217285,-0.06725577265024185,-0.1648554801940918,1.0137040615081787],[-0.11407861113548279,0.07248933613300323,-0.032221585512161255,-0.2336319237947464,-0.07345364987850189,-0.18753182888031006,1.0064356327056885],[-0.11891927570104599,0.07446420937776566,-0.017560452222824097,-0.23884354531764984,-0.07149680703878403,-0.19280681014060974,1.0139245986938477]]]","[[[-0.1285719871520996,0.09345734119415283,-0.2034887671470642,-0.2659956216812134,-0.06991147994995117,-0.040709614753723145,0.9999990463256836],[-0.1285719871520996,0.0965726375579834,-0.15697723627090454,-0.2659956216812134,-0.02127939462661743,-0.040709614753723145,0.9999990463256836],[-0.07142913341522217,0.07165050506591797,-0.03197723627090454,-0.2659956216812134,0.03951060771942139,-0.040709614753723145,0.9999990463256836],[-0.032143473625183105,0.03738260269165039,-0.017442405223846436,-0.2659956216812134,0.01519465446472168,-0.05840873718261719,0.9999990463256836],[-0.010714948177337646,0.024921536445617676,-0.017442405223846436,-0.2659956216812134,0.01519465446472168,-0.06902807950973511,0.9999990463256836]]]","[0.5800431370735168,0.002997967414557934,0.004830095451325178,0.00482634361833334,0.005418629851192236]","[0.004737131297588348,0.0007685608579777181,0.0013600612292066216,0.0011859339429065585,0.005791742354631424,0.015085316263139248,0.8084339499473572]",0.03850000351667404,0.027810363098978996,0.058866724371910095,0.012645544484257698
O-H,O1200,36,42,libero_90,2,46,47,0.25,28,2026092101,0.05181169882416725,0.01988115720450878,"[0.014114825055003166,0.01573948562145233,0.01896275393664837,0.020850641652941704,0.029738077893853188]","[0.014320150017738342,0.009503449313342571,0.004706913139671087,0.004350540228188038,0.07454799860715866,0.03064439259469509,0.0010946516413241625]",0.017543526366353035,"[0.019079335033893585,0.0178946815431118,0.015840057283639908,0.01639224961400032,0.018511319532990456]","[0.016970260068774223,0.004574112128466368,0.00042502471478655934,0.021054266020655632,0.06087750941514969,0.017891360446810722,0.0010121618397533894]",0.017514215782284737,"[[[-0.15204603970050812,-0.13146500289440155,-0.7257615327835083,-0.3126108944416046,-0.5474725365638733,-0.07946698367595673,-1.0166698694229126],[-0.15739496052265167,-0.12284225970506668,-0.7198490500450134,-0.31617817282676697,-0.5506013035774231,-0.07511816918849945,-1.0052955150604248],[-0.17249006032943726,-0.1296059936285019,-0.7085811495780945,-0.3110164999961853,-0.5487378835678101,-0.07087139040231705,-0.9997122287750244],[-0.15102198719978333,-0.1392783224582672,-0.6868797540664673,-0.29954203963279724,-0.5367822647094727,-0.08073680847883224,-1.0074461698532104],[-0.17653734982013702,-0.13986900448799133,-0.6783130168914795,-0.30306535959243774,-0.5077147483825684,-0.07847177982330322,-1.0082206726074219]]]","[[[-0.20000046491622925,-0.25856733322143555,-0.7470932006835938,-0.40740931034088135,-0.6960495114326477,0.08672380447387695,-1.0],[-0.26428622007369995,-0.2180689573287964,-0.7819768190383911,-0.468015193939209,-0.7082074880599976,0.11150252819061279,-1.0],[-0.30357182025909424,-0.19626212120056152,-0.7848838567733765,-0.47474920749664307,-0.702128529548645,0.12212193012237549,-1.0],[-0.3357146978378296,-0.1838010549545288,-0.7848838567733765,-0.47474920749664307,-0.6960495114326477,0.12920165061950684,-1.0],[-0.3892861008644104,-0.1713399887084961,-0.7877907752990723,-0.468015193939209,-0.6960495114326477,0.13628125190734863,-1.0]]]","[0.011124113574624062,0.015300463885068893,0.016433022916316986,0.020841671153903008,0.02387181855738163]","[0.022056246176362038,0.006527772638946772,0.006345437373965979,0.023351123556494713,0.026255911216139793,0.037977222353219986,8.58069397509098e-05]",0.060045208781957626,0.02404058910906315,0.025516629219055176,0.0027114010881632566
O-H,O1200,36,43,libero_90,3,46,47,0.25,43,2026092101,0.0961005687713623,0.1653333604335785,"[0.039652127772569656,0.06477446854114532,0.20135918259620667,0.33159589767456055,0.18928514420986176]","[0.07471757382154465,0.005898729898035526,0.051627110689878464,0.007522562053054571,0.2882605493068695,0.02139337919652462,0.7079136967658997]",0.19125398993492126,"[0.024010444059967995,0.0331910140812397,0.04794720560312271,0.4610311985015869,0.39009010791778564]","[0.07878818362951279,0.0009036017581820488,0.06951265782117844,0.003921755589544773,0.15131264925003052,0.012350856326520443,1.0219882726669312]",0.26731163263320923,"[[[-0.5329296588897705,0.051036007702350616,-0.7161353826522827,-0.24257338047027588,-0.159864604473114,-0.06298758089542389,-1.0161134004592896],[-0.5145758390426636,0.06395017355680466,-0.6846981644630432,-0.25397685170173645,-0.16291415691375732,-0.060940321534872055,-0.9973344802856445],[-0.49985188245773315,0.07031647861003876,-0.6522045135498047,-0.25991153717041016,-0.15527066588401794,-0.056267283856868744,-0.9938473701477051],[-0.4367973804473877,0.06599141657352448,-0.6044466495513916,-0.2601580023765564,-0.1429605633020401,-0.07468029856681824,-1.0036942958831787],[-0.4232206344604492,0.07060140371322632,-0.5675084590911865,-0.2759813070297241,-0.13299836218357086,-0.08157727122306824,-1.0050667524337769]]]","[[[-0.4321432113647461,0.02180635929107666,-0.5523258447647095,-0.2659956216812134,0.14285385608673096,-0.1008865237236023,-1.0],[-0.3607146739959717,0.02180635929107666,-0.49127936363220215,-0.2659956216812134,0.21580207347869873,-0.1008865237236023,-1.0],[-0.28928619623184204,0.02180635929107666,-0.45348870754241943,-0.2659956216812134,0.27051305770874023,-0.10796612501144409,-1.0],[-0.2250005006790161,0.02180635929107666,-0.4215119481086731,-0.2659956216812134,0.28267109394073486,-0.11504578590393066,0.9999990463256836],[-0.1285719871520996,0.015575766563415527,-0.27325624227523804,-0.2659956216812134,0.37993526458740234,-0.17168277502059937,0.9999990463256836]]]","[0.018818411976099014,0.02971906214952469,0.03860265016555786,0.6111268997192383,0.6382913589477539]","[0.04196896404027939,0.0019927690736949444,0.044756367802619934,0.00017277200822718441,0.17212389409542084,0.0030906349420547485,1.6070762872695923]",0.12929996848106384,0.18068766593933105,0.25801506638526917,0.0008112831856124103
O-H,O1200,36,51,libero_90,11,46,47,0.25,20,2026092101,0.04202655702829361,0.035102467983961105,"[0.03388894349336624,0.023211557418107986,0.03020171821117401,0.03947192057967186,0.04873819276690483]","[0.10842569172382355,0.05489618703722954,0.014002925716340542,0.01067756675183773,0.057211823761463165,0.00016260286793112755,0.00034046004293486476]",0.016745951026678085,"[0.01182916946709156,0.010529323481023312,0.014236997812986374,0.02111600525677204,0.026018258184194565]","[0.04064764454960823,0.019395554438233376,0.02126922272145748,0.008035014383494854,0.027594050392508507,5.783309097751044e-05,0.00022233327035792172]",0.01822325401008129,"[[[0.7551347017288208,-0.38420945405960083,-0.0454196073114872,-0.26120540499687195,-0.1693795621395111,-0.05079111456871033,-1.0221030712127686],[0.7711651921272278,-0.3467184901237488,-0.06431914865970612,-0.266624391078949,-0.18332022428512573,-0.05505605414509773,-1.0070595741271973],[0.7719708681106567,-0.33205467462539673,-0.07785829901695251,-0.2685471773147583,-0.19560584425926208,-0.05402516573667526,-1.0027554035186768],[0.7951328754425049,-0.3186154365539551,-0.08544005453586578,-0.2630614638328552,-0.20089761912822723,-0.06267791241407394,-1.0123368501663208],[0.7726453542709351,-0.2974478006362915,-0.10903631150722504,-0.2674156129360199,-0.20608459413051605,-0.05911807715892792,-1.0083928108215332]]]","[[[0.9107130765914917,-0.6728973388671875,-0.017442405223846436,-0.19192183017730713,-0.06991147994995117,-0.02655029296875,-1.0],[0.9499987363815308,-0.5607479214668274,-0.017442405223846436,-0.2659956216812134,-0.051674485206604004,-0.015930891036987305,-1.0],[0.9749988317489624,-0.47663581371307373,-0.017442405223846436,-0.2659956216812134,-0.02127939462661743,-0.008851230144500732,-1.0],[0.985713005065918,-0.4205610752105713,-0.04651212692260742,-0.2659956216812134,0.08206379413604736,-0.0017716288566589355,-1.0],[0.9821414947509766,-0.39563894271850586,-0.09593069553375244,-0.2659956216812134,0.14893293380737305,0.008847832679748535,-1.0]]]","[0.017728334292769432,0.014128440991044044,0.014031234197318554,0.018880948424339294,0.026347311213612556]","[0.035523172467947006,0.03401748463511467,0.0016634747153148055,0.000963549071457237,0.05274377018213272,0.002497604116797447,0.00015372254711110145]",0.08320342004299164,0.01646132953464985,0.015798578038811684,0.0014431583695113659
O-H,O1200,36,55,libero_90,15,46,47,0.25,32,2026092101,0.058898311108350754,0.06490262597799301,"[0.03952620550990105,0.056196682155132294,0.07604385912418365,0.07998417317867279,0.07276225090026855]","[0.13524115085601807,0.0034519012551754713,0.16531066596508026,0.005031764507293701,0.14396707713603973,0.0007001696503721178,0.000615674362052232]",0.03227871656417847,"[0.021089190617203712,0.02558821812272072,0.03551739826798439,0.03957347199320793,0.03962530195713043]","[0.07890597730875015,0.0012406930327415466,0.0820489451289177,0.0009215750615112484,0.06142919883131981,0.001374772167764604,2.9850058126612566e-05]",0.03300613537430763,"[[[-0.13844163715839386,0.2271675169467926,-0.7974988222122192,-0.1470034122467041,-0.20206382870674133,-0.01640602946281433,-1.008266568183899],[-0.1417604386806488,0.22437436878681183,-0.7800899744033813,-0.14384005963802338,-0.1972734034061432,-0.016399264335632324,-0.9953107833862305],[-0.14625312387943268,0.2086341679096222,-0.7631044387817383,-0.12862160801887512,-0.18027465045452118,-0.00990690290927887,-0.9883638024330139],[-0.12380564212799072,0.19027894735336304,-0.7341369390487671,-0.11165384203195572,-0.15830570459365845,-0.024669669568538666,-0.9985840320587158],[-0.14059732854366302,0.1779368370771408,-0.7149889469146729,-0.10863275080919266,-0.1367410272359848,-0.025262685492634773,-0.9950240850448608]]]","[[[0.12142789363861084,0.29283416271209717,-0.5319769978523254,-0.2659956216812134,-0.04559546709060669,0.054865479469299316,-1.0],[0.1249992847442627,0.252335786819458,-0.5174421072006226,-0.2659956216812134,0.03951060771942139,0.054865479469299316,-1.0],[0.14642786979675293,0.23675942420959473,-0.5029072761535645,-0.2659956216812134,0.11245882511138916,0.054865479469299316,-1.0],[0.13928496837615967,0.23987483978271484,-0.5000002980232239,-0.2659956216812134,0.14285385608673096,0.058405280113220215,-1.0],[0.08928501605987549,0.23987483978271484,-0.5232560634613037,-0.2659956216812134,0.20364391803741455,0.058405280113220215,-1.0]]]","[0.026590798050165176,0.031002258881926537,0.037578731775283813,0.03541690111160278,0.03444197401404381]","[0.06928353011608124,0.0024362094700336456,0.05975395441055298,0.019307440146803856,0.07456018775701523,0.005651105660945177,5.049813989899121e-05]",0.0926629826426506,0.049207013100385666,0.04047063738107681,0.006366006564348936
O-H,O1200,36,56,libero_90,16,46,47,0.25,35,2026092101,0.07462658733129501,0.052274323999881744,"[0.07847817242145538,0.05817810446023941,0.0475093312561512,0.041491419076919556,0.035714585334062576]","[0.15767855942249298,0.00192628416698426,0.005299425218254328,0.1811368316411972,0.004805877339094877,0.014613925479352474,0.00045934171066619456]",0.03022724576294422,"[0.035770971328020096,0.033257462084293365,0.02911330759525299,0.0272977277636528,0.02569676749408245]","[0.0293083768337965,0.0023777885362505913,0.003627769649028778,0.16205647587776184,0.011746080592274666,0.0022510141134262085,0.00022323067241813987]",0.019060226157307625,"[[[0.1289389580488205,0.07175227999687195,-0.7463462352752686,0.04333852231502533,-0.7132728099822998,-0.27042415738105774,-1.021721601486206],[0.09792830795049667,0.08319041877985,-0.7608959674835205,0.04890516400337219,-0.7040026187896729,-0.2629860043525696,-1.0061383247375488],[0.05726562440395355,0.08041157573461533,-0.7585235238075256,0.07067669928073883,-0.6827854514122009,-0.25483009219169617,-0.9992068409919739],[0.051293373107910156,0.0716773048043251,-0.7517841458320618,0.09851453453302383,-0.6542829275131226,-0.2596385180950165,-1.007027506828308],[-0.006279900670051575,0.07082942128181458,-0.7592217326164246,0.11070145666599274,-0.600243866443634,-0.24482926726341248,-1.0057615041732788]]]","[[[-0.1285719871520996,0.02180635929107666,-0.7034885287284851,0.25925517082214355,-0.6291804313659668,-0.040709614753723145,-1.0],[-0.1285719871520996,0.02180635929107666,-0.7325583100318909,0.2727231979370117,-0.6595754623413086,-0.04778921604156494,-1.0],[-0.16071486473083496,0.02180635929107666,-0.7412792444229126,0.25925517082214355,-0.6656544208526611,-0.05840873718261719,-1.0],[-0.18928629159927368,0.02180635929107666,-0.7470932006835938,0.252521276473999,-0.6595754623413086,-0.07256799936294556,-1.0],[-0.21071475744247437,0.02180635929107666,-0.7500001788139343,0.24578726291656494,-0.6413384675979614,-0.08318740129470825,-1.0]]]","[0.025367917492985725,0.02204129286110401,0.017954960465431213,0.017025507986545563,0.012911449186503887]","[0.05296039581298828,0.0029175083618611097,0.0006088426453061402,0.034848522394895554,0.0022111099679023027,0.0397566519677639,0.00011854339390993118]",0.11676263064146042,0.06074955314397812,0.05021905153989792,0.02178771421313286
O-H,O1200,36,62,libero_90,22,46,47,0.25,27,2026092101,0.08214959502220154,0.03541341796517372,"[0.028966577723622322,0.025256045162677765,0.023639125749468803,0.028828566893935204,0.07037678360939026]","[0.017990052700042725,0.018298130482435226,0.04844164475798607,0.12250373512506485,0.035278405994176865,0.005082945805042982,0.00029903239919804037]",0.014290244318544865,"[0.01085073221474886,0.010124571621418,0.010963575914502144,0.012496326118707657,0.027016015723347664]","[0.01031485665589571,0.012774509377777576,0.023127999156713486,0.02588304877281189,0.027035130187869072,0.0007238505640998483,0.00017231063975486904]",0.04472392797470093,"[[[0.36695706844329834,0.09112576395273209,-0.38050219416618347,0.13534940779209137,-0.07538649439811707,0.5706222057342529,-1.0098809003829956],[0.38114866614341736,0.11778940260410309,-0.36697348952293396,0.12595802545547485,-0.07007090747356415,0.5607889294624329,-1.0023043155670166],[0.391448974609375,0.13604789972305298,-0.34699660539627075,0.1202070564031601,-0.06226175278425217,0.5597200393676758,-0.9994136095046997],[0.4278354048728943,0.15314586460590363,-0.3220600485801697,0.11665156483650208,-0.062443263828754425,0.550977349281311,-1.005332589149475],[0.4257497191429138,0.17208483815193176,-0.3097686171531677,0.10003605484962463,-0.058732300996780396,0.5471558570861816,-0.9984134435653687]]]","[[[0.4285705089569092,0.02180635929107666,-0.4883723855018616,-0.28619760274887085,-0.06991147994995117,0.7522093057632446,-1.0],[0.4035705327987671,0.024921536445617676,-0.4738374948501587,-0.29293161630630493,-0.06991147994995117,0.7734483480453491,-1.0],[0.38214194774627686,0.05295896530151367,-0.46511656045913696,-0.3131335377693176,-0.06991147994995117,0.7911473512649536,-1.0],[0.3607133626937866,0.07788097858428955,-0.45639562606811523,-0.3670054078102112,-0.0820695161819458,0.8017667531967163,-1.0],[0.31428492069244385,0.13084053993225098,-0.4622095823287964,-0.5084190368652344,-0.19149166345596313,0.8300855159759521,-1.0]]]","[0.03300581872463226,0.03446357324719429,0.037477754056453705,0.04649274796247482,0.07217971980571747]","[0.0042630694806575775,0.005539857316762209,0.015658501535654068,0.22901920974254608,0.0036197516601532698,0.054940205067396164,2.684791797946673e-05]",0.11131183803081512,0.018219463527202606,0.0461190901696682,0.0029732955154031515
O-H,O1200,36,64,libero_90,24,46,47,0.25,28,2026092101,0.06616558879613876,0.039492152631282806,"[0.0455339290201664,0.03708534315228462,0.01998833939433098,0.03153569996356964,0.0633174479007721]","[0.06040535494685173,0.016146549955010414,0.030800318345427513,0.016570186242461205,0.08278153091669083,0.06969700753688812,4.411418194649741e-05]",0.016361845657229424,"[0.023833757266402245,0.01943228207528591,0.010485370643436909,0.009961888194084167,0.018095945939421654]","[0.014768953435122967,0.011383562348783016,0.01353684812784195,0.003219323232769966,0.0333276130259037,0.03828219696879387,1.4437063327932265e-05]",0.0255313441157341,"[[[0.3285062909126282,0.0026374459266662598,-0.29613763093948364,-0.02232622355222702,-0.35232463479042053,-0.869656503200531,-1.0120245218276978],[0.35573241114616394,0.02659013122320175,-0.31442153453826904,-0.010773826390504837,-0.3497249186038971,-0.8697943687438965,-0.99861741065979],[0.3726259469985962,0.03197881951928139,-0.32119518518447876,0.018359269946813583,-0.33573150634765625,-0.8661190271377563,-0.9955908060073853],[0.4111807346343994,0.03573378548026085,-0.3283906579017639,0.04235825687646866,-0.3176923394203186,-0.8684929013252258,-1.0020533800125122],[0.414036363363266,0.04303228110074997,-0.34387093782424927,0.061675816774368286,-0.2937457859516144,-0.8559414744377136,-1.0024166107177734]]]","[[[0.14285647869110107,0.02180635929107666,-0.28779107332229614,-0.16498583555221558,-0.10030657052993774,-0.9716814756393433,-1.0],[0.18214213848114014,0.02180635929107666,-0.3168608546257019,-0.13804996013641357,-0.06991147994995117,-0.9079647064208984,-1.0],[0.2714277505874634,0.05607426166534424,-0.31395387649536133,-0.13804996013641357,-0.06991147994995117,-0.8017702102661133,-1.0],[0.2749992609024048,0.06853532791137695,-0.27616316080093384,-0.13131588697433472,-0.06991147994995117,-0.6141599416732788,-1.0],[0.3285706043243408,0.12149477005004883,-0.2034887671470642,-0.2188577651977539,-0.06991147994995117,-0.42300981283187866,-1.0]]]","[0.018474504351615906,0.01801658235490322,0.01573692075908184,0.025513799861073494,0.049914922565221786]","[0.020138060674071312,0.0016406450886279345,0.004512583836913109,0.033975325524806976,0.06479322165250778,0.053624387830495834,3.519960955600254e-05]",0.07430486381053925,0.0369638167321682,0.031813375651836395,0.011299438774585724
O-H,O1200,36,73,libero_90,33,46,47,0.25,44,2026092101,0.06577074527740479,0.13756850361824036,"[0.3044714331626892,0.20861825346946716,0.10336784273386002,0.03805726394057274,0.03332771733403206]","[0.2858501374721527,0.02043774165213108,0.2303711175918579,0.0007579547818750143,0.3845169246196747,0.0367128923535347,0.004332806449383497]",0.06760388612747192,"[0.13496702909469604,0.10327907651662827,0.0556814968585968,0.02347325161099434,0.020618610084056854]","[0.10648683458566666,0.013195653446018696,0.08877622336149216,0.0011724652722477913,0.2450426071882248,0.0060156467370688915,0.012537804432213306]",0.06534789502620697,"[[[-0.1650342345237732,0.04225459694862366,-0.15378457307815552,-0.22442440688610077,-0.06691629439592361,-0.27378049492836,0.9019311666488647],[-0.1294352263212204,0.045675791800022125,-0.10372292995452881,-0.23148760199546814,-0.07150767743587494,-0.27176526188850403,1.009986162185669],[-0.08960451930761337,0.04514635354280472,-0.05340009555220604,-0.2162105143070221,-0.06986036151647568,-0.2751826345920563,1.0146660804748535],[-0.003146350383758545,0.03620337322354317,-0.003208339214324951,-0.19256113469600677,-0.0703791007399559,-0.29339760541915894,1.0093930959701538],[0.040916889905929565,0.03234705701470375,0.021920889616012573,-0.17406228184700012,-0.052852924913167953,-0.30076560378074646,1.0118366479873657]]]","[[[-0.79285728931427,-0.07788211107254028,-0.6424421072006226,-0.2659956216812134,-0.6291804313659668,-0.07256799936294556,0.9999990463256836],[-0.5964288711547852,-0.06230580806732178,-0.5145351886749268,-0.2659956216812134,-0.525837242603302,-0.05486893653869629,0.9999990463256836],[-0.38571470975875854,-0.043614208698272705,-0.35174453258514404,-0.2659956216812134,-0.37386202812194824,-0.040709614753723145,0.9999990463256836],[-0.17142915725708008,0.009345293045043945,-0.13372141122817993,-0.2659956216812134,-0.2583608031272888,-0.040709614753723145,0.9999990463256836],[-0.1285719871520996,0.02180635929107666,-0.017442405223846436,-0.2659956216812134,-0.21580767631530762,-0.040709614753723145,0.9999990463256836]]]","[0.1450505256652832,0.09332282096147537,0.047808196395635605,0.021534763276576996,0.019023185595870018]","[0.1513943374156952,0.00696075102314353,0.10302908718585968,0.0038483780808746815,0.13537293672561646,0.054797686636447906,0.002032110234722495]",0.07783929258584976,0.07560990750789642,0.12958833575248718,0.049539417028427124
O-H,O1200,36,95,libero_90,55,46,47,0.25,27,2026092101,0.047187209129333496,0.025892125442624092,"[0.012353942729532719,0.02694631554186344,0.03540247306227684,0.027184905484318733,0.027572983875870705]","[0.020376048982143402,0.09931888431310654,0.048514384776353836,0.00893433578312397,0.0007878982578404248,0.003023390891030431,0.0002899237733799964]",0.013017801567912102,"[0.004976323805749416,0.011698736809194088,0.01717023178935051,0.014421755447983742,0.016821961849927902]","[0.010588242672383785,0.04504939541220665,0.029132887721061707,0.004697577562183142,0.0007985317497514188,0.0005235587595961988,0.00033441948471590877]",0.01628563366830349,"[[[-0.29773080348968506,-0.05301474779844284,-0.7610501646995544,-0.13094162940979004,-0.09056612849235535,-0.07175837457180023,-1.0210548639297485],[-0.29892224073410034,-0.02456071972846985,-0.7454779744148254,-0.1443997472524643,-0.09064464271068573,-0.06818608939647675,-1.0002256631851196],[-0.30244338512420654,-0.011213503777980804,-0.7291842103004456,-0.14697925746440887,-0.08294840157032013,-0.059067368507385254,-0.9954702258110046],[-0.2694493532180786,-0.009126417338848114,-0.699774980545044,-0.14679494500160217,-0.08209875226020813,-0.07002522051334381,-1.0051990747451782],[-0.29674825072288513,0.00416785292327404,-0.6885129809379578,-0.1722916066646576,-0.07757163047790527,-0.06311735510826111,-1.0034289360046387]]]","[[[-0.3535718321800232,-0.2928352355957031,-0.7470932006835938,-0.12458193302154541,-0.06991147994995117,-0.040709614753723145,-1.0],[-0.33928608894348145,-0.3707168698310852,-0.6540700197219849,-0.25252771377563477,-0.06991147994995117,-0.040709614753723145,-1.0],[-0.29285764694213867,-0.36448633670806885,-0.584302544593811,-0.2659956216812134,-0.06991147994995117,-0.040709614753723145,-1.0],[-0.2678576111793518,-0.2741437554359436,-0.5377909541130066,-0.2659956216812134,-0.06991147994995117,-0.040709614753723145,-1.0],[-0.2571433186531067,-0.2149537205696106,-0.5058141946792603,-0.2659956216812134,-0.06991147994995117,-0.040709614753723145,-1.0]]]","[0.008957325480878353,0.02038360945880413,0.022939523681998253,0.015959901735186577,0.01318780705332756]","[0.0012820862466469407,0.0840776190161705,0.017831716686487198,0.009777247905731201,0.00024672949803061783,0.0006835001986473799,0.00010053301230072975]",0.08523331582546234,0.015110618434846401,0.021192263811826706,0.00232718070037663
O-H,O1200,36,96,libero_90,56,46,47,0.25,26,2026092101,0.08715619891881943,0.019508926197886467,"[0.014032687991857529,0.007894739508628845,0.018240589648485184,0.02450794167816639,0.03286866843700409]","[0.00942430179566145,0.0256930124014616,0.06972401589155197,0.015381887555122375,0.00444185733795166,0.011329742148518562,0.0005676524597220123]",0.019243808463215828,"[0.01183471642434597,0.008230523206293583,0.016392162069678307,0.025603605434298515,0.03415803238749504]","[0.01179505605250597,0.01080207247287035,0.10396380722522736,0.0023082164116203785,0.0010780604789033532,0.004368516616523266,0.0003909226506948471]",0.008764379657804966,"[[[-0.5885326266288757,-0.032689109444618225,-1.0152826309204102,-0.13764236867427826,-0.13149400055408478,-0.045120831578969955,-1.0159310102462769],[-0.5933824181556702,-0.01576162874698639,-1.003711462020874,-0.14534270763397217,-0.12930592894554138,-0.039368536323308945,-0.998155415058136],[-0.5976411700248718,-0.010737664997577667,-0.9935388565063477,-0.14488036930561066,-0.11887365579605103,-0.02692684531211853,-0.9969956278800964],[-0.558918833732605,-0.017549633979797363,-0.9578112363815308,-0.14043515920639038,-0.1038099080324173,-0.03836537152528763,-1.0070462226867676],[-0.5631042122840881,-0.009503312408924103,-0.9367366433143616,-0.16094669699668884,-0.09740877151489258,-0.029772238805890083,-1.0046013593673706]]]","[[[-0.6321431398391724,-0.19937735795974731,-0.9098837971687317,-0.2659956216812134,-0.1854127049446106,-0.061948537826538086,-1.0],[-0.6500002145767212,0.0031147003173828125,-0.9040698409080505,-0.27946358919143677,-0.06991147994995117,-0.040709614753723145,-1.0],[-0.6321431398391724,0.02180635929107666,-0.8372094035148621,-0.3468034863471985,-0.06991147994995117,-0.040709614753723145,-1.0],[-0.5928574204444885,0.05607426166534424,-0.7703490257263184,-0.3198675513267517,-0.06991147994995117,-0.040709614753723145,-1.0],[-0.5214288830757141,0.06542003154754639,-0.7209303975105286,-0.2659956216812134,-0.06991147994995117,-0.040709614753723145,-1.0]]]","[0.008673503063619137,0.005001665558665991,0.010008233599364758,0.010730660520493984,0.009407836012542248]","[0.001837299787439406,0.008046877570450306,0.025438135489821434,0.02369343303143978,0.0021474852692335844,0.0001200113256345503,6.740952812833712e-05]",0.08971064537763596,0.034607842564582825,0.01643565483391285,0.0035864326637238264
O-H,O1200,36,97,libero_90,57,46,47,0.25,38,2026092101,0.0880332738161087,0.07198702543973923,"[0.10347328335046768,0.07690229266881943,0.07108700275421143,0.06314777582883835,0.045324765145778656]","[0.23752453923225403,0.037865497171878815,0.011062066070735455,0.027210703119635582,0.18593309819698334,0.003988904412835836,0.0003243492392357439]",0.03069308213889599,"[0.045807790011167526,0.03337356448173523,0.02951171062886715,0.026541758328676224,0.018230587244033813]","[0.10099958628416061,0.020414268597960472,0.0065995329059660435,0.0063041760586202145,0.07904558628797531,0.0014024069532752037,8.600432920502499e-05]",0.0465274378657341,"[[[0.24879267811775208,-0.07330473512411118,-0.6862816214561462,-0.09773273766040802,-0.2041081041097641,-0.20425763726234436,-1.022112488746643],[0.2343883067369461,-0.03950212150812149,-0.7002602815628052,-0.09864215552806854,-0.20828743278980255,-0.2018129676580429,-1.0054709911346436],[0.21407824754714966,-0.03102927654981613,-0.715182363986969,-0.08046358078718185,-0.2032383680343628,-0.19753389060497284,-0.999462366104126],[0.22041594982147217,-0.02608262374997139,-0.7174796462059021,-0.06019765883684158,-0.1983938366174698,-0.209120512008667,-1.0087884664535522],[0.17914777994155884,-0.019986826926469803,-0.7279307842254639,-0.05408913642168045,-0.18188127875328064,-0.20708653330802917,-1.0070977210998535]]]","[[[-0.1285719871520996,-0.22118425369262695,-0.6250002384185791,-0.2659956216812134,0.15501189231872559,-0.040709614753723145,-1.0],[-0.1285719871520996,-0.24922162294387817,-0.668604850769043,-0.2659956216812134,0.1185377836227417,-0.040709614753723145,-1.0],[-0.1285719871520996,-0.2647978663444519,-0.6889536380767822,-0.2659956216812134,0.11245882511138916,-0.040709614753723145,-1.0],[-0.1285719871520996,-0.2990657687187195,-0.697674572467804,-0.2659956216812134,0.057747721672058105,-0.040709614753723145,-1.0],[-0.110714852809906,-0.31775736808776855,-0.7005815505981445,-0.2659956216812134,-0.015200436115264893,-0.040709614753723145,-1.0]]]","[0.05036347731947899,0.048218660056591034,0.047346554696559906,0.047586482018232346,0.039122022688388824]","[0.11947327107191086,0.05673709139227867,0.0013171284226700664,0.03559977561235428,0.08576752245426178,0.026667922735214233,0.0001293595414608717]",0.09710290282964706,0.035072654485702515,0.04770122468471527,0.0018034125678241253
O-H,O1200,36,101,libero_90,61,46,47,0.25,36,2026092101,0.04687834531068802,0.02701771818101406,"[0.029621334746479988,0.021840212866663933,0.015778962522745132,0.025957800447940826,0.041890282183885574]","[0.06042638048529625,0.006454692222177982,0.00023859697103034705,0.02411801554262638,0.09056666493415833,0.007205822970718145,0.00011384880781406537]",0.012957241386175156,"[0.013578136451542377,0.009414969012141228,0.006964023225009441,0.014026876538991928,0.02080220729112625]","[0.022080427035689354,0.003006119979545474,0.0020958080422133207,0.008741027675569057,0.051981259137392044,0.002747579012066126,4.847821037401445e-05]",0.022548802196979523,"[[[0.05519551783800125,-0.0077705904841423035,-0.7407017946243286,-0.14698609709739685,-0.37318509817123413,-0.17400233447551727,-1.0171500444412231],[0.05288213491439819,0.014306671917438507,-0.7516198754310608,-0.15646818280220032,-0.39993274211883545,-0.16858211159706116,-1.0040488243103027],[0.045370206236839294,0.019440382719039917,-0.7550986409187317,-0.15534542500972748,-0.41698789596557617,-0.16202031075954437,-0.9985882639884949],[0.06730091571807861,0.018781516700983047,-0.7495563626289368,-0.15301650762557983,-0.4309370219707489,-0.17079566419124603,-1.0052884817123413],[0.04405659809708595,0.022702384740114212,-0.7514621019363403,-0.16204509139060974,-0.4286854565143585,-0.16554710268974304,-1.0053019523620605]]]","[[[-0.10357201099395752,-0.12149584293365479,-0.8226745128631592,-0.2659956216812134,-0.1428595781326294,-0.05840873718261719,-1.0],[-0.12500053644180298,-0.11215001344680786,-0.8284884691238403,-0.2659956216812134,-0.1793336272239685,-0.05486893653869629,-1.0],[-0.1285719871520996,-0.08722788095474243,-0.8226745128631592,-0.2659956216812134,-0.21580767631530762,-0.04424941539764404,-1.0],[-0.1285719871520996,-0.08411264419555664,-0.8430233597755432,-0.2659956216812134,-0.12462258338928223,-0.040709614753723145,-1.0],[-0.1285719871520996,-0.031153202056884766,-0.8226745128631592,-0.40740931034088135,-0.06991147994995117,-0.040709614753723145,-1.0]]]","[0.01796131581068039,0.01816423237323761,0.01611277647316456,0.025890376418828964,0.034615304321050644]","[0.031054416671395302,0.010758094489574432,0.006200418341904879,0.02227417565882206,0.07294692099094391,0.01453386526554823,7.371774700004607e-05]",0.08165592700242996,0.02017100155353546,0.02485540695488453,0.002634236356243491
O-L,O1200,36,0,libero_spatial,0,46,47,0.25,22,2026092101,0.12569138407707214,0.15701773762702942,"[0.16834327578544617,0.15981978178024292,0.12180805951356888,0.11573857814073563,0.2193790227174759]","[0.3419312536716461,0.30953624844551086,0.007461290340870619,0.1523102968931198,0.2704184949398041,0.016942573711276054,0.0005239934544079006]",0.07218561321496964,"[0.07422341406345367,0.06415887922048569,0.05478374660015106,0.057934269309043884,0.10982776433229446]","[0.19387023150920868,0.15148556232452393,0.007490918040275574,0.042372509837150574,0.10972479730844498,0.00025732905487529933,9.792563650989905e-05]",0.10281934589147568,"[[[-0.37069937586784363,0.24717770516872406,-0.9595277309417725,0.15994656085968018,-0.5443177819252014,-0.18107940256595612,-1.0300875902175903],[-0.4143906533718109,0.2749684751033783,-0.973537027835846,0.14438621699810028,-0.5582417249679565,-0.16691768169403076,-1.0059248208999634],[-0.46346336603164673,0.279681533575058,-0.9752950072288513,0.13991568982601166,-0.554394006729126,-0.14905449748039246,-0.9978398680686951],[-0.46883267164230347,0.26641198992729187,-0.9626572132110596,0.14496755599975586,-0.5478269457817078,-0.1623390018939972,-1.007394790649414],[-0.539584219455719,0.26611366868019104,-0.9669153690338135,0.11319803446531296,-0.5169559717178345,-0.14660020172595978,-1.0029754638671875]]]","[[[-0.08928626775741577,0.8037372827529907,-1.034883737564087,-0.2659956216812134,-0.06991147994995117,-0.040709614753723145,-1.0],[-0.1535719633102417,0.7507778406143188,-1.034883737564087,-0.2659956216812134,-0.06991147994995117,-0.040709614753723145,-1.0],[-0.46428608894348145,0.6542047262191772,-1.034883737564087,-0.2659956216812134,-0.06991147994995117,-0.040709614753723145,-1.0],[-0.9071429371833801,0.33644795417785645,-1.034883737564087,-0.20538973808288574,-0.06991147994995117,-0.040709614753723145,-1.0],[-1.3249998092651367,0.06542003154754639,-1.034883737564087,-0.13131588697433472,-0.06991147994995117,-0.040709614753723145,-1.0]]]","[0.11738964170217514,0.10300394892692566,0.07929281890392303,0.08117705583572388,0.13323326408863068]","[0.19124279916286469,0.14432074129581451,0.004565826617181301,0.1394282579421997,0.2253006249666214,0.014675457961857319,0.00020171380310785025]",0.12821900844573975,0.07472159713506699,0.10370836406946182,0.0008419532678090036
O-L,O1200,36,1,libero_spatial,1,46,47,0.25,33,2026092101,0.15047290921211243,0.2306116670370102,"[0.40151718258857727,0.2710215449333191,0.15130063891410828,0.17406271398067474,0.15515628457069397]","[0.16894474625587463,0.8230466246604919,0.07918134331703186,0.4716742932796478,0.0033942335285246372,0.06796777993440628,7.2655406256672e-05]",0.11426406353712082,"[0.17097114026546478,0.12040315568447113,0.0826408788561821,0.10164614021778107,0.0956590548157692]","[0.07783835381269455,0.3761901557445526,0.04537178575992584,0.20401683449745178,0.009676304645836353,0.0866602435708046,9.487052739132196e-05]",0.11785436421632767,"[[[0.4068151116371155,0.02770792692899704,-0.7624160051345825,-0.008155707269906998,-0.10266262292861938,-0.4295399785041809,-1.0169038772583008],[0.36806410551071167,0.03610263019800186,-0.7720546126365662,-0.010433550924062729,-0.11393843591213226,-0.44146227836608887,-1.0028687715530396],[0.3262348175048828,0.027264676988124847,-0.7757803797721863,0.007066924124956131,-0.11183035373687744,-0.44612276554107666,-0.9970690011978149],[0.30205807089805603,0.01599402353167534,-0.7724876403808594,0.03103300929069519,-0.11412317305803299,-0.46610233187675476,-1.0074282884597778],[0.21105016767978668,0.014214087277650833,-0.7842361927032471,0.044631823897361755,-0.1043437048792839,-0.47380948066711426,-1.0073224306106567]]]","[[[0.007142186164855957,0.9345784187316895,-0.41569799184799194,-0.4882171154022217,-0.15501761436462402,-0.25663846731185913,-1.0],[0.1357135772705078,0.7632389068603516,-0.593023419380188,-0.5690249800682068,-0.06991147994995117,-0.34159404039382935,-1.0],[0.31071341037750244,0.4922109842300415,-0.7906978130340576,-0.5757589340209961,-0.06991147994995117,-0.4796469211578369,-1.0],[0.40714192390441895,0.3676004409790039,-0.9244186878204346,-0.6565667390823364,-0.06991147994995117,-0.5539830923080444,-1.0],[0.364284873008728,0.17756950855255127,-1.034883737564087,-0.6565667390823364,-0.06991147994995117,-0.5964608788490295,-1.0]]]","[0.19510667026042938,0.13410153985023499,0.07988773286342621,0.0914684385061264,0.08870743960142136]","[0.04969792440533638,0.3435256779193878,0.04767906293272972,0.36932843923568726,0.0019153723260387778,0.012751772068440914,8.227182843256742e-05]",0.1614782214164734,0.1160188689827919,0.12317976355552673,0.0015931217931210995
O-L,O1200,36,2,libero_spatial,2,46,47,0.25,29,2026092101,0.06756200641393661,0.004511593841016293,"[0.013525322079658508,0.0025809898506850004,0.001926389872096479,0.0022074163425713778,0.002317852806299925]","[0.013704018667340279,8.648065704619512e-05,0.010010424070060253,0.000998709350824356,0.0035076779313385487,0.0023363379295915365,0.0009375091758556664]",0.00234339851886034,"[0.005551119334995747,0.0012479505967348814,0.00159783277194947,0.001788130379281938,0.00153195986058563]","[0.00272792368195951,0.0007815924473106861,0.0035864380188286304,0.005919996649026871,0.0012823791475966573,0.0017746704397723079,0.0003307895385660231]",0.006344615016132593,"[[[-0.13800019025802612,0.014191016554832458,-0.6822377443313599,-0.18929949402809143,-0.19288113713264465,-0.1500728875398636,-1.0214424133300781],[-0.13292351365089417,0.03699999302625656,-0.6607327461242676,-0.19686192274093628,-0.19604144990444183,-0.1478838324546814,-1.0013139247894287],[-0.1285490095615387,0.04230474680662155,-0.629690408706665,-0.19406552612781525,-0.18014875054359436,-0.14492326974868774,-0.9975049495697021],[-0.09748226404190063,0.0410621277987957,-0.5952697396278381,-0.18412993848323822,-0.1657387912273407,-0.1593559980392456,-1.0067946910858154],[-0.10732701420783997,0.047908056527376175,-0.5680825710296631,-0.19181163609027863,-0.1403617560863495,-0.15986868739128113,-0.9982254505157471]]]","[[[0.07499933242797852,0.02180635929107666,-0.5494188666343689,-0.2659956216812134,-0.13070160150527954,-0.040709614753723145,-1.0],[-0.02500063180923462,0.02180635929107666,-0.6366281509399414,-0.2659956216812134,-0.17325466871261597,-0.040709614753723145,-1.0],[-0.060714900493621826,0.02180635929107666,-0.668604850769043,-0.2659956216812134,-0.20972871780395508,-0.0300900936126709,-1.0],[-0.06428635120391846,0.024921536445617676,-0.6831396818161011,-0.2659956216812134,-0.15501761436462402,-0.008851230144500732,-1.0],[-0.06785768270492554,0.02180635929107666,-0.6802327036857605,-0.2659956216812134,-0.14893865585327148,-0.008851230144500732,-1.0]]]","[0.01217662077397108,0.004177996423095465,0.003682540263980627,0.005514057818800211,0.006171861197799444]","[0.012855482287704945,0.0003301682590972632,0.00800700020045042,0.0056081912480294704,0.001089802710339427,0.016418252140283585,0.00010340912558604032]",0.0691605806350708,0.00360120739787817,0.005246886983513832,0.0004967975546605885
O-L,O1200,36,4,libero_spatial,4,46,47,0.25,37,2026092101,0.11811094731092453,0.03326135501265526,"[0.01837030053138733,0.022917481139302254,0.02607150189578533,0.040599524974823,0.05834797024726868]","[0.040780991315841675,0.0064491042867302895,0.08634893596172333,0.01488646399229765,0.054114729166030884,0.03002110682427883,0.0002281506167491898]",0.01817408949136734,"[0.012535023503005505,0.013780662789940834,0.015619770623743534,0.01957787573337555,0.02935711480677128]","[0.022364197298884392,0.0048002139665186405,0.04986495524644852,0.011561685241758823,0.017448393628001213,0.019560301676392555,0.0016188760055229068]",0.026110202074050903,"[[[-0.7082099318504333,0.02209831029176712,-0.8199777603149414,-0.2163664847612381,-0.780034601688385,-0.043990831822156906,-1.017503023147583],[-0.7157033681869507,0.0458424910902977,-0.8286635875701904,-0.23350706696510315,-0.803217887878418,-0.039490681141614914,-0.9986456036567688],[-0.7153022885322571,0.054560258984565735,-0.8206113576889038,-0.24123738706111908,-0.8074805736541748,-0.030731379985809326,-0.9947147965431213],[-0.6727856993675232,0.050211839377880096,-0.8004298210144043,-0.23763200640678406,-0.7903242111206055,-0.039976686239242554,-1.0044121742248535],[-0.6707191467285156,0.057795241475105286,-0.7960062026977539,-0.25714004039764404,-0.7598437070846558,-0.028929125517606735,-0.9966506958007812]]]","[[[-0.7678573131561279,0.02180635929107666,-1.034883737564087,-0.2659956216812134,-0.598785400390625,0.13628125190734863,-1.0],[-0.7857143878936768,0.06853532791137695,-1.034883737564087,-0.2659956216812134,-0.5562323331832886,0.11504232883453369,-1.0],[-0.8142858743667603,0.0872267484664917,-1.034883737564087,-0.2659956216812134,-0.525837242603302,0.11504232883453369,-1.0],[-0.9142857789993286,0.133955717086792,-1.034883737564087,-0.2659956216812134,-0.4832841753959656,0.10442280769348145,-1.0],[-0.9964285492897034,0.10591840744018555,-1.034883737564087,-0.2659956216812134,-0.4589681029319763,0.07964420318603516,-1.0]]]","[0.016837311908602715,0.019126130267977715,0.022570190951228142,0.033750392496585846,0.03826697915792465]","[0.03653320297598839,0.0021822049748152494,0.049331020563840866,0.001002888660877943,0.07159515470266342,0.022053567692637444,7.33617416699417e-05]",0.11658652126789093,0.018874110653996468,0.021991277113556862,0.00216556154191494
O-L,O1200,36,5,libero_spatial,5,46,47,0.25,27,2026092101,0.06524166464805603,0.12497776746749878,"[0.1615898609161377,0.21459312736988068,0.0966109111905098,0.0869736447930336,0.06512132287025452]","[0.1250033676624298,0.1750405877828598,0.15719658136367798,0.0017063478007912636,0.2281987965106964,0.03341727331280708,0.15428143739700317]",0.11444898694753647,"[0.14623090624809265,0.1909559816122055,0.10722032934427261,0.08452744036912918,0.04331027716398239]","[0.10305216163396835,0.06050876900553703,0.09855929017066956,0.00035672137164510787,0.12892946600914001,0.005116824060678482,0.40461966395378113]",0.0432557575404644,"[[[-0.4678695797920227,0.08195094764232635,-0.45858877897262573,-0.21223126351833344,-0.09271125495433807,-0.37854325771331787,-1.0074862241744995],[-0.37373101711273193,0.10144927352666855,-0.37558943033218384,-0.22890645265579224,-0.09849754720926285,-0.39712855219841003,1.006334662437439],[-0.28458768129348755,0.11133532226085663,-0.27098348736763,-0.23896433413028717,-0.08659788221120834,-0.41031336784362793,1.0197172164916992],[-0.19126075506210327,0.10699369758367538,-0.1634519398212433,-0.24068094789981842,-0.08430232107639313,-0.4485117495059967,1.0080784559249878],[-0.175389364361763,0.11281879246234894,-0.1108170747756958,-0.2557350993156433,-0.0797150507569313,-0.46553993225097656,1.01515531539917]]]","[[[-0.26428622007369995,0.42056000232696533,-0.2790701985359192,-0.27946358919143677,-0.46504712104797363,-0.08318740129470825,-1.0],[-0.1285719871520996,0.40186846256256104,-0.10755860805511475,-0.2659956216812134,-0.44073110818862915,-0.15398377180099487,0.9999990463256836],[-0.12142914533615112,0.3676004409790039,-0.03197723627090454,-0.27272963523864746,-0.3799409866333008,-0.20354115962982178,0.9999990463256836],[-0.1285719871520996,0.3676004409790039,-0.017442405223846436,-0.30639952421188354,-0.3981780409812927,-0.2318597435951233,0.9999990463256836],[-0.1285719871520996,0.32398688793182373,-0.017442405223846436,-0.3131335377693176,-0.3495458960533142,-0.2637180685997009,0.9999990463256836]]]","[0.059824928641319275,0.05712202191352844,0.039964333176612854,0.03471497446298599,0.024652529507875443]","[0.026858318597078323,0.07661747932434082,0.03824580833315849,0.0029298800509423018,0.10262693464756012,0.05535587668418884,0.0001559958327561617]",0.06424614042043686,0.143708273768425,0.05128766596317291,0.001921160495840013
O-L,O1200,36,7,libero_spatial,7,46,47,0.25,30,2026092101,0.06815604865550995,0.07704140990972519,"[0.10440225154161453,0.0776088610291481,0.0776687040925026,0.0734635442495346,0.05206367000937462]","[0.17015287280082703,0.04830998182296753,0.049777597188949585,0.06801798194646835,0.13044248521327972,0.02957705594599247,0.0430118590593338]",0.032612770795822144,"[0.03997939079999924,0.03408661484718323,0.030434632673859596,0.03210512548685074,0.026458093896508217]","[0.04657366871833801,0.022039322182536125,0.01674402877688408,0.027486652135849,0.08524475246667862,0.0034610286820679903,0.026739943772554398]",0.17192338407039642,"[[[-0.2185487151145935,-0.03892884403467178,-0.2231927216053009,-0.2535155415534973,0.29684531688690186,-0.21023590862751007,-1.0176477432250977],[-0.17570555210113525,-0.0204601027071476,-0.17080895602703094,-0.2460116744041443,0.3734588027000427,-0.23055915534496307,0.9924426674842834],[-0.1518186777830124,-0.02019057422876358,-0.10245407372713089,-0.23830506205558777,0.4015336334705353,-0.24132566154003143,1.0117350816726685],[-0.10894536972045898,-0.0332837849855423,-0.047878630459308624,-0.22506335377693176,0.4255930483341217,-0.2739264965057373,1.0080351829528809],[-0.10226551443338394,-0.03532278537750244,-0.03013397753238678,-0.21935170888900757,0.4437176585197449,-0.2830457389354706,1.0160059928894043]]]","[[[-0.5750002861022949,0.02180635929107666,-0.4447677731513977,-0.4814831614494324,0.641332745552063,-0.040709614753723145,0.9999990463256836],[-0.5142860412597656,0.02180635929107666,-0.36627936363220215,-0.49495112895965576,0.7568339109420776,-0.040709614753723145,0.9999990463256836],[-0.45357179641723633,0.02180635929107666,-0.29651206731796265,-0.5016851425170898,0.8237029314041138,-0.040709614753723145,0.9999990463256836],[-0.38571470975875854,0.02180635929107666,-0.2412794828414917,-0.47474920749664307,0.8601770401000977,-0.07610780000686646,0.9999990463256836],[-0.2857147455215454,-0.03738367557525635,-0.15988421440124512,-0.39394134283065796,0.9392043352127075,-0.16106337308883667,0.9999990463256836]]]","[0.63573157787323,0.05709702894091606,0.059779681265354156,0.05820617079734802,0.04880250245332718]","[0.08860086649656296,0.0020556265953928232,0.035840343683958054,0.055226750671863556,0.17564907670021057,0.03180814906954765,0.8142828345298767]",0.08013109117746353,0.029985152184963226,0.15955430269241333,0.006887659430503845
O-L,O1200,36,12,libero_object,2,46,47,0.25,32,2026092101,0.08425398170948029,0.059726469218730927,"[0.06807201355695724,0.07569434493780136,0.057943835854530334,0.0423688143491745,0.054553333669900894]","[0.04910670593380928,0.004176789429038763,0.007838831283152103,0.00853078905493021,0.34726500511169434,0.0008502296404913068,0.00031688573653809726]",0.028675490990281105,"[0.03335488215088844,0.03647414967417717,0.029069971293210983,0.020534610375761986,0.02394385077059269]","[0.032608963549137115,0.0015297948848456144,0.0031527311075478792,0.003452775301411748,0.1593453735113144,0.00021473744709510356,0.00042407584260217845]",0.032099273055791855,"[[[-0.30270931124687195,0.003826729953289032,-0.6304106712341309,-0.10214882344007492,-0.13984628021717072,-0.11799897998571396,-1.0125969648361206],[-0.2907285988330841,0.020261898636817932,-0.6117094159126282,-0.10966572910547256,-0.1410236358642578,-0.11559027433395386,-0.9963584542274475],[-0.27865657210350037,0.02195032685995102,-0.593323290348053,-0.11071187257766724,-0.13150954246520996,-0.10823507606983185,-0.9932251572608948],[-0.23732787370681763,0.01696581393480301,-0.5621432065963745,-0.10666252672672272,-0.12226645648479462,-0.12166477739810944,-1.0036895275115967],[-0.24250534176826477,0.021477095782756805,-0.5509282946586609,-0.1289311647415161,-0.11210647225379944,-0.11808840930461884,-0.9966510534286499]]]","[[[-0.1285719871520996,0.04361319541931152,-0.6831396818161011,-0.2659956216812134,-0.5927063226699829,-0.03363001346588135,-1.0],[-0.1285719871520996,0.02180635929107666,-0.7005815505981445,-0.2659956216812134,-0.5927063226699829,-0.040709614753723145,-1.0],[-0.16071486473083496,0.02180635929107666,-0.7034885287284851,-0.2659956216812134,-0.525837242603302,-0.040709614753723145,-1.0],[-0.22857189178466797,0.02180635929107666,-0.6831396818161011,-0.2659956216812134,-0.47112613916397095,-0.037169814109802246,-1.0],[-0.2785719037055969,0.049843668937683105,-0.6395350694656372,-0.2659956216812134,-0.5197582244873047,-0.03363001346588135,-1.0]]]","[0.039127420634031296,0.03832458332180977,0.030037090182304382,0.024140482768416405,0.028866812586784363]","[0.014381256885826588,0.0004826924414373934,0.009061259217560291,0.023914311081171036,0.17049537599086761,0.006311509292572737,4.853418795391917e-05]",0.0823013111948967,0.025787411257624626,0.02605096437036991,0.0009368722094222903
O-L,O1200,36,13,libero_object,3,46,47,0.25,37,2026092101,0.1521497666835785,0.09097299724817276,"[0.08478978276252747,0.11746807396411896,0.10412860661745071,0.09276477247476578,0.05571375787258148]","[0.1387348175048828,0.31799545884132385,0.01534726470708847,0.005866249091923237,0.11090026050806046,0.047534819692373276,0.00043209685827605426]",0.04412194713950157,"[0.039900343865156174,0.05574566125869751,0.05398429185152054,0.04362665116786957,0.02735281176865101]","[0.048699457198381424,0.1955268830060959,0.004659492522478104,0.0009955678833648562,0.050017692148685455,0.00859683845192194,0.0003577369498088956]",0.03680608421564102,"[[[0.1309475302696228,-0.03963583707809448,-0.5063098073005676,-0.13336215913295746,-0.1993793547153473,-0.2593960464000702,-1.0167908668518066],[0.1296837329864502,-0.004728961735963821,-0.514591634273529,-0.1407497674226761,-0.2123565673828125,-0.25573232769966125,-1.0035910606384277],[0.124927818775177,0.008932791650295258,-0.5247549414634705,-0.13668982684612274,-0.21557843685150146,-0.24743399024009705,-1.0006675720214844],[0.1413227617740631,0.01647423580288887,-0.5214293003082275,-0.12467066943645477,-0.2151448279619217,-0.256400465965271,-1.0093772411346436],[0.10960976779460907,0.02399560436606407,-0.5351940989494324,-0.12950193881988525,-0.20160283148288727,-0.25378838181495667,-1.0059149265289307]]]","[[[-0.0750005841255188,0.21495270729064941,-0.6133723258972168,-0.2659956216812134,-0.3252299427986145,-0.040709614753723145,-1.0],[-0.1285719871520996,0.2866036891937256,-0.6569769382476807,-0.2659956216812134,-0.4528891444206238,-0.040709614753723145,-1.0],[-0.1285719871520996,0.33021724224090576,-0.6395350694656372,-0.2659956216812134,-0.47112613916397095,-0.040709614753723145,-1.0],[-0.1285719871520996,0.32087159156799316,-0.6162792444229126,-0.2659956216812134,-0.4285730719566345,-0.040709614753723145,-1.0],[-0.08928626775741577,0.2897188663482666,-0.6017444133758545,-0.2659956216812134,-0.3617039918899536,-0.040709614753723145,-1.0]]]","[0.02860400639474392,0.0416620634496212,0.04363148286938667,0.04094746708869934,0.02918541058897972]","[0.057155121117830276,0.08323606103658676,0.011667178943753242,0.017720282077789307,0.04203658550977707,0.04574371874332428,8.363871165784076e-05]",0.14167772233486176,0.05117218941450119,0.047572843730449677,0.00223058951087296
O-L,O1200,36,14,libero_object,4,46,47,0.25,40,2026092101,0.06959731131792068,0.01762695237994194,"[0.014814665541052818,0.014425973407924175,0.013369692489504814,0.0146244578063488,0.030899973586201668]","[0.02771879732608795,0.02483048476278782,0.03996948525309563,0.002016515703871846,0.02752390317618847,0.0008817195775918663,0.00044776135473512113]",0.0077996160835027695,"[0.010836856439709663,0.0074330540373921394,0.0062707532197237015,0.0045396713539958,0.009917746298015118]","[0.021177098155021667,0.007220609579235315,0.008843446150422096,0.00047373102279379964,0.016455434262752533,0.00036524838651530445,6.174358713906258e-05]",0.00968734361231327,"[[[-0.3014373183250427,-0.048862822353839874,-0.5562177896499634,-0.19622761011123657,-0.1735527068376541,-0.13376539945602417,-1.0225183963775635],[-0.3001716732978821,-0.02210923284292221,-0.5474272966384888,-0.20432136952877045,-0.17857146263122559,-0.12851586937904358,-1.0035802125930786],[-0.30383798480033875,-0.016506172716617584,-0.53968346118927,-0.20607712864875793,-0.17615722119808197,-0.11838149279356003,-1.0038601160049438],[-0.2788717448711395,-0.01536591351032257,-0.5251578688621521,-0.20147885382175446,-0.1704089343547821,-0.1283484399318695,-1.011143445968628],[-0.30039307475090027,-0.008768409490585327,-0.5256613492965698,-0.21625107526779175,-0.1608085036277771,-0.12461590766906738,-1.0067427158355713]]]","[[[-0.1285719871520996,-0.16199421882629395,-0.5523258447647095,-0.2659956216812134,-0.06991147994995117,-0.040709614753723145,-1.0],[-0.17142915725708008,-0.08099734783172607,-0.6162792444229126,-0.2659956216812134,-0.06991147994995117,-0.040709614753723145,-1.0],[-0.22857189178466797,0.0031147003173828125,-0.668604850769043,-0.2659956216812134,-0.06991147994995117,-0.040709614753723145,-1.0],[-0.3357146978378296,0.02180635929107666,-0.738372266292572,-0.2659956216812134,-0.06991147994995117,-0.040709614753723145,-1.0],[-0.3642861247062683,0.1277252435684204,-0.7848838567733765,-0.2659956216812134,-0.06991147994995117,-0.040709614753723145,-1.0]]]","[0.00963883101940155,0.006873785518109798,0.006228127982467413,0.010305739007890224,0.015390239655971527]","[0.011887097731232643,0.007332759443670511,0.026806628331542015,0.003779689548537135,0.010439733043313026,0.007424613926559687,0.00014088743773754686]",0.06862560659646988,0.009034358896315098,0.009056317619979382,0.0017826298717409372
O-L,O1200,36,15,libero_object,5,46,47,0.25,31,2026092101,0.08118313550949097,0.12273678183555603,"[0.10584820061922073,0.11741583049297333,0.13118858635425568,0.13228164613246918,0.12694966793060303]","[0.018700454384088516,0.0031571139115840197,0.001708434778265655,0.0016486902022734284,0.0006206912803463638,0.8329903483390808,0.00033168314257636666]",0.08109381794929504,"[0.0744778960943222,0.0816299319267273,0.0837569609284401,0.08440092206001282,0.081203393638134]","[0.0025156389456242323,0.003094893181696534,0.001053158426657319,0.0019004466012120247,0.0029270146042108536,0.5560559630393982,0.00010962574742734432]",0.054782770574092865,"[[[-0.15722860395908356,0.014066055417060852,-0.564168393611908,-0.07143700122833252,-0.23020906746387482,-0.5326882004737854,-1.0188031196594238],[-0.15644484758377075,0.029580704867839813,-0.5659888386726379,-0.07642856240272522,-0.2421480119228363,-0.5223171710968018,-1.0029797554016113],[-0.16258037090301514,0.02963072434067726,-0.5685438513755798,-0.06870929896831512,-0.2432948648929596,-0.5136587619781494,-1.0019375085830688],[-0.14446020126342773,0.023698292672634125,-0.560152530670166,-0.05426936596632004,-0.24577905237674713,-0.5162882804870605,-1.0088335275650024],[-0.16159990429878235,0.025172121822834015,-0.5716968178749084,-0.05816284567117691,-0.23235851526260376,-0.509549081325531,-1.0059987306594849]]]","[[[-0.1285719871520996,-0.07788211107254028,-0.6075583696365356,-0.2121238112449646,-0.2218867540359497,-1.109734296798706,-1.0],[-0.1285719871520996,-0.07476687431335449,-0.6453490257263184,-0.20538973808288574,-0.20972871780395508,-1.1274334192276,-1.0],[-0.1285719871520996,-0.09345841407775879,-0.6569769382476807,-0.18518781661987305,-0.20364969968795776,-1.1168140172958374,-1.0],[-0.16071486473083496,-0.1059194803237915,-0.668604850769043,-0.15825188159942627,-0.17325466871261597,-1.0955750942230225,-1.0],[-0.23571473360061646,-0.1059194803237915,-0.6860466599464417,-0.15825188159942627,-0.1793336272239685,-1.0743361711502075,-1.0]]]","[0.0520508773624897,0.0574028417468071,0.057580988854169846,0.05436433106660843,0.052514828741550446]","[0.001702378154732287,0.013695918023586273,0.00816778652369976,0.01416423823684454,0.002152687171474099,0.3435003459453583,9.604123624740168e-05]",0.08717510849237442,0.07593822479248047,0.04968113824725151,0.00021768933220300823
O-L,O1200,36,17,libero_object,7,46,47,0.25,34,2026092101,0.09684852510690689,0.07779611647129059,"[0.0962589904665947,0.085364431142807,0.07113237679004669,0.0688553974032402,0.06736941635608673]","[0.06282201409339905,0.036586180329322815,0.03995681554079056,0.011417469941079617,0.13936357200145721,0.25357189774513245,0.000854917336255312]",0.06996562331914902,"[0.05666769668459892,0.055319398641586304,0.05633366480469704,0.07129909098148346,0.11020827293395996]","[0.05714866518974304,0.02614760957658291,0.015030269511044025,0.007763748522847891,0.10211227089166641,0.12966209650039673,0.1518946886062622]",0.05789615213871002,"[[[-0.5036302208900452,-0.07502756267786026,-0.6747779846191406,-0.16730241477489471,-0.16676367819309235,-0.03333321958780289,-1.0103480815887451],[-0.4725187122821808,-0.04880835860967636,-0.6394763588905334,-0.1823224425315857,-0.16894753277301788,-0.03250986337661743,-0.9955556988716125],[-0.43049728870391846,-0.03128037974238396,-0.5983062982559204,-0.19315236806869507,-0.15558667480945587,-0.02670762687921524,-0.9949553608894348],[-0.35187193751335144,-0.025397561490535736,-0.5362704992294312,-0.19962118566036224,-0.1348353624343872,-0.03891807049512863,-1.0048867464065552],[-0.31754574179649353,-0.015004755929112434,-0.4847790598869324,-0.22531957924365997,-0.11281183362007141,-0.04520025849342346,-1.0003111362457275]]]","[[[-0.7642858624458313,-0.31775736808776855,-0.7761629819869995,-0.07744407653808594,-0.5197582244873047,0.36636924743652344,-1.0],[-0.7500001788139343,-0.30218106508255005,-0.7703490257263184,-0.1178479790687561,-0.4832841753959656,0.36636924743652344,-1.0],[-0.7214287519454956,-0.23987573385238647,-0.738372266292572,-0.20538973808288574,-0.4285730719566345,0.36636924743652344,-1.0],[-0.6821430921554565,-0.19626212120056152,-0.7267443537712097,-0.2659956216812134,-0.3920990228652954,0.36636924743652344,-1.0],[-0.6464288234710693,-0.13084155321121216,-0.7005815505981445,-0.2659956216812134,-0.33130890130996704,0.3699091672897339,-1.0]]]","[0.06138383597135544,0.0600585974752903,0.053853973746299744,0.05848941206932068,0.05569491535425186]","[0.08936431258916855,0.041848074644804,0.025975210592150688,0.0036882671993225813,0.08237196505069733,0.1619899421930313,3.5252018278697506e-05]",0.11214209347963333,0.06903758645057678,0.0496164932847023,0.0018526811618357897
O-L,O1200,36,19,libero_object,9,46,47,0.25,33,2026092101,0.0244357381016016,0.008761869743466377,"[0.005540462210774422,0.009971956722438335,0.011836008168756962,0.009479131549596786,0.006981792394071817]","[0.009540854953229427,0.004951855633407831,0.025390813127160072,0.003934915643185377,0.0003905710473190993,0.016447873786091805,0.0006762048578821123]",0.00305553269572556,"[0.002339342376217246,0.0036130447406321764,0.005071971565485001,0.0027823157142847776,0.0014709896640852094]","[0.0035409622360020876,0.001370196812786162,0.00776195852085948,0.0016454908763989806,0.00045291666174307466,0.006538411136716604,7.879360055085272e-05]",0.005601818207651377,"[[[-0.18803338706493378,0.0032515525817871094,-0.6134412288665771,-0.12065237760543823,-0.1645691692829132,-0.12946297228336334,-1.0180187225341797],[-0.1827518343925476,0.02565356343984604,-0.5987210869789124,-0.1309770792722702,-0.16951031982898712,-0.12138806283473969,-0.9981534481048584],[-0.18313723802566528,0.02783573418855667,-0.5916190147399902,-0.12750858068466187,-0.1649312674999237,-0.11141546070575714,-0.9964706897735596],[-0.15881487727165222,0.023911911994218826,-0.5768768191337585,-0.1161329597234726,-0.16000428795814514,-0.12117079645395279,-1.005333662033081],[-0.17415381968021393,0.027674946933984756,-0.5809714198112488,-0.12497591972351074,-0.14506815373897552,-0.11527135968208313,-1.0060467720031738]]]","[[[-0.1285719871520996,0.02180635929107666,-0.7209303975105286,-0.2188577651977539,-0.1793336272239685,-0.17168277502059937,-1.0],[-0.1285719871520996,0.02180635929107666,-0.758721113204956,-0.19192183017730713,-0.1793336272239685,-0.16460317373275757,-1.0],[-0.14285767078399658,0.018691062927246094,-0.7732559442520142,-0.14478391408920288,-0.17325466871261597,-0.15752357244491577,-1.0],[-0.21071475744247437,0.02180635929107666,-0.7761629819869995,-0.16498583555221558,-0.16717565059661865,-0.1362847089767456,-1.0],[-0.2785719037055969,0.02180635929107666,-0.7645350694656372,-0.19865578413009644,-0.10030657052993774,-0.11150598526000977,-1.0]]]","[0.0039147622883319855,0.004890283104032278,0.005314882379025221,0.006443987600505352,0.007445179391652346]","[0.004338058177381754,9.63161073741503e-05,0.02871129848062992,0.004294464830309153,0.00048775869072414935,0.0012037247652187943,8.11103091109544e-05]",0.03603798896074295,0.002734037581831217,0.004056497011333704,0.000581130851060152
O-L,O1200,36,20,libero_goal,0,46,47,0.25,31,2026092101,0.05623222142457962,0.02043307013809681,"[0.005596373695880175,0.009381159208714962,0.01782762072980404,0.024612678214907646,0.044747523963451385]","[0.004567669704556465,0.01342224981635809,0.01033107377588749,0.0007524945540353656,0.11289452761411667,0.0004948472487740219,0.0005686332006007433]",0.022824397310614586,"[0.008137598633766174,0.010634499602019787,0.01934734359383583,0.028943752869963646,0.04705878719687462]","[0.0043660677038133144,0.006202744320034981,0.009063773788511753,0.03013916127383709,0.10250785201787949,0.007218527141958475,0.0002726566162891686]",0.028518270701169968,"[[[0.059008654206991196,-0.005462050437927246,-0.16970786452293396,-0.8100259900093079,0.5190721750259399,0.7145596146583557,-1.0158367156982422],[0.09032056480646133,0.0018642470240592957,-0.1600370705127716,-0.801432728767395,0.5395539402961731,0.6837878823280334,-1.0008002519607544],[0.12446054816246033,-0.004011519253253937,-0.13988271355628967,-0.7869226336479187,0.5746771693229675,0.6640138030052185,-0.9972828030586243],[0.19540688395500183,-0.021139521151781082,-0.11488392949104309,-0.7532349228858948,0.6105234622955322,0.6254977583885193,-1.0069905519485474],[0.21465718746185303,-0.021763507276773453,-0.10547862946987152,-0.7430605292320251,0.655275821685791,0.5987511277198792,-1.0076931715011597]]]","[[[0.07499933242797852,0.02180635929107666,-0.2034887671470642,-0.8922562599182129,0.7629129886627197,0.7734483480453491,-1.0],[0.07499933242797852,0.02180635929107666,-0.2151166796684265,-0.8855222463607788,0.8601770401000977,0.7592891454696655,-1.0],[0.07499933242797852,0.02180635929107666,-0.2296515703201294,-0.8720543384552002,0.9635201692581177,0.738050103187561,-1.0],[0.06785643100738525,0.02180635929107666,-0.2500004172325134,-0.8653203248977661,1.0729424953460693,0.7238909006118774,-1.0],[0.0642850399017334,0.02180635929107666,-0.2674422860145569,-0.8518523573875427,1.188443660736084,0.7097315788269043,-1.0]]]","[0.010297036729753017,0.017033927142620087,0.02501521073281765,0.03892778605222702,0.05131739750504494]","[0.008363551460206509,0.001110099838115275,0.011344410479068756,0.009095815010368824,0.1623111367225647,0.007329513784497976,7.337555871345103e-05]",0.042410723865032196,0.022254982963204384,0.019714713096618652,0.0026224106550216675
O-L,O1200,36,21,libero_goal,1,46,47,0.25,28,2026092101,0.08373937010765076,0.068693146109581,"[0.07441655546426773,0.06269285827875137,0.06105368584394455,0.07314359396696091,0.0721590667963028]","[0.20305173099040985,0.02083178423345089,0.01327814906835556,0.09650146216154099,0.11590438336133957,0.03081119991838932,0.0004733702226076275]",0.03600979223847389,"[0.03598357364535332,0.03565475344657898,0.031617071479558945,0.038577571511268616,0.0382159948348999]","[0.1143396720290184,0.016147462651133537,0.006999380886554718,0.07044267654418945,0.034120865166187286,0.008806555531919003,0.0012119333259761333]",0.04427709802985191,"[[[-0.38050371408462524,-0.04359009861946106,-0.9258589744567871,-0.04156945273280144,-0.4037887156009674,-0.08880315721035004,-1.0151740312576294],[-0.40709397196769714,-0.025457806885242462,-0.9171093702316284,-0.04677222669124603,-0.401320219039917,-0.08456529676914215,-0.9974779486656189],[-0.4305887818336487,-0.02306560054421425,-0.9034181237220764,-0.04349711909890175,-0.3870486617088318,-0.07771853357553482,-0.9937111735343933],[-0.42416414618492126,-0.030398063361644745,-0.8739529848098755,-0.03520936518907547,-0.3674636781215668,-0.09131822735071182,-1.0012983083724976],[-0.4661013185977936,-0.02471933886408806,-0.8504709005355835,-0.05637717247009277,-0.3281058371067047,-0.09037765115499496,-0.9969142079353333]]]","[[[-0.7357144355773926,-0.11838054656982422,-1.034883737564087,0.010097742080688477,-0.11246448755264282,0.09380340576171875,-1.0],[-0.7571430206298828,-0.14953315258026123,-1.034883737564087,0.043767690658569336,-0.10638552904129028,0.10796260833740234,-1.0],[-0.7642858624458313,-0.1682247519493103,-1.034883737564087,0.0572357177734375,-0.08814853429794312,0.11504232883453369,-1.0],[-0.8142858743667603,-0.19626212120056152,-1.034883737564087,0.08417153358459473,-0.06991147994995117,0.11858212947845459,-1.0],[-0.8678572177886963,-0.22429949045181274,-1.034883737564087,0.07743752002716064,-0.06991147994995117,0.11504232883453369,-1.0]]]","[0.037824198603630066,0.04057959467172623,0.040913261473178864,0.050350505858659744,0.051717959344387054]","[0.13473311066627502,0.02188052050769329,0.020589442923665047,0.010634450241923332,0.08327984064817429,0.03876488655805588,5.747380782850087e-05]",0.08585175126791,0.028559548780322075,0.035785775631666183,0.0012996543664485216
O-L,O1200,36,22,libero_goal,2,46,47,0.25,26,2026092101,0.04143808037042618,0.14673162996768951,"[0.016670946031808853,0.11434131860733032,0.5672333836555481,0.028034120798110962,0.007378488779067993]","[0.03609299659729004,0.002221694914624095,0.001485884771682322,0.0032018907368183136,0.028730902820825577,0.0008370848372578621,0.9545510411262512]",0.06905627995729446,"[0.01842724345624447,0.036598123610019684,0.09661222249269485,0.13534529507160187,0.05829853564500809]","[0.02585787884891033,0.0015563780907541513,0.004010697361081839,0.0037814800161868334,0.020596422255039215,0.0006685228436253965,0.42692261934280396]",0.12142391502857208,"[[[-0.7871319055557251,-0.0506245419383049,-0.6449786424636841,-0.18722333014011383,-0.2568133473396301,-0.09728126227855682,-1.0292000770568848],[-0.6943907141685486,-0.010777086019515991,-0.5714283585548401,-0.2002108097076416,-0.2369224578142166,-0.09179000556468964,-0.9170957803726196],[-0.5724334120750427,0.008603367954492569,-0.5033029913902283,-0.21551012992858887,-0.1742895245552063,-0.08206433802843094,1.0108320713043213],[-0.3933050334453583,0.015390217304229736,-0.3753143548965454,-0.2195979207754135,-0.12608620524406433,-0.10373856127262115,1.0005077123641968],[-0.31843602657318115,0.025954250246286392,-0.2996060252189636,-0.24789880216121674,-0.1036507859826088,-0.10459321737289429,1.0059576034545898]]]","[[[-0.6321431398391724,0.0031147003173828125,-0.6395350694656372,-0.2659956216812134,-0.33738791942596436,-0.040709614753723145,-1.0],[-0.5642859935760498,-0.003115832805633545,-0.5988373756408691,-0.2659956216812134,-0.30699288845062256,-0.040709614753723145,-1.0],[-0.5142860412597656,-0.01869213581085205,-0.5639537572860718,-0.2659956216812134,-0.2826768159866333,-0.040709614753723145,-1.0],[-0.46428608894348145,-0.03426837921142578,-0.5145351886749268,-0.2659956216812134,-0.2583608031272888,-0.040709614753723145,0.9999990463256836],[-0.41071468591690063,-0.04984474182128906,-0.4593026041984558,-0.2659956216812134,-0.19149166345596313,-0.040709614753723145,0.9999990463256836]]]","[0.00624134112149477,0.0052081444300711155,0.5810367465019226,0.007215564139187336,0.007417710032314062]","[0.011576707474887371,0.0023806216195225716,0.009868968278169632,0.0031123484950512648,0.009672504849731922,0.003114706603810191,0.8102415204048157]",0.04345603287220001,0.073349729180336,0.1222275048494339,0.0009421541471965611
O-L,O1200,36,25,libero_goal,5,46,47,0.25,35,2026092101,0.03167657181620598,0.019733591005206108,"[0.01070335227996111,0.014772739261388779,0.01821374148130417,0.024177612736821175,0.030800510197877884]","[0.05214601755142212,0.029241878539323807,0.019207460805773735,0.023622404783964157,0.0065958136692643166,0.006981763523072004,0.00033979001455008984]",0.0073411958292126656,"[0.0025273081846535206,0.0039692167192697525,0.005678470712155104,0.00959792360663414,0.014933062717318535]","[0.029504824429750443,0.0028913975693285465,0.009050601162016392,0.003140426008030772,0.005498128477483988,0.00015023570449557155,0.0011527627939358354]",0.020439887419342995,"[[[-0.14422737061977386,-0.08246856927871704,-0.6123217940330505,-0.005603659898042679,-0.36380505561828613,-0.2249673455953598,-1.0209320783615112],[-0.14215193688869476,-0.04836942255496979,-0.6149063110351562,-0.0059185996651649475,-0.3773372769355774,-0.2251794934272766,-1.0023444890975952],[-0.14161521196365356,-0.03966191038489342,-0.6103354692459106,0.0025437762960791588,-0.3677317202091217,-0.21890491247177124,-1.0003974437713623],[-0.12019914388656616,-0.03388465195894241,-0.5915783047676086,0.021159596741199493,-0.35926371812820435,-0.23383423686027527,-1.0071344375610352],[-0.13671457767486572,-0.022329792380332947,-0.5890541076660156,0.02095574140548706,-0.3336850702762604,-0.234266996383667,-1.0033341646194458]]]","[[[-0.110714852809906,-0.1059194803237915,-0.758721113204956,-0.24579370021820068,-0.3799409866333008,-0.040709614753723145,-1.0],[-0.07142913341522217,-0.05919051170349121,-0.7296513319015503,-0.2659956216812134,-0.3495458960533142,-0.040709614753723145,-1.0],[-0.010714948177337646,-0.028037965297698975,-0.697674572467804,-0.2659956216812134,-0.30699288845062256,-0.040709614753723145,-1.0],[0.03214216232299805,-5.364418029785156e-07,-0.668604850769043,-0.2659956216812134,-0.2462027668952942,-0.040709614753723145,-1.0],[0.042856454849243164,0.0031147003173828125,-0.6627908945083618,-0.2659956216812134,-0.17325466871261597,-0.040709614753723145,-1.0]]]","[0.01649235561490059,0.01724747009575367,0.018922066316008568,0.023268288001418114,0.02626926638185978]","[0.01574266329407692,0.0005195426056161523,0.010719500482082367,0.07244878262281418,0.00864852499216795,0.0348990373313427,0.00010116467456100509]",0.03132173791527748,0.005538971163332462,0.018026676028966904,0.0001807788066798821
O-L,O1200,36,28,libero_goal,8,46,47,0.25,23,2026092101,0.09237713366746902,0.04865140840411186,"[0.038164183497428894,0.03616870939731598,0.04020499438047409,0.06487549841403961,0.06384368985891342]","[0.14384078979492188,0.09523054212331772,0.047766149044036865,0.0015925479819998145,0.044256266206502914,0.007788759656250477,8.48408235469833e-05]",0.027866559103131294,"[0.023510996252298355,0.02668369747698307,0.02487999014556408,0.03449797257781029,0.029760144650936127]","[0.09196749329566956,0.039607953280210495,0.03611520677804947,0.0012865563621744514,0.020734723657369614,0.00494439946487546,0.0004095792828593403]",0.026268301531672478,"[[[-0.48201119899749756,0.0042202770709991455,-0.907584547996521,-0.19485719501972198,-0.21616987884044647,-0.17184662818908691,-1.02568519115448],[-0.49908849596977234,0.02493003010749817,-0.8849571347236633,-0.20889681577682495,-0.22212374210357666,-0.16312512755393982,-0.9997851848602295],[-0.5175464749336243,0.03033871203660965,-0.8585890531539917,-0.21811185777187347,-0.21044757962226868,-0.15218770503997803,-0.9931602478027344],[-0.4935445785522461,0.026223987340927124,-0.8126400709152222,-0.22294332087039948,-0.1963990181684494,-0.163173645734787,-1.0043975114822388],[-0.5009864568710327,0.0305718295276165,-0.7681108713150024,-0.2444279044866562,-0.17006811499595642,-0.1586567759513855,-0.9963420629501343]]]","[[[-0.7321430444717407,-0.08099734783172607,-1.034883737564087,-0.2659956216812134,-0.3860200047492981,-0.15752357244491577,-1.0],[-0.7607144117355347,-0.07476687431335449,-1.034883737564087,-0.2659956216812134,-0.3860200047492981,-0.15752357244491577,-1.0],[-0.7857143878936768,-0.11526530981063843,-1.034883737564087,-0.2659956216812134,-0.36778295040130615,-0.16460317373275757,-1.0],[-0.8142858743667603,-0.24610626697540283,-1.034883737564087,-0.2659956216812134,-0.3556249737739563,-0.18938195705413818,-1.0],[-0.7178573608398438,-0.33644890785217285,-1.034883737564087,-0.2659956216812134,-0.24012374877929688,-0.21770048141479492,-1.0]]]","[0.017258241772651672,0.01871703937649727,0.021634656935930252,0.0363348051905632,0.03739678114652634]","[0.07056721299886703,0.04945400357246399,0.03806457668542862,0.0025864941999316216,0.022145232185721397,0.0009127412340603769,0.0001478552003391087]",0.08376806229352951,0.0217049028724432,0.02130655013024807,0.000830985838547349
O-L,O1200,36,29,libero_goal,9,46,47,0.25,48,2026092101,0.07226228713989258,0.03216353803873062,"[0.05591042712330818,0.04038633033633232,0.025850940495729446,0.015753084793686867,0.022916926071047783]","[0.0009329181048087776,0.1483086198568344,0.007989988662302494,0.05090497061610222,0.01557434257119894,0.001078362693078816,0.0003555674047674984]",0.037848763167858124,"[0.05968761816620827,0.05145961791276932,0.04196201637387276,0.02359316125512123,0.012541400268673897]","[0.01321361493319273,0.11303048580884933,0.004473204258829355,0.10174430906772614,0.008692598901689053,0.023707455024123192,7.96624954091385e-05]",0.037549130618572235,"[[[-0.11620752513408661,-0.2728480398654938,-0.30772221088409424,0.2785826623439789,-0.25227874517440796,-0.2142716944217682,-1.0044363737106323],[-0.10714875161647797,-0.2594463527202606,-0.3138521611690521,0.289052814245224,-0.27086248993873596,-0.226077601313591,-0.9929286241531372],[-0.09436686336994171,-0.26030272245407104,-0.3109564185142517,0.3350670337677002,-0.28100210428237915,-0.23636293411254883,-0.9910001754760742],[-0.05771937966346741,-0.26503312587738037,-0.3082692325115204,0.36983221769332886,-0.2925911843776703,-0.26691097021102905,-0.9966963529586792],[-0.06056737154722214,-0.2628892958164215,-0.3129838705062866,0.38180509209632874,-0.28847169876098633,-0.2784193158149719,-0.9926391839981079]]]","[[[-0.0928577184677124,-0.6074768304824829,-0.3343026638031006,0.15824544429779053,-0.015200436115264893,0.09380340576171875,-1.0],[-0.1285719871520996,-0.5669784545898438,-0.31104689836502075,0.15824544429779053,-0.0395163893699646,0.015927433967590332,-1.0],[-0.1285719871520996,-0.5233647227287292,-0.29941898584365845,0.11784148216247559,-0.051674485206604004,-0.019470691680908203,-1.0],[-0.1285719871520996,-0.4236763119697571,-0.2790701985359192,0.010097742080688477,-0.06991147994995117,-0.040709614753723145,-1.0],[-0.1285719871520996,-0.3239879012107849,-0.26162832975387573,-0.08417803049087524,-0.06991147994995117,-0.040709614753723145,-1.0]]]","[0.039835043251514435,0.03204154968261719,0.03105800971388817,0.0373162105679512,0.047494854778051376]","[0.002363775623962283,0.060930948704481125,0.000867495487909764,0.08506554365158081,0.0519346259534359,0.06163838133215904,4.3155661842320114e-05]",0.08059258759021759,0.03107987530529499,0.04759252443909645,0.0011157665867358446
O-L,O1200,36,32,libero_10,2,46,47,0.25,64,2026092101,0.08200401067733765,0.065559022128582,"[0.14440079033374786,0.049058157950639725,0.0463106743991375,0.04875331372022629,0.03927218168973923]","[0.01634667068719864,0.0865289568901062,0.06020094081759453,0.03656996414065361,0.07167472690343857,0.03334089741110802,0.15425097942352295]",0.04483950138092041,"[0.0705205500125885,0.04791830852627754,0.03752293065190315,0.03620464727282524,0.03203108534216881]","[0.01681615598499775,0.039358071982860565,0.06017674133181572,0.012363350950181484,0.032756298780441284,0.006271849852055311,0.14613406360149384]",0.15245382487773895,"[[[-0.2002173364162445,0.03986670821905136,-0.3237888813018799,-0.2364961802959442,-0.05277707427740097,-0.265979528427124,-0.9927054047584534],[-0.17313754558563232,0.03648331016302109,-0.28233614563941956,-0.24396491050720215,-0.04807520657777786,-0.25076591968536377,1.005677342414856],[-0.1588846743106842,0.036752849817276,-0.21667280793190002,-0.24327673017978668,-0.02874886989593506,-0.23609891533851624,1.0089370012283325],[-0.1241370439529419,0.028975501656532288,-0.14569398760795593,-0.24551060795783997,-0.014066947624087334,-0.23954841494560242,1.0046610832214355],[-0.11791534721851349,0.03445582836866379,-0.0988488644361496,-0.2580484449863434,0.014765406027436256,-0.22798332571983337,1.01352858543396]]]","[[[-0.1285719871520996,0.24922049045562744,-0.09593069553375244,-0.40740931034088135,0.13069581985473633,-0.040709614753723145,0.9999990463256836],[-0.1285719871520996,0.24299001693725586,-0.04651212692260742,-0.4410792589187622,0.20364391803741455,-0.040709614753723145,0.9999990463256836],[-0.10357201099395752,0.23675942420959473,-0.017442405223846436,-0.4612812399864197,0.3069871664047241,-0.040709614753723145,0.9999990463256836],[-0.060714900493621826,0.22741377353668213,-0.017442405223846436,-0.4814831614494324,0.392093300819397,-0.040709614753723145,0.9999990463256836],[-0.046429216861724854,0.2024916410446167,-0.017442405223846436,-0.49495112895965576,0.4285672903060913,-0.040709614753723145,0.9999990463256836]]]","[0.5979103446006775,0.035230934619903564,0.04017948359251022,0.045722343027591705,0.043226100504398346]","[0.003862254321575165,0.03881808742880821,0.03406010940670967,0.04547945410013199,0.10918831825256348,0.041531097143888474,0.7942375540733337]",0.0998445674777031,0.055916812270879745,0.1610100418329239,0.0015563205815851688
O-L,O1200,36,34,libero_10,4,46,47,0.25,68,2026092101,0.1316550374031067,0.056557510048151016,"[0.04548468068242073,0.051531173288822174,0.058299023658037186,0.06848743557929993,0.05898524820804596]","[0.21286125481128693,0.04870214685797691,0.04139105603098869,0.057743292301893234,0.029188012704253197,0.005746347829699516,0.00027046582545153797]",0.037935882806777954,"[0.029904402792453766,0.03482312336564064,0.04000578075647354,0.04664651304483414,0.03829963132739067]","[0.10462939739227295,0.042253170162439346,0.009468804113566875,0.05295170098543167,0.05351768061518669,0.00240057404153049,0.0003298850788269192]",0.03864550590515137,"[[[0.6987215280532837,-0.49476176500320435,0.10491838306188583,-0.0605599470436573,-0.13586929440498352,-0.2384795844554901,1.01430082321167],[0.7018086910247803,-0.4594593644142151,0.05878228321671486,-0.03540220484137535,-0.13757085800170898,-0.24562060832977295,1.0130537748336792],[0.6982373595237732,-0.4433806240558624,0.023891588672995567,-0.0018823165446519852,-0.13522253930568695,-0.2517284154891968,1.0140490531921387],[0.7052431106567383,-0.42808932065963745,-0.004507862031459808,0.029569797217845917,-0.13109393417835236,-0.2645874619483948,1.0104637145996094],[0.6833675503730774,-0.41842493414878845,-0.04401347041130066,0.058300383388996124,-0.12965381145477295,-0.2709047198295593,1.008901834487915]]]","[[[0.4535706043243408,-0.6542057991027832,-0.017442405223846436,-0.09091198444366455,-0.30699288845062256,-0.040709614753723145,0.9999990463256836],[0.37142765522003174,-0.7009347081184387,-0.017442405223846436,0.0033638477325439453,-0.24012374877929688,-0.040709614753723145,0.9999990463256836],[0.31428492069244385,-0.7102804780006409,-0.08430278301239014,0.09090554714202881,-0.20364969968795776,-0.040709614753723145,0.9999990463256836],[0.26428496837615967,-0.6915888786315918,-0.13372141122817993,0.11784148216247559,-0.1854127049446106,-0.040709614753723145,0.9999990463256836],[0.23928487300872803,-0.6510905027389526,-0.17151212692260742,0.11784148216247559,-0.16109663248062134,-0.040709614753723145,0.9999990463256836]]]","[0.024287940934300423,0.03249300643801689,0.0411970317363739,0.04879220947623253,0.04645734652876854]","[0.14166472852230072,0.05570670962333679,0.013088086619973183,0.004474134650081396,0.009684368036687374,0.04574829712510109,0.000152227672515437]",0.13073207437992096,0.039020225405693054,0.039565399289131165,9.392701758770272e-05
O-L,O1200,36,35,libero_10,5,46,47,0.25,41,2026092101,0.09361095726490021,0.020853780210018158,"[0.01949034444987774,0.02185884490609169,0.021972032263875008,0.019992658868432045,0.02095501869916916]","[0.07813479751348495,0.005308987107127905,0.006406284403055906,0.008670282550156116,0.046909622848033905,0.00034445623168721795,0.00020202850282657892]",0.007106347009539604,"[0.007343546021729708,0.006211786065250635,0.007508235052227974,0.006728682667016983,0.007739485241472721]","[0.026266498491168022,0.002767417347058654,0.002085860352963209,0.0011211183154955506,0.017016030848026276,0.00020990388293284923,0.00027759899967350066]",0.012106032110750675,"[[[-0.26861855387687683,0.015169292688369751,-0.6123705506324768,-0.11849310994148254,-0.09547364711761475,-0.25119122862815857,-1.0240635871887207],[-0.253902405500412,0.0265796035528183,-0.5911784172058105,-0.12157973647117615,-0.0992143303155899,-0.24125906825065613,-1.0034102201461792],[-0.24154050648212433,0.029211312532424927,-0.5633510947227478,-0.11625052243471146,-0.09381894022226334,-0.2317935973405838,-1.0003894567489624],[-0.2001352608203888,0.02478983998298645,-0.530062198638916,-0.10736270993947983,-0.0922754555940628,-0.2413201630115509,-1.0116335153579712],[-0.19962908327579498,0.030065707862377167,-0.510219156742096,-0.1231698989868164,-0.08714409917593002,-0.2367004156112671,-1.003903865814209]]]","[[[-0.1285719871520996,-0.06230580806732178,-0.6540700197219849,-0.2659956216812134,0.047616004943847656,-0.15870356559753418,-1.0],[-0.1285719871520996,-0.04984474182128906,-0.6656979322433472,-0.2659956216812134,0.03545808792114258,-0.13038498163223267,-1.0],[-0.1285719871520996,-0.021807432174682617,-0.659883975982666,-0.2659956216812134,0.03951060771942139,-0.10914605855941772,-1.0],[-0.1285719871520996,-0.03426837921142578,-0.6511629819869995,-0.2659956216812134,0.051668763160705566,-0.09262692928314209,-1.0],[-0.14285767078399658,-0.05607527494430542,-0.6482560634613037,-0.2659956216812134,0.059774041175842285,-0.08318740129470825,-1.0]]]","[0.011245564557611942,0.011199836619198322,0.011418047361075878,0.013057705014944077,0.01360900979489088]","[0.011285386979579926,0.005070825573056936,0.010066037997603416,0.022120023146271706,0.019738590344786644,0.01631307415664196,0.00014828327402938157]",0.08992017805576324,0.008131736889481544,0.010892086662352085,8.78077553352341e-05
O-L,O1200,36,36,libero_10,6,46,47,0.25,66,2026092101,0.17245805263519287,0.013185391202569008,"[0.016837846487760544,0.012963125482201576,0.010093184188008308,0.01185839343816042,0.014174412935972214]","[0.0503103993833065,0.014288581907749176,0.016409100964665413,0.0032348257955163717,0.0022318297997117043,0.004809874575585127,0.0010131301824003458]",0.04032178595662117,"[0.05102518945932388,0.048084717243909836,0.0410306416451931,0.03389737382531166,0.027571018785238266]","[0.01918760873377323,0.01424920093268156,0.011735806241631508,0.014178491197526455,0.0032880492508411407,0.0019189429003745317,0.21769443154335022]",0.009192181751132011,"[[[-0.3155665695667267,-0.049461111426353455,-0.39596864581108093,-0.16658887267112732,-0.07039313018321991,-0.03632769361138344,-1.021393060684204],[-0.3016704320907593,-0.027035728096961975,-0.38381341099739075,-0.17076389491558075,-0.07869777083396912,-0.036399923264980316,-1.0045442581176758],[-0.28912869095802307,-0.020924828946590424,-0.3592422902584076,-0.1699191778898239,-0.07458410412073135,-0.027659550309181213,-1.003268837928772],[-0.24319985508918762,-0.02468111738562584,-0.33185404539108276,-0.1616014540195465,-0.07383976876735687,-0.040092892944812775,-1.0107390880584717],[-0.24146348237991333,-0.016765214502811432,-0.3156813383102417,-0.1827612817287445,-0.062088459730148315,-0.03495378792285919,-1.0035052299499512]]]","[[[-0.4857146143913269,-0.19937735795974731,-0.24709343910217285,-0.20538973808288574,-0.06991147994995117,-0.05486893653869629,-1.0],[-0.4785717725753784,-0.1869162917137146,-0.33139568567276,-0.17171990871429443,-0.06991147994995117,-0.04424941539764404,-1.0],[-0.4785717725753784,-0.12772637605667114,-0.40116310119628906,-0.17845386266708374,-0.06991147994995117,-0.040709614753723145,-1.0],[-0.47142893075942993,-0.09968894720077515,-0.4302328824996948,-0.18518781661987305,-0.06991147994995117,-0.040709614753723145,-1.0],[-0.4500003457069397,-0.046729445457458496,-0.46511656045913696,-0.2255917191505432,-0.06991147994995117,-0.040709614753723145,-1.0]]]","[0.010842321440577507,0.008537696674466133,0.007046896032989025,0.009725791402161121,0.009808204136788845]","[0.03834185376763344,0.013193455524742603,0.011735615320503712,0.0007940049399621785,3.5179080441594124e-05,0.00012184125807834789,0.00012332266487646848]",0.16997979581356049,0.03832203894853592,0.00916968286037445,0.00032185783493332565
O-L,O1200,36,37,libero_10,7,46,47,0.25,62,2026092101,0.07415348291397095,0.11915656924247742,"[0.09226694703102112,0.113331638276577,0.13138510286808014,0.12847377359867096,0.1303253471851349]","[0.19270989298820496,0.0010235965019091964,0.38292357325553894,0.015465601347386837,0.24092400074005127,0.000594646146055311,0.00045461065019480884]",0.060671139508485794,"[0.05162185803055763,0.05980253219604492,0.06662245839834213,0.060915011912584305,0.06439386308193207]","[0.10718119144439697,0.0009607382235117257,0.2138320654630661,0.0029854215681552887,0.09930887073278427,0.0001318333816016093,0.0002978473494295031]",0.06925544142723083,"[[[-0.11203712224960327,0.8381154537200928,0.677716076374054,-0.056741293519735336,-0.24251750111579895,-0.20750778913497925,0.9974678754806519],[-0.11043129861354828,0.8705258369445801,0.6377798318862915,-0.04266705363988876,-0.24564491212368011,-0.19830545783042908,1.0077860355377197],[-0.11486899852752686,0.885836124420166,0.6045598983764648,-0.01631244644522667,-0.23586858808994293,-0.18156364560127258,1.0104535818099976],[-0.08307638764381409,0.8966630697250366,0.5754803419113159,0.010499700903892517,-0.22548742592334747,-0.18895217776298523,1.0037288665771484],[-0.10298703610897064,0.9120200276374817,0.512391209602356,0.01390548050403595,-0.20143525302410126,-0.16882409155368805,1.002304196357727]]]","[[[0.21785640716552734,0.8380053043365479,0.999998927116394,-0.19192183017730713,0.18540692329406738,-0.040709614753723145,0.9999990463256836],[0.21071362495422363,0.8535815477371216,0.999998927116394,-0.15825188159942627,0.20972299575805664,-0.040709614753723145,0.9999990463256836],[0.1892850399017334,0.878503680229187,0.999998927116394,-0.13131588697433472,0.22188103199005127,-0.040709614753723145,0.9999990463256836],[0.1892850399017334,0.9190021753311157,0.9505802392959595,-0.2390596866607666,0.22188103199005127,-0.040709614753723145,0.9999990463256836],[0.16785645484924316,0.9314632415771484,0.9156967401504517,-0.2659956216812134,0.22188103199005127,-0.040709614753723145,0.9999990463256836]]]","[0.06313101947307587,0.06860582530498505,0.07023502141237259,0.07139827311038971,0.07290708273649216]","[0.09040208905935287,0.00024359200324397534,0.13895924389362335,0.0370967872440815,0.1958698332309723,0.022177424281835556,3.911332169082016e-05]",0.07599873840808868,0.058487940579652786,0.061174456030130386,0.0008683662163093686
O-L,O1200,36,38,libero_10,8,46,47,0.25,98,2026092101,0.04295947402715683,0.008808320388197899,"[0.020390212535858154,0.0050344401970505714,0.006824473850429058,0.005451624281704426,0.006340847350656986]","[0.012704885564744473,0.0015926583437249064,0.007326105143874884,0.0026315960567444563,0.009192332625389099,0.004070477094501257,0.02414017729461193]",0.028456727042794228,"[0.047275740653276443,0.032283931970596313,0.02432261034846306,0.021164651960134506,0.017236704006791115]","[0.017132600769400597,0.0015473213279619813,0.004446075763553381,0.0013224066933616996,0.0020959926769137383,0.0004673882503993809,0.17218530178070068]",0.11881794035434723,"[[[-0.15090419352054596,0.07399909943342209,-0.14990893006324768,-0.21987611055374146,-0.07112331688404083,-0.15492309629917145,-1.0050233602523804],[-0.13641253113746643,0.07464572042226791,-0.10383301973342896,-0.24092073738574982,-0.07347559928894043,-0.1620067059993744,1.0141795873641968],[-0.13302941620349884,0.07025115191936493,-0.062288135290145874,-0.238601416349411,-0.07139909267425537,-0.1646820306777954,1.0137863159179688],[-0.10573074221611023,0.06112560257315636,-0.02684084326028824,-0.2421364188194275,-0.07497812807559967,-0.18820688128471375,1.0063003301620483],[-0.10404826700687408,0.06361085176467896,-0.016663402318954468,-0.24964383244514465,-0.07247811555862427,-0.19023287296295166,1.0111446380615234]]]","[[[-0.1285719871520996,0.09345734119415283,-0.2034887671470642,-0.2659956216812134,-0.06991147994995117,-0.040709614753723145,0.9999990463256836],[-0.1285719871520996,0.0965726375579834,-0.15697723627090454,-0.2659956216812134,-0.02127939462661743,-0.040709614753723145,0.9999990463256836],[-0.07142913341522217,0.07165050506591797,-0.03197723627090454,-0.2659956216812134,0.03951060771942139,-0.040709614753723145,0.9999990463256836],[-0.032143473625183105,0.03738260269165039,-0.017442405223846436,-0.2659956216812134,0.01519465446472168,-0.05840873718261719,0.9999990463256836],[-0.010714948177337646,0.024921536445617676,-0.017442405223846436,-0.2659956216812134,0.01519465446472168,-0.06902807950973511,0.9999990463256836]]]","[0.5770052671432495,0.0030905483290553093,0.00476085115224123,0.004522114992141724,0.004711042623966932]","[0.003696198109537363,0.0005843928083777428,0.0013405591016635299,0.0008685688371770084,0.00616890424862504,0.014933004975318909,0.80413419008255]",0.03850000351667404,0.027810363098978996,0.058866724371910095,0.012335984967648983
O-L,O1200,36,42,libero_90,2,46,47,0.25,28,2026092101,0.045762863010168076,0.022464869543910027,"[0.012662474997341633,0.018244458362460136,0.021672435104846954,0.02325115166604519,0.036493830382823944]","[0.008305206894874573,0.012412752956151962,0.0022397271823138,0.007504947483539581,0.09656765311956406,0.0287217628210783,0.0015020332066342235]",0.01802738383412361,"[0.015758991241455078,0.017556095495820045,0.017216118052601814,0.017905212938785553,0.021700510755181313]","[0.012121192179620266,0.007081508170813322,0.00044130004243925214,0.006279859226197004,0.08084335178136826,0.018144087865948677,0.0012803933350369334]",0.019598614424467087,"[[[-0.17102129757404327,-0.1439775824546814,-0.7257939577102661,-0.28361427783966064,-0.5144926905632019,-0.07237523794174194,-1.0204330682754517],[-0.1776629239320755,-0.13173574209213257,-0.7209279537200928,-0.28730326890945435,-0.5143790245056152,-0.07099825143814087,-1.005192518234253],[-0.1887107491493225,-0.1345587968826294,-0.7107620239257812,-0.2839345932006836,-0.5089719891548157,-0.06698321551084518,-0.9994043707847595],[-0.16929584741592407,-0.14254483580589294,-0.6937355399131775,-0.27805083990097046,-0.4964374899864197,-0.0776551365852356,-1.0069671869277954],[-0.1905859410762787,-0.14253449440002441,-0.6872192621231079,-0.28565895557403564,-0.4610952138900757,-0.07655323296785355,-1.005428671836853]]]","[[[-0.20000046491622925,-0.25856733322143555,-0.7470932006835938,-0.40740931034088135,-0.6960495114326477,0.08672380447387695,-1.0],[-0.26428622007369995,-0.2180689573287964,-0.7819768190383911,-0.468015193939209,-0.7082074880599976,0.11150252819061279,-1.0],[-0.30357182025909424,-0.19626212120056152,-0.7848838567733765,-0.47474920749664307,-0.702128529548645,0.12212193012237549,-1.0],[-0.3357146978378296,-0.1838010549545288,-0.7848838567733765,-0.47474920749664307,-0.6960495114326477,0.12920165061950684,-1.0],[-0.3892861008644104,-0.1713399887084961,-0.7877907752990723,-0.468015193939209,-0.6960495114326477,0.13628125190734863,-1.0]]]","[0.012634624727070332,0.01746339350938797,0.018853601068258286,0.02272554486989975,0.026315920054912567]","[0.017742687836289406,0.005384673830121756,0.005619462579488754,0.031267255544662476,0.04057805985212326,0.036493610590696335,0.00010456790187163278]",0.060045208781957626,0.02404058910906315,0.025516629219055176,0.0013060482451692224
O-L,O1200,36,43,libero_90,3,46,47,0.25,43,2026092101,0.11314232647418976,0.16067232191562653,"[0.03264185041189194,0.05163620412349701,0.15857522189617157,0.37662312388420105,0.18388530611991882]","[0.04824628308415413,0.007571699563413858,0.022153912112116814,0.004766736179590225,0.24089232087135315,0.022915421053767204,0.778160035610199]",0.18291513621807098,"[0.01743648573756218,0.02439383789896965,0.03584996983408928,0.45302265882492065,0.3838728070259094]","[0.047317445278167725,0.001468159374780953,0.040182460099458694,0.002014920813962817,0.12822353839874268,0.009333757683634758,1.051865816116333]",0.26097193360328674,"[[[-0.49791932106018066,0.05400121212005615,-0.6733726859092712,-0.23387348651885986,-0.14895276725292206,-0.0672021210193634,-1.018166184425354],[-0.48086827993392944,0.06714577972888947,-0.6401594877243042,-0.2464265525341034,-0.15253940224647522,-0.0657978430390358,-1.0003609657287598],[-0.46108829975128174,0.07378576695919037,-0.6051528453826904,-0.2542054355144501,-0.1434013992547989,-0.06295295804738998,-0.9972066879272461],[-0.4000501334667206,0.06903764605522156,-0.5540105700492859,-0.25471073389053345,-0.12782390415668488,-0.08234161883592606,-1.0042412281036377],[-0.3830330967903137,0.0750550776720047,-0.5152996182441711,-0.27127620577812195,-0.11119947582483292,-0.08862413465976715,-1.00239098072052]]]","[[[-0.4321432113647461,0.02180635929107666,-0.5523258447647095,-0.2659956216812134,0.14285385608673096,-0.1008865237236023,-1.0],[-0.3607146739959717,0.02180635929107666,-0.49127936363220215,-0.2659956216812134,0.21580207347869873,-0.1008865237236023,-1.0],[-0.28928619623184204,0.02180635929107666,-0.45348870754241943,-0.2659956216812134,0.27051305770874023,-0.10796612501144409,-1.0],[-0.2250005006790161,0.02180635929107666,-0.4215119481086731,-0.2659956216812134,0.28267109394073486,-0.11504578590393066,0.9999990463256836],[-0.1285719871520996,0.015575766563415527,-0.27325624227523804,-0.2659956216812134,0.37993526458740234,-0.17168277502059937,0.9999990463256836]]]","[0.01538042165338993,0.02513536997139454,0.032673999667167664,0.6053016185760498,0.6263684034347534]","[0.028734436258673668,0.002312522614374757,0.02719210460782051,0.00034180437796749175,0.1603742390871048,0.0024720679502934217,1.6053764820098877]",0.12929996848106384,0.18068766593933105,0.25801506638526917,0.0003186515823472291
O-L,O1200,36,51,libero_90,11,46,47,0.25,20,2026092101,0.04970620200037956,0.028259871527552605,"[0.028168588876724243,0.018298378214240074,0.021710826084017754,0.031758543103933334,0.041363026946783066]","[0.09473482519388199,0.03606995567679405,0.0012151579139754176,0.01201722864061594,0.05335291847586632,0.0004072301962878555,2.1786692741443403e-05]",0.012818659655749798,"[0.009953111410140991,0.007441604044288397,0.010176325216889381,0.016005350276827812,0.020516909658908844]","[0.03910492733120918,0.013221013359725475,0.00449668662622571,0.007441120687872171,0.024350373074412346,0.0008490905165672302,0.0002674055576790124]",0.01501356903463602,"[[[0.7643721103668213,-0.41524288058280945,-0.0067911092191934586,-0.25903648138046265,-0.16304834187030792,-0.03397712856531143,-1.0212281942367554],[0.7787520885467529,-0.3798222839832306,-0.024946708232164383,-0.26705604791641235,-0.17660421133041382,-0.043538399040699005,-1.0070960521697998],[0.7849936485290527,-0.3734932541847229,-0.03398594632744789,-0.26724475622177124,-0.18670432269573212,-0.04206828773021698,-1.0029571056365967],[0.806937038898468,-0.3645017743110657,-0.039212197065353394,-0.2601654529571533,-0.18887166678905487,-0.05504892021417618,-1.0133248567581177],[0.787300705909729,-0.35053566098213196,-0.0574265718460083,-0.2659088969230652,-0.18748827278614044,-0.050645314157009125,-1.0058293342590332]]]","[[[0.9107130765914917,-0.6728973388671875,-0.017442405223846436,-0.19192183017730713,-0.06991147994995117,-0.02655029296875,-1.0],[0.9499987363815308,-0.5607479214668274,-0.017442405223846436,-0.2659956216812134,-0.051674485206604004,-0.015930891036987305,-1.0],[0.9749988317489624,-0.47663581371307373,-0.017442405223846436,-0.2659956216812134,-0.02127939462661743,-0.008851230144500732,-1.0],[0.985713005065918,-0.4205610752105713,-0.04651212692260742,-0.2659956216812134,0.08206379413604736,-0.0017716288566589355,-1.0],[0.9821414947509766,-0.39563894271850586,-0.09593069553375244,-0.2659956216812134,0.14893293380737305,0.008847832679748535,-1.0]]]","[0.014514227397739887,0.01121955830603838,0.010784734040498734,0.015944689512252808,0.02260463684797287]","[0.03135336562991142,0.02298704907298088,0.0003958619781769812,0.0009082119795493782,0.04764651134610176,0.0016597219510003924,0.00014425352856051177]",0.08320342004299164,0.01646132953464985,0.015798578038811684,0.0006565131479874253
O-L,O1200,36,55,libero_90,15,46,47,0.25,32,2026092101,0.07352471351623535,0.07301276177167892,"[0.053268127143383026,0.06891835480928421,0.08355513215065002,0.08478740602731705,0.07453480362892151]","[0.19624856114387512,0.007567751687020063,0.18794576823711395,0.03366784006357193,0.08504755795001984,0.0002258586318930611,0.000385974592063576]",0.03458996117115021,"[0.024849379435181618,0.02894965186715126,0.03890442103147507,0.03919981047511101,0.041046544909477234]","[0.10446953773498535,0.001958729000762105,0.08835574239492416,0.0067911394871771336,0.039933402091264725,0.0005802199593745172,4.095397889614105e-05]",0.035552483052015305,"[[[-0.15828457474708557,0.19617067277431488,-0.7820326089859009,-0.056396037340164185,-0.15922459959983826,-0.022505607455968857,-1.0095527172088623],[-0.15954935550689697,0.19543306529521942,-0.7610525488853455,-0.04652396962046623,-0.15294122695922852,-0.02349092811346054,-0.9942271709442139],[-0.15884797275066376,0.18459324538707733,-0.7387224435806274,-0.029397303238511086,-0.13765758275985718,-0.01798626035451889,-0.9903624057769775],[-0.131734699010849,0.16981986165046692,-0.7065226435661316,-0.00886203721165657,-0.12239620089530945,-0.03039488196372986,-0.9993735551834106],[-0.14954876899719238,0.1636185199022293,-0.6856478452682495,-0.01439492404460907,-0.10449683666229248,-0.03133451193571091,-0.9972598552703857]]]","[[[0.12142789363861084,0.29283416271209717,-0.5319769978523254,-0.2659956216812134,-0.04559546709060669,0.054865479469299316,-1.0],[0.1249992847442627,0.252335786819458,-0.5174421072006226,-0.2659956216812134,0.03951060771942139,0.054865479469299316,-1.0],[0.14642786979675293,0.23675942420959473,-0.5029072761535645,-0.2659956216812134,0.11245882511138916,0.054865479469299316,-1.0],[0.13928496837615967,0.23987483978271484,-0.5000002980232239,-0.2659956216812134,0.14285385608673096,0.058405280113220215,-1.0],[0.08928501605987549,0.23987483978271484,-0.5232560634613037,-0.2659956216812134,0.20364391803741455,0.058405280113220215,-1.0]]]","[0.030433114618062973,0.03356149420142174,0.039351530373096466,0.037910282611846924,0.036506012082099915]","[0.07657872140407562,0.005205157212913036,0.04930104315280914,0.05549982935190201,0.05556316301226616,0.00667441776022315,4.507280755206011e-05]",0.0926629826426506,0.049207013100385666,0.04047063738107681,0.0019034004071727395
O-L,O1200,36,56,libero_90,16,46,47,0.25,35,2026092101,0.08668503910303116,0.059042789041996,"[0.08785365521907806,0.06507278233766556,0.053753871470689774,0.046661145985126495,0.041872505098581314]","[0.20322929322719574,0.007116579916328192,0.0003235081094317138,0.1810787171125412,0.010560871101915836,0.010540220886468887,0.00045034426148049533]",0.03548433631658554,"[0.040064167231321335,0.0378107875585556,0.03328786790370941,0.03266755864024162,0.033591289073228836]","[0.05424613878130913,0.004814487416297197,0.0018668388947844505,0.155239075422287,0.030431106686592102,0.0016186535358428955,0.00017402638331986964]",0.019998468458652496,"[[[0.15890955924987793,0.08337634801864624,-0.737870454788208,0.062738798558712,-0.6682116389274597,-0.2407267987728119,-1.0246583223342896],[0.12985864281654358,0.09938632696866989,-0.7550116777420044,0.06553206592798233,-0.6589097380638123,-0.23557411134243011,-1.0072340965270996],[0.09483762085437775,0.0963861495256424,-0.7536170482635498,0.08321015536785126,-0.6313098073005676,-0.22847522795200348,-1.000332236289978],[0.0896739661693573,0.08814800530672073,-0.7450020909309387,0.10917524248361588,-0.5932414531707764,-0.23624002933502197,-1.0064876079559326],[0.03572480380535126,0.0862298458814621,-0.7556332945823669,0.11394345760345459,-0.5300287008285522,-0.2217915654182434,-1.0004866123199463]]]","[[[-0.1285719871520996,0.02180635929107666,-0.7034885287284851,0.25925517082214355,-0.6291804313659668,-0.040709614753723145,-1.0],[-0.1285719871520996,0.02180635929107666,-0.7325583100318909,0.2727231979370117,-0.6595754623413086,-0.04778921604156494,-1.0],[-0.16071486473083496,0.02180635929107666,-0.7412792444229126,0.25925517082214355,-0.6656544208526611,-0.05840873718261719,-1.0],[-0.18928629159927368,0.02180635929107666,-0.7470932006835938,0.252521276473999,-0.6595754623413086,-0.07256799936294556,-1.0],[-0.21071475744247437,0.02180635929107666,-0.7500001788139343,0.24578726291656494,-0.6413384675979614,-0.08318740129470825,-1.0]]]","[0.02405366487801075,0.021650472655892372,0.018873652443289757,0.01914333365857601,0.016271226108074188]","[0.07065808027982712,0.004784652031958103,0.0003749193565454334,0.03009391389787197,0.003898699302226305,0.030038459226489067,0.00014056025247555226]",0.11676263064146042,0.06074955314397812,0.05021905153989792,0.015281940810382366
O-L,O1200,36,62,libero_90,22,46,47,0.25,27,2026092101,0.09729644656181335,0.04227803274989128,"[0.03894609212875366,0.03191927447915077,0.029712457209825516,0.03530126065015793,0.07551108300685883]","[0.02428383193910122,0.00731433043256402,0.05641989782452583,0.16983921825885773,0.032188236713409424,0.005590253509581089,0.0003104689239989966]",0.01611427217721939,"[0.013104742392897606,0.0120364585891366,0.01260032132267952,0.01411103643476963,0.02871880680322647]","[0.011873348616063595,0.006603690329939127,0.029012084007263184,0.0377558209002018,0.024923404678702354,0.0023323888890445232,0.0002991700894199312]",0.04922374710440636,"[[[0.35272082686424255,0.06688544899225235,-0.3764565587043762,0.17188319563865662,-0.08133519440889359,0.6177603602409363,-1.0125726461410522],[0.3643219470977783,0.08870207518339157,-0.3659266233444214,0.17113375663757324,-0.07646836340427399,0.6025516986846924,-1.0039571523666382],[0.3746423125267029,0.10015800595283508,-0.35056379437446594,0.17297926545143127,-0.06706475466489792,0.598513126373291,-0.9993047714233398],[0.40937840938568115,0.10910864174365997,-0.330811083316803,0.179677814245224,-0.06491167843341827,0.5870722532272339,-1.004989504814148],[0.40525853633880615,0.12346658110618591,-0.32093608379364014,0.1631990373134613,-0.06091616675257683,0.5794631838798523,-0.9982221722602844]]]","[[[0.4285705089569092,0.02180635929107666,-0.4883723855018616,-0.28619760274887085,-0.06991147994995117,0.7522093057632446,-1.0],[0.4035705327987671,0.024921536445617676,-0.4738374948501587,-0.29293161630630493,-0.06991147994995117,0.7734483480453491,-1.0],[0.38214194774627686,0.05295896530151367,-0.46511656045913696,-0.3131335377693176,-0.06991147994995117,0.7911473512649536,-1.0],[0.3607133626937866,0.07788097858428955,-0.45639562606811523,-0.3670054078102112,-0.0820695161819458,0.8017667531967163,-1.0],[0.31428492069244385,0.13084053993225098,-0.4622095823287964,-0.5084190368652344,-0.19149166345596313,0.8300855159759521,-1.0]]]","[0.03550193831324577,0.03741059824824333,0.0412612184882164,0.052055783569812775,0.0798892006278038]","[0.003598871175199747,0.001871474669314921,0.014604385010898113,0.28228673338890076,0.0035051896702498198,0.03865908458828926,4.045393143314868e-05]",0.11131183803081512,0.018219463527202606,0.0461190901696682,0.0009264018735848367
O-L,O1200,36,64,libero_90,24,46,47,0.25,28,2026092101,0.06838876754045486,0.0469701923429966,"[0.05499938875436783,0.04773472249507904,0.02580944076180458,0.03805284574627876,0.06825456023216248]","[0.10895998775959015,0.03654291108250618,0.023469403386116028,0.044028669595718384,0.04975612461566925,0.06595303863286972,8.119299309328198e-05]",0.017417065799236298,"[0.026134716346859932,0.02099352888762951,0.010804582387208939,0.009972570464015007,0.01917993277311325]","[0.0316641703248024,0.01874912716448307,0.01234427373856306,0.0032110398169606924,0.01318997424095869,0.042614664882421494,0.00014621028094552457]",0.026571059599518776,"[[[0.3546540141105652,-0.021391309797763824,-0.2886219620704651,0.05763503909111023,-0.27371349930763245,-0.8749902844429016,-1.0076181888580322],[0.38177549839019775,0.0015690475702285767,-0.3078978657722473,0.07040216028690338,-0.2703908681869507,-0.8719931244850159,-0.9936856031417847],[0.3980204463005066,0.0069801099598407745,-0.3145477771759033,0.09421002119779587,-0.2541288137435913,-0.8642704486846924,-0.9914684891700745],[0.43417176604270935,0.011361867189407349,-0.3240745961666107,0.1175498366355896,-0.2409629225730896,-0.8665549755096436,-0.9984780550003052],[0.4358139634132385,0.01784530282020569,-0.34000474214553833,0.1327178180217743,-0.22046366333961487,-0.8538476824760437,-0.9940691590309143]]]","[[[0.14285647869110107,0.02180635929107666,-0.28779107332229614,-0.16498583555221558,-0.10030657052993774,-0.9716814756393433,-1.0],[0.18214213848114014,0.02180635929107666,-0.3168608546257019,-0.13804996013641357,-0.06991147994995117,-0.9079647064208984,-1.0],[0.2714277505874634,0.05607426166534424,-0.31395387649536133,-0.13804996013641357,-0.06991147994995117,-0.8017702102661133,-1.0],[0.2749992609024048,0.06853532791137695,-0.27616316080093384,-0.13131588697433472,-0.06991147994995117,-0.6141599416732788,-1.0],[0.3285706043243408,0.12149477005004883,-0.2034887671470642,-0.2188577651977539,-0.06991147994995117,-0.42300981283187866,-1.0]]]","[0.01939459517598152,0.01790306717157364,0.01575658656656742,0.026542644947767258,0.05325840041041374]","[0.027514880523085594,0.0037395681720227003,0.004202699288725853,0.06649931520223618,0.031224507838487625,0.052774786949157715,4.1637256799731404e-05]",0.07430486381053925,0.0369638167321682,0.031813375651836395,0.005047797225415707
O-L,O1200,36,73,libero_90,33,46,47,0.25,44,2026092101,0.06343726813793182,0.13458706438541412,"[0.3066122233867645,0.19919292628765106,0.09848371893167496,0.03772461414337158,0.03092183917760849]","[0.2639875113964081,0.025357356294989586,0.20426885783672333,0.0003280859091319144,0.4046548008918762,0.038543760776519775,0.004969026893377304]",0.0687902644276619,"[0.14288349449634552,0.10371869057416916,0.05474885180592537,0.023547591641545296,0.01905270665884018]","[0.10478168725967407,0.014856827445328236,0.07877063751220703,0.0006101327599026263,0.2581791281700134,0.0043638660572469234,0.019969617947936058]",0.06400329619646072,"[[[-0.16716600954532623,0.04381488263607025,-0.18015186488628387,-0.21261335909366608,-0.06919252872467041,-0.28151455521583557,0.7944976091384888],[-0.13552045822143555,0.043031834065914154,-0.12775911390781403,-0.21926869451999664,-0.06972398608922958,-0.2740284502506256,1.001157283782959],[-0.10428152978420258,0.04221537709236145,-0.07511879503726959,-0.2055327594280243,-0.06394810229539871,-0.27513229846954346,1.0087168216705322],[-0.03577139973640442,0.03170447051525116,-0.02021760493516922,-0.18175628781318665,-0.05764079466462135,-0.29253309965133667,1.0051501989364624],[0.003489125519990921,0.029348287731409073,0.007456928491592407,-0.16290640830993652,-0.041929762810468674,-0.29938000440597534,1.0082517862319946]]]","[[[-0.79285728931427,-0.07788211107254028,-0.6424421072006226,-0.2659956216812134,-0.6291804313659668,-0.07256799936294556,0.9999990463256836],[-0.5964288711547852,-0.06230580806732178,-0.5145351886749268,-0.2659956216812134,-0.525837242603302,-0.05486893653869629,0.9999990463256836],[-0.38571470975875854,-0.043614208698272705,-0.35174453258514404,-0.2659956216812134,-0.37386202812194824,-0.040709614753723145,0.9999990463256836],[-0.17142915725708008,0.009345293045043945,-0.13372141122817993,-0.2659956216812134,-0.2583608031272888,-0.040709614753723145,0.9999990463256836],[-0.1285719871520996,0.02180635929107666,-0.017442405223846436,-0.2659956216812134,-0.21580767631530762,-0.040709614753723145,0.9999990463256836]]]","[0.14604824781417847,0.0901976153254509,0.045403651893138885,0.020373208448290825,0.01799377053976059]","[0.14379480481147766,0.006765941623598337,0.09066658467054367,0.005282496102154255,0.1376388818025589,0.05539379641413689,0.008480565622448921]",0.07783929258584976,0.07560990750789642,0.12958833575248718,0.04200335219502449
O-L,O1200,36,95,libero_90,55,46,47,0.25,27,2026092101,0.05271802470088005,0.025280779227614403,"[0.018766488879919052,0.02874448522925377,0.033137135207653046,0.024075236171483994,0.0216805562376976]","[0.016286693513393402,0.10797419399023056,0.04200804978609085,0.007556588388979435,0.0009638990159146488,0.0016685409937053919,0.0005074888467788696]",0.012137344107031822,"[0.00873066671192646,0.013025106862187386,0.014643405564129353,0.011715847067534924,0.01257169060409069]","[0.008488304913043976,0.05169443041086197,0.02022739313542843,0.003287308616563678,0.000401839119149372,0.0003900750889442861,0.0004720549040939659]",0.01627211831510067,"[[[-0.24448272585868835,-0.03887106478214264,-0.7049960494041443,-0.14327433705329895,-0.09135544300079346,-0.06660149991512299,-1.0175905227661133],[-0.23912958800792694,-0.011739566922187805,-0.6877906918525696,-0.15593008697032928,-0.09065355360507965,-0.06118406727910042,-0.9982806444168091],[-0.23834866285324097,0.0004301518201828003,-0.6754828691482544,-0.1610148698091507,-0.08467370271682739,-0.05303507298231125,-0.9967023730278015],[-0.2117132842540741,0.0014073029160499573,-0.6508791446685791,-0.1585240364074707,-0.08309595286846161,-0.06511349231004715,-1.0073795318603516],[-0.23166552186012268,0.011460263282060623,-0.6463378071784973,-0.18122798204421997,-0.07584179937839508,-0.059425730258226395,-1.0048390626907349]]]","[[[-0.3535718321800232,-0.2928352355957031,-0.7470932006835938,-0.12458193302154541,-0.06991147994995117,-0.040709614753723145,-1.0],[-0.33928608894348145,-0.3707168698310852,-0.6540700197219849,-0.25252771377563477,-0.06991147994995117,-0.040709614753723145,-1.0],[-0.29285764694213867,-0.36448633670806885,-0.584302544593811,-0.2659956216812134,-0.06991147994995117,-0.040709614753723145,-1.0],[-0.2678576111793518,-0.2741437554359436,-0.5377909541130066,-0.2659956216812134,-0.06991147994995117,-0.040709614753723145,-1.0],[-0.2571433186531067,-0.2149537205696106,-0.5058141946792603,-0.2659956216812134,-0.06991147994995117,-0.040709614753723145,-1.0]]]","[0.011422781273722649,0.021459518000483513,0.022264400497078896,0.014891927130520344,0.01132196094840765]","[0.005740858614444733,0.09074365347623825,0.008751786313951015,0.007887432351708412,0.00026339988107793033,0.0004374704440124333,8.022621477721259e-05]",0.08523331582546234,0.015110618434846401,0.021192263811826706,0.0009514017729088664
O-L,O1200,36,96,libero_90,56,46,47,0.25,26,2026092101,0.08274884521961212,0.023564903065562248,"[0.01668836548924446,0.008879219181835651,0.02041691355407238,0.030839644372463226,0.041000381112098694]","[0.012500106357038021,0.022307146340608597,0.10901422798633575,0.0072412616573274136,0.004278749227523804,0.008774474263191223,0.0008383647655136883]",0.01976975053548813,"[0.013559320941567421,0.009039624594151974,0.016270754858851433,0.026005852967500687,0.033973198384046555]","[0.01142011396586895,0.010473785921931267,0.11190052330493927,0.0014877013163641095,0.0010716988472267985,0.0017196619883179665,0.0003147549869026989]",0.008768188767135143,"[[[-0.6278169751167297,-0.022768020629882812,-1.0259337425231934,-0.15555356442928314,-0.13819153606891632,-0.045962512493133545,-1.0197447538375854],[-0.6316186189651489,-0.004868142306804657,-1.0183227062225342,-0.16550065577030182,-0.1369689255952835,-0.03904110938310623,-1.000038504600525],[-0.6306737661361694,-0.0011378750205039978,-1.0097407102584839,-0.16582566499710083,-0.12746652960777283,-0.02881118655204773,-1.0008357763290405],[-0.5887109637260437,-0.010075684636831284,-0.9750761985778809,-0.15817448496818542,-0.1122807115316391,-0.043516531586647034,-1.0088584423065186],[-0.5944647789001465,-0.0016421489417552948,-0.9581677913665771,-0.17582064867019653,-0.10246532410383224,-0.03436450660228729,-1.0037211179733276]]]","[[[-0.6321431398391724,-0.19937735795974731,-0.9098837971687317,-0.2659956216812134,-0.1854127049446106,-0.061948537826538086,-1.0],[-0.6500002145767212,0.0031147003173828125,-0.9040698409080505,-0.27946358919143677,-0.06991147994995117,-0.040709614753723145,-1.0],[-0.6321431398391724,0.02180635929107666,-0.8372094035148621,-0.3468034863471985,-0.06991147994995117,-0.040709614753723145,-1.0],[-0.5928574204444885,0.05607426166534424,-0.7703490257263184,-0.3198675513267517,-0.06991147994995117,-0.040709614753723145,-1.0],[-0.5214288830757141,0.06542003154754639,-0.7209303975105286,-0.2659956216812134,-0.06991147994995117,-0.040709614753723145,-1.0]]]","[0.008535693399608135,0.004420337732881308,0.009500497952103615,0.010618912056088448,0.010765506885945797]","[0.00114203873090446,0.008130835369229317,0.030896632000803947,0.018442830070853233,0.002578805899247527,8.9609733549878e-05,9.657481132308021e-05]",0.08971064537763596,0.034607842564582825,0.01643565483391285,0.002204777440056205
O-L,O1200,36,97,libero_90,57,46,47,0.25,38,2026092101,0.089749775826931,0.06315802782773972,"[0.09203911572694778,0.06751470267772675,0.06249840930104256,0.054757341742515564,0.03898056969046593]","[0.1825617253780365,0.052377887070178986,0.014372045174241066,0.010476520285010338,0.178280770778656,0.003743902314454317,0.0002933313080575317]",0.028141753748059273,"[0.04281266778707504,0.02971797063946724,0.02668152190744877,0.023584280163049698,0.01791232079267502]","[0.08904389292001724,0.02535182610154152,0.007816827856004238,0.0006756518268957734,0.07255576550960541,0.0014244528720155358,0.00012385663285385817]",0.04348818212747574,"[[[0.21062898635864258,-0.056874118745326996,-0.6963533759117126,-0.11667361110448837,-0.21306556463241577,-0.19636820256710052,-1.0208117961883545],[0.19335505366325378,-0.025241129100322723,-0.7078025937080383,-0.1199367344379425,-0.22080162167549133,-0.1926034539937973,-1.0068199634552002],[0.1770954430103302,-0.016995064914226532,-0.721479594707489,-0.10700656473636627,-0.21905553340911865,-0.18865936994552612,-1.0021617412567139],[0.18195697665214539,-0.015242908149957657,-0.7238876819610596,-0.08720256388187408,-0.2161567360162735,-0.20046430826187134,-1.0113521814346313],[0.14608396589756012,-0.010541994124650955,-0.7341766357421875,-0.08153554052114487,-0.19921350479125977,-0.1983509510755539,-1.0090234279632568]]]","[[[-0.1285719871520996,-0.22118425369262695,-0.6250002384185791,-0.2659956216812134,0.15501189231872559,-0.040709614753723145,-1.0],[-0.1285719871520996,-0.24922162294387817,-0.668604850769043,-0.2659956216812134,0.1185377836227417,-0.040709614753723145,-1.0],[-0.1285719871520996,-0.2647978663444519,-0.6889536380767822,-0.2659956216812134,0.11245882511138916,-0.040709614753723145,-1.0],[-0.1285719871520996,-0.2990657687187195,-0.697674572467804,-0.2659956216812134,0.057747721672058105,-0.040709614753723145,-1.0],[-0.110714852809906,-0.31775736808776855,-0.7005815505981445,-0.2659956216812134,-0.015200436115264893,-0.040709614753723145,-1.0]]]","[0.047083888202905655,0.04499192163348198,0.04470997676253319,0.04433026164770126,0.036324869841337204]","[0.09490015357732773,0.06270160526037216,0.0019002857152372599,0.026980051770806313,0.0938836932182312,0.023912562057375908,0.0001389220415148884]",0.09710290282964706,0.035072654485702515,0.04770122468471527,0.0013486973475664854
O-L,O1200,36,101,libero_90,61,46,47,0.25,36,2026092101,0.055208172649145126,0.029058916494250298,"[0.033354751765728,0.025436414405703545,0.018284671008586884,0.028046565130352974,0.04017217829823494]","[0.05325188860297203,0.010627337731420994,0.0033383367117494345,0.015732355415821075,0.10580436140298843,0.014366594143211842,0.00029153714422136545]",0.01440477930009365,"[0.015366697683930397,0.01123788021504879,0.008488667197525501,0.015993982553482056,0.020936669781804085]","[0.017148105427622795,0.005511606577783823,0.007480668369680643,0.003375521395355463,0.06136200949549675,0.0058784885331988335,7.705231109866872e-05]",0.02249099127948284,"[[[0.04187440127134323,-0.0009653642773628235,-0.7789707779884338,-0.15905916690826416,-0.3945436179637909,-0.18053589761257172,-1.013506293296814],[0.03735410049557686,0.020365767180919647,-0.7914976477622986,-0.17071533203125,-0.4211253821849823,-0.17500321567058563,-1.0018212795257568],[0.029109150171279907,0.025293812155723572,-0.795569658279419,-0.17560498416423798,-0.4395211637020111,-0.1675960272550583,-0.9997032880783081],[0.04926231503486633,0.021603159606456757,-0.7911564707756042,-0.1734856814146042,-0.45307549834251404,-0.17922955751419067,-1.0078073740005493],[0.025508444756269455,0.026292089372873306,-0.7976822853088379,-0.18244406580924988,-0.4485625922679901,-0.17451772093772888,-1.0047836303710938]]]","[[[-0.10357201099395752,-0.12149584293365479,-0.8226745128631592,-0.2659956216812134,-0.1428595781326294,-0.05840873718261719,-1.0],[-0.12500053644180298,-0.11215001344680786,-0.8284884691238403,-0.2659956216812134,-0.1793336272239685,-0.05486893653869629,-1.0],[-0.1285719871520996,-0.08722788095474243,-0.8226745128631592,-0.2659956216812134,-0.21580767631530762,-0.04424941539764404,-1.0],[-0.1285719871520996,-0.08411264419555664,-0.8430233597755432,-0.2659956216812134,-0.12462258338928223,-0.040709614753723145,-1.0],[-0.1285719871520996,-0.031153202056884766,-0.8226745128631592,-0.40740931034088135,-0.06991147994995117,-0.040709614753723145,-1.0]]]","[0.018210001289844513,0.01818070560693741,0.01595597341656685,0.025882739573717117,0.03422555327415466]","[0.025548571720719337,0.011844990774989128,0.0014655593549832702,0.017570331692695618,0.08462276309728622,0.016330812126398087,5.39326538273599e-05]",0.08165592700242996,0.02017100155353546,0.02485540695488453,0.0012258704518899322
N-H,N1800,36,0,libero_spatial,0,46,47,0.25,22,2026092101,0.11676805466413498,0.16212187707424164,"[0.16113264858722687,0.14872542023658752,0.127975195646286,0.1365177482366562,0.23625844717025757]","[0.4142046570777893,0.36581912636756897,0.010002813301980495,0.17742733657360077,0.14879214763641357,0.01850244216620922,0.00010465801460668445]",0.0658988207578659,"[0.06904643774032593,0.059043511748313904,0.049253497272729874,0.051650188863277435,0.10050047188997269]","[0.17531786859035492,0.15703396499156952,0.0010201248805969954,0.04951735958456993,0.07789811491966248,0.0004895529127679765,1.4787947293370962e-05]",0.09900665283203125,"[[[-0.31906062364578247,0.21548181772232056,-0.9755489230155945,0.1621902883052826,-0.4527032673358917,-0.21102027595043182,-1.0134155750274658],[-0.35716167092323303,0.24409298598766327,-0.9751116037368774,0.1589398980140686,-0.44939225912094116,-0.20515285432338715,-0.9943774938583374],[-0.3995214104652405,0.24557562172412872,-0.9628404378890991,0.16845360398292542,-0.42978522181510925,-0.19559094309806824,-0.9860015511512756],[-0.4075300991535187,0.23322603106498718,-0.9505582451820374,0.17679321765899658,-0.41108375787734985,-0.21277469396591187,-0.9929795265197754],[-0.4705042243003845,0.22963102161884308,-0.9390810132026672,0.16181768476963043,-0.37595272064208984,-0.20235803723335266,-0.9905160069465637]]]","[[[-0.08928626775741577,0.8037372827529907,-1.034883737564087,-0.2659956216812134,-0.06991147994995117,-0.040709614753723145,-1.0],[-0.1535719633102417,0.7507778406143188,-1.034883737564087,-0.2659956216812134,-0.06991147994995117,-0.040709614753723145,-1.0],[-0.46428608894348145,0.6542047262191772,-1.034883737564087,-0.2659956216812134,-0.06991147994995117,-0.040709614753723145,-1.0],[-0.9071429371833801,0.33644795417785645,-1.034883737564087,-0.20538973808288574,-0.06991147994995117,-0.040709614753723145,-1.0],[-1.3249998092651367,0.06542003154754639,-1.034883737564087,-0.13131588697433472,-0.06991147994995117,-0.040709614753723145,-1.0]]]","[0.10877425968647003,0.0933428704738617,0.07411455363035202,0.07992807775735855,0.13887354731559753]","[0.2156430333852768,0.16147436201572418,0.005714503116905689,0.1569301187992096,0.12602081894874573,0.027154425159096718,0.00010935599129879847]",0.12994873523712158,0.07790180295705795,0.1040380448102951,0.002965867519378662
N-H,N1800,36,1,libero_spatial,1,46,47,0.25,33,2026092101,0.1045723706483841,0.11869292706251144,"[0.2311113327741623,0.1303383708000183,0.07061614841222763,0.07818502187728882,0.08321382105350494]","[0.08265303820371628,0.3181024491786957,0.16760773956775665,0.12419401854276657,0.0046395533718168736,0.13323453068733215,0.00041923834942281246]",0.0546860434114933,"[0.1087661162018776,0.05555259436368942,0.03181343898177147,0.03466593846678734,0.04263213649392128]","[0.049522288143634796,0.1489843875169754,0.06676655262708664,0.030346786603331566,0.0039416044019162655,0.08233842253684998,0.000902242143638432]",0.06498517841100693,"[[[0.16893337666988373,0.2010815441608429,-0.9392195343971252,-0.24163609743118286,-0.19596213102340698,-0.29458123445510864,-1.012917399406433],[0.18546918034553528,0.21556684374809265,-0.9356585144996643,-0.2532970905303955,-0.2109031081199646,-0.3103572130203247,-0.9945952892303467],[0.19071437418460846,0.20239371061325073,-0.9275752902030945,-0.2545003890991211,-0.20894616842269897,-0.3153057396411896,-0.9894179701805115],[0.23062682151794434,0.18742474913597107,-0.9104766845703125,-0.2546026408672333,-0.2075587958097458,-0.34321266412734985,-0.9998137950897217],[0.20911246538162231,0.1780034601688385,-0.9149453043937683,-0.25930044054985046,-0.197798490524292,-0.34436506032943726,-1.0005675554275513]]]","[[[0.007142186164855957,0.9345784187316895,-0.41569799184799194,-0.4882171154022217,-0.15501761436462402,-0.25663846731185913,-1.0],[0.1357135772705078,0.7632389068603516,-0.593023419380188,-0.5690249800682068,-0.06991147994995117,-0.34159404039382935,-1.0],[0.31071341037750244,0.4922109842300415,-0.7906978130340576,-0.5757589340209961,-0.06991147994995117,-0.4796469211578369,-1.0],[0.40714192390441895,0.3676004409790039,-0.9244186878204346,-0.6565667390823364,-0.06991147994995117,-0.5539830923080444,-1.0],[0.364284873008728,0.17756950855255127,-1.034883737564087,-0.6565667390823364,-0.06991147994995117,-0.5964608788490295,-1.0]]]","[0.1289077252149582,0.07719811797142029,0.038112424314022064,0.04125162586569786,0.039456017315387726]","[0.019657567143440247,0.19088396430015564,0.08495772629976273,0.11661779880523682,0.015237520448863506,0.027479980140924454,6.168125401018187e-05]",0.09493552893400192,0.04676070809364319,0.048758890479803085,0.002985105849802494
N-H,N1800,36,2,libero_spatial,2,46,47,0.25,29,2026092101,0.07623766362667084,0.012807853519916534,"[0.02561243437230587,0.01213882677257061,0.008032585494220257,0.009338823147118092,0.008916602469980717]","[0.007945907302200794,0.003815011354163289,0.014491121284663677,0.05299007520079613,0.0012625314993783832,0.008994292467832565,0.00015603916835971177]",0.00781918503344059,"[0.012917842715978622,0.008547477424144745,0.005718020256608725,0.006925330497324467,0.004987255670130253]","[0.003626462072134018,0.00125487323384732,0.006624569650739431,0.035200562328100204,0.00238692294806242,0.004677641671150923,0.0009632649016566575]",0.009029717184603214,"[[[-0.11953727900981903,0.053079426288604736,-0.7301514744758606,-0.250853568315506,-0.19471120834350586,-0.21277523040771484,-1.0158003568649292],[-0.11873757839202881,0.07479925453662872,-0.7057082056999207,-0.26003116369247437,-0.20919978618621826,-0.21252235770225525,-0.9932070374488831],[-0.1224910244345665,0.07807962596416473,-0.663821816444397,-0.26080095767974854,-0.20274120569229126,-0.20932433009147644,-0.9892886877059937],[-0.0974205732345581,0.07317506521940231,-0.6213053464889526,-0.26370418071746826,-0.1974780559539795,-0.23018139600753784,-0.9993486404418945],[-0.11815701425075531,0.07544474303722382,-0.5848783254623413,-0.2672555446624756,-0.18122383952140808,-0.232731431722641,-0.9911811947822571]]]","[[[0.07499933242797852,0.02180635929107666,-0.5494188666343689,-0.2659956216812134,-0.13070160150527954,-0.040709614753723145,-1.0],[-0.02500063180923462,0.02180635929107666,-0.6366281509399414,-0.2659956216812134,-0.17325466871261597,-0.040709614753723145,-1.0],[-0.060714900493621826,0.02180635929107666,-0.668604850769043,-0.2659956216812134,-0.20972871780395508,-0.0300900936126709,-1.0],[-0.06428635120391846,0.024921536445617676,-0.6831396818161011,-0.2659956216812134,-0.15501761436462402,-0.008851230144500732,-1.0],[-0.06785768270492554,0.02180635929107666,-0.6802327036857605,-0.2659956216812134,-0.14893865585327148,-0.008851230144500732,-1.0]]]","[0.015095646493136883,0.006751473061740398,0.00561732891947031,0.008292196318507195,0.009391941130161285]","[0.010815059766173363,0.00243168231099844,0.010075029917061329,5.9735841205110773e-05,0.00165666569955647,0.038072098046541214,9.774469071999192e-05]",0.07769885659217834,0.004479632247239351,0.006904654670506716,0.000779571826569736
N-H,N1800,36,4,libero_spatial,4,46,47,0.25,37,2026092101,0.1058683767914772,0.04857196286320686,"[0.036673981696367264,0.04795403406023979,0.05044166371226311,0.052696593105793,0.05509354546666145]","[0.027944466099143028,0.009350690990686417,0.03871592506766319,0.03887725993990898,0.10990183800458908,0.11509956419467926,0.00011399120558053255]",0.02579755336046219,"[0.01911289244890213,0.025818342342972755,0.024295495823025703,0.028376774862408638,0.031384266912937164]","[0.003794934367761016,0.004683181643486023,0.01895149052143097,0.033628273755311966,0.030773747712373734,0.08685251325368881,0.001898730406537652]",0.027722790837287903,"[[[-0.9308971166610718,0.03730030357837677,-0.8600603342056274,-0.24211424589157104,-0.8848008513450623,0.12179616093635559,-1.0142531394958496],[-0.9371120929718018,0.05941351503133774,-0.8725229501724243,-0.2566658854484558,-0.9165425896644592,0.10605524480342865,-0.9935097098350525],[-0.9270365238189697,0.06347954273223877,-0.8659594058990479,-0.2598763704299927,-0.9226628541946411,0.10482582449913025,-0.992597222328186],[-0.8619741201400757,0.06438453495502472,-0.843059241771698,-0.25523924827575684,-0.9055196046829224,0.07519659399986267,-0.9965791702270508],[-0.8513402938842773,0.06453503668308258,-0.8483067154884338,-0.27074921131134033,-0.8712127804756165,0.07428321242332458,-0.9938856363296509]]]","[[[-0.7678573131561279,0.02180635929107666,-1.034883737564087,-0.2659956216812134,-0.598785400390625,0.13628125190734863,-1.0],[-0.7857143878936768,0.06853532791137695,-1.034883737564087,-0.2659956216812134,-0.5562323331832886,0.11504232883453369,-1.0],[-0.8142858743667603,0.0872267484664917,-1.034883737564087,-0.2659956216812134,-0.525837242603302,0.11504232883453369,-1.0],[-0.9142857789993286,0.133955717086792,-1.034883737564087,-0.2659956216812134,-0.4832841753959656,0.10442280769348145,-1.0],[-0.9964285492897034,0.10591840744018555,-1.034883737564087,-0.2659956216812134,-0.4589681029319763,0.07964420318603516,-1.0]]]","[0.020024770870804787,0.02562841586768627,0.028497036546468735,0.031948234885931015,0.0325155109167099]","[0.017200613394379616,0.0014879865339025855,0.03141346201300621,0.00016662110283505172,0.14346545934677124,0.0002555748797021806,6.983289495110512e-05]",0.11502990871667862,0.026682838797569275,0.03289066627621651,0.0028567027766257524
N-H,N1800,36,5,libero_spatial,5,46,47,0.25,27,2026092101,0.06829529255628586,0.1582866609096527,"[0.2131940871477127,0.272398442029953,0.11906648427248001,0.10000420361757278,0.08677008002996445]","[0.3641332983970642,0.16323505342006683,0.13130760192871094,0.007380996830761433,0.2529331147670746,0.02632671594619751,0.16268981993198395]",0.11191003024578094,"[0.22836260497570038,0.14836618304252625,0.07748871296644211,0.0605073943734169,0.04482530802488327]","[0.1555563062429428,0.06383359432220459,0.058958202600479126,0.003257841570302844,0.13947491347789764,0.009145930409431458,0.35314348340034485]",0.05840621143579483,"[[[-0.7633137106895447,0.05685656517744064,-0.546532928943634,-0.2423551380634308,-0.09634485095739365,-0.30473393201828003,-1.001542568206787],[-0.6456668972969055,0.09042345732450485,-0.4318031966686249,-0.26163291931152344,-0.09205950796604156,-0.33372068405151367,0.9954060912132263],[-0.46699059009552,0.10604886710643768,-0.2851414978504181,-0.2639480531215668,-0.07870059460401535,-0.3636292815208435,1.0124220848083496],[-0.2592320740222931,0.11151228845119476,-0.12204594165086746,-0.2764585316181183,-0.077727310359478,-0.4436599910259247,1.005169153213501],[-0.2179778665304184,0.11153067648410797,-0.07378476858139038,-0.2892295718193054,-0.07212477177381516,-0.4559076130390167,1.013026237487793]]]","[[[-0.26428622007369995,0.42056000232696533,-0.2790701985359192,-0.27946358919143677,-0.46504712104797363,-0.08318740129470825,-1.0],[-0.1285719871520996,0.40186846256256104,-0.10755860805511475,-0.2659956216812134,-0.44073110818862915,-0.15398377180099487,0.9999990463256836],[-0.12142914533615112,0.3676004409790039,-0.03197723627090454,-0.27272963523864746,-0.3799409866333008,-0.20354115962982178,0.9999990463256836],[-0.1285719871520996,0.3676004409790039,-0.017442405223846436,-0.30639952421188354,-0.3981780409812927,-0.2318597435951233,0.9999990463256836],[-0.1285719871520996,0.32398688793182373,-0.017442405223846436,-0.3131335377693176,-0.3495458960533142,-0.2637180685997009,0.9999990463256836]]]","[0.09132122248411179,0.08906243741512299,0.052645642310380936,0.03458090126514435,0.0244208462536335]","[0.13217876851558685,0.08168124407529831,0.05097587779164314,0.0005882098339498043,0.10558203607797623,0.03776251897215843,7.484887464670464e-05]",0.06241798400878906,0.1226111575961113,0.059010621160268784,0.002410495188087225
N-H,N1800,36,7,libero_spatial,7,46,47,0.25,30,2026092101,0.07197462767362595,0.07335668802261353,"[0.07791087031364441,0.0788375735282898,0.07478425651788712,0.07963308691978455,0.055617667734622955]","[0.11691643297672272,0.10900294780731201,0.03900204226374626,0.08162212371826172,0.14021418988704681,0.014780670404434204,0.011958401650190353]",0.03461955115199089,"[0.030329037457704544,0.037024300545454025,0.03688021004199982,0.03557750582695007,0.03328671678900719]","[0.025580206885933876,0.05628906562924385,0.014191791415214539,0.029741579666733742,0.10592827945947647,0.003130849450826645,0.0074751051142811775]",0.16779272258281708,"[[[-0.28354138135910034,-0.08280408382415771,-0.27823102474212646,-0.2515465319156647,0.2812236547470093,-0.18131498992443085,-1.023862361907959],[-0.2245529145002365,-0.06783834844827652,-0.22385288774967194,-0.25700029730796814,0.34488338232040405,-0.19716553390026093,1.0094380378723145],[-0.18823692202568054,-0.06697256118059158,-0.15041983127593994,-0.25529253482818604,0.3822280764579773,-0.20134009420871735,1.022278070449829],[-0.13936957716941833,-0.08769630640745163,-0.08546541631221771,-0.2501923143863678,0.40721583366394043,-0.234441876411438,1.012179970741272],[-0.1405915468931198,-0.09201278537511826,-0.05910613387823105,-0.25039154291152954,0.42385154962539673,-0.24804064631462097,1.018908977508545]]]","[[[-0.5750002861022949,0.02180635929107666,-0.4447677731513977,-0.4814831614494324,0.641332745552063,-0.040709614753723145,0.9999990463256836],[-0.5142860412597656,0.02180635929107666,-0.36627936363220215,-0.49495112895965576,0.7568339109420776,-0.040709614753723145,0.9999990463256836],[-0.45357179641723633,0.02180635929107666,-0.29651206731796265,-0.5016851425170898,0.8237029314041138,-0.040709614753723145,0.9999990463256836],[-0.38571470975875854,0.02180635929107666,-0.2412794828414917,-0.47474920749664307,0.8601770401000977,-0.07610780000686646,0.9999990463256836],[-0.2857147455215454,-0.03738367557525635,-0.15988421440124512,-0.39394134283065796,0.9392043352127075,-0.16106337308883667,0.9999990463256836]]]","[0.631708562374115,0.05187973752617836,0.05450502038002014,0.05396750569343567,0.04690271243453026]","[0.06420856714248657,0.008367277681827545,0.020759394392371178,0.04824662208557129,0.19300884008407593,0.020537039265036583,0.8194212913513184]",0.07033246755599976,0.02561241388320923,0.15614594519138336,0.0038867988623678684
N-H,N1800,36,12,libero_object,2,46,47,0.25,32,2026092101,0.06814399361610413,0.05343997851014137,"[0.0740279108285904,0.06958238035440445,0.04756513610482216,0.032178591936826706,0.043845899403095245]","[0.04420250281691551,0.0010450893314555287,0.011598256416618824,0.008233369328081608,0.30130717158317566,0.006582026369869709,0.001111430930905044]",0.02638303115963936,"[0.0366244800388813,0.032468266785144806,0.02624235302209854,0.01679931953549385,0.01978074014186859]","[0.07475882023572922,0.0014917684020474553,0.0022000116296112537,0.0024474156089127064,0.09965316206216812,0.003320397110655904,0.0008096489473246038]",0.028553346171975136,"[[[-0.33427855372428894,0.02319146692752838,-0.6831183433532715,-0.1504165232181549,-0.14734981954097748,-0.1287108063697815,-1.0270464420318604],[-0.34000933170318604,0.04277417063713074,-0.6815990805625916,-0.15518899261951447,-0.16447018086910248,-0.12988275289535522,-1.0023069381713867],[-0.347807377576828,0.04256223887205124,-0.6695071458816528,-0.151894211769104,-0.16214752197265625,-0.1207648366689682,-0.9982963800430298],[-0.318496435880661,0.03135770186781883,-0.6404107809066772,-0.146627739071846,-0.15703371167182922,-0.14083701372146606,-1.0035985708236694],[-0.3445511758327484,0.03197351470589638,-0.6245317459106445,-0.1615876406431198,-0.14804066717624664,-0.13415856659412384,-1.0000557899475098]]]","[[[-0.1285719871520996,0.04361319541931152,-0.6831396818161011,-0.2659956216812134,-0.5927063226699829,-0.03363001346588135,-1.0],[-0.1285719871520996,0.02180635929107666,-0.7005815505981445,-0.2659956216812134,-0.5927063226699829,-0.040709614753723145,-1.0],[-0.16071486473083496,0.02180635929107666,-0.7034885287284851,-0.2659956216812134,-0.525837242603302,-0.040709614753723145,-1.0],[-0.22857189178466797,0.02180635929107666,-0.6831396818161011,-0.2659956216812134,-0.47112613916397095,-0.037169814109802246,-1.0],[-0.2785719037055969,0.049843668937683105,-0.6395350694656372,-0.2659956216812134,-0.5197582244873047,-0.03363001346588135,-1.0]]]","[0.03774357959628105,0.03558960184454918,0.02689860761165619,0.01909514330327511,0.023439813405275345]","[0.026892850175499916,0.000339614663971588,0.0007131855818443,0.012761096470057964,0.1501653641462326,0.008850784972310066,0.0001505374239059165]",0.06672745198011398,0.021808544173836708,0.025263357907533646,0.0003450244548730552
N-H,N1800,36,13,libero_object,3,46,47,0.25,37,2026092101,0.1358008086681366,0.12318145483732224,"[0.13017098605632782,0.15458989143371582,0.1285625845193863,0.1262224167585373,0.07636138051748276]","[0.16771449148654938,0.575176477432251,0.011542721651494503,0.012050467543303967,0.011976435780525208,0.08135164529085159,0.0024579190649092197]",0.04788358509540558,"[0.05353621393442154,0.059499405324459076,0.05085030943155289,0.04745805636048317,0.028073962777853012]","[0.042453914880752563,0.25091883540153503,0.008363145403563976,0.002345296321436763,0.0070316120982170105,0.023958930745720863,0.0001133877012762241]",0.030973128974437714,"[[[-0.0030484464950859547,-0.0679449588060379,-0.5605605840682983,-0.11433480679988861,-0.35961803793907166,-0.30933913588523865,-1.0186347961425781],[-0.0004923734813928604,-0.03195911645889282,-0.5786482691764832,-0.12360697984695435,-0.39589744806289673,-0.32056504487991333,-1.0053764581680298],[-0.014783032238483429,-0.016857240349054337,-0.5819982290267944,-0.12298759073019028,-0.4122835695743561,-0.3223666548728943,-1.0023301839828491],[0.008031129837036133,-0.005806080996990204,-0.5739612579345703,-0.11961427330970764,-0.4218851625919342,-0.3435496985912323,-1.008453369140625],[-0.029800664633512497,0.01029171422123909,-0.5889549851417542,-0.13261789083480835,-0.41766682267189026,-0.3412754237651825,-1.0063166618347168]]]","[[[-0.0750005841255188,0.21495270729064941,-0.6133723258972168,-0.2659956216812134,-0.3252299427986145,-0.040709614753723145,-1.0],[-0.1285719871520996,0.2866036891937256,-0.6569769382476807,-0.2659956216812134,-0.4528891444206238,-0.040709614753723145,-1.0],[-0.1285719871520996,0.33021724224090576,-0.6395350694656372,-0.2659956216812134,-0.47112613916397095,-0.040709614753723145,-1.0],[-0.1285719871520996,0.32087159156799316,-0.6162792444229126,-0.2659956216812134,-0.4285730719566345,-0.040709614753723145,-1.0],[-0.08928626775741577,0.2897188663482666,-0.6017444133758545,-0.2659956216812134,-0.3617039918899536,-0.040709614753723145,-1.0]]]","[0.026384269818663597,0.032270368188619614,0.03428128361701965,0.03434647619724274,0.027583258226513863]","[0.01134567428380251,0.09735437482595444,0.002837866311892867,0.020588787272572517,0.0022139218635857105,0.08237269520759583,9.859027341008186e-05]",0.12976866960525513,0.03380228579044342,0.025202475488185883,0.0005858210497535765
N-H,N1800,36,14,libero_object,4,46,47,0.25,40,2026092101,0.07381206750869751,0.023890523239970207,"[0.02782428450882435,0.02523653954267502,0.02075044810771942,0.021113771945238113,0.024527572095394135]","[0.009517563506960869,0.018708551302552223,0.012575081549584866,0.0063311755657196045,0.10258311033248901,0.017182419076561928,0.00033574498957023025]",0.014041757211089134,"[0.02037573605775833,0.015873771160840988,0.012121555395424366,0.009990951046347618,0.011846775189042091]","[0.024073660373687744,0.006688578519970179,0.004264827352017164,5.1780883950414136e-05,0.05864284187555313,0.004390301648527384,0.0001803158229449764]",0.012338366359472275,"[[[-0.22871756553649902,-0.019135981798171997,-0.6551373600959778,-0.15834736824035645,-0.28244438767433167,-0.1342349648475647,-1.0225765705108643],[-0.23217402398586273,0.003824852406978607,-0.6582035422325134,-0.17303378880023956,-0.2943677604198456,-0.1311701238155365,-1.0019886493682861],[-0.24537059664726257,0.008491281419992447,-0.6509491205215454,-0.1793590784072876,-0.28761786222457886,-0.11955908685922623,-0.9984970092773438],[-0.2151765525341034,0.003821704536676407,-0.632227897644043,-0.18232402205467224,-0.28081393241882324,-0.1372467279434204,-1.008525013923645],[-0.2503528892993927,0.012747496366500854,-0.6337123513221741,-0.20106887817382812,-0.2583371102809906,-0.12679672241210938,-1.0068632364273071]]]","[[[-0.1285719871520996,-0.16199421882629395,-0.5523258447647095,-0.2659956216812134,-0.06991147994995117,-0.040709614753723145,-1.0],[-0.17142915725708008,-0.08099734783172607,-0.6162792444229126,-0.2659956216812134,-0.06991147994995117,-0.040709614753723145,-1.0],[-0.22857189178466797,0.0031147003173828125,-0.668604850769043,-0.2659956216812134,-0.06991147994995117,-0.040709614753723145,-1.0],[-0.3357146978378296,0.02180635929107666,-0.738372266292572,-0.2659956216812134,-0.06991147994995117,-0.040709614753723145,-1.0],[-0.3642861247062683,0.1277252435684204,-0.7848838567733765,-0.2659956216812134,-0.06991147994995117,-0.040709614753723145,-1.0]]]","[0.015288986265659332,0.011407424695789814,0.008820612914860249,0.01242748461663723,0.013747327029705048]","[0.008302300237119198,0.008235104382038116,0.009351805783808231,0.007790472358465195,0.044586196541786194,0.007975547574460506,0.00012713903561234474]",0.0694902241230011,0.010716385208070278,0.012611589394509792,0.0002590371877886355
N-H,N1800,36,15,libero_object,5,46,47,0.25,31,2026092101,0.11650761216878891,0.08795143663883209,"[0.08204849064350128,0.08934005349874496,0.09229297190904617,0.08736299723386765,0.08871268481016159]","[0.0067603811621665955,0.005049029365181923,0.004707154352217913,0.0024128463119268417,0.030411241576075554,0.5643291473388672,0.0019902000203728676]",0.052929919213056564,"[0.04679000750184059,0.05098751559853554,0.05327480658888817,0.04915577545762062,0.0644415020942688]","[0.005528613924980164,0.009094770066440105,0.0014999319100752473,0.0018711123848333955,0.01754680834710598,0.33475396037101746,0.00021423054568003863]",0.03845816105604172,"[[[-0.1223943680524826,0.016418002545833588,-0.5525722503662109,-0.08351212739944458,-0.3205191493034363,-0.6378298997879028,-1.019815444946289],[-0.1331194043159485,0.033180803060531616,-0.57337886095047,-0.08277178555727005,-0.35019633173942566,-0.6470077633857727,-1.0053510665893555],[-0.15421614050865173,0.0322832353413105,-0.5837463140487671,-0.06796672195196152,-0.36074385046958923,-0.6482924222946167,-1.003962755203247],[-0.13265416026115417,0.026795417070388794,-0.5824377536773682,-0.06089804321527481,-0.3625851273536682,-0.6543644070625305,-1.007980227470398],[-0.152873232960701,0.030266597867012024,-0.6037067770957947,-0.05081100016832352,-0.35965535044670105,-0.6497181057929993,-1.0078134536743164]]]","[[[-0.1285719871520996,-0.07788211107254028,-0.6075583696365356,-0.2121238112449646,-0.2218867540359497,-1.109734296798706,-1.0],[-0.1285719871520996,-0.07476687431335449,-0.6453490257263184,-0.20538973808288574,-0.20972871780395508,-1.1274334192276,-1.0],[-0.1285719871520996,-0.09345841407775879,-0.6569769382476807,-0.18518781661987305,-0.20364969968795776,-1.1168140172958374,-1.0],[-0.16071486473083496,-0.1059194803237915,-0.668604850769043,-0.15825188159942627,-0.17325466871261597,-1.0955750942230225,-1.0],[-0.23571473360061646,-0.1059194803237915,-0.6860466599464417,-0.15825188159942627,-0.1793336272239685,-1.0743361711502075,-1.0]]]","[0.037329982966184616,0.04035097360610962,0.03996841236948967,0.037982821464538574,0.03665860742330551]","[0.0016733164666220546,0.014503213576972485,0.005554105620831251,0.013267645612359047,0.024500003084540367,0.20959649980068207,0.00011234464909648523]",0.10683762282133102,0.07715869694948196,0.04916059970855713,0.0011640036245808005
N-H,N1800,36,17,libero_object,7,46,47,0.25,34,2026092101,0.09262078255414963,0.08428889513015747,"[0.11540001630783081,0.09936496615409851,0.0770443007349968,0.07160186767578125,0.05803333967924118]","[0.049730829894542694,0.07161223143339157,0.020934784784913063,0.013031698763370514,0.1918094903230667,0.24248042702674866,0.00042282516369596124]",0.039969589561223984,"[0.052221693098545074,0.04498479142785072,0.03491342067718506,0.0348479226231575,0.03288013115525246]","[0.01422313041985035,0.027125537395477295,0.0012521891621872783,0.0023012689780443907,0.08230891078710556,0.128339946269989,0.02423613891005516]",0.05358890816569328,"[[[-0.5312585234642029,-0.043072283267974854,-0.6851397156715393,-0.16901782155036926,-0.15511870384216309,-0.016033075749874115,-1.0215380191802979],[-0.511114239692688,-0.01986023038625717,-0.6564921140670776,-0.18471820652484894,-0.16366998851299286,-0.016308745369315147,-1.0022209882736206],[-0.4793178141117096,-0.008055590093135834,-0.610202968120575,-0.19507044553756714,-0.1537465751171112,-0.0048897117376327515,-0.9998091459274292],[-0.40097731351852417,-0.008992969989776611,-0.5442538857460022,-0.2026447206735611,-0.1340334117412567,-0.026144638657569885,-1.0058168172836304],[-0.3786015510559082,0.0014919042587280273,-0.4957335889339447,-0.2285199761390686,-0.11471311748027802,-0.020934777334332466,-1.0067298412322998]]]","[[[-0.7642858624458313,-0.31775736808776855,-0.7761629819869995,-0.07744407653808594,-0.5197582244873047,0.36636924743652344,-1.0],[-0.7500001788139343,-0.30218106508255005,-0.7703490257263184,-0.1178479790687561,-0.4832841753959656,0.36636924743652344,-1.0],[-0.7214287519454956,-0.23987573385238647,-0.738372266292572,-0.20538973808288574,-0.4285730719566345,0.36636924743652344,-1.0],[-0.6821430921554565,-0.19626212120056152,-0.7267443537712097,-0.2659956216812134,-0.3920990228652954,0.36636924743652344,-1.0],[-0.6464288234710693,-0.13084155321121216,-0.7005815505981445,-0.2659956216812134,-0.33130890130996704,0.3699091672897339,-1.0]]]","[0.06086886301636696,0.057543884962797165,0.04889357462525368,0.053162697702646255,0.04747553542256355]","[0.06415431946516037,0.05229587480425835,0.022588292136788368,0.003676325548440218,0.08483127504587173,0.14746668934822083,0.00010959633073071018]",0.09364286065101624,0.04809262603521347,0.05526198074221611,0.0006057096761651337
N-H,N1800,36,19,libero_object,9,46,47,0.25,33,2026092101,0.04890285059809685,0.0030773081816732883,"[0.009252384305000305,0.0026677954010665417,0.0013161051319912076,0.0008528307662345469,0.0012974254786968231]","[0.008415717631578445,0.0032306131906807423,0.0011183422757312655,0.0035208675544708967,0.003690543118864298,0.0012833955697715282,0.00028167766868136823]",0.001551468507386744,"[0.0010687070898711681,0.0012540094321593642,0.002760964911431074,0.0008462914847768843,0.001827369211241603]","[0.004867407958954573,0.0005600808071903884,0.0008494213107042015,0.0007674870430491865,0.0016042677452787757,0.0020479175727814436,0.00016369693912565708]",0.003848000429570675,"[[[-0.16411319375038147,0.013088054955005646,-0.6411212682723999,-0.09924276173114777,-0.10957649350166321,-0.17228975892066956,-1.0123646259307861],[-0.1696908324956894,0.0346403568983078,-0.6508896946907043,-0.10550884902477264,-0.12258382141590118,-0.17471441626548767,-0.9983766078948975],[-0.18322613835334778,0.03832419589161873,-0.6526481509208679,-0.10048086196184158,-0.1251644492149353,-0.1626996397972107,-1.0008445978164673],[-0.15793347358703613,0.028216026723384857,-0.6409514546394348,-0.0918198972940445,-0.12397389113903046,-0.17548784613609314,-1.0075277090072632],[-0.19095143675804138,0.03562048822641373,-0.6565781235694885,-0.10120154172182083,-0.1192530170083046,-0.16780273616313934,-1.005789041519165]]]","[[[-0.1285719871520996,0.02180635929107666,-0.7209303975105286,-0.2188577651977539,-0.1793336272239685,-0.17168277502059937,-1.0],[-0.1285719871520996,0.02180635929107666,-0.758721113204956,-0.19192183017730713,-0.1793336272239685,-0.16460317373275757,-1.0],[-0.14285767078399658,0.018691062927246094,-0.7732559442520142,-0.14478391408920288,-0.17325466871261597,-0.15752357244491577,-1.0],[-0.21071475744247437,0.02180635929107666,-0.7761629819869995,-0.16498583555221558,-0.16717565059661865,-0.1362847089767456,-1.0],[-0.2785719037055969,0.02180635929107666,-0.7645350694656372,-0.19865578413009644,-0.10030657052993774,-0.11150598526000977,-1.0]]]","[0.0038622491993010044,0.003467957489192486,0.002980607096105814,0.004274615086615086,0.004654573742300272]","[0.003009352134540677,0.0001716188562568277,0.0124960420653224,0.00771765923127532,0.0025249256286770105,0.0009671215084381402,4.928242560708895e-05]",0.041128113865852356,0.0010976725025102496,0.0032472671009600163,0.00021364871645346284
N-H,N1800,36,20,libero_goal,0,46,47,0.25,31,2026092101,0.048631224781274796,0.03281585872173309,"[0.01570163108408451,0.018335377797484398,0.030282458290457726,0.04453808814287186,0.05522174760699272]","[0.013190492987632751,0.0016161296516656876,0.013522165827453136,0.0433625727891922,0.15511418879032135,0.001621966832317412,0.0012834941735491157]",0.026173721998929977,"[0.012253877706825733,0.014097584411501884,0.02363230101764202,0.03673207759857178,0.044152773916721344]","[0.014158951118588448,0.0026253224350512028,0.002239248249679804,0.05610240623354912,0.09063373506069183,0.016727983951568604,0.0007284096209332347]",0.024602623656392097,"[[[0.006059315055608749,0.0351286381483078,-0.16671940684318542,-0.9280729293823242,0.5276312828063965,0.7314608097076416,-1.023178219795227],[0.03358137235045433,0.044127218425273895,-0.16271381080150604,-0.9231687188148499,0.5466474294662476,0.7059252858161926,-1.009683609008789],[0.05856513977050781,0.03809936344623566,-0.1499219387769699,-0.9140563607215881,0.5854839086532593,0.6934868693351746,-1.007994532585144],[0.11923730373382568,0.020451080054044724,-0.13095316290855408,-0.8888295888900757,0.6181545257568359,0.6633379459381104,-1.012087345123291],[0.1358155459165573,0.015971824526786804,-0.12943245470523834,-0.8814647197723389,0.6619179248809814,0.6456601619720459,-1.0145518779754639]]]","[[[0.07499933242797852,0.02180635929107666,-0.2034887671470642,-0.8922562599182129,0.7629129886627197,0.7734483480453491,-1.0],[0.07499933242797852,0.02180635929107666,-0.2151166796684265,-0.8855222463607788,0.8601770401000977,0.7592891454696655,-1.0],[0.07499933242797852,0.02180635929107666,-0.2296515703201294,-0.8720543384552002,0.9635201692581177,0.738050103187561,-1.0],[0.06785643100738525,0.02180635929107666,-0.2500004172325134,-0.8653203248977661,1.0729424953460693,0.7238909006118774,-1.0],[0.0642850399017334,0.02180635929107666,-0.2674422860145569,-0.8518523573875427,1.188443660736084,0.7097315788269043,-1.0]]]","[0.009317528456449509,0.015374181792140007,0.021945394575595856,0.03257308900356293,0.043802931904792786]","[0.002898972714319825,0.00019540889479685575,0.008734764531254768,0.001178767648525536,0.1561262458562851,0.002873668447136879,0.00021055513934697956]",0.05331915616989136,0.029209565371274948,0.04122110828757286,0.003008894622325897
N-H,N1800,36,21,libero_goal,1,46,47,0.25,28,2026092101,0.08139926940202713,0.06450925767421722,"[0.07795339822769165,0.06548283994197845,0.05565584823489189,0.0662303939461708,0.057223789393901825]","[0.21731439232826233,0.009775443002581596,0.0008202599710784853,0.13243651390075684,0.06288742274045944,0.028071293607354164,0.0002594600082375109]",0.031326260417699814,"[0.031660422682762146,0.032690610736608505,0.02809215523302555,0.033569931983947754,0.03061819262802601]","[0.07155632227659225,0.013031273148953915,0.0008601617882959545,0.09571360796689987,0.01783556304872036,0.019696565344929695,0.0005903333658352494]",0.03889530152082443,"[[[-0.37203460931777954,-0.030985042452812195,-0.9999809265136719,-0.11794847249984741,-0.303562194108963,-0.09966728091239929,-1.023681402206421],[-0.40597352385520935,-0.0122336745262146,-0.9868764877319336,-0.12136887013912201,-0.3120613694190979,-0.1003158688545227,-1.0008738040924072],[-0.4440245032310486,-0.014247674494981766,-0.9747382998466492,-0.11055067181587219,-0.30074048042297363,-0.09322793781757355,-0.995290994644165],[-0.439431756734848,-0.02851622924208641,-0.9489086270332336,-0.09319989383220673,-0.2862311601638794,-0.11761122196912766,-1.0040929317474365],[-0.4906052350997925,-0.024480920284986496,-0.9299079179763794,-0.10579602420330048,-0.2570570111274719,-0.1156647577881813,-1.006787896156311]]]","[[[-0.7357144355773926,-0.11838054656982422,-1.034883737564087,0.010097742080688477,-0.11246448755264282,0.09380340576171875,-1.0],[-0.7571430206298828,-0.14953315258026123,-1.034883737564087,0.043767690658569336,-0.10638552904129028,0.10796260833740234,-1.0],[-0.7642858624458313,-0.1682247519493103,-1.034883737564087,0.0572357177734375,-0.08814853429794312,0.11504232883453369,-1.0],[-0.8142858743667603,-0.19626212120056152,-1.034883737564087,0.08417153358459473,-0.06991147994995117,0.11858212947845459,-1.0],[-0.8678572177886963,-0.22429949045181274,-1.034883737564087,0.07743752002716064,-0.06991147994995117,0.11504232883453369,-1.0]]]","[0.033146440982818604,0.03677560016512871,0.03523429483175278,0.04430070146918297,0.04501946642994881]","[0.12819701433181763,0.02365284040570259,0.005110403522849083,0.027370670810341835,0.04116677865386009,0.04664007946848869,0.00012931493984069675]",0.074863500893116,0.03583149239420891,0.04052182286977768,0.000688668864313513
N-H,N1800,36,22,libero_goal,2,46,47,0.25,26,2026092101,0.049884725362062454,0.1898413598537445,"[0.022282352671027184,0.2110021561384201,0.6788665056228638,0.02698252722620964,0.010073340497910976]","[0.037286993116140366,0.004731939639896154,0.0024047771003097296,0.004816416185349226,0.0534149594604969,0.0005545375752262771,1.225679874420166]",0.07291941344738007,"[0.026735706254839897,0.048072539269924164,0.12222297489643097,0.10718686133623123,0.06037897244095802]","[0.04466453567147255,0.0012841325951740146,0.010987251065671444,0.0007200156687758863,0.03293740376830101,0.004069966729730368,0.41577252745628357]",0.23970317840576172,"[[[-0.7482145428657532,-0.057083822786808014,-0.6310997009277344,-0.17929816246032715,-0.1581750363111496,-0.09010139107704163,-1.0075503587722778],[-0.6676577925682068,-0.03176046907901764,-0.5804288387298584,-0.17404872179031372,-0.13196489214897156,-0.07715119421482086,1.0119309425354004],[-0.5595126152038574,-0.010638538748025894,-0.4900769293308258,-0.17870455980300903,-0.11070916801691055,-0.07613219320774078,1.0167616605758667],[-0.4074588716030121,-0.00534859299659729,-0.37954992055892944,-0.18524779379367828,-0.0932273268699646,-0.10918708890676498,1.0007073879241943],[-0.3274945318698883,0.008431985974311829,-0.2963410019874573,-0.21698936820030212,-0.08471925556659698,-0.11379458755254745,1.0073469877243042]]]","[[[-0.6321431398391724,0.0031147003173828125,-0.6395350694656372,-0.2659956216812134,-0.33738791942596436,-0.040709614753723145,-1.0],[-0.5642859935760498,-0.003115832805633545,-0.5988373756408691,-0.2659956216812134,-0.30699288845062256,-0.040709614753723145,-1.0],[-0.5142860412597656,-0.01869213581085205,-0.5639537572860718,-0.2659956216812134,-0.2826768159866333,-0.040709614753723145,-1.0],[-0.46428608894348145,-0.03426837921142578,-0.5145351886749268,-0.2659956216812134,-0.2583608031272888,-0.040709614753723145,0.9999990463256836],[-0.41071468591690063,-0.04984474182128906,-0.4593026041984558,-0.2659956216812134,-0.19149166345596313,-0.040709614753723145,0.9999990463256836]]]","[0.008471122942864895,0.5857326984405518,0.5876204967498779,0.008680807426571846,0.00801080372184515]","[0.007271734066307545,0.0017483538249507546,0.010129064321517944,0.006502446718513966,0.026198869571089745,0.00301057449541986,1.623061180114746]",0.04328099638223648,0.0808296650648117,0.12102703750133514,0.114866241812706
N-H,N1800,36,25,libero_goal,5,46,47,0.25,35,2026092101,0.027400288730859756,0.019029980525374413,"[0.006302919704467058,0.011833561584353447,0.017298739403486252,0.026776093989610672,0.03293858841061592]","[0.026494884863495827,0.021793512627482414,0.007297443691641092,0.033915456384420395,0.03923052176833153,0.002308308845385909,0.0021697350312024355]",0.007077790331095457,"[0.0016656439984217286,0.0028841278981417418,0.006010945420712233,0.010604356415569782,0.014223878271877766]","[0.011406770907342434,0.0031660047825425863,0.002231133868917823,0.00729621946811676,0.024287013337016106,0.00026412663282826543,0.0008932634373195469]",0.016524573788046837,"[[[-0.13230949640274048,-0.04349558800458908,-0.7385942935943604,-0.013143647462129593,-0.42601248621940613,-0.07142752408981323,-1.0144245624542236],[-0.12474778294563293,-0.0179501473903656,-0.7404469847679138,-0.009687766432762146,-0.44927048683166504,-0.07430976629257202,-0.9997377395629883],[-0.12486666440963745,-0.009024761617183685,-0.7361505031585693,0.009484597481787205,-0.45304369926452637,-0.06807822734117508,-0.997538685798645],[-0.09534430503845215,-0.01682804524898529,-0.7173155546188354,0.029370635747909546,-0.4408974051475525,-0.09222093969583511,-1.001815915107727],[-0.11799751222133636,-0.0026318877935409546,-0.7158594131469727,0.028268963098526,-0.4127516746520996,-0.09084725379943848,-1.003962755203247]]]","[[[-0.110714852809906,-0.1059194803237915,-0.758721113204956,-0.24579370021820068,-0.3799409866333008,-0.040709614753723145,-1.0],[-0.07142913341522217,-0.05919051170349121,-0.7296513319015503,-0.2659956216812134,-0.3495458960533142,-0.040709614753723145,-1.0],[-0.010714948177337646,-0.028037965297698975,-0.697674572467804,-0.2659956216812134,-0.30699288845062256,-0.040709614753723145,-1.0],[0.03214216232299805,-5.364418029785156e-07,-0.668604850769043,-0.2659956216812134,-0.2462027668952942,-0.040709614753723145,-1.0],[0.042856454849243164,0.0031147003173828125,-0.6627908945083618,-0.2659956216812134,-0.17325466871261597,-0.040709614753723145,-1.0]]]","[0.008881207555532455,0.01163256261497736,0.016121115535497665,0.020958948880434036,0.025029035285115242]","[0.011693323962390423,0.0012550399405881763,0.0014382066437974572,0.07390840351581573,0.025732649490237236,0.00159776012878865,4.66391647933051e-05]",0.03457384184002876,0.008565781638026237,0.016649426892399788,0.0005992006044834852
N-H,N1800,36,28,libero_goal,8,46,47,0.25,23,2026092101,0.07805311679840088,0.04607415199279785,"[0.04535124450922012,0.04155438765883446,0.04013330489397049,0.05728177726268768,0.0460500568151474]","[0.20058703422546387,0.03988988324999809,0.03829921409487724,0.0008947757887654006,0.027166662737727165,0.015510625205934048,0.00017087221203837544]",0.01981833577156067,"[0.01723148301243782,0.020352235063910484,0.017267420887947083,0.024335162714123726,0.01990538276731968]","[0.0758790671825409,0.021475899964571,0.019934816285967827,0.0008720457553863525,0.017544586211442947,0.0028866927605122328,0.00013524376845452935]",0.02542346529662609,"[[[-0.4694247245788574,-0.03207561373710632,-0.9104360342025757,-0.18570061028003693,-0.21794134378433228,-0.13975319266319275,-1.0223214626312256],[-0.4828330874443054,-0.013242118060588837,-0.886366069316864,-0.1970406323671341,-0.23174871504306793,-0.14123466610908508,-0.996216356754303],[-0.49429166316986084,-0.010606445372104645,-0.8543609380722046,-0.20305505394935608,-0.22448515892028809,-0.13443681597709656,-0.9897209405899048],[-0.46575722098350525,-0.021828580647706985,-0.809390664100647,-0.20336772501468658,-0.21318915486335754,-0.1559346318244934,-0.9980862140655518],[-0.48600220680236816,-0.01306859776377678,-0.7748490571975708,-0.2231917381286621,-0.1972607523202896,-0.15497061610221863,-0.994900107383728]]]","[[[-0.7321430444717407,-0.08099734783172607,-1.034883737564087,-0.2659956216812134,-0.3860200047492981,-0.15752357244491577,-1.0],[-0.7607144117355347,-0.07476687431335449,-1.034883737564087,-0.2659956216812134,-0.3860200047492981,-0.15752357244491577,-1.0],[-0.7857143878936768,-0.11526530981063843,-1.034883737564087,-0.2659956216812134,-0.36778295040130615,-0.16460317373275757,-1.0],[-0.8142858743667603,-0.24610626697540283,-1.034883737564087,-0.2659956216812134,-0.3556249737739563,-0.18938195705413818,-1.0],[-0.7178573608398438,-0.33644890785217285,-1.034883737564087,-0.2659956216812134,-0.24012374877929688,-0.21770048141479492,-1.0]]]","[0.017487606033682823,0.018842129036784172,0.021997230127453804,0.03542177751660347,0.03336859121918678]","[0.08127903938293457,0.034401487559080124,0.03771967813372612,0.004183604381978512,0.018941905349493027,0.001308976672589779,0.0001295788533752784]",0.06907713413238525,0.025140084326267242,0.028362145647406578,0.0004548576835077256
N-H,N1800,36,29,libero_goal,9,46,47,0.25,48,2026092101,0.05641051009297371,0.06320621818304062,"[0.10487100481987,0.08661576360464096,0.062469784170389175,0.03761054575443268,0.02446400746703148]","[0.013399056158959866,0.050469547510147095,0.0053100488148629665,0.23255009949207306,0.006619078107178211,0.1336795836687088,0.000416121183661744]",0.05807254835963249,"[0.0823497325181961,0.07509129494428635,0.06307101994752884,0.03708360344171524,0.032767124474048615]","[0.002242095535621047,0.024421900510787964,0.0026585839223116636,0.23971281945705414,0.0043426877819001675,0.13298287987709045,0.00014690397074446082]",0.024293527007102966,"[[[-0.04420751705765724,-0.299617737531662,-0.30285656452178955,-0.1736772358417511,-0.17474058270454407,-0.003043784759938717,-1.0092980861663818],[-0.018353702500462532,-0.2805835008621216,-0.29475224018096924,-0.16409079730510712,-0.20224280655384064,-0.011555692180991173,-0.9938593506813049],[0.005954131484031677,-0.2771637439727783,-0.27765530347824097,-0.1438557207584381,-0.22867685556411743,-0.020759224891662598,-0.9945089221000671],[0.06578907370567322,-0.27032557129859924,-0.2541678845882416,-0.1192154809832573,-0.253297358751297,-0.04523972421884537,-0.9956088066101074],[0.08448692411184311,-0.26555097103118896,-0.23954951763153076,-0.10951555520296097,-0.27016541361808777,-0.04754255712032318,-0.9961060881614685]]]","[[[-0.0928577184677124,-0.6074768304824829,-0.3343026638031006,0.15824544429779053,-0.015200436115264893,0.09380340576171875,-1.0],[-0.1285719871520996,-0.5669784545898438,-0.31104689836502075,0.15824544429779053,-0.0395163893699646,0.015927433967590332,-1.0],[-0.1285719871520996,-0.5233647227287292,-0.29941898584365845,0.11784148216247559,-0.051674485206604004,-0.019470691680908203,-1.0],[-0.1285719871520996,-0.4236763119697571,-0.2790701985359192,0.010097742080688477,-0.06991147994995117,-0.040709614753723145,-1.0],[-0.1285719871520996,-0.3239879012107849,-0.26162832975387573,-0.08417803049087524,-0.06991147994995117,-0.040709614753723145,-1.0]]]","[0.034746356308460236,0.032229892909526825,0.025576133280992508,0.016043556854128838,0.012871705926954746]","[0.023156503215432167,0.05286910757422447,0.0005671260296367109,0.05998453125357628,0.0313989631831646,0.002040714491158724,3.775181176024489e-05]",0.04662676155567169,0.04084663465619087,0.03920451179146767,0.008591551333665848
N-H,N1800,36,32,libero_10,2,46,47,0.25,64,2026092101,0.07966513186693192,0.053198304027318954,"[0.13278168439865112,0.033030763268470764,0.03004646860063076,0.03838077932596207,0.0317518375813961]","[0.01573280803859234,0.07892807573080063,0.021763086318969727,0.034724947065114975,0.06341109424829483,0.0005218553706072271,0.1573062688112259]",0.038855165243148804,"[0.05867721512913704,0.04162802919745445,0.03421712666749954,0.03203543275594711,0.02771802991628647]","[0.014876923523843288,0.039003342390060425,0.019703032448887825,0.017434874549508095,0.03949129581451416,0.0003701243258547038,0.14110656082630157]",0.14220918715000153,"[[[-0.20024436712265015,0.040426433086395264,-0.27560797333717346,-0.26012420654296875,-0.06128135696053505,-0.08029044419527054,-0.9989205598831177],[-0.1655445098876953,0.04336255043745041,-0.21753942966461182,-0.2671116590499878,-0.04181965813040733,-0.07905074954032898,1.0023601055145264],[-0.14887598156929016,0.04292389005422592,-0.14938373863697052,-0.2668626010417938,-0.015186578035354614,-0.06817788630723953,1.0087865591049194],[-0.11103236675262451,0.03787565603852272,-0.0826973095536232,-0.26842063665390015,0.0013295114040374756,-0.085914745926857,1.0060219764709473],[-0.11274304986000061,0.041199736297130585,-0.05029657483100891,-0.28488755226135254,0.030568692833185196,-0.07899878919124603,1.0147264003753662]]]","[[[-0.1285719871520996,0.24922049045562744,-0.09593069553375244,-0.40740931034088135,0.13069581985473633,-0.040709614753723145,0.9999990463256836],[-0.1285719871520996,0.24299001693725586,-0.04651212692260742,-0.4410792589187622,0.20364391803741455,-0.040709614753723145,0.9999990463256836],[-0.10357201099395752,0.23675942420959473,-0.017442405223846436,-0.4612812399864197,0.3069871664047241,-0.040709614753723145,0.9999990463256836],[-0.060714900493621826,0.22741377353668213,-0.017442405223846436,-0.4814831614494324,0.392093300819397,-0.040709614753723145,0.9999990463256836],[-0.046429216861724854,0.2024916410446167,-0.017442405223846436,-0.49495112895965576,0.4285672903060913,-0.040709614753723145,0.9999990463256836]]]","[0.590972900390625,0.0232087355107069,0.028494205325841904,0.03469807654619217,0.03367207944393158]","[0.0030971437226980925,0.03659161552786827,0.016856074333190918,0.035855717957019806,0.10240055620670319,0.0014601510483771563,0.799203097820282]",0.07773856818675995,0.03840460628271103,0.14049643278121948,0.00039574256516061723
N-H,N1800,36,34,libero_10,4,46,47,0.25,68,2026092101,0.1280389428138733,0.05634765699505806,"[0.03225431218743324,0.04952118173241615,0.06178231164813042,0.07577638328075409,0.06240411475300789]","[0.23430557548999786,0.03944357857108116,0.004827712196856737,0.10422831028699875,0.008781515061855316,0.0023717181757092476,0.0004751919477712363]",0.03726726770401001,"[0.025075074285268784,0.03408472612500191,0.040626127272844315,0.04760554060339928,0.03894488513469696]","[0.1315273493528366,0.040211331099271774,0.0009321647812612355,0.06664502620697021,0.02088126912713051,0.0006009090575389564,7.283159357029945e-05]",0.04260258376598358,"[[[0.7754203081130981,-0.5510664582252502,0.009417549706995487,-0.08288665115833282,-0.21491874754428864,-0.2417307049036026,1.0105105638504028],[0.7717183232307434,-0.5001999139785767,-0.013729296624660492,-0.06584709137678146,-0.2161795049905777,-0.2523633539676666,1.0115714073181152],[0.7580707669258118,-0.46931400895118713,-0.03024905174970627,-0.039921749383211136,-0.21046943962574005,-0.25798359513282776,1.0092666149139404],[0.7563681602478027,-0.4377758204936981,-0.045358650386333466,-0.019785791635513306,-0.20854255557060242,-0.27155157923698425,1.0065865516662598],[0.7195877432823181,-0.4143325984477997,-0.0706997662782669,0.006216876208782196,-0.1940576136112213,-0.27765166759490967,1.0088757276535034]]]","[[[0.4535706043243408,-0.6542057991027832,-0.017442405223846436,-0.09091198444366455,-0.30699288845062256,-0.040709614753723145,0.9999990463256836],[0.37142765522003174,-0.7009347081184387,-0.017442405223846436,0.0033638477325439453,-0.24012374877929688,-0.040709614753723145,0.9999990463256836],[0.31428492069244385,-0.7102804780006409,-0.08430278301239014,0.09090554714202881,-0.20364969968795776,-0.040709614753723145,0.9999990463256836],[0.26428496837615967,-0.6915888786315918,-0.13372141122817993,0.11784148216247559,-0.1854127049446106,-0.040709614753723145,0.9999990463256836],[0.23928487300872803,-0.6510905027389526,-0.17151212692260742,0.11784148216247559,-0.16109663248062134,-0.040709614753723145,0.9999990463256836]]]","[0.02342977747321129,0.035833653062582016,0.04605552926659584,0.05531180277466774,0.05238215997815132]","[0.18672049045562744,0.04589448124170303,0.004325632005929947,0.01067433226853609,0.0021437800023704767,0.04836886376142502,9.049801155924797e-05]",0.12785065174102783,0.03543825075030327,0.045483678579330444,0.0003569883992895484
N-H,N1800,36,35,libero_10,5,46,47,0.25,41,2026092101,0.07749130576848984,0.025925731286406517,"[0.019430525600910187,0.023952025920152664,0.028447527438402176,0.026913300156593323,0.03088528849184513]","[0.10472704470157623,0.003586459904909134,0.0001960678055183962,0.012846036814153194,0.05304887518286705,0.007046644575893879,2.9001732400502078e-05]",0.01399550773203373,"[0.012403642758727074,0.011473173275589943,0.014114560559391975,0.015409340150654316,0.016576822847127914]","[0.07489190250635147,0.0013165440177544951,0.0002887538284994662,0.0026551398914307356,0.016539055854082108,0.0020801329519599676,0.00019702811550814658]",0.014699704013764858,"[[[-0.29769009351730347,0.015230268239974976,-0.6242596507072449,-0.09814716875553131,-0.08144625276327133,-0.26633015275001526,-1.0210531949996948],[-0.29073163866996765,0.030654676258563995,-0.6190590262413025,-0.09504126012325287,-0.09003254026174545,-0.2630085051059723,-1.0012013912200928],[-0.2873539328575134,0.029855314642190933,-0.6054526567459106,-0.08059094101190567,-0.08783198893070221,-0.24855466187000275,-0.9988966584205627],[-0.2520032823085785,0.01974118873476982,-0.5852716565132141,-0.06252939999103546,-0.08705788850784302,-0.25750672817230225,-1.0104297399520874],[-0.2637612819671631,0.02684381976723671,-0.5747489333152771,-0.06691620498895645,-0.08657979965209961,-0.24243874847888947,-1.0021551847457886]]]","[[[-0.1285719871520996,-0.06230580806732178,-0.6540700197219849,-0.2659956216812134,0.047616004943847656,-0.15870356559753418,-1.0],[-0.1285719871520996,-0.04984474182128906,-0.6656979322433472,-0.2659956216812134,0.03545808792114258,-0.13038498163223267,-1.0],[-0.1285719871520996,-0.021807432174682617,-0.659883975982666,-0.2659956216812134,0.03951060771942139,-0.10914605855941772,-1.0],[-0.1285719871520996,-0.03426837921142578,-0.6511629819869995,-0.2659956216812134,0.051668763160705566,-0.09262692928314209,-1.0],[-0.14285767078399658,-0.05607527494430542,-0.6482560634613037,-0.2659956216812134,0.059774041175842285,-0.08318740129470825,-1.0]]]","[0.01319404598325491,0.01393069140613079,0.014410076662898064,0.015775958076119423,0.016187753528356552]","[0.02199227176606655,0.004990729968994856,0.0031543157529085875,0.034560900181531906,0.017857125028967857,0.020230716094374657,0.00011186440679011866]",0.08346766233444214,0.012317359447479248,0.013006751425564289,0.00027042499277740717
N-H,N1800,36,36,libero_10,6,46,47,0.25,66,2026092101,0.163871631026268,0.009448088705539703,"[0.01502035092562437,0.011058728210628033,0.00700098741799593,0.007396104745566845,0.0067642745561897755]","[0.02250824123620987,0.018740041181445122,0.013341763988137245,0.008445958606898785,0.0003865511098410934,0.0014478197554126382,0.0012662465451285243]",0.012004902586340904,"[0.013792398385703564,0.012999475933611393,0.012720029801130295,0.011679867282509804,0.00883274432271719]","[0.010775144211947918,0.01097977813333273,0.013183151371777058,0.01567084901034832,0.0028476454317569733,0.002174019580706954,0.028403732925653458]",0.008262049406766891,"[[[-0.3488065302371979,-0.03450934588909149,-0.44276487827301025,-0.17515815794467926,-0.06969147175550461,-0.044920701533555984,-1.0220352411270142],[-0.3364805579185486,-0.011487588286399841,-0.4315051734447479,-0.18287819623947144,-0.07854829728603363,-0.04443434998393059,-1.0019372701644897],[-0.3213517665863037,-0.009063579142093658,-0.39806902408599854,-0.18585315346717834,-0.07491027563810349,-0.03261782228946686,-1.000891089439392],[-0.27161407470703125,-0.014890223741531372,-0.36667385697364807,-0.18428820371627808,-0.0712091326713562,-0.04865925759077072,-1.005769968032837],[-0.2619759738445282,-0.006081819534301758,-0.3445636034011841,-0.2030864655971527,-0.07018803805112839,-0.04463770613074303,-1.0004099607467651]]]","[[[-0.4857146143913269,-0.19937735795974731,-0.24709343910217285,-0.20538973808288574,-0.06991147994995117,-0.05486893653869629,-1.0],[-0.4785717725753784,-0.1869162917137146,-0.33139568567276,-0.17171990871429443,-0.06991147994995117,-0.04424941539764404,-1.0],[-0.4785717725753784,-0.12772637605667114,-0.40116310119628906,-0.17845386266708374,-0.06991147994995117,-0.040709614753723145,-1.0],[-0.47142893075942993,-0.09968894720077515,-0.4302328824996948,-0.18518781661987305,-0.06991147994995117,-0.040709614753723145,-1.0],[-0.4500003457069397,-0.046729445457458496,-0.46511656045913696,-0.2255917191505432,-0.06991147994995117,-0.040709614753723145,-1.0]]]","[0.012244445271790028,0.008741420693695545,0.005564938765019178,0.007322219200432301,0.007437225431203842]","[0.027786200866103172,0.016176121309399605,0.01337831187993288,0.00032010022550821304,2.027827395068016e-05,4.862108107772656e-05,0.0001047119076247327]",0.17012877762317657,0.02226804755628109,0.010230804793536663,0.0003464347682893276
N-H,N1800,36,37,libero_10,7,46,47,0.25,62,2026092101,0.07290712743997574,0.11341972649097443,"[0.08265173435211182,0.10680430382490158,0.1260075569152832,0.12568166851997375,0.12595336139202118]","[0.1648876965045929,0.0003693286853376776,0.41297611594200134,0.010270905680954456,0.20327511429786682,0.00025634534540586174,0.0019025597721338272]",0.051338501274585724,"[0.04247516766190529,0.049989767372608185,0.056222252547740936,0.05319337919354439,0.054811958223581314]","[0.08406254649162292,0.0015270169824361801,0.17571166157722473,0.007487641181796789,0.0900736078619957,0.00030004724976606667,0.00020699194283224642]",0.06370289623737335,"[[[-0.09778754413127899,0.8442273736000061,0.6687435507774353,-0.11326215416193008,-0.2202233374118805,-0.17079590260982513,1.0004645586013794],[-0.09089680761098862,0.8771758675575256,0.6240682005882263,-0.09796422719955444,-0.22481884062290192,-0.16357743740081787,1.0099602937698364],[-0.09459689259529114,0.889070987701416,0.5832540988922119,-0.07003563642501831,-0.21167512238025665,-0.14675197005271912,1.012040376663208],[-0.06284144520759583,0.8983962535858154,0.5461055040359497,-0.04383252561092377,-0.20223399996757507,-0.15643106400966644,1.007173776626587],[-0.08707964420318604,0.9150006175041199,0.4873843193054199,-0.0385541096329689,-0.18504810333251953,-0.13796696066856384,1.0062450170516968]]]","[[[0.21785640716552734,0.8380053043365479,0.999998927116394,-0.19192183017730713,0.18540692329406738,-0.040709614753723145,0.9999990463256836],[0.21071362495422363,0.8535815477371216,0.999998927116394,-0.15825188159942627,0.20972299575805664,-0.040709614753723145,0.9999990463256836],[0.1892850399017334,0.878503680229187,0.999998927116394,-0.13131588697433472,0.22188103199005127,-0.040709614753723145,0.9999990463256836],[0.1892850399017334,0.9190021753311157,0.9505802392959595,-0.2390596866607666,0.22188103199005127,-0.040709614753723145,0.9999990463256836],[0.16785645484924316,0.9314632415771484,0.9156967401504517,-0.2659956216812134,0.22188103199005127,-0.040709614753723145,0.9999990463256836]]]","[0.05672083795070648,0.06292948126792908,0.06535615026950836,0.06557461619377136,0.06793342530727386]","[0.07994981855154037,0.00028053924324922264,0.15435633063316345,0.020684102550148964,0.1773596554994583,0.013222873210906982,6.698514334857464e-05]",0.0734286978840828,0.05653435364365578,0.07583145052194595,0.0006310688331723213
N-H,N1800,36,38,libero_10,8,46,47,0.25,98,2026092101,0.034404151141643524,0.02371554635465145,"[0.07688969373703003,0.01596316695213318,0.007779049687087536,0.009123521856963634,0.008822302334010601]","[0.031263191252946854,0.0016914409352466464,0.007901548407971859,0.0006043805624358356,0.002544588642194867,0.0030863636638969183,0.1189173012971878]",0.06220769137144089,"[0.08944526314735413,0.07151162624359131,0.05635058879852295,0.052475836127996445,0.0412551648914814]","[0.026900386437773705,0.0012514201225712895,0.0037564474623650312,0.0002401381789240986,0.0008025513379834592,6.410538480849937e-05,0.40243884921073914]",0.12306514382362366,"[[[-0.19860857725143433,0.076210156083107,-0.17937825620174408,-0.21608710289001465,-0.06727591902017593,-0.14759302139282227,-1.0324257612228394],[-0.18935322761535645,0.07873084396123886,-0.1367792785167694,-0.21725158393383026,-0.07303422689437866,-0.16041597723960876,1.0259000062942505],[-0.1729678064584732,0.0723206177353859,-0.09820643067359924,-0.21140311658382416,-0.07187921553850174,-0.16048771142959595,1.0212172269821167],[-0.13526973128318787,0.06262534856796265,-0.0626981109380722,-0.2094402313232422,-0.0808485597372055,-0.19078752398490906,1.0085705518722534],[-0.13233120739459991,0.0672837495803833,-0.048212796449661255,-0.21838721632957458,-0.08129915595054626,-0.1905936449766159,1.01540207862854]]]","[[[-0.1285719871520996,0.09345734119415283,-0.2034887671470642,-0.2659956216812134,-0.06991147994995117,-0.040709614753723145,0.9999990463256836],[-0.1285719871520996,0.0965726375579834,-0.15697723627090454,-0.2659956216812134,-0.02127939462661743,-0.040709614753723145,0.9999990463256836],[-0.07142913341522217,0.07165050506591797,-0.03197723627090454,-0.2659956216812134,0.03951060771942139,-0.040709614753723145,0.9999990463256836],[-0.032143473625183105,0.03738260269165039,-0.017442405223846436,-0.2659956216812134,0.01519465446472168,-0.05840873718261719,0.9999990463256836],[-0.010714948177337646,0.024921536445617676,-0.017442405223846436,-0.2659956216812134,0.01519465446472168,-0.06902807950973511,0.9999990463256836]]]","[0.5929224491119385,0.003496523480862379,0.006411699578166008,0.006191532593220472,0.006303564179688692]","[0.008867025375366211,0.0006095994613133371,0.001674095168709755,0.0026624510064721107,0.006725711282342672,0.014480560086667538,0.8264366388320923]",0.03197385370731354,0.03658401593565941,0.1223112940788269,0.0001232686045113951
N-H,N1800,36,42,libero_90,2,46,47,0.25,28,2026092101,0.05015924572944641,0.024655811488628387,"[0.01619097962975502,0.02169155701994896,0.023682214319705963,0.028139498084783554,0.03357481211423874]","[0.017358852550387383,0.011048500426113605,0.004975111689418554,0.016332317143678665,0.0800885558128357,0.04233849048614502,0.0004488581034820527]",0.014404062181711197,"[0.013158764690160751,0.013438613153994083,0.012760461308062077,0.01530743483453989,0.017355043441057205]","[0.010236802510917187,0.004390748683363199,0.0005493058706633747,0.002996759954839945,0.058475177735090256,0.023579953238368034,0.0005996906547807157]",0.01704109087586403,"[[[-0.16503137350082397,-0.165659099817276,-0.7352393865585327,-0.2732902765274048,-0.5472790598869324,-0.06592749804258347,-1.0222222805023193],[-0.17313016951084137,-0.14671865105628967,-0.7299596071243286,-0.2811321020126343,-0.5592474937438965,-0.06369982659816742,-1.0045115947723389],[-0.18578600883483887,-0.14702418446540833,-0.7117942571640015,-0.27919355034828186,-0.5577279925346375,-0.056202955543994904,-1.000257968902588],[-0.16605475544929504,-0.1534888744354248,-0.6857431530952454,-0.2703875005245209,-0.5434063076972961,-0.06748310476541519,-1.0055477619171143],[-0.1891489326953888,-0.14535148441791534,-0.6758961081504822,-0.2794671654701233,-0.5144127607345581,-0.06603115797042847,-1.0046056509017944]]]","[[[-0.20000046491622925,-0.25856733322143555,-0.7470932006835938,-0.40740931034088135,-0.6960495114326477,0.08672380447387695,-1.0],[-0.26428622007369995,-0.2180689573287964,-0.7819768190383911,-0.468015193939209,-0.7082074880599976,0.11150252819061279,-1.0],[-0.30357182025909424,-0.19626212120056152,-0.7848838567733765,-0.47474920749664307,-0.702128529548645,0.12212193012237549,-1.0],[-0.3357146978378296,-0.1838010549545288,-0.7848838567733765,-0.47474920749664307,-0.6960495114326477,0.12920165061950684,-1.0],[-0.3892861008644104,-0.1713399887084961,-0.7877907752990723,-0.468015193939209,-0.6960495114326477,0.13628125190734863,-1.0]]]","[0.010558872483670712,0.014848096296191216,0.016076188534498215,0.020473076030611992,0.02324921451508999]","[0.018449028953909874,0.0035482824314385653,0.0061075384728610516,0.03369385749101639,0.024293020367622375,0.03308264911174774,0.00011324809020152315]",0.047888390719890594,0.014641833491623402,0.01644519343972206,0.000133531226310879
N-H,N1800,36,43,libero_90,3,46,47,0.25,43,2026092101,0.0961315929889679,0.17384901642799377,"[0.03735904395580292,0.06666823476552963,0.2002873569726944,0.3512713313102722,0.2136591076850891]","[0.10848706215620041,0.0004585521819535643,0.05053490027785301,0.0018647406250238419,0.2907049357891083,0.01677880249917507,0.7481141686439514]",0.16348890960216522,"[0.020258402451872826,0.02991919219493866,0.04763728007674217,0.3906627297401428,0.32896700501441956]","[0.07844006270170212,8.694984717294574e-05,0.04471510648727417,0.0005820124642923474,0.1412627398967743,0.010168184526264668,0.8691673278808594]",0.26440638303756714,"[[[-0.5464522242546082,0.03328632563352585,-0.7005007266998291,-0.23761999607086182,-0.1336739957332611,-0.05919768288731575,-1.0177991390228271],[-0.5322840213775635,0.053219400346279144,-0.6703648567199707,-0.2521020770072937,-0.14679193496704102,-0.05845339223742485,-0.9975368976593018],[-0.5123618245124817,0.058479346334934235,-0.6297885179519653,-0.25668495893478394,-0.13875389099121094,-0.05234656482934952,-0.9945815205574036],[-0.44528982043266296,0.05241289734840393,-0.5772903561592102,-0.25690537691116333,-0.12811924517154694,-0.07623447477817535,-1.0037692785263062],[-0.4303953945636749,0.05707061290740967,-0.5402960777282715,-0.27189743518829346,-0.11917773634195328,-0.08365803211927414,-1.0026719570159912]]]","[[[-0.4321432113647461,0.02180635929107666,-0.5523258447647095,-0.2659956216812134,0.14285385608673096,-0.1008865237236023,-1.0],[-0.3607146739959717,0.02180635929107666,-0.49127936363220215,-0.2659956216812134,0.21580207347869873,-0.1008865237236023,-1.0],[-0.28928619623184204,0.02180635929107666,-0.45348870754241943,-0.2659956216812134,0.27051305770874023,-0.10796612501144409,-1.0],[-0.2250005006790161,0.02180635929107666,-0.4215119481086731,-0.2659956216812134,0.28267109394073486,-0.11504578590393066,0.9999990463256836],[-0.1285719871520996,0.015575766563415527,-0.27325624227523804,-0.2659956216812134,0.37993526458740234,-0.17168277502059937,0.9999990463256836]]]","[0.016354534775018692,0.027995504438877106,0.03612833097577095,0.6084510087966919,0.633102536201477]","[0.04637802019715309,0.0010244118748232722,0.03613724559545517,0.0002404718252364546,0.15866079926490784,0.0031773478258401155,1.6052263975143433]",0.09477236121892929,0.16505247354507446,0.26647210121154785,0.00020043269614689052
N-H,N1800,36,51,libero_90,11,46,47,0.25,20,2026092101,0.033302705734968185,0.018954919651150703,"[0.011084754019975662,0.007668251637369394,0.011437516659498215,0.02507881075143814,0.039505261927843094]","[0.03040672279894352,0.015832971781492233,0.005345434416085482,0.0027858486864715815,0.07347358763217926,0.0044732121750712395,0.0003666531410999596]",0.01104561798274517,"[0.005039950832724571,0.0041882493533194065,0.006795917637646198,0.015008609741926193,0.024195361882448196]","[0.021758301183581352,0.005085135344415903,0.007241201587021351,0.003300782758742571,0.03764025494456291,0.001477275276556611,0.000816372805275023]",0.009522308595478535,"[[[0.830413818359375,-0.4939519464969635,-0.045947689563035965,-0.2291744202375412,-0.1317216008901596,-0.07234501093626022,-1.0239862203598022],[0.8456838130950928,-0.4489961862564087,-0.05833492428064346,-0.24259121716022491,-0.1455223262310028,-0.08204634487628937,-1.0065603256225586],[0.851044774055481,-0.42092370986938477,-0.07008890807628632,-0.24074465036392212,-0.14952628314495087,-0.08365034312009811,-1.0026886463165283],[0.868985652923584,-0.39160245656967163,-0.07673066854476929,-0.23552586138248444,-0.15270371735095978,-0.1012708991765976,-1.0115915536880493],[0.8457266688346863,-0.3626839518547058,-0.10142827033996582,-0.24250712990760803,-0.15056250989437103,-0.10035024583339691,-1.0049827098846436]]]","[[[0.9107130765914917,-0.6728973388671875,-0.017442405223846436,-0.19192183017730713,-0.06991147994995117,-0.02655029296875,-1.0],[0.9499987363815308,-0.5607479214668274,-0.017442405223846436,-0.2659956216812134,-0.051674485206604004,-0.015930891036987305,-1.0],[0.9749988317489624,-0.47663581371307373,-0.017442405223846436,-0.2659956216812134,-0.02127939462661743,-0.008851230144500732,-1.0],[0.985713005065918,-0.4205610752105713,-0.04651212692260742,-0.2659956216812134,0.08206379413604736,-0.0017716288566589355,-1.0],[0.9821414947509766,-0.39563894271850586,-0.09593069553375244,-0.2659956216812134,0.14893293380737305,0.008847832679748535,-1.0]]]","[0.006737531162798405,0.005544532556086779,0.006275302264839411,0.011636528186500072,0.017417650669813156]","[0.01298569142818451,0.009907674044370651,0.0012399574043229222,0.0008106498280540109,0.034777697175741196,0.006777528673410416,0.000156959387823008]",0.034409984946250916,0.013273508287966251,0.0112073989585042,0.000125085367471911
N-H,N1800,36,55,libero_90,15,46,47,0.25,32,2026092101,0.056672513484954834,0.057903774082660675,"[0.030371608212590218,0.046144869178533554,0.06977614760398865,0.0713798850774765,0.0718463808298111]","[0.14812515676021576,0.0026738818269222975,0.10876383632421494,0.01293540745973587,0.13087044656276703,3.746390211745165e-05,0.0019202235853299499]",0.027645928785204887,"[0.018198605626821518,0.021161025390028954,0.031920261681079865,0.03263891488313675,0.034310851246118546]","[0.09291549772024155,0.001616253866814077,0.050891995429992676,0.003299517324194312,0.04452761262655258,0.00020120762928854674,6.942448089830577e-05]",0.030884310603141785,"[[[-0.14203497767448425,0.22789396345615387,-0.7540764808654785,-0.10114173591136932,-0.15684807300567627,-0.019895199686288834,-1.0065217018127441],[-0.1414787471294403,0.23404717445373535,-0.741341233253479,-0.0945545956492424,-0.16081294417381287,-0.018180180341005325,-0.9892305731773376],[-0.14685548841953278,0.2198750376701355,-0.7225044369697571,-0.0761471688747406,-0.1473059058189392,-0.007527008652687073,-0.9859548211097717],[-0.12045517563819885,0.19782014191150665,-0.7001115083694458,-0.05416208505630493,-0.13234852254390717,-0.025119706988334656,-0.9974527359008789],[-0.14197596907615662,0.18646956980228424,-0.6869913935661316,-0.05463298410177231,-0.11689174175262451,-0.02389349974691868,-0.9954717755317688]]]","[[[0.12142789363861084,0.29283416271209717,-0.5319769978523254,-0.2659956216812134,-0.04559546709060669,0.054865479469299316,-1.0],[0.1249992847442627,0.252335786819458,-0.5174421072006226,-0.2659956216812134,0.03951060771942139,0.054865479469299316,-1.0],[0.14642786979675293,0.23675942420959473,-0.5029072761535645,-0.2659956216812134,0.11245882511138916,0.054865479469299316,-1.0],[0.13928496837615967,0.23987483978271484,-0.5000002980232239,-0.2659956216812134,0.14285385608673096,0.058405280113220215,-1.0],[0.08928501605987549,0.23987483978271484,-0.5232560634613037,-0.2659956216812134,0.20364391803741455,0.058405280113220215,-1.0]]]","[0.02402053400874138,0.028064150363206863,0.034590478986501694,0.033838678151369095,0.033907700330019]","[0.06947698444128036,0.0018915011314675212,0.04290713369846344,0.036431774497032166,0.05969277024269104,0.005713432561606169,7.655470835743472e-05]",0.06263189017772675,0.022984972223639488,0.029888490214943886,0.00036983954487368464
N-H,N1800,36,56,libero_90,16,46,47,0.25,35,2026092101,0.06174319609999657,0.03396240621805191,"[0.042842600494623184,0.03569465130567551,0.033479079604148865,0.030757518485188484,0.027038205415010452]","[0.10258492082357407,0.004461788572371006,0.0028654388152062893,0.09882314503192902,0.014090100303292274,0.01469480711966753,0.0002166638005292043]",0.022080635651946068,"[0.020237306132912636,0.02307991124689579,0.02286786213517189,0.023468507453799248,0.02074960432946682]","[0.02685900591313839,0.0033393872436136007,0.0008916023070923984,0.09593730419874191,0.025439828634262085,0.0020304000936448574,6.693461909890175e-05]",0.012676236219704151,"[[[0.05916604399681091,0.05878165364265442,-0.6905841827392578,0.14627845585346222,-0.6517331600189209,-0.2418680042028427,-1.0179611444473267],[0.04663858190178871,0.07752805203199387,-0.6974526643753052,0.15144294500350952,-0.6470326781272888,-0.24073711037635803,-0.9998675584793091],[0.028735481202602386,0.07757770270109177,-0.6909497976303101,0.1695675551891327,-0.632666826248169,-0.23098033666610718,-0.9957517385482788],[0.04389381408691406,0.06971018016338348,-0.6792263984680176,0.19181212782859802,-0.6079303026199341,-0.24221962690353394,-1.001915693283081],[0.013310164213180542,0.07184937596321106,-0.6788383722305298,0.19620223343372345,-0.5624978542327881,-0.23282089829444885,-0.9995536208152771]]]","[[[-0.1285719871520996,0.02180635929107666,-0.7034885287284851,0.25925517082214355,-0.6291804313659668,-0.040709614753723145,-1.0],[-0.1285719871520996,0.02180635929107666,-0.7325583100318909,0.2727231979370117,-0.6595754623413086,-0.04778921604156494,-1.0],[-0.16071486473083496,0.02180635929107666,-0.7412792444229126,0.25925517082214355,-0.6656544208526611,-0.05840873718261719,-1.0],[-0.18928629159927368,0.02180635929107666,-0.7470932006835938,0.252521276473999,-0.6595754623413086,-0.07256799936294556,-1.0],[-0.21071475744247437,0.02180635929107666,-0.7500001788139343,0.24578726291656494,-0.6413384675979614,-0.08318740129470825,-1.0]]]","[0.012976990081369877,0.012447313405573368,0.011495141312479973,0.013773116283118725,0.01268862560391426]","[0.041279178112745285,0.002476320369169116,0.002720377640798688,0.00833215657621622,0.00212743878364563,0.031729280948638916,6.890742224641144e-05]",0.06639803946018219,0.025939004495739937,0.015018941834568977,0.0003899495059158653
N-H,N1800,36,62,libero_90,22,46,47,0.25,27,2026092101,0.08672375231981277,0.031063256785273552,"[0.02393333800137043,0.020489297807216644,0.021904660388827324,0.026692314073443413,0.06229666620492935]","[0.01451342087239027,0.016339002177119255,0.06630876660346985,0.08587606251239777,0.03146408870816231,0.002582320710644126,0.00035911559825763106]",0.0134474141523242,"[0.011166430078446865,0.009623967111110687,0.011332551017403603,0.011118574067950249,0.023995554074645042]","[0.016359811648726463,0.010296076536178589,0.02775460295379162,0.02036389894783497,0.018508775159716606,0.0006871609366498888,0.00016157915524672717]",0.03768307715654373,"[[[0.3252124786376953,0.07681440562009811,-0.3946269750595093,0.11304865777492523,-0.06209087744355202,0.6116852760314941,-1.0209531784057617],[0.34673523902893066,0.11289746314287186,-0.3746938705444336,0.09903007745742798,-0.061790402978658676,0.6087661981582642,-1.0060337781906128],[0.36028939485549927,0.1384257972240448,-0.3467377722263336,0.08780280500650406,-0.052342601120471954,0.6156764626502991,-1.00397527217865],[0.4000941216945648,0.15732723474502563,-0.3144572675228119,0.08090777695178986,-0.04948247969150543,0.5998029708862305,-1.0095419883728027],[0.39498868584632874,0.18813972175121307,-0.29644420742988586,0.05564270168542862,-0.045425090938806534,0.5975467562675476,-1.0047364234924316]]]","[[[0.4285705089569092,0.02180635929107666,-0.4883723855018616,-0.28619760274887085,-0.06991147994995117,0.7522093057632446,-1.0],[0.4035705327987671,0.024921536445617676,-0.4738374948501587,-0.29293161630630493,-0.06991147994995117,0.7734483480453491,-1.0],[0.38214194774627686,0.05295896530151367,-0.46511656045913696,-0.3131335377693176,-0.06991147994995117,0.7911473512649536,-1.0],[0.3607133626937866,0.07788097858428955,-0.45639562606811523,-0.3670054078102112,-0.0820695161819458,0.8017667531967163,-1.0],[0.31428492069244385,0.13084053993225098,-0.4622095823287964,-0.5084190368652344,-0.19149166345596313,0.8300855159759521,-1.0]]]","[0.028877396136522293,0.028808001428842545,0.030522871762514114,0.03865394741296768,0.06155318394303322]","[0.004490922205150127,0.005533026065677404,0.016051171347498894,0.1985146701335907,0.004566628020256758,0.034504178911447525,0.00012094563862774521]",0.08124522864818573,0.012822231277823448,0.0380738191306591,0.000157386704813689
N-H,N1800,36,64,libero_90,24,46,47,0.25,28,2026092101,0.06363634020090103,0.03463262692093849,"[0.046246375888586044,0.038065340369939804,0.020723935216665268,0.02183016948401928,0.046297337859869]","[0.04217660427093506,0.0027202058117836714,0.054382383823394775,0.004762575961649418,0.06834812462329865,0.06989237666130066,0.0001461437641410157]",0.01821594499051571,"[0.027921592816710472,0.023781215772032738,0.013799482956528664,0.009817761369049549,0.01575968787074089]","[0.006885112263262272,0.0013255842495709658,0.021889017894864082,0.007914160378277302,0.037556495517492294,0.051742322742938995,0.00019894112483598292]",0.02140902541577816,"[[[0.3146103620529175,0.019149109721183777,-0.3867049515247345,-0.05411966145038605,-0.3459203839302063,-0.8136720061302185,-1.0061153173446655],[0.34438979625701904,0.04871314764022827,-0.39454248547554016,-0.05312436446547508,-0.3458237051963806,-0.8076388239860535,-0.9899638295173645],[0.3590180277824402,0.05556420236825943,-0.39378809928894043,-0.03801582753658295,-0.33072429895401,-0.7921916246414185,-0.989793062210083],[0.39798784255981445,0.06017077714204788,-0.3935541808605194,-0.023896582424640656,-0.31100812554359436,-0.7938209176063538,-0.9958735704421997],[0.39221256971359253,0.06921836733818054,-0.4056950807571411,-0.01156739890575409,-0.2829059660434723,-0.77875816822052,-0.9935661554336548]]]","[[[0.14285647869110107,0.02180635929107666,-0.28779107332229614,-0.16498583555221558,-0.10030657052993774,-0.9716814756393433,-1.0],[0.18214213848114014,0.02180635929107666,-0.3168608546257019,-0.13804996013641357,-0.06991147994995117,-0.9079647064208984,-1.0],[0.2714277505874634,0.05607426166534424,-0.31395387649536133,-0.13804996013641357,-0.06991147994995117,-0.8017702102661133,-1.0],[0.2749992609024048,0.06853532791137695,-0.27616316080093384,-0.13131588697433472,-0.06991147994995117,-0.6141599416732788,-1.0],[0.3285706043243408,0.12149477005004883,-0.2034887671470642,-0.2188577651977539,-0.06991147994995117,-0.42300981283187866,-1.0]]]","[0.019558895379304886,0.0180840902030468,0.013181700371205807,0.01870548538863659,0.03751496970653534]","[0.01653444953262806,0.0007068168488331139,0.015371987596154213,0.016803739592432976,0.06159425526857376,0.03879179805517197,6.014504106133245e-05]",0.06534809619188309,0.02027682587504387,0.023749103769659996,0.00026170507771894336
N-H,N1800,36,73,libero_90,33,46,47,0.25,44,2026092101,0.05894660949707031,0.10113612562417984,"[0.2394164502620697,0.15604549646377563,0.06987746059894562,0.020720621570944786,0.019620632752776146]","[0.18136247992515564,0.009984957054257393,0.18474845588207245,0.0008694625576026738,0.2936113774776459,0.03401349112391472,0.0033626907970756292]",0.04377073049545288,"[0.0958952084183693,0.06659655272960663,0.030948922038078308,0.013658113777637482,0.011754845269024372]","[0.04836485907435417,0.006644258741289377,0.06353810429573059,0.00018249076674692333,0.1732335239648819,0.007537390571087599,0.00689445436000824]",0.05699124187231064,"[[[-0.2129238396883011,0.0032515600323677063,-0.16456179320812225,-0.21444734930992126,-0.08045746386051178,-0.24722552299499512,0.9664180278778076],[-0.17029306292533875,0.00991608202457428,-0.11559121310710907,-0.2133885771036148,-0.08394962549209595,-0.24839653074741364,1.0115954875946045],[-0.1352699100971222,0.011724144220352173,-0.06073090434074402,-0.19506019353866577,-0.08109913766384125,-0.24951225519180298,1.0125179290771484],[-0.06415000557899475,0.005071684718132019,-0.0065635740756988525,-0.16761568188667297,-0.08408375084400177,-0.2726097106933594,1.0087543725967407],[-0.03165958449244499,0.0031799785792827606,0.0159294456243515,-0.1501772701740265,-0.07327543944120407,-0.2755565643310547,1.0118305683135986]]]","[[[-0.79285728931427,-0.07788211107254028,-0.6424421072006226,-0.2659956216812134,-0.6291804313659668,-0.07256799936294556,0.9999990463256836],[-0.5964288711547852,-0.06230580806732178,-0.5145351886749268,-0.2659956216812134,-0.525837242603302,-0.05486893653869629,0.9999990463256836],[-0.38571470975875854,-0.043614208698272705,-0.35174453258514404,-0.2659956216812134,-0.37386202812194824,-0.040709614753723145,0.9999990463256836],[-0.17142915725708008,0.009345293045043945,-0.13372141122817993,-0.2659956216812134,-0.2583608031272888,-0.040709614753723145,0.9999990463256836],[-0.1285719871520996,0.02180635929107666,-0.017442405223846436,-0.2659956216812134,-0.21580767631530762,-0.040709614753723145,0.9999990463256836]]]","[0.1295231580734253,0.0830833688378334,0.04071015864610672,0.017371660098433495,0.014267862774431705]","[0.12030760198831558,0.0030452427454292774,0.09789951890707016,0.0067098126746714115,0.12655192613601685,0.04409749433398247,0.00032710505183786154]",0.058863308280706406,0.04764022305607796,0.05754755437374115,0.00014389390707947314
N-H,N1800,36,95,libero_90,55,46,47,0.25,27,2026092101,0.03344804048538208,0.022721080109477043,"[0.010028915479779243,0.02611384727060795,0.03349677100777626,0.023003386333584785,0.020962489768862724]","[0.02942758798599243,0.09816127270460129,0.019353320822119713,0.007020674645900726,0.0026612523943185806,0.0018557608127593994,0.000567700422834605]",0.010517713613808155,"[0.0037423246540129185,0.009972591884434223,0.01457253284752369,0.012483169324696064,0.011817951686680317]","[0.016737794503569603,0.04201335087418556,0.01084552425891161,0.002729808446019888,0.00018407242896500975,0.0010256556561216712,8.779016934568062e-05]",0.014168240129947662,"[[[-0.3951093554496765,-0.05436161905527115,-0.7295490503311157,-0.1364845484495163,-0.08739390969276428,-0.038708001375198364,-1.0161935091018677],[-0.391539067029953,-0.0270535945892334,-0.6962676644325256,-0.15517476201057434,-0.09258763492107391,-0.03890228271484375,-0.9961609244346619],[-0.3918079733848572,-0.017588075250387192,-0.6626596450805664,-0.16536295413970947,-0.08397671580314636,-0.02973044663667679,-0.9941238164901733],[-0.3567448854446411,-0.019032511860132217,-0.6193661689758301,-0.17334027588367462,-0.07951200753450394,-0.04541086405515671,-1.0024603605270386],[-0.3805883526802063,-0.010931815952062607,-0.592448353767395,-0.20173028111457825,-0.07625237107276917,-0.04450181871652603,-1.0011374950408936]]]","[[[-0.3535718321800232,-0.2928352355957031,-0.7470932006835938,-0.12458193302154541,-0.06991147994995117,-0.040709614753723145,-1.0],[-0.33928608894348145,-0.3707168698310852,-0.6540700197219849,-0.25252771377563477,-0.06991147994995117,-0.040709614753723145,-1.0],[-0.29285764694213867,-0.36448633670806885,-0.584302544593811,-0.2659956216812134,-0.06991147994995117,-0.040709614753723145,-1.0],[-0.2678576111793518,-0.2741437554359436,-0.5377909541130066,-0.2659956216812134,-0.06991147994995117,-0.040709614753723145,-1.0],[-0.2571433186531067,-0.2149537205696106,-0.5058141946792603,-0.2659956216812134,-0.06991147994995117,-0.040709614753723145,-1.0]]]","[0.008516625501215458,0.018946466967463493,0.020964179188013077,0.01262036431580782,0.009793572127819061]","[0.007477305829524994,0.08040384203195572,0.004477653652429581,0.006492249667644501,0.00023001024965196848,3.285951606812887e-05,6.376901001203805e-05]",0.033892396837472916,0.010870842263102531,0.014694925397634506,0.00013068590487819165
N-H,N1800,36,96,libero_90,56,46,47,0.25,26,2026092101,0.0706319734454155,0.013972590677440166,"[0.015876198187470436,0.007191790267825127,0.014356708154082298,0.01562829688191414,0.016809966415166855]","[0.007114899344742298,0.024364009499549866,0.01650836132466793,0.030642271041870117,0.011570876464247704,0.007547405548393726,6.0313992435112596e-05]",0.0072539388202130795,"[0.006976609583944082,0.0031778435222804546,0.006228480022400618,0.008357401005923748,0.01152936089783907]","[0.004992826376110315,0.0109311668202281,0.013568802736699581,0.009328344836831093,0.009338381700217724,0.002348464448004961,0.00026958645321428776]",0.007779721636325121,"[[[-0.5693638324737549,-0.04083753377199173,-0.9738999009132385,-0.10292096436023712,-0.08322463929653168,-0.028288427740335464,-1.0222375392913818],[-0.5687024593353271,-0.01744639128446579,-0.9477052688598633,-0.1163051426410675,-0.09113290160894394,-0.024665094912052155,-1.0012743473052979],[-0.5671159029006958,-0.00932815670967102,-0.9179039597511292,-0.11690729856491089,-0.083977609872818,-0.01467343419790268,-0.9986874461174011],[-0.5259766578674316,-0.01863211765885353,-0.8695781230926514,-0.1106090322136879,-0.07830937206745148,-0.029324106872081757,-1.008331060409546],[-0.5267953872680664,-0.009764857590198517,-0.8292171359062195,-0.13591420650482178,-0.07803263515233994,-0.021807730197906494,-1.0060181617736816]]]","[[[-0.6321431398391724,-0.19937735795974731,-0.9098837971687317,-0.2659956216812134,-0.1854127049446106,-0.061948537826538086,-1.0],[-0.6500002145767212,0.0031147003173828125,-0.9040698409080505,-0.27946358919143677,-0.06991147994995117,-0.040709614753723145,-1.0],[-0.6321431398391724,0.02180635929107666,-0.8372094035148621,-0.3468034863471985,-0.06991147994995117,-0.040709614753723145,-1.0],[-0.5928574204444885,0.05607426166534424,-0.7703490257263184,-0.3198675513267517,-0.06991147994995117,-0.040709614753723145,-1.0],[-0.5214288830757141,0.06542003154754639,-0.7209303975105286,-0.2659956216812134,-0.06991147994995117,-0.040709614753723145,-1.0]]]","[0.01026249211281538,0.005180887877941132,0.009348462335765362,0.009137026034295559,0.004969744477421045]","[0.003856188850477338,0.007552161812782288,0.006817230489104986,0.03335531800985336,0.002245416631922126,0.0005110446945764124,0.00012069593503838405]",0.07827768474817276,0.005672695115208626,0.007648602593690157,9.852785296970978e-05
N-H,N1800,36,97,libero_90,57,46,47,0.25,38,2026092101,0.07514972239732742,0.064927838742733,"[0.0879397764801979,0.0745730847120285,0.0668879896402359,0.0537298209965229,0.04150853306055069]","[0.13253210484981537,0.05941957235336304,0.007675873581320047,0.047130417078733444,0.2045609951019287,0.002818689914420247,0.00035722937900573015]",0.025442056357860565,"[0.03633274510502815,0.02879580855369568,0.02616288512945175,0.020230289548635483,0.015688566491007805]","[0.04081611707806587,0.023838693276047707,0.005470776464790106,0.014591008424758911,0.09250673651695251,0.0007747632334940135,9.630646673031151e-05]",0.04337082430720329,"[[[0.16138377785682678,-0.05362784117460251,-0.7135961055755615,-0.02832404524087906,-0.2038462907075882,-0.18823663890361786,-1.0187230110168457],[0.15190261602401733,-0.029105745255947113,-0.7175183892250061,-0.030733972787857056,-0.21039317548274994,-0.18958181142807007,-1.0041826963424683],[0.13457046449184418,-0.024444647133350372,-0.7131712436676025,-0.01719270646572113,-0.20392417907714844,-0.18404823541641235,-0.9987295866012573],[0.14374518394470215,-0.02658281847834587,-0.7023142576217651,-0.0017001703381538391,-0.19555914402008057,-0.19902512431144714,-1.00665283203125],[0.1055455356836319,-0.01842295378446579,-0.7019091844558716,-0.001356072723865509,-0.1798151731491089,-0.19611434638500214,-1.0035020112991333]]]","[[[-0.1285719871520996,-0.22118425369262695,-0.6250002384185791,-0.2659956216812134,0.15501189231872559,-0.040709614753723145,-1.0],[-0.1285719871520996,-0.24922162294387817,-0.668604850769043,-0.2659956216812134,0.1185377836227417,-0.040709614753723145,-1.0],[-0.1285719871520996,-0.2647978663444519,-0.6889536380767822,-0.2659956216812134,0.11245882511138916,-0.040709614753723145,-1.0],[-0.1285719871520996,-0.2990657687187195,-0.697674572467804,-0.2659956216812134,0.057747721672058105,-0.040709614753723145,-1.0],[-0.110714852809906,-0.31775736808776855,-0.7005815505981445,-0.2659956216812134,-0.015200436115264893,-0.040709614753723145,-1.0]]]","[0.04676864296197891,0.045033372938632965,0.04430697113275528,0.04393566772341728,0.036809489130973816]","[0.07058190554380417,0.05962877348065376,0.0021703087259083986,0.06272497773170471,0.08566706627607346,0.02273750863969326,8.523686847183853e-05]",0.08054904639720917,0.027260061353445053,0.046157754957675934,0.00026142026763409376
N-H,N1800,36,101,libero_90,61,46,47,0.25,36,2026092101,0.04653606936335564,0.03123396448791027,"[0.03318299353122711,0.029454901814460754,0.021596604958176613,0.030201146379113197,0.041734177619218826]","[0.07519902288913727,0.01699712686240673,0.029179057106375694,0.016372552141547203,0.07715201377868652,0.0030019914265722036,0.0007359748124144971]",0.01168358139693737,"[0.012690401636064053,0.010844415985047817,0.007631144020706415,0.011191912926733494,0.016060035675764084]","[0.025004226714372635,0.006250814534723759,0.006683711893856525,0.007030413951724768,0.03590497747063637,0.0008263379568234086,8.459870878141373e-05]",0.02334393374621868,"[[[0.08215080201625824,0.005093425512313843,-0.6947059631347656,-0.15285596251487732,-0.3484119176864624,-0.14780911803245544,-1.0126018524169922],[0.08500891178846359,0.02629885822534561,-0.6914168000221252,-0.1673649549484253,-0.37101367115974426,-0.14698728919029236,-0.9991863965988159],[0.0812661349773407,0.030170097947120667,-0.6766990423202515,-0.17316214740276337,-0.3828600347042084,-0.1370917558670044,-0.9946700930595398],[0.10320809483528137,0.028046149760484695,-0.6546762585639954,-0.17205911874771118,-0.3875235617160797,-0.1476624310016632,-1.0026031732559204],[0.07947327196598053,0.03509708121418953,-0.6497688293457031,-0.1853771209716797,-0.3819217383861542,-0.14193609356880188,-0.9987918734550476]]]","[[[-0.10357201099395752,-0.12149584293365479,-0.8226745128631592,-0.2659956216812134,-0.1428595781326294,-0.05840873718261719,-1.0],[-0.12500053644180298,-0.11215001344680786,-0.8284884691238403,-0.2659956216812134,-0.1793336272239685,-0.05486893653869629,-1.0],[-0.1285719871520996,-0.08722788095474243,-0.8226745128631592,-0.2659956216812134,-0.21580767631530762,-0.04424941539764404,-1.0],[-0.1285719871520996,-0.08411264419555664,-0.8430233597755432,-0.2659956216812134,-0.12462258338928223,-0.040709614753723145,-1.0],[-0.1285719871520996,-0.031153202056884766,-0.8226745128631592,-0.40740931034088135,-0.06991147994995117,-0.040709614753723145,-1.0]]]","[0.018585333600640297,0.019573772326111794,0.017756544053554535,0.027308987453579903,0.033495038747787476]","[0.04392676055431366,0.013188782148063183,0.0243688877671957,0.01785380207002163,0.054673369973897934,0.00935672502964735,3.9222526538651437e-05]",0.04309840500354767,0.013338083401322365,0.02497926540672779,0.00012843665899708867
N-L,N1800,36,0,libero_spatial,0,46,47,0.25,22,2026092101,0.14118318259716034,0.17344948649406433,"[0.1874653398990631,0.17147380113601685,0.1387316733598709,0.13644398748874664,0.2331327199935913]","[0.40609532594680786,0.4280787408351898,0.004523170180618763,0.1383483111858368,0.22584576904773712,0.011067925952374935,0.00018724029359873384]",0.07423106580972672,"[0.0813290923833847,0.06884220987558365,0.05780411511659622,0.057211194187402725,0.10596875846385956]","[0.19236408174037933,0.19496800005435944,0.000874097750056535,0.037048500031232834,0.09405943751335144,0.00018825831648427993,0.00011513195931911469]",0.10153202712535858,"[[[-0.3619209825992584,0.18467950820922852,-1.0428386926651,0.10855994373559952,-0.5293060541152954,-0.17828483879566193,-1.0261752605438232],[-0.4056469798088074,0.2179279625415802,-1.0503263473510742,0.10852674394845963,-0.5288234949111938,-0.16865429282188416,-1.0011155605316162],[-0.4458240866661072,0.22391822934150696,-1.0396161079406738,0.11789087951183319,-0.5132185220718384,-0.1580103188753128,-0.9950338006019592],[-0.44738876819610596,0.22042664885520935,-1.0194159746170044,0.1307123303413391,-0.49531587958335876,-0.170116126537323,-0.9983710646629333],[-0.5003826022148132,0.22267600893974304,-1.003449559211731,0.11526597291231155,-0.45882564783096313,-0.15638351440429688,-0.9965469241142273]]]","[[[-0.08928626775741577,0.8037372827529907,-1.034883737564087,-0.2659956216812134,-0.06991147994995117,-0.040709614753723145,-1.0],[-0.1535719633102417,0.7507778406143188,-1.034883737564087,-0.2659956216812134,-0.06991147994995117,-0.040709614753723145,-1.0],[-0.46428608894348145,0.6542047262191772,-1.034883737564087,-0.2659956216812134,-0.06991147994995117,-0.040709614753723145,-1.0],[-0.9071429371833801,0.33644795417785645,-1.034883737564087,-0.20538973808288574,-0.06991147994995117,-0.040709614753723145,-1.0],[-1.3249998092651367,0.06542003154754639,-1.034883737564087,-0.13131588697433472,-0.06991147994995117,-0.040709614753723145,-1.0]]]","[0.11836756020784378,0.10213539004325867,0.07759769260883331,0.0765366181731224,0.13302290439605713]","[0.20591595768928528,0.17809967696666718,0.0003103019844274968,0.12033899128437042,0.19007757306098938,0.015836548060178757,0.00014512581401504576]",0.12994873523712158,0.07790180295705795,0.1040380448102951,0.00021418160758912563
N-L,N1800,36,1,libero_spatial,1,46,47,0.25,33,2026092101,0.0945790559053421,0.0933961495757103,"[0.169256791472435,0.0930033028125763,0.05282237380743027,0.06987791508436203,0.08202040195465088]","[0.08638641983270645,0.2034505158662796,0.13413049280643463,0.09332142770290375,0.005418817047029734,0.13073427975177765,0.00033108610659837723]",0.04664056748151779,"[0.08899625390768051,0.04416761174798012,0.023570943623781204,0.03364763781428337,0.04282040148973465]","[0.05015106126666069,0.10657503455877304,0.06408467143774033,0.02488657645881176,0.003336399793624878,0.07652759552001953,0.0009226370602846146]",0.053502969443798065,"[[[0.14563122391700745,0.3079717755317688,-0.9069502353668213,-0.2601541578769684,-0.21918290853500366,-0.3215837776660919,-1.0184680223464966],[0.15658842027187347,0.3145522475242615,-0.9016332030296326,-0.2701971232891083,-0.22958150506019592,-0.33249837160110474,-0.9970492124557495],[0.15604643523693085,0.30347517132759094,-0.8944863080978394,-0.2726157605648041,-0.22694005072116852,-0.3418159782886505,-0.9948557615280151],[0.19569820165634155,0.27696412801742554,-0.8801596164703369,-0.27118539810180664,-0.2208031564950943,-0.36497095227241516,-1.0040507316589355],[0.1734624207019806,0.2605246603488922,-0.8861302137374878,-0.2795681953430176,-0.20604336261749268,-0.36628180742263794,-1.0048112869262695]]]","[[[0.007142186164855957,0.9345784187316895,-0.41569799184799194,-0.4882171154022217,-0.15501761436462402,-0.25663846731185913,-1.0],[0.1357135772705078,0.7632389068603516,-0.593023419380188,-0.5690249800682068,-0.06991147994995117,-0.34159404039382935,-1.0],[0.31071341037750244,0.4922109842300415,-0.7906978130340576,-0.5757589340209961,-0.06991147994995117,-0.4796469211578369,-1.0],[0.40714192390441895,0.3676004409790039,-0.9244186878204346,-0.6565667390823364,-0.06991147994995117,-0.5539830923080444,-1.0],[0.364284873008728,0.17756950855255127,-1.034883737564087,-0.6565667390823364,-0.06991147994995117,-0.5964608788490295,-1.0]]]","[0.10197611153125763,0.058839935809373856,0.029413245618343353,0.03741590678691864,0.039869677275419235]","[0.02493169903755188,0.12893466651439667,0.07428546249866486,0.10477065294981003,0.019113970920443535,0.022401198744773865,8.315901504829526e-05]",0.09493552893400192,0.04676070809364319,0.048758890479803085,0.00032227038173004985
N-L,N1800,36,2,libero_spatial,2,46,47,0.25,29,2026092101,0.07291735708713531,0.007237129379063845,"[0.013787568546831608,0.005444663111120462,0.005393943749368191,0.005555392242968082,0.00600407924503088]","[0.005197582300752401,0.0031347505282610655,0.009451199322938919,0.02516917698085308,0.0013620656682178378,0.006235841661691666,0.00010928956180578098]",0.0047134398482739925,"[0.005710477475076914,0.0047082253731787205,0.0044243172742426395,0.0047286818735301495,0.003995500039309263]","[0.0023667386267334223,0.0012010961072519422,0.003301347838714719,0.01846095733344555,0.0011384094832465053,0.005549341440200806,0.0009761905530467629]",0.00728453416377306,"[[[-0.12339437007904053,0.038448967039585114,-0.6920645236968994,-0.2392638474702835,-0.17307685315608978,-0.17950844764709473,-1.0127036571502686],[-0.11826295405626297,0.06080634891986847,-0.6662068367004395,-0.249154195189476,-0.1822337806224823,-0.1792367845773697,-0.9935137629508972],[-0.1189434602856636,0.06716550141572952,-0.619500458240509,-0.25127553939819336,-0.17078840732574463,-0.177850604057312,-0.9930955171585083],[-0.0908132791519165,0.06568451225757599,-0.576037585735321,-0.2510901391506195,-0.16115230321884155,-0.1952732503414154,-1.0028289556503296],[-0.10875139385461807,0.06928732991218567,-0.5321483612060547,-0.25395986437797546,-0.14214813709259033,-0.19849514961242676,-0.9976598620414734]]]","[[[0.07499933242797852,0.02180635929107666,-0.5494188666343689,-0.2659956216812134,-0.13070160150527954,-0.040709614753723145,-1.0],[-0.02500063180923462,0.02180635929107666,-0.6366281509399414,-0.2659956216812134,-0.17325466871261597,-0.040709614753723145,-1.0],[-0.060714900493621826,0.02180635929107666,-0.668604850769043,-0.2659956216812134,-0.20972871780395508,-0.0300900936126709,-1.0],[-0.06428635120391846,0.024921536445617676,-0.6831396818161011,-0.2659956216812134,-0.15501761436462402,-0.008851230144500732,-1.0],[-0.06785768270492554,0.02180635929107666,-0.6802327036857605,-0.2659956216812134,-0.14893865585327148,-0.008851230144500732,-1.0]]]","[0.011703080497682095,0.0043842666782438755,0.004496161825954914,0.006979591213166714,0.00885956734418869]","[0.01076489221304655,0.0015542980981990695,0.011406751349568367,0.0003163870132993907,0.0006952760159038007,0.02620120905339718,5.292106288834475e-05]",0.07769885659217834,0.004479632247239351,0.006904654670506716,3.61938145942986e-05
N-L,N1800,36,4,libero_spatial,4,46,47,0.25,37,2026092101,0.10926701873540878,0.0470716655254364,"[0.03197145462036133,0.03940531238913536,0.047110725194215775,0.055432576686143875,0.06143825128674507]","[0.02142401598393917,0.0037554320879280567,0.09449701756238937,0.04318966716527939,0.08978156000375748,0.07646515220403671,0.0003887834900524467]",0.02638738602399826,"[0.019394807517528534,0.02378181554377079,0.026648113504052162,0.02807956002652645,0.034032635390758514]","[0.018493158742785454,0.002072130097076297,0.05146559700369835,0.03857862576842308,0.02235998958349228,0.05087152123451233,0.0008706740918569267]",0.028821134939789772,"[[[-0.800756573677063,0.06777648627758026,-0.8051660060882568,-0.24845075607299805,-0.8714165091514587,0.11612547934055328,-1.013026237487793],[-0.8037632703781128,0.09135343879461288,-0.8164389133453369,-0.262954980134964,-0.8948280215263367,0.10476377606391907,-0.9938974380493164],[-0.7958846688270569,0.10136811435222626,-0.8082278966903687,-0.2694251835346222,-0.9005247950553894,0.10152560472488403,-0.9958887100219727],[-0.7359613180160522,0.09829363226890564,-0.788390576839447,-0.2657846510410309,-0.8715283870697021,0.07785072922706604,-1.0006011724472046],[-0.726393461227417,0.10200260579586029,-0.7892199754714966,-0.28248777985572815,-0.8369197249412537,0.07645709812641144,-0.9997478127479553]]]","[[[-0.7678573131561279,0.02180635929107666,-1.034883737564087,-0.2659956216812134,-0.598785400390625,0.13628125190734863,-1.0],[-0.7857143878936768,0.06853532791137695,-1.034883737564087,-0.2659956216812134,-0.5562323331832886,0.11504232883453369,-1.0],[-0.8142858743667603,0.0872267484664917,-1.034883737564087,-0.2659956216812134,-0.525837242603302,0.11504232883453369,-1.0],[-0.9142857789993286,0.133955717086792,-1.034883737564087,-0.2659956216812134,-0.4832841753959656,0.10442280769348145,-1.0],[-0.9964285492897034,0.10591840744018555,-1.034883737564087,-0.2659956216812134,-0.4589681029319763,0.07964420318603516,-1.0]]]","[0.018739620223641396,0.023337680846452713,0.027501942589879036,0.03503862023353577,0.0394878052175045]","[0.02129305899143219,0.0008242029580287635,0.05459415912628174,0.00012017310655210167,0.12458931654691696,0.0002821677189785987,4.48503669758793e-05]",0.11502990871667862,0.026682838797569275,0.03289066627621651,0.0003470773226581514
N-L,N1800,36,5,libero_spatial,5,46,47,0.25,27,2026092101,0.060791369527578354,0.13615578413009644,"[0.18589931726455688,0.23770296573638916,0.10305021703243256,0.08634012192487717,0.06778637319803238]","[0.2946142256259918,0.13802267611026764,0.1605597585439682,0.004968187306076288,0.17613832652568817,0.0230118315666914,0.15577556192874908]",0.1060425266623497,"[0.18250851333141327,0.16523295640945435,0.08163821697235107,0.06248956918716431,0.03834344074130058]","[0.1607610136270523,0.049472417682409286,0.07808633893728256,0.0042438567616045475,0.09889872372150421,0.00771877309307456,0.3431166112422943]",0.051042720675468445,"[[[-0.6780730485916138,0.07389221340417862,-0.544765830039978,-0.24212825298309326,-0.12200956046581268,-0.32189151644706726,-1.0088320970535278],[-0.5633525848388672,0.10248801112174988,-0.43006807565689087,-0.25955846905708313,-0.11659620702266693,-0.3470920920372009,1.0012046098709106],[-0.41666918992996216,0.11930375546216965,-0.298649400472641,-0.2664657235145569,-0.09960627555847168,-0.3675740957260132,1.0160117149353027],[-0.2446576952934265,0.11650602519512177,-0.15545786917209625,-0.2715762257575989,-0.0887916088104248,-0.4370703399181366,1.0057706832885742],[-0.20570431649684906,0.11576022207736969,-0.09893590211868286,-0.28903627395629883,-0.08341734111309052,-0.45179060101509094,1.0143908262252808]]]","[[[-0.26428622007369995,0.42056000232696533,-0.2790701985359192,-0.27946358919143677,-0.46504712104797363,-0.08318740129470825,-1.0],[-0.1285719871520996,0.40186846256256104,-0.10755860805511475,-0.2659956216812134,-0.44073110818862915,-0.15398377180099487,0.9999990463256836],[-0.12142914533615112,0.3676004409790039,-0.03197723627090454,-0.27272963523864746,-0.3799409866333008,-0.20354115962982178,0.9999990463256836],[-0.1285719871520996,0.3676004409790039,-0.017442405223846436,-0.30639952421188354,-0.3981780409812927,-0.2318597435951233,0.9999990463256836],[-0.1285719871520996,0.32398688793182373,-0.017442405223846436,-0.3131335377693176,-0.3495458960533142,-0.2637180685997009,0.9999990463256836]]]","[0.07687409222126007,0.07501033693552017,0.046531714498996735,0.033521413803100586,0.023276057094335556]","[0.09336914122104645,0.07557303458452225,0.05428200587630272,0.0006535882130265236,0.09357401728630066,0.03973199054598808,0.00011525999434525147]",0.06241798400878906,0.1226111575961113,0.059010621160268784,0.002242340473458171
N-L,N1800,36,7,libero_spatial,7,46,47,0.25,30,2026092101,0.06837256997823715,0.05762264505028725,"[0.06415506452322006,0.0635775700211525,0.05834542587399483,0.06417806446552277,0.037857115268707275]","[0.11814630031585693,0.083926260471344,0.019810598343610764,0.06857959181070328,0.0828867182135582,0.021357111632823944,0.008651933632791042]",0.02923433855175972,"[0.02622999995946884,0.03182291239500046,0.029084572568535805,0.030730510130524635,0.028303690254688263]","[0.02575802616775036,0.03499234467744827,0.00985544454306364,0.020546292886137962,0.10281660407781601,0.002978868782520294,0.007692788727581501]",0.15908220410346985,"[[[-0.28375428915023804,-0.08415737748146057,-0.3340472877025604,-0.23766407370567322,0.3737570643424988,-0.19350691139698029,-1.027945876121521],[-0.22176513075828552,-0.06500354409217834,-0.2764747142791748,-0.24979239702224731,0.4254925847053528,-0.21331264078617096,1.0111019611358643],[-0.18636202812194824,-0.06237611174583435,-0.19356413185596466,-0.24811695516109467,0.4575046896934509,-0.21728169918060303,1.0249419212341309],[-0.1346280872821808,-0.08188416808843613,-0.12127920240163803,-0.24440717697143555,0.4813120663166046,-0.25312507152557373,1.0136877298355103],[-0.13300904631614685,-0.07780890166759491,-0.08214947581291199,-0.25173452496528625,0.4991663992404938,-0.26454728841781616,1.0218899250030518]]]","[[[-0.5750002861022949,0.02180635929107666,-0.4447677731513977,-0.4814831614494324,0.641332745552063,-0.040709614753723145,0.9999990463256836],[-0.5142860412597656,0.02180635929107666,-0.36627936363220215,-0.49495112895965576,0.7568339109420776,-0.040709614753723145,0.9999990463256836],[-0.45357179641723633,0.02180635929107666,-0.29651206731796265,-0.5016851425170898,0.8237029314041138,-0.040709614753723145,0.9999990463256836],[-0.38571470975875854,0.02180635929107666,-0.2412794828414917,-0.47474920749664307,0.8601770401000977,-0.07610780000686646,0.9999990463256836],[-0.2857147455215454,-0.03738367557525635,-0.15988421440124512,-0.39394134283065796,0.9392043352127075,-0.16106337308883667,0.9999990463256836]]]","[0.6250378489494324,0.042996328324079514,0.04561198130249977,0.04518784210085869,0.03657717630267143]","[0.06563146412372589,0.00764737743884325,0.010272988118231297,0.051425524055957794,0.1305314004421234,0.025272110477089882,0.8227947354316711]",0.07033246755599976,0.02561241388320923,0.15614594519138336,0.0013236707309260964
N-L,N1800,36,12,libero_object,2,46,47,0.25,32,2026092101,0.07374050468206406,0.04940351843833923,"[0.06909508258104324,0.06593984365463257,0.04518459364771843,0.028516296297311783,0.03828178718686104]","[0.02890421450138092,0.0013403630582615733,0.004293884616345167,0.0036487597972154617,0.3038022220134735,0.0030290097929537296,0.0008061512489803135]",0.024267278611660004,"[0.03374698385596275,0.031277354806661606,0.02398097887635231,0.014733578078448772,0.017597496509552002]","[0.041262563318014145,0.0023623579181730747,0.0012304915580898523,0.0007253164076246321,0.12020554393529892,0.0027271893341094255,0.001357479253783822]",0.02736525796353817,"[[[-0.2995489835739136,0.03453686833381653,-0.6739692687988281,-0.15690505504608154,-0.14132454991340637,-0.1230459213256836,-1.0262091159820557],[-0.2967091202735901,0.05409330129623413,-0.6673486232757568,-0.16582228243350983,-0.1573518067598343,-0.12443022429943085,-1.0031325817108154],[-0.30022531747817993,0.05603876709938049,-0.6516177654266357,-0.16575747728347778,-0.15471896529197693,-0.11623624712228775,-1.0007705688476562],[-0.26626697182655334,0.04675602167844772,-0.6200578212738037,-0.16178499162197113,-0.1497507393360138,-0.13140791654586792,-1.0064281225204468],[-0.28603482246398926,0.04973197355866432,-0.6052381992340088,-0.18024852871894836,-0.140625,-0.12753748893737793,-1.0035817623138428]]]","[[[-0.1285719871520996,0.04361319541931152,-0.6831396818161011,-0.2659956216812134,-0.5927063226699829,-0.03363001346588135,-1.0],[-0.1285719871520996,0.02180635929107666,-0.7005815505981445,-0.2659956216812134,-0.5927063226699829,-0.040709614753723145,-1.0],[-0.16071486473083496,0.02180635929107666,-0.7034885287284851,-0.2659956216812134,-0.525837242603302,-0.040709614753723145,-1.0],[-0.22857189178466797,0.02180635929107666,-0.6831396818161011,-0.2659956216812134,-0.47112613916397095,-0.037169814109802246,-1.0],[-0.2785719037055969,0.049843668937683105,-0.6395350694656372,-0.2659956216812134,-0.5197582244873047,-0.03363001346588135,-1.0]]]","[0.036246854811906815,0.033857740461826324,0.025258133187890053,0.018440982326865196,0.023022569715976715]","[0.01568860374391079,0.0005838364595547318,0.0018069393699988723,0.010039110668003559,0.15560640394687653,0.007681610528379679,0.0001502948725828901]",0.06672745198011398,0.021808544173836708,0.025263357907533646,0.00018525619816500694
N-L,N1800,36,13,libero_object,3,46,47,0.25,37,2026092101,0.13397054374217987,0.10108616948127747,"[0.1150001659989357,0.131983682513237,0.10663845390081406,0.09837903827428818,0.0534295029938221]","[0.1859186887741089,0.4329957664012909,0.015587222762405872,0.005991283338516951,0.013902268372476101,0.051221635192632675,0.00198630103841424]",0.03678340092301369,"[0.042559150606393814,0.049686696380376816,0.039944134652614594,0.0344366729259491,0.017290368676185608]","[0.04543966054916382,0.17678409814834595,0.011190774850547314,0.0007470139535143971,0.007854537107050419,0.015203501097857952,0.00026422899099998176]",0.027742933481931686,"[[[0.04025403782725334,-0.04828149080276489,-0.530634343624115,-0.13883821666240692,-0.3403782844543457,-0.2964666783809662,-1.020185947418213],[0.03578517585992813,-0.007904093712568283,-0.5474815368652344,-0.15243485569953918,-0.3743515610694885,-0.3018534779548645,-1.005210041999817],[0.01637626439332962,0.006890755146741867,-0.5512859225273132,-0.15557773411273956,-0.3884519934654236,-0.2976580858230591,-1.0023529529571533],[0.029711782932281494,0.016136914491653442,-0.5486384630203247,-0.15307363867759705,-0.39615610241889954,-0.3124375343322754,-1.0088317394256592],[-0.00844818726181984,0.02916489914059639,-0.5672051310539246,-0.16770538687705994,-0.3909393846988678,-0.30826133489608765,-1.0046257972717285]]]","[[[-0.0750005841255188,0.21495270729064941,-0.6133723258972168,-0.2659956216812134,-0.3252299427986145,-0.040709614753723145,-1.0],[-0.1285719871520996,0.2866036891937256,-0.6569769382476807,-0.2659956216812134,-0.4528891444206238,-0.040709614753723145,-1.0],[-0.1285719871520996,0.33021724224090576,-0.6395350694656372,-0.2659956216812134,-0.47112613916397095,-0.040709614753723145,-1.0],[-0.1285719871520996,0.32087159156799316,-0.6162792444229126,-0.2659956216812134,-0.4285730719566345,-0.040709614753723145,-1.0],[-0.08928626775741577,0.2897188663482666,-0.6017444133758545,-0.2659956216812134,-0.3617039918899536,-0.040709614753723145,-1.0]]]","[0.024519866332411766,0.030432116240262985,0.03119901567697525,0.030029794201254845,0.022533874958753586]","[0.018579090014100075,0.08426373451948166,0.006478193681687117,0.012733900919556618,0.003027641447260976,0.06901005655527115,0.00010791020758915693]",0.12976866960525513,0.03380228579044342,0.025202475488185883,0.0002725781814660877
N-L,N1800,36,14,libero_object,4,46,47,0.25,40,2026092101,0.07257212698459625,0.018669329583644867,"[0.019998766481876373,0.016975274309515953,0.015201948583126068,0.019333934411406517,0.02183672972023487]","[0.0056588780134916306,0.014539468102157116,0.013834870420396328,0.007562191225588322,0.07388997077941895,0.014987400732934475,0.0002125241153407842]",0.010972882620990276,"[0.014209788292646408,0.011616694740951061,0.009273085743188858,0.00917749386280775,0.010587353259325027]","[0.014026357792317867,0.005575263407081366,0.0038593211211264133,0.0001434340956620872,0.0495862141251564,0.003408926073461771,0.00021066356566734612]",0.01178619172424078,"[[[-0.20303195714950562,-0.012462414801120758,-0.6465343832969666,-0.1631564497947693,-0.2554178833961487,-0.15631961822509766,-1.025020956993103],[-0.20483224093914032,0.011474139988422394,-0.6469061374664307,-0.17847180366516113,-0.2674405872821808,-0.15381371974945068,-1.0029491186141968],[-0.21665534377098083,0.01469242200255394,-0.6426168084144592,-0.18651524186134338,-0.26360827684402466,-0.14201170206069946,-1.000715732574463],[-0.18870344758033752,0.012429911643266678,-0.6222944855690002,-0.18772080540657043,-0.26346808671951294,-0.1530887335538864,-1.0070459842681885],[-0.22206096351146698,0.020034704357385635,-0.6304925680160522,-0.20999035239219666,-0.24492156505584717,-0.14414547383785248,-1.0072978734970093]]]","[[[-0.1285719871520996,-0.16199421882629395,-0.5523258447647095,-0.2659956216812134,-0.06991147994995117,-0.040709614753723145,-1.0],[-0.17142915725708008,-0.08099734783172607,-0.6162792444229126,-0.2659956216812134,-0.06991147994995117,-0.040709614753723145,-1.0],[-0.22857189178466797,0.0031147003173828125,-0.668604850769043,-0.2659956216812134,-0.06991147994995117,-0.040709614753723145,-1.0],[-0.3357146978378296,0.02180635929107666,-0.738372266292572,-0.2659956216812134,-0.06991147994995117,-0.040709614753723145,-1.0],[-0.3642861247062683,0.1277252435684204,-0.7848838567733765,-0.2659956216812134,-0.06991147994995117,-0.040709614753723145,-1.0]]]","[0.013679934665560722,0.010012022219598293,0.00786423310637474,0.013063441962003708,0.014311326667666435]","[0.009728471748530865,0.008545990101993084,0.009559870697557926,0.006763396319001913,0.03580830618739128,0.011949673295021057,0.00014763254148419946]",0.0694902241230011,0.010716385208070278,0.012611589394509792,6.478101568063721e-05
N-L,N1800,36,15,libero_object,5,46,47,0.25,31,2026092101,0.10486346483230591,0.11565181612968445,"[0.11148512363433838,0.1110711544752121,0.11602559685707092,0.12031042575836182,0.11936679482460022]","[0.011340560391545296,0.009545738808810711,0.005909934639930725,0.0025314022786915302,0.034041877835989,0.7452918291091919,0.0009013700182549655]",0.07225175946950912,"[0.06460332870483398,0.06937096267938614,0.0717000961303711,0.07153979688882828,0.08404462784528732]","[0.007065679412335157,0.008087591268122196,0.0013948953710496426,0.0019278191030025482,0.016379615291953087,0.47074562311172485,0.00016111099103000015]",0.04506189376115799,"[[[-0.12097442150115967,0.014815524220466614,-0.5510252714157104,-0.09627881646156311,-0.30832433700561523,-0.5903270840644836,-1.0230751037597656],[-0.13177858293056488,0.03415542095899582,-0.5701082944869995,-0.10076501965522766,-0.33226338028907776,-0.5937485694885254,-1.0061805248260498],[-0.14971581101417542,0.03482789173722267,-0.5798726081848145,-0.09302650392055511,-0.34040987491607666,-0.5904824137687683,-1.005584716796875],[-0.12812760472297668,0.030597694218158722,-0.5773741006851196,-0.08431277424097061,-0.34657877683639526,-0.5932579636573792,-1.0094412565231323],[-0.15461669862270355,0.0351230762898922,-0.5977341532707214,-0.08477072417736053,-0.34292325377464294,-0.5883258581161499,-1.008772373199463]]]","[[[-0.1285719871520996,-0.07788211107254028,-0.6075583696365356,-0.2121238112449646,-0.2218867540359497,-1.109734296798706,-1.0],[-0.1285719871520996,-0.07476687431335449,-0.6453490257263184,-0.20538973808288574,-0.20972871780395508,-1.1274334192276,-1.0],[-0.1285719871520996,-0.09345841407775879,-0.6569769382476807,-0.18518781661987305,-0.20364969968795776,-1.1168140172958374,-1.0],[-0.16071486473083496,-0.1059194803237915,-0.668604850769043,-0.15825188159942627,-0.17325466871261597,-1.0955750942230225,-1.0],[-0.23571473360061646,-0.1059194803237915,-0.6860466599464417,-0.15825188159942627,-0.1793336272239685,-1.0743361711502075,-1.0]]]","[0.043293487280607224,0.046907760202884674,0.046728961169719696,0.04513454809784889,0.04324472323060036]","[0.0016307774931192398,0.01508884783834219,0.006184876896440983,0.008745315484702587,0.019598472863435745,0.26403138041496277,0.00015358805831056088]",0.10683762282133102,0.07715869694948196,0.04916059970855713,0.00016457142191939056
N-L,N1800,36,17,libero_object,7,46,47,0.25,34,2026092101,0.09502382576465607,0.09499882906675339,"[0.12429843842983246,0.11011544615030289,0.08939876407384872,0.08201450109481812,0.06916704773902893]","[0.060646165162324905,0.08401579409837723,0.02809963934123516,0.01598081737756729,0.21552859246730804,0.2601625621318817,0.0005583396996371448]",0.04874071106314659,"[0.057269830256700516,0.05428386852145195,0.04567689821124077,0.043116871267557144,0.04335609823465347]","[0.02469293586909771,0.03578193485736847,0.003779035760089755,0.003239439567551017,0.10836612433195114,0.13535216450691223,0.029973356053233147]",0.0586484894156456,"[[[-0.5329076051712036,-0.039176397025585175,-0.6766919493675232,-0.19520702958106995,-0.12838056683540344,-0.024653244763612747,-1.024512529373169],[-0.5027737617492676,-0.015851907432079315,-0.6417125463485718,-0.209962859749794,-0.13313457369804382,-0.025231627747416496,-1.0025593042373657],[-0.46734148263931274,-0.0007878802716732025,-0.5962813496589661,-0.22290343046188354,-0.12554749846458435,-0.01523386687040329,-1.0012141466140747],[-0.38563087582588196,-0.0009864456951618195,-0.5295127630233765,-0.22733989357948303,-0.10992405563592911,-0.03297553211450577,-1.00783109664917],[-0.3606889545917511,0.0077898576855659485,-0.4823942482471466,-0.25184643268585205,-0.09516246616840363,-0.02663288451731205,-1.0076736211776733]]]","[[[-0.7642858624458313,-0.31775736808776855,-0.7761629819869995,-0.07744407653808594,-0.5197582244873047,0.36636924743652344,-1.0],[-0.7500001788139343,-0.30218106508255005,-0.7703490257263184,-0.1178479790687561,-0.4832841753959656,0.36636924743652344,-1.0],[-0.7214287519454956,-0.23987573385238647,-0.738372266292572,-0.20538973808288574,-0.4285730719566345,0.36636924743652344,-1.0],[-0.6821430921554565,-0.19626212120056152,-0.7267443537712097,-0.2659956216812134,-0.3920990228652954,0.36636924743652344,-1.0],[-0.6464288234710693,-0.13084155321121216,-0.7005815505981445,-0.2659956216812134,-0.33130890130996704,0.3699091672897339,-1.0]]]","[0.0659402534365654,0.0634429082274437,0.05423811823129654,0.05794385075569153,0.05167734995484352]","[0.06975678354501724,0.0548212006688118,0.02662753127515316,0.004870892036706209,0.10059871524572372,0.1537185162305832,0.00014581978030037135]",0.09364286065101624,0.04809262603521347,0.05526198074221611,0.0005754593294113874
N-L,N1800,36,19,libero_object,9,46,47,0.25,33,2026092101,0.040780603885650635,0.004832780454307795,"[0.009391238912940025,0.004833999555557966,0.004120198078453541,0.003524715080857277,0.002293751807883382]","[0.010420668870210648,0.0012255968758836389,0.001977504463866353,0.002444831421598792,0.004435139242559671,0.012497017160058022,0.0008287049713544548]",0.00152652058750391,"[0.0018985274946317077,0.0018342939438298345,0.0028031303081661463,0.00044294566032476723,0.0006537063745781779]","[0.0006439238204620779,0.000676949683111161,0.0015929427463561296,0.0012090593809261918,0.001500302809290588,0.004963662009686232,9.88039537332952e-05]",0.003981309477239847,"[[[-0.15025967359542847,0.019060224294662476,-0.6332800984382629,-0.11431889981031418,-0.11252731829881668,-0.14446255564689636,-1.0177268981933594],[-0.15199348330497742,0.03870642930269241,-0.6381495594978333,-0.12355765700340271,-0.12273113429546356,-0.1421651989221573,-1.0009843111038208],[-0.16190379858016968,0.04255425184965134,-0.6387300491333008,-0.12135137617588043,-0.12161453813314438,-0.13032719492912292,-1.0016103982925415],[-0.13852843642234802,0.0340200774371624,-0.6276962757110596,-0.11153153330087662,-0.11777442693710327,-0.13940253853797913,-1.0076582431793213],[-0.16495513916015625,0.039327897131443024,-0.6398587822914124,-0.12244731187820435,-0.11359269917011261,-0.132966548204422,-1.0049265623092651]]]","[[[-0.1285719871520996,0.02180635929107666,-0.7209303975105286,-0.2188577651977539,-0.1793336272239685,-0.17168277502059937,-1.0],[-0.1285719871520996,0.02180635929107666,-0.758721113204956,-0.19192183017730713,-0.1793336272239685,-0.16460317373275757,-1.0],[-0.14285767078399658,0.018691062927246094,-0.7732559442520142,-0.14478391408920288,-0.17325466871261597,-0.15752357244491577,-1.0],[-0.21071475744247437,0.02180635929107666,-0.7761629819869995,-0.16498583555221558,-0.16717565059661865,-0.1362847089767456,-1.0],[-0.2785719037055969,0.02180635929107666,-0.7645350694656372,-0.19865578413009644,-0.10030657052993774,-0.11150598526000977,-1.0]]]","[0.0035153022035956383,0.00339337345212698,0.003283920930698514,0.004681230988353491,0.005032718181610107]","[0.0039002622943371534,0.00026375692686997354,0.015580765902996063,0.004963242448866367,0.0025901261251419783,0.0004908645641990006,8.014497871045023e-05]",0.041128113865852356,0.0010976725025102496,0.0032472671009600163,0.0003591505519580096
N-L,N1800,36,20,libero_goal,0,46,47,0.25,31,2026092101,0.0461171492934227,0.030205504968762398,"[0.012484335340559483,0.014939120039343834,0.027285844087600708,0.04499178007245064,0.0513264499604702]","[0.01621878705918789,0.0007924289675429463,0.012124517932534218,0.030106237158179283,0.1461966633796692,0.004249985795468092,0.0017499203095212579]",0.019907284528017044,"[0.007381022442132235,0.009260350838303566,0.01781480945646763,0.028975501656532288,0.03610473871231079]","[0.013851465657353401,0.0006515461136586964,0.001780447899363935,0.03365859016776085,0.07781316339969635,0.010819397866725922,0.000776367902290076]",0.024975493550300598,"[[[0.009175390005111694,0.02261815220117569,-0.14879374206066132,-0.8913781642913818,0.5209437608718872,0.7303358912467957,-1.0177358388900757],[0.030219806358218193,0.03339802473783493,-0.145366370677948,-0.884095311164856,0.5428583025932312,0.7048804759979248,-1.003275990486145],[0.05588102340698242,0.02965240180492401,-0.13561326265335083,-0.8764700889587402,0.5811831951141357,0.6912165284156799,-1.0031856298446655],[0.11024188995361328,0.014388743788003922,-0.12071763724088669,-0.8546666502952576,0.6179658770561218,0.6674509644508362,-1.0066317319869995],[0.12473955750465393,0.008610371500253677,-0.11811259388923645,-0.8462360501289368,0.6606448292732239,0.6466088891029358,-1.0110570192337036]]]","[[[0.07499933242797852,0.02180635929107666,-0.2034887671470642,-0.8922562599182129,0.7629129886627197,0.7734483480453491,-1.0],[0.07499933242797852,0.02180635929107666,-0.2151166796684265,-0.8855222463607788,0.8601770401000977,0.7592891454696655,-1.0],[0.07499933242797852,0.02180635929107666,-0.2296515703201294,-0.8720543384552002,0.9635201692581177,0.738050103187561,-1.0],[0.06785643100738525,0.02180635929107666,-0.2500004172325134,-0.8653203248977661,1.0729424953460693,0.7238909006118774,-1.0],[0.0642850399017334,0.02180635929107666,-0.2674422860145569,-0.8518523573875427,1.188443660736084,0.7097315788269043,-1.0]]]","[0.009721159003674984,0.01580984890460968,0.022524980828166008,0.032701753079891205,0.044119734317064285]","[0.0024309565778821707,8.514824730809778e-05,0.011142648756504059,3.3469947084086016e-05,0.15819944441318512,0.0028364621102809906,0.00010033557191491127]",0.05331915616989136,0.029209565371274948,0.04122110828757286,0.0024703098461031914
N-L,N1800,36,21,libero_goal,1,46,47,0.25,28,2026092101,0.07874862849712372,0.05568605288863182,"[0.061092447489500046,0.05137721821665764,0.04947952181100845,0.057488489896059036,0.058992575854063034]","[0.16177737712860107,0.018116282299160957,0.0009102438925765455,0.13275066018104553,0.05112864449620247,0.024924173951148987,0.00019495644664857537]",0.031163744628429413,"[0.029652852565050125,0.030788810923695564,0.030112016946077347,0.03249193727970123,0.03277311474084854]","[0.0662192553281784,0.016947902739048004,0.00023698096629232168,0.0969080701470375,0.017129119485616684,0.01989363133907318,0.0008112505893222988]",0.0319913849234581,"[[[-0.4439212679862976,-0.030144214630126953,-0.9879243969917297,-0.11632226407527924,-0.30218303203582764,-0.08535739034414291,-1.0237691402435303],[-0.4830527901649475,-0.013240337371826172,-0.9774691462516785,-0.12299616634845734,-0.3072606921195984,-0.08460500836372375,-1.001673698425293],[-0.5201787948608398,-0.012096162885427475,-0.9620933532714844,-0.12018582969903946,-0.300775945186615,-0.07931013405323029,-0.9984383583068848],[-0.5165778994560242,-0.023038003593683243,-0.9335720539093018,-0.10924854874610901,-0.2833285927772522,-0.096134714782238,-1.0049744844436646],[-0.5593439936637878,-0.019121203571558,-0.9098297357559204,-0.13270272314548492,-0.2570955455303192,-0.09431867301464081,-1.0047000646591187]]]","[[[-0.7357144355773926,-0.11838054656982422,-1.034883737564087,0.010097742080688477,-0.11246448755264282,0.09380340576171875,-1.0],[-0.7571430206298828,-0.14953315258026123,-1.034883737564087,0.043767690658569336,-0.10638552904129028,0.10796260833740234,-1.0],[-0.7642858624458313,-0.1682247519493103,-1.034883737564087,0.0572357177734375,-0.08814853429794312,0.11504232883453369,-1.0],[-0.8142858743667603,-0.19626212120056152,-1.034883737564087,0.08417153358459473,-0.06991147994995117,0.11858212947845459,-1.0],[-0.8678572177886963,-0.22429949045181274,-1.034883737564087,0.07743752002716064,-0.06991147994995117,0.11504232883453369,-1.0]]]","[0.02568182907998562,0.02889196202158928,0.029103854671120644,0.03685528039932251,0.03942399471998215]","[0.08073347806930542,0.024568449705839157,0.0073405238799750805,0.03136817365884781,0.04042782261967659,0.03937782347202301,0.0001234096271218732]",0.074863500893116,0.03583149239420891,0.04052182286977768,0.00071354751707986
N-L,N1800,36,22,libero_goal,2,46,47,0.25,26,2026092101,0.04678850248456001,0.17133305966854095,"[0.01696893200278282,0.18574000895023346,0.6087969541549683,0.0340263731777668,0.011132996529340744]","[0.02417064644396305,0.0028757606633007526,0.003090205602347851,0.0023356813471764326,0.06184644252061844,0.0002111071953549981,1.1048015356063843]",0.0715148001909256,"[0.016113584861159325,0.03227856382727623,0.08811704814434052,0.1357734054327011,0.08529140055179596]","[0.0246064942330122,0.0019443109631538391,0.0044293031096458435,0.001791020156815648,0.03482457250356674,0.0016636562068015337,0.43134424090385437]",0.16599565744400024,"[[[-0.6890867352485657,-0.04320713132619858,-0.5909862518310547,-0.19980566203594208,-0.14653180539608002,-0.09128755331039429,-1.0156853199005127],[-0.6240084767341614,-0.019055552780628204,-0.5382174849510193,-0.1999305635690689,-0.1356017291545868,-0.08807060122489929,0.2377326488494873],[-0.5397400259971619,-0.004629269242286682,-0.4707602560520172,-0.20820336043834686,-0.1107378676533699,-0.07924053817987442,1.0041279792785645],[-0.4008503556251526,0.0033927075564861298,-0.36173415184020996,-0.21523568034172058,-0.09164586663246155,-0.10512515902519226,1.0014530420303345],[-0.3280753493309021,0.019442982971668243,-0.2817941904067993,-0.2483435869216919,-0.08686285465955734,-0.11010006815195084,1.0075955390930176]]]","[[[-0.6321431398391724,0.0031147003173828125,-0.6395350694656372,-0.2659956216812134,-0.33738791942596436,-0.040709614753723145,-1.0],[-0.5642859935760498,-0.003115832805633545,-0.5988373756408691,-0.2659956216812134,-0.30699288845062256,-0.040709614753723145,-1.0],[-0.5142860412597656,-0.01869213581085205,-0.5639537572860718,-0.2659956216812134,-0.2826768159866333,-0.040709614753723145,-1.0],[-0.46428608894348145,-0.03426837921142578,-0.5145351886749268,-0.2659956216812134,-0.2583608031272888,-0.040709614753723145,0.9999990463256836],[-0.41071468591690063,-0.04984474182128906,-0.4593026041984558,-0.2659956216812134,-0.19149166345596313,-0.040709614753723145,0.9999990463256836]]]","[0.007336657494306564,0.22506575286388397,0.5800639986991882,0.0090446462854743,0.008467258885502815]","[0.0036621212493628263,0.0017633393872529268,0.013914835639297962,0.0029947629664093256,0.026821007952094078,0.0030500441789627075,1.1097633838653564]",0.04328099638223648,0.0808296650648117,0.12102703750133514,0.04424886777997017
N-L,N1800,36,25,libero_goal,5,46,47,0.25,35,2026092101,0.030974378809332848,0.021769503131508827,"[0.00888456217944622,0.015960052609443665,0.02095727249979973,0.029313739389181137,0.033731888979673386]","[0.02945072017610073,0.04410383850336075,0.001789561822079122,0.0367048904299736,0.03738386556506157,0.001717731007374823,0.0012359190732240677]",0.008299419656395912,"[0.0028015978168696165,0.004253103863447905,0.0074784886091947556,0.012455631978809834,0.014508278109133244]","[0.0158180333673954,0.014166230335831642,0.001680979854427278,0.007831941358745098,0.017543045803904533,0.0001623767166165635,0.0008933292701840401]",0.016773737967014313,"[[[-0.13240568339824677,-0.05921179801225662,-0.6901721954345703,-0.013602608814835548,-0.4443747401237488,-0.08186326920986176,-1.0165808200836182],[-0.1262582689523697,-0.03535405546426773,-0.6911393404006958,-0.010366801172494888,-0.4606804847717285,-0.08334735035896301,-1.0024192333221436],[-0.12586373090744019,-0.025114726275205612,-0.6846256852149963,0.0075514055788517,-0.4633263349533081,-0.0797477513551712,-1.0027077198028564],[-0.09567767381668091,-0.03023405745625496,-0.6652585864067078,0.026732362806797028,-0.4516802728176117,-0.0993381142616272,-1.006034016609192],[-0.11201455444097519,-0.017907071858644485,-0.661902129650116,0.021525971591472626,-0.42149049043655396,-0.09944084286689758,-1.0081596374511719]]]","[[[-0.110714852809906,-0.1059194803237915,-0.758721113204956,-0.24579370021820068,-0.3799409866333008,-0.040709614753723145,-1.0],[-0.07142913341522217,-0.05919051170349121,-0.7296513319015503,-0.2659956216812134,-0.3495458960533142,-0.040709614753723145,-1.0],[-0.010714948177337646,-0.028037965297698975,-0.697674572467804,-0.2659956216812134,-0.30699288845062256,-0.040709614753723145,-1.0],[0.03214216232299805,-5.364418029785156e-07,-0.668604850769043,-0.2659956216812134,-0.2462027668952942,-0.040709614753723145,-1.0],[0.042856454849243164,0.0031147003173828125,-0.6627908945083618,-0.2659956216812134,-0.17325466871261597,-0.040709614753723145,-1.0]]]","[0.009626287035644054,0.012082630768418312,0.016319643706083298,0.02123536728322506,0.02460476942360401]","[0.011411783285439014,0.0008228620863519609,0.0012728775618597865,0.07248901575803757,0.028956955298781395,0.002384446794167161,7.821941835572943e-05]",0.03457384184002876,0.008565781638026237,0.016649426892399788,3.694240513141267e-05
N-L,N1800,36,28,libero_goal,8,46,47,0.25,23,2026092101,0.07442358881235123,0.05198988318443298,"[0.05156468227505684,0.044965002685785294,0.044634751975536346,0.06422187387943268,0.05456312745809555]","[0.20032678544521332,0.05063759908080101,0.028342893347144127,0.00201210449449718,0.0598485954105854,0.022729789838194847,3.141809065709822e-05]",0.024136515334248543,"[0.022298622876405716,0.02386113815009594,0.02131233923137188,0.02901194430887699,0.02419852465391159]","[0.09088438004255295,0.027010221034288406,0.018525974825024605,0.000841963046696037,0.027533626183867455,0.0038752928376197815,0.00028413732070475817]",0.027327748015522957,"[[[-0.46497493982315063,-0.01653648167848587,-0.9249325394630432,-0.20228439569473267,-0.17667880654335022,-0.12126107513904572,-1.026611328125],[-0.4815274477005005,0.0022872835397720337,-0.9040155410766602,-0.21531648933887482,-0.1824786514043808,-0.1212046891450882,-0.9996048808097839],[-0.4922693073749542,0.004349920898675919,-0.8739791512489319,-0.22159487009048462,-0.17525412142276764,-0.11427604407072067,-0.9954769611358643],[-0.4697292745113373,-0.003110259771347046,-0.8298096656799316,-0.22100159525871277,-0.16473063826560974,-0.13031789660453796,-1.002938985824585],[-0.48864415287971497,0.0035210512578487396,-0.792701780796051,-0.23998190462589264,-0.15329338610172272,-0.12857703864574432,-0.9984754323959351]]]","[[[-0.7321430444717407,-0.08099734783172607,-1.034883737564087,-0.2659956216812134,-0.3860200047492981,-0.15752357244491577,-1.0],[-0.7607144117355347,-0.07476687431335449,-1.034883737564087,-0.2659956216812134,-0.3860200047492981,-0.15752357244491577,-1.0],[-0.7857143878936768,-0.11526530981063843,-1.034883737564087,-0.2659956216812134,-0.36778295040130615,-0.16460317373275757,-1.0],[-0.8142858743667603,-0.24610626697540283,-1.034883737564087,-0.2659956216812134,-0.3556249737739563,-0.18938195705413818,-1.0],[-0.7178573608398438,-0.33644890785217285,-1.034883737564087,-0.2659956216812134,-0.24012374877929688,-0.21770048141479492,-1.0]]]","[0.019647037610411644,0.02090369537472725,0.023985737934708595,0.03739771246910095,0.03470455855131149]","[0.08133842796087265,0.039805393666028976,0.031162703409790993,0.002260019537061453,0.03326006606221199,0.003319680457934737,0.0001479477359680459]",0.06907713413238525,0.025140084326267242,0.028362145647406578,5.8135025028605014e-05
N-L,N1800,36,29,libero_goal,9,46,47,0.25,48,2026092101,0.04654177650809288,0.05140043422579765,"[0.08160513639450073,0.06920970976352692,0.050800420343875885,0.03127005696296692,0.024116840213537216]","[0.021993258967995644,0.059913720935583115,0.005926130339503288,0.18480847775936127,0.04292363300919533,0.0425393246114254,0.0016984905814751983]",0.04078730195760727,"[0.05655167996883392,0.05376081541180611,0.0442468598484993,0.02736245095729828,0.02201472409069538]","[0.0011731619015336037,0.026187587529420853,0.002739856019616127,0.1977122277021408,0.012235603295266628,0.045323003083467484,0.00013968819985166192]",0.0336250364780426,"[[[-0.01066296175122261,-0.2998712658882141,-0.28373169898986816,-0.13001200556755066,-0.3095988929271698,-0.0873880535364151,-0.998836874961853],[0.012687320820987225,-0.27712127566337585,-0.28231799602508545,-0.1271832436323166,-0.3346518278121948,-0.09253539890050888,-0.9908853769302368],[0.03661182522773743,-0.2663438320159912,-0.2711701989173889,-0.11042708158493042,-0.3533942997455597,-0.09989786148071289,-0.9902744293212891],[0.08951619267463684,-0.25237971544265747,-0.2562638819217682,-0.090437151491642,-0.36821696162223816,-0.12230552732944489,-0.9928665161132812],[0.10866189748048782,-0.24310843646526337,-0.2508164942264557,-0.08460039645433426,-0.3657376170158386,-0.12762227654457092,-0.9930546283721924]]]","[[[-0.0928577184677124,-0.6074768304824829,-0.3343026638031006,0.15824544429779053,-0.015200436115264893,0.09380340576171875,-1.0],[-0.1285719871520996,-0.5669784545898438,-0.31104689836502075,0.15824544429779053,-0.0395163893699646,0.015927433967590332,-1.0],[-0.1285719871520996,-0.5233647227287292,-0.29941898584365845,0.11784148216247559,-0.051674485206604004,-0.019470691680908203,-1.0],[-0.1285719871520996,-0.4236763119697571,-0.2790701985359192,0.010097742080688477,-0.06991147994995117,-0.040709614753723145,-1.0],[-0.1285719871520996,-0.3239879012107849,-0.26162832975387573,-0.08417803049087524,-0.06991147994995117,-0.040709614753723145,-1.0]]]","[0.04378987103700638,0.04074549674987793,0.03483542054891586,0.026175329461693764,0.022579092532396317]","[0.03156764432787895,0.05611642822623253,0.0009635580936446786,0.045355174690485,0.08826189488172531,0.013054953888058662,5.562814112636261e-05]",0.04662676155567169,0.04084663465619087,0.03920451179146767,0.0015189622063189745
N-L,N1800,36,32,libero_10,2,46,47,0.25,64,2026092101,0.07617605477571487,0.048164431005716324,"[0.11681053042411804,0.030442241579294205,0.028780318796634674,0.034778740257024765,0.03001033328473568]","[0.010465790517628193,0.08316037058830261,0.017881987616419792,0.04232635349035263,0.045068275183439255,0.00037784126470796764,0.1378704160451889]",0.03365010768175125,"[0.056240033358335495,0.03521433472633362,0.02730507217347622,0.026351429522037506,0.023139681667089462]","[0.010489553213119507,0.03594529628753662,0.016210244968533516,0.019111109897494316,0.03447490930557251,0.00017146795289590955,0.11914818733930588]",0.1389802098274231,"[[[-0.1886163353919983,0.04517326503992081,-0.2455970048904419,-0.25838813185691833,-0.03822939842939377,-0.0806087926030159,-1.0025684833526611],[-0.16137008368968964,0.04193801432847977,-0.19815009832382202,-0.2624559998512268,-0.011072108522057533,-0.07755010575056076,1.005536675453186],[-0.14694960415363312,0.04054073244333267,-0.13716593384742737,-0.2620019316673279,0.02464113011956215,-0.0699097067117691,1.0115137100219727],[-0.10860583186149597,0.03210988640785217,-0.07905466854572296,-0.260212242603302,0.047883469611406326,-0.08527330309152603,1.0101920366287231],[-0.11094408482313156,0.03598089888691902,-0.04881735146045685,-0.27765578031539917,0.083092100918293,-0.07928357273340225,1.0183601379394531]]]","[[[-0.1285719871520996,0.24922049045562744,-0.09593069553375244,-0.40740931034088135,0.13069581985473633,-0.040709614753723145,0.9999990463256836],[-0.1285719871520996,0.24299001693725586,-0.04651212692260742,-0.4410792589187622,0.20364391803741455,-0.040709614753723145,0.9999990463256836],[-0.10357201099395752,0.23675942420959473,-0.017442405223846436,-0.4612812399864197,0.3069871664047241,-0.040709614753723145,0.9999990463256836],[-0.060714900493621826,0.22741377353668213,-0.017442405223846436,-0.4814831614494324,0.392093300819397,-0.040709614753723145,0.9999990463256836],[-0.046429216861724854,0.2024916410446167,-0.017442405223846436,-0.49495112895965576,0.4285672903060913,-0.040709614753723145,0.9999990463256836]]]","[0.5900360941886902,0.02055554836988449,0.025019126012921333,0.03053775057196617,0.02875255048274994]","[0.0026036726776510477,0.03728568181395531,0.012901651673018932,0.03800078481435776,0.07843829691410065,0.0014551368076354265,0.8021761775016785]",0.07773856818675995,0.03840460628271103,0.14049643278121948,0.0001019542251015082
N-L,N1800,36,34,libero_10,4,46,47,0.25,68,2026092101,0.12853731215000153,0.05662851780653,"[0.03316020965576172,0.050079330801963806,0.06139380857348442,0.07537852972745895,0.06313072890043259]","[0.2118617296218872,0.05645861104130745,0.009812329895794392,0.10176930576562881,0.010389519855380058,0.005882355384528637,0.0002257890155306086]",0.03745698183774948,"[0.025365712121129036,0.03383418545126915,0.04090918228030205,0.04640646278858185,0.04076937586069107]","[0.11517474800348282,0.05188596248626709,0.00289667840115726,0.06587617844343185,0.023865072056651115,0.0024707249831408262,2.9502774850698188e-05]",0.047542523592710495,"[[[0.7725536227226257,-0.5204734802246094,0.02847868949174881,-0.06711767613887787,-0.1921948492527008,-0.29448652267456055,1.0138331651687622],[0.7673521041870117,-0.47017499804496765,0.004086531698703766,-0.05047304555773735,-0.1920904666185379,-0.30044254660606384,1.0170576572418213],[0.7573122978210449,-0.44024884700775146,-0.012884438037872314,-0.025713078677654266,-0.18339800834655762,-0.3020475208759308,1.0146814584732056],[0.756890594959259,-0.4123748242855072,-0.024917788803577423,-0.003526248037815094,-0.18057754635810852,-0.3098613917827606,1.011137843132019],[0.7249979972839355,-0.3898775577545166,-0.049383074045181274,0.0212235227227211,-0.16617898643016815,-0.31498217582702637,1.0153005123138428]]]","[[[0.4535706043243408,-0.6542057991027832,-0.017442405223846436,-0.09091198444366455,-0.30699288845062256,-0.040709614753723145,0.9999990463256836],[0.37142765522003174,-0.7009347081184387,-0.017442405223846436,0.0033638477325439453,-0.24012374877929688,-0.040709614753723145,0.9999990463256836],[0.31428492069244385,-0.7102804780006409,-0.08430278301239014,0.09090554714202881,-0.20364969968795776,-0.040709614753723145,0.9999990463256836],[0.26428496837615967,-0.6915888786315918,-0.13372141122817993,0.11784148216247559,-0.1854127049446106,-0.040709614753723145,0.9999990463256836],[0.23928487300872803,-0.6510905027389526,-0.17151212692260742,0.11784148216247559,-0.16109663248062134,-0.040709614753723145,0.9999990463256836]]]","[0.028583159670233727,0.04048964008688927,0.05097343400120735,0.05996847152709961,0.05769791081547737]","[0.1866714209318161,0.058048833161592484,0.006885311100631952,0.00822592806071043,0.0031890252139419317,0.06956590712070465,0.00021123199257999659]",0.12785065174102783,0.03543825075030327,0.045483678579330444,0.000257729523582384
N-L,N1800,36,35,libero_10,5,46,47,0.25,41,2026092101,0.08490004390478134,0.02315722592175007,"[0.0169809702783823,0.02221526950597763,0.024709949269890785,0.02401501126587391,0.02786492370069027]","[0.08394315093755722,0.005882373079657555,0.0034196542110294104,0.01029794942587614,0.05453900247812271,0.0038636543322354555,0.00015477991837542504]",0.01193650159984827,"[0.00988838542252779,0.01040756143629551,0.012808555737137794,0.011986235156655312,0.014591771177947521]","[0.054207682609558105,0.004015281330794096,0.002977647352963686,0.0018740752711892128,0.01854110136628151,0.0016864091157913208,0.00025331199867650867]",0.012562881223857403,"[[[-0.26825258135795593,0.019050821661949158,-0.5985068082809448,-0.11471552401781082,-0.08089041709899902,-0.25486254692077637,-1.0244855880737305],[-0.2620609700679779,0.036924272775650024,-0.5893934369087219,-0.11691547930240631,-0.09094636142253876,-0.25014278292655945,-1.003320574760437],[-0.2584381401538849,0.037561483681201935,-0.5752921104431152,-0.10678954422473907,-0.08652215451002121,-0.2370421588420868,-1.0019762516021729],[-0.2211400270462036,0.028482891619205475,-0.5497756004333496,-0.09264242649078369,-0.08485890924930573,-0.24271373450756073,-1.011667013168335],[-0.23540173470973969,0.037761982530355453,-0.5395038723945618,-0.10347666591405869,-0.08427783101797104,-0.2310594916343689,-1.0028973817825317]]]","[[[-0.1285719871520996,-0.06230580806732178,-0.6540700197219849,-0.2659956216812134,0.047616004943847656,-0.15870356559753418,-1.0],[-0.1285719871520996,-0.04984474182128906,-0.6656979322433472,-0.2659956216812134,0.03545808792114258,-0.13038498163223267,-1.0],[-0.1285719871520996,-0.021807432174682617,-0.659883975982666,-0.2659956216812134,0.03951060771942139,-0.10914605855941772,-1.0],[-0.1285719871520996,-0.03426837921142578,-0.6511629819869995,-0.2659956216812134,0.051668763160705566,-0.09262692928314209,-1.0],[-0.14285767078399658,-0.05607527494430542,-0.6482560634613037,-0.2659956216812134,0.059774041175842285,-0.08318740129470825,-1.0]]]","[0.011208930984139442,0.011960925534367561,0.012162547558546066,0.01344846747815609,0.014033539220690727]","[0.014265689067542553,0.006083116866648197,0.007634373847395182,0.025384176522493362,0.01755339838564396,0.016867620870471,0.00015179796901065856]",0.08346766233444214,0.012317359447479248,0.013006751425564289,2.6022287784144282e-05
N-L,N1800,36,36,libero_10,6,46,47,0.25,66,2026092101,0.17121845483779907,0.015031181275844574,"[0.019355501979589462,0.014472400769591331,0.012462547980248928,0.014557905495166779,0.014307552017271519]","[0.04499545320868492,0.027927447110414505,0.01716919057071209,0.007904051803052425,0.0010426881490275264,0.004009911324828863,0.00216953014023602]",0.024420613422989845,"[0.023417634889483452,0.024168122559785843,0.02479827031493187,0.024884914979338646,0.024834129959344864]","[0.0297491904348135,0.01966719701886177,0.029478827491402626,0.015276946127414703,0.008871769532561302,0.002495449734851718,0.06540491431951523]",0.010728180408477783,"[[[-0.3146991729736328,-0.022661104798316956,-0.4104674160480499,-0.18099084496498108,-0.06329909712076187,-0.04120011255145073,-1.0252071619033813],[-0.30154159665107727,0.0020378902554512024,-0.39325034618377686,-0.1914057731628418,-0.06973139941692352,-0.042368315160274506,-1.0013538599014282],[-0.28925490379333496,0.0075407475233078,-0.3533245027065277,-0.20383119583129883,-0.06980430334806442,-0.03211671859025955,-1.0005193948745728],[-0.23794594407081604,0.0032727718353271484,-0.31822317838668823,-0.20337459444999695,-0.067873015999794,-0.047112785279750824,-1.0065817832946777],[-0.22999393939971924,0.009157635271549225,-0.2955493927001953,-0.2240452766418457,-0.061334021389484406,-0.04463431239128113,-1.000788688659668]]]","[[[-0.4857146143913269,-0.19937735795974731,-0.24709343910217285,-0.20538973808288574,-0.06991147994995117,-0.05486893653869629,-1.0],[-0.4785717725753784,-0.1869162917137146,-0.33139568567276,-0.17171990871429443,-0.06991147994995117,-0.04424941539764404,-1.0],[-0.4785717725753784,-0.12772637605667114,-0.40116310119628906,-0.17845386266708374,-0.06991147994995117,-0.040709614753723145,-1.0],[-0.47142893075942993,-0.09968894720077515,-0.4302328824996948,-0.18518781661987305,-0.06991147994995117,-0.040709614753723145,-1.0],[-0.4500003457069397,-0.046729445457458496,-0.46511656045913696,-0.2255917191505432,-0.06991147994995117,-0.040709614753723145,-1.0]]]","[0.012661034241318703,0.010180328972637653,0.008163533173501492,0.011154403910040855,0.011481599882245064]","[0.0398687943816185,0.01979079842567444,0.01482095755636692,0.0003919997252523899,2.4299130018334836e-05,6.412340007955208e-05,0.00013628913438878953]",0.17012877762317657,0.02226804755628109,0.010230804793536663,3.811076749116182e-05
N-L,N1800,36,37,libero_10,7,46,47,0.25,62,2026092101,0.07351620495319366,0.11919277906417847,"[0.08571042120456696,0.11329840123653412,0.13293525576591492,0.1286916583776474,0.13532815873622894]","[0.16202029585838318,0.0013490690616890788,0.45124611258506775,0.010217894800007343,0.20599901676177979,0.0010713087394833565,0.002445697085931897]",0.05562740936875343,"[0.04649530351161957,0.05477480590343475,0.06160148233175278,0.05582436919212341,0.059441108256578445]","[0.08852829039096832,0.00047251704381778836,0.20568549633026123,0.005666079465299845,0.08866371959447861,0.00031182001112028956,6.396642856998369e-05]",0.07002679258584976,"[[[-0.10574842989444733,0.8541339635848999,0.6424566507339478,-0.09725817292928696,-0.23413313925266266,-0.19083455204963684,1.0005769729614258],[-0.10282696038484573,0.8886265754699707,0.5993026494979858,-0.08099959790706635,-0.23815606534481049,-0.18538595736026764,1.0120134353637695],[-0.10667946934700012,0.8992237448692322,0.5613155961036682,-0.05607837438583374,-0.22447605431079865,-0.16776612401008606,1.0139049291610718],[-0.07347553968429565,0.9078831672668457,0.5284538865089417,-0.026529788970947266,-0.21530060470104218,-0.1777559518814087,1.0085525512695312],[-0.09917158633470535,0.9251289963722229,0.4725809395313263,-0.02214137464761734,-0.19906730949878693,-0.16017013788223267,1.006170630455017]]]","[[[0.21785640716552734,0.8380053043365479,0.999998927116394,-0.19192183017730713,0.18540692329406738,-0.040709614753723145,0.9999990463256836],[0.21071362495422363,0.8535815477371216,0.999998927116394,-0.15825188159942627,0.20972299575805664,-0.040709614753723145,0.9999990463256836],[0.1892850399017334,0.878503680229187,0.999998927116394,-0.13131588697433472,0.22188103199005127,-0.040709614753723145,0.9999990463256836],[0.1892850399017334,0.9190021753311157,0.9505802392959595,-0.2390596866607666,0.22188103199005127,-0.040709614753723145,0.9999990463256836],[0.16785645484924316,0.9314632415771484,0.9156967401504517,-0.2659956216812134,0.22188103199005127,-0.040709614753723145,0.9999990463256836]]]","[0.0629042312502861,0.06967607885599136,0.07167134433984756,0.07178699970245361,0.07409529387950897]","[0.08619397133588791,0.00041627275641076267,0.17107586562633514,0.02504473365843296,0.18883387744426727,0.018532922491431236,8.986080501927063e-05]",0.0734286978840828,0.05653435364365578,0.07583145052194595,0.00029239041032269597
N-L,N1800,36,38,libero_10,8,46,47,0.25,98,2026092101,0.03092760406434536,0.013026504777371883,"[0.03936284780502319,0.007560472935438156,0.0056209382601082325,0.005767522845417261,0.0068207429721951485]","[0.015064737759530544,0.0026821233332157135,0.007934719324111938,0.0004914082819595933,0.008466329425573349,0.0007528892019763589,0.05579332634806633]",0.03576868027448654,"[0.05954192206263542,0.04048755392432213,0.031076574698090553,0.026473157107830048,0.021264199167490005]","[0.012917647138237953,0.0014794591115787625,0.003600343829020858,0.00030520648579113185,0.0039060991257429123,0.00010448949615238234,0.2280675172805786]",0.12154615670442581,"[[[-0.18441666662693024,0.09193987399339676,-0.1740427315235138,-0.23150403797626495,-0.07296901941299438,-0.13876448571681976,-1.0262649059295654],[-0.17159919440746307,0.09206976741552353,-0.12482459843158722,-0.23743963241577148,-0.07884577661752701,-0.15476197004318237,1.0242713689804077],[-0.15657466650009155,0.08615037053823471,-0.08342193067073822,-0.2374192625284195,-0.07722271978855133,-0.1542048454284668,1.020249605178833],[-0.1202833354473114,0.07683242112398148,-0.047858767211437225,-0.23984406888484955,-0.08460037410259247,-0.18114802241325378,1.0078083276748657],[-0.12040580809116364,0.08205562829971313,-0.034834980964660645,-0.2501507103443146,-0.08388835936784744,-0.18380822241306305,1.015315055847168]]]","[[[-0.1285719871520996,0.09345734119415283,-0.2034887671470642,-0.2659956216812134,-0.06991147994995117,-0.040709614753723145,0.9999990463256836],[-0.1285719871520996,0.0965726375579834,-0.15697723627090454,-0.2659956216812134,-0.02127939462661743,-0.040709614753723145,0.9999990463256836],[-0.07142913341522217,0.07165050506591797,-0.03197723627090454,-0.2659956216812134,0.03951060771942139,-0.040709614753723145,0.9999990463256836],[-0.032143473625183105,0.03738260269165039,-0.017442405223846436,-0.2659956216812134,0.01519465446472168,-0.05840873718261719,0.9999990463256836],[-0.010714948177337646,0.024921536445617676,-0.017442405223846436,-0.2659956216812134,0.01519465446472168,-0.06902807950973511,0.9999990463256836]]]","[0.5886496305465698,0.0029474040493369102,0.005405871197581291,0.005145563744008541,0.005582350771874189]","[0.006404090207070112,0.0010106834815815091,0.0011550149647518992,0.0007513374439440668,0.007345280144363642,0.01274865586310625,0.821408212184906]",0.03197385370731354,0.03658401593565941,0.1223112940788269,3.116134394076653e-05
N-L,N1800,36,42,libero_90,2,46,47,0.25,28,2026092101,0.04874929040670395,0.022904066368937492,"[0.015239777974784374,0.02036176063120365,0.021888036280870438,0.02563604898750782,0.03139471262693405]","[0.018784629181027412,0.005765512119978666,0.00935663003474474,0.014855700545012951,0.07529515027999878,0.035970401018857956,0.0003004345635417849]",0.01502227783203125,"[0.013822215609252453,0.013744290918111801,0.013557317666709423,0.016361286863684654,0.017626281827688217]","[0.013409184291958809,0.002402376150712371,0.0024582245387136936,0.003229669528082013,0.06103477627038956,0.02194390632212162,0.0006778202368877828]",0.01744902692735195,"[[[-0.1689085215330124,-0.14693036675453186,-0.7285560965538025,-0.2737784683704376,-0.5440497994422913,-0.06107508763670921,-1.020482063293457],[-0.1780901849269867,-0.12821164727210999,-0.7198256254196167,-0.280631422996521,-0.5559087991714478,-0.059323567897081375,-1.0006953477859497],[-0.1905442774295807,-0.1276630163192749,-0.7027872800827026,-0.2783817648887634,-0.5498790740966797,-0.05276460200548172,-1.0005468130111694],[-0.17299190163612366,-0.1359037160873413,-0.6781180500984192,-0.2712686061859131,-0.5371262431144714,-0.06266725808382034,-1.006606936454773],[-0.1932271271944046,-0.1276863068342209,-0.6636000871658325,-0.2797234058380127,-0.5051840543746948,-0.061095889657735825,-1.0039033889770508]]]","[[[-0.20000046491622925,-0.25856733322143555,-0.7470932006835938,-0.40740931034088135,-0.6960495114326477,0.08672380447387695,-1.0],[-0.26428622007369995,-0.2180689573287964,-0.7819768190383911,-0.468015193939209,-0.7082074880599976,0.11150252819061279,-1.0],[-0.30357182025909424,-0.19626212120056152,-0.7848838567733765,-0.47474920749664307,-0.702128529548645,0.12212193012237549,-1.0],[-0.3357146978378296,-0.1838010549545288,-0.7848838567733765,-0.47474920749664307,-0.6960495114326477,0.12920165061950684,-1.0],[-0.3892861008644104,-0.1713399887084961,-0.7877907752990723,-0.468015193939209,-0.6960495114326477,0.13628125190734863,-1.0]]]","[0.01099975686520338,0.015265211462974548,0.016649510711431503,0.020527154207229614,0.023803498595952988]","[0.017217904329299927,0.005888556595891714,0.007553701288998127,0.03367764130234718,0.026232987642288208,0.03147655725479126,9.583710198057815e-05]",0.047888390719890594,0.014641833491623402,0.01644519343972206,7.308120257221162e-05
N-L,N1800,36,43,libero_90,3,46,47,0.25,43,2026092101,0.09566745162010193,0.164495587348938,"[0.03570130094885826,0.06873784959316254,0.2110108882188797,0.31937694549560547,0.18765100836753845]","[0.08654909580945969,0.0013436888111755252,0.036556731909513474,0.0019875001162290573,0.2992307245731354,0.017069494351744652,0.7087318897247314]",0.1560749113559723,"[0.017499271780252457,0.028980964794754982,0.04621366038918495,0.3778350055217743,0.3098456859588623]","[0.06177808716893196,0.0004105404659640044,0.03157602623105049,0.000695863040164113,0.1506839394569397,0.010119123384356499,0.8372608423233032]",0.2623923122882843,"[[[-0.5180312395095825,0.039856404066085815,-0.6751909255981445,-0.23798778653144836,-0.13761240243911743,-0.054770853370428085,-1.0166164636611938],[-0.5046616196632385,0.06291239708662033,-0.6458156704902649,-0.25177672505378723,-0.15156278014183044,-0.055522702634334564,-0.9959477782249451],[-0.4855307340621948,0.07008295506238937,-0.6036732196807861,-0.2591615915298462,-0.14316408336162567,-0.05063970386981964,-0.9969344139099121],[-0.4188731014728546,0.06564904004335403,-0.5496512651443481,-0.257842481136322,-0.13029074668884277,-0.07263956218957901,-1.0043948888778687],[-0.40285369753837585,0.07033602148294449,-0.5087668299674988,-0.2762472629547119,-0.12008635699748993,-0.08032367378473282,-1.0048942565917969]]]","[[[-0.4321432113647461,0.02180635929107666,-0.5523258447647095,-0.2659956216812134,0.14285385608673096,-0.1008865237236023,-1.0],[-0.3607146739959717,0.02180635929107666,-0.49127936363220215,-0.2659956216812134,0.21580207347869873,-0.1008865237236023,-1.0],[-0.28928619623184204,0.02180635929107666,-0.45348870754241943,-0.2659956216812134,0.27051305770874023,-0.10796612501144409,-1.0],[-0.2250005006790161,0.02180635929107666,-0.4215119481086731,-0.2659956216812134,0.28267109394073486,-0.11504578590393066,0.9999990463256836],[-0.1285719871520996,0.015575766563415527,-0.27325624227523804,-0.2659956216812134,0.37993526458740234,-0.17168277502059937,0.9999990463256836]]]","[0.014949558302760124,0.026217902079224586,0.033981308341026306,0.6065609455108643,0.6302521228790283]","[0.0358852855861187,0.0018534011906012893,0.026683522388339043,0.00024097792629618198,0.16106124222278595,0.0035231243818998337,1.6074990034103394]",0.09477236121892929,0.16505247354507446,0.26647210121154785,8.985343447420746e-05
N-L,N1800,36,51,libero_90,11,46,47,0.25,20,2026092101,0.03335533291101456,0.018582530319690704,"[0.013684973120689392,0.007214854005724192,0.010818611830472946,0.023281730711460114,0.03791247680783272]","[0.0309434961527586,0.020512264221906662,0.003089920850470662,0.003979794215410948,0.06771476566791534,0.003754750592634082,8.271625847555697e-05]",0.011094549670815468,"[0.0065075671300292015,0.004640666767954826,0.006728767417371273,0.014803383499383926,0.02279236540198326]","[0.02419474348425865,0.007264699786901474,0.00470740906894207,0.00503862090408802,0.03433094173669815,0.0014210157096385956,0.0007044192752800882]",0.009726526215672493,"[[[0.8271536231040955,-0.47292360663414,-0.03568067029118538,-0.23354701697826385,-0.1200215220451355,-0.08024509251117706,-1.0213301181793213],[0.8411224484443665,-0.4333958327770233,-0.048428863286972046,-0.2440565675497055,-0.135144904255867,-0.08916188776493073,-1.00404691696167],[0.8460426926612854,-0.41152602434158325,-0.05678735673427582,-0.24368399381637573,-0.1402365118265152,-0.08923370391130447,-1.00105881690979],[0.8614436388015747,-0.3855242133140564,-0.0635717511177063,-0.2378627061843872,-0.14275245368480682,-0.10332012921571732,-1.008946418762207],[0.8365939259529114,-0.3605031371116638,-0.0827966034412384,-0.24638059735298157,-0.14404676854610443,-0.10358456522226334,-1.0034958124160767]]]","[[[0.9107130765914917,-0.6728973388671875,-0.017442405223846436,-0.19192183017730713,-0.06991147994995117,-0.02655029296875,-1.0],[0.9499987363815308,-0.5607479214668274,-0.017442405223846436,-0.2659956216812134,-0.051674485206604004,-0.015930891036987305,-1.0],[0.9749988317489624,-0.47663581371307373,-0.017442405223846436,-0.2659956216812134,-0.02127939462661743,-0.008851230144500732,-1.0],[0.985713005065918,-0.4205610752105713,-0.04651212692260742,-0.2659956216812134,0.08206379413604736,-0.0017716288566589355,-1.0],[0.9821414947509766,-0.39563894271850586,-0.09593069553375244,-0.2659956216812134,0.14893293380737305,0.008847832679748535,-1.0]]]","[0.007840869948267937,0.005980079062283039,0.006218295078724623,0.011241062544286251,0.01735232211649418]","[0.014418576844036579,0.012581887654960155,0.0006608710973523557,0.0007775994599796832,0.03200171887874603,0.007532078772783279,0.00011294633441139013]",0.034409984946250916,0.013273508287966251,0.0112073989585042,0.00010712344374042004
N-L,N1800,36,55,libero_90,15,46,47,0.25,32,2026092101,0.06288085132837296,0.05237365886569023,"[0.02449817769229412,0.04236961901187897,0.06400834769010544,0.06499044597148895,0.06600172072649002]","[0.12228716909885406,0.0019027026137337089,0.09270209819078445,0.0075318897143006325,0.14098739624023438,4.34387729910668e-05,0.0011609222274273634]",0.023576678708195686,"[0.013465103693306446,0.018129507079720497,0.027290860190987587,0.029418010264635086,0.029579918831586838]","[0.07267149537801743,0.0027703221421688795,0.038719743490219116,0.0010394379496574402,0.04969390481710434,8.615574915893376e-05,5.5693741160212085e-05]",0.028553854674100876,"[[[-0.13249920308589935,0.24629217386245728,-0.7420180439949036,-0.1269107162952423,-0.1680266112089157,-0.01776868849992752,-1.0066884756088257],[-0.13263489305973053,0.25443142652511597,-0.7274638414382935,-0.11971519887447357,-0.17255064845085144,-0.017087865620851517,-0.9911529421806335],[-0.13961923122406006,0.24337399005889893,-0.7113165259361267,-0.1042466089129448,-0.1608635038137436,-0.008092314004898071,-0.9904900789260864],[-0.11210057139396667,0.22374564409255981,-0.6840381622314453,-0.08464320003986359,-0.1440439224243164,-0.022282153367996216,-1.0009688138961792],[-0.1331881582736969,0.2139674723148346,-0.6682823300361633,-0.08900035172700882,-0.1261114478111267,-0.021175434812903404,-0.9994249939918518]]]","[[[0.12142789363861084,0.29283416271209717,-0.5319769978523254,-0.2659956216812134,-0.04559546709060669,0.054865479469299316,-1.0],[0.1249992847442627,0.252335786819458,-0.5174421072006226,-0.2659956216812134,0.03951060771942139,0.054865479469299316,-1.0],[0.14642786979675293,0.23675942420959473,-0.5029072761535645,-0.2659956216812134,0.11245882511138916,0.054865479469299316,-1.0],[0.13928496837615967,0.23987483978271484,-0.5000002980232239,-0.2659956216812134,0.14285385608673096,0.058405280113220215,-1.0],[0.08928501605987549,0.23987483978271484,-0.5232560634613037,-0.2659956216812134,0.20364391803741455,0.058405280113220215,-1.0]]]","[0.021488120779395103,0.026016052812337875,0.03288901597261429,0.031290747225284576,0.03108535334467888]","[0.06507325917482376,0.0006291286554187536,0.037312667816877365,0.026224268600344658,0.0651426836848259,0.0054520489647984505,4.294279278838076e-05]",0.06263189017772675,0.022984972223639488,0.029888490214943886,5.586484621744603e-05
N-L,N1800,36,56,libero_90,16,46,47,0.25,35,2026092101,0.0641617551445961,0.03854240104556084,"[0.051497682929039,0.040252137929201126,0.03599431738257408,0.033365558832883835,0.03160230442881584]","[0.12376206368207932,0.0051721506752073765,0.007846368476748466,0.10836797207593918,0.008854260668158531,0.015717947855591774,7.602463301736861e-05]",0.024594059213995934,"[0.02404041960835457,0.02518116869032383,0.02458280697464943,0.025472285225987434,0.023693615570664406]","[0.03430154547095299,0.004149888642132282,0.0023863711394369602,0.10643348842859268,0.022377019748091698,0.00242621754296124,8.388191781705245e-05]",0.013936950825154781,"[[[0.08072681725025177,0.065723717212677,-0.6753291487693787,0.13802000880241394,-0.6642638444900513,-0.2415175884962082,-1.016431212425232],[0.06435161083936691,0.08442626148462296,-0.6845293641090393,0.14082449674606323,-0.6633907556533813,-0.23986293375492096,-1.0004791021347046],[0.04554807394742966,0.0838983803987503,-0.6784267425537109,0.16039486229419708,-0.6500329375267029,-0.23240914940834045,-0.9980066418647766],[0.05773654580116272,0.07441018521785736,-0.668648362159729,0.1803695559501648,-0.6248300671577454,-0.2379600703716278,-1.0052388906478882],[0.02250872552394867,0.078986257314682,-0.6697624921798706,0.1822890043258667,-0.5782545208930969,-0.22634366154670715,-1.0009902715682983]]]","[[[-0.1285719871520996,0.02180635929107666,-0.7034885287284851,0.25925517082214355,-0.6291804313659668,-0.040709614753723145,-1.0],[-0.1285719871520996,0.02180635929107666,-0.7325583100318909,0.2727231979370117,-0.6595754623413086,-0.04778921604156494,-1.0],[-0.16071486473083496,0.02180635929107666,-0.7412792444229126,0.25925517082214355,-0.6656544208526611,-0.05840873718261719,-1.0],[-0.18928629159927368,0.02180635929107666,-0.7470932006835938,0.252521276473999,-0.6595754623413086,-0.07256799936294556,-1.0],[-0.21071475744247437,0.02180635929107666,-0.7500001788139343,0.24578726291656494,-0.6413384675979614,-0.08318740129470825,-1.0]]]","[0.014721475541591644,0.013964559882879257,0.012949681840837002,0.014819447882473469,0.013229590840637684]","[0.04779667779803276,0.0031484216451644897,0.003928369376808405,0.010221297852694988,0.0013352520763874054,0.031068110838532448,6.052287062630057e-05]",0.06639803946018219,0.025939004495739937,0.015018941834568977,0.0001414063444826752
N-L,N1800,36,62,libero_90,22,46,47,0.25,27,2026092101,0.08439277857542038,0.03285170719027519,"[0.02600444108247757,0.023544318974018097,0.023179149255156517,0.028805159032344818,0.06272546201944351]","[0.009833247400820255,0.025032762438058853,0.0780186876654625,0.08584146946668625,0.029048314318060875,0.0017289476236328483,0.00045850491733290255]",0.013607793487608433,"[0.010418009012937546,0.010581796988844872,0.011568012647330761,0.011852563358843327,0.023618582636117935]","[0.008763071149587631,0.018180739134550095,0.0322839729487896,0.019485019147396088,0.016094468533992767,0.00035170812043361366,9.556637814966962e-05]",0.03741047531366348,"[[[0.34308505058288574,0.08921249210834503,-0.3837418258190155,0.10541098564863205,-0.06706099212169647,0.6001779437065125,-1.0168275833129883],[0.35923683643341064,0.12613487243652344,-0.36261996626853943,0.08780798316001892,-0.06570916622877121,0.5964869260787964,-1.0056654214859009],[0.3706032633781433,0.15314890444278717,-0.3351673185825348,0.07527992129325867,-0.057328905910253525,0.5994720458984375,-1.0054595470428467],[0.40953847765922546,0.17671093344688416,-0.3026953339576721,0.0670228824019432,-0.05393294617533684,0.5901497006416321,-1.0097336769104004],[0.4035337567329407,0.2065330296754837,-0.2854183316230774,0.04023745656013489,-0.05195288732647896,0.587700366973877,-1.0053972005844116]]]","[[[0.4285705089569092,0.02180635929107666,-0.4883723855018616,-0.28619760274887085,-0.06991147994995117,0.7522093057632446,-1.0],[0.4035705327987671,0.024921536445617676,-0.4738374948501587,-0.29293161630630493,-0.06991147994995117,0.7734483480453491,-1.0],[0.38214194774627686,0.05295896530151367,-0.46511656045913696,-0.3131335377693176,-0.06991147994995117,0.7911473512649536,-1.0],[0.3607133626937866,0.07788097858428955,-0.45639562606811523,-0.3670054078102112,-0.0820695161819458,0.8017667531967163,-1.0],[0.31428492069244385,0.13084053993225098,-0.4622095823287964,-0.5084190368652344,-0.19149166345596313,0.8300855159759521,-1.0]]]","[0.02850871905684471,0.02870095707476139,0.03069293685257435,0.038546256721019745,0.06060350686311722]","[0.003951125778257847,0.008064492605626583,0.019016524776816368,0.18771789968013763,0.004089368972927332,0.038940127938985825,9.378908725921065e-05]",0.08124522864818573,0.012822231277823448,0.0380738191306591,4.3741969420807436e-05
N-L,N1800,36,64,libero_90,24,46,47,0.25,28,2026092101,0.06386146694421768,0.03408182039856911,"[0.05016053840517998,0.03941323608160019,0.02147578075528145,0.02012709155678749,0.039232462644577026]","[0.04543253779411316,0.0023044790141284466,0.03823369741439819,0.003622071584686637,0.07495889812707901,0.07394034415483475,8.072007040027529e-05]",0.017895180732011795,"[0.028132768347859383,0.024171562865376472,0.014148061163723469,0.009463218972086906,0.01356030534952879]","[0.00766810541972518,0.0009150076657533646,0.01679457724094391,0.008709000423550606,0.03806569427251816,0.05305066332221031,6.323942943708971e-05]",0.020179254934191704,"[[[0.32700252532958984,0.024907216429710388,-0.35409626364707947,-0.07075046002864838,-0.34291377663612366,-0.7944795489311218,-1.0090404748916626],[0.35330331325531006,0.056054435670375824,-0.365965873003006,-0.0699634999036789,-0.344612181186676,-0.790001630783081,-0.9906260371208191],[0.3654893636703491,0.06281132251024246,-0.3679826259613037,-0.053529735654592514,-0.32956406474113464,-0.7778863310813904,-0.9908792972564697],[0.4053957164287567,0.06665670871734619,-0.3693745732307434,-0.037290506064891815,-0.310310035943985,-0.7769210338592529,-0.9964969158172607],[0.39875954389572144,0.07527685165405273,-0.3825780153274536,-0.028268612921237946,-0.2811557948589325,-0.7632566690444946,-0.9932141900062561]]]","[[[0.14285647869110107,0.02180635929107666,-0.28779107332229614,-0.16498583555221558,-0.10030657052993774,-0.9716814756393433,-1.0],[0.18214213848114014,0.02180635929107666,-0.3168608546257019,-0.13804996013641357,-0.06991147994995117,-0.9079647064208984,-1.0],[0.2714277505874634,0.05607426166534424,-0.31395387649536133,-0.13804996013641357,-0.06991147994995117,-0.8017702102661133,-1.0],[0.2749992609024048,0.06853532791137695,-0.27616316080093384,-0.13131588697433472,-0.06991147994995117,-0.6141599416732788,-1.0],[0.3285706043243408,0.12149477005004883,-0.2034887671470642,-0.2188577651977539,-0.06991147994995117,-0.42300981283187866,-1.0]]]","[0.019648084416985512,0.018139969557523727,0.012432691641151905,0.016975831240415573,0.033699702471494675]","[0.0187966451048851,0.0006735118222422898,0.010097622871398926,0.013164947740733624,0.06083076819777489,0.03762907534837723,6.222147931111977e-05]",0.06534809619188309,0.02027682587504387,0.023749103769659996,0.00023545495059806854
N-L,N1800,36,73,libero_90,33,46,47,0.25,44,2026092101,0.0590362548828125,0.10906536132097244,"[0.2597500681877136,0.1671530157327652,0.07448079437017441,0.02272050827741623,0.021222451701760292]","[0.20312035083770752,0.010315918363630772,0.20000210404396057,0.0006737990188412368,0.3166567385196686,0.02879926562309265,0.0038893879391252995]",0.04885605350136757,"[0.10854194313287735,0.07368884980678558,0.03505740314722061,0.014326431788504124,0.012665657326579094]","[0.06190914660692215,0.007755748927593231,0.0743417888879776,0.00016118522034958005,0.18365269899368286,0.006478484254330397,0.0076933265663683414]",0.059540532529354095,"[[[-0.19631069898605347,0.0062015727162361145,-0.13825924694538116,-0.21898391842842102,-0.07638485729694366,-0.24983756244182587,0.9417009353637695],[-0.16525229811668396,0.015052445232868195,-0.09717623889446259,-0.2202925980091095,-0.08055615425109863,-0.25111404061317444,1.0086469650268555],[-0.133757084608078,0.01651003211736679,-0.048025988042354584,-0.20364543795585632,-0.0790150985121727,-0.25275158882141113,1.0131981372833252],[-0.06668218970298767,0.008450057357549667,-0.00032904744148254395,-0.1762893795967102,-0.0799703374505043,-0.27274641394615173,1.0077800750732422],[-0.03512117266654968,0.007697749882936478,0.01915280520915985,-0.15713796019554138,-0.06659260392189026,-0.2789779305458069,1.0114001035690308]]]","[[[-0.79285728931427,-0.07788211107254028,-0.6424421072006226,-0.2659956216812134,-0.6291804313659668,-0.07256799936294556,0.9999990463256836],[-0.5964288711547852,-0.06230580806732178,-0.5145351886749268,-0.2659956216812134,-0.525837242603302,-0.05486893653869629,0.9999990463256836],[-0.38571470975875854,-0.043614208698272705,-0.35174453258514404,-0.2659956216812134,-0.37386202812194824,-0.040709614753723145,0.9999990463256836],[-0.17142915725708008,0.009345293045043945,-0.13372141122817993,-0.2659956216812134,-0.2583608031272888,-0.040709614753723145,0.9999990463256836],[-0.1285719871520996,0.02180635929107666,-0.017442405223846436,-0.2659956216812134,-0.21580767631530762,-0.040709614753723145,0.9999990463256836]]]","[0.13710778951644897,0.08643385767936707,0.04218583181500435,0.01750546507537365,0.014469746500253677]","[0.12499373406171799,0.003373828949406743,0.10795331001281738,0.005616722162812948,0.1289762407541275,0.045102257281541824,0.0007676401291973889]",0.058863308280706406,0.04764022305607796,0.05754755437374115,8.398106001550332e-05
N-L,N1800,36,95,libero_90,55,46,47,0.25,27,2026092101,0.03352603688836098,0.02339455671608448,"[0.014053624123334885,0.027492644265294075,0.03294740617275238,0.022968601435422897,0.019510507583618164]","[0.02540820837020874,0.11122442781925201,0.012937620282173157,0.0056441049091517925,0.0037988044787198305,0.004309807438403368,0.0004389234527479857]",0.010558289475739002,"[0.005535762291401625,0.010667959228157997,0.014339285902678967,0.011713015846908092,0.010535423643887043]","[0.012487823143601418,0.05010059103369713,0.0066781602799892426,0.0023443500977009535,0.00029504726990126073,0.001871893065981567,0.0001301595475524664]",0.01428741030395031,"[[[-0.38867491483688354,-0.04428277164697647,-0.7114571928977966,-0.15992239117622375,-0.09097816050052643,-0.030809219926595688,-1.014631748199463],[-0.39028650522232056,-0.018467888236045837,-0.6792396903038025,-0.17919662594795227,-0.09547111392021179,-0.032719578593969345,-0.9962067008018494],[-0.39021265506744385,-0.007646411657333374,-0.6441110968589783,-0.1913587749004364,-0.08732861280441284,-0.02510741353034973,-0.9928919672966003],[-0.3581170439720154,-0.010714150965213776,-0.6017242670059204,-0.19884055852890015,-0.07992079108953476,-0.036521732807159424,-1.0025107860565186],[-0.38125550746917725,-0.0006317906081676483,-0.5730675458908081,-0.22629377245903015,-0.07739302515983582,-0.03466058522462845,-1.0008314847946167]]]","[[[-0.3535718321800232,-0.2928352355957031,-0.7470932006835938,-0.12458193302154541,-0.06991147994995117,-0.040709614753723145,-1.0],[-0.33928608894348145,-0.3707168698310852,-0.6540700197219849,-0.25252771377563477,-0.06991147994995117,-0.040709614753723145,-1.0],[-0.29285764694213867,-0.36448633670806885,-0.584302544593811,-0.2659956216812134,-0.06991147994995117,-0.040709614753723145,-1.0],[-0.2678576111793518,-0.2741437554359436,-0.5377909541130066,-0.2659956216812134,-0.06991147994995117,-0.040709614753723145,-1.0],[-0.2571433186531067,-0.2149537205696106,-0.5058141946792603,-0.2659956216812134,-0.06991147994995117,-0.040709614753723145,-1.0]]]","[0.009469334036111832,0.0190604105591774,0.02093682438135147,0.012323318049311638,0.009647175669670105]","[0.007372373249381781,0.08570428937673569,0.002818196313455701,0.003656618995591998,0.0003113232960458845,9.188325930153951e-05,5.719934051739983e-05]",0.033892396837472916,0.010870842263102531,0.014694925397634506,2.5921821361407638e-05
N-L,N1800,36,96,libero_90,56,46,47,0.25,26,2026092101,0.07778272032737732,0.013337923213839531,"[0.018514513969421387,0.008373495191335678,0.013391886837780476,0.013135295361280441,0.013274422846734524]","[0.00923951156437397,0.022671479731798172,0.010127897374331951,0.031112758442759514,0.009350054897367954,0.010809250175952911,5.450967000797391e-05]",0.006190256215631962,"[0.00708166416734457,0.0034367854241281748,0.0049781338311731815,0.006641612853854895,0.008813085034489632]","[0.0060517676174640656,0.009288760833442211,0.00829132366925478,0.008945690467953682,0.0068839178420603275,0.003536467207595706,0.00033386508584953845]",0.007653382141143084,"[[[-0.5585330724716187,-0.03289061039686203,-0.9542174935340881,-0.09820351004600525,-0.09079360961914062,-0.02434617653489113,-1.0206676721572876],[-0.5613364577293396,-0.008362151682376862,-0.9295133948326111,-0.11180676519870758,-0.09842380881309509,-0.02129315957427025,-1.002798318862915],[-0.5560102462768555,-0.0018253028392791748,-0.8974515199661255,-0.1143089309334755,-0.0907253623008728,-0.011092804372310638,-1.0041083097457886],[-0.5087801218032837,-0.008374068886041641,-0.8469143509864807,-0.10896382480859756,-0.08142948150634766,-0.02411811053752899,-1.00912344455719],[-0.5106050968170166,-9.680911898612976e-05,-0.8052945137023926,-0.13926807045936584,-0.08174534142017365,-0.015708036720752716,-1.0099283456802368]]]","[[[-0.6321431398391724,-0.19937735795974731,-0.9098837971687317,-0.2659956216812134,-0.1854127049446106,-0.061948537826538086,-1.0],[-0.6500002145767212,0.0031147003173828125,-0.9040698409080505,-0.27946358919143677,-0.06991147994995117,-0.040709614753723145,-1.0],[-0.6321431398391724,0.02180635929107666,-0.8372094035148621,-0.3468034863471985,-0.06991147994995117,-0.040709614753723145,-1.0],[-0.5928574204444885,0.05607426166534424,-0.7703490257263184,-0.3198675513267517,-0.06991147994995117,-0.040709614753723145,-1.0],[-0.5214288830757141,0.06542003154754639,-0.7209303975105286,-0.2659956216812134,-0.06991147994995117,-0.040709614753723145,-1.0]]]","[0.010578544810414314,0.005420992616564035,0.009337822906672955,0.00886519905179739,0.0040643541142344475]","[0.0052524134516716,0.007370810490101576,0.0038443037774413824,0.03417139872908592,0.0020943298004567623,0.0007136897183954716,0.00012673414312303066]",0.07827768474817276,0.005672695115208626,0.007648602593690157,2.8171973099233583e-05
N-L,N1800,36,97,libero_90,57,46,47,0.25,38,2026092101,0.07729016989469528,0.06604699045419693,"[0.09146507829427719,0.07512497901916504,0.06726081669330597,0.05481148883700371,0.041572581976652145]","[0.14862410724163055,0.062196578830480576,0.0016654888167977333,0.038071755319833755,0.21037974953651428,0.001223093131557107,0.0001681188150541857]",0.026425151154398918,"[0.03739333897829056,0.02989768050611019,0.02663583494722843,0.021809715777635574,0.016389181837439537]","[0.05097135901451111,0.028144288808107376,0.0017157990951091051,0.011003374122083187,0.09247758239507675,0.000508651661220938,0.00015499249275308102]",0.04348546266555786,"[[[0.18227030336856842,-0.048315636813640594,-0.6846326589584351,-0.04617142677307129,-0.20878031849861145,-0.1761232167482376,-1.0185859203338623],[0.16874249279499054,-0.024074800312519073,-0.692552924156189,-0.047445137053728104,-0.21583010256290436,-0.17784862220287323,-1.0055409669876099],[0.1491488218307495,-0.019568689167499542,-0.6931273937225342,-0.03301332890987396,-0.20837630331516266,-0.17267324030399323,-1.0024898052215576],[0.15725919604301453,-0.020678795874118805,-0.6832361221313477,-0.01651851087808609,-0.19981105625629425,-0.18514935672283173,-1.0075066089630127],[0.11519148200750351,-0.01525387167930603,-0.6844518780708313,-0.016317397356033325,-0.18226654827594757,-0.18429815769195557,-1.0047259330749512]]]","[[[-0.1285719871520996,-0.22118425369262695,-0.6250002384185791,-0.2659956216812134,0.15501189231872559,-0.040709614753723145,-1.0],[-0.1285719871520996,-0.24922162294387817,-0.668604850769043,-0.2659956216812134,0.1185377836227417,-0.040709614753723145,-1.0],[-0.1285719871520996,-0.2647978663444519,-0.6889536380767822,-0.2659956216812134,0.11245882511138916,-0.040709614753723145,-1.0],[-0.1285719871520996,-0.2990657687187195,-0.697674572467804,-0.2659956216812134,0.057747721672058105,-0.040709614753723145,-1.0],[-0.110714852809906,-0.31775736808776855,-0.7005815505981445,-0.2659956216812134,-0.015200436115264893,-0.040709614753723145,-1.0]]]","[0.047058891505002975,0.04543778672814369,0.0445600263774395,0.04412882775068283,0.036241788417100906]","[0.07897616177797318,0.061943937093019485,0.0009231182630173862,0.05498915910720825,0.08826588094234467,0.019207771867513657,9.220430365530774e-05]",0.08054904639720917,0.027260061353445053,0.046157754957675934,0.00015790497127454728
N-L,N1800,36,101,libero_90,61,46,47,0.25,36,2026092101,0.04326057806611061,0.03394274786114693,"[0.03688083589076996,0.03157080337405205,0.023961180821061134,0.033373333513736725,0.043927595019340515]","[0.0816129520535469,0.019557436928153038,0.03930958732962608,0.01427458692342043,0.08033695071935654,0.0018079113215208054,0.000699818367138505]",0.012709586881101131,"[0.01465767901390791,0.011734073050320148,0.008294305764138699,0.012399918399751186,0.016461964696645737]","[0.028386125341057777,0.008098277263343334,0.009722835384309292,0.006236018147319555,0.03607311472296715,0.0004363262269180268,1.4414896213565953e-05]",0.024121304973959923,"[[[0.09549149125814438,0.010912351310253143,-0.6770961880683899,-0.15993911027908325,-0.3471769392490387,-0.139663428068161,-1.0136375427246094],[0.09383056312799454,0.032460734248161316,-0.6791185140609741,-0.17361176013946533,-0.3750916123390198,-0.13896775245666504,-0.9998235702514648],[0.08603134751319885,0.035324595868587494,-0.6696615219116211,-0.17842476069927216,-0.38737955689430237,-0.13093769550323486,-0.9974533915519714],[0.10479375720024109,0.032301001250743866,-0.6508314609527588,-0.17549575865268707,-0.3937729001045227,-0.1383306086063385,-1.0039327144622803],[0.07804179936647415,0.039487000554800034,-0.6476131081581116,-0.1893223226070404,-0.3897343575954437,-0.13375526666641235,-1.0009372234344482]]]","[[[-0.10357201099395752,-0.12149584293365479,-0.8226745128631592,-0.2659956216812134,-0.1428595781326294,-0.05840873718261719,-1.0],[-0.12500053644180298,-0.11215001344680786,-0.8284884691238403,-0.2659956216812134,-0.1793336272239685,-0.05486893653869629,-1.0],[-0.1285719871520996,-0.08722788095474243,-0.8226745128631592,-0.2659956216812134,-0.21580767631530762,-0.04424941539764404,-1.0],[-0.1285719871520996,-0.08411264419555664,-0.8430233597755432,-0.2659956216812134,-0.12462258338928223,-0.040709614753723145,-1.0],[-0.1285719871520996,-0.031153202056884766,-0.8226745128631592,-0.40740931034088135,-0.06991147994995117,-0.040709614753723145,-1.0]]]","[0.019733306020498276,0.020719904452562332,0.01844479888677597,0.027875268831849098,0.033833254128694534]","[0.04614334926009178,0.014401097781956196,0.02690032497048378,0.016640715301036835,0.05684645101428032,0.007875429466366768,4.176870788796805e-05]",0.04309840500354767,0.013338083401322365,0.02497926540672779,8.6361171270255e-05
