panel,step,suite,task_id,global_task_id,init_state_id,teacher_demo,video_ordinal,env_seed,policy_seed_root,reference_success,candidate_success,reference_steps,candidate_steps
train,300,libero_spatial,0,0,32,48,32,7,7,1,1,75,75
train,300,libero_spatial,0,0,33,46,33,7,7,0,1,220,129
train,300,libero_spatial,0,0,34,47,34,7,7,0,1,220,73
train,300,libero_spatial,0,0,35,49,35,7,7,1,1,70,71
train,300,libero_spatial,2,2,32,49,32,7,7,1,1,90,96
train,300,libero_spatial,2,2,33,47,33,7,7,1,0,117,220
train,300,libero_spatial,2,2,34,48,34,7,7,1,1,114,117
train,300,libero_spatial,2,2,35,46,35,7,7,1,1,89,134
train,300,libero_spatial,4,4,32,46,32,7,7,0,0,220,220
train,300,libero_spatial,4,4,33,49,33,7,7,0,0,220,220
train,300,libero_spatial,4,4,34,48,34,7,7,1,1,180,187
train,300,libero_spatial,4,4,35,47,35,7,7,0,0,220,220
train,300,libero_spatial,5,5,32,49,32,7,7,0,0,220,220
train,300,libero_spatial,5,5,33,47,33,7,7,0,0,220,220
train,300,libero_spatial,5,5,34,46,34,7,7,0,0,220,220
train,300,libero_spatial,5,5,35,48,35,7,7,1,1,79,78
train,300,libero_spatial,7,7,32,49,32,7,7,0,0,220,220
train,300,libero_spatial,7,7,33,46,33,7,7,1,0,186,220
train,300,libero_spatial,7,7,34,48,34,7,7,0,0,220,220
train,300,libero_spatial,7,7,35,47,35,7,7,0,0,220,220
train,300,libero_spatial,9,9,32,46,32,7,7,1,0,191,220
train,300,libero_spatial,9,9,33,47,33,7,7,0,0,220,220
train,300,libero_spatial,9,9,34,48,34,7,7,0,0,220,220
train,300,libero_spatial,9,9,35,49,35,7,7,1,0,118,220
train,300,libero_object,2,12,32,48,32,7,7,0,0,280,280
train,300,libero_object,2,12,33,49,33,7,7,0,1,280,203
train,300,libero_object,2,12,34,47,34,7,7,1,0,202,280
train,300,libero_object,2,12,35,46,35,7,7,0,0,280,280
train,300,libero_object,4,14,32,47,32,7,7,1,1,162,162
train,300,libero_object,4,14,33,46,33,7,7,1,0,203,280
train,300,libero_object,4,14,34,49,34,7,7,1,0,182,280
train,300,libero_object,4,14,35,48,35,7,7,0,1,280,208
train,300,libero_object,5,15,32,48,32,7,7,0,0,280,280
train,300,libero_object,5,15,33,47,33,7,7,1,1,227,223
train,300,libero_object,5,15,34,46,34,7,7,0,0,280,280
train,300,libero_object,5,15,35,49,35,7,7,0,0,280,280
train,300,libero_object,6,16,32,48,32,7,7,0,0,280,280
train,300,libero_object,6,16,33,46,33,7,7,0,0,280,280
train,300,libero_object,6,16,34,47,34,7,7,1,1,150,150
train,300,libero_object,6,16,35,49,35,7,7,1,1,231,157
train,300,libero_object,8,18,32,47,32,7,7,1,1,173,167
train,300,libero_object,8,18,33,49,33,7,7,1,1,168,147
train,300,libero_object,8,18,34,46,34,7,7,1,1,165,156
train,300,libero_object,8,18,35,48,35,7,7,0,1,280,154
train,300,libero_object,9,19,32,46,32,7,7,0,0,280,280
train,300,libero_object,9,19,33,47,33,7,7,0,0,280,280
train,300,libero_object,9,19,34,49,34,7,7,0,0,280,280
train,300,libero_object,9,19,35,48,35,7,7,1,0,258,280
train,300,libero_goal,0,20,32,47,32,7,7,0,0,300,300
train,300,libero_goal,0,20,33,48,33,7,7,0,0,300,300
train,300,libero_goal,0,20,34,46,34,7,7,0,0,300,300
train,300,libero_goal,0,20,35,49,35,7,7,0,1,300,124
train,300,libero_goal,1,21,32,47,32,7,7,1,1,77,73
train,300,libero_goal,1,21,33,48,33,7,7,1,1,85,121
train,300,libero_goal,1,21,34,46,34,7,7,1,1,72,120
train,300,libero_goal,1,21,35,49,35,7,7,1,1,77,77
train,300,libero_goal,2,22,32,46,32,7,7,1,0,287,300
train,300,libero_goal,2,22,33,48,33,7,7,1,0,290,300
train,300,libero_goal,2,22,34,49,34,7,7,0,0,300,300
train,300,libero_goal,2,22,35,47,35,7,7,1,1,199,98
train,300,libero_goal,5,25,32,48,32,7,7,0,0,300,300
train,300,libero_goal,5,25,33,47,33,7,7,0,0,300,300
train,300,libero_goal,5,25,34,49,34,7,7,0,0,300,300
train,300,libero_goal,5,25,35,46,35,7,7,0,0,300,300
train,300,libero_goal,8,28,32,49,32,7,7,0,1,300,87
train,300,libero_goal,8,28,33,47,33,7,7,1,1,118,111
train,300,libero_goal,8,28,34,46,34,7,7,1,1,76,75
train,300,libero_goal,8,28,35,48,35,7,7,1,1,77,176
train,300,libero_goal,9,29,32,46,32,7,7,0,0,300,300
train,300,libero_goal,9,29,33,48,33,7,7,0,0,300,300
train,300,libero_goal,9,29,34,49,34,7,7,0,0,300,300
train,300,libero_goal,9,29,35,47,35,7,7,0,0,300,300
train,300,libero_10,4,34,32,48,32,7,7,1,0,363,520
train,300,libero_10,4,34,33,49,33,7,7,1,1,232,233
train,300,libero_10,4,34,34,47,34,7,7,0,1,520,247
train,300,libero_10,4,34,35,46,35,7,7,0,0,520,520
train,300,libero_10,5,35,32,48,32,7,7,0,1,520,201
train,300,libero_10,5,35,33,46,33,7,7,0,0,520,520
train,300,libero_10,5,35,34,49,34,7,7,1,0,162,520
train,300,libero_10,5,35,35,47,35,7,7,0,1,520,157
train,300,libero_10,6,36,32,49,32,7,7,0,0,520,520
train,300,libero_10,6,36,33,48,33,7,7,0,0,520,520
train,300,libero_10,6,36,34,46,34,7,7,0,0,520,520
train,300,libero_10,6,36,35,47,35,7,7,1,0,438,520
train,300,libero_10,7,37,32,49,32,7,7,0,0,520,520
train,300,libero_10,7,37,33,47,33,7,7,0,0,520,520
train,300,libero_10,7,37,34,46,34,7,7,0,0,520,520
train,300,libero_10,7,37,35,48,35,7,7,0,0,520,520
train,300,libero_10,8,38,32,48,32,7,7,0,0,520,520
train,300,libero_10,8,38,33,49,33,7,7,0,0,520,520
train,300,libero_10,8,38,34,46,34,7,7,0,0,520,520
train,300,libero_10,8,38,35,47,35,7,7,0,0,520,520
train,300,libero_10,9,39,32,47,32,7,7,0,0,520,520
train,300,libero_10,9,39,33,48,33,7,7,0,0,520,520
train,300,libero_10,9,39,34,46,34,7,7,0,0,520,520
train,300,libero_10,9,39,35,49,35,7,7,0,0,520,520
train,600,libero_spatial,0,0,32,48,32,7,7,1,1,79,87
train,600,libero_spatial,0,0,33,46,33,7,7,1,1,99,105
train,600,libero_spatial,0,0,34,47,34,7,7,0,0,220,220
train,600,libero_spatial,0,0,35,49,35,7,7,1,1,84,102
train,600,libero_spatial,2,2,32,49,32,7,7,1,1,102,100
train,600,libero_spatial,2,2,33,47,33,7,7,0,1,220,189
train,600,libero_spatial,2,2,34,48,34,7,7,1,1,193,180
train,600,libero_spatial,2,2,35,46,35,7,7,1,1,97,99
train,600,libero_spatial,4,4,32,46,32,7,7,0,0,220,220
train,600,libero_spatial,4,4,33,49,33,7,7,0,0,220,220
train,600,libero_spatial,4,4,34,48,34,7,7,1,0,149,220
train,600,libero_spatial,4,4,35,47,35,7,7,0,0,220,220
train,600,libero_spatial,5,5,32,49,32,7,7,0,0,220,220
train,600,libero_spatial,5,5,33,47,33,7,7,0,0,220,220
train,600,libero_spatial,5,5,34,46,34,7,7,0,0,220,220
train,600,libero_spatial,5,5,35,48,35,7,7,1,1,88,89
train,600,libero_spatial,7,7,32,49,32,7,7,0,0,220,220
train,600,libero_spatial,7,7,33,46,33,7,7,1,0,161,220
train,600,libero_spatial,7,7,34,48,34,7,7,1,1,146,202
train,600,libero_spatial,7,7,35,47,35,7,7,1,1,122,161
train,600,libero_spatial,9,9,32,46,32,7,7,0,0,220,220
train,600,libero_spatial,9,9,33,47,33,7,7,0,0,220,220
train,600,libero_spatial,9,9,34,48,34,7,7,0,0,220,220
train,600,libero_spatial,9,9,35,49,35,7,7,0,1,220,145
train,600,libero_object,2,12,32,48,32,7,7,1,0,206,280
train,600,libero_object,2,12,33,49,33,7,7,1,1,141,241
train,600,libero_object,2,12,34,47,34,7,7,1,0,200,280
train,600,libero_object,2,12,35,46,35,7,7,1,1,129,199
train,600,libero_object,4,14,32,47,32,7,7,1,1,144,155
train,600,libero_object,4,14,33,46,33,7,7,1,1,218,171
train,600,libero_object,4,14,34,49,34,7,7,1,1,136,127
train,600,libero_object,4,14,35,48,35,7,7,1,1,146,153
train,600,libero_object,5,15,32,48,32,7,7,0,0,280,280
train,600,libero_object,5,15,33,47,33,7,7,1,0,137,280
train,600,libero_object,5,15,34,46,34,7,7,0,0,280,280
train,600,libero_object,5,15,35,49,35,7,7,0,0,280,280
train,600,libero_object,6,16,32,48,32,7,7,1,0,202,280
train,600,libero_object,6,16,33,46,33,7,7,1,1,234,153
train,600,libero_object,6,16,34,47,34,7,7,0,1,280,174
train,600,libero_object,6,16,35,49,35,7,7,1,1,118,133
train,600,libero_object,8,18,32,47,32,7,7,1,1,154,189
train,600,libero_object,8,18,33,49,33,7,7,1,1,132,168
train,600,libero_object,8,18,34,46,34,7,7,1,1,151,145
train,600,libero_object,8,18,35,48,35,7,7,1,1,144,183
train,600,libero_object,9,19,32,46,32,7,7,1,0,142,280
train,600,libero_object,9,19,33,47,33,7,7,0,1,280,155
train,600,libero_object,9,19,34,49,34,7,7,1,1,142,137
train,600,libero_object,9,19,35,48,35,7,7,1,0,122,280
train,600,libero_goal,0,20,32,47,32,7,7,1,0,112,300
train,600,libero_goal,0,20,33,48,33,7,7,1,1,139,229
train,600,libero_goal,0,20,34,46,34,7,7,0,0,300,300
train,600,libero_goal,0,20,35,49,35,7,7,0,0,300,300
train,600,libero_goal,1,21,32,47,32,7,7,1,0,77,300
train,600,libero_goal,1,21,33,48,33,7,7,1,1,94,96
train,600,libero_goal,1,21,34,46,34,7,7,1,1,79,85
train,600,libero_goal,1,21,35,49,35,7,7,1,1,78,85
train,600,libero_goal,2,22,32,46,32,7,7,1,0,76,300
train,600,libero_goal,2,22,33,48,33,7,7,1,0,142,300
train,600,libero_goal,2,22,34,49,34,7,7,1,0,89,300
train,600,libero_goal,2,22,35,47,35,7,7,0,0,300,300
train,600,libero_goal,5,25,32,48,32,7,7,0,0,300,300
train,600,libero_goal,5,25,33,47,33,7,7,0,0,300,300
train,600,libero_goal,5,25,34,49,34,7,7,0,0,300,300
train,600,libero_goal,5,25,35,46,35,7,7,0,0,300,300
train,600,libero_goal,8,28,32,49,32,7,7,1,1,86,90
train,600,libero_goal,8,28,33,47,33,7,7,1,1,87,89
train,600,libero_goal,8,28,34,46,34,7,7,1,1,83,82
train,600,libero_goal,8,28,35,48,35,7,7,1,1,67,81
train,600,libero_goal,9,29,32,46,32,7,7,0,0,300,300
train,600,libero_goal,9,29,33,48,33,7,7,0,0,300,300
train,600,libero_goal,9,29,34,49,34,7,7,0,0,300,300
train,600,libero_goal,9,29,35,47,35,7,7,0,0,300,300
train,600,libero_10,4,34,32,48,32,7,7,0,0,520,520
train,600,libero_10,4,34,33,49,33,7,7,1,1,292,304
train,600,libero_10,4,34,34,47,34,7,7,1,1,292,240
train,600,libero_10,4,34,35,46,35,7,7,0,0,520,520
train,600,libero_10,5,35,32,48,32,7,7,0,1,520,257
train,600,libero_10,5,35,33,46,33,7,7,0,0,520,520
train,600,libero_10,5,35,34,49,34,7,7,1,1,142,171
train,600,libero_10,5,35,35,47,35,7,7,1,1,163,175
train,600,libero_10,6,36,32,49,32,7,7,0,0,520,520
train,600,libero_10,6,36,33,48,33,7,7,0,0,520,520
train,600,libero_10,6,36,34,46,34,7,7,0,0,520,520
train,600,libero_10,6,36,35,47,35,7,7,0,0,520,520
train,600,libero_10,7,37,32,49,32,7,7,0,0,520,520
train,600,libero_10,7,37,33,47,33,7,7,0,0,520,520
train,600,libero_10,7,37,34,46,34,7,7,0,0,520,520
train,600,libero_10,7,37,35,48,35,7,7,0,0,520,520
train,600,libero_10,8,38,32,48,32,7,7,0,1,520,468
train,600,libero_10,8,38,33,49,33,7,7,0,0,520,520
train,600,libero_10,8,38,34,46,34,7,7,0,0,520,520
train,600,libero_10,8,38,35,47,35,7,7,0,0,520,520
train,600,libero_10,9,39,32,47,32,7,7,0,0,520,520
train,600,libero_10,9,39,33,48,33,7,7,0,0,520,520
train,600,libero_10,9,39,34,46,34,7,7,0,0,520,520
train,600,libero_10,9,39,35,49,35,7,7,0,0,520,520
train,900,libero_spatial,0,0,32,48,32,7,7,1,1,75,83
train,900,libero_spatial,0,0,33,46,33,7,7,1,0,73,220
train,900,libero_spatial,0,0,34,47,34,7,7,1,0,77,220
train,900,libero_spatial,0,0,35,49,35,7,7,1,1,87,89
train,900,libero_spatial,2,2,32,49,32,7,7,1,1,98,97
train,900,libero_spatial,2,2,33,47,33,7,7,0,0,220,220
train,900,libero_spatial,2,2,34,48,34,7,7,1,1,102,115
train,900,libero_spatial,2,2,35,46,35,7,7,1,1,98,94
train,900,libero_spatial,4,4,32,46,32,7,7,1,1,163,198
train,900,libero_spatial,4,4,33,49,33,7,7,0,0,220,220
train,900,libero_spatial,4,4,34,48,34,7,7,1,0,160,220
train,900,libero_spatial,4,4,35,47,35,7,7,1,1,148,141
train,900,libero_spatial,5,5,32,49,32,7,7,0,0,220,220
train,900,libero_spatial,5,5,33,47,33,7,7,1,0,93,220
train,900,libero_spatial,5,5,34,46,34,7,7,0,0,220,220
train,900,libero_spatial,5,5,35,48,35,7,7,1,1,78,100
train,900,libero_spatial,7,7,32,49,32,7,7,0,1,220,172
train,900,libero_spatial,7,7,33,46,33,7,7,1,0,214,220
train,900,libero_spatial,7,7,34,48,34,7,7,1,0,193,220
train,900,libero_spatial,7,7,35,47,35,7,7,0,0,220,220
train,900,libero_spatial,9,9,32,46,32,7,7,1,0,150,220
train,900,libero_spatial,9,9,33,47,33,7,7,0,0,220,220
train,900,libero_spatial,9,9,34,48,34,7,7,0,0,220,220
train,900,libero_spatial,9,9,35,49,35,7,7,1,1,129,216
train,900,libero_object,2,12,32,48,32,7,7,0,0,280,280
train,900,libero_object,2,12,33,49,33,7,7,1,1,135,140
train,900,libero_object,2,12,34,47,34,7,7,1,1,138,130
train,900,libero_object,2,12,35,46,35,7,7,1,1,131,146
train,900,libero_object,4,14,32,47,32,7,7,1,1,151,147
train,900,libero_object,4,14,33,46,33,7,7,1,1,170,153
train,900,libero_object,4,14,34,49,34,7,7,1,1,131,126
train,900,libero_object,4,14,35,48,35,7,7,1,1,190,147
train,900,libero_object,5,15,32,48,32,7,7,1,0,185,280
train,900,libero_object,5,15,33,47,33,7,7,0,1,280,247
train,900,libero_object,5,15,34,46,34,7,7,0,0,280,280
train,900,libero_object,5,15,35,49,35,7,7,1,0,146,280
train,900,libero_object,6,16,32,48,32,7,7,0,0,280,280
train,900,libero_object,6,16,33,46,33,7,7,0,1,280,212
train,900,libero_object,6,16,34,47,34,7,7,1,1,138,151
train,900,libero_object,6,16,35,49,35,7,7,1,1,134,141
train,900,libero_object,8,18,32,47,32,7,7,1,1,154,146
train,900,libero_object,8,18,33,49,33,7,7,1,1,145,141
train,900,libero_object,8,18,34,46,34,7,7,1,1,151,201
train,900,libero_object,8,18,35,48,35,7,7,1,1,148,141
train,900,libero_object,9,19,32,46,32,7,7,0,1,280,152
train,900,libero_object,9,19,33,47,33,7,7,1,1,154,117
train,900,libero_object,9,19,34,49,34,7,7,1,1,123,139
train,900,libero_object,9,19,35,48,35,7,7,1,1,210,230
train,900,libero_goal,0,20,32,47,32,7,7,1,0,131,300
train,900,libero_goal,0,20,33,48,33,7,7,0,0,300,300
train,900,libero_goal,0,20,34,46,34,7,7,1,0,142,300
train,900,libero_goal,0,20,35,49,35,7,7,0,0,300,300
train,900,libero_goal,1,21,32,47,32,7,7,1,1,77,81
train,900,libero_goal,1,21,33,48,33,7,7,1,1,83,93
train,900,libero_goal,1,21,34,46,34,7,7,1,1,71,83
train,900,libero_goal,1,21,35,49,35,7,7,1,1,79,113
train,900,libero_goal,2,22,32,46,32,7,7,1,1,100,106
train,900,libero_goal,2,22,33,48,33,7,7,1,1,162,161
train,900,libero_goal,2,22,34,49,34,7,7,0,1,300,102
train,900,libero_goal,2,22,35,47,35,7,7,1,1,100,116
train,900,libero_goal,5,25,32,48,32,7,7,0,0,300,300
train,900,libero_goal,5,25,33,47,33,7,7,0,0,300,300
train,900,libero_goal,5,25,34,49,34,7,7,0,0,300,300
train,900,libero_goal,5,25,35,46,35,7,7,0,0,300,300
train,900,libero_goal,8,28,32,49,32,7,7,1,1,82,77
train,900,libero_goal,8,28,33,47,33,7,7,1,1,111,86
train,900,libero_goal,8,28,34,46,34,7,7,1,1,71,80
train,900,libero_goal,8,28,35,48,35,7,7,1,1,73,72
train,900,libero_goal,9,29,32,46,32,7,7,0,0,300,300
train,900,libero_goal,9,29,33,48,33,7,7,0,0,300,300
train,900,libero_goal,9,29,34,49,34,7,7,0,0,300,300
train,900,libero_goal,9,29,35,47,35,7,7,0,0,300,300
train,900,libero_10,4,34,32,48,32,7,7,0,1,520,237
train,900,libero_10,4,34,33,49,33,7,7,1,1,250,278
train,900,libero_10,4,34,34,47,34,7,7,1,1,345,249
train,900,libero_10,4,34,35,46,35,7,7,0,1,520,483
train,900,libero_10,5,35,32,48,32,7,7,1,0,189,520
train,900,libero_10,5,35,33,46,33,7,7,1,0,296,520
train,900,libero_10,5,35,34,49,34,7,7,1,1,164,212
train,900,libero_10,5,35,35,47,35,7,7,1,1,141,182
train,900,libero_10,6,36,32,49,32,7,7,0,1,520,272
train,900,libero_10,6,36,33,48,33,7,7,0,0,520,520
train,900,libero_10,6,36,34,46,34,7,7,0,1,520,283
train,900,libero_10,6,36,35,47,35,7,7,0,0,520,520
train,900,libero_10,7,37,32,49,32,7,7,0,0,520,520
train,900,libero_10,7,37,33,47,33,7,7,0,0,520,520
train,900,libero_10,7,37,34,46,34,7,7,0,0,520,520
train,900,libero_10,7,37,35,48,35,7,7,0,0,520,520
train,900,libero_10,8,38,32,48,32,7,7,0,0,520,520
train,900,libero_10,8,38,33,49,33,7,7,0,0,520,520
train,900,libero_10,8,38,34,46,34,7,7,0,0,520,520
train,900,libero_10,8,38,35,47,35,7,7,1,0,433,520
train,900,libero_10,9,39,32,47,32,7,7,0,0,520,520
train,900,libero_10,9,39,33,48,33,7,7,0,0,520,520
train,900,libero_10,9,39,34,46,34,7,7,0,0,520,520
train,900,libero_10,9,39,35,49,35,7,7,0,0,520,520
train,1200,libero_spatial,0,0,32,48,32,7,7,1,1,77,77
train,1200,libero_spatial,0,0,33,46,33,7,7,1,1,84,78
train,1200,libero_spatial,0,0,34,47,34,7,7,1,0,84,220
train,1200,libero_spatial,0,0,35,49,35,7,7,0,1,220,80
train,1200,libero_spatial,2,2,32,49,32,7,7,1,1,103,103
train,1200,libero_spatial,2,2,33,47,33,7,7,1,1,100,102
train,1200,libero_spatial,2,2,34,48,34,7,7,1,1,97,101
train,1200,libero_spatial,2,2,35,46,35,7,7,1,1,97,98
train,1200,libero_spatial,4,4,32,46,32,7,7,1,1,128,123
train,1200,libero_spatial,4,4,33,49,33,7,7,1,1,136,168
train,1200,libero_spatial,4,4,34,48,34,7,7,0,0,220,220
train,1200,libero_spatial,4,4,35,47,35,7,7,1,0,143,220
train,1200,libero_spatial,5,5,32,49,32,7,7,0,0,220,220
train,1200,libero_spatial,5,5,33,47,33,7,7,1,1,129,98
train,1200,libero_spatial,5,5,34,46,34,7,7,0,0,220,220
train,1200,libero_spatial,5,5,35,48,35,7,7,1,1,80,88
train,1200,libero_spatial,7,7,32,49,32,7,7,1,1,143,136
train,1200,libero_spatial,7,7,33,46,33,7,7,1,1,132,154
train,1200,libero_spatial,7,7,34,48,34,7,7,1,1,162,147
train,1200,libero_spatial,7,7,35,47,35,7,7,1,1,149,138
train,1200,libero_spatial,9,9,32,46,32,7,7,1,1,169,110
train,1200,libero_spatial,9,9,33,47,33,7,7,1,1,132,116
train,1200,libero_spatial,9,9,34,48,34,7,7,1,1,131,115
train,1200,libero_spatial,9,9,35,49,35,7,7,1,1,130,117
train,1200,libero_object,2,12,32,48,32,7,7,0,0,280,280
train,1200,libero_object,2,12,33,49,33,7,7,1,1,156,123
train,1200,libero_object,2,12,34,47,34,7,7,1,1,136,118
train,1200,libero_object,2,12,35,46,35,7,7,1,1,130,128
train,1200,libero_object,4,14,32,47,32,7,7,1,1,147,140
train,1200,libero_object,4,14,33,46,33,7,7,1,1,203,210
train,1200,libero_object,4,14,34,49,34,7,7,1,1,121,135
train,1200,libero_object,4,14,35,48,35,7,7,1,1,132,141
train,1200,libero_object,5,15,32,48,32,7,7,0,0,280,280
train,1200,libero_object,5,15,33,47,33,7,7,0,1,280,169
train,1200,libero_object,5,15,34,46,34,7,7,0,1,280,278
train,1200,libero_object,5,15,35,49,35,7,7,1,1,124,143
train,1200,libero_object,6,16,32,48,32,7,7,1,1,133,209
train,1200,libero_object,6,16,33,46,33,7,7,1,0,130,280
train,1200,libero_object,6,16,34,47,34,7,7,0,1,280,137
train,1200,libero_object,6,16,35,49,35,7,7,1,1,211,159
train,1200,libero_object,8,18,32,47,32,7,7,1,1,153,153
train,1200,libero_object,8,18,33,49,33,7,7,1,1,145,146
train,1200,libero_object,8,18,34,46,34,7,7,1,1,133,137
train,1200,libero_object,8,18,35,48,35,7,7,1,1,151,152
train,1200,libero_object,9,19,32,46,32,7,7,1,1,279,117
train,1200,libero_object,9,19,33,47,33,7,7,1,1,157,97
train,1200,libero_object,9,19,34,49,34,7,7,1,1,108,110
train,1200,libero_object,9,19,35,48,35,7,7,1,1,122,123
train,1200,libero_goal,0,20,32,47,32,7,7,1,0,134,300
train,1200,libero_goal,0,20,33,48,33,7,7,0,0,300,300
train,1200,libero_goal,0,20,34,46,34,7,7,0,1,300,238
train,1200,libero_goal,0,20,35,49,35,7,7,0,0,300,300
train,1200,libero_goal,1,21,32,47,32,7,7,1,1,289,83
train,1200,libero_goal,1,21,33,48,33,7,7,1,1,90,92
train,1200,libero_goal,1,21,34,46,34,7,7,1,1,80,86
train,1200,libero_goal,1,21,35,49,35,7,7,1,1,80,84
train,1200,libero_goal,2,22,32,46,32,7,7,1,1,108,102
train,1200,libero_goal,2,22,33,48,33,7,7,1,1,159,136
train,1200,libero_goal,2,22,34,49,34,7,7,1,0,128,300
train,1200,libero_goal,2,22,35,47,35,7,7,1,0,108,300
train,1200,libero_goal,5,25,32,48,32,7,7,0,0,300,300
train,1200,libero_goal,5,25,33,47,33,7,7,0,0,300,300
train,1200,libero_goal,5,25,34,49,34,7,7,0,0,300,300
train,1200,libero_goal,5,25,35,46,35,7,7,0,0,300,300
train,1200,libero_goal,8,28,32,49,32,7,7,1,1,81,74
train,1200,libero_goal,8,28,33,47,33,7,7,1,1,89,89
train,1200,libero_goal,8,28,34,46,34,7,7,1,1,82,79
train,1200,libero_goal,8,28,35,48,35,7,7,1,1,70,81
train,1200,libero_goal,9,29,32,46,32,7,7,0,0,300,300
train,1200,libero_goal,9,29,33,48,33,7,7,0,0,300,300
train,1200,libero_goal,9,29,34,49,34,7,7,0,0,300,300
train,1200,libero_goal,9,29,35,47,35,7,7,0,0,300,300
train,1200,libero_10,4,34,32,48,32,7,7,1,1,212,233
train,1200,libero_10,4,34,33,49,33,7,7,1,1,233,240
train,1200,libero_10,4,34,34,47,34,7,7,1,1,248,246
train,1200,libero_10,4,34,35,46,35,7,7,0,0,520,520
train,1200,libero_10,5,35,32,48,32,7,7,1,0,188,520
train,1200,libero_10,5,35,33,46,33,7,7,1,0,311,520
train,1200,libero_10,5,35,34,49,34,7,7,1,1,183,202
train,1200,libero_10,5,35,35,47,35,7,7,1,1,160,169
train,1200,libero_10,6,36,32,49,32,7,7,1,0,320,520
train,1200,libero_10,6,36,33,48,33,7,7,1,1,300,300
train,1200,libero_10,6,36,34,46,34,7,7,0,0,520,520
train,1200,libero_10,6,36,35,47,35,7,7,0,0,520,520
train,1200,libero_10,7,37,32,49,32,7,7,0,0,520,520
train,1200,libero_10,7,37,33,47,33,7,7,0,0,520,520
train,1200,libero_10,7,37,34,46,34,7,7,0,0,520,520
train,1200,libero_10,7,37,35,48,35,7,7,0,0,520,520
train,1200,libero_10,8,38,32,48,32,7,7,0,0,520,520
train,1200,libero_10,8,38,33,49,33,7,7,1,0,492,520
train,1200,libero_10,8,38,34,46,34,7,7,0,0,520,520
train,1200,libero_10,8,38,35,47,35,7,7,0,0,520,520
train,1200,libero_10,9,39,32,47,32,7,7,0,0,520,520
train,1200,libero_10,9,39,33,48,33,7,7,0,0,520,520
train,1200,libero_10,9,39,34,46,34,7,7,0,0,520,520
train,1200,libero_10,9,39,35,49,35,7,7,0,0,520,520
validation,300,libero_spatial,1,1,0,1,0,7,7,0,0,220,220
validation,300,libero_spatial,1,1,1,21,1,7,7,0,0,220,220
validation,300,libero_spatial,1,1,2,39,2,7,7,0,0,220,220
validation,300,libero_spatial,1,1,3,14,3,7,7,0,0,220,220
validation,300,libero_spatial,1,1,4,2,4,7,7,0,0,220,220
validation,300,libero_spatial,1,1,5,34,5,7,7,0,0,220,220
validation,300,libero_spatial,1,1,6,40,6,7,7,0,0,220,220
validation,300,libero_spatial,1,1,7,8,7,7,7,0,0,220,220
validation,300,libero_spatial,1,1,8,4,8,7,7,0,0,220,220
validation,300,libero_spatial,1,1,9,42,9,7,7,0,0,220,220
validation,300,libero_spatial,1,1,10,44,10,7,7,0,0,220,220
validation,300,libero_spatial,1,1,11,24,11,7,7,0,0,220,220
validation,300,libero_spatial,1,1,12,36,12,7,7,0,0,220,220
validation,300,libero_spatial,1,1,13,37,13,7,7,0,0,220,220
validation,300,libero_spatial,1,1,14,18,14,7,7,0,0,220,220
validation,300,libero_spatial,1,1,15,31,15,7,7,0,0,220,220
validation,300,libero_spatial,1,1,16,33,16,7,7,0,0,220,220
validation,300,libero_spatial,1,1,17,9,17,7,7,0,0,220,220
validation,300,libero_spatial,1,1,18,6,18,7,7,0,0,220,220
validation,300,libero_spatial,1,1,19,7,19,7,7,0,0,220,220
validation,300,libero_spatial,1,1,20,27,20,7,7,0,0,220,220
validation,300,libero_spatial,1,1,21,20,21,7,7,0,0,220,220
validation,300,libero_spatial,1,1,22,38,22,7,7,0,0,220,220
validation,300,libero_spatial,1,1,23,46,23,7,7,0,0,220,220
validation,300,libero_spatial,1,1,24,17,24,7,7,0,0,220,220
validation,300,libero_spatial,1,1,25,41,25,7,7,0,0,220,220
validation,300,libero_spatial,1,1,26,0,26,7,7,0,0,220,220
validation,300,libero_spatial,1,1,27,30,27,7,7,0,0,220,220
validation,300,libero_spatial,1,1,28,22,28,7,7,0,0,220,220
validation,300,libero_spatial,1,1,29,12,29,7,7,0,0,220,220
validation,300,libero_spatial,1,1,30,47,30,7,7,0,0,220,220
validation,300,libero_spatial,1,1,31,45,31,7,7,0,0,220,220
validation,300,libero_spatial,1,1,32,32,32,7,7,0,0,220,220
validation,300,libero_spatial,1,1,33,43,33,7,7,0,0,220,220
validation,300,libero_spatial,1,1,34,3,34,7,7,0,0,220,220
validation,300,libero_spatial,1,1,35,11,35,7,7,0,0,220,220
validation,300,libero_spatial,1,1,36,48,36,7,7,0,0,220,220
validation,300,libero_spatial,1,1,37,28,37,7,7,0,0,220,220
validation,300,libero_spatial,1,1,38,35,38,7,7,0,0,220,220
validation,300,libero_spatial,1,1,39,29,39,7,7,0,0,220,220
validation,300,libero_spatial,1,1,40,15,40,7,7,0,0,220,220
validation,300,libero_spatial,1,1,41,5,41,7,7,0,0,220,220
validation,300,libero_spatial,1,1,42,26,42,7,7,0,0,220,220
validation,300,libero_spatial,1,1,43,19,43,7,7,0,0,220,220
validation,300,libero_spatial,1,1,44,23,44,7,7,0,0,220,220
validation,300,libero_spatial,1,1,45,10,45,7,7,0,0,220,220
validation,300,libero_spatial,1,1,46,16,46,7,7,0,0,220,220
validation,300,libero_spatial,1,1,47,25,47,7,7,0,0,220,220
validation,300,libero_spatial,1,1,48,49,48,7,7,0,0,220,220
validation,300,libero_spatial,1,1,49,13,49,7,7,0,0,220,220
validation,300,libero_spatial,3,3,0,2,0,7,7,1,0,138,220
validation,300,libero_spatial,3,3,1,36,1,7,7,0,0,220,220
validation,300,libero_spatial,3,3,2,43,2,7,7,0,0,220,220
validation,300,libero_spatial,3,3,3,16,3,7,7,0,0,220,220
validation,300,libero_spatial,3,3,4,7,4,7,7,0,0,220,220
validation,300,libero_spatial,3,3,5,8,5,7,7,0,0,220,220
validation,300,libero_spatial,3,3,6,14,6,7,7,0,0,220,220
validation,300,libero_spatial,3,3,7,38,7,7,7,0,0,220,220
validation,300,libero_spatial,3,3,8,33,8,7,7,0,0,220,220
validation,300,libero_spatial,3,3,9,1,9,7,7,1,0,109,220
validation,300,libero_spatial,3,3,10,21,10,7,7,0,0,220,220
validation,300,libero_spatial,3,3,11,5,11,7,7,0,0,220,220
validation,300,libero_spatial,3,3,12,49,12,7,7,0,0,220,220
validation,300,libero_spatial,3,3,13,29,13,7,7,0,0,220,220
validation,300,libero_spatial,3,3,14,24,14,7,7,1,1,119,106
validation,300,libero_spatial,3,3,15,10,15,7,7,1,1,88,94
validation,300,libero_spatial,3,3,16,44,16,7,7,0,0,220,220
validation,300,libero_spatial,3,3,17,15,17,7,7,0,0,220,220
validation,300,libero_spatial,3,3,18,19,18,7,7,0,0,220,220
validation,300,libero_spatial,3,3,19,39,19,7,7,0,0,220,220
validation,300,libero_spatial,3,3,20,6,20,7,7,0,0,220,220
validation,300,libero_spatial,3,3,21,30,21,7,7,1,0,101,220
validation,300,libero_spatial,3,3,22,28,22,7,7,0,1,220,219
validation,300,libero_spatial,3,3,23,34,23,7,7,0,0,220,220
validation,300,libero_spatial,3,3,24,3,24,7,7,1,0,116,220
validation,300,libero_spatial,3,3,25,45,25,7,7,0,0,220,220
validation,300,libero_spatial,3,3,26,32,26,7,7,0,0,220,220
validation,300,libero_spatial,3,3,27,22,27,7,7,0,0,220,220
validation,300,libero_spatial,3,3,28,20,28,7,7,0,0,220,220
validation,300,libero_spatial,3,3,29,23,29,7,7,0,0,220,220
validation,300,libero_spatial,3,3,30,9,30,7,7,0,0,220,220
validation,300,libero_spatial,3,3,31,0,31,7,7,0,0,220,220
validation,300,libero_spatial,3,3,32,4,32,7,7,0,0,220,220
validation,300,libero_spatial,3,3,33,47,33,7,7,0,0,220,220
validation,300,libero_spatial,3,3,34,31,34,7,7,1,1,98,109
validation,300,libero_spatial,3,3,35,27,35,7,7,0,0,220,220
validation,300,libero_spatial,3,3,36,17,36,7,7,0,0,220,220
validation,300,libero_spatial,3,3,37,41,37,7,7,1,1,116,117
validation,300,libero_spatial,3,3,38,25,38,7,7,1,0,171,220
validation,300,libero_spatial,3,3,39,35,39,7,7,0,0,220,220
validation,300,libero_spatial,3,3,40,46,40,7,7,0,0,220,220
validation,300,libero_spatial,3,3,41,40,41,7,7,0,0,220,220
validation,300,libero_spatial,3,3,42,42,42,7,7,0,0,220,220
validation,300,libero_spatial,3,3,43,48,43,7,7,0,0,220,220
validation,300,libero_spatial,3,3,44,26,44,7,7,0,0,220,220
validation,300,libero_spatial,3,3,45,11,45,7,7,1,0,99,220
validation,300,libero_spatial,3,3,46,18,46,7,7,0,0,220,220
validation,300,libero_spatial,3,3,47,13,47,7,7,0,0,220,220
validation,300,libero_spatial,3,3,48,12,48,7,7,0,0,220,220
validation,300,libero_spatial,3,3,49,37,49,7,7,0,0,220,220
validation,300,libero_object,1,11,0,34,0,7,7,1,0,228,280
validation,300,libero_object,1,11,1,10,1,7,7,0,0,280,280
validation,300,libero_object,1,11,2,12,2,7,7,0,0,280,280
validation,300,libero_object,1,11,3,2,3,7,7,1,0,191,280
validation,300,libero_object,1,11,4,39,4,7,7,1,1,170,140
validation,300,libero_object,1,11,5,8,5,7,7,1,0,198,280
validation,300,libero_object,1,11,6,35,6,7,7,1,0,187,280
validation,300,libero_object,1,11,7,41,7,7,7,0,0,280,280
validation,300,libero_object,1,11,8,45,8,7,7,1,0,251,280
validation,300,libero_object,1,11,9,16,9,7,7,1,1,201,221
validation,300,libero_object,1,11,10,4,10,7,7,1,0,263,280
validation,300,libero_object,1,11,11,3,11,7,7,1,1,148,183
validation,300,libero_object,1,11,12,30,12,7,7,1,0,237,280
validation,300,libero_object,1,11,13,23,13,7,7,0,1,280,223
validation,300,libero_object,1,11,14,14,14,7,7,0,0,280,280
validation,300,libero_object,1,11,15,48,15,7,7,1,1,142,149
validation,300,libero_object,1,11,16,33,16,7,7,1,1,149,149
validation,300,libero_object,1,11,17,18,17,7,7,1,1,162,133
validation,300,libero_object,1,11,18,13,18,7,7,0,0,280,280
validation,300,libero_object,1,11,19,46,19,7,7,1,1,162,202
validation,300,libero_object,1,11,20,43,20,7,7,0,0,280,280
validation,300,libero_object,1,11,21,28,21,7,7,1,0,221,280
validation,300,libero_object,1,11,22,29,22,7,7,0,1,280,265
validation,300,libero_object,1,11,23,17,23,7,7,1,1,253,235
validation,300,libero_object,1,11,24,37,24,7,7,1,1,155,156
validation,300,libero_object,1,11,25,31,25,7,7,0,0,280,280
validation,300,libero_object,1,11,26,26,26,7,7,1,0,154,280
validation,300,libero_object,1,11,27,40,27,7,7,1,1,170,174
validation,300,libero_object,1,11,28,42,28,7,7,0,0,280,280
validation,300,libero_object,1,11,29,32,29,7,7,1,1,173,263
validation,300,libero_object,1,11,30,24,30,7,7,1,0,210,280
validation,300,libero_object,1,11,31,19,31,7,7,0,0,280,280
validation,300,libero_object,1,11,32,47,32,7,7,1,1,153,142
validation,300,libero_object,1,11,33,38,33,7,7,1,1,138,138
validation,300,libero_object,1,11,34,11,34,7,7,0,1,280,209
validation,300,libero_object,1,11,35,22,35,7,7,1,0,149,280
validation,300,libero_object,1,11,36,25,36,7,7,1,1,143,253
validation,300,libero_object,1,11,37,15,37,7,7,1,1,186,186
validation,300,libero_object,1,11,38,9,38,7,7,0,0,280,280
validation,300,libero_object,1,11,39,5,39,7,7,1,1,140,139
validation,300,libero_object,1,11,40,7,40,7,7,1,0,202,280
validation,300,libero_object,1,11,41,1,41,7,7,1,0,224,280
validation,300,libero_object,1,11,42,27,42,7,7,1,1,148,133
validation,300,libero_object,1,11,43,20,43,7,7,0,0,280,280
validation,300,libero_object,1,11,44,0,44,7,7,1,1,147,147
validation,300,libero_object,1,11,45,49,45,7,7,1,1,148,182
validation,300,libero_object,1,11,46,44,46,7,7,1,1,142,157
validation,300,libero_object,1,11,47,36,47,7,7,1,1,170,171
validation,300,libero_object,1,11,48,6,48,7,7,1,1,136,211
validation,300,libero_object,1,11,49,21,49,7,7,0,0,280,280
validation,300,libero_object,3,13,0,33,0,7,7,0,0,280,280
validation,300,libero_object,3,13,1,20,1,7,7,0,0,280,280
validation,300,libero_object,3,13,2,18,2,7,7,0,0,280,280
validation,300,libero_object,3,13,3,9,3,7,7,0,0,280,280
validation,300,libero_object,3,13,4,42,4,7,7,0,0,280,280
validation,300,libero_object,3,13,5,34,5,7,7,0,0,280,280
validation,300,libero_object,3,13,6,24,6,7,7,0,0,280,280
validation,300,libero_object,3,13,7,28,7,7,7,0,0,280,280
validation,300,libero_object,3,13,8,25,8,7,7,0,0,280,280
validation,300,libero_object,3,13,9,3,9,7,7,0,0,280,280
validation,300,libero_object,3,13,10,16,10,7,7,0,0,280,280
validation,300,libero_object,3,13,11,14,11,7,7,0,0,280,280
validation,300,libero_object,3,13,12,44,12,7,7,1,0,160,280
validation,300,libero_object,3,13,13,8,13,7,7,0,0,280,280
validation,300,libero_object,3,13,14,48,14,7,7,0,0,280,280
validation,300,libero_object,3,13,15,2,15,7,7,0,0,280,280
validation,300,libero_object,3,13,16,36,16,7,7,0,0,280,280
validation,300,libero_object,3,13,17,35,17,7,7,0,0,280,280
validation,300,libero_object,3,13,18,0,18,7,7,0,0,280,280
validation,300,libero_object,3,13,19,47,19,7,7,0,0,280,280
validation,300,libero_object,3,13,20,30,20,7,7,0,0,280,280
validation,300,libero_object,3,13,21,4,21,7,7,0,0,280,280
validation,300,libero_object,3,13,22,13,22,7,7,0,0,280,280
validation,300,libero_object,3,13,23,45,23,7,7,0,0,280,280
validation,300,libero_object,3,13,24,43,24,7,7,0,0,280,280
validation,300,libero_object,3,13,25,5,25,7,7,0,0,280,280
validation,300,libero_object,3,13,26,7,26,7,7,0,0,280,280
validation,300,libero_object,3,13,27,46,27,7,7,0,1,280,161
validation,300,libero_object,3,13,28,15,28,7,7,0,0,280,280
validation,300,libero_object,3,13,29,49,29,7,7,0,0,280,280
validation,300,libero_object,3,13,30,26,30,7,7,0,0,280,280
validation,300,libero_object,3,13,31,10,31,7,7,0,0,280,280
validation,300,libero_object,3,13,32,23,32,7,7,0,0,280,280
validation,300,libero_object,3,13,33,17,33,7,7,0,0,280,280
validation,300,libero_object,3,13,34,1,34,7,7,0,0,280,280
validation,300,libero_object,3,13,35,21,35,7,7,0,0,280,280
validation,300,libero_object,3,13,36,12,36,7,7,0,0,280,280
validation,300,libero_object,3,13,37,11,37,7,7,0,0,280,280
validation,300,libero_object,3,13,38,40,38,7,7,0,0,280,280
validation,300,libero_object,3,13,39,41,39,7,7,0,0,280,280
validation,300,libero_object,3,13,40,19,40,7,7,0,0,280,280
validation,300,libero_object,3,13,41,32,41,7,7,0,0,280,280
validation,300,libero_object,3,13,42,38,42,7,7,1,1,224,273
validation,300,libero_object,3,13,43,22,43,7,7,1,1,159,151
validation,300,libero_object,3,13,44,29,44,7,7,0,0,280,280
validation,300,libero_object,3,13,45,37,45,7,7,0,0,280,280
validation,300,libero_object,3,13,46,31,46,7,7,0,0,280,280
validation,300,libero_object,3,13,47,6,47,7,7,0,0,280,280
validation,300,libero_object,3,13,48,27,48,7,7,0,0,280,280
validation,300,libero_object,3,13,49,39,49,7,7,0,0,280,280
validation,300,libero_goal,3,23,0,35,0,7,7,0,0,300,300
validation,300,libero_goal,3,23,1,13,1,7,7,0,0,300,300
validation,300,libero_goal,3,23,2,15,2,7,7,0,0,300,300
validation,300,libero_goal,3,23,3,8,3,7,7,0,0,300,300
validation,300,libero_goal,3,23,4,34,4,7,7,0,0,300,300
validation,300,libero_goal,3,23,5,28,5,7,7,0,0,300,300
validation,300,libero_goal,3,23,6,29,6,7,7,0,0,300,300
validation,300,libero_goal,3,23,7,19,7,7,7,0,0,300,300
validation,300,libero_goal,3,23,8,17,8,7,7,0,0,300,300
validation,300,libero_goal,3,23,9,2,9,7,7,0,0,300,300
validation,300,libero_goal,3,23,10,0,10,7,7,0,0,300,300
validation,300,libero_goal,3,23,11,31,11,7,7,0,0,300,300
validation,300,libero_goal,3,23,12,3,12,7,7,0,0,300,300
validation,300,libero_goal,3,23,13,30,13,7,7,0,0,300,300
validation,300,libero_goal,3,23,14,5,14,7,7,0,0,300,300
validation,300,libero_goal,3,23,15,26,15,7,7,0,0,300,300
validation,300,libero_goal,3,23,16,4,16,7,7,0,0,300,300
validation,300,libero_goal,3,23,17,9,17,7,7,0,0,300,300
validation,300,libero_goal,3,23,18,14,18,7,7,0,0,300,300
validation,300,libero_goal,3,23,19,12,19,7,7,0,0,300,300
validation,300,libero_goal,3,23,20,27,20,7,7,0,0,300,300
validation,300,libero_goal,3,23,21,32,21,7,7,0,0,300,300
validation,300,libero_goal,3,23,22,36,22,7,7,0,0,300,300
validation,300,libero_goal,3,23,23,44,23,7,7,0,0,300,300
validation,300,libero_goal,3,23,24,46,24,7,7,0,0,300,300
validation,300,libero_goal,3,23,25,11,25,7,7,0,0,300,300
validation,300,libero_goal,3,23,26,41,26,7,7,0,0,300,300
validation,300,libero_goal,3,23,27,16,27,7,7,0,0,300,300
validation,300,libero_goal,3,23,28,48,28,7,7,0,0,300,300
validation,300,libero_goal,3,23,29,23,29,7,7,0,0,300,300
validation,300,libero_goal,3,23,30,21,30,7,7,0,0,300,300
validation,300,libero_goal,3,23,31,38,31,7,7,0,0,300,300
validation,300,libero_goal,3,23,32,22,32,7,7,0,0,300,300
validation,300,libero_goal,3,23,33,39,33,7,7,0,0,300,300
validation,300,libero_goal,3,23,34,42,34,7,7,0,0,300,300
validation,300,libero_goal,3,23,35,18,35,7,7,0,0,300,300
validation,300,libero_goal,3,23,36,6,36,7,7,0,0,300,300
validation,300,libero_goal,3,23,37,49,37,7,7,0,0,300,300
validation,300,libero_goal,3,23,38,33,38,7,7,0,0,300,300
validation,300,libero_goal,3,23,39,37,39,7,7,0,0,300,300
validation,300,libero_goal,3,23,40,24,40,7,7,0,0,300,300
validation,300,libero_goal,3,23,41,7,41,7,7,0,0,300,300
validation,300,libero_goal,3,23,42,40,42,7,7,0,0,300,300
validation,300,libero_goal,3,23,43,1,43,7,7,0,0,300,300
validation,300,libero_goal,3,23,44,20,44,7,7,0,0,300,300
validation,300,libero_goal,3,23,45,45,45,7,7,0,0,300,300
validation,300,libero_goal,3,23,46,10,46,7,7,0,0,300,300
validation,300,libero_goal,3,23,47,47,47,7,7,0,0,300,300
validation,300,libero_goal,3,23,48,43,48,7,7,0,0,300,300
validation,300,libero_goal,3,23,49,25,49,7,7,0,0,300,300
validation,300,libero_goal,6,26,0,45,0,7,7,1,1,97,116
validation,300,libero_goal,6,26,1,8,1,7,7,0,0,300,300
validation,300,libero_goal,6,26,2,22,2,7,7,0,1,300,137
validation,300,libero_goal,6,26,3,34,3,7,7,1,1,97,116
validation,300,libero_goal,6,26,4,49,4,7,7,1,0,83,300
validation,300,libero_goal,6,26,5,41,5,7,7,1,0,118,300
validation,300,libero_goal,6,26,6,9,6,7,7,1,1,106,117
validation,300,libero_goal,6,26,7,40,7,7,7,1,1,72,96
validation,300,libero_goal,6,26,8,29,8,7,7,1,0,126,300
validation,300,libero_goal,6,26,9,26,9,7,7,1,1,80,92
validation,300,libero_goal,6,26,10,7,10,7,7,0,0,300,300
validation,300,libero_goal,6,26,11,10,11,7,7,1,0,94,300
validation,300,libero_goal,6,26,12,44,12,7,7,1,1,91,127
validation,300,libero_goal,6,26,13,1,13,7,7,0,1,300,141
validation,300,libero_goal,6,26,14,35,14,7,7,1,1,171,136
validation,300,libero_goal,6,26,15,20,15,7,7,1,1,91,180
validation,300,libero_goal,6,26,16,2,16,7,7,1,0,219,300
validation,300,libero_goal,6,26,17,0,17,7,7,0,0,300,300
validation,300,libero_goal,6,26,18,23,18,7,7,1,1,160,117
validation,300,libero_goal,6,26,19,36,19,7,7,1,0,152,300
validation,300,libero_goal,6,26,20,43,20,7,7,1,0,122,300
validation,300,libero_goal,6,26,21,21,21,7,7,1,1,202,117
validation,300,libero_goal,6,26,22,31,22,7,7,1,0,105,300
validation,300,libero_goal,6,26,23,27,23,7,7,0,0,300,300
validation,300,libero_goal,6,26,24,47,24,7,7,0,0,300,300
validation,300,libero_goal,6,26,25,5,25,7,7,0,1,300,128
validation,300,libero_goal,6,26,26,11,26,7,7,0,0,300,300
validation,300,libero_goal,6,26,27,24,27,7,7,1,1,115,177
validation,300,libero_goal,6,26,28,38,28,7,7,1,1,91,117
validation,300,libero_goal,6,26,29,16,29,7,7,0,0,300,300
validation,300,libero_goal,6,26,30,39,30,7,7,0,1,300,121
validation,300,libero_goal,6,26,31,12,31,7,7,1,1,151,113
validation,300,libero_goal,6,26,32,42,32,7,7,0,0,300,300
validation,300,libero_goal,6,26,33,48,33,7,7,0,0,300,300
validation,300,libero_goal,6,26,34,32,34,7,7,0,0,300,300
validation,300,libero_goal,6,26,35,13,35,7,7,1,0,84,300
validation,300,libero_goal,6,26,36,4,36,7,7,1,1,92,122
validation,300,libero_goal,6,26,37,30,37,7,7,1,0,107,300
validation,300,libero_goal,6,26,38,3,38,7,7,1,0,86,300
validation,300,libero_goal,6,26,39,46,39,7,7,0,0,300,300
validation,300,libero_goal,6,26,40,14,40,7,7,0,0,300,300
validation,300,libero_goal,6,26,41,28,41,7,7,1,0,92,300
validation,300,libero_goal,6,26,42,19,42,7,7,1,1,84,139
validation,300,libero_goal,6,26,43,17,43,7,7,1,0,211,300
validation,300,libero_goal,6,26,44,33,44,7,7,0,1,300,152
validation,300,libero_goal,6,26,45,37,45,7,7,1,1,92,103
validation,300,libero_goal,6,26,46,15,46,7,7,1,0,96,300
validation,300,libero_goal,6,26,47,25,47,7,7,1,0,78,300
validation,300,libero_goal,6,26,48,6,48,7,7,0,0,300,300
validation,300,libero_goal,6,26,49,18,49,7,7,0,0,300,300
validation,300,libero_10,1,31,0,47,0,7,7,0,0,520,520
validation,300,libero_10,1,31,1,9,1,7,7,0,0,520,520
validation,300,libero_10,1,31,2,3,2,7,7,0,0,520,520
validation,300,libero_10,1,31,3,32,3,7,7,1,1,457,358
validation,300,libero_10,1,31,4,15,4,7,7,0,1,520,424
validation,300,libero_10,1,31,5,18,5,7,7,0,1,520,294
validation,300,libero_10,1,31,6,34,6,7,7,0,0,520,520
validation,300,libero_10,1,31,7,11,7,7,7,0,1,520,463
validation,300,libero_10,1,31,8,31,8,7,7,1,1,369,344
validation,300,libero_10,1,31,9,45,9,7,7,0,1,520,250
validation,300,libero_10,1,31,10,49,10,7,7,1,0,268,520
validation,300,libero_10,1,31,11,28,11,7,7,0,1,520,415
validation,300,libero_10,1,31,12,39,12,7,7,0,1,520,490
validation,300,libero_10,1,31,13,43,13,7,7,0,0,520,520
validation,300,libero_10,1,31,14,12,14,7,7,0,0,520,520
validation,300,libero_10,1,31,15,38,15,7,7,1,0,402,520
validation,300,libero_10,1,31,16,35,16,7,7,0,1,520,271
validation,300,libero_10,1,31,17,33,17,7,7,0,0,520,520
validation,300,libero_10,1,31,18,42,18,7,7,1,1,325,276
validation,300,libero_10,1,31,19,24,19,7,7,1,1,339,329
validation,300,libero_10,1,31,20,21,20,7,7,1,0,277,520
validation,300,libero_10,1,31,21,23,21,7,7,0,1,520,363
validation,300,libero_10,1,31,22,2,22,7,7,0,1,520,331
validation,300,libero_10,1,31,23,48,23,7,7,0,0,520,520
validation,300,libero_10,1,31,24,0,24,7,7,1,1,472,353
validation,300,libero_10,1,31,25,7,25,7,7,0,0,520,520
validation,300,libero_10,1,31,26,37,26,7,7,1,0,416,520
validation,300,libero_10,1,31,27,4,27,7,7,1,0,404,520
validation,300,libero_10,1,31,28,20,28,7,7,1,0,450,520
validation,300,libero_10,1,31,29,25,29,7,7,0,0,520,520
validation,300,libero_10,1,31,30,46,30,7,7,0,1,520,265
validation,300,libero_10,1,31,31,22,31,7,7,0,1,520,347
validation,300,libero_10,1,31,32,41,32,7,7,0,0,520,520
validation,300,libero_10,1,31,33,40,33,7,7,0,0,520,520
validation,300,libero_10,1,31,34,13,34,7,7,0,0,520,520
validation,300,libero_10,1,31,35,16,35,7,7,0,1,520,445
validation,300,libero_10,1,31,36,10,36,7,7,1,0,290,520
validation,300,libero_10,1,31,37,17,37,7,7,1,1,322,282
validation,300,libero_10,1,31,38,6,38,7,7,0,1,520,318
validation,300,libero_10,1,31,39,27,39,7,7,1,1,260,296
validation,300,libero_10,1,31,40,36,40,7,7,0,0,520,520
validation,300,libero_10,1,31,41,26,41,7,7,1,0,282,520
validation,300,libero_10,1,31,42,44,42,7,7,0,0,520,520
validation,300,libero_10,1,31,43,19,43,7,7,1,1,292,292
validation,300,libero_10,1,31,44,14,44,7,7,1,0,269,520
validation,300,libero_10,1,31,45,8,45,7,7,0,1,520,266
validation,300,libero_10,1,31,46,5,46,7,7,1,0,485,520
validation,300,libero_10,1,31,47,30,47,7,7,1,1,465,307
validation,300,libero_10,1,31,48,29,48,7,7,0,1,520,276
validation,300,libero_10,1,31,49,1,49,7,7,1,1,305,308
validation,300,libero_10,2,32,0,16,0,7,7,0,0,520,520
validation,300,libero_10,2,32,1,35,1,7,7,0,0,520,520
validation,300,libero_10,2,32,2,12,2,7,7,0,0,520,520
validation,300,libero_10,2,32,3,8,3,7,7,0,0,520,520
validation,300,libero_10,2,32,4,37,4,7,7,0,0,520,520
validation,300,libero_10,2,32,5,42,5,7,7,0,0,520,520
validation,300,libero_10,2,32,6,15,6,7,7,0,0,520,520
validation,300,libero_10,2,32,7,43,7,7,7,0,0,520,520
validation,300,libero_10,2,32,8,33,8,7,7,0,0,520,520
validation,300,libero_10,2,32,9,25,9,7,7,0,0,520,520
validation,300,libero_10,2,32,10,3,10,7,7,0,0,520,520
validation,300,libero_10,2,32,11,29,11,7,7,0,0,520,520
validation,300,libero_10,2,32,12,24,12,7,7,0,0,520,520
validation,300,libero_10,2,32,13,28,13,7,7,0,0,520,520
validation,300,libero_10,2,32,14,47,14,7,7,0,0,520,520
validation,300,libero_10,2,32,15,36,15,7,7,0,0,520,520
validation,300,libero_10,2,32,16,18,16,7,7,0,0,520,520
validation,300,libero_10,2,32,17,46,17,7,7,0,0,520,520
validation,300,libero_10,2,32,18,39,18,7,7,0,0,520,520
validation,300,libero_10,2,32,19,31,19,7,7,0,0,520,520
validation,300,libero_10,2,32,20,32,20,7,7,0,0,520,520
validation,300,libero_10,2,32,21,34,21,7,7,0,0,520,520
validation,300,libero_10,2,32,22,19,22,7,7,0,0,520,520
validation,300,libero_10,2,32,23,49,23,7,7,0,0,520,520
validation,300,libero_10,2,32,24,45,24,7,7,0,0,520,520
validation,300,libero_10,2,32,25,21,25,7,7,0,0,520,520
validation,300,libero_10,2,32,26,44,26,7,7,0,0,520,520
validation,300,libero_10,2,32,27,2,27,7,7,0,0,520,520
validation,300,libero_10,2,32,28,38,28,7,7,0,0,520,520
validation,300,libero_10,2,32,29,5,29,7,7,0,0,520,520
validation,300,libero_10,2,32,30,1,30,7,7,0,0,520,520
validation,300,libero_10,2,32,31,27,31,7,7,0,0,520,520
validation,300,libero_10,2,32,32,7,32,7,7,0,0,520,520
validation,300,libero_10,2,32,33,13,33,7,7,0,0,520,520
validation,300,libero_10,2,32,34,23,34,7,7,0,0,520,520
validation,300,libero_10,2,32,35,11,35,7,7,0,0,520,520
validation,300,libero_10,2,32,36,9,36,7,7,0,0,520,520
validation,300,libero_10,2,32,37,0,37,7,7,0,0,520,520
validation,300,libero_10,2,32,38,10,38,7,7,0,0,520,520
validation,300,libero_10,2,32,39,26,39,7,7,0,0,520,520
validation,300,libero_10,2,32,40,4,40,7,7,0,0,520,520
validation,300,libero_10,2,32,41,30,41,7,7,0,0,520,520
validation,300,libero_10,2,32,42,40,42,7,7,0,0,520,520
validation,300,libero_10,2,32,43,22,43,7,7,0,0,520,520
validation,300,libero_10,2,32,44,41,44,7,7,0,0,520,520
validation,300,libero_10,2,32,45,17,45,7,7,0,0,520,520
validation,300,libero_10,2,32,46,20,46,7,7,0,0,520,520
validation,300,libero_10,2,32,47,14,47,7,7,0,0,520,520
validation,300,libero_10,2,32,48,48,48,7,7,0,0,520,520
validation,300,libero_10,2,32,49,6,49,7,7,0,0,520,520
validation,600,libero_spatial,1,1,0,1,0,7,7,0,0,220,220
validation,600,libero_spatial,1,1,1,21,1,7,7,0,0,220,220
validation,600,libero_spatial,1,1,2,39,2,7,7,0,0,220,220
validation,600,libero_spatial,1,1,3,14,3,7,7,0,0,220,220
validation,600,libero_spatial,1,1,4,2,4,7,7,0,0,220,220
validation,600,libero_spatial,1,1,5,34,5,7,7,0,0,220,220
validation,600,libero_spatial,1,1,6,40,6,7,7,0,0,220,220
validation,600,libero_spatial,1,1,7,8,7,7,7,0,0,220,220
validation,600,libero_spatial,1,1,8,4,8,7,7,0,0,220,220
validation,600,libero_spatial,1,1,9,42,9,7,7,0,0,220,220
validation,600,libero_spatial,1,1,10,44,10,7,7,0,0,220,220
validation,600,libero_spatial,1,1,11,24,11,7,7,0,0,220,220
validation,600,libero_spatial,1,1,12,36,12,7,7,0,0,220,220
validation,600,libero_spatial,1,1,13,37,13,7,7,0,0,220,220
validation,600,libero_spatial,1,1,14,18,14,7,7,0,0,220,220
validation,600,libero_spatial,1,1,15,31,15,7,7,0,0,220,220
validation,600,libero_spatial,1,1,16,33,16,7,7,0,0,220,220
validation,600,libero_spatial,1,1,17,9,17,7,7,0,0,220,220
validation,600,libero_spatial,1,1,18,6,18,7,7,0,0,220,220
validation,600,libero_spatial,1,1,19,7,19,7,7,0,0,220,220
validation,600,libero_spatial,1,1,20,27,20,7,7,0,0,220,220
validation,600,libero_spatial,1,1,21,20,21,7,7,0,0,220,220
validation,600,libero_spatial,1,1,22,38,22,7,7,0,0,220,220
validation,600,libero_spatial,1,1,23,46,23,7,7,0,0,220,220
validation,600,libero_spatial,1,1,24,17,24,7,7,0,0,220,220
validation,600,libero_spatial,1,1,25,41,25,7,7,0,0,220,220
validation,600,libero_spatial,1,1,26,0,26,7,7,0,0,220,220
validation,600,libero_spatial,1,1,27,30,27,7,7,0,0,220,220
validation,600,libero_spatial,1,1,28,22,28,7,7,0,0,220,220
validation,600,libero_spatial,1,1,29,12,29,7,7,0,0,220,220
validation,600,libero_spatial,1,1,30,47,30,7,7,0,0,220,220
validation,600,libero_spatial,1,1,31,45,31,7,7,0,0,220,220
validation,600,libero_spatial,1,1,32,32,32,7,7,0,0,220,220
validation,600,libero_spatial,1,1,33,43,33,7,7,0,0,220,220
validation,600,libero_spatial,1,1,34,3,34,7,7,0,0,220,220
validation,600,libero_spatial,1,1,35,11,35,7,7,0,0,220,220
validation,600,libero_spatial,1,1,36,48,36,7,7,0,0,220,220
validation,600,libero_spatial,1,1,37,28,37,7,7,0,0,220,220
validation,600,libero_spatial,1,1,38,35,38,7,7,0,0,220,220
validation,600,libero_spatial,1,1,39,29,39,7,7,0,0,220,220
validation,600,libero_spatial,1,1,40,15,40,7,7,0,0,220,220
validation,600,libero_spatial,1,1,41,5,41,7,7,0,0,220,220
validation,600,libero_spatial,1,1,42,26,42,7,7,0,0,220,220
validation,600,libero_spatial,1,1,43,19,43,7,7,0,0,220,220
validation,600,libero_spatial,1,1,44,23,44,7,7,0,0,220,220
validation,600,libero_spatial,1,1,45,10,45,7,7,0,0,220,220
validation,600,libero_spatial,1,1,46,16,46,7,7,0,0,220,220
validation,600,libero_spatial,1,1,47,25,47,7,7,0,0,220,220
validation,600,libero_spatial,1,1,48,49,48,7,7,0,0,220,220
validation,600,libero_spatial,1,1,49,13,49,7,7,0,0,220,220
validation,600,libero_spatial,3,3,0,2,0,7,7,1,0,143,220
validation,600,libero_spatial,3,3,1,36,1,7,7,0,0,220,220
validation,600,libero_spatial,3,3,2,43,2,7,7,0,0,220,220
validation,600,libero_spatial,3,3,3,16,3,7,7,0,0,220,220
validation,600,libero_spatial,3,3,4,7,4,7,7,0,0,220,220
validation,600,libero_spatial,3,3,5,8,5,7,7,0,0,220,220
validation,600,libero_spatial,3,3,6,14,6,7,7,0,0,220,220
validation,600,libero_spatial,3,3,7,38,7,7,7,1,1,128,158
validation,600,libero_spatial,3,3,8,33,8,7,7,1,0,205,220
validation,600,libero_spatial,3,3,9,1,9,7,7,1,0,201,220
validation,600,libero_spatial,3,3,10,21,10,7,7,0,0,220,220
validation,600,libero_spatial,3,3,11,5,11,7,7,1,0,107,220
validation,600,libero_spatial,3,3,12,49,12,7,7,0,0,220,220
validation,600,libero_spatial,3,3,13,29,13,7,7,0,0,220,220
validation,600,libero_spatial,3,3,14,24,14,7,7,1,0,101,220
validation,600,libero_spatial,3,3,15,10,15,7,7,1,1,90,102
validation,600,libero_spatial,3,3,16,44,16,7,7,0,0,220,220
validation,600,libero_spatial,3,3,17,15,17,7,7,0,0,220,220
validation,600,libero_spatial,3,3,18,19,18,7,7,0,0,220,220
validation,600,libero_spatial,3,3,19,39,19,7,7,0,0,220,220
validation,600,libero_spatial,3,3,20,6,20,7,7,0,0,220,220
validation,600,libero_spatial,3,3,21,30,21,7,7,1,0,102,220
validation,600,libero_spatial,3,3,22,28,22,7,7,0,0,220,220
validation,600,libero_spatial,3,3,23,34,23,7,7,0,0,220,220
validation,600,libero_spatial,3,3,24,3,24,7,7,0,0,220,220
validation,600,libero_spatial,3,3,25,45,25,7,7,0,0,220,220
validation,600,libero_spatial,3,3,26,32,26,7,7,0,0,220,220
validation,600,libero_spatial,3,3,27,22,27,7,7,0,0,220,220
validation,600,libero_spatial,3,3,28,20,28,7,7,0,0,220,220
validation,600,libero_spatial,3,3,29,23,29,7,7,0,0,220,220
validation,600,libero_spatial,3,3,30,9,30,7,7,0,0,220,220
validation,600,libero_spatial,3,3,31,0,31,7,7,0,0,220,220
validation,600,libero_spatial,3,3,32,4,32,7,7,1,0,79,220
validation,600,libero_spatial,3,3,33,47,33,7,7,0,0,220,220
validation,600,libero_spatial,3,3,34,31,34,7,7,1,0,97,220
validation,600,libero_spatial,3,3,35,27,35,7,7,0,1,220,219
validation,600,libero_spatial,3,3,36,17,36,7,7,0,0,220,220
validation,600,libero_spatial,3,3,37,41,37,7,7,1,1,108,119
validation,600,libero_spatial,3,3,38,25,38,7,7,1,0,191,220
validation,600,libero_spatial,3,3,39,35,39,7,7,0,0,220,220
validation,600,libero_spatial,3,3,40,46,40,7,7,0,0,220,220
validation,600,libero_spatial,3,3,41,40,41,7,7,0,0,220,220
validation,600,libero_spatial,3,3,42,42,42,7,7,0,0,220,220
validation,600,libero_spatial,3,3,43,48,43,7,7,0,0,220,220
validation,600,libero_spatial,3,3,44,26,44,7,7,0,0,220,220
validation,600,libero_spatial,3,3,45,11,45,7,7,1,1,99,160
validation,600,libero_spatial,3,3,46,18,46,7,7,0,0,220,220
validation,600,libero_spatial,3,3,47,13,47,7,7,0,0,220,220
validation,600,libero_spatial,3,3,48,12,48,7,7,0,0,220,220
validation,600,libero_spatial,3,3,49,37,49,7,7,0,0,220,220
validation,600,libero_object,1,11,0,34,0,7,7,0,0,280,280
validation,600,libero_object,1,11,1,10,1,7,7,1,0,172,280
validation,600,libero_object,1,11,2,12,2,7,7,1,0,153,280
validation,600,libero_object,1,11,3,2,3,7,7,1,1,149,159
validation,600,libero_object,1,11,4,39,4,7,7,1,1,174,171
validation,600,libero_object,1,11,5,8,5,7,7,0,0,280,280
validation,600,libero_object,1,11,6,35,6,7,7,0,1,280,207
validation,600,libero_object,1,11,7,41,7,7,7,1,1,128,207
validation,600,libero_object,1,11,8,45,8,7,7,1,1,164,252
validation,600,libero_object,1,11,9,16,9,7,7,0,1,280,170
validation,600,libero_object,1,11,10,4,10,7,7,0,1,280,242
validation,600,libero_object,1,11,11,3,11,7,7,1,1,178,141
validation,600,libero_object,1,11,12,30,12,7,7,0,0,280,280
validation,600,libero_object,1,11,13,23,13,7,7,1,1,230,190
validation,600,libero_object,1,11,14,14,14,7,7,0,0,280,280
validation,600,libero_object,1,11,15,48,15,7,7,1,1,150,139
validation,600,libero_object,1,11,16,33,16,7,7,1,1,142,142
validation,600,libero_object,1,11,17,18,17,7,7,1,0,168,280
validation,600,libero_object,1,11,18,13,18,7,7,0,1,280,223
validation,600,libero_object,1,11,19,46,19,7,7,1,1,162,162
validation,600,libero_object,1,11,20,43,20,7,7,0,0,280,280
validation,600,libero_object,1,11,21,28,21,7,7,0,0,280,280
validation,600,libero_object,1,11,22,29,22,7,7,0,1,280,248
validation,600,libero_object,1,11,23,17,23,7,7,0,1,280,247
validation,600,libero_object,1,11,24,37,24,7,7,1,1,155,140
validation,600,libero_object,1,11,25,31,25,7,7,0,1,280,199
validation,600,libero_object,1,11,26,26,26,7,7,1,1,151,148
validation,600,libero_object,1,11,27,40,27,7,7,0,1,280,153
validation,600,libero_object,1,11,28,42,28,7,7,0,0,280,280
validation,600,libero_object,1,11,29,32,29,7,7,1,1,175,264
validation,600,libero_object,1,11,30,24,30,7,7,0,0,280,280
validation,600,libero_object,1,11,31,19,31,7,7,0,0,280,280
validation,600,libero_object,1,11,32,47,32,7,7,1,1,155,173
validation,600,libero_object,1,11,33,38,33,7,7,1,1,138,138
validation,600,libero_object,1,11,34,11,34,7,7,0,0,280,280
validation,600,libero_object,1,11,35,22,35,7,7,1,0,159,280
validation,600,libero_object,1,11,36,25,36,7,7,1,1,204,203
validation,600,libero_object,1,11,37,15,37,7,7,1,1,177,187
validation,600,libero_object,1,11,38,9,38,7,7,0,0,280,280
validation,600,libero_object,1,11,39,5,39,7,7,0,1,280,140
validation,600,libero_object,1,11,40,7,40,7,7,1,0,186,280
validation,600,libero_object,1,11,41,1,41,7,7,0,1,280,157
validation,600,libero_object,1,11,42,27,42,7,7,1,1,128,128
validation,600,libero_object,1,11,43,20,43,7,7,0,0,280,280
validation,600,libero_object,1,11,44,0,44,7,7,1,1,148,141
validation,600,libero_object,1,11,45,49,45,7,7,1,1,144,141
validation,600,libero_object,1,11,46,44,46,7,7,0,1,280,154
validation,600,libero_object,1,11,47,36,47,7,7,1,1,166,170
validation,600,libero_object,1,11,48,6,48,7,7,1,0,131,280
validation,600,libero_object,1,11,49,21,49,7,7,0,0,280,280
validation,600,libero_object,3,13,0,33,0,7,7,0,0,280,280
validation,600,libero_object,3,13,1,20,1,7,7,1,0,177,280
validation,600,libero_object,3,13,2,18,2,7,7,1,1,195,154
validation,600,libero_object,3,13,3,9,3,7,7,0,0,280,280
validation,600,libero_object,3,13,4,42,4,7,7,0,0,280,280
validation,600,libero_object,3,13,5,34,5,7,7,0,0,280,280
validation,600,libero_object,3,13,6,24,6,7,7,0,0,280,280
validation,600,libero_object,3,13,7,28,7,7,7,0,0,280,280
validation,600,libero_object,3,13,8,25,8,7,7,0,0,280,280
validation,600,libero_object,3,13,9,3,9,7,7,0,1,280,252
validation,600,libero_object,3,13,10,16,10,7,7,1,1,149,149
validation,600,libero_object,3,13,11,14,11,7,7,0,0,280,280
validation,600,libero_object,3,13,12,44,12,7,7,0,0,280,280
validation,600,libero_object,3,13,13,8,13,7,7,0,0,280,280
validation,600,libero_object,3,13,14,48,14,7,7,0,0,280,280
validation,600,libero_object,3,13,15,2,15,7,7,0,0,280,280
validation,600,libero_object,3,13,16,36,16,7,7,0,0,280,280
validation,600,libero_object,3,13,17,35,17,7,7,0,0,280,280
validation,600,libero_object,3,13,18,0,18,7,7,0,1,280,121
validation,600,libero_object,3,13,19,47,19,7,7,0,1,280,117
validation,600,libero_object,3,13,20,30,20,7,7,0,1,280,132
validation,600,libero_object,3,13,21,4,21,7,7,0,0,280,280
validation,600,libero_object,3,13,22,13,22,7,7,0,1,280,135
validation,600,libero_object,3,13,23,45,23,7,7,0,0,280,280
validation,600,libero_object,3,13,24,43,24,7,7,0,1,280,134
validation,600,libero_object,3,13,25,5,25,7,7,1,0,186,280
validation,600,libero_object,3,13,26,7,26,7,7,0,1,280,162
validation,600,libero_object,3,13,27,46,27,7,7,0,0,280,280
validation,600,libero_object,3,13,28,15,28,7,7,0,0,280,280
validation,600,libero_object,3,13,29,49,29,7,7,0,0,280,280
validation,600,libero_object,3,13,30,26,30,7,7,0,1,280,137
validation,600,libero_object,3,13,31,10,31,7,7,0,1,280,136
validation,600,libero_object,3,13,32,23,32,7,7,1,0,131,280
validation,600,libero_object,3,13,33,17,33,7,7,1,0,156,280
validation,600,libero_object,3,13,34,1,34,7,7,1,1,266,145
validation,600,libero_object,3,13,35,21,35,7,7,0,1,280,184
validation,600,libero_object,3,13,36,12,36,7,7,0,1,280,162
validation,600,libero_object,3,13,37,11,37,7,7,1,0,224,280
validation,600,libero_object,3,13,38,40,38,7,7,0,0,280,280
validation,600,libero_object,3,13,39,41,39,7,7,0,0,280,280
validation,600,libero_object,3,13,40,19,40,7,7,0,0,280,280
validation,600,libero_object,3,13,41,32,41,7,7,0,1,280,226
validation,600,libero_object,3,13,42,38,42,7,7,0,0,280,280
validation,600,libero_object,3,13,43,22,43,7,7,0,1,280,141
validation,600,libero_object,3,13,44,29,44,7,7,0,0,280,280
validation,600,libero_object,3,13,45,37,45,7,7,0,0,280,280
validation,600,libero_object,3,13,46,31,46,7,7,0,0,280,280
validation,600,libero_object,3,13,47,6,47,7,7,1,0,183,280
validation,600,libero_object,3,13,48,27,48,7,7,0,0,280,280
validation,600,libero_object,3,13,49,39,49,7,7,0,0,280,280
validation,600,libero_goal,3,23,0,35,0,7,7,0,0,300,300
validation,600,libero_goal,3,23,1,13,1,7,7,0,0,300,300
validation,600,libero_goal,3,23,2,15,2,7,7,0,0,300,300
validation,600,libero_goal,3,23,3,8,3,7,7,0,0,300,300
validation,600,libero_goal,3,23,4,34,4,7,7,0,0,300,300
validation,600,libero_goal,3,23,5,28,5,7,7,0,0,300,300
validation,600,libero_goal,3,23,6,29,6,7,7,0,0,300,300
validation,600,libero_goal,3,23,7,19,7,7,7,0,0,300,300
validation,600,libero_goal,3,23,8,17,8,7,7,0,0,300,300
validation,600,libero_goal,3,23,9,2,9,7,7,0,0,300,300
validation,600,libero_goal,3,23,10,0,10,7,7,0,0,300,300
validation,600,libero_goal,3,23,11,31,11,7,7,0,0,300,300
validation,600,libero_goal,3,23,12,3,12,7,7,0,0,300,300
validation,600,libero_goal,3,23,13,30,13,7,7,0,0,300,300
validation,600,libero_goal,3,23,14,5,14,7,7,0,0,300,300
validation,600,libero_goal,3,23,15,26,15,7,7,0,0,300,300
validation,600,libero_goal,3,23,16,4,16,7,7,0,0,300,300
validation,600,libero_goal,3,23,17,9,17,7,7,0,0,300,300
validation,600,libero_goal,3,23,18,14,18,7,7,0,0,300,300
validation,600,libero_goal,3,23,19,12,19,7,7,0,0,300,300
validation,600,libero_goal,3,23,20,27,20,7,7,0,0,300,300
validation,600,libero_goal,3,23,21,32,21,7,7,0,0,300,300
validation,600,libero_goal,3,23,22,36,22,7,7,0,0,300,300
validation,600,libero_goal,3,23,23,44,23,7,7,0,0,300,300
validation,600,libero_goal,3,23,24,46,24,7,7,0,0,300,300
validation,600,libero_goal,3,23,25,11,25,7,7,0,0,300,300
validation,600,libero_goal,3,23,26,41,26,7,7,0,0,300,300
validation,600,libero_goal,3,23,27,16,27,7,7,0,0,300,300
validation,600,libero_goal,3,23,28,48,28,7,7,0,0,300,300
validation,600,libero_goal,3,23,29,23,29,7,7,0,0,300,300
validation,600,libero_goal,3,23,30,21,30,7,7,0,0,300,300
validation,600,libero_goal,3,23,31,38,31,7,7,0,0,300,300
validation,600,libero_goal,3,23,32,22,32,7,7,0,0,300,300
validation,600,libero_goal,3,23,33,39,33,7,7,0,0,300,300
validation,600,libero_goal,3,23,34,42,34,7,7,0,0,300,300
validation,600,libero_goal,3,23,35,18,35,7,7,0,0,300,300
validation,600,libero_goal,3,23,36,6,36,7,7,0,0,300,300
validation,600,libero_goal,3,23,37,49,37,7,7,0,0,300,300
validation,600,libero_goal,3,23,38,33,38,7,7,1,0,197,300
validation,600,libero_goal,3,23,39,37,39,7,7,0,0,300,300
validation,600,libero_goal,3,23,40,24,40,7,7,0,0,300,300
validation,600,libero_goal,3,23,41,7,41,7,7,0,0,300,300
validation,600,libero_goal,3,23,42,40,42,7,7,0,0,300,300
validation,600,libero_goal,3,23,43,1,43,7,7,0,0,300,300
validation,600,libero_goal,3,23,44,20,44,7,7,0,0,300,300
validation,600,libero_goal,3,23,45,45,45,7,7,0,0,300,300
validation,600,libero_goal,3,23,46,10,46,7,7,0,0,300,300
validation,600,libero_goal,3,23,47,47,47,7,7,0,0,300,300
validation,600,libero_goal,3,23,48,43,48,7,7,0,0,300,300
validation,600,libero_goal,3,23,49,25,49,7,7,0,0,300,300
validation,600,libero_goal,6,26,0,45,0,7,7,1,1,97,116
validation,600,libero_goal,6,26,1,8,1,7,7,1,1,108,130
validation,600,libero_goal,6,26,2,22,2,7,7,1,1,106,117
validation,600,libero_goal,6,26,3,34,3,7,7,1,1,97,116
validation,600,libero_goal,6,26,4,49,4,7,7,0,0,300,300
validation,600,libero_goal,6,26,5,41,5,7,7,0,0,300,300
validation,600,libero_goal,6,26,6,9,6,7,7,1,1,111,112
validation,600,libero_goal,6,26,7,40,7,7,7,1,1,88,92
validation,600,libero_goal,6,26,8,29,8,7,7,1,1,98,121
validation,600,libero_goal,6,26,9,26,9,7,7,1,1,92,91
validation,600,libero_goal,6,26,10,7,10,7,7,0,0,300,300
validation,600,libero_goal,6,26,11,10,11,7,7,1,0,103,300
validation,600,libero_goal,6,26,12,44,12,7,7,1,1,104,107
validation,600,libero_goal,6,26,13,1,13,7,7,1,0,93,300
validation,600,libero_goal,6,26,14,35,14,7,7,0,1,300,107
validation,600,libero_goal,6,26,15,20,15,7,7,1,1,96,97
validation,600,libero_goal,6,26,16,2,16,7,7,0,1,300,182
validation,600,libero_goal,6,26,17,0,17,7,7,1,0,100,300
validation,600,libero_goal,6,26,18,23,18,7,7,1,1,86,112
validation,600,libero_goal,6,26,19,36,19,7,7,1,1,159,130
validation,600,libero_goal,6,26,20,43,20,7,7,1,0,108,300
validation,600,libero_goal,6,26,21,21,21,7,7,1,1,102,116
validation,600,libero_goal,6,26,22,31,22,7,7,1,1,107,112
validation,600,libero_goal,6,26,23,27,23,7,7,0,1,300,148
validation,600,libero_goal,6,26,24,47,24,7,7,0,0,300,300
validation,600,libero_goal,6,26,25,5,25,7,7,0,1,300,123
validation,600,libero_goal,6,26,26,11,26,7,7,1,1,108,113
validation,600,libero_goal,6,26,27,24,27,7,7,1,1,83,169
validation,600,libero_goal,6,26,28,38,28,7,7,1,1,95,110
validation,600,libero_goal,6,26,29,16,29,7,7,1,0,90,300
validation,600,libero_goal,6,26,30,39,30,7,7,1,0,96,300
validation,600,libero_goal,6,26,31,12,31,7,7,1,1,102,116
validation,600,libero_goal,6,26,32,42,32,7,7,1,0,116,300
validation,600,libero_goal,6,26,33,48,33,7,7,1,1,92,112
validation,600,libero_goal,6,26,34,32,34,7,7,1,1,94,130
validation,600,libero_goal,6,26,35,13,35,7,7,0,1,300,250
validation,600,libero_goal,6,26,36,4,36,7,7,1,1,108,113
validation,600,libero_goal,6,26,37,30,37,7,7,0,0,300,300
validation,600,libero_goal,6,26,38,3,38,7,7,1,1,92,102
validation,600,libero_goal,6,26,39,46,39,7,7,0,0,300,300
validation,600,libero_goal,6,26,40,14,40,7,7,0,0,300,300
validation,600,libero_goal,6,26,41,28,41,7,7,1,1,125,142
validation,600,libero_goal,6,26,42,19,42,7,7,1,1,86,136
validation,600,libero_goal,6,26,43,17,43,7,7,1,1,129,182
validation,600,libero_goal,6,26,44,33,44,7,7,0,1,300,117
validation,600,libero_goal,6,26,45,37,45,7,7,1,1,95,97
validation,600,libero_goal,6,26,46,15,46,7,7,0,1,300,123
validation,600,libero_goal,6,26,47,25,47,7,7,1,0,107,300
validation,600,libero_goal,6,26,48,6,48,7,7,0,0,300,300
validation,600,libero_goal,6,26,49,18,49,7,7,1,1,102,203
validation,600,libero_10,1,31,0,47,0,7,7,0,1,520,262
validation,600,libero_10,1,31,1,9,1,7,7,0,0,520,520
validation,600,libero_10,1,31,2,3,2,7,7,0,0,520,520
validation,600,libero_10,1,31,3,32,3,7,7,0,1,520,373
validation,600,libero_10,1,31,4,15,4,7,7,0,1,520,302
validation,600,libero_10,1,31,5,18,5,7,7,0,0,520,520
validation,600,libero_10,1,31,6,34,6,7,7,0,1,520,268
validation,600,libero_10,1,31,7,11,7,7,7,0,0,520,520
validation,600,libero_10,1,31,8,31,8,7,7,0,1,520,343
validation,600,libero_10,1,31,9,45,9,7,7,0,0,520,520
validation,600,libero_10,1,31,10,49,10,7,7,0,1,520,266
validation,600,libero_10,1,31,11,28,11,7,7,1,0,422,520
validation,600,libero_10,1,31,12,39,12,7,7,0,0,520,520
validation,600,libero_10,1,31,13,43,13,7,7,0,0,520,520
validation,600,libero_10,1,31,14,12,14,7,7,0,0,520,520
validation,600,libero_10,1,31,15,38,15,7,7,0,1,520,400
validation,600,libero_10,1,31,16,35,16,7,7,0,1,520,266
validation,600,libero_10,1,31,17,33,17,7,7,0,0,520,520
validation,600,libero_10,1,31,18,42,18,7,7,0,1,520,492
validation,600,libero_10,1,31,19,24,19,7,7,0,1,520,252
validation,600,libero_10,1,31,20,21,20,7,7,0,1,520,277
validation,600,libero_10,1,31,21,23,21,7,7,0,0,520,520
validation,600,libero_10,1,31,22,2,22,7,7,0,1,520,304
validation,600,libero_10,1,31,23,48,23,7,7,0,1,520,455
validation,600,libero_10,1,31,24,0,24,7,7,0,0,520,520
validation,600,libero_10,1,31,25,7,25,7,7,1,0,360,520
validation,600,libero_10,1,31,26,37,26,7,7,0,1,520,265
validation,600,libero_10,1,31,27,4,27,7,7,0,0,520,520
validation,600,libero_10,1,31,28,20,28,7,7,0,0,520,520
validation,600,libero_10,1,31,29,25,29,7,7,0,0,520,520
validation,600,libero_10,1,31,30,46,30,7,7,0,1,520,238
validation,600,libero_10,1,31,31,22,31,7,7,0,0,520,520
validation,600,libero_10,1,31,32,41,32,7,7,0,0,520,520
validation,600,libero_10,1,31,33,40,33,7,7,0,1,520,292
validation,600,libero_10,1,31,34,13,34,7,7,0,1,520,259
validation,600,libero_10,1,31,35,16,35,7,7,0,1,520,467
validation,600,libero_10,1,31,36,10,36,7,7,1,0,446,520
validation,600,libero_10,1,31,37,17,37,7,7,1,0,391,520
validation,600,libero_10,1,31,38,6,38,7,7,0,1,520,497
validation,600,libero_10,1,31,39,27,39,7,7,0,0,520,520
validation,600,libero_10,1,31,40,36,40,7,7,0,0,520,520
validation,600,libero_10,1,31,41,26,41,7,7,0,1,520,334
validation,600,libero_10,1,31,42,44,42,7,7,0,0,520,520
validation,600,libero_10,1,31,43,19,43,7,7,0,0,520,520
validation,600,libero_10,1,31,44,14,44,7,7,0,0,520,520
validation,600,libero_10,1,31,45,8,45,7,7,0,1,520,400
validation,600,libero_10,1,31,46,5,46,7,7,0,0,520,520
validation,600,libero_10,1,31,47,30,47,7,7,0,0,520,520
validation,600,libero_10,1,31,48,29,48,7,7,0,1,520,236
validation,600,libero_10,1,31,49,1,49,7,7,0,1,520,267
validation,600,libero_10,2,32,0,16,0,7,7,0,0,520,520
validation,600,libero_10,2,32,1,35,1,7,7,0,0,520,520
validation,600,libero_10,2,32,2,12,2,7,7,0,0,520,520
validation,600,libero_10,2,32,3,8,3,7,7,0,0,520,520
validation,600,libero_10,2,32,4,37,4,7,7,0,0,520,520
validation,600,libero_10,2,32,5,42,5,7,7,0,0,520,520
validation,600,libero_10,2,32,6,15,6,7,7,0,0,520,520
validation,600,libero_10,2,32,7,43,7,7,7,0,0,520,520
validation,600,libero_10,2,32,8,33,8,7,7,0,0,520,520
validation,600,libero_10,2,32,9,25,9,7,7,0,0,520,520
validation,600,libero_10,2,32,10,3,10,7,7,0,0,520,520
validation,600,libero_10,2,32,11,29,11,7,7,0,0,520,520
validation,600,libero_10,2,32,12,24,12,7,7,0,0,520,520
validation,600,libero_10,2,32,13,28,13,7,7,0,0,520,520
validation,600,libero_10,2,32,14,47,14,7,7,0,0,520,520
validation,600,libero_10,2,32,15,36,15,7,7,0,0,520,520
validation,600,libero_10,2,32,16,18,16,7,7,0,0,520,520
validation,600,libero_10,2,32,17,46,17,7,7,0,0,520,520
validation,600,libero_10,2,32,18,39,18,7,7,0,0,520,520
validation,600,libero_10,2,32,19,31,19,7,7,0,0,520,520
validation,600,libero_10,2,32,20,32,20,7,7,0,0,520,520
validation,600,libero_10,2,32,21,34,21,7,7,0,0,520,520
validation,600,libero_10,2,32,22,19,22,7,7,0,0,520,520
validation,600,libero_10,2,32,23,49,23,7,7,0,0,520,520
validation,600,libero_10,2,32,24,45,24,7,7,0,0,520,520
validation,600,libero_10,2,32,25,21,25,7,7,0,0,520,520
validation,600,libero_10,2,32,26,44,26,7,7,0,0,520,520
validation,600,libero_10,2,32,27,2,27,7,7,0,0,520,520
validation,600,libero_10,2,32,28,38,28,7,7,0,0,520,520
validation,600,libero_10,2,32,29,5,29,7,7,0,0,520,520
validation,600,libero_10,2,32,30,1,30,7,7,0,0,520,520
validation,600,libero_10,2,32,31,27,31,7,7,0,0,520,520
validation,600,libero_10,2,32,32,7,32,7,7,0,0,520,520
validation,600,libero_10,2,32,33,13,33,7,7,0,0,520,520
validation,600,libero_10,2,32,34,23,34,7,7,0,0,520,520
validation,600,libero_10,2,32,35,11,35,7,7,0,0,520,520
validation,600,libero_10,2,32,36,9,36,7,7,0,0,520,520
validation,600,libero_10,2,32,37,0,37,7,7,0,0,520,520
validation,600,libero_10,2,32,38,10,38,7,7,0,0,520,520
validation,600,libero_10,2,32,39,26,39,7,7,0,0,520,520
validation,600,libero_10,2,32,40,4,40,7,7,0,0,520,520
validation,600,libero_10,2,32,41,30,41,7,7,0,0,520,520
validation,600,libero_10,2,32,42,40,42,7,7,0,0,520,520
validation,600,libero_10,2,32,43,22,43,7,7,0,0,520,520
validation,600,libero_10,2,32,44,41,44,7,7,0,0,520,520
validation,600,libero_10,2,32,45,17,45,7,7,0,0,520,520
validation,600,libero_10,2,32,46,20,46,7,7,0,0,520,520
validation,600,libero_10,2,32,47,14,47,7,7,0,0,520,520
validation,600,libero_10,2,32,48,48,48,7,7,0,0,520,520
validation,600,libero_10,2,32,49,6,49,7,7,0,0,520,520
validation,900,libero_spatial,1,1,0,1,0,7,7,0,0,220,220
validation,900,libero_spatial,1,1,1,21,1,7,7,0,0,220,220
validation,900,libero_spatial,1,1,2,39,2,7,7,0,1,220,198
validation,900,libero_spatial,1,1,3,14,3,7,7,0,0,220,220
validation,900,libero_spatial,1,1,4,2,4,7,7,0,0,220,220
validation,900,libero_spatial,1,1,5,34,5,7,7,0,0,220,220
validation,900,libero_spatial,1,1,6,40,6,7,7,1,0,186,220
validation,900,libero_spatial,1,1,7,8,7,7,7,0,0,220,220
validation,900,libero_spatial,1,1,8,4,8,7,7,0,0,220,220
validation,900,libero_spatial,1,1,9,42,9,7,7,0,0,220,220
validation,900,libero_spatial,1,1,10,44,10,7,7,0,0,220,220
validation,900,libero_spatial,1,1,11,24,11,7,7,0,0,220,220
validation,900,libero_spatial,1,1,12,36,12,7,7,0,0,220,220
validation,900,libero_spatial,1,1,13,37,13,7,7,0,0,220,220
validation,900,libero_spatial,1,1,14,18,14,7,7,0,0,220,220
validation,900,libero_spatial,1,1,15,31,15,7,7,0,0,220,220
validation,900,libero_spatial,1,1,16,33,16,7,7,0,0,220,220
validation,900,libero_spatial,1,1,17,9,17,7,7,0,0,220,220
validation,900,libero_spatial,1,1,18,6,18,7,7,0,0,220,220
validation,900,libero_spatial,1,1,19,7,19,7,7,0,0,220,220
validation,900,libero_spatial,1,1,20,27,20,7,7,0,0,220,220
validation,900,libero_spatial,1,1,21,20,21,7,7,0,0,220,220
validation,900,libero_spatial,1,1,22,38,22,7,7,0,0,220,220
validation,900,libero_spatial,1,1,23,46,23,7,7,0,0,220,220
validation,900,libero_spatial,1,1,24,17,24,7,7,0,0,220,220
validation,900,libero_spatial,1,1,25,41,25,7,7,0,0,220,220
validation,900,libero_spatial,1,1,26,0,26,7,7,0,0,220,220
validation,900,libero_spatial,1,1,27,30,27,7,7,0,0,220,220
validation,900,libero_spatial,1,1,28,22,28,7,7,0,0,220,220
validation,900,libero_spatial,1,1,29,12,29,7,7,0,0,220,220
validation,900,libero_spatial,1,1,30,47,30,7,7,0,0,220,220
validation,900,libero_spatial,1,1,31,45,31,7,7,0,0,220,220
validation,900,libero_spatial,1,1,32,32,32,7,7,0,0,220,220
validation,900,libero_spatial,1,1,33,43,33,7,7,0,0,220,220
validation,900,libero_spatial,1,1,34,3,34,7,7,0,0,220,220
validation,900,libero_spatial,1,1,35,11,35,7,7,0,0,220,220
validation,900,libero_spatial,1,1,36,48,36,7,7,0,0,220,220
validation,900,libero_spatial,1,1,37,28,37,7,7,0,0,220,220
validation,900,libero_spatial,1,1,38,35,38,7,7,0,0,220,220
validation,900,libero_spatial,1,1,39,29,39,7,7,0,0,220,220
validation,900,libero_spatial,1,1,40,15,40,7,7,0,0,220,220
validation,900,libero_spatial,1,1,41,5,41,7,7,0,0,220,220
validation,900,libero_spatial,1,1,42,26,42,7,7,0,0,220,220
validation,900,libero_spatial,1,1,43,19,43,7,7,0,0,220,220
validation,900,libero_spatial,1,1,44,23,44,7,7,0,0,220,220
validation,900,libero_spatial,1,1,45,10,45,7,7,0,0,220,220
validation,900,libero_spatial,1,1,46,16,46,7,7,0,0,220,220
validation,900,libero_spatial,1,1,47,25,47,7,7,0,0,220,220
validation,900,libero_spatial,1,1,48,49,48,7,7,0,0,220,220
validation,900,libero_spatial,1,1,49,13,49,7,7,0,0,220,220
validation,900,libero_spatial,3,3,0,2,0,7,7,1,0,142,220
validation,900,libero_spatial,3,3,1,36,1,7,7,1,1,122,142
validation,900,libero_spatial,3,3,2,43,2,7,7,1,0,151,220
validation,900,libero_spatial,3,3,3,16,3,7,7,0,1,220,154
validation,900,libero_spatial,3,3,4,7,4,7,7,0,0,220,220
validation,900,libero_spatial,3,3,5,8,5,7,7,0,0,220,220
validation,900,libero_spatial,3,3,6,14,6,7,7,0,0,220,220
validation,900,libero_spatial,3,3,7,38,7,7,7,0,0,220,220
validation,900,libero_spatial,3,3,8,33,8,7,7,0,0,220,220
validation,900,libero_spatial,3,3,9,1,9,7,7,0,0,220,220
validation,900,libero_spatial,3,3,10,21,10,7,7,0,0,220,220
validation,900,libero_spatial,3,3,11,5,11,7,7,0,0,220,220
validation,900,libero_spatial,3,3,12,49,12,7,7,0,0,220,220
validation,900,libero_spatial,3,3,13,29,13,7,7,0,0,220,220
validation,900,libero_spatial,3,3,14,24,14,7,7,1,1,156,209
validation,900,libero_spatial,3,3,15,10,15,7,7,1,1,92,88
validation,900,libero_spatial,3,3,16,44,16,7,7,0,0,220,220
validation,900,libero_spatial,3,3,17,15,17,7,7,1,0,149,220
validation,900,libero_spatial,3,3,18,19,18,7,7,0,0,220,220
validation,900,libero_spatial,3,3,19,39,19,7,7,0,0,220,220
validation,900,libero_spatial,3,3,20,6,20,7,7,0,0,220,220
validation,900,libero_spatial,3,3,21,30,21,7,7,1,0,104,220
validation,900,libero_spatial,3,3,22,28,22,7,7,0,1,220,158
validation,900,libero_spatial,3,3,23,34,23,7,7,1,1,107,114
validation,900,libero_spatial,3,3,24,3,24,7,7,1,1,114,119
validation,900,libero_spatial,3,3,25,45,25,7,7,0,0,220,220
validation,900,libero_spatial,3,3,26,32,26,7,7,0,0,220,220
validation,900,libero_spatial,3,3,27,22,27,7,7,0,0,220,220
validation,900,libero_spatial,3,3,28,20,28,7,7,0,0,220,220
validation,900,libero_spatial,3,3,29,23,29,7,7,0,0,220,220
validation,900,libero_spatial,3,3,30,9,30,7,7,0,0,220,220
validation,900,libero_spatial,3,3,31,0,31,7,7,0,0,220,220
validation,900,libero_spatial,3,3,32,4,32,7,7,1,1,76,87
validation,900,libero_spatial,3,3,33,47,33,7,7,0,0,220,220
validation,900,libero_spatial,3,3,34,31,34,7,7,0,1,220,101
validation,900,libero_spatial,3,3,35,27,35,7,7,0,0,220,220
validation,900,libero_spatial,3,3,36,17,36,7,7,0,0,220,220
validation,900,libero_spatial,3,3,37,41,37,7,7,1,1,112,119
validation,900,libero_spatial,3,3,38,25,38,7,7,1,1,109,173
validation,900,libero_spatial,3,3,39,35,39,7,7,1,0,135,220
validation,900,libero_spatial,3,3,40,46,40,7,7,0,0,220,220
validation,900,libero_spatial,3,3,41,40,41,7,7,1,0,220,220
validation,900,libero_spatial,3,3,42,42,42,7,7,0,0,220,220
validation,900,libero_spatial,3,3,43,48,43,7,7,1,0,115,220
validation,900,libero_spatial,3,3,44,26,44,7,7,0,0,220,220
validation,900,libero_spatial,3,3,45,11,45,7,7,1,1,113,106
validation,900,libero_spatial,3,3,46,18,46,7,7,0,0,220,220
validation,900,libero_spatial,3,3,47,13,47,7,7,0,0,220,220
validation,900,libero_spatial,3,3,48,12,48,7,7,0,0,220,220
validation,900,libero_spatial,3,3,49,37,49,7,7,0,1,220,195
validation,900,libero_object,1,11,0,34,0,7,7,1,1,250,224
validation,900,libero_object,1,11,1,10,1,7,7,0,0,280,280
validation,900,libero_object,1,11,2,12,2,7,7,1,1,153,153
validation,900,libero_object,1,11,3,2,3,7,7,1,1,148,157
validation,900,libero_object,1,11,4,39,4,7,7,1,1,170,143
validation,900,libero_object,1,11,5,8,5,7,7,1,1,133,185
validation,900,libero_object,1,11,6,35,6,7,7,1,1,143,157
validation,900,libero_object,1,11,7,41,7,7,7,1,1,147,204
validation,900,libero_object,1,11,8,45,8,7,7,1,1,143,143
validation,900,libero_object,1,11,9,16,9,7,7,1,0,137,280
validation,900,libero_object,1,11,10,4,10,7,7,0,1,280,242
validation,900,libero_object,1,11,11,3,11,7,7,1,1,141,132
validation,900,libero_object,1,11,12,30,12,7,7,1,1,226,271
validation,900,libero_object,1,11,13,23,13,7,7,1,1,198,209
validation,900,libero_object,1,11,14,14,14,7,7,1,1,158,142
validation,900,libero_object,1,11,15,48,15,7,7,1,1,133,139
validation,900,libero_object,1,11,16,33,16,7,7,1,1,172,142
validation,900,libero_object,1,11,17,18,17,7,7,1,1,162,143
validation,900,libero_object,1,11,18,13,18,7,7,1,1,230,223
validation,900,libero_object,1,11,19,46,19,7,7,1,1,156,140
validation,900,libero_object,1,11,20,43,20,7,7,0,1,280,242
validation,900,libero_object,1,11,21,28,21,7,7,1,0,221,280
validation,900,libero_object,1,11,22,29,22,7,7,1,1,172,174
validation,900,libero_object,1,11,23,17,23,7,7,1,1,204,205
validation,900,libero_object,1,11,24,37,24,7,7,1,1,138,133
validation,900,libero_object,1,11,25,31,25,7,7,1,1,155,139
validation,900,libero_object,1,11,26,26,26,7,7,1,1,151,151
validation,900,libero_object,1,11,27,40,27,7,7,1,1,155,147
validation,900,libero_object,1,11,28,42,28,7,7,1,1,137,172
validation,900,libero_object,1,11,29,32,29,7,7,1,1,144,144
validation,900,libero_object,1,11,30,24,30,7,7,0,0,280,280
validation,900,libero_object,1,11,31,19,31,7,7,1,1,192,215
validation,900,libero_object,1,11,32,47,32,7,7,1,1,176,154
validation,900,libero_object,1,11,33,38,33,7,7,1,1,127,128
validation,900,libero_object,1,11,34,11,34,7,7,1,1,147,144
validation,900,libero_object,1,11,35,22,35,7,7,1,1,148,148
validation,900,libero_object,1,11,36,25,36,7,7,1,1,139,159
validation,900,libero_object,1,11,37,15,37,7,7,1,1,185,172
validation,900,libero_object,1,11,38,9,38,7,7,1,1,239,204
validation,900,libero_object,1,11,39,5,39,7,7,1,1,137,139
validation,900,libero_object,1,11,40,7,40,7,7,1,1,145,146
validation,900,libero_object,1,11,41,1,41,7,7,1,1,157,171
validation,900,libero_object,1,11,42,27,42,7,7,1,1,133,133
validation,900,libero_object,1,11,43,20,43,7,7,0,0,280,280
validation,900,libero_object,1,11,44,0,44,7,7,1,1,149,153
validation,900,libero_object,1,11,45,49,45,7,7,1,1,140,142
validation,900,libero_object,1,11,46,44,46,7,7,1,1,132,132
validation,900,libero_object,1,11,47,36,47,7,7,1,1,158,149
validation,900,libero_object,1,11,48,6,48,7,7,1,1,205,128
validation,900,libero_object,1,11,49,21,49,7,7,0,0,280,280
validation,900,libero_object,3,13,0,33,0,7,7,1,0,136,280
validation,900,libero_object,3,13,1,20,1,7,7,0,0,280,280
validation,900,libero_object,3,13,2,18,2,7,7,1,1,195,127
validation,900,libero_object,3,13,3,9,3,7,7,0,0,280,280
validation,900,libero_object,3,13,4,42,4,7,7,0,0,280,280
validation,900,libero_object,3,13,5,34,5,7,7,1,0,154,280
validation,900,libero_object,3,13,6,24,6,7,7,0,0,280,280
validation,900,libero_object,3,13,7,28,7,7,7,0,0,280,280
validation,900,libero_object,3,13,8,25,8,7,7,0,0,280,280
validation,900,libero_object,3,13,9,3,9,7,7,1,0,184,280
validation,900,libero_object,3,13,10,16,10,7,7,1,1,129,192
validation,900,libero_object,3,13,11,14,11,7,7,0,0,280,280
validation,900,libero_object,3,13,12,44,12,7,7,1,0,181,280
validation,900,libero_object,3,13,13,8,13,7,7,0,0,280,280
validation,900,libero_object,3,13,14,48,14,7,7,1,1,232,137
validation,900,libero_object,3,13,15,2,15,7,7,0,0,280,280
validation,900,libero_object,3,13,16,36,16,7,7,0,0,280,280
validation,900,libero_object,3,13,17,35,17,7,7,0,0,280,280
validation,900,libero_object,3,13,18,0,18,7,7,0,0,280,280
validation,900,libero_object,3,13,19,47,19,7,7,0,0,280,280
validation,900,libero_object,3,13,20,30,20,7,7,0,0,280,280
validation,900,libero_object,3,13,21,4,21,7,7,0,0,280,280
validation,900,libero_object,3,13,22,13,22,7,7,1,0,162,280
validation,900,libero_object,3,13,23,45,23,7,7,0,0,280,280
validation,900,libero_object,3,13,24,43,24,7,7,0,0,280,280
validation,900,libero_object,3,13,25,5,25,7,7,0,1,280,162
validation,900,libero_object,3,13,26,7,26,7,7,1,0,244,280
validation,900,libero_object,3,13,27,46,27,7,7,0,0,280,280
validation,900,libero_object,3,13,28,15,28,7,7,0,1,280,137
validation,900,libero_object,3,13,29,49,29,7,7,0,1,280,142
validation,900,libero_object,3,13,30,26,30,7,7,1,1,183,137
validation,900,libero_object,3,13,31,10,31,7,7,1,0,136,280
validation,900,libero_object,3,13,32,23,32,7,7,1,1,276,228
validation,900,libero_object,3,13,33,17,33,7,7,0,1,280,189
validation,900,libero_object,3,13,34,1,34,7,7,1,0,142,280
validation,900,libero_object,3,13,35,21,35,7,7,0,1,280,125
validation,900,libero_object,3,13,36,12,36,7,7,1,0,232,280
validation,900,libero_object,3,13,37,11,37,7,7,0,1,280,132
validation,900,libero_object,3,13,38,40,38,7,7,0,1,280,147
validation,900,libero_object,3,13,39,41,39,7,7,1,0,126,280
validation,900,libero_object,3,13,40,19,40,7,7,0,0,280,280
validation,900,libero_object,3,13,41,32,41,7,7,0,1,280,166
validation,900,libero_object,3,13,42,38,42,7,7,0,1,280,113
validation,900,libero_object,3,13,43,22,43,7,7,0,1,280,136
validation,900,libero_object,3,13,44,29,44,7,7,0,0,280,280
validation,900,libero_object,3,13,45,37,45,7,7,1,0,179,280
validation,900,libero_object,3,13,46,31,46,7,7,0,0,280,280
validation,900,libero_object,3,13,47,6,47,7,7,0,1,280,137
validation,900,libero_object,3,13,48,27,48,7,7,0,1,280,144
validation,900,libero_object,3,13,49,39,49,7,7,0,0,280,280
validation,900,libero_goal,3,23,0,35,0,7,7,0,0,300,300
validation,900,libero_goal,3,23,1,13,1,7,7,0,0,300,300
validation,900,libero_goal,3,23,2,15,2,7,7,0,0,300,300
validation,900,libero_goal,3,23,3,8,3,7,7,0,0,300,300
validation,900,libero_goal,3,23,4,34,4,7,7,0,0,300,300
validation,900,libero_goal,3,23,5,28,5,7,7,0,0,300,300
validation,900,libero_goal,3,23,6,29,6,7,7,0,0,300,300
validation,900,libero_goal,3,23,7,19,7,7,7,0,0,300,300
validation,900,libero_goal,3,23,8,17,8,7,7,0,0,300,300
validation,900,libero_goal,3,23,9,2,9,7,7,0,0,300,300
validation,900,libero_goal,3,23,10,0,10,7,7,0,0,300,300
validation,900,libero_goal,3,23,11,31,11,7,7,0,0,300,300
validation,900,libero_goal,3,23,12,3,12,7,7,0,0,300,300
validation,900,libero_goal,3,23,13,30,13,7,7,0,0,300,300
validation,900,libero_goal,3,23,14,5,14,7,7,0,0,300,300
validation,900,libero_goal,3,23,15,26,15,7,7,0,0,300,300
validation,900,libero_goal,3,23,16,4,16,7,7,0,0,300,300
validation,900,libero_goal,3,23,17,9,17,7,7,0,0,300,300
validation,900,libero_goal,3,23,18,14,18,7,7,0,0,300,300
validation,900,libero_goal,3,23,19,12,19,7,7,0,0,300,300
validation,900,libero_goal,3,23,20,27,20,7,7,0,0,300,300
validation,900,libero_goal,3,23,21,32,21,7,7,0,0,300,300
validation,900,libero_goal,3,23,22,36,22,7,7,0,0,300,300
validation,900,libero_goal,3,23,23,44,23,7,7,0,0,300,300
validation,900,libero_goal,3,23,24,46,24,7,7,0,0,300,300
validation,900,libero_goal,3,23,25,11,25,7,7,0,0,300,300
validation,900,libero_goal,3,23,26,41,26,7,7,0,0,300,300
validation,900,libero_goal,3,23,27,16,27,7,7,0,0,300,300
validation,900,libero_goal,3,23,28,48,28,7,7,0,0,300,300
validation,900,libero_goal,3,23,29,23,29,7,7,0,0,300,300
validation,900,libero_goal,3,23,30,21,30,7,7,0,0,300,300
validation,900,libero_goal,3,23,31,38,31,7,7,0,0,300,300
validation,900,libero_goal,3,23,32,22,32,7,7,0,0,300,300
validation,900,libero_goal,3,23,33,39,33,7,7,0,0,300,300
validation,900,libero_goal,3,23,34,42,34,7,7,0,0,300,300
validation,900,libero_goal,3,23,35,18,35,7,7,0,0,300,300
validation,900,libero_goal,3,23,36,6,36,7,7,0,0,300,300
validation,900,libero_goal,3,23,37,49,37,7,7,0,0,300,300
validation,900,libero_goal,3,23,38,33,38,7,7,0,0,300,300
validation,900,libero_goal,3,23,39,37,39,7,7,0,0,300,300
validation,900,libero_goal,3,23,40,24,40,7,7,0,0,300,300
validation,900,libero_goal,3,23,41,7,41,7,7,0,0,300,300
validation,900,libero_goal,3,23,42,40,42,7,7,0,0,300,300
validation,900,libero_goal,3,23,43,1,43,7,7,0,0,300,300
validation,900,libero_goal,3,23,44,20,44,7,7,0,0,300,300
validation,900,libero_goal,3,23,45,45,45,7,7,0,0,300,300
validation,900,libero_goal,3,23,46,10,46,7,7,0,0,300,300
validation,900,libero_goal,3,23,47,47,47,7,7,0,0,300,300
validation,900,libero_goal,3,23,48,43,48,7,7,0,0,300,300
validation,900,libero_goal,3,23,49,25,49,7,7,0,0,300,300
validation,900,libero_goal,6,26,0,45,0,7,7,1,1,106,115
validation,900,libero_goal,6,26,1,8,1,7,7,1,1,122,109
validation,900,libero_goal,6,26,2,22,2,7,7,1,1,117,137
validation,900,libero_goal,6,26,3,34,3,7,7,1,1,106,115
validation,900,libero_goal,6,26,4,49,4,7,7,0,1,300,105
validation,900,libero_goal,6,26,5,41,5,7,7,0,0,300,300
validation,900,libero_goal,6,26,6,9,6,7,7,1,1,114,113
validation,900,libero_goal,6,26,7,40,7,7,7,1,1,90,177
validation,900,libero_goal,6,26,8,29,8,7,7,1,1,111,111
validation,900,libero_goal,6,26,9,26,9,7,7,1,1,97,91
validation,900,libero_goal,6,26,10,7,10,7,7,0,0,300,300
validation,900,libero_goal,6,26,11,10,11,7,7,1,1,105,112
validation,900,libero_goal,6,26,12,44,12,7,7,0,0,300,300
validation,900,libero_goal,6,26,13,1,13,7,7,1,0,102,300
validation,900,libero_goal,6,26,14,35,14,7,7,0,1,300,115
validation,900,libero_goal,6,26,15,20,15,7,7,0,1,300,96
validation,900,libero_goal,6,26,16,2,16,7,7,0,0,300,300
validation,900,libero_goal,6,26,17,0,17,7,7,0,0,300,300
validation,900,libero_goal,6,26,18,23,18,7,7,1,1,97,112
validation,900,libero_goal,6,26,19,36,19,7,7,0,1,300,165
validation,900,libero_goal,6,26,20,43,20,7,7,1,1,115,126
validation,900,libero_goal,6,26,21,21,21,7,7,1,1,112,114
validation,900,libero_goal,6,26,22,31,22,7,7,0,1,300,132
validation,900,libero_goal,6,26,23,27,23,7,7,1,1,139,142
validation,900,libero_goal,6,26,24,47,24,7,7,0,1,300,263
validation,900,libero_goal,6,26,25,5,25,7,7,0,1,300,105
validation,900,libero_goal,6,26,26,11,26,7,7,0,1,300,101
validation,900,libero_goal,6,26,27,24,27,7,7,1,1,131,102
validation,900,libero_goal,6,26,28,38,28,7,7,1,0,116,300
validation,900,libero_goal,6,26,29,16,29,7,7,1,0,107,300
validation,900,libero_goal,6,26,30,39,30,7,7,1,0,112,300
validation,900,libero_goal,6,26,31,12,31,7,7,1,1,108,116
validation,900,libero_goal,6,26,32,42,32,7,7,1,1,209,131
validation,900,libero_goal,6,26,33,48,33,7,7,1,1,107,119
validation,900,libero_goal,6,26,34,32,34,7,7,1,1,124,125
validation,900,libero_goal,6,26,35,13,35,7,7,0,0,300,300
validation,900,libero_goal,6,26,36,4,36,7,7,1,1,126,108
validation,900,libero_goal,6,26,37,30,37,7,7,0,1,300,139
validation,900,libero_goal,6,26,38,3,38,7,7,0,1,300,92
validation,900,libero_goal,6,26,39,46,39,7,7,1,0,108,300
validation,900,libero_goal,6,26,40,14,40,7,7,0,1,300,143
validation,900,libero_goal,6,26,41,28,41,7,7,1,1,159,130
validation,900,libero_goal,6,26,42,19,42,7,7,1,1,136,135
validation,900,libero_goal,6,26,43,17,43,7,7,1,1,222,120
validation,900,libero_goal,6,26,44,33,44,7,7,0,1,300,116
validation,900,libero_goal,6,26,45,37,45,7,7,1,1,102,102
validation,900,libero_goal,6,26,46,15,46,7,7,1,1,118,117
validation,900,libero_goal,6,26,47,25,47,7,7,1,1,107,107
validation,900,libero_goal,6,26,48,6,48,7,7,0,0,300,300
validation,900,libero_goal,6,26,49,18,49,7,7,0,1,300,117
validation,900,libero_10,1,31,0,47,0,7,7,0,1,520,392
validation,900,libero_10,1,31,1,9,1,7,7,0,0,520,520
validation,900,libero_10,1,31,2,3,2,7,7,1,0,256,520
validation,900,libero_10,1,31,3,32,3,7,7,1,1,267,377
validation,900,libero_10,1,31,4,15,4,7,7,1,0,343,520
validation,900,libero_10,1,31,5,18,5,7,7,1,1,328,327
validation,900,libero_10,1,31,6,34,6,7,7,1,1,268,266
validation,900,libero_10,1,31,7,11,7,7,7,0,0,520,520
validation,900,libero_10,1,31,8,31,8,7,7,0,0,520,520
validation,900,libero_10,1,31,9,45,9,7,7,1,1,246,381
validation,900,libero_10,1,31,10,49,10,7,7,0,1,520,304
validation,900,libero_10,1,31,11,28,11,7,7,1,1,499,261
validation,900,libero_10,1,31,12,39,12,7,7,1,1,297,267
validation,900,libero_10,1,31,13,43,13,7,7,1,1,293,257
validation,900,libero_10,1,31,14,12,14,7,7,0,0,520,520
validation,900,libero_10,1,31,15,38,15,7,7,0,0,520,520
validation,900,libero_10,1,31,16,35,16,7,7,0,1,520,271
validation,900,libero_10,1,31,17,33,17,7,7,0,0,520,520
validation,900,libero_10,1,31,18,42,18,7,7,1,1,276,299
validation,900,libero_10,1,31,19,24,19,7,7,1,1,266,328
validation,900,libero_10,1,31,20,21,20,7,7,1,1,289,300
validation,900,libero_10,1,31,21,23,21,7,7,1,0,288,520
validation,900,libero_10,1,31,22,2,22,7,7,1,1,411,408
validation,900,libero_10,1,31,23,48,23,7,7,1,1,324,465
validation,900,libero_10,1,31,24,0,24,7,7,1,0,272,520
validation,900,libero_10,1,31,25,7,25,7,7,1,1,261,387
validation,900,libero_10,1,31,26,37,26,7,7,1,1,268,269
validation,900,libero_10,1,31,27,4,27,7,7,1,0,311,520
validation,900,libero_10,1,31,28,20,28,7,7,1,0,408,520
validation,900,libero_10,1,31,29,25,29,7,7,1,1,292,302
validation,900,libero_10,1,31,30,46,30,7,7,1,1,268,238
validation,900,libero_10,1,31,31,22,31,7,7,0,1,520,444
validation,900,libero_10,1,31,32,41,32,7,7,1,0,332,520
validation,900,libero_10,1,31,33,40,33,7,7,0,0,520,520
validation,900,libero_10,1,31,34,13,34,7,7,1,1,308,307
validation,900,libero_10,1,31,35,16,35,7,7,0,1,520,464
validation,900,libero_10,1,31,36,10,36,7,7,1,1,281,448
validation,900,libero_10,1,31,37,17,37,7,7,1,1,279,282
validation,900,libero_10,1,31,38,6,38,7,7,1,1,336,359
validation,900,libero_10,1,31,39,27,39,7,7,1,0,382,520
validation,900,libero_10,1,31,40,36,40,7,7,0,0,520,520
validation,900,libero_10,1,31,41,26,41,7,7,0,1,520,501
validation,900,libero_10,1,31,42,44,42,7,7,0,0,520,520
validation,900,libero_10,1,31,43,19,43,7,7,0,1,520,275
validation,900,libero_10,1,31,44,14,44,7,7,1,0,332,520
validation,900,libero_10,1,31,45,8,45,7,7,1,0,265,520
validation,900,libero_10,1,31,46,5,46,7,7,1,0,277,520
validation,900,libero_10,1,31,47,30,47,7,7,1,0,395,520
validation,900,libero_10,1,31,48,29,48,7,7,1,1,387,306
validation,900,libero_10,1,31,49,1,49,7,7,0,0,520,520
validation,900,libero_10,2,32,0,16,0,7,7,0,0,520,520
validation,900,libero_10,2,32,1,35,1,7,7,0,0,520,520
validation,900,libero_10,2,32,2,12,2,7,7,0,0,520,520
validation,900,libero_10,2,32,3,8,3,7,7,0,0,520,520
validation,900,libero_10,2,32,4,37,4,7,7,0,1,520,430
validation,900,libero_10,2,32,5,42,5,7,7,0,0,520,520
validation,900,libero_10,2,32,6,15,6,7,7,0,0,520,520
validation,900,libero_10,2,32,7,43,7,7,7,0,0,520,520
validation,900,libero_10,2,32,8,33,8,7,7,0,0,520,520
validation,900,libero_10,2,32,9,25,9,7,7,0,0,520,520
validation,900,libero_10,2,32,10,3,10,7,7,0,0,520,520
validation,900,libero_10,2,32,11,29,11,7,7,0,0,520,520
validation,900,libero_10,2,32,12,24,12,7,7,0,0,520,520
validation,900,libero_10,2,32,13,28,13,7,7,0,0,520,520
validation,900,libero_10,2,32,14,47,14,7,7,0,0,520,520
validation,900,libero_10,2,32,15,36,15,7,7,0,0,520,520
validation,900,libero_10,2,32,16,18,16,7,7,0,0,520,520
validation,900,libero_10,2,32,17,46,17,7,7,0,0,520,520
validation,900,libero_10,2,32,18,39,18,7,7,0,0,520,520
validation,900,libero_10,2,32,19,31,19,7,7,0,0,520,520
validation,900,libero_10,2,32,20,32,20,7,7,0,0,520,520
validation,900,libero_10,2,32,21,34,21,7,7,0,0,520,520
validation,900,libero_10,2,32,22,19,22,7,7,0,0,520,520
validation,900,libero_10,2,32,23,49,23,7,7,0,0,520,520
validation,900,libero_10,2,32,24,45,24,7,7,0,0,520,520
validation,900,libero_10,2,32,25,21,25,7,7,0,0,520,520
validation,900,libero_10,2,32,26,44,26,7,7,0,0,520,520
validation,900,libero_10,2,32,27,2,27,7,7,0,0,520,520
validation,900,libero_10,2,32,28,38,28,7,7,0,0,520,520
validation,900,libero_10,2,32,29,5,29,7,7,0,0,520,520
validation,900,libero_10,2,32,30,1,30,7,7,0,0,520,520
validation,900,libero_10,2,32,31,27,31,7,7,0,0,520,520
validation,900,libero_10,2,32,32,7,32,7,7,0,0,520,520
validation,900,libero_10,2,32,33,13,33,7,7,0,0,520,520
validation,900,libero_10,2,32,34,23,34,7,7,0,0,520,520
validation,900,libero_10,2,32,35,11,35,7,7,0,0,520,520
validation,900,libero_10,2,32,36,9,36,7,7,0,0,520,520
validation,900,libero_10,2,32,37,0,37,7,7,0,0,520,520
validation,900,libero_10,2,32,38,10,38,7,7,0,0,520,520
validation,900,libero_10,2,32,39,26,39,7,7,0,0,520,520
validation,900,libero_10,2,32,40,4,40,7,7,0,0,520,520
validation,900,libero_10,2,32,41,30,41,7,7,0,0,520,520
validation,900,libero_10,2,32,42,40,42,7,7,0,0,520,520
validation,900,libero_10,2,32,43,22,43,7,7,0,0,520,520
validation,900,libero_10,2,32,44,41,44,7,7,0,0,520,520
validation,900,libero_10,2,32,45,17,45,7,7,0,0,520,520
validation,900,libero_10,2,32,46,20,46,7,7,0,0,520,520
validation,900,libero_10,2,32,47,14,47,7,7,0,0,520,520
validation,900,libero_10,2,32,48,48,48,7,7,0,0,520,520
validation,900,libero_10,2,32,49,6,49,7,7,0,0,520,520
validation,1200,libero_spatial,1,1,0,1,0,7,7,0,0,220,220
validation,1200,libero_spatial,1,1,1,21,1,7,7,0,0,220,220
validation,1200,libero_spatial,1,1,2,39,2,7,7,0,0,220,220
validation,1200,libero_spatial,1,1,3,14,3,7,7,0,0,220,220
validation,1200,libero_spatial,1,1,4,2,4,7,7,0,0,220,220
validation,1200,libero_spatial,1,1,5,34,5,7,7,0,0,220,220
validation,1200,libero_spatial,1,1,6,40,6,7,7,0,0,220,220
validation,1200,libero_spatial,1,1,7,8,7,7,7,0,0,220,220
validation,1200,libero_spatial,1,1,8,4,8,7,7,0,0,220,220
validation,1200,libero_spatial,1,1,9,42,9,7,7,0,0,220,220
validation,1200,libero_spatial,1,1,10,44,10,7,7,0,0,220,220
validation,1200,libero_spatial,1,1,11,24,11,7,7,0,0,220,220
validation,1200,libero_spatial,1,1,12,36,12,7,7,0,0,220,220
validation,1200,libero_spatial,1,1,13,37,13,7,7,0,0,220,220
validation,1200,libero_spatial,1,1,14,18,14,7,7,0,0,220,220
validation,1200,libero_spatial,1,1,15,31,15,7,7,0,0,220,220
validation,1200,libero_spatial,1,1,16,33,16,7,7,0,0,220,220
validation,1200,libero_spatial,1,1,17,9,17,7,7,0,0,220,220
validation,1200,libero_spatial,1,1,18,6,18,7,7,0,0,220,220
validation,1200,libero_spatial,1,1,19,7,19,7,7,0,0,220,220
validation,1200,libero_spatial,1,1,20,27,20,7,7,0,0,220,220
validation,1200,libero_spatial,1,1,21,20,21,7,7,0,0,220,220
validation,1200,libero_spatial,1,1,22,38,22,7,7,0,0,220,220
validation,1200,libero_spatial,1,1,23,46,23,7,7,0,0,220,220
validation,1200,libero_spatial,1,1,24,17,24,7,7,0,0,220,220
validation,1200,libero_spatial,1,1,25,41,25,7,7,0,0,220,220
validation,1200,libero_spatial,1,1,26,0,26,7,7,0,0,220,220
validation,1200,libero_spatial,1,1,27,30,27,7,7,0,0,220,220
validation,1200,libero_spatial,1,1,28,22,28,7,7,0,0,220,220
validation,1200,libero_spatial,1,1,29,12,29,7,7,0,0,220,220
validation,1200,libero_spatial,1,1,30,47,30,7,7,0,0,220,220
validation,1200,libero_spatial,1,1,31,45,31,7,7,0,0,220,220
validation,1200,libero_spatial,1,1,32,32,32,7,7,0,0,220,220
validation,1200,libero_spatial,1,1,33,43,33,7,7,0,0,220,220
validation,1200,libero_spatial,1,1,34,3,34,7,7,0,0,220,220
validation,1200,libero_spatial,1,1,35,11,35,7,7,0,0,220,220
validation,1200,libero_spatial,1,1,36,48,36,7,7,0,0,220,220
validation,1200,libero_spatial,1,1,37,28,37,7,7,0,0,220,220
validation,1200,libero_spatial,1,1,38,35,38,7,7,0,0,220,220
validation,1200,libero_spatial,1,1,39,29,39,7,7,0,0,220,220
validation,1200,libero_spatial,1,1,40,15,40,7,7,0,0,220,220
validation,1200,libero_spatial,1,1,41,5,41,7,7,0,0,220,220
validation,1200,libero_spatial,1,1,42,26,42,7,7,0,0,220,220
validation,1200,libero_spatial,1,1,43,19,43,7,7,0,0,220,220
validation,1200,libero_spatial,1,1,44,23,44,7,7,0,0,220,220
validation,1200,libero_spatial,1,1,45,10,45,7,7,0,0,220,220
validation,1200,libero_spatial,1,1,46,16,46,7,7,0,0,220,220
validation,1200,libero_spatial,1,1,47,25,47,7,7,0,0,220,220
validation,1200,libero_spatial,1,1,48,49,48,7,7,0,0,220,220
validation,1200,libero_spatial,1,1,49,13,49,7,7,0,0,220,220
validation,1200,libero_spatial,3,3,0,2,0,7,7,0,0,220,220
validation,1200,libero_spatial,3,3,1,36,1,7,7,0,0,220,220
validation,1200,libero_spatial,3,3,2,43,2,7,7,1,0,120,220
validation,1200,libero_spatial,3,3,3,16,3,7,7,0,0,220,220
validation,1200,libero_spatial,3,3,4,7,4,7,7,0,0,220,220
validation,1200,libero_spatial,3,3,5,8,5,7,7,0,0,220,220
validation,1200,libero_spatial,3,3,6,14,6,7,7,0,0,220,220
validation,1200,libero_spatial,3,3,7,38,7,7,7,0,0,220,220
validation,1200,libero_spatial,3,3,8,33,8,7,7,0,0,220,220
validation,1200,libero_spatial,3,3,9,1,9,7,7,1,0,201,220
validation,1200,libero_spatial,3,3,10,21,10,7,7,0,0,220,220
validation,1200,libero_spatial,3,3,11,5,11,7,7,0,0,220,220
validation,1200,libero_spatial,3,3,12,49,12,7,7,0,0,220,220
validation,1200,libero_spatial,3,3,13,29,13,7,7,0,0,220,220
validation,1200,libero_spatial,3,3,14,24,14,7,7,1,1,159,100
validation,1200,libero_spatial,3,3,15,10,15,7,7,1,1,88,88
validation,1200,libero_spatial,3,3,16,44,16,7,7,0,0,220,220
validation,1200,libero_spatial,3,3,17,15,17,7,7,1,0,122,220
validation,1200,libero_spatial,3,3,18,19,18,7,7,0,0,220,220
validation,1200,libero_spatial,3,3,19,39,19,7,7,0,0,220,220
validation,1200,libero_spatial,3,3,20,6,20,7,7,0,0,220,220
validation,1200,libero_spatial,3,3,21,30,21,7,7,1,0,108,220
validation,1200,libero_spatial,3,3,22,28,22,7,7,0,0,220,220
validation,1200,libero_spatial,3,3,23,34,23,7,7,1,0,104,220
validation,1200,libero_spatial,3,3,24,3,24,7,7,0,1,220,119
validation,1200,libero_spatial,3,3,25,45,25,7,7,0,0,220,220
validation,1200,libero_spatial,3,3,26,32,26,7,7,0,0,220,220
validation,1200,libero_spatial,3,3,27,22,27,7,7,0,0,220,220
validation,1200,libero_spatial,3,3,28,20,28,7,7,0,0,220,220
validation,1200,libero_spatial,3,3,29,23,29,7,7,0,0,220,220
validation,1200,libero_spatial,3,3,30,9,30,7,7,0,0,220,220
validation,1200,libero_spatial,3,3,31,0,31,7,7,0,0,220,220
validation,1200,libero_spatial,3,3,32,4,32,7,7,0,1,220,80
validation,1200,libero_spatial,3,3,33,47,33,7,7,0,0,220,220
validation,1200,libero_spatial,3,3,34,31,34,7,7,1,1,154,116
validation,1200,libero_spatial,3,3,35,27,35,7,7,0,0,220,220
validation,1200,libero_spatial,3,3,36,17,36,7,7,1,0,128,220
validation,1200,libero_spatial,3,3,37,41,37,7,7,0,1,220,116
validation,1200,libero_spatial,3,3,38,25,38,7,7,1,0,191,220
validation,1200,libero_spatial,3,3,39,35,39,7,7,0,0,220,220
validation,1200,libero_spatial,3,3,40,46,40,7,7,1,0,214,220
validation,1200,libero_spatial,3,3,41,40,41,7,7,0,0,220,220
validation,1200,libero_spatial,3,3,42,42,42,7,7,1,0,105,220
validation,1200,libero_spatial,3,3,43,48,43,7,7,1,1,97,204
validation,1200,libero_spatial,3,3,44,26,44,7,7,0,0,220,220
validation,1200,libero_spatial,3,3,45,11,45,7,7,1,1,117,104
validation,1200,libero_spatial,3,3,46,18,46,7,7,0,0,220,220
validation,1200,libero_spatial,3,3,47,13,47,7,7,0,0,220,220
validation,1200,libero_spatial,3,3,48,12,48,7,7,0,0,220,220
validation,1200,libero_spatial,3,3,49,37,49,7,7,0,0,220,220
validation,1200,libero_object,1,11,0,34,0,7,7,1,1,226,196
validation,1200,libero_object,1,11,1,10,1,7,7,1,1,160,238
validation,1200,libero_object,1,11,2,12,2,7,7,1,1,150,213
validation,1200,libero_object,1,11,3,2,3,7,7,1,1,137,138
validation,1200,libero_object,1,11,4,39,4,7,7,0,1,280,173
validation,1200,libero_object,1,11,5,8,5,7,7,0,0,280,280
validation,1200,libero_object,1,11,6,35,6,7,7,1,0,197,280
validation,1200,libero_object,1,11,7,41,7,7,7,1,1,112,204
validation,1200,libero_object,1,11,8,45,8,7,7,1,1,180,161
validation,1200,libero_object,1,11,9,16,9,7,7,1,1,176,172
validation,1200,libero_object,1,11,10,4,10,7,7,0,0,280,280
validation,1200,libero_object,1,11,11,3,11,7,7,1,1,138,141
validation,1200,libero_object,1,11,12,30,12,7,7,0,1,280,259
validation,1200,libero_object,1,11,13,23,13,7,7,1,1,205,189
validation,1200,libero_object,1,11,14,14,14,7,7,0,0,280,280
validation,1200,libero_object,1,11,15,48,15,7,7,1,1,139,132
validation,1200,libero_object,1,11,16,33,16,7,7,1,1,147,172
validation,1200,libero_object,1,11,17,18,17,7,7,1,1,162,243
validation,1200,libero_object,1,11,18,13,18,7,7,1,1,223,227
validation,1200,libero_object,1,11,19,46,19,7,7,1,1,137,162
validation,1200,libero_object,1,11,20,43,20,7,7,0,1,280,273
validation,1200,libero_object,1,11,21,28,21,7,7,0,0,280,280
validation,1200,libero_object,1,11,22,29,22,7,7,1,1,191,190
validation,1200,libero_object,1,11,23,17,23,7,7,1,1,136,204
validation,1200,libero_object,1,11,24,37,24,7,7,1,1,117,133
validation,1200,libero_object,1,11,25,31,25,7,7,0,1,280,278
validation,1200,libero_object,1,11,26,26,26,7,7,1,1,123,157
validation,1200,libero_object,1,11,27,40,27,7,7,1,1,148,148
validation,1200,libero_object,1,11,28,42,28,7,7,1,1,128,261
validation,1200,libero_object,1,11,29,32,29,7,7,1,1,144,144
validation,1200,libero_object,1,11,30,24,30,7,7,0,0,280,280
validation,1200,libero_object,1,11,31,19,31,7,7,1,0,192,280
validation,1200,libero_object,1,11,32,47,32,7,7,1,0,126,280
validation,1200,libero_object,1,11,33,38,33,7,7,1,1,125,128
validation,1200,libero_object,1,11,34,11,34,7,7,0,0,280,280
validation,1200,libero_object,1,11,35,22,35,7,7,1,0,159,280
validation,1200,libero_object,1,11,36,25,36,7,7,1,1,158,183
validation,1200,libero_object,1,11,37,15,37,7,7,1,1,175,172
validation,1200,libero_object,1,11,38,9,38,7,7,0,0,280,280
validation,1200,libero_object,1,11,39,5,39,7,7,1,1,140,138
validation,1200,libero_object,1,11,40,7,40,7,7,1,1,141,176
validation,1200,libero_object,1,11,41,1,41,7,7,1,1,173,171
validation,1200,libero_object,1,11,42,27,42,7,7,1,1,118,125
validation,1200,libero_object,1,11,43,20,43,7,7,1,1,273,278
validation,1200,libero_object,1,11,44,0,44,7,7,1,1,143,141
validation,1200,libero_object,1,11,45,49,45,7,7,1,1,140,182
validation,1200,libero_object,1,11,46,44,46,7,7,1,1,136,181
validation,1200,libero_object,1,11,47,36,47,7,7,1,1,122,148
validation,1200,libero_object,1,11,48,6,48,7,7,0,0,280,280
validation,1200,libero_object,1,11,49,21,49,7,7,0,1,280,248
validation,1200,libero_object,3,13,0,33,0,7,7,1,1,242,203
validation,1200,libero_object,3,13,1,20,1,7,7,0,0,280,280
validation,1200,libero_object,3,13,2,18,2,7,7,0,0,280,280
validation,1200,libero_object,3,13,3,9,3,7,7,0,0,280,280
validation,1200,libero_object,3,13,4,42,4,7,7,1,0,178,280
validation,1200,libero_object,3,13,5,34,5,7,7,0,1,280,110
validation,1200,libero_object,3,13,6,24,6,7,7,0,1,280,197
validation,1200,libero_object,3,13,7,28,7,7,7,1,0,242,280
validation,1200,libero_object,3,13,8,25,8,7,7,1,0,191,280
validation,1200,libero_object,3,13,9,3,9,7,7,1,1,136,136
validation,1200,libero_object,3,13,10,16,10,7,7,1,1,159,141
validation,1200,libero_object,3,13,11,14,11,7,7,0,0,280,280
validation,1200,libero_object,3,13,12,44,12,7,7,0,0,280,280
validation,1200,libero_object,3,13,13,8,13,7,7,0,0,280,280
validation,1200,libero_object,3,13,14,48,14,7,7,1,1,121,201
validation,1200,libero_object,3,13,15,2,15,7,7,0,0,280,280
validation,1200,libero_object,3,13,16,36,16,7,7,1,1,198,137
validation,1200,libero_object,3,13,17,35,17,7,7,0,0,280,280
validation,1200,libero_object,3,13,18,0,18,7,7,1,1,121,112
validation,1200,libero_object,3,13,19,47,19,7,7,0,0,280,280
validation,1200,libero_object,3,13,20,30,20,7,7,1,0,181,280
validation,1200,libero_object,3,13,21,4,21,7,7,0,0,280,280
validation,1200,libero_object,3,13,22,13,22,7,7,1,1,188,193
validation,1200,libero_object,3,13,23,45,23,7,7,0,0,280,280
validation,1200,libero_object,3,13,24,43,24,7,7,0,1,280,127
validation,1200,libero_object,3,13,25,5,25,7,7,0,0,280,280
validation,1200,libero_object,3,13,26,7,26,7,7,0,0,280,280
validation,1200,libero_object,3,13,27,46,27,7,7,0,0,280,280
validation,1200,libero_object,3,13,28,15,28,7,7,0,0,280,280
validation,1200,libero_object,3,13,29,49,29,7,7,0,1,280,142
validation,1200,libero_object,3,13,30,26,30,7,7,0,1,280,162
validation,1200,libero_object,3,13,31,10,31,7,7,1,0,136,280
validation,1200,libero_object,3,13,32,23,32,7,7,1,1,172,163
validation,1200,libero_object,3,13,33,17,33,7,7,0,0,280,280
validation,1200,libero_object,3,13,34,1,34,7,7,0,1,280,166
validation,1200,libero_object,3,13,35,21,35,7,7,0,1,280,102
validation,1200,libero_object,3,13,36,12,36,7,7,0,1,280,126
validation,1200,libero_object,3,13,37,11,37,7,7,1,0,196,280
validation,1200,libero_object,3,13,38,40,38,7,7,1,1,117,137
validation,1200,libero_object,3,13,39,41,39,7,7,1,1,127,228
validation,1200,libero_object,3,13,40,19,40,7,7,0,0,280,280
validation,1200,libero_object,3,13,41,32,41,7,7,0,1,280,136
validation,1200,libero_object,3,13,42,38,42,7,7,0,1,280,245
validation,1200,libero_object,3,13,43,22,43,7,7,0,0,280,280
validation,1200,libero_object,3,13,44,29,44,7,7,0,0,280,280
validation,1200,libero_object,3,13,45,37,45,7,7,1,0,182,280
validation,1200,libero_object,3,13,46,31,46,7,7,0,0,280,280
validation,1200,libero_object,3,13,47,6,47,7,7,1,1,166,182
validation,1200,libero_object,3,13,48,27,48,7,7,0,0,280,280
validation,1200,libero_object,3,13,49,39,49,7,7,0,0,280,280
validation,1200,libero_goal,3,23,0,35,0,7,7,0,0,300,300
validation,1200,libero_goal,3,23,1,13,1,7,7,0,0,300,300
validation,1200,libero_goal,3,23,2,15,2,7,7,0,0,300,300
validation,1200,libero_goal,3,23,3,8,3,7,7,0,0,300,300
validation,1200,libero_goal,3,23,4,34,4,7,7,0,0,300,300
validation,1200,libero_goal,3,23,5,28,5,7,7,0,0,300,300
validation,1200,libero_goal,3,23,6,29,6,7,7,0,0,300,300
validation,1200,libero_goal,3,23,7,19,7,7,7,0,0,300,300
validation,1200,libero_goal,3,23,8,17,8,7,7,0,0,300,300
validation,1200,libero_goal,3,23,9,2,9,7,7,0,0,300,300
validation,1200,libero_goal,3,23,10,0,10,7,7,0,0,300,300
validation,1200,libero_goal,3,23,11,31,11,7,7,0,0,300,300
validation,1200,libero_goal,3,23,12,3,12,7,7,0,0,300,300
validation,1200,libero_goal,3,23,13,30,13,7,7,0,0,300,300
validation,1200,libero_goal,3,23,14,5,14,7,7,0,0,300,300
validation,1200,libero_goal,3,23,15,26,15,7,7,0,0,300,300
validation,1200,libero_goal,3,23,16,4,16,7,7,1,0,185,300
validation,1200,libero_goal,3,23,17,9,17,7,7,0,0,300,300
validation,1200,libero_goal,3,23,18,14,18,7,7,0,0,300,300
validation,1200,libero_goal,3,23,19,12,19,7,7,0,0,300,300
validation,1200,libero_goal,3,23,20,27,20,7,7,0,0,300,300
validation,1200,libero_goal,3,23,21,32,21,7,7,0,0,300,300
validation,1200,libero_goal,3,23,22,36,22,7,7,0,0,300,300
validation,1200,libero_goal,3,23,23,44,23,7,7,0,0,300,300
validation,1200,libero_goal,3,23,24,46,24,7,7,1,0,182,300
validation,1200,libero_goal,3,23,25,11,25,7,7,0,0,300,300
validation,1200,libero_goal,3,23,26,41,26,7,7,0,0,300,300
validation,1200,libero_goal,3,23,27,16,27,7,7,0,0,300,300
validation,1200,libero_goal,3,23,28,48,28,7,7,0,0,300,300
validation,1200,libero_goal,3,23,29,23,29,7,7,0,0,300,300
validation,1200,libero_goal,3,23,30,21,30,7,7,0,0,300,300
validation,1200,libero_goal,3,23,31,38,31,7,7,0,0,300,300
validation,1200,libero_goal,3,23,32,22,32,7,7,0,0,300,300
validation,1200,libero_goal,3,23,33,39,33,7,7,0,0,300,300
validation,1200,libero_goal,3,23,34,42,34,7,7,0,0,300,300
validation,1200,libero_goal,3,23,35,18,35,7,7,0,0,300,300
validation,1200,libero_goal,3,23,36,6,36,7,7,0,0,300,300
validation,1200,libero_goal,3,23,37,49,37,7,7,0,0,300,300
validation,1200,libero_goal,3,23,38,33,38,7,7,0,0,300,300
validation,1200,libero_goal,3,23,39,37,39,7,7,0,0,300,300
validation,1200,libero_goal,3,23,40,24,40,7,7,0,0,300,300
validation,1200,libero_goal,3,23,41,7,41,7,7,0,0,300,300
validation,1200,libero_goal,3,23,42,40,42,7,7,0,0,300,300
validation,1200,libero_goal,3,23,43,1,43,7,7,0,0,300,300
validation,1200,libero_goal,3,23,44,20,44,7,7,0,0,300,300
validation,1200,libero_goal,3,23,45,45,45,7,7,0,0,300,300
validation,1200,libero_goal,3,23,46,10,46,7,7,0,0,300,300
validation,1200,libero_goal,3,23,47,47,47,7,7,0,0,300,300
validation,1200,libero_goal,3,23,48,43,48,7,7,0,0,300,300
validation,1200,libero_goal,3,23,49,25,49,7,7,0,0,300,300
validation,1200,libero_goal,6,26,0,45,0,7,7,1,1,101,116
validation,1200,libero_goal,6,26,1,8,1,7,7,1,1,180,188
validation,1200,libero_goal,6,26,2,22,2,7,7,1,1,107,137
validation,1200,libero_goal,6,26,3,34,3,7,7,1,0,107,300
validation,1200,libero_goal,6,26,4,49,4,7,7,0,1,300,111
validation,1200,libero_goal,6,26,5,41,5,7,7,0,0,300,300
validation,1200,libero_goal,6,26,6,9,6,7,7,1,1,114,116
validation,1200,libero_goal,6,26,7,40,7,7,7,1,1,91,172
validation,1200,libero_goal,6,26,8,29,8,7,7,1,1,108,109
validation,1200,libero_goal,6,26,9,26,9,7,7,1,1,95,92
validation,1200,libero_goal,6,26,10,7,10,7,7,1,1,102,113
validation,1200,libero_goal,6,26,11,10,11,7,7,1,1,102,111
validation,1200,libero_goal,6,26,12,44,12,7,7,1,1,125,134
validation,1200,libero_goal,6,26,13,1,13,7,7,1,1,92,272
validation,1200,libero_goal,6,26,14,35,14,7,7,1,1,107,125
validation,1200,libero_goal,6,26,15,20,15,7,7,1,1,108,162
validation,1200,libero_goal,6,26,16,2,16,7,7,1,0,97,300
validation,1200,libero_goal,6,26,17,0,17,7,7,1,0,102,300
validation,1200,libero_goal,6,26,18,23,18,7,7,1,1,98,112
validation,1200,libero_goal,6,26,19,36,19,7,7,1,1,129,172
validation,1200,libero_goal,6,26,20,43,20,7,7,0,0,300,300
validation,1200,libero_goal,6,26,21,21,21,7,7,1,1,105,116
validation,1200,libero_goal,6,26,22,31,22,7,7,1,1,108,125
validation,1200,libero_goal,6,26,23,27,23,7,7,1,1,136,142
validation,1200,libero_goal,6,26,24,47,24,7,7,1,0,95,300
validation,1200,libero_goal,6,26,25,5,25,7,7,1,1,90,156
validation,1200,libero_goal,6,26,26,11,26,7,7,1,1,117,132
validation,1200,libero_goal,6,26,27,24,27,7,7,1,1,93,101
validation,1200,libero_goal,6,26,28,38,28,7,7,1,1,109,116
validation,1200,libero_goal,6,26,29,16,29,7,7,1,1,99,204
validation,1200,libero_goal,6,26,30,39,30,7,7,1,1,97,121
validation,1200,libero_goal,6,26,31,12,31,7,7,1,1,165,117
validation,1200,libero_goal,6,26,32,42,32,7,7,0,0,300,300
validation,1200,libero_goal,6,26,33,48,33,7,7,1,0,90,300
validation,1200,libero_goal,6,26,34,32,34,7,7,1,1,122,156
validation,1200,libero_goal,6,26,35,13,35,7,7,0,1,300,125
validation,1200,libero_goal,6,26,36,4,36,7,7,1,1,109,113
validation,1200,libero_goal,6,26,37,30,37,7,7,1,0,251,300
validation,1200,libero_goal,6,26,38,3,38,7,7,1,1,92,222
validation,1200,libero_goal,6,26,39,46,39,7,7,0,1,300,166
validation,1200,libero_goal,6,26,40,14,40,7,7,0,1,300,144
validation,1200,libero_goal,6,26,41,28,41,7,7,1,1,125,142
validation,1200,libero_goal,6,26,42,19,42,7,7,1,1,134,101
validation,1200,libero_goal,6,26,43,17,43,7,7,0,1,300,121
validation,1200,libero_goal,6,26,44,33,44,7,7,1,1,115,121
validation,1200,libero_goal,6,26,45,37,45,7,7,1,1,119,102
validation,1200,libero_goal,6,26,46,15,46,7,7,1,1,108,126
validation,1200,libero_goal,6,26,47,25,47,7,7,0,1,300,108
validation,1200,libero_goal,6,26,48,6,48,7,7,0,1,300,152
validation,1200,libero_goal,6,26,49,18,49,7,7,1,1,117,238
validation,1200,libero_10,1,31,0,47,0,7,7,0,1,520,477
validation,1200,libero_10,1,31,1,9,1,7,7,0,0,520,520
validation,1200,libero_10,1,31,2,3,2,7,7,1,0,402,520
validation,1200,libero_10,1,31,3,32,3,7,7,1,0,353,520
validation,1200,libero_10,1,31,4,15,4,7,7,1,0,342,520
validation,1200,libero_10,1,31,5,18,5,7,7,0,0,520,520
validation,1200,libero_10,1,31,6,34,6,7,7,1,0,399,520
validation,1200,libero_10,1,31,7,11,7,7,7,0,0,520,520
validation,1200,libero_10,1,31,8,31,8,7,7,1,0,302,520
validation,1200,libero_10,1,31,9,45,9,7,7,1,0,314,520
validation,1200,libero_10,1,31,10,49,10,7,7,0,0,520,520
validation,1200,libero_10,1,31,11,28,11,7,7,0,0,520,520
validation,1200,libero_10,1,31,12,39,12,7,7,1,0,296,520
validation,1200,libero_10,1,31,13,43,13,7,7,1,0,258,520
validation,1200,libero_10,1,31,14,12,14,7,7,0,0,520,520
validation,1200,libero_10,1,31,15,38,15,7,7,0,0,520,520
validation,1200,libero_10,1,31,16,35,16,7,7,0,0,520,520
validation,1200,libero_10,1,31,17,33,17,7,7,0,0,520,520
validation,1200,libero_10,1,31,18,42,18,7,7,0,0,520,520
validation,1200,libero_10,1,31,19,24,19,7,7,1,0,288,520
validation,1200,libero_10,1,31,20,21,20,7,7,1,0,363,520
validation,1200,libero_10,1,31,21,23,21,7,7,0,0,520,520
validation,1200,libero_10,1,31,22,2,22,7,7,1,1,331,518
validation,1200,libero_10,1,31,23,48,23,7,7,1,0,450,520
validation,1200,libero_10,1,31,24,0,24,7,7,0,0,520,520
validation,1200,libero_10,1,31,25,7,25,7,7,0,1,520,339
validation,1200,libero_10,1,31,26,37,26,7,7,1,0,502,520
validation,1200,libero_10,1,31,27,4,27,7,7,1,0,317,520
validation,1200,libero_10,1,31,28,20,28,7,7,0,0,520,520
validation,1200,libero_10,1,31,29,25,29,7,7,1,1,406,444
validation,1200,libero_10,1,31,30,46,30,7,7,0,0,520,520
validation,1200,libero_10,1,31,31,22,31,7,7,0,0,520,520
validation,1200,libero_10,1,31,32,41,32,7,7,0,1,520,512
validation,1200,libero_10,1,31,33,40,33,7,7,0,0,520,520
validation,1200,libero_10,1,31,34,13,34,7,7,1,1,470,398
validation,1200,libero_10,1,31,35,16,35,7,7,0,0,520,520
validation,1200,libero_10,1,31,36,10,36,7,7,0,0,520,520
validation,1200,libero_10,1,31,37,17,37,7,7,1,1,282,378
validation,1200,libero_10,1,31,38,6,38,7,7,0,0,520,520
validation,1200,libero_10,1,31,39,27,39,7,7,1,0,286,520
validation,1200,libero_10,1,31,40,36,40,7,7,0,0,520,520
validation,1200,libero_10,1,31,41,26,41,7,7,1,1,501,496
validation,1200,libero_10,1,31,42,44,42,7,7,0,0,520,520
validation,1200,libero_10,1,31,43,19,43,7,7,1,0,357,520
validation,1200,libero_10,1,31,44,14,44,7,7,0,0,520,520
validation,1200,libero_10,1,31,45,8,45,7,7,0,0,520,520
validation,1200,libero_10,1,31,46,5,46,7,7,1,1,279,387
validation,1200,libero_10,1,31,47,30,47,7,7,1,0,377,520
validation,1200,libero_10,1,31,48,29,48,7,7,1,1,395,427
validation,1200,libero_10,1,31,49,1,49,7,7,1,0,422,520
validation,1200,libero_10,2,32,0,16,0,7,7,0,0,520,520
validation,1200,libero_10,2,32,1,35,1,7,7,0,0,520,520
validation,1200,libero_10,2,32,2,12,2,7,7,0,0,520,520
validation,1200,libero_10,2,32,3,8,3,7,7,0,0,520,520
validation,1200,libero_10,2,32,4,37,4,7,7,0,0,520,520
validation,1200,libero_10,2,32,5,42,5,7,7,0,0,520,520
validation,1200,libero_10,2,32,6,15,6,7,7,0,0,520,520
validation,1200,libero_10,2,32,7,43,7,7,7,0,0,520,520
validation,1200,libero_10,2,32,8,33,8,7,7,0,0,520,520
validation,1200,libero_10,2,32,9,25,9,7,7,0,0,520,520
validation,1200,libero_10,2,32,10,3,10,7,7,0,0,520,520
validation,1200,libero_10,2,32,11,29,11,7,7,0,0,520,520
validation,1200,libero_10,2,32,12,24,12,7,7,0,0,520,520
validation,1200,libero_10,2,32,13,28,13,7,7,0,0,520,520
validation,1200,libero_10,2,32,14,47,14,7,7,0,0,520,520
validation,1200,libero_10,2,32,15,36,15,7,7,0,0,520,520
validation,1200,libero_10,2,32,16,18,16,7,7,0,0,520,520
validation,1200,libero_10,2,32,17,46,17,7,7,0,0,520,520
validation,1200,libero_10,2,32,18,39,18,7,7,0,0,520,520
validation,1200,libero_10,2,32,19,31,19,7,7,0,0,520,520
validation,1200,libero_10,2,32,20,32,20,7,7,0,0,520,520
validation,1200,libero_10,2,32,21,34,21,7,7,0,0,520,520
validation,1200,libero_10,2,32,22,19,22,7,7,0,0,520,520
validation,1200,libero_10,2,32,23,49,23,7,7,0,0,520,520
validation,1200,libero_10,2,32,24,45,24,7,7,0,0,520,520
validation,1200,libero_10,2,32,25,21,25,7,7,0,0,520,520
validation,1200,libero_10,2,32,26,44,26,7,7,0,0,520,520
validation,1200,libero_10,2,32,27,2,27,7,7,0,0,520,520
validation,1200,libero_10,2,32,28,38,28,7,7,0,0,520,520
validation,1200,libero_10,2,32,29,5,29,7,7,0,0,520,520
validation,1200,libero_10,2,32,30,1,30,7,7,0,0,520,520
validation,1200,libero_10,2,32,31,27,31,7,7,0,0,520,520
validation,1200,libero_10,2,32,32,7,32,7,7,0,0,520,520
validation,1200,libero_10,2,32,33,13,33,7,7,0,0,520,520
validation,1200,libero_10,2,32,34,23,34,7,7,0,0,520,520
validation,1200,libero_10,2,32,35,11,35,7,7,0,0,520,520
validation,1200,libero_10,2,32,36,9,36,7,7,0,0,520,520
validation,1200,libero_10,2,32,37,0,37,7,7,0,0,520,520
validation,1200,libero_10,2,32,38,10,38,7,7,0,0,520,520
validation,1200,libero_10,2,32,39,26,39,7,7,0,0,520,520
validation,1200,libero_10,2,32,40,4,40,7,7,0,0,520,520
validation,1200,libero_10,2,32,41,30,41,7,7,0,0,520,520
validation,1200,libero_10,2,32,42,40,42,7,7,0,0,520,520
validation,1200,libero_10,2,32,43,22,43,7,7,0,0,520,520
validation,1200,libero_10,2,32,44,41,44,7,7,0,0,520,520
validation,1200,libero_10,2,32,45,17,45,7,7,0,0,520,520
validation,1200,libero_10,2,32,46,20,46,7,7,0,0,520,520
validation,1200,libero_10,2,32,47,14,47,7,7,0,0,520,520
validation,1200,libero_10,2,32,48,48,48,7,7,0,0,520,520
validation,1200,libero_10,2,32,49,6,49,7,7,0,0,520,520
