model,panel,step,condition,suite,global_task_id,task_id,init_state_id,teacher_demo,video_ordinal,env_seed,policy_seed_root,success,steps
main,validation,900,correct,libero_10,31,1,0,47,0,7,7,0,520
main,validation,900,correct,libero_10,31,1,1,9,1,7,7,1,354
main,validation,900,correct,libero_10,31,1,2,3,2,7,7,0,520
main,validation,900,correct,libero_10,31,1,3,32,3,7,7,0,520
main,validation,900,correct,libero_10,31,1,4,15,4,7,7,1,348
main,validation,900,correct,libero_10,31,1,5,18,5,7,7,1,314
main,validation,900,correct,libero_10,31,1,6,34,6,7,7,1,366
main,validation,900,correct,libero_10,31,1,7,11,7,7,7,1,351
main,validation,900,correct,libero_10,31,1,8,31,8,7,7,1,333
main,validation,900,correct,libero_10,31,1,9,45,9,7,7,1,321
main,validation,900,correct,libero_10,31,1,10,49,10,7,7,1,323
main,validation,900,correct,libero_10,31,1,11,28,11,7,7,1,302
main,validation,900,correct,libero_10,31,1,12,39,12,7,7,0,520
main,validation,900,correct,libero_10,31,1,13,43,13,7,7,1,282
main,validation,900,correct,libero_10,31,1,14,12,14,7,7,1,458
main,validation,900,correct,libero_10,31,1,15,38,15,7,7,0,520
main,validation,900,correct,libero_10,31,1,16,35,16,7,7,1,281
main,validation,900,correct,libero_10,31,1,17,33,17,7,7,0,520
main,validation,900,correct,libero_10,31,1,18,42,18,7,7,1,481
main,validation,900,correct,libero_10,31,1,19,24,19,7,7,1,272
main,validation,900,correct,libero_10,31,1,20,21,20,7,7,1,365
main,validation,900,correct,libero_10,31,1,21,23,21,7,7,1,313
main,validation,900,correct,libero_10,31,1,22,2,22,7,7,1,326
main,validation,900,correct,libero_10,31,1,23,48,23,7,7,1,347
main,validation,900,correct,libero_10,31,1,24,0,24,7,7,1,396
main,validation,900,correct,libero_10,31,1,25,7,25,7,7,1,347
main,validation,900,correct,libero_10,31,1,26,37,26,7,7,0,520
main,validation,900,correct,libero_10,31,1,27,4,27,7,7,1,317
main,validation,900,correct,libero_10,31,1,28,20,28,7,7,0,520
main,validation,900,correct,libero_10,31,1,29,25,29,7,7,1,353
main,validation,900,correct,libero_10,31,1,30,46,30,7,7,1,261
main,validation,900,correct,libero_10,31,1,31,22,31,7,7,1,421
main,validation,900,correct,libero_10,31,1,32,41,32,7,7,1,511
main,validation,900,correct,libero_10,31,1,33,40,33,7,7,0,520
main,validation,900,correct,libero_10,31,1,34,13,34,7,7,1,354
main,validation,900,correct,libero_10,31,1,35,16,35,7,7,1,330
main,validation,900,correct,libero_10,31,1,36,10,36,7,7,0,520
main,validation,900,correct,libero_10,31,1,37,17,37,7,7,1,282
main,validation,900,correct,libero_10,31,1,38,6,38,7,7,0,520
main,validation,900,correct,libero_10,31,1,39,27,39,7,7,1,319
main,validation,900,correct,libero_10,31,1,40,36,40,7,7,0,520
main,validation,900,correct,libero_10,31,1,41,26,41,7,7,0,520
main,validation,900,correct,libero_10,31,1,42,44,42,7,7,0,520
main,validation,900,correct,libero_10,31,1,43,19,43,7,7,1,289
main,validation,900,correct,libero_10,31,1,44,14,44,7,7,1,279
main,validation,900,correct,libero_10,31,1,45,8,45,7,7,0,520
main,validation,900,correct,libero_10,31,1,46,5,46,7,7,0,520
main,validation,900,correct,libero_10,31,1,47,30,47,7,7,0,520
main,validation,900,correct,libero_10,31,1,48,29,48,7,7,0,520
main,validation,900,correct,libero_10,31,1,49,1,49,7,7,1,397
main,validation,900,correct,libero_10,32,2,0,16,0,7,7,0,520
main,validation,900,correct,libero_10,32,2,1,35,1,7,7,0,520
main,validation,900,correct,libero_10,32,2,2,12,2,7,7,0,520
main,validation,900,correct,libero_10,32,2,3,8,3,7,7,0,520
main,validation,900,correct,libero_10,32,2,4,37,4,7,7,0,520
main,validation,900,correct,libero_10,32,2,5,42,5,7,7,0,520
main,validation,900,correct,libero_10,32,2,6,15,6,7,7,0,520
main,validation,900,correct,libero_10,32,2,7,43,7,7,7,0,520
main,validation,900,correct,libero_10,32,2,8,33,8,7,7,0,520
main,validation,900,correct,libero_10,32,2,9,25,9,7,7,0,520
main,validation,900,correct,libero_10,32,2,10,3,10,7,7,0,520
main,validation,900,correct,libero_10,32,2,11,29,11,7,7,0,520
main,validation,900,correct,libero_10,32,2,12,24,12,7,7,0,520
main,validation,900,correct,libero_10,32,2,13,28,13,7,7,0,520
main,validation,900,correct,libero_10,32,2,14,47,14,7,7,0,520
main,validation,900,correct,libero_10,32,2,15,36,15,7,7,0,520
main,validation,900,correct,libero_10,32,2,16,18,16,7,7,0,520
main,validation,900,correct,libero_10,32,2,17,46,17,7,7,0,520
main,validation,900,correct,libero_10,32,2,18,39,18,7,7,0,520
main,validation,900,correct,libero_10,32,2,19,31,19,7,7,0,520
main,validation,900,correct,libero_10,32,2,20,32,20,7,7,0,520
main,validation,900,correct,libero_10,32,2,21,34,21,7,7,0,520
main,validation,900,correct,libero_10,32,2,22,19,22,7,7,0,520
main,validation,900,correct,libero_10,32,2,23,49,23,7,7,0,520
main,validation,900,correct,libero_10,32,2,24,45,24,7,7,0,520
main,validation,900,correct,libero_10,32,2,25,21,25,7,7,0,520
main,validation,900,correct,libero_10,32,2,26,44,26,7,7,0,520
main,validation,900,correct,libero_10,32,2,27,2,27,7,7,0,520
main,validation,900,correct,libero_10,32,2,28,38,28,7,7,0,520
main,validation,900,correct,libero_10,32,2,29,5,29,7,7,0,520
main,validation,900,correct,libero_10,32,2,30,1,30,7,7,0,520
main,validation,900,correct,libero_10,32,2,31,27,31,7,7,0,520
main,validation,900,correct,libero_10,32,2,32,7,32,7,7,0,520
main,validation,900,correct,libero_10,32,2,33,13,33,7,7,0,520
main,validation,900,correct,libero_10,32,2,34,23,34,7,7,0,520
main,validation,900,correct,libero_10,32,2,35,11,35,7,7,0,520
main,validation,900,correct,libero_10,32,2,36,9,36,7,7,0,520
main,validation,900,correct,libero_10,32,2,37,0,37,7,7,0,520
main,validation,900,correct,libero_10,32,2,38,10,38,7,7,0,520
main,validation,900,correct,libero_10,32,2,39,26,39,7,7,0,520
main,validation,900,correct,libero_10,32,2,40,4,40,7,7,0,520
main,validation,900,correct,libero_10,32,2,41,30,41,7,7,0,520
main,validation,900,correct,libero_10,32,2,42,40,42,7,7,0,520
main,validation,900,correct,libero_10,32,2,43,22,43,7,7,0,520
main,validation,900,correct,libero_10,32,2,44,41,44,7,7,0,520
main,validation,900,correct,libero_10,32,2,45,17,45,7,7,0,520
main,validation,900,correct,libero_10,32,2,46,20,46,7,7,0,520
main,validation,900,correct,libero_10,32,2,47,14,47,7,7,0,520
main,validation,900,correct,libero_10,32,2,48,48,48,7,7,0,520
main,validation,900,correct,libero_10,32,2,49,6,49,7,7,0,520
main,validation,900,correct,libero_goal,23,3,0,35,0,7,7,0,300
main,validation,900,correct,libero_goal,23,3,1,13,1,7,7,0,300
main,validation,900,correct,libero_goal,23,3,2,15,2,7,7,0,300
main,validation,900,correct,libero_goal,23,3,3,8,3,7,7,0,300
main,validation,900,correct,libero_goal,23,3,4,34,4,7,7,0,300
main,validation,900,correct,libero_goal,23,3,5,28,5,7,7,0,300
main,validation,900,correct,libero_goal,23,3,6,29,6,7,7,0,300
main,validation,900,correct,libero_goal,23,3,7,19,7,7,7,0,300
main,validation,900,correct,libero_goal,23,3,8,17,8,7,7,0,300
main,validation,900,correct,libero_goal,23,3,9,2,9,7,7,0,300
main,validation,900,correct,libero_goal,23,3,10,0,10,7,7,0,300
main,validation,900,correct,libero_goal,23,3,11,31,11,7,7,0,300
main,validation,900,correct,libero_goal,23,3,12,3,12,7,7,0,300
main,validation,900,correct,libero_goal,23,3,13,30,13,7,7,0,300
main,validation,900,correct,libero_goal,23,3,14,5,14,7,7,0,300
main,validation,900,correct,libero_goal,23,3,15,26,15,7,7,0,300
main,validation,900,correct,libero_goal,23,3,16,4,16,7,7,0,300
main,validation,900,correct,libero_goal,23,3,17,9,17,7,7,0,300
main,validation,900,correct,libero_goal,23,3,18,14,18,7,7,0,300
main,validation,900,correct,libero_goal,23,3,19,12,19,7,7,0,300
main,validation,900,correct,libero_goal,23,3,20,27,20,7,7,0,300
main,validation,900,correct,libero_goal,23,3,21,32,21,7,7,0,300
main,validation,900,correct,libero_goal,23,3,22,36,22,7,7,0,300
main,validation,900,correct,libero_goal,23,3,23,44,23,7,7,0,300
main,validation,900,correct,libero_goal,23,3,24,46,24,7,7,0,300
main,validation,900,correct,libero_goal,23,3,25,11,25,7,7,0,300
main,validation,900,correct,libero_goal,23,3,26,41,26,7,7,0,300
main,validation,900,correct,libero_goal,23,3,27,16,27,7,7,0,300
main,validation,900,correct,libero_goal,23,3,28,48,28,7,7,0,300
main,validation,900,correct,libero_goal,23,3,29,23,29,7,7,0,300
main,validation,900,correct,libero_goal,23,3,30,21,30,7,7,0,300
main,validation,900,correct,libero_goal,23,3,31,38,31,7,7,0,300
main,validation,900,correct,libero_goal,23,3,32,22,32,7,7,0,300
main,validation,900,correct,libero_goal,23,3,33,39,33,7,7,0,300
main,validation,900,correct,libero_goal,23,3,34,42,34,7,7,0,300
main,validation,900,correct,libero_goal,23,3,35,18,35,7,7,0,300
main,validation,900,correct,libero_goal,23,3,36,6,36,7,7,0,300
main,validation,900,correct,libero_goal,23,3,37,49,37,7,7,0,300
main,validation,900,correct,libero_goal,23,3,38,33,38,7,7,0,300
main,validation,900,correct,libero_goal,23,3,39,37,39,7,7,0,300
main,validation,900,correct,libero_goal,23,3,40,24,40,7,7,0,300
main,validation,900,correct,libero_goal,23,3,41,7,41,7,7,0,300
main,validation,900,correct,libero_goal,23,3,42,40,42,7,7,0,300
main,validation,900,correct,libero_goal,23,3,43,1,43,7,7,0,300
main,validation,900,correct,libero_goal,23,3,44,20,44,7,7,0,300
main,validation,900,correct,libero_goal,23,3,45,45,45,7,7,0,300
main,validation,900,correct,libero_goal,23,3,46,10,46,7,7,0,300
main,validation,900,correct,libero_goal,23,3,47,47,47,7,7,0,300
main,validation,900,correct,libero_goal,23,3,48,43,48,7,7,0,300
main,validation,900,correct,libero_goal,23,3,49,25,49,7,7,0,300
main,validation,900,correct,libero_goal,26,6,0,45,0,7,7,1,97
main,validation,900,correct,libero_goal,26,6,1,8,1,7,7,1,91
main,validation,900,correct,libero_goal,26,6,2,22,2,7,7,0,300
main,validation,900,correct,libero_goal,26,6,3,34,3,7,7,1,94
main,validation,900,correct,libero_goal,26,6,4,49,4,7,7,1,84
main,validation,900,correct,libero_goal,26,6,5,41,5,7,7,1,100
main,validation,900,correct,libero_goal,26,6,6,9,6,7,7,1,107
main,validation,900,correct,libero_goal,26,6,7,40,7,7,7,1,73
main,validation,900,correct,libero_goal,26,6,8,29,8,7,7,1,101
main,validation,900,correct,libero_goal,26,6,9,26,9,7,7,1,92
main,validation,900,correct,libero_goal,26,6,10,7,10,7,7,0,300
main,validation,900,correct,libero_goal,26,6,11,10,11,7,7,1,100
main,validation,900,correct,libero_goal,26,6,12,44,12,7,7,1,92
main,validation,900,correct,libero_goal,26,6,13,1,13,7,7,1,75
main,validation,900,correct,libero_goal,26,6,14,35,14,7,7,1,142
main,validation,900,correct,libero_goal,26,6,15,20,15,7,7,1,90
main,validation,900,correct,libero_goal,26,6,16,2,16,7,7,0,300
main,validation,900,correct,libero_goal,26,6,17,0,17,7,7,1,94
main,validation,900,correct,libero_goal,26,6,18,23,18,7,7,1,98
main,validation,900,correct,libero_goal,26,6,19,36,19,7,7,1,151
main,validation,900,correct,libero_goal,26,6,20,43,20,7,7,1,97
main,validation,900,correct,libero_goal,26,6,21,21,21,7,7,1,103
main,validation,900,correct,libero_goal,26,6,22,31,22,7,7,1,95
main,validation,900,correct,libero_goal,26,6,23,27,23,7,7,0,300
main,validation,900,correct,libero_goal,26,6,24,47,24,7,7,1,90
main,validation,900,correct,libero_goal,26,6,25,5,25,7,7,0,300
main,validation,900,correct,libero_goal,26,6,26,11,26,7,7,1,114
main,validation,900,correct,libero_goal,26,6,27,24,27,7,7,1,82
main,validation,900,correct,libero_goal,26,6,28,38,28,7,7,1,85
main,validation,900,correct,libero_goal,26,6,29,16,29,7,7,1,83
main,validation,900,correct,libero_goal,26,6,30,39,30,7,7,1,88
main,validation,900,correct,libero_goal,26,6,31,12,31,7,7,0,300
main,validation,900,correct,libero_goal,26,6,32,42,32,7,7,1,97
main,validation,900,correct,libero_goal,26,6,33,48,33,7,7,1,81
main,validation,900,correct,libero_goal,26,6,34,32,34,7,7,1,151
main,validation,900,correct,libero_goal,26,6,35,13,35,7,7,1,118
main,validation,900,correct,libero_goal,26,6,36,4,36,7,7,1,92
main,validation,900,correct,libero_goal,26,6,37,30,37,7,7,1,107
main,validation,900,correct,libero_goal,26,6,38,3,38,7,7,1,80
main,validation,900,correct,libero_goal,26,6,39,46,39,7,7,1,95
main,validation,900,correct,libero_goal,26,6,40,14,40,7,7,1,292
main,validation,900,correct,libero_goal,26,6,41,28,41,7,7,1,97
main,validation,900,correct,libero_goal,26,6,42,19,42,7,7,1,83
main,validation,900,correct,libero_goal,26,6,43,17,43,7,7,1,90
main,validation,900,correct,libero_goal,26,6,44,33,44,7,7,1,95
main,validation,900,correct,libero_goal,26,6,45,37,45,7,7,1,95
main,validation,900,correct,libero_goal,26,6,46,15,46,7,7,1,95
main,validation,900,correct,libero_goal,26,6,47,25,47,7,7,0,300
main,validation,900,correct,libero_goal,26,6,48,6,48,7,7,0,300
main,validation,900,correct,libero_goal,26,6,49,18,49,7,7,1,99
main,validation,900,correct,libero_object,11,1,0,34,0,7,7,1,113
main,validation,900,correct,libero_object,11,1,1,10,1,7,7,1,150
main,validation,900,correct,libero_object,11,1,2,12,2,7,7,1,211
main,validation,900,correct,libero_object,11,1,3,2,3,7,7,1,134
main,validation,900,correct,libero_object,11,1,4,39,4,7,7,1,139
main,validation,900,correct,libero_object,11,1,5,8,5,7,7,1,132
main,validation,900,correct,libero_object,11,1,6,35,6,7,7,1,225
main,validation,900,correct,libero_object,11,1,7,41,7,7,7,1,111
main,validation,900,correct,libero_object,11,1,8,45,8,7,7,1,132
main,validation,900,correct,libero_object,11,1,9,16,9,7,7,1,128
main,validation,900,correct,libero_object,11,1,10,4,10,7,7,1,224
main,validation,900,correct,libero_object,11,1,11,3,11,7,7,1,141
main,validation,900,correct,libero_object,11,1,12,30,12,7,7,0,280
main,validation,900,correct,libero_object,11,1,13,23,13,7,7,1,205
main,validation,900,correct,libero_object,11,1,14,14,14,7,7,1,187
main,validation,900,correct,libero_object,11,1,15,48,15,7,7,1,127
main,validation,900,correct,libero_object,11,1,16,33,16,7,7,1,133
main,validation,900,correct,libero_object,11,1,17,18,17,7,7,1,214
main,validation,900,correct,libero_object,11,1,18,13,18,7,7,1,188
main,validation,900,correct,libero_object,11,1,19,46,19,7,7,1,127
main,validation,900,correct,libero_object,11,1,20,43,20,7,7,1,271
main,validation,900,correct,libero_object,11,1,21,28,21,7,7,1,188
main,validation,900,correct,libero_object,11,1,22,29,22,7,7,1,134
main,validation,900,correct,libero_object,11,1,23,17,23,7,7,1,124
main,validation,900,correct,libero_object,11,1,24,37,24,7,7,1,117
main,validation,900,correct,libero_object,11,1,25,31,25,7,7,1,117
main,validation,900,correct,libero_object,11,1,26,26,26,7,7,1,120
main,validation,900,correct,libero_object,11,1,27,40,27,7,7,1,152
main,validation,900,correct,libero_object,11,1,28,42,28,7,7,1,193
main,validation,900,correct,libero_object,11,1,29,32,29,7,7,1,139
main,validation,900,correct,libero_object,11,1,30,24,30,7,7,1,192
main,validation,900,correct,libero_object,11,1,31,19,31,7,7,1,197
main,validation,900,correct,libero_object,11,1,32,47,32,7,7,1,123
main,validation,900,correct,libero_object,11,1,33,38,33,7,7,1,122
main,validation,900,correct,libero_object,11,1,34,11,34,7,7,1,142
main,validation,900,correct,libero_object,11,1,35,22,35,7,7,1,148
main,validation,900,correct,libero_object,11,1,36,25,36,7,7,1,124
main,validation,900,correct,libero_object,11,1,37,15,37,7,7,1,171
main,validation,900,correct,libero_object,11,1,38,9,38,7,7,0,280
main,validation,900,correct,libero_object,11,1,39,5,39,7,7,1,137
main,validation,900,correct,libero_object,11,1,40,7,40,7,7,1,133
main,validation,900,correct,libero_object,11,1,41,1,41,7,7,1,127
main,validation,900,correct,libero_object,11,1,42,27,42,7,7,1,117
main,validation,900,correct,libero_object,11,1,43,20,43,7,7,0,280
main,validation,900,correct,libero_object,11,1,44,0,44,7,7,1,129
main,validation,900,correct,libero_object,11,1,45,49,45,7,7,1,124
main,validation,900,correct,libero_object,11,1,46,44,46,7,7,1,113
main,validation,900,correct,libero_object,11,1,47,36,47,7,7,1,122
main,validation,900,correct,libero_object,11,1,48,6,48,7,7,0,280
main,validation,900,correct,libero_object,11,1,49,21,49,7,7,1,263
main,validation,900,correct,libero_object,13,3,0,33,0,7,7,0,280
main,validation,900,correct,libero_object,13,3,1,20,1,7,7,1,127
main,validation,900,correct,libero_object,13,3,2,18,2,7,7,0,280
main,validation,900,correct,libero_object,13,3,3,9,3,7,7,0,280
main,validation,900,correct,libero_object,13,3,4,42,4,7,7,0,280
main,validation,900,correct,libero_object,13,3,5,34,5,7,7,0,280
main,validation,900,correct,libero_object,13,3,6,24,6,7,7,0,280
main,validation,900,correct,libero_object,13,3,7,28,7,7,7,0,280
main,validation,900,correct,libero_object,13,3,8,25,8,7,7,0,280
main,validation,900,correct,libero_object,13,3,9,3,9,7,7,1,127
main,validation,900,correct,libero_object,13,3,10,16,10,7,7,0,280
main,validation,900,correct,libero_object,13,3,11,14,11,7,7,0,280
main,validation,900,correct,libero_object,13,3,12,44,12,7,7,1,133
main,validation,900,correct,libero_object,13,3,13,8,13,7,7,0,280
main,validation,900,correct,libero_object,13,3,14,48,14,7,7,0,280
main,validation,900,correct,libero_object,13,3,15,2,15,7,7,1,123
main,validation,900,correct,libero_object,13,3,16,36,16,7,7,0,280
main,validation,900,correct,libero_object,13,3,17,35,17,7,7,0,280
main,validation,900,correct,libero_object,13,3,18,0,18,7,7,1,105
main,validation,900,correct,libero_object,13,3,19,47,19,7,7,0,280
main,validation,900,correct,libero_object,13,3,20,30,20,7,7,0,280
main,validation,900,correct,libero_object,13,3,21,4,21,7,7,1,131
main,validation,900,correct,libero_object,13,3,22,13,22,7,7,1,197
main,validation,900,correct,libero_object,13,3,23,45,23,7,7,1,155
main,validation,900,correct,libero_object,13,3,24,43,24,7,7,0,280
main,validation,900,correct,libero_object,13,3,25,5,25,7,7,0,280
main,validation,900,correct,libero_object,13,3,26,7,26,7,7,0,280
main,validation,900,correct,libero_object,13,3,27,46,27,7,7,0,280
main,validation,900,correct,libero_object,13,3,28,15,28,7,7,0,280
main,validation,900,correct,libero_object,13,3,29,49,29,7,7,0,280
main,validation,900,correct,libero_object,13,3,30,26,30,7,7,0,280
main,validation,900,correct,libero_object,13,3,31,10,31,7,7,1,246
main,validation,900,correct,libero_object,13,3,32,23,32,7,7,0,280
main,validation,900,correct,libero_object,13,3,33,17,33,7,7,0,280
main,validation,900,correct,libero_object,13,3,34,1,34,7,7,1,230
main,validation,900,correct,libero_object,13,3,35,21,35,7,7,0,280
main,validation,900,correct,libero_object,13,3,36,12,36,7,7,0,280
main,validation,900,correct,libero_object,13,3,37,11,37,7,7,0,280
main,validation,900,correct,libero_object,13,3,38,40,38,7,7,1,131
main,validation,900,correct,libero_object,13,3,39,41,39,7,7,0,280
main,validation,900,correct,libero_object,13,3,40,19,40,7,7,0,280
main,validation,900,correct,libero_object,13,3,41,32,41,7,7,0,280
main,validation,900,correct,libero_object,13,3,42,38,42,7,7,0,280
main,validation,900,correct,libero_object,13,3,43,22,43,7,7,0,280
main,validation,900,correct,libero_object,13,3,44,29,44,7,7,1,142
main,validation,900,correct,libero_object,13,3,45,37,45,7,7,1,271
main,validation,900,correct,libero_object,13,3,46,31,46,7,7,0,280
main,validation,900,correct,libero_object,13,3,47,6,47,7,7,0,280
main,validation,900,correct,libero_object,13,3,48,27,48,7,7,0,280
main,validation,900,correct,libero_object,13,3,49,39,49,7,7,1,118
main,validation,900,correct,libero_spatial,1,1,0,1,0,7,7,0,220
main,validation,900,correct,libero_spatial,1,1,1,21,1,7,7,0,220
main,validation,900,correct,libero_spatial,1,1,2,39,2,7,7,0,220
main,validation,900,correct,libero_spatial,1,1,3,14,3,7,7,0,220
main,validation,900,correct,libero_spatial,1,1,4,2,4,7,7,0,220
main,validation,900,correct,libero_spatial,1,1,5,34,5,7,7,0,220
main,validation,900,correct,libero_spatial,1,1,6,40,6,7,7,0,220
main,validation,900,correct,libero_spatial,1,1,7,8,7,7,7,0,220
main,validation,900,correct,libero_spatial,1,1,8,4,8,7,7,0,220
main,validation,900,correct,libero_spatial,1,1,9,42,9,7,7,0,220
main,validation,900,correct,libero_spatial,1,1,10,44,10,7,7,0,220
main,validation,900,correct,libero_spatial,1,1,11,24,11,7,7,0,220
main,validation,900,correct,libero_spatial,1,1,12,36,12,7,7,0,220
main,validation,900,correct,libero_spatial,1,1,13,37,13,7,7,0,220
main,validation,900,correct,libero_spatial,1,1,14,18,14,7,7,0,220
main,validation,900,correct,libero_spatial,1,1,15,31,15,7,7,0,220
main,validation,900,correct,libero_spatial,1,1,16,33,16,7,7,0,220
main,validation,900,correct,libero_spatial,1,1,17,9,17,7,7,0,220
main,validation,900,correct,libero_spatial,1,1,18,6,18,7,7,0,220
main,validation,900,correct,libero_spatial,1,1,19,7,19,7,7,0,220
main,validation,900,correct,libero_spatial,1,1,20,27,20,7,7,0,220
main,validation,900,correct,libero_spatial,1,1,21,20,21,7,7,0,220
main,validation,900,correct,libero_spatial,1,1,22,38,22,7,7,0,220
main,validation,900,correct,libero_spatial,1,1,23,46,23,7,7,0,220
main,validation,900,correct,libero_spatial,1,1,24,17,24,7,7,0,220
main,validation,900,correct,libero_spatial,1,1,25,41,25,7,7,0,220
main,validation,900,correct,libero_spatial,1,1,26,0,26,7,7,0,220
main,validation,900,correct,libero_spatial,1,1,27,30,27,7,7,0,220
main,validation,900,correct,libero_spatial,1,1,28,22,28,7,7,0,220
main,validation,900,correct,libero_spatial,1,1,29,12,29,7,7,0,220
main,validation,900,correct,libero_spatial,1,1,30,47,30,7,7,0,220
main,validation,900,correct,libero_spatial,1,1,31,45,31,7,7,0,220
main,validation,900,correct,libero_spatial,1,1,32,32,32,7,7,0,220
main,validation,900,correct,libero_spatial,1,1,33,43,33,7,7,0,220
main,validation,900,correct,libero_spatial,1,1,34,3,34,7,7,0,220
main,validation,900,correct,libero_spatial,1,1,35,11,35,7,7,0,220
main,validation,900,correct,libero_spatial,1,1,36,48,36,7,7,0,220
main,validation,900,correct,libero_spatial,1,1,37,28,37,7,7,0,220
main,validation,900,correct,libero_spatial,1,1,38,35,38,7,7,0,220
main,validation,900,correct,libero_spatial,1,1,39,29,39,7,7,0,220
main,validation,900,correct,libero_spatial,1,1,40,15,40,7,7,0,220
main,validation,900,correct,libero_spatial,1,1,41,5,41,7,7,0,220
main,validation,900,correct,libero_spatial,1,1,42,26,42,7,7,0,220
main,validation,900,correct,libero_spatial,1,1,43,19,43,7,7,0,220
main,validation,900,correct,libero_spatial,1,1,44,23,44,7,7,0,220
main,validation,900,correct,libero_spatial,1,1,45,10,45,7,7,0,220
main,validation,900,correct,libero_spatial,1,1,46,16,46,7,7,0,220
main,validation,900,correct,libero_spatial,1,1,47,25,47,7,7,0,220
main,validation,900,correct,libero_spatial,1,1,48,49,48,7,7,0,220
main,validation,900,correct,libero_spatial,1,1,49,13,49,7,7,0,220
main,validation,900,correct,libero_spatial,3,3,0,2,0,7,7,1,118
main,validation,900,correct,libero_spatial,3,3,1,36,1,7,7,1,137
main,validation,900,correct,libero_spatial,3,3,2,43,2,7,7,1,133
main,validation,900,correct,libero_spatial,3,3,3,16,3,7,7,0,220
main,validation,900,correct,libero_spatial,3,3,4,7,4,7,7,0,220
main,validation,900,correct,libero_spatial,3,3,5,8,5,7,7,0,220
main,validation,900,correct,libero_spatial,3,3,6,14,6,7,7,0,220
main,validation,900,correct,libero_spatial,3,3,7,38,7,7,7,0,220
main,validation,900,correct,libero_spatial,3,3,8,33,8,7,7,0,220
main,validation,900,correct,libero_spatial,3,3,9,1,9,7,7,0,220
main,validation,900,correct,libero_spatial,3,3,10,21,10,7,7,0,220
main,validation,900,correct,libero_spatial,3,3,11,5,11,7,7,1,112
main,validation,900,correct,libero_spatial,3,3,12,49,12,7,7,0,220
main,validation,900,correct,libero_spatial,3,3,13,29,13,7,7,0,220
main,validation,900,correct,libero_spatial,3,3,14,24,14,7,7,1,102
main,validation,900,correct,libero_spatial,3,3,15,10,15,7,7,1,87
main,validation,900,correct,libero_spatial,3,3,16,44,16,7,7,0,220
main,validation,900,correct,libero_spatial,3,3,17,15,17,7,7,0,220
main,validation,900,correct,libero_spatial,3,3,18,19,18,7,7,0,220
main,validation,900,correct,libero_spatial,3,3,19,39,19,7,7,0,220
main,validation,900,correct,libero_spatial,3,3,20,6,20,7,7,0,220
main,validation,900,correct,libero_spatial,3,3,21,30,21,7,7,1,108
main,validation,900,correct,libero_spatial,3,3,22,28,22,7,7,0,220
main,validation,900,correct,libero_spatial,3,3,23,34,23,7,7,0,220
main,validation,900,correct,libero_spatial,3,3,24,3,24,7,7,1,111
main,validation,900,correct,libero_spatial,3,3,25,45,25,7,7,0,220
main,validation,900,correct,libero_spatial,3,3,26,32,26,7,7,0,220
main,validation,900,correct,libero_spatial,3,3,27,22,27,7,7,0,220
main,validation,900,correct,libero_spatial,3,3,28,20,28,7,7,0,220
main,validation,900,correct,libero_spatial,3,3,29,23,29,7,7,0,220
main,validation,900,correct,libero_spatial,3,3,30,9,30,7,7,1,196
main,validation,900,correct,libero_spatial,3,3,31,0,31,7,7,0,220
main,validation,900,correct,libero_spatial,3,3,32,4,32,7,7,0,220
main,validation,900,correct,libero_spatial,3,3,33,47,33,7,7,0,220
main,validation,900,correct,libero_spatial,3,3,34,31,34,7,7,1,119
main,validation,900,correct,libero_spatial,3,3,35,27,35,7,7,0,220
main,validation,900,correct,libero_spatial,3,3,36,17,36,7,7,0,220
main,validation,900,correct,libero_spatial,3,3,37,41,37,7,7,1,112
main,validation,900,correct,libero_spatial,3,3,38,25,38,7,7,1,109
main,validation,900,correct,libero_spatial,3,3,39,35,39,7,7,0,220
main,validation,900,correct,libero_spatial,3,3,40,46,40,7,7,0,220
main,validation,900,correct,libero_spatial,3,3,41,40,41,7,7,0,220
main,validation,900,correct,libero_spatial,3,3,42,42,42,7,7,0,220
main,validation,900,correct,libero_spatial,3,3,43,48,43,7,7,1,197
main,validation,900,correct,libero_spatial,3,3,44,26,44,7,7,1,116
main,validation,900,correct,libero_spatial,3,3,45,11,45,7,7,1,104
main,validation,900,correct,libero_spatial,3,3,46,18,46,7,7,0,220
main,validation,900,correct,libero_spatial,3,3,47,13,47,7,7,0,220
main,validation,900,correct,libero_spatial,3,3,48,12,48,7,7,0,220
main,validation,900,correct,libero_spatial,3,3,49,37,49,7,7,0,220
main,train,900,correct,libero_10,34,4,32,48,32,7,7,0,520
main,train,900,correct,libero_10,34,4,33,49,33,7,7,1,281
main,train,900,correct,libero_10,34,4,34,47,34,7,7,1,290
main,train,900,correct,libero_10,34,4,35,46,35,7,7,0,520
main,train,900,correct,libero_10,35,5,32,48,32,7,7,1,220
main,train,900,correct,libero_10,35,5,33,46,33,7,7,0,520
main,train,900,correct,libero_10,35,5,34,49,34,7,7,1,203
main,train,900,correct,libero_10,35,5,35,47,35,7,7,1,213
main,train,900,correct,libero_10,36,6,32,49,32,7,7,0,520
main,train,900,correct,libero_10,36,6,33,48,33,7,7,0,520
main,train,900,correct,libero_10,36,6,34,46,34,7,7,0,520
main,train,900,correct,libero_10,36,6,35,47,35,7,7,0,520
main,train,900,correct,libero_10,37,7,32,49,32,7,7,0,520
main,train,900,correct,libero_10,37,7,33,47,33,7,7,0,520
main,train,900,correct,libero_10,37,7,34,46,34,7,7,0,520
main,train,900,correct,libero_10,37,7,35,48,35,7,7,0,520
main,train,900,correct,libero_10,38,8,32,48,32,7,7,0,520
main,train,900,correct,libero_10,38,8,33,49,33,7,7,0,520
main,train,900,correct,libero_10,38,8,34,46,34,7,7,0,520
main,train,900,correct,libero_10,38,8,35,47,35,7,7,0,520
main,train,900,correct,libero_10,39,9,32,47,32,7,7,0,520
main,train,900,correct,libero_10,39,9,33,48,33,7,7,0,520
main,train,900,correct,libero_10,39,9,34,46,34,7,7,0,520
main,train,900,correct,libero_10,39,9,35,49,35,7,7,0,520
main,train,900,correct,libero_goal,20,0,32,47,32,7,7,0,300
main,train,900,correct,libero_goal,20,0,33,48,33,7,7,1,141
main,train,900,correct,libero_goal,20,0,34,46,34,7,7,1,198
main,train,900,correct,libero_goal,20,0,35,49,35,7,7,1,264
main,train,900,correct,libero_goal,21,1,32,47,32,7,7,1,77
main,train,900,correct,libero_goal,21,1,33,48,33,7,7,1,88
main,train,900,correct,libero_goal,21,1,34,46,34,7,7,1,79
main,train,900,correct,libero_goal,21,1,35,49,35,7,7,1,79
main,train,900,correct,libero_goal,22,2,32,46,32,7,7,0,300
main,train,900,correct,libero_goal,22,2,33,48,33,7,7,1,178
main,train,900,correct,libero_goal,22,2,34,49,34,7,7,1,168
main,train,900,correct,libero_goal,22,2,35,47,35,7,7,1,127
main,train,900,correct,libero_goal,25,5,32,48,32,7,7,0,300
main,train,900,correct,libero_goal,25,5,33,47,33,7,7,0,300
main,train,900,correct,libero_goal,25,5,34,49,34,7,7,0,300
main,train,900,correct,libero_goal,25,5,35,46,35,7,7,0,300
main,train,900,correct,libero_goal,28,8,32,49,32,7,7,1,90
main,train,900,correct,libero_goal,28,8,33,47,33,7,7,1,87
main,train,900,correct,libero_goal,28,8,34,46,34,7,7,1,79
main,train,900,correct,libero_goal,28,8,35,48,35,7,7,1,96
main,train,900,correct,libero_goal,29,9,32,46,32,7,7,0,300
main,train,900,correct,libero_goal,29,9,33,48,33,7,7,0,300
main,train,900,correct,libero_goal,29,9,34,49,34,7,7,0,300
main,train,900,correct,libero_goal,29,9,35,47,35,7,7,0,300
main,train,900,correct,libero_object,12,2,32,48,32,7,7,0,280
main,train,900,correct,libero_object,12,2,33,49,33,7,7,1,141
main,train,900,correct,libero_object,12,2,34,47,34,7,7,0,280
main,train,900,correct,libero_object,12,2,35,46,35,7,7,1,181
main,train,900,correct,libero_object,14,4,32,47,32,7,7,1,147
main,train,900,correct,libero_object,14,4,33,46,33,7,7,0,280
main,train,900,correct,libero_object,14,4,34,49,34,7,7,0,280
main,train,900,correct,libero_object,14,4,35,48,35,7,7,1,141
main,train,900,correct,libero_object,15,5,32,48,32,7,7,0,280
main,train,900,correct,libero_object,15,5,33,47,33,7,7,0,280
main,train,900,correct,libero_object,15,5,34,46,34,7,7,0,280
main,train,900,correct,libero_object,15,5,35,49,35,7,7,1,106
main,train,900,correct,libero_object,16,6,32,48,32,7,7,1,165
main,train,900,correct,libero_object,16,6,33,46,33,7,7,0,280
main,train,900,correct,libero_object,16,6,34,47,34,7,7,1,127
main,train,900,correct,libero_object,16,6,35,49,35,7,7,1,118
main,train,900,correct,libero_object,18,8,32,47,32,7,7,1,154
main,train,900,correct,libero_object,18,8,33,49,33,7,7,1,141
main,train,900,correct,libero_object,18,8,34,46,34,7,7,1,151
main,train,900,correct,libero_object,18,8,35,48,35,7,7,1,141
main,train,900,correct,libero_object,19,9,32,46,32,7,7,0,280
main,train,900,correct,libero_object,19,9,33,47,33,7,7,1,134
main,train,900,correct,libero_object,19,9,34,49,34,7,7,1,117
main,train,900,correct,libero_object,19,9,35,48,35,7,7,1,137
main,train,900,correct,libero_spatial,0,0,32,48,32,7,7,1,84
main,train,900,correct,libero_spatial,0,0,33,46,33,7,7,1,87
main,train,900,correct,libero_spatial,0,0,34,47,34,7,7,0,220
main,train,900,correct,libero_spatial,0,0,35,49,35,7,7,1,82
main,train,900,correct,libero_spatial,2,2,32,49,32,7,7,1,168
main,train,900,correct,libero_spatial,2,2,33,47,33,7,7,1,100
main,train,900,correct,libero_spatial,2,2,34,48,34,7,7,1,96
main,train,900,correct,libero_spatial,2,2,35,46,35,7,7,1,92
main,train,900,correct,libero_spatial,4,4,32,46,32,7,7,1,127
main,train,900,correct,libero_spatial,4,4,33,49,33,7,7,0,220
main,train,900,correct,libero_spatial,4,4,34,48,34,7,7,0,220
main,train,900,correct,libero_spatial,4,4,35,47,35,7,7,1,137
main,train,900,correct,libero_spatial,5,5,32,49,32,7,7,0,220
main,train,900,correct,libero_spatial,5,5,33,47,33,7,7,0,220
main,train,900,correct,libero_spatial,5,5,34,46,34,7,7,1,101
main,train,900,correct,libero_spatial,5,5,35,48,35,7,7,1,107
main,train,900,correct,libero_spatial,7,7,32,49,32,7,7,1,154
main,train,900,correct,libero_spatial,7,7,33,46,33,7,7,1,163
main,train,900,correct,libero_spatial,7,7,34,48,34,7,7,1,179
main,train,900,correct,libero_spatial,7,7,35,47,35,7,7,1,139
main,train,900,correct,libero_spatial,9,9,32,46,32,7,7,0,220
main,train,900,correct,libero_spatial,9,9,33,47,33,7,7,1,141
main,train,900,correct,libero_spatial,9,9,34,48,34,7,7,0,220
main,train,900,correct,libero_spatial,9,9,35,49,35,7,7,0,220
main,validation,1200,correct,libero_10,31,1,0,47,0,7,7,0,520
main,validation,1200,correct,libero_10,31,1,1,9,1,7,7,0,520
main,validation,1200,correct,libero_10,31,1,2,3,2,7,7,0,520
main,validation,1200,correct,libero_10,31,1,3,32,3,7,7,0,520
main,validation,1200,correct,libero_10,31,1,4,15,4,7,7,1,493
main,validation,1200,correct,libero_10,31,1,5,18,5,7,7,0,520
main,validation,1200,correct,libero_10,31,1,6,34,6,7,7,1,425
main,validation,1200,correct,libero_10,31,1,7,11,7,7,7,0,520
main,validation,1200,correct,libero_10,31,1,8,31,8,7,7,0,520
main,validation,1200,correct,libero_10,31,1,9,45,9,7,7,0,520
main,validation,1200,correct,libero_10,31,1,10,49,10,7,7,0,520
main,validation,1200,correct,libero_10,31,1,11,28,11,7,7,1,393
main,validation,1200,correct,libero_10,31,1,12,39,12,7,7,0,520
main,validation,1200,correct,libero_10,31,1,13,43,13,7,7,0,520
main,validation,1200,correct,libero_10,31,1,14,12,14,7,7,1,502
main,validation,1200,correct,libero_10,31,1,15,38,15,7,7,0,520
main,validation,1200,correct,libero_10,31,1,16,35,16,7,7,1,298
main,validation,1200,correct,libero_10,31,1,17,33,17,7,7,0,520
main,validation,1200,correct,libero_10,31,1,18,42,18,7,7,0,520
main,validation,1200,correct,libero_10,31,1,19,24,19,7,7,0,520
main,validation,1200,correct,libero_10,31,1,20,21,20,7,7,0,520
main,validation,1200,correct,libero_10,31,1,21,23,21,7,7,0,520
main,validation,1200,correct,libero_10,31,1,22,2,22,7,7,1,495
main,validation,1200,correct,libero_10,31,1,23,48,23,7,7,1,441
main,validation,1200,correct,libero_10,31,1,24,0,24,7,7,1,410
main,validation,1200,correct,libero_10,31,1,25,7,25,7,7,1,277
main,validation,1200,correct,libero_10,31,1,26,37,26,7,7,1,354
main,validation,1200,correct,libero_10,31,1,27,4,27,7,7,0,520
main,validation,1200,correct,libero_10,31,1,28,20,28,7,7,0,520
main,validation,1200,correct,libero_10,31,1,29,25,29,7,7,0,520
main,validation,1200,correct,libero_10,31,1,30,46,30,7,7,1,398
main,validation,1200,correct,libero_10,31,1,31,22,31,7,7,1,312
main,validation,1200,correct,libero_10,31,1,32,41,32,7,7,0,520
main,validation,1200,correct,libero_10,31,1,33,40,33,7,7,0,520
main,validation,1200,correct,libero_10,31,1,34,13,34,7,7,1,430
main,validation,1200,correct,libero_10,31,1,35,16,35,7,7,0,520
main,validation,1200,correct,libero_10,31,1,36,10,36,7,7,1,261
main,validation,1200,correct,libero_10,31,1,37,17,37,7,7,1,246
main,validation,1200,correct,libero_10,31,1,38,6,38,7,7,0,520
main,validation,1200,correct,libero_10,31,1,39,27,39,7,7,0,520
main,validation,1200,correct,libero_10,31,1,40,36,40,7,7,0,520
main,validation,1200,correct,libero_10,31,1,41,26,41,7,7,1,264
main,validation,1200,correct,libero_10,31,1,42,44,42,7,7,0,520
main,validation,1200,correct,libero_10,31,1,43,19,43,7,7,1,240
main,validation,1200,correct,libero_10,31,1,44,14,44,7,7,0,520
main,validation,1200,correct,libero_10,31,1,45,8,45,7,7,0,520
main,validation,1200,correct,libero_10,31,1,46,5,46,7,7,0,520
main,validation,1200,correct,libero_10,31,1,47,30,47,7,7,0,520
main,validation,1200,correct,libero_10,31,1,48,29,48,7,7,0,520
main,validation,1200,correct,libero_10,31,1,49,1,49,7,7,0,520
main,validation,1200,correct,libero_10,32,2,0,16,0,7,7,0,520
main,validation,1200,correct,libero_10,32,2,1,35,1,7,7,0,520
main,validation,1200,correct,libero_10,32,2,2,12,2,7,7,0,520
main,validation,1200,correct,libero_10,32,2,3,8,3,7,7,0,520
main,validation,1200,correct,libero_10,32,2,4,37,4,7,7,0,520
main,validation,1200,correct,libero_10,32,2,5,42,5,7,7,0,520
main,validation,1200,correct,libero_10,32,2,6,15,6,7,7,0,520
main,validation,1200,correct,libero_10,32,2,7,43,7,7,7,0,520
main,validation,1200,correct,libero_10,32,2,8,33,8,7,7,0,520
main,validation,1200,correct,libero_10,32,2,9,25,9,7,7,0,520
main,validation,1200,correct,libero_10,32,2,10,3,10,7,7,0,520
main,validation,1200,correct,libero_10,32,2,11,29,11,7,7,0,520
main,validation,1200,correct,libero_10,32,2,12,24,12,7,7,0,520
main,validation,1200,correct,libero_10,32,2,13,28,13,7,7,0,520
main,validation,1200,correct,libero_10,32,2,14,47,14,7,7,0,520
main,validation,1200,correct,libero_10,32,2,15,36,15,7,7,0,520
main,validation,1200,correct,libero_10,32,2,16,18,16,7,7,0,520
main,validation,1200,correct,libero_10,32,2,17,46,17,7,7,0,520
main,validation,1200,correct,libero_10,32,2,18,39,18,7,7,0,520
main,validation,1200,correct,libero_10,32,2,19,31,19,7,7,0,520
main,validation,1200,correct,libero_10,32,2,20,32,20,7,7,0,520
main,validation,1200,correct,libero_10,32,2,21,34,21,7,7,0,520
main,validation,1200,correct,libero_10,32,2,22,19,22,7,7,0,520
main,validation,1200,correct,libero_10,32,2,23,49,23,7,7,0,520
main,validation,1200,correct,libero_10,32,2,24,45,24,7,7,0,520
main,validation,1200,correct,libero_10,32,2,25,21,25,7,7,0,520
main,validation,1200,correct,libero_10,32,2,26,44,26,7,7,0,520
main,validation,1200,correct,libero_10,32,2,27,2,27,7,7,0,520
main,validation,1200,correct,libero_10,32,2,28,38,28,7,7,0,520
main,validation,1200,correct,libero_10,32,2,29,5,29,7,7,0,520
main,validation,1200,correct,libero_10,32,2,30,1,30,7,7,0,520
main,validation,1200,correct,libero_10,32,2,31,27,31,7,7,0,520
main,validation,1200,correct,libero_10,32,2,32,7,32,7,7,0,520
main,validation,1200,correct,libero_10,32,2,33,13,33,7,7,0,520
main,validation,1200,correct,libero_10,32,2,34,23,34,7,7,0,520
main,validation,1200,correct,libero_10,32,2,35,11,35,7,7,0,520
main,validation,1200,correct,libero_10,32,2,36,9,36,7,7,0,520
main,validation,1200,correct,libero_10,32,2,37,0,37,7,7,0,520
main,validation,1200,correct,libero_10,32,2,38,10,38,7,7,0,520
main,validation,1200,correct,libero_10,32,2,39,26,39,7,7,0,520
main,validation,1200,correct,libero_10,32,2,40,4,40,7,7,0,520
main,validation,1200,correct,libero_10,32,2,41,30,41,7,7,0,520
main,validation,1200,correct,libero_10,32,2,42,40,42,7,7,0,520
main,validation,1200,correct,libero_10,32,2,43,22,43,7,7,0,520
main,validation,1200,correct,libero_10,32,2,44,41,44,7,7,0,520
main,validation,1200,correct,libero_10,32,2,45,17,45,7,7,0,520
main,validation,1200,correct,libero_10,32,2,46,20,46,7,7,0,520
main,validation,1200,correct,libero_10,32,2,47,14,47,7,7,0,520
main,validation,1200,correct,libero_10,32,2,48,48,48,7,7,0,520
main,validation,1200,correct,libero_10,32,2,49,6,49,7,7,0,520
main,validation,1200,correct,libero_goal,23,3,0,35,0,7,7,0,300
main,validation,1200,correct,libero_goal,23,3,1,13,1,7,7,0,300
main,validation,1200,correct,libero_goal,23,3,2,15,2,7,7,0,300
main,validation,1200,correct,libero_goal,23,3,3,8,3,7,7,0,300
main,validation,1200,correct,libero_goal,23,3,4,34,4,7,7,0,300
main,validation,1200,correct,libero_goal,23,3,5,28,5,7,7,0,300
main,validation,1200,correct,libero_goal,23,3,6,29,6,7,7,0,300
main,validation,1200,correct,libero_goal,23,3,7,19,7,7,7,0,300
main,validation,1200,correct,libero_goal,23,3,8,17,8,7,7,0,300
main,validation,1200,correct,libero_goal,23,3,9,2,9,7,7,0,300
main,validation,1200,correct,libero_goal,23,3,10,0,10,7,7,0,300
main,validation,1200,correct,libero_goal,23,3,11,31,11,7,7,0,300
main,validation,1200,correct,libero_goal,23,3,12,3,12,7,7,0,300
main,validation,1200,correct,libero_goal,23,3,13,30,13,7,7,0,300
main,validation,1200,correct,libero_goal,23,3,14,5,14,7,7,0,300
main,validation,1200,correct,libero_goal,23,3,15,26,15,7,7,0,300
main,validation,1200,correct,libero_goal,23,3,16,4,16,7,7,0,300
main,validation,1200,correct,libero_goal,23,3,17,9,17,7,7,0,300
main,validation,1200,correct,libero_goal,23,3,18,14,18,7,7,0,300
main,validation,1200,correct,libero_goal,23,3,19,12,19,7,7,0,300
main,validation,1200,correct,libero_goal,23,3,20,27,20,7,7,0,300
main,validation,1200,correct,libero_goal,23,3,21,32,21,7,7,0,300
main,validation,1200,correct,libero_goal,23,3,22,36,22,7,7,0,300
main,validation,1200,correct,libero_goal,23,3,23,44,23,7,7,0,300
main,validation,1200,correct,libero_goal,23,3,24,46,24,7,7,0,300
main,validation,1200,correct,libero_goal,23,3,25,11,25,7,7,0,300
main,validation,1200,correct,libero_goal,23,3,26,41,26,7,7,0,300
main,validation,1200,correct,libero_goal,23,3,27,16,27,7,7,0,300
main,validation,1200,correct,libero_goal,23,3,28,48,28,7,7,0,300
main,validation,1200,correct,libero_goal,23,3,29,23,29,7,7,0,300
main,validation,1200,correct,libero_goal,23,3,30,21,30,7,7,0,300
main,validation,1200,correct,libero_goal,23,3,31,38,31,7,7,0,300
main,validation,1200,correct,libero_goal,23,3,32,22,32,7,7,0,300
main,validation,1200,correct,libero_goal,23,3,33,39,33,7,7,0,300
main,validation,1200,correct,libero_goal,23,3,34,42,34,7,7,0,300
main,validation,1200,correct,libero_goal,23,3,35,18,35,7,7,0,300
main,validation,1200,correct,libero_goal,23,3,36,6,36,7,7,0,300
main,validation,1200,correct,libero_goal,23,3,37,49,37,7,7,0,300
main,validation,1200,correct,libero_goal,23,3,38,33,38,7,7,0,300
main,validation,1200,correct,libero_goal,23,3,39,37,39,7,7,0,300
main,validation,1200,correct,libero_goal,23,3,40,24,40,7,7,0,300
main,validation,1200,correct,libero_goal,23,3,41,7,41,7,7,0,300
main,validation,1200,correct,libero_goal,23,3,42,40,42,7,7,0,300
main,validation,1200,correct,libero_goal,23,3,43,1,43,7,7,0,300
main,validation,1200,correct,libero_goal,23,3,44,20,44,7,7,0,300
main,validation,1200,correct,libero_goal,23,3,45,45,45,7,7,0,300
main,validation,1200,correct,libero_goal,23,3,46,10,46,7,7,0,300
main,validation,1200,correct,libero_goal,23,3,47,47,47,7,7,0,300
main,validation,1200,correct,libero_goal,23,3,48,43,48,7,7,0,300
main,validation,1200,correct,libero_goal,23,3,49,25,49,7,7,0,300
main,validation,1200,correct,libero_goal,26,6,0,45,0,7,7,1,106
main,validation,1200,correct,libero_goal,26,6,1,8,1,7,7,1,118
main,validation,1200,correct,libero_goal,26,6,2,22,2,7,7,1,106
main,validation,1200,correct,libero_goal,26,6,3,34,3,7,7,1,103
main,validation,1200,correct,libero_goal,26,6,4,49,4,7,7,1,102
main,validation,1200,correct,libero_goal,26,6,5,41,5,7,7,1,113
main,validation,1200,correct,libero_goal,26,6,6,9,6,7,7,1,114
main,validation,1200,correct,libero_goal,26,6,7,40,7,7,7,1,89
main,validation,1200,correct,libero_goal,26,6,8,29,8,7,7,1,107
main,validation,1200,correct,libero_goal,26,6,9,26,9,7,7,1,96
main,validation,1200,correct,libero_goal,26,6,10,7,10,7,7,1,101
main,validation,1200,correct,libero_goal,26,6,11,10,11,7,7,1,101
main,validation,1200,correct,libero_goal,26,6,12,44,12,7,7,1,103
main,validation,1200,correct,libero_goal,26,6,13,1,13,7,7,1,84
main,validation,1200,correct,libero_goal,26,6,14,35,14,7,7,1,96
main,validation,1200,correct,libero_goal,26,6,15,20,15,7,7,1,97
main,validation,1200,correct,libero_goal,26,6,16,2,16,7,7,1,96
main,validation,1200,correct,libero_goal,26,6,17,0,17,7,7,1,100
main,validation,1200,correct,libero_goal,26,6,18,23,18,7,7,1,98
main,validation,1200,correct,libero_goal,26,6,19,36,19,7,7,1,100
main,validation,1200,correct,libero_goal,26,6,20,43,20,7,7,0,300
main,validation,1200,correct,libero_goal,26,6,21,21,21,7,7,1,104
main,validation,1200,correct,libero_goal,26,6,22,31,22,7,7,1,106
main,validation,1200,correct,libero_goal,26,6,23,27,23,7,7,1,118
main,validation,1200,correct,libero_goal,26,6,24,47,24,7,7,0,300
main,validation,1200,correct,libero_goal,26,6,25,5,25,7,7,1,93
main,validation,1200,correct,libero_goal,26,6,26,11,26,7,7,1,107
main,validation,1200,correct,libero_goal,26,6,27,24,27,7,7,1,94
main,validation,1200,correct,libero_goal,26,6,28,38,28,7,7,1,96
main,validation,1200,correct,libero_goal,26,6,29,16,29,7,7,1,97
main,validation,1200,correct,libero_goal,26,6,30,39,30,7,7,1,97
main,validation,1200,correct,libero_goal,26,6,31,12,31,7,7,1,116
main,validation,1200,correct,libero_goal,26,6,32,42,32,7,7,0,300
main,validation,1200,correct,libero_goal,26,6,33,48,33,7,7,1,102
main,validation,1200,correct,libero_goal,26,6,34,32,34,7,7,1,95
main,validation,1200,correct,libero_goal,26,6,35,13,35,7,7,1,124
main,validation,1200,correct,libero_goal,26,6,36,4,36,7,7,1,109
main,validation,1200,correct,libero_goal,26,6,37,30,37,7,7,1,117
main,validation,1200,correct,libero_goal,26,6,38,3,38,7,7,1,90
main,validation,1200,correct,libero_goal,26,6,39,46,39,7,7,0,300
main,validation,1200,correct,libero_goal,26,6,40,14,40,7,7,1,113
main,validation,1200,correct,libero_goal,26,6,41,28,41,7,7,1,111
main,validation,1200,correct,libero_goal,26,6,42,19,42,7,7,1,89
main,validation,1200,correct,libero_goal,26,6,43,17,43,7,7,1,96
main,validation,1200,correct,libero_goal,26,6,44,33,44,7,7,1,104
main,validation,1200,correct,libero_goal,26,6,45,37,45,7,7,1,102
main,validation,1200,correct,libero_goal,26,6,46,15,46,7,7,1,107
main,validation,1200,correct,libero_goal,26,6,47,25,47,7,7,1,76
main,validation,1200,correct,libero_goal,26,6,48,6,48,7,7,0,300
main,validation,1200,correct,libero_goal,26,6,49,18,49,7,7,1,100
main,validation,1200,correct,libero_object,11,1,0,34,0,7,7,0,280
main,validation,1200,correct,libero_object,11,1,1,10,1,7,7,1,132
main,validation,1200,correct,libero_object,11,1,2,12,2,7,7,1,237
main,validation,1200,correct,libero_object,11,1,3,2,3,7,7,1,122
main,validation,1200,correct,libero_object,11,1,4,39,4,7,7,1,118
main,validation,1200,correct,libero_object,11,1,5,8,5,7,7,1,130
main,validation,1200,correct,libero_object,11,1,6,35,6,7,7,1,131
main,validation,1200,correct,libero_object,11,1,7,41,7,7,7,1,111
main,validation,1200,correct,libero_object,11,1,8,45,8,7,7,1,128
main,validation,1200,correct,libero_object,11,1,9,16,9,7,7,1,177
main,validation,1200,correct,libero_object,11,1,10,4,10,7,7,1,242
main,validation,1200,correct,libero_object,11,1,11,3,11,7,7,1,108
main,validation,1200,correct,libero_object,11,1,12,30,12,7,7,1,253
main,validation,1200,correct,libero_object,11,1,13,23,13,7,7,1,135
main,validation,1200,correct,libero_object,11,1,14,14,14,7,7,1,131
main,validation,1200,correct,libero_object,11,1,15,48,15,7,7,1,212
main,validation,1200,correct,libero_object,11,1,16,33,16,7,7,1,153
main,validation,1200,correct,libero_object,11,1,17,18,17,7,7,1,162
main,validation,1200,correct,libero_object,11,1,18,13,18,7,7,1,202
main,validation,1200,correct,libero_object,11,1,19,46,19,7,7,1,113
main,validation,1200,correct,libero_object,11,1,20,43,20,7,7,1,182
main,validation,1200,correct,libero_object,11,1,21,28,21,7,7,0,280
main,validation,1200,correct,libero_object,11,1,22,29,22,7,7,1,117
main,validation,1200,correct,libero_object,11,1,23,17,23,7,7,1,121
main,validation,1200,correct,libero_object,11,1,24,37,24,7,7,1,117
main,validation,1200,correct,libero_object,11,1,25,31,25,7,7,1,117
main,validation,1200,correct,libero_object,11,1,26,26,26,7,7,1,189
main,validation,1200,correct,libero_object,11,1,27,40,27,7,7,1,124
main,validation,1200,correct,libero_object,11,1,28,42,28,7,7,1,123
main,validation,1200,correct,libero_object,11,1,29,32,29,7,7,1,135
main,validation,1200,correct,libero_object,11,1,30,24,30,7,7,1,179
main,validation,1200,correct,libero_object,11,1,31,19,31,7,7,1,124
main,validation,1200,correct,libero_object,11,1,32,47,32,7,7,1,173
main,validation,1200,correct,libero_object,11,1,33,38,33,7,7,1,138
main,validation,1200,correct,libero_object,11,1,34,11,34,7,7,1,132
main,validation,1200,correct,libero_object,11,1,35,22,35,7,7,1,125
main,validation,1200,correct,libero_object,11,1,36,25,36,7,7,1,124
main,validation,1200,correct,libero_object,11,1,37,15,37,7,7,1,125
main,validation,1200,correct,libero_object,11,1,38,9,38,7,7,0,280
main,validation,1200,correct,libero_object,11,1,39,5,39,7,7,1,116
main,validation,1200,correct,libero_object,11,1,40,7,40,7,7,1,136
main,validation,1200,correct,libero_object,11,1,41,1,41,7,7,1,113
main,validation,1200,correct,libero_object,11,1,42,27,42,7,7,1,117
main,validation,1200,correct,libero_object,11,1,43,20,43,7,7,1,270
main,validation,1200,correct,libero_object,11,1,44,0,44,7,7,1,122
main,validation,1200,correct,libero_object,11,1,45,49,45,7,7,1,123
main,validation,1200,correct,libero_object,11,1,46,44,46,7,7,1,107
main,validation,1200,correct,libero_object,11,1,47,36,47,7,7,1,140
main,validation,1200,correct,libero_object,11,1,48,6,48,7,7,1,172
main,validation,1200,correct,libero_object,11,1,49,21,49,7,7,0,280
main,validation,1200,correct,libero_object,13,3,0,33,0,7,7,1,122
main,validation,1200,correct,libero_object,13,3,1,20,1,7,7,0,280
main,validation,1200,correct,libero_object,13,3,2,18,2,7,7,1,112
main,validation,1200,correct,libero_object,13,3,3,9,3,7,7,1,127
main,validation,1200,correct,libero_object,13,3,4,42,4,7,7,1,132
main,validation,1200,correct,libero_object,13,3,5,34,5,7,7,1,121
main,validation,1200,correct,libero_object,13,3,6,24,6,7,7,0,280
main,validation,1200,correct,libero_object,13,3,7,28,7,7,7,1,126
main,validation,1200,correct,libero_object,13,3,8,25,8,7,7,1,127
main,validation,1200,correct,libero_object,13,3,9,3,9,7,7,1,127
main,validation,1200,correct,libero_object,13,3,10,16,10,7,7,1,116
main,validation,1200,correct,libero_object,13,3,11,14,11,7,7,1,124
main,validation,1200,correct,libero_object,13,3,12,44,12,7,7,1,127
main,validation,1200,correct,libero_object,13,3,13,8,13,7,7,0,280
main,validation,1200,correct,libero_object,13,3,14,48,14,7,7,1,148
main,validation,1200,correct,libero_object,13,3,15,2,15,7,7,1,116
main,validation,1200,correct,libero_object,13,3,16,36,16,7,7,1,123
main,validation,1200,correct,libero_object,13,3,17,35,17,7,7,0,280
main,validation,1200,correct,libero_object,13,3,18,0,18,7,7,1,120
main,validation,1200,correct,libero_object,13,3,19,47,19,7,7,0,280
main,validation,1200,correct,libero_object,13,3,20,30,20,7,7,0,280
main,validation,1200,correct,libero_object,13,3,21,4,21,7,7,1,177
main,validation,1200,correct,libero_object,13,3,22,13,22,7,7,1,161
main,validation,1200,correct,libero_object,13,3,23,45,23,7,7,0,280
main,validation,1200,correct,libero_object,13,3,24,43,24,7,7,1,121
main,validation,1200,correct,libero_object,13,3,25,5,25,7,7,0,280
main,validation,1200,correct,libero_object,13,3,26,7,26,7,7,1,127
main,validation,1200,correct,libero_object,13,3,27,46,27,7,7,0,280
main,validation,1200,correct,libero_object,13,3,28,15,28,7,7,0,280
main,validation,1200,correct,libero_object,13,3,29,49,29,7,7,1,130
main,validation,1200,correct,libero_object,13,3,30,26,30,7,7,0,280
main,validation,1200,correct,libero_object,13,3,31,10,31,7,7,1,116
main,validation,1200,correct,libero_object,13,3,32,23,32,7,7,1,162
main,validation,1200,correct,libero_object,13,3,33,17,33,7,7,1,116
main,validation,1200,correct,libero_object,13,3,34,1,34,7,7,1,121
main,validation,1200,correct,libero_object,13,3,35,21,35,7,7,0,280
main,validation,1200,correct,libero_object,13,3,36,12,36,7,7,1,121
main,validation,1200,correct,libero_object,13,3,37,11,37,7,7,0,280
main,validation,1200,correct,libero_object,13,3,38,40,38,7,7,1,268
main,validation,1200,correct,libero_object,13,3,39,41,39,7,7,1,125
main,validation,1200,correct,libero_object,13,3,40,19,40,7,7,0,280
main,validation,1200,correct,libero_object,13,3,41,32,41,7,7,1,102
main,validation,1200,correct,libero_object,13,3,42,38,42,7,7,0,280
main,validation,1200,correct,libero_object,13,3,43,22,43,7,7,0,280
main,validation,1200,correct,libero_object,13,3,44,29,44,7,7,0,280
main,validation,1200,correct,libero_object,13,3,45,37,45,7,7,0,280
main,validation,1200,correct,libero_object,13,3,46,31,46,7,7,1,122
main,validation,1200,correct,libero_object,13,3,47,6,47,7,7,1,206
main,validation,1200,correct,libero_object,13,3,48,27,48,7,7,0,280
main,validation,1200,correct,libero_object,13,3,49,39,49,7,7,0,280
main,validation,1200,correct,libero_spatial,1,1,0,1,0,7,7,0,220
main,validation,1200,correct,libero_spatial,1,1,1,21,1,7,7,0,220
main,validation,1200,correct,libero_spatial,1,1,2,39,2,7,7,0,220
main,validation,1200,correct,libero_spatial,1,1,3,14,3,7,7,0,220
main,validation,1200,correct,libero_spatial,1,1,4,2,4,7,7,0,220
main,validation,1200,correct,libero_spatial,1,1,5,34,5,7,7,0,220
main,validation,1200,correct,libero_spatial,1,1,6,40,6,7,7,0,220
main,validation,1200,correct,libero_spatial,1,1,7,8,7,7,7,0,220
main,validation,1200,correct,libero_spatial,1,1,8,4,8,7,7,0,220
main,validation,1200,correct,libero_spatial,1,1,9,42,9,7,7,0,220
main,validation,1200,correct,libero_spatial,1,1,10,44,10,7,7,0,220
main,validation,1200,correct,libero_spatial,1,1,11,24,11,7,7,0,220
main,validation,1200,correct,libero_spatial,1,1,12,36,12,7,7,0,220
main,validation,1200,correct,libero_spatial,1,1,13,37,13,7,7,0,220
main,validation,1200,correct,libero_spatial,1,1,14,18,14,7,7,0,220
main,validation,1200,correct,libero_spatial,1,1,15,31,15,7,7,0,220
main,validation,1200,correct,libero_spatial,1,1,16,33,16,7,7,0,220
main,validation,1200,correct,libero_spatial,1,1,17,9,17,7,7,0,220
main,validation,1200,correct,libero_spatial,1,1,18,6,18,7,7,0,220
main,validation,1200,correct,libero_spatial,1,1,19,7,19,7,7,0,220
main,validation,1200,correct,libero_spatial,1,1,20,27,20,7,7,0,220
main,validation,1200,correct,libero_spatial,1,1,21,20,21,7,7,0,220
main,validation,1200,correct,libero_spatial,1,1,22,38,22,7,7,0,220
main,validation,1200,correct,libero_spatial,1,1,23,46,23,7,7,0,220
main,validation,1200,correct,libero_spatial,1,1,24,17,24,7,7,0,220
main,validation,1200,correct,libero_spatial,1,1,25,41,25,7,7,0,220
main,validation,1200,correct,libero_spatial,1,1,26,0,26,7,7,0,220
main,validation,1200,correct,libero_spatial,1,1,27,30,27,7,7,0,220
main,validation,1200,correct,libero_spatial,1,1,28,22,28,7,7,0,220
main,validation,1200,correct,libero_spatial,1,1,29,12,29,7,7,0,220
main,validation,1200,correct,libero_spatial,1,1,30,47,30,7,7,0,220
main,validation,1200,correct,libero_spatial,1,1,31,45,31,7,7,0,220
main,validation,1200,correct,libero_spatial,1,1,32,32,32,7,7,0,220
main,validation,1200,correct,libero_spatial,1,1,33,43,33,7,7,0,220
main,validation,1200,correct,libero_spatial,1,1,34,3,34,7,7,0,220
main,validation,1200,correct,libero_spatial,1,1,35,11,35,7,7,0,220
main,validation,1200,correct,libero_spatial,1,1,36,48,36,7,7,0,220
main,validation,1200,correct,libero_spatial,1,1,37,28,37,7,7,0,220
main,validation,1200,correct,libero_spatial,1,1,38,35,38,7,7,0,220
main,validation,1200,correct,libero_spatial,1,1,39,29,39,7,7,0,220
main,validation,1200,correct,libero_spatial,1,1,40,15,40,7,7,0,220
main,validation,1200,correct,libero_spatial,1,1,41,5,41,7,7,0,220
main,validation,1200,correct,libero_spatial,1,1,42,26,42,7,7,0,220
main,validation,1200,correct,libero_spatial,1,1,43,19,43,7,7,0,220
main,validation,1200,correct,libero_spatial,1,1,44,23,44,7,7,0,220
main,validation,1200,correct,libero_spatial,1,1,45,10,45,7,7,0,220
main,validation,1200,correct,libero_spatial,1,1,46,16,46,7,7,0,220
main,validation,1200,correct,libero_spatial,1,1,47,25,47,7,7,0,220
main,validation,1200,correct,libero_spatial,1,1,48,49,48,7,7,0,220
main,validation,1200,correct,libero_spatial,1,1,49,13,49,7,7,0,220
main,validation,1200,correct,libero_spatial,3,3,0,2,0,7,7,1,102
main,validation,1200,correct,libero_spatial,3,3,1,36,1,7,7,1,114
main,validation,1200,correct,libero_spatial,3,3,2,43,2,7,7,0,220
main,validation,1200,correct,libero_spatial,3,3,3,16,3,7,7,1,95
main,validation,1200,correct,libero_spatial,3,3,4,7,4,7,7,0,220
main,validation,1200,correct,libero_spatial,3,3,5,8,5,7,7,0,220
main,validation,1200,correct,libero_spatial,3,3,6,14,6,7,7,0,220
main,validation,1200,correct,libero_spatial,3,3,7,38,7,7,7,1,95
main,validation,1200,correct,libero_spatial,3,3,8,33,8,7,7,0,220
main,validation,1200,correct,libero_spatial,3,3,9,1,9,7,7,1,99
main,validation,1200,correct,libero_spatial,3,3,10,21,10,7,7,1,111
main,validation,1200,correct,libero_spatial,3,3,11,5,11,7,7,1,102
main,validation,1200,correct,libero_spatial,3,3,12,49,12,7,7,1,121
main,validation,1200,correct,libero_spatial,3,3,13,29,13,7,7,0,220
main,validation,1200,correct,libero_spatial,3,3,14,24,14,7,7,1,143
main,validation,1200,correct,libero_spatial,3,3,15,10,15,7,7,1,84
main,validation,1200,correct,libero_spatial,3,3,16,44,16,7,7,1,105
main,validation,1200,correct,libero_spatial,3,3,17,15,17,7,7,1,112
main,validation,1200,correct,libero_spatial,3,3,18,19,18,7,7,1,107
main,validation,1200,correct,libero_spatial,3,3,19,39,19,7,7,1,96
main,validation,1200,correct,libero_spatial,3,3,20,6,20,7,7,0,220
main,validation,1200,correct,libero_spatial,3,3,21,30,21,7,7,1,137
main,validation,1200,correct,libero_spatial,3,3,22,28,22,7,7,1,115
main,validation,1200,correct,libero_spatial,3,3,23,34,23,7,7,1,104
main,validation,1200,correct,libero_spatial,3,3,24,3,24,7,7,1,103
main,validation,1200,correct,libero_spatial,3,3,25,45,25,7,7,0,220
main,validation,1200,correct,libero_spatial,3,3,26,32,26,7,7,1,104
main,validation,1200,correct,libero_spatial,3,3,27,22,27,7,7,0,220
main,validation,1200,correct,libero_spatial,3,3,28,20,28,7,7,0,220
main,validation,1200,correct,libero_spatial,3,3,29,23,29,7,7,1,104
main,validation,1200,correct,libero_spatial,3,3,30,9,30,7,7,1,193
main,validation,1200,correct,libero_spatial,3,3,31,0,31,7,7,0,220
main,validation,1200,correct,libero_spatial,3,3,32,4,32,7,7,1,78
main,validation,1200,correct,libero_spatial,3,3,33,47,33,7,7,0,220
main,validation,1200,correct,libero_spatial,3,3,34,31,34,7,7,1,159
main,validation,1200,correct,libero_spatial,3,3,35,27,35,7,7,1,138
main,validation,1200,correct,libero_spatial,3,3,36,17,36,7,7,1,154
main,validation,1200,correct,libero_spatial,3,3,37,41,37,7,7,1,105
main,validation,1200,correct,libero_spatial,3,3,38,25,38,7,7,1,93
main,validation,1200,correct,libero_spatial,3,3,39,35,39,7,7,1,106
main,validation,1200,correct,libero_spatial,3,3,40,46,40,7,7,1,106
main,validation,1200,correct,libero_spatial,3,3,41,40,41,7,7,0,220
main,validation,1200,correct,libero_spatial,3,3,42,42,42,7,7,1,101
main,validation,1200,correct,libero_spatial,3,3,43,48,43,7,7,1,93
main,validation,1200,correct,libero_spatial,3,3,44,26,44,7,7,1,96
main,validation,1200,correct,libero_spatial,3,3,45,11,45,7,7,1,94
main,validation,1200,correct,libero_spatial,3,3,46,18,46,7,7,0,220
main,validation,1200,correct,libero_spatial,3,3,47,13,47,7,7,1,214
main,validation,1200,correct,libero_spatial,3,3,48,12,48,7,7,1,114
main,validation,1200,correct,libero_spatial,3,3,49,37,49,7,7,1,106
main,train,1200,correct,libero_10,34,4,32,48,32,7,7,1,212
main,train,1200,correct,libero_10,34,4,33,49,33,7,7,1,230
main,train,1200,correct,libero_10,34,4,34,47,34,7,7,1,235
main,train,1200,correct,libero_10,34,4,35,46,35,7,7,0,520
main,train,1200,correct,libero_10,35,5,32,48,32,7,7,0,520
main,train,1200,correct,libero_10,35,5,33,46,33,7,7,0,520
main,train,1200,correct,libero_10,35,5,34,49,34,7,7,1,165
main,train,1200,correct,libero_10,35,5,35,47,35,7,7,1,141
main,train,1200,correct,libero_10,36,6,32,49,32,7,7,1,273
main,train,1200,correct,libero_10,36,6,33,48,33,7,7,1,476
main,train,1200,correct,libero_10,36,6,34,46,34,7,7,1,296
main,train,1200,correct,libero_10,36,6,35,47,35,7,7,1,439
main,train,1200,correct,libero_10,37,7,32,49,32,7,7,0,520
main,train,1200,correct,libero_10,37,7,33,47,33,7,7,1,474
main,train,1200,correct,libero_10,37,7,34,46,34,7,7,0,520
main,train,1200,correct,libero_10,37,7,35,48,35,7,7,0,520
main,train,1200,correct,libero_10,38,8,32,48,32,7,7,0,520
main,train,1200,correct,libero_10,38,8,33,49,33,7,7,0,520
main,train,1200,correct,libero_10,38,8,34,46,34,7,7,0,520
main,train,1200,correct,libero_10,38,8,35,47,35,7,7,0,520
main,train,1200,correct,libero_10,39,9,32,47,32,7,7,0,520
main,train,1200,correct,libero_10,39,9,33,48,33,7,7,0,520
main,train,1200,correct,libero_10,39,9,34,46,34,7,7,0,520
main,train,1200,correct,libero_10,39,9,35,49,35,7,7,0,520
main,train,1200,correct,libero_goal,20,0,32,47,32,7,7,1,105
main,train,1200,correct,libero_goal,20,0,33,48,33,7,7,0,300
main,train,1200,correct,libero_goal,20,0,34,46,34,7,7,1,104
main,train,1200,correct,libero_goal,20,0,35,49,35,7,7,0,300
main,train,1200,correct,libero_goal,21,1,32,47,32,7,7,1,81
main,train,1200,correct,libero_goal,21,1,33,48,33,7,7,1,93
main,train,1200,correct,libero_goal,21,1,34,46,34,7,7,1,84
main,train,1200,correct,libero_goal,21,1,35,49,35,7,7,1,84
main,train,1200,correct,libero_goal,22,2,32,46,32,7,7,1,106
main,train,1200,correct,libero_goal,22,2,33,48,33,7,7,0,300
main,train,1200,correct,libero_goal,22,2,34,49,34,7,7,1,118
main,train,1200,correct,libero_goal,22,2,35,47,35,7,7,1,96
main,train,1200,correct,libero_goal,25,5,32,48,32,7,7,0,300
main,train,1200,correct,libero_goal,25,5,33,47,33,7,7,0,300
main,train,1200,correct,libero_goal,25,5,34,49,34,7,7,1,127
main,train,1200,correct,libero_goal,25,5,35,46,35,7,7,0,300
main,train,1200,correct,libero_goal,28,8,32,49,32,7,7,1,90
main,train,1200,correct,libero_goal,28,8,33,47,33,7,7,1,93
main,train,1200,correct,libero_goal,28,8,34,46,34,7,7,1,86
main,train,1200,correct,libero_goal,28,8,35,48,35,7,7,0,300
main,train,1200,correct,libero_goal,29,9,32,46,32,7,7,0,300
main,train,1200,correct,libero_goal,29,9,33,48,33,7,7,0,300
main,train,1200,correct,libero_goal,29,9,34,49,34,7,7,0,300
main,train,1200,correct,libero_goal,29,9,35,47,35,7,7,0,300
main,train,1200,correct,libero_object,12,2,32,48,32,7,7,1,182
main,train,1200,correct,libero_object,12,2,33,49,33,7,7,0,280
main,train,1200,correct,libero_object,12,2,34,47,34,7,7,1,106
main,train,1200,correct,libero_object,12,2,35,46,35,7,7,1,121
main,train,1200,correct,libero_object,14,4,32,47,32,7,7,1,146
main,train,1200,correct,libero_object,14,4,33,46,33,7,7,0,280
main,train,1200,correct,libero_object,14,4,34,49,34,7,7,1,135
main,train,1200,correct,libero_object,14,4,35,48,35,7,7,1,147
main,train,1200,correct,libero_object,15,5,32,48,32,7,7,1,132
main,train,1200,correct,libero_object,15,5,33,47,33,7,7,1,220
main,train,1200,correct,libero_object,15,5,34,46,34,7,7,1,189
main,train,1200,correct,libero_object,15,5,35,49,35,7,7,1,143
main,train,1200,correct,libero_object,16,6,32,48,32,7,7,1,171
main,train,1200,correct,libero_object,16,6,33,46,33,7,7,1,171
main,train,1200,correct,libero_object,16,6,34,47,34,7,7,1,129
main,train,1200,correct,libero_object,16,6,35,49,35,7,7,1,119
main,train,1200,correct,libero_object,18,8,32,47,32,7,7,1,153
main,train,1200,correct,libero_object,18,8,33,49,33,7,7,1,145
main,train,1200,correct,libero_object,18,8,34,46,34,7,7,1,133
main,train,1200,correct,libero_object,18,8,35,48,35,7,7,1,141
main,train,1200,correct,libero_object,19,9,32,46,32,7,7,1,114
main,train,1200,correct,libero_object,19,9,33,47,33,7,7,1,106
main,train,1200,correct,libero_object,19,9,34,49,34,7,7,1,107
main,train,1200,correct,libero_object,19,9,35,48,35,7,7,1,103
main,train,1200,correct,libero_spatial,0,0,32,48,32,7,7,1,81
main,train,1200,correct,libero_spatial,0,0,33,46,33,7,7,0,220
main,train,1200,correct,libero_spatial,0,0,34,47,34,7,7,1,82
main,train,1200,correct,libero_spatial,0,0,35,49,35,7,7,1,100
main,train,1200,correct,libero_spatial,2,2,32,49,32,7,7,1,98
main,train,1200,correct,libero_spatial,2,2,33,47,33,7,7,1,103
main,train,1200,correct,libero_spatial,2,2,34,48,34,7,7,1,98
main,train,1200,correct,libero_spatial,2,2,35,46,35,7,7,1,100
main,train,1200,correct,libero_spatial,4,4,32,46,32,7,7,1,195
main,train,1200,correct,libero_spatial,4,4,33,49,33,7,7,1,172
main,train,1200,correct,libero_spatial,4,4,34,48,34,7,7,1,142
main,train,1200,correct,libero_spatial,4,4,35,47,35,7,7,1,147
main,train,1200,correct,libero_spatial,5,5,32,49,32,7,7,0,220
main,train,1200,correct,libero_spatial,5,5,33,47,33,7,7,1,94
main,train,1200,correct,libero_spatial,5,5,34,46,34,7,7,1,100
main,train,1200,correct,libero_spatial,5,5,35,48,35,7,7,1,89
main,train,1200,correct,libero_spatial,7,7,32,49,32,7,7,1,130
main,train,1200,correct,libero_spatial,7,7,33,46,33,7,7,1,115
main,train,1200,correct,libero_spatial,7,7,34,48,34,7,7,1,139
main,train,1200,correct,libero_spatial,7,7,35,47,35,7,7,1,144
main,train,1200,correct,libero_spatial,9,9,32,46,32,7,7,1,108
main,train,1200,correct,libero_spatial,9,9,33,47,33,7,7,1,119
main,train,1200,correct,libero_spatial,9,9,34,48,34,7,7,1,110
main,train,1200,correct,libero_spatial,9,9,35,49,35,7,7,1,115
main,validation,1500,correct,libero_10,31,1,0,47,0,7,7,0,520
main,validation,1500,correct,libero_10,31,1,1,9,1,7,7,1,392
main,validation,1500,correct,libero_10,31,1,2,3,2,7,7,0,520
main,validation,1500,correct,libero_10,31,1,3,32,3,7,7,1,376
main,validation,1500,correct,libero_10,31,1,4,15,4,7,7,1,325
main,validation,1500,correct,libero_10,31,1,5,18,5,7,7,0,520
main,validation,1500,correct,libero_10,31,1,6,34,6,7,7,1,316
main,validation,1500,correct,libero_10,31,1,7,11,7,7,7,0,520
main,validation,1500,correct,libero_10,31,1,8,31,8,7,7,1,342
main,validation,1500,correct,libero_10,31,1,9,45,9,7,7,1,314
main,validation,1500,correct,libero_10,31,1,10,49,10,7,7,1,295
main,validation,1500,correct,libero_10,31,1,11,28,11,7,7,0,520
main,validation,1500,correct,libero_10,31,1,12,39,12,7,7,0,520
main,validation,1500,correct,libero_10,31,1,13,43,13,7,7,1,324
main,validation,1500,correct,libero_10,31,1,14,12,14,7,7,0,520
main,validation,1500,correct,libero_10,31,1,15,38,15,7,7,0,520
main,validation,1500,correct,libero_10,31,1,16,35,16,7,7,1,246
main,validation,1500,correct,libero_10,31,1,17,33,17,7,7,0,520
main,validation,1500,correct,libero_10,31,1,18,42,18,7,7,0,520
main,validation,1500,correct,libero_10,31,1,19,24,19,7,7,1,440
main,validation,1500,correct,libero_10,31,1,20,21,20,7,7,1,243
main,validation,1500,correct,libero_10,31,1,21,23,21,7,7,0,520
main,validation,1500,correct,libero_10,31,1,22,2,22,7,7,0,520
main,validation,1500,correct,libero_10,31,1,23,48,23,7,7,1,455
main,validation,1500,correct,libero_10,31,1,24,0,24,7,7,0,520
main,validation,1500,correct,libero_10,31,1,25,7,25,7,7,1,391
main,validation,1500,correct,libero_10,31,1,26,37,26,7,7,1,349
main,validation,1500,correct,libero_10,31,1,27,4,27,7,7,0,520
main,validation,1500,correct,libero_10,31,1,28,20,28,7,7,0,520
main,validation,1500,correct,libero_10,31,1,29,25,29,7,7,1,505
main,validation,1500,correct,libero_10,31,1,30,46,30,7,7,0,520
main,validation,1500,correct,libero_10,31,1,31,22,31,7,7,0,520
main,validation,1500,correct,libero_10,31,1,32,41,32,7,7,0,520
main,validation,1500,correct,libero_10,31,1,33,40,33,7,7,0,520
main,validation,1500,correct,libero_10,31,1,34,13,34,7,7,0,520
main,validation,1500,correct,libero_10,31,1,35,16,35,7,7,1,332
main,validation,1500,correct,libero_10,31,1,36,10,36,7,7,0,520
main,validation,1500,correct,libero_10,31,1,37,17,37,7,7,1,282
main,validation,1500,correct,libero_10,31,1,38,6,38,7,7,0,520
main,validation,1500,correct,libero_10,31,1,39,27,39,7,7,0,520
main,validation,1500,correct,libero_10,31,1,40,36,40,7,7,0,520
main,validation,1500,correct,libero_10,31,1,41,26,41,7,7,1,390
main,validation,1500,correct,libero_10,31,1,42,44,42,7,7,0,520
main,validation,1500,correct,libero_10,31,1,43,19,43,7,7,1,292
main,validation,1500,correct,libero_10,31,1,44,14,44,7,7,1,367
main,validation,1500,correct,libero_10,31,1,45,8,45,7,7,1,475
main,validation,1500,correct,libero_10,31,1,46,5,46,7,7,0,520
main,validation,1500,correct,libero_10,31,1,47,30,47,7,7,1,336
main,validation,1500,correct,libero_10,31,1,48,29,48,7,7,1,292
main,validation,1500,correct,libero_10,31,1,49,1,49,7,7,0,520
main,validation,1500,correct,libero_10,32,2,0,16,0,7,7,0,520
main,validation,1500,correct,libero_10,32,2,1,35,1,7,7,0,520
main,validation,1500,correct,libero_10,32,2,2,12,2,7,7,0,520
main,validation,1500,correct,libero_10,32,2,3,8,3,7,7,0,520
main,validation,1500,correct,libero_10,32,2,4,37,4,7,7,0,520
main,validation,1500,correct,libero_10,32,2,5,42,5,7,7,0,520
main,validation,1500,correct,libero_10,32,2,6,15,6,7,7,0,520
main,validation,1500,correct,libero_10,32,2,7,43,7,7,7,0,520
main,validation,1500,correct,libero_10,32,2,8,33,8,7,7,0,520
main,validation,1500,correct,libero_10,32,2,9,25,9,7,7,0,520
main,validation,1500,correct,libero_10,32,2,10,3,10,7,7,0,520
main,validation,1500,correct,libero_10,32,2,11,29,11,7,7,0,520
main,validation,1500,correct,libero_10,32,2,12,24,12,7,7,0,520
main,validation,1500,correct,libero_10,32,2,13,28,13,7,7,0,520
main,validation,1500,correct,libero_10,32,2,14,47,14,7,7,0,520
main,validation,1500,correct,libero_10,32,2,15,36,15,7,7,0,520
main,validation,1500,correct,libero_10,32,2,16,18,16,7,7,0,520
main,validation,1500,correct,libero_10,32,2,17,46,17,7,7,0,520
main,validation,1500,correct,libero_10,32,2,18,39,18,7,7,0,520
main,validation,1500,correct,libero_10,32,2,19,31,19,7,7,0,520
main,validation,1500,correct,libero_10,32,2,20,32,20,7,7,0,520
main,validation,1500,correct,libero_10,32,2,21,34,21,7,7,0,520
main,validation,1500,correct,libero_10,32,2,22,19,22,7,7,0,520
main,validation,1500,correct,libero_10,32,2,23,49,23,7,7,0,520
main,validation,1500,correct,libero_10,32,2,24,45,24,7,7,0,520
main,validation,1500,correct,libero_10,32,2,25,21,25,7,7,0,520
main,validation,1500,correct,libero_10,32,2,26,44,26,7,7,0,520
main,validation,1500,correct,libero_10,32,2,27,2,27,7,7,0,520
main,validation,1500,correct,libero_10,32,2,28,38,28,7,7,0,520
main,validation,1500,correct,libero_10,32,2,29,5,29,7,7,0,520
main,validation,1500,correct,libero_10,32,2,30,1,30,7,7,0,520
main,validation,1500,correct,libero_10,32,2,31,27,31,7,7,0,520
main,validation,1500,correct,libero_10,32,2,32,7,32,7,7,0,520
main,validation,1500,correct,libero_10,32,2,33,13,33,7,7,0,520
main,validation,1500,correct,libero_10,32,2,34,23,34,7,7,0,520
main,validation,1500,correct,libero_10,32,2,35,11,35,7,7,0,520
main,validation,1500,correct,libero_10,32,2,36,9,36,7,7,0,520
main,validation,1500,correct,libero_10,32,2,37,0,37,7,7,0,520
main,validation,1500,correct,libero_10,32,2,38,10,38,7,7,0,520
main,validation,1500,correct,libero_10,32,2,39,26,39,7,7,0,520
main,validation,1500,correct,libero_10,32,2,40,4,40,7,7,0,520
main,validation,1500,correct,libero_10,32,2,41,30,41,7,7,0,520
main,validation,1500,correct,libero_10,32,2,42,40,42,7,7,0,520
main,validation,1500,correct,libero_10,32,2,43,22,43,7,7,0,520
main,validation,1500,correct,libero_10,32,2,44,41,44,7,7,0,520
main,validation,1500,correct,libero_10,32,2,45,17,45,7,7,0,520
main,validation,1500,correct,libero_10,32,2,46,20,46,7,7,0,520
main,validation,1500,correct,libero_10,32,2,47,14,47,7,7,0,520
main,validation,1500,correct,libero_10,32,2,48,48,48,7,7,0,520
main,validation,1500,correct,libero_10,32,2,49,6,49,7,7,0,520
main,validation,1500,correct,libero_goal,23,3,0,35,0,7,7,0,300
main,validation,1500,correct,libero_goal,23,3,1,13,1,7,7,0,300
main,validation,1500,correct,libero_goal,23,3,2,15,2,7,7,0,300
main,validation,1500,correct,libero_goal,23,3,3,8,3,7,7,0,300
main,validation,1500,correct,libero_goal,23,3,4,34,4,7,7,0,300
main,validation,1500,correct,libero_goal,23,3,5,28,5,7,7,0,300
main,validation,1500,correct,libero_goal,23,3,6,29,6,7,7,0,300
main,validation,1500,correct,libero_goal,23,3,7,19,7,7,7,0,300
main,validation,1500,correct,libero_goal,23,3,8,17,8,7,7,0,300
main,validation,1500,correct,libero_goal,23,3,9,2,9,7,7,0,300
main,validation,1500,correct,libero_goal,23,3,10,0,10,7,7,0,300
main,validation,1500,correct,libero_goal,23,3,11,31,11,7,7,0,300
main,validation,1500,correct,libero_goal,23,3,12,3,12,7,7,0,300
main,validation,1500,correct,libero_goal,23,3,13,30,13,7,7,0,300
main,validation,1500,correct,libero_goal,23,3,14,5,14,7,7,0,300
main,validation,1500,correct,libero_goal,23,3,15,26,15,7,7,0,300
main,validation,1500,correct,libero_goal,23,3,16,4,16,7,7,0,300
main,validation,1500,correct,libero_goal,23,3,17,9,17,7,7,0,300
main,validation,1500,correct,libero_goal,23,3,18,14,18,7,7,0,300
main,validation,1500,correct,libero_goal,23,3,19,12,19,7,7,0,300
main,validation,1500,correct,libero_goal,23,3,20,27,20,7,7,0,300
main,validation,1500,correct,libero_goal,23,3,21,32,21,7,7,0,300
main,validation,1500,correct,libero_goal,23,3,22,36,22,7,7,0,300
main,validation,1500,correct,libero_goal,23,3,23,44,23,7,7,0,300
main,validation,1500,correct,libero_goal,23,3,24,46,24,7,7,0,300
main,validation,1500,correct,libero_goal,23,3,25,11,25,7,7,0,300
main,validation,1500,correct,libero_goal,23,3,26,41,26,7,7,0,300
main,validation,1500,correct,libero_goal,23,3,27,16,27,7,7,0,300
main,validation,1500,correct,libero_goal,23,3,28,48,28,7,7,0,300
main,validation,1500,correct,libero_goal,23,3,29,23,29,7,7,0,300
main,validation,1500,correct,libero_goal,23,3,30,21,30,7,7,0,300
main,validation,1500,correct,libero_goal,23,3,31,38,31,7,7,0,300
main,validation,1500,correct,libero_goal,23,3,32,22,32,7,7,0,300
main,validation,1500,correct,libero_goal,23,3,33,39,33,7,7,0,300
main,validation,1500,correct,libero_goal,23,3,34,42,34,7,7,0,300
main,validation,1500,correct,libero_goal,23,3,35,18,35,7,7,0,300
main,validation,1500,correct,libero_goal,23,3,36,6,36,7,7,0,300
main,validation,1500,correct,libero_goal,23,3,37,49,37,7,7,0,300
main,validation,1500,correct,libero_goal,23,3,38,33,38,7,7,0,300
main,validation,1500,correct,libero_goal,23,3,39,37,39,7,7,0,300
main,validation,1500,correct,libero_goal,23,3,40,24,40,7,7,0,300
main,validation,1500,correct,libero_goal,23,3,41,7,41,7,7,0,300
main,validation,1500,correct,libero_goal,23,3,42,40,42,7,7,0,300
main,validation,1500,correct,libero_goal,23,3,43,1,43,7,7,0,300
main,validation,1500,correct,libero_goal,23,3,44,20,44,7,7,0,300
main,validation,1500,correct,libero_goal,23,3,45,45,45,7,7,0,300
main,validation,1500,correct,libero_goal,23,3,46,10,46,7,7,0,300
main,validation,1500,correct,libero_goal,23,3,47,47,47,7,7,0,300
main,validation,1500,correct,libero_goal,23,3,48,43,48,7,7,0,300
main,validation,1500,correct,libero_goal,23,3,49,25,49,7,7,0,300
main,validation,1500,correct,libero_goal,26,6,0,45,0,7,7,1,97
main,validation,1500,correct,libero_goal,26,6,1,8,1,7,7,1,102
main,validation,1500,correct,libero_goal,26,6,2,22,2,7,7,1,97
main,validation,1500,correct,libero_goal,26,6,3,34,3,7,7,1,98
main,validation,1500,correct,libero_goal,26,6,4,49,4,7,7,1,95
main,validation,1500,correct,libero_goal,26,6,5,41,5,7,7,1,131
main,validation,1500,correct,libero_goal,26,6,6,9,6,7,7,1,113
main,validation,1500,correct,libero_goal,26,6,7,40,7,7,7,1,81
main,validation,1500,correct,libero_goal,26,6,8,29,8,7,7,1,98
main,validation,1500,correct,libero_goal,26,6,9,26,9,7,7,1,86
main,validation,1500,correct,libero_goal,26,6,10,7,10,7,7,1,106
main,validation,1500,correct,libero_goal,26,6,11,10,11,7,7,1,100
main,validation,1500,correct,libero_goal,26,6,12,44,12,7,7,1,99
main,validation,1500,correct,libero_goal,26,6,13,1,13,7,7,1,85
main,validation,1500,correct,libero_goal,26,6,14,35,14,7,7,1,95
main,validation,1500,correct,libero_goal,26,6,15,20,15,7,7,1,97
main,validation,1500,correct,libero_goal,26,6,16,2,16,7,7,1,89
main,validation,1500,correct,libero_goal,26,6,17,0,17,7,7,1,98
main,validation,1500,correct,libero_goal,26,6,18,23,18,7,7,1,97
main,validation,1500,correct,libero_goal,26,6,19,36,19,7,7,1,94
main,validation,1500,correct,libero_goal,26,6,20,43,20,7,7,1,105
main,validation,1500,correct,libero_goal,26,6,21,21,21,7,7,1,104
main,validation,1500,correct,libero_goal,26,6,22,31,22,7,7,1,99
main,validation,1500,correct,libero_goal,26,6,23,27,23,7,7,1,152
main,validation,1500,correct,libero_goal,26,6,24,47,24,7,7,1,95
main,validation,1500,correct,libero_goal,26,6,25,5,25,7,7,1,86
main,validation,1500,correct,libero_goal,26,6,26,11,26,7,7,1,112
main,validation,1500,correct,libero_goal,26,6,27,24,27,7,7,1,93
main,validation,1500,correct,libero_goal,26,6,28,38,28,7,7,1,95
main,validation,1500,correct,libero_goal,26,6,29,16,29,7,7,1,89
main,validation,1500,correct,libero_goal,26,6,30,39,30,7,7,1,97
main,validation,1500,correct,libero_goal,26,6,31,12,31,7,7,1,164
main,validation,1500,correct,libero_goal,26,6,32,42,32,7,7,1,102
main,validation,1500,correct,libero_goal,26,6,33,48,33,7,7,1,91
main,validation,1500,correct,libero_goal,26,6,34,32,34,7,7,1,84
main,validation,1500,correct,libero_goal,26,6,35,13,35,7,7,1,125
main,validation,1500,correct,libero_goal,26,6,36,4,36,7,7,1,102
main,validation,1500,correct,libero_goal,26,6,37,30,37,7,7,1,141
main,validation,1500,correct,libero_goal,26,6,38,3,38,7,7,1,87
main,validation,1500,correct,libero_goal,26,6,39,46,39,7,7,1,105
main,validation,1500,correct,libero_goal,26,6,40,14,40,7,7,0,300
main,validation,1500,correct,libero_goal,26,6,41,28,41,7,7,1,98
main,validation,1500,correct,libero_goal,26,6,42,19,42,7,7,1,88
main,validation,1500,correct,libero_goal,26,6,43,17,43,7,7,1,96
main,validation,1500,correct,libero_goal,26,6,44,33,44,7,7,1,97
main,validation,1500,correct,libero_goal,26,6,45,37,45,7,7,1,98
main,validation,1500,correct,libero_goal,26,6,46,15,46,7,7,1,107
main,validation,1500,correct,libero_goal,26,6,47,25,47,7,7,1,77
main,validation,1500,correct,libero_goal,26,6,48,6,48,7,7,0,300
main,validation,1500,correct,libero_goal,26,6,49,18,49,7,7,1,98
main,validation,1500,correct,libero_object,11,1,0,34,0,7,7,1,157
main,validation,1500,correct,libero_object,11,1,1,10,1,7,7,1,137
main,validation,1500,correct,libero_object,11,1,2,12,2,7,7,1,197
main,validation,1500,correct,libero_object,11,1,3,2,3,7,7,1,122
main,validation,1500,correct,libero_object,11,1,4,39,4,7,7,1,138
main,validation,1500,correct,libero_object,11,1,5,8,5,7,7,1,130
main,validation,1500,correct,libero_object,11,1,6,35,6,7,7,1,170
main,validation,1500,correct,libero_object,11,1,7,41,7,7,7,1,112
main,validation,1500,correct,libero_object,11,1,8,45,8,7,7,1,129
main,validation,1500,correct,libero_object,11,1,9,16,9,7,7,1,177
main,validation,1500,correct,libero_object,11,1,10,4,10,7,7,1,215
main,validation,1500,correct,libero_object,11,1,11,3,11,7,7,1,122
main,validation,1500,correct,libero_object,11,1,12,30,12,7,7,1,226
main,validation,1500,correct,libero_object,11,1,13,23,13,7,7,1,202
main,validation,1500,correct,libero_object,11,1,14,14,14,7,7,1,264
main,validation,1500,correct,libero_object,11,1,15,48,15,7,7,1,172
main,validation,1500,correct,libero_object,11,1,16,33,16,7,7,1,153
main,validation,1500,correct,libero_object,11,1,17,18,17,7,7,0,280
main,validation,1500,correct,libero_object,11,1,18,13,18,7,7,1,199
main,validation,1500,correct,libero_object,11,1,19,46,19,7,7,1,137
main,validation,1500,correct,libero_object,11,1,20,43,20,7,7,1,227
main,validation,1500,correct,libero_object,11,1,21,28,21,7,7,0,280
main,validation,1500,correct,libero_object,11,1,22,29,22,7,7,1,133
main,validation,1500,correct,libero_object,11,1,23,17,23,7,7,1,121
main,validation,1500,correct,libero_object,11,1,24,37,24,7,7,1,154
main,validation,1500,correct,libero_object,11,1,25,31,25,7,7,1,117
main,validation,1500,correct,libero_object,11,1,26,26,26,7,7,1,191
main,validation,1500,correct,libero_object,11,1,27,40,27,7,7,1,124
main,validation,1500,correct,libero_object,11,1,28,42,28,7,7,1,162
main,validation,1500,correct,libero_object,11,1,29,32,29,7,7,1,138
main,validation,1500,correct,libero_object,11,1,30,24,30,7,7,0,280
main,validation,1500,correct,libero_object,11,1,31,19,31,7,7,1,109
main,validation,1500,correct,libero_object,11,1,32,47,32,7,7,0,280
main,validation,1500,correct,libero_object,11,1,33,38,33,7,7,0,280
main,validation,1500,correct,libero_object,11,1,34,11,34,7,7,1,132
main,validation,1500,correct,libero_object,11,1,35,22,35,7,7,1,132
main,validation,1500,correct,libero_object,11,1,36,25,36,7,7,1,123
main,validation,1500,correct,libero_object,11,1,37,15,37,7,7,1,125
main,validation,1500,correct,libero_object,11,1,38,9,38,7,7,0,280
main,validation,1500,correct,libero_object,11,1,39,5,39,7,7,1,119
main,validation,1500,correct,libero_object,11,1,40,7,40,7,7,1,173
main,validation,1500,correct,libero_object,11,1,41,1,41,7,7,1,127
main,validation,1500,correct,libero_object,11,1,42,27,42,7,7,1,117
main,validation,1500,correct,libero_object,11,1,43,20,43,7,7,1,188
main,validation,1500,correct,libero_object,11,1,44,0,44,7,7,1,121
main,validation,1500,correct,libero_object,11,1,45,49,45,7,7,1,164
main,validation,1500,correct,libero_object,11,1,46,44,46,7,7,1,117
main,validation,1500,correct,libero_object,11,1,47,36,47,7,7,1,121
main,validation,1500,correct,libero_object,11,1,48,6,48,7,7,0,280
main,validation,1500,correct,libero_object,11,1,49,21,49,7,7,0,280
main,validation,1500,correct,libero_object,13,3,0,33,0,7,7,0,280
main,validation,1500,correct,libero_object,13,3,1,20,1,7,7,1,164
main,validation,1500,correct,libero_object,13,3,2,18,2,7,7,0,280
main,validation,1500,correct,libero_object,13,3,3,9,3,7,7,0,280
main,validation,1500,correct,libero_object,13,3,4,42,4,7,7,0,280
main,validation,1500,correct,libero_object,13,3,5,34,5,7,7,0,280
main,validation,1500,correct,libero_object,13,3,6,24,6,7,7,1,214
main,validation,1500,correct,libero_object,13,3,7,28,7,7,7,0,280
main,validation,1500,correct,libero_object,13,3,8,25,8,7,7,0,280
main,validation,1500,correct,libero_object,13,3,9,3,9,7,7,0,280
main,validation,1500,correct,libero_object,13,3,10,16,10,7,7,1,140
main,validation,1500,correct,libero_object,13,3,11,14,11,7,7,0,280
main,validation,1500,correct,libero_object,13,3,12,44,12,7,7,0,280
main,validation,1500,correct,libero_object,13,3,13,8,13,7,7,0,280
main,validation,1500,correct,libero_object,13,3,14,48,14,7,7,1,121
main,validation,1500,correct,libero_object,13,3,15,2,15,7,7,0,280
main,validation,1500,correct,libero_object,13,3,16,36,16,7,7,0,280
main,validation,1500,correct,libero_object,13,3,17,35,17,7,7,0,280
main,validation,1500,correct,libero_object,13,3,18,0,18,7,7,1,121
main,validation,1500,correct,libero_object,13,3,19,47,19,7,7,0,280
main,validation,1500,correct,libero_object,13,3,20,30,20,7,7,0,280
main,validation,1500,correct,libero_object,13,3,21,4,21,7,7,0,280
main,validation,1500,correct,libero_object,13,3,22,13,22,7,7,1,182
main,validation,1500,correct,libero_object,13,3,23,45,23,7,7,0,280
main,validation,1500,correct,libero_object,13,3,24,43,24,7,7,0,280
main,validation,1500,correct,libero_object,13,3,25,5,25,7,7,1,138
main,validation,1500,correct,libero_object,13,3,26,7,26,7,7,0,280
main,validation,1500,correct,libero_object,13,3,27,46,27,7,7,1,160
main,validation,1500,correct,libero_object,13,3,28,15,28,7,7,0,280
main,validation,1500,correct,libero_object,13,3,29,49,29,7,7,0,280
main,validation,1500,correct,libero_object,13,3,30,26,30,7,7,1,112
main,validation,1500,correct,libero_object,13,3,31,10,31,7,7,1,136
main,validation,1500,correct,libero_object,13,3,32,23,32,7,7,1,169
main,validation,1500,correct,libero_object,13,3,33,17,33,7,7,1,111
main,validation,1500,correct,libero_object,13,3,34,1,34,7,7,0,280
main,validation,1500,correct,libero_object,13,3,35,21,35,7,7,1,208
main,validation,1500,correct,libero_object,13,3,36,12,36,7,7,1,133
main,validation,1500,correct,libero_object,13,3,37,11,37,7,7,0,280
main,validation,1500,correct,libero_object,13,3,38,40,38,7,7,0,280
main,validation,1500,correct,libero_object,13,3,39,41,39,7,7,0,280
main,validation,1500,correct,libero_object,13,3,40,19,40,7,7,0,280
main,validation,1500,correct,libero_object,13,3,41,32,41,7,7,1,122
main,validation,1500,correct,libero_object,13,3,42,38,42,7,7,0,280
main,validation,1500,correct,libero_object,13,3,43,22,43,7,7,1,133
main,validation,1500,correct,libero_object,13,3,44,29,44,7,7,0,280
main,validation,1500,correct,libero_object,13,3,45,37,45,7,7,0,280
main,validation,1500,correct,libero_object,13,3,46,31,46,7,7,0,280
main,validation,1500,correct,libero_object,13,3,47,6,47,7,7,0,280
main,validation,1500,correct,libero_object,13,3,48,27,48,7,7,1,138
main,validation,1500,correct,libero_object,13,3,49,39,49,7,7,0,280
main,validation,1500,correct,libero_spatial,1,1,0,1,0,7,7,0,220
main,validation,1500,correct,libero_spatial,1,1,1,21,1,7,7,0,220
main,validation,1500,correct,libero_spatial,1,1,2,39,2,7,7,0,220
main,validation,1500,correct,libero_spatial,1,1,3,14,3,7,7,0,220
main,validation,1500,correct,libero_spatial,1,1,4,2,4,7,7,0,220
main,validation,1500,correct,libero_spatial,1,1,5,34,5,7,7,0,220
main,validation,1500,correct,libero_spatial,1,1,6,40,6,7,7,0,220
main,validation,1500,correct,libero_spatial,1,1,7,8,7,7,7,0,220
main,validation,1500,correct,libero_spatial,1,1,8,4,8,7,7,0,220
main,validation,1500,correct,libero_spatial,1,1,9,42,9,7,7,0,220
main,validation,1500,correct,libero_spatial,1,1,10,44,10,7,7,0,220
main,validation,1500,correct,libero_spatial,1,1,11,24,11,7,7,0,220
main,validation,1500,correct,libero_spatial,1,1,12,36,12,7,7,0,220
main,validation,1500,correct,libero_spatial,1,1,13,37,13,7,7,0,220
main,validation,1500,correct,libero_spatial,1,1,14,18,14,7,7,0,220
main,validation,1500,correct,libero_spatial,1,1,15,31,15,7,7,0,220
main,validation,1500,correct,libero_spatial,1,1,16,33,16,7,7,0,220
main,validation,1500,correct,libero_spatial,1,1,17,9,17,7,7,0,220
main,validation,1500,correct,libero_spatial,1,1,18,6,18,7,7,0,220
main,validation,1500,correct,libero_spatial,1,1,19,7,19,7,7,0,220
main,validation,1500,correct,libero_spatial,1,1,20,27,20,7,7,0,220
main,validation,1500,correct,libero_spatial,1,1,21,20,21,7,7,0,220
main,validation,1500,correct,libero_spatial,1,1,22,38,22,7,7,0,220
main,validation,1500,correct,libero_spatial,1,1,23,46,23,7,7,0,220
main,validation,1500,correct,libero_spatial,1,1,24,17,24,7,7,0,220
main,validation,1500,correct,libero_spatial,1,1,25,41,25,7,7,0,220
main,validation,1500,correct,libero_spatial,1,1,26,0,26,7,7,0,220
main,validation,1500,correct,libero_spatial,1,1,27,30,27,7,7,0,220
main,validation,1500,correct,libero_spatial,1,1,28,22,28,7,7,0,220
main,validation,1500,correct,libero_spatial,1,1,29,12,29,7,7,0,220
main,validation,1500,correct,libero_spatial,1,1,30,47,30,7,7,0,220
main,validation,1500,correct,libero_spatial,1,1,31,45,31,7,7,0,220
main,validation,1500,correct,libero_spatial,1,1,32,32,32,7,7,0,220
main,validation,1500,correct,libero_spatial,1,1,33,43,33,7,7,0,220
main,validation,1500,correct,libero_spatial,1,1,34,3,34,7,7,0,220
main,validation,1500,correct,libero_spatial,1,1,35,11,35,7,7,0,220
main,validation,1500,correct,libero_spatial,1,1,36,48,36,7,7,0,220
main,validation,1500,correct,libero_spatial,1,1,37,28,37,7,7,0,220
main,validation,1500,correct,libero_spatial,1,1,38,35,38,7,7,0,220
main,validation,1500,correct,libero_spatial,1,1,39,29,39,7,7,0,220
main,validation,1500,correct,libero_spatial,1,1,40,15,40,7,7,0,220
main,validation,1500,correct,libero_spatial,1,1,41,5,41,7,7,0,220
main,validation,1500,correct,libero_spatial,1,1,42,26,42,7,7,0,220
main,validation,1500,correct,libero_spatial,1,1,43,19,43,7,7,0,220
main,validation,1500,correct,libero_spatial,1,1,44,23,44,7,7,0,220
main,validation,1500,correct,libero_spatial,1,1,45,10,45,7,7,0,220
main,validation,1500,correct,libero_spatial,1,1,46,16,46,7,7,0,220
main,validation,1500,correct,libero_spatial,1,1,47,25,47,7,7,0,220
main,validation,1500,correct,libero_spatial,1,1,48,49,48,7,7,0,220
main,validation,1500,correct,libero_spatial,1,1,49,13,49,7,7,0,220
main,validation,1500,correct,libero_spatial,3,3,0,2,0,7,7,1,99
main,validation,1500,correct,libero_spatial,3,3,1,36,1,7,7,1,119
main,validation,1500,correct,libero_spatial,3,3,2,43,2,7,7,1,104
main,validation,1500,correct,libero_spatial,3,3,3,16,3,7,7,1,121
main,validation,1500,correct,libero_spatial,3,3,4,7,4,7,7,0,220
main,validation,1500,correct,libero_spatial,3,3,5,8,5,7,7,0,220
main,validation,1500,correct,libero_spatial,3,3,6,14,6,7,7,1,157
main,validation,1500,correct,libero_spatial,3,3,7,38,7,7,7,1,99
main,validation,1500,correct,libero_spatial,3,3,8,33,8,7,7,0,220
main,validation,1500,correct,libero_spatial,3,3,9,1,9,7,7,1,116
main,validation,1500,correct,libero_spatial,3,3,10,21,10,7,7,1,137
main,validation,1500,correct,libero_spatial,3,3,11,5,11,7,7,1,114
main,validation,1500,correct,libero_spatial,3,3,12,49,12,7,7,1,113
main,validation,1500,correct,libero_spatial,3,3,13,29,13,7,7,0,220
main,validation,1500,correct,libero_spatial,3,3,14,24,14,7,7,1,137
main,validation,1500,correct,libero_spatial,3,3,15,10,15,7,7,1,86
main,validation,1500,correct,libero_spatial,3,3,16,44,16,7,7,0,220
main,validation,1500,correct,libero_spatial,3,3,17,15,17,7,7,1,107
main,validation,1500,correct,libero_spatial,3,3,18,19,18,7,7,1,119
main,validation,1500,correct,libero_spatial,3,3,19,39,19,7,7,1,129
main,validation,1500,correct,libero_spatial,3,3,20,6,20,7,7,0,220
main,validation,1500,correct,libero_spatial,3,3,21,30,21,7,7,1,94
main,validation,1500,correct,libero_spatial,3,3,22,28,22,7,7,0,220
main,validation,1500,correct,libero_spatial,3,3,23,34,23,7,7,1,102
main,validation,1500,correct,libero_spatial,3,3,24,3,24,7,7,1,114
main,validation,1500,correct,libero_spatial,3,3,25,45,25,7,7,0,220
main,validation,1500,correct,libero_spatial,3,3,26,32,26,7,7,1,106
main,validation,1500,correct,libero_spatial,3,3,27,22,27,7,7,1,143
main,validation,1500,correct,libero_spatial,3,3,28,20,28,7,7,0,220
main,validation,1500,correct,libero_spatial,3,3,29,23,29,7,7,1,100
main,validation,1500,correct,libero_spatial,3,3,30,9,30,7,7,1,164
main,validation,1500,correct,libero_spatial,3,3,31,0,31,7,7,0,220
main,validation,1500,correct,libero_spatial,3,3,32,4,32,7,7,1,122
main,validation,1500,correct,libero_spatial,3,3,33,47,33,7,7,0,220
main,validation,1500,correct,libero_spatial,3,3,34,31,34,7,7,1,95
main,validation,1500,correct,libero_spatial,3,3,35,27,35,7,7,1,137
main,validation,1500,correct,libero_spatial,3,3,36,17,36,7,7,1,110
main,validation,1500,correct,libero_spatial,3,3,37,41,37,7,7,1,110
main,validation,1500,correct,libero_spatial,3,3,38,25,38,7,7,1,94
main,validation,1500,correct,libero_spatial,3,3,39,35,39,7,7,1,101
main,validation,1500,correct,libero_spatial,3,3,40,46,40,7,7,0,220
main,validation,1500,correct,libero_spatial,3,3,41,40,41,7,7,0,220
main,validation,1500,correct,libero_spatial,3,3,42,42,42,7,7,1,104
main,validation,1500,correct,libero_spatial,3,3,43,48,43,7,7,1,94
main,validation,1500,correct,libero_spatial,3,3,44,26,44,7,7,1,102
main,validation,1500,correct,libero_spatial,3,3,45,11,45,7,7,1,99
main,validation,1500,correct,libero_spatial,3,3,46,18,46,7,7,0,220
main,validation,1500,correct,libero_spatial,3,3,47,13,47,7,7,0,220
main,validation,1500,correct,libero_spatial,3,3,48,12,48,7,7,1,115
main,validation,1500,correct,libero_spatial,3,3,49,37,49,7,7,1,107
main,train,1500,correct,libero_10,34,4,32,48,32,7,7,0,520
main,train,1500,correct,libero_10,34,4,33,49,33,7,7,1,343
main,train,1500,correct,libero_10,34,4,34,47,34,7,7,1,249
main,train,1500,correct,libero_10,34,4,35,46,35,7,7,1,509
main,train,1500,correct,libero_10,35,5,32,48,32,7,7,0,520
main,train,1500,correct,libero_10,35,5,33,46,33,7,7,0,520
main,train,1500,correct,libero_10,35,5,34,49,34,7,7,1,180
main,train,1500,correct,libero_10,35,5,35,47,35,7,7,1,157
main,train,1500,correct,libero_10,36,6,32,49,32,7,7,0,520
main,train,1500,correct,libero_10,36,6,33,48,33,7,7,0,520
main,train,1500,correct,libero_10,36,6,34,46,34,7,7,0,520
main,train,1500,correct,libero_10,36,6,35,47,35,7,7,1,308
main,train,1500,correct,libero_10,37,7,32,49,32,7,7,0,520
main,train,1500,correct,libero_10,37,7,33,47,33,7,7,1,307
main,train,1500,correct,libero_10,37,7,34,46,34,7,7,0,520
main,train,1500,correct,libero_10,37,7,35,48,35,7,7,0,520
main,train,1500,correct,libero_10,38,8,32,48,32,7,7,0,520
main,train,1500,correct,libero_10,38,8,33,49,33,7,7,0,520
main,train,1500,correct,libero_10,38,8,34,46,34,7,7,0,520
main,train,1500,correct,libero_10,38,8,35,47,35,7,7,0,520
main,train,1500,correct,libero_10,39,9,32,47,32,7,7,0,520
main,train,1500,correct,libero_10,39,9,33,48,33,7,7,1,394
main,train,1500,correct,libero_10,39,9,34,46,34,7,7,0,520
main,train,1500,correct,libero_10,39,9,35,49,35,7,7,0,520
main,train,1500,correct,libero_goal,20,0,32,47,32,7,7,1,115
main,train,1500,correct,libero_goal,20,0,33,48,33,7,7,0,300
main,train,1500,correct,libero_goal,20,0,34,46,34,7,7,1,199
main,train,1500,correct,libero_goal,20,0,35,49,35,7,7,0,300
main,train,1500,correct,libero_goal,21,1,32,47,32,7,7,1,77
main,train,1500,correct,libero_goal,21,1,33,48,33,7,7,1,84
main,train,1500,correct,libero_goal,21,1,34,46,34,7,7,1,74
main,train,1500,correct,libero_goal,21,1,35,49,35,7,7,1,76
main,train,1500,correct,libero_goal,22,2,32,46,32,7,7,1,82
main,train,1500,correct,libero_goal,22,2,33,48,33,7,7,1,118
main,train,1500,correct,libero_goal,22,2,34,49,34,7,7,1,103
main,train,1500,correct,libero_goal,22,2,35,47,35,7,7,1,85
main,train,1500,correct,libero_goal,25,5,32,48,32,7,7,0,300
main,train,1500,correct,libero_goal,25,5,33,47,33,7,7,0,300
main,train,1500,correct,libero_goal,25,5,34,49,34,7,7,1,108
main,train,1500,correct,libero_goal,25,5,35,46,35,7,7,0,300
main,train,1500,correct,libero_goal,28,8,32,49,32,7,7,1,82
main,train,1500,correct,libero_goal,28,8,33,47,33,7,7,1,86
main,train,1500,correct,libero_goal,28,8,34,46,34,7,7,1,83
main,train,1500,correct,libero_goal,28,8,35,48,35,7,7,1,68
main,train,1500,correct,libero_goal,29,9,32,46,32,7,7,0,300
main,train,1500,correct,libero_goal,29,9,33,48,33,7,7,0,300
main,train,1500,correct,libero_goal,29,9,34,49,34,7,7,0,300
main,train,1500,correct,libero_goal,29,9,35,47,35,7,7,0,300
main,train,1500,correct,libero_object,12,2,32,48,32,7,7,1,183
main,train,1500,correct,libero_object,12,2,33,49,33,7,7,1,135
main,train,1500,correct,libero_object,12,2,34,47,34,7,7,1,116
main,train,1500,correct,libero_object,12,2,35,46,35,7,7,1,129
main,train,1500,correct,libero_object,14,4,32,47,32,7,7,1,147
main,train,1500,correct,libero_object,14,4,33,46,33,7,7,0,280
main,train,1500,correct,libero_object,14,4,34,49,34,7,7,1,136
main,train,1500,correct,libero_object,14,4,35,48,35,7,7,1,136
main,train,1500,correct,libero_object,15,5,32,48,32,7,7,0,280
main,train,1500,correct,libero_object,15,5,33,47,33,7,7,1,129
main,train,1500,correct,libero_object,15,5,34,46,34,7,7,0,280
main,train,1500,correct,libero_object,15,5,35,49,35,7,7,0,280
main,train,1500,correct,libero_object,16,6,32,48,32,7,7,1,138
main,train,1500,correct,libero_object,16,6,33,46,33,7,7,1,167
main,train,1500,correct,libero_object,16,6,34,47,34,7,7,1,139
main,train,1500,correct,libero_object,16,6,35,49,35,7,7,1,141
main,train,1500,correct,libero_object,18,8,32,47,32,7,7,1,155
main,train,1500,correct,libero_object,18,8,33,49,33,7,7,1,145
main,train,1500,correct,libero_object,18,8,34,46,34,7,7,1,136
main,train,1500,correct,libero_object,18,8,35,48,35,7,7,1,151
main,train,1500,correct,libero_object,19,9,32,46,32,7,7,1,171
main,train,1500,correct,libero_object,19,9,33,47,33,7,7,1,115
main,train,1500,correct,libero_object,19,9,34,49,34,7,7,1,110
main,train,1500,correct,libero_object,19,9,35,48,35,7,7,1,122
main,train,1500,correct,libero_spatial,0,0,32,48,32,7,7,1,79
main,train,1500,correct,libero_spatial,0,0,33,46,33,7,7,0,220
main,train,1500,correct,libero_spatial,0,0,34,47,34,7,7,1,85
main,train,1500,correct,libero_spatial,0,0,35,49,35,7,7,1,100
main,train,1500,correct,libero_spatial,2,2,32,49,32,7,7,1,95
main,train,1500,correct,libero_spatial,2,2,33,47,33,7,7,1,99
main,train,1500,correct,libero_spatial,2,2,34,48,34,7,7,1,96
main,train,1500,correct,libero_spatial,2,2,35,46,35,7,7,1,98
main,train,1500,correct,libero_spatial,4,4,32,46,32,7,7,1,185
main,train,1500,correct,libero_spatial,4,4,33,49,33,7,7,1,170
main,train,1500,correct,libero_spatial,4,4,34,48,34,7,7,1,152
main,train,1500,correct,libero_spatial,4,4,35,47,35,7,7,1,149
main,train,1500,correct,libero_spatial,5,5,32,49,32,7,7,0,220
main,train,1500,correct,libero_spatial,5,5,33,47,33,7,7,1,90
main,train,1500,correct,libero_spatial,5,5,34,46,34,7,7,1,95
main,train,1500,correct,libero_spatial,5,5,35,48,35,7,7,1,89
main,train,1500,correct,libero_spatial,7,7,32,49,32,7,7,1,160
main,train,1500,correct,libero_spatial,7,7,33,46,33,7,7,1,183
main,train,1500,correct,libero_spatial,7,7,34,48,34,7,7,1,160
main,train,1500,correct,libero_spatial,7,7,35,47,35,7,7,1,135
main,train,1500,correct,libero_spatial,9,9,32,46,32,7,7,1,110
main,train,1500,correct,libero_spatial,9,9,33,47,33,7,7,1,118
main,train,1500,correct,libero_spatial,9,9,34,48,34,7,7,1,106
main,train,1500,correct,libero_spatial,9,9,35,49,35,7,7,1,118
main,validation,1800,correct,libero_10,31,1,0,47,0,7,7,1,456
main,validation,1800,correct,libero_10,31,1,1,9,1,7,7,0,520
main,validation,1800,correct,libero_10,31,1,2,3,2,7,7,0,520
main,validation,1800,correct,libero_10,31,1,3,32,3,7,7,1,377
main,validation,1800,correct,libero_10,31,1,4,15,4,7,7,0,520
main,validation,1800,correct,libero_10,31,1,5,18,5,7,7,0,520
main,validation,1800,correct,libero_10,31,1,6,34,6,7,7,1,266
main,validation,1800,correct,libero_10,31,1,7,11,7,7,7,0,520
main,validation,1800,correct,libero_10,31,1,8,31,8,7,7,1,370
main,validation,1800,correct,libero_10,31,1,9,45,9,7,7,0,520
main,validation,1800,correct,libero_10,31,1,10,49,10,7,7,1,321
main,validation,1800,correct,libero_10,31,1,11,28,11,7,7,0,520
main,validation,1800,correct,libero_10,31,1,12,39,12,7,7,1,430
main,validation,1800,correct,libero_10,31,1,13,43,13,7,7,0,520
main,validation,1800,correct,libero_10,31,1,14,12,14,7,7,1,456
main,validation,1800,correct,libero_10,31,1,15,38,15,7,7,0,520
main,validation,1800,correct,libero_10,31,1,16,35,16,7,7,1,282
main,validation,1800,correct,libero_10,31,1,17,33,17,7,7,1,309
main,validation,1800,correct,libero_10,31,1,18,42,18,7,7,1,297
main,validation,1800,correct,libero_10,31,1,19,24,19,7,7,1,269
main,validation,1800,correct,libero_10,31,1,20,21,20,7,7,0,520
main,validation,1800,correct,libero_10,31,1,21,23,21,7,7,1,310
main,validation,1800,correct,libero_10,31,1,22,2,22,7,7,0,520
main,validation,1800,correct,libero_10,31,1,23,48,23,7,7,1,362
main,validation,1800,correct,libero_10,31,1,24,0,24,7,7,0,520
main,validation,1800,correct,libero_10,31,1,25,7,25,7,7,0,520
main,validation,1800,correct,libero_10,31,1,26,37,26,7,7,0,520
main,validation,1800,correct,libero_10,31,1,27,4,27,7,7,0,520
main,validation,1800,correct,libero_10,31,1,28,20,28,7,7,0,520
main,validation,1800,correct,libero_10,31,1,29,25,29,7,7,1,297
main,validation,1800,correct,libero_10,31,1,30,46,30,7,7,1,250
main,validation,1800,correct,libero_10,31,1,31,22,31,7,7,0,520
main,validation,1800,correct,libero_10,31,1,32,41,32,7,7,0,520
main,validation,1800,correct,libero_10,31,1,33,40,33,7,7,0,520
main,validation,1800,correct,libero_10,31,1,34,13,34,7,7,1,306
main,validation,1800,correct,libero_10,31,1,35,16,35,7,7,0,520
main,validation,1800,correct,libero_10,31,1,36,10,36,7,7,1,464
main,validation,1800,correct,libero_10,31,1,37,17,37,7,7,1,282
main,validation,1800,correct,libero_10,31,1,38,6,38,7,7,1,339
main,validation,1800,correct,libero_10,31,1,39,27,39,7,7,1,297
main,validation,1800,correct,libero_10,31,1,40,36,40,7,7,0,520
main,validation,1800,correct,libero_10,31,1,41,26,41,7,7,1,365
main,validation,1800,correct,libero_10,31,1,42,44,42,7,7,0,520
main,validation,1800,correct,libero_10,31,1,43,19,43,7,7,1,242
main,validation,1800,correct,libero_10,31,1,44,14,44,7,7,0,520
main,validation,1800,correct,libero_10,31,1,45,8,45,7,7,1,400
main,validation,1800,correct,libero_10,31,1,46,5,46,7,7,0,520
main,validation,1800,correct,libero_10,31,1,47,30,47,7,7,1,507
main,validation,1800,correct,libero_10,31,1,48,29,48,7,7,0,520
main,validation,1800,correct,libero_10,31,1,49,1,49,7,7,0,520
main,validation,1800,correct,libero_10,32,2,0,16,0,7,7,0,520
main,validation,1800,correct,libero_10,32,2,1,35,1,7,7,0,520
main,validation,1800,correct,libero_10,32,2,2,12,2,7,7,0,520
main,validation,1800,correct,libero_10,32,2,3,8,3,7,7,0,520
main,validation,1800,correct,libero_10,32,2,4,37,4,7,7,0,520
main,validation,1800,correct,libero_10,32,2,5,42,5,7,7,0,520
main,validation,1800,correct,libero_10,32,2,6,15,6,7,7,0,520
main,validation,1800,correct,libero_10,32,2,7,43,7,7,7,0,520
main,validation,1800,correct,libero_10,32,2,8,33,8,7,7,0,520
main,validation,1800,correct,libero_10,32,2,9,25,9,7,7,0,520
main,validation,1800,correct,libero_10,32,2,10,3,10,7,7,0,520
main,validation,1800,correct,libero_10,32,2,11,29,11,7,7,0,520
main,validation,1800,correct,libero_10,32,2,12,24,12,7,7,0,520
main,validation,1800,correct,libero_10,32,2,13,28,13,7,7,0,520
main,validation,1800,correct,libero_10,32,2,14,47,14,7,7,0,520
main,validation,1800,correct,libero_10,32,2,15,36,15,7,7,0,520
main,validation,1800,correct,libero_10,32,2,16,18,16,7,7,0,520
main,validation,1800,correct,libero_10,32,2,17,46,17,7,7,0,520
main,validation,1800,correct,libero_10,32,2,18,39,18,7,7,0,520
main,validation,1800,correct,libero_10,32,2,19,31,19,7,7,0,520
main,validation,1800,correct,libero_10,32,2,20,32,20,7,7,0,520
main,validation,1800,correct,libero_10,32,2,21,34,21,7,7,0,520
main,validation,1800,correct,libero_10,32,2,22,19,22,7,7,0,520
main,validation,1800,correct,libero_10,32,2,23,49,23,7,7,0,520
main,validation,1800,correct,libero_10,32,2,24,45,24,7,7,0,520
main,validation,1800,correct,libero_10,32,2,25,21,25,7,7,0,520
main,validation,1800,correct,libero_10,32,2,26,44,26,7,7,0,520
main,validation,1800,correct,libero_10,32,2,27,2,27,7,7,0,520
main,validation,1800,correct,libero_10,32,2,28,38,28,7,7,0,520
main,validation,1800,correct,libero_10,32,2,29,5,29,7,7,0,520
main,validation,1800,correct,libero_10,32,2,30,1,30,7,7,0,520
main,validation,1800,correct,libero_10,32,2,31,27,31,7,7,0,520
main,validation,1800,correct,libero_10,32,2,32,7,32,7,7,0,520
main,validation,1800,correct,libero_10,32,2,33,13,33,7,7,0,520
main,validation,1800,correct,libero_10,32,2,34,23,34,7,7,0,520
main,validation,1800,correct,libero_10,32,2,35,11,35,7,7,0,520
main,validation,1800,correct,libero_10,32,2,36,9,36,7,7,0,520
main,validation,1800,correct,libero_10,32,2,37,0,37,7,7,0,520
main,validation,1800,correct,libero_10,32,2,38,10,38,7,7,0,520
main,validation,1800,correct,libero_10,32,2,39,26,39,7,7,0,520
main,validation,1800,correct,libero_10,32,2,40,4,40,7,7,0,520
main,validation,1800,correct,libero_10,32,2,41,30,41,7,7,0,520
main,validation,1800,correct,libero_10,32,2,42,40,42,7,7,0,520
main,validation,1800,correct,libero_10,32,2,43,22,43,7,7,0,520
main,validation,1800,correct,libero_10,32,2,44,41,44,7,7,0,520
main,validation,1800,correct,libero_10,32,2,45,17,45,7,7,0,520
main,validation,1800,correct,libero_10,32,2,46,20,46,7,7,0,520
main,validation,1800,correct,libero_10,32,2,47,14,47,7,7,0,520
main,validation,1800,correct,libero_10,32,2,48,48,48,7,7,0,520
main,validation,1800,correct,libero_10,32,2,49,6,49,7,7,0,520
main,validation,1800,correct,libero_goal,23,3,0,35,0,7,7,0,300
main,validation,1800,correct,libero_goal,23,3,1,13,1,7,7,0,300
main,validation,1800,correct,libero_goal,23,3,2,15,2,7,7,0,300
main,validation,1800,correct,libero_goal,23,3,3,8,3,7,7,0,300
main,validation,1800,correct,libero_goal,23,3,4,34,4,7,7,0,300
main,validation,1800,correct,libero_goal,23,3,5,28,5,7,7,0,300
main,validation,1800,correct,libero_goal,23,3,6,29,6,7,7,0,300
main,validation,1800,correct,libero_goal,23,3,7,19,7,7,7,0,300
main,validation,1800,correct,libero_goal,23,3,8,17,8,7,7,0,300
main,validation,1800,correct,libero_goal,23,3,9,2,9,7,7,0,300
main,validation,1800,correct,libero_goal,23,3,10,0,10,7,7,0,300
main,validation,1800,correct,libero_goal,23,3,11,31,11,7,7,0,300
main,validation,1800,correct,libero_goal,23,3,12,3,12,7,7,0,300
main,validation,1800,correct,libero_goal,23,3,13,30,13,7,7,0,300
main,validation,1800,correct,libero_goal,23,3,14,5,14,7,7,0,300
main,validation,1800,correct,libero_goal,23,3,15,26,15,7,7,0,300
main,validation,1800,correct,libero_goal,23,3,16,4,16,7,7,0,300
main,validation,1800,correct,libero_goal,23,3,17,9,17,7,7,0,300
main,validation,1800,correct,libero_goal,23,3,18,14,18,7,7,0,300
main,validation,1800,correct,libero_goal,23,3,19,12,19,7,7,0,300
main,validation,1800,correct,libero_goal,23,3,20,27,20,7,7,0,300
main,validation,1800,correct,libero_goal,23,3,21,32,21,7,7,0,300
main,validation,1800,correct,libero_goal,23,3,22,36,22,7,7,0,300
main,validation,1800,correct,libero_goal,23,3,23,44,23,7,7,0,300
main,validation,1800,correct,libero_goal,23,3,24,46,24,7,7,0,300
main,validation,1800,correct,libero_goal,23,3,25,11,25,7,7,0,300
main,validation,1800,correct,libero_goal,23,3,26,41,26,7,7,0,300
main,validation,1800,correct,libero_goal,23,3,27,16,27,7,7,0,300
main,validation,1800,correct,libero_goal,23,3,28,48,28,7,7,0,300
main,validation,1800,correct,libero_goal,23,3,29,23,29,7,7,0,300
main,validation,1800,correct,libero_goal,23,3,30,21,30,7,7,0,300
main,validation,1800,correct,libero_goal,23,3,31,38,31,7,7,0,300
main,validation,1800,correct,libero_goal,23,3,32,22,32,7,7,0,300
main,validation,1800,correct,libero_goal,23,3,33,39,33,7,7,0,300
main,validation,1800,correct,libero_goal,23,3,34,42,34,7,7,0,300
main,validation,1800,correct,libero_goal,23,3,35,18,35,7,7,0,300
main,validation,1800,correct,libero_goal,23,3,36,6,36,7,7,0,300
main,validation,1800,correct,libero_goal,23,3,37,49,37,7,7,0,300
main,validation,1800,correct,libero_goal,23,3,38,33,38,7,7,0,300
main,validation,1800,correct,libero_goal,23,3,39,37,39,7,7,0,300
main,validation,1800,correct,libero_goal,23,3,40,24,40,7,7,0,300
main,validation,1800,correct,libero_goal,23,3,41,7,41,7,7,0,300
main,validation,1800,correct,libero_goal,23,3,42,40,42,7,7,0,300
main,validation,1800,correct,libero_goal,23,3,43,1,43,7,7,0,300
main,validation,1800,correct,libero_goal,23,3,44,20,44,7,7,0,300
main,validation,1800,correct,libero_goal,23,3,45,45,45,7,7,0,300
main,validation,1800,correct,libero_goal,23,3,46,10,46,7,7,0,300
main,validation,1800,correct,libero_goal,23,3,47,47,47,7,7,0,300
main,validation,1800,correct,libero_goal,23,3,48,43,48,7,7,0,300
main,validation,1800,correct,libero_goal,23,3,49,25,49,7,7,0,300
main,validation,1800,correct,libero_goal,26,6,0,45,0,7,7,1,97
main,validation,1800,correct,libero_goal,26,6,1,8,1,7,7,1,103
main,validation,1800,correct,libero_goal,26,6,2,22,2,7,7,1,99
main,validation,1800,correct,libero_goal,26,6,3,34,3,7,7,1,102
main,validation,1800,correct,libero_goal,26,6,4,49,4,7,7,1,102
main,validation,1800,correct,libero_goal,26,6,5,41,5,7,7,1,115
main,validation,1800,correct,libero_goal,26,6,6,9,6,7,7,1,114
main,validation,1800,correct,libero_goal,26,6,7,40,7,7,7,1,84
main,validation,1800,correct,libero_goal,26,6,8,29,8,7,7,1,98
main,validation,1800,correct,libero_goal,26,6,9,26,9,7,7,1,95
main,validation,1800,correct,libero_goal,26,6,10,7,10,7,7,1,102
main,validation,1800,correct,libero_goal,26,6,11,10,11,7,7,1,95
main,validation,1800,correct,libero_goal,26,6,12,44,12,7,7,1,107
main,validation,1800,correct,libero_goal,26,6,13,1,13,7,7,1,84
main,validation,1800,correct,libero_goal,26,6,14,35,14,7,7,1,100
main,validation,1800,correct,libero_goal,26,6,15,20,15,7,7,1,96
main,validation,1800,correct,libero_goal,26,6,16,2,16,7,7,1,92
main,validation,1800,correct,libero_goal,26,6,17,0,17,7,7,1,99
main,validation,1800,correct,libero_goal,26,6,18,23,18,7,7,1,97
main,validation,1800,correct,libero_goal,26,6,19,36,19,7,7,1,147
main,validation,1800,correct,libero_goal,26,6,20,43,20,7,7,0,300
main,validation,1800,correct,libero_goal,26,6,21,21,21,7,7,1,103
main,validation,1800,correct,libero_goal,26,6,22,31,22,7,7,1,105
main,validation,1800,correct,libero_goal,26,6,23,27,23,7,7,1,119
main,validation,1800,correct,libero_goal,26,6,24,47,24,7,7,1,94
main,validation,1800,correct,libero_goal,26,6,25,5,25,7,7,1,81
main,validation,1800,correct,libero_goal,26,6,26,11,26,7,7,0,300
main,validation,1800,correct,libero_goal,26,6,27,24,27,7,7,1,92
main,validation,1800,correct,libero_goal,26,6,28,38,28,7,7,1,95
main,validation,1800,correct,libero_goal,26,6,29,16,29,7,7,1,90
main,validation,1800,correct,libero_goal,26,6,30,39,30,7,7,1,97
main,validation,1800,correct,libero_goal,26,6,31,12,31,7,7,1,152
main,validation,1800,correct,libero_goal,26,6,32,42,32,7,7,1,101
main,validation,1800,correct,libero_goal,26,6,33,48,33,7,7,1,92
main,validation,1800,correct,libero_goal,26,6,34,32,34,7,7,1,87
main,validation,1800,correct,libero_goal,26,6,35,13,35,7,7,0,300
main,validation,1800,correct,libero_goal,26,6,36,4,36,7,7,1,103
main,validation,1800,correct,libero_goal,26,6,37,30,37,7,7,0,300
main,validation,1800,correct,libero_goal,26,6,38,3,38,7,7,1,85
main,validation,1800,correct,libero_goal,26,6,39,46,39,7,7,0,300
main,validation,1800,correct,libero_goal,26,6,40,14,40,7,7,0,300
main,validation,1800,correct,libero_goal,26,6,41,28,41,7,7,1,99
main,validation,1800,correct,libero_goal,26,6,42,19,42,7,7,1,127
main,validation,1800,correct,libero_goal,26,6,43,17,43,7,7,1,97
main,validation,1800,correct,libero_goal,26,6,44,33,44,7,7,0,300
main,validation,1800,correct,libero_goal,26,6,45,37,45,7,7,1,101
main,validation,1800,correct,libero_goal,26,6,46,15,46,7,7,1,100
main,validation,1800,correct,libero_goal,26,6,47,25,47,7,7,1,79
main,validation,1800,correct,libero_goal,26,6,48,6,48,7,7,0,300
main,validation,1800,correct,libero_goal,26,6,49,18,49,7,7,1,101
main,validation,1800,correct,libero_object,11,1,0,34,0,7,7,1,157
main,validation,1800,correct,libero_object,11,1,1,10,1,7,7,0,280
main,validation,1800,correct,libero_object,11,1,2,12,2,7,7,1,243
main,validation,1800,correct,libero_object,11,1,3,2,3,7,7,1,258
main,validation,1800,correct,libero_object,11,1,4,39,4,7,7,1,188
main,validation,1800,correct,libero_object,11,1,5,8,5,7,7,1,203
main,validation,1800,correct,libero_object,11,1,6,35,6,7,7,1,170
main,validation,1800,correct,libero_object,11,1,7,41,7,7,7,1,112
main,validation,1800,correct,libero_object,11,1,8,45,8,7,7,1,197
main,validation,1800,correct,libero_object,11,1,9,16,9,7,7,1,184
main,validation,1800,correct,libero_object,11,1,10,4,10,7,7,1,280
main,validation,1800,correct,libero_object,11,1,11,3,11,7,7,1,151
main,validation,1800,correct,libero_object,11,1,12,30,12,7,7,0,280
main,validation,1800,correct,libero_object,11,1,13,23,13,7,7,1,166
main,validation,1800,correct,libero_object,11,1,14,14,14,7,7,0,280
main,validation,1800,correct,libero_object,11,1,15,48,15,7,7,1,172
main,validation,1800,correct,libero_object,11,1,16,33,16,7,7,1,153
main,validation,1800,correct,libero_object,11,1,17,18,17,7,7,0,280
main,validation,1800,correct,libero_object,11,1,18,13,18,7,7,0,280
main,validation,1800,correct,libero_object,11,1,19,46,19,7,7,1,253
main,validation,1800,correct,libero_object,11,1,20,43,20,7,7,0,280
main,validation,1800,correct,libero_object,11,1,21,28,21,7,7,0,280
main,validation,1800,correct,libero_object,11,1,22,29,22,7,7,1,131
main,validation,1800,correct,libero_object,11,1,23,17,23,7,7,1,122
main,validation,1800,correct,libero_object,11,1,24,37,24,7,7,1,211
main,validation,1800,correct,libero_object,11,1,25,31,25,7,7,1,198
main,validation,1800,correct,libero_object,11,1,26,26,26,7,7,1,253
main,validation,1800,correct,libero_object,11,1,27,40,27,7,7,1,123
main,validation,1800,correct,libero_object,11,1,28,42,28,7,7,1,128
main,validation,1800,correct,libero_object,11,1,29,32,29,7,7,1,132
main,validation,1800,correct,libero_object,11,1,30,24,30,7,7,1,187
main,validation,1800,correct,libero_object,11,1,31,19,31,7,7,1,124
main,validation,1800,correct,libero_object,11,1,32,47,32,7,7,0,280
main,validation,1800,correct,libero_object,11,1,33,38,33,7,7,0,280
main,validation,1800,correct,libero_object,11,1,34,11,34,7,7,0,280
main,validation,1800,correct,libero_object,11,1,35,22,35,7,7,0,280
main,validation,1800,correct,libero_object,11,1,36,25,36,7,7,1,123
main,validation,1800,correct,libero_object,11,1,37,15,37,7,7,1,170
main,validation,1800,correct,libero_object,11,1,38,9,38,7,7,1,180
main,validation,1800,correct,libero_object,11,1,39,5,39,7,7,1,120
main,validation,1800,correct,libero_object,11,1,40,7,40,7,7,1,171
main,validation,1800,correct,libero_object,11,1,41,1,41,7,7,1,128
main,validation,1800,correct,libero_object,11,1,42,27,42,7,7,0,280
main,validation,1800,correct,libero_object,11,1,43,20,43,7,7,1,129
main,validation,1800,correct,libero_object,11,1,44,0,44,7,7,1,121
main,validation,1800,correct,libero_object,11,1,45,49,45,7,7,1,167
main,validation,1800,correct,libero_object,11,1,46,44,46,7,7,1,107
main,validation,1800,correct,libero_object,11,1,47,36,47,7,7,1,121
main,validation,1800,correct,libero_object,11,1,48,6,48,7,7,0,280
main,validation,1800,correct,libero_object,11,1,49,21,49,7,7,0,280
main,validation,1800,correct,libero_object,13,3,0,33,0,7,7,1,123
main,validation,1800,correct,libero_object,13,3,1,20,1,7,7,1,126
main,validation,1800,correct,libero_object,13,3,2,18,2,7,7,0,280
main,validation,1800,correct,libero_object,13,3,3,9,3,7,7,1,131
main,validation,1800,correct,libero_object,13,3,4,42,4,7,7,1,190
main,validation,1800,correct,libero_object,13,3,5,34,5,7,7,1,142
main,validation,1800,correct,libero_object,13,3,6,24,6,7,7,1,197
main,validation,1800,correct,libero_object,13,3,7,28,7,7,7,0,280
main,validation,1800,correct,libero_object,13,3,8,25,8,7,7,0,280
main,validation,1800,correct,libero_object,13,3,9,3,9,7,7,0,280
main,validation,1800,correct,libero_object,13,3,10,16,10,7,7,0,280
main,validation,1800,correct,libero_object,13,3,11,14,11,7,7,0,280
main,validation,1800,correct,libero_object,13,3,12,44,12,7,7,1,162
main,validation,1800,correct,libero_object,13,3,13,8,13,7,7,0,280
main,validation,1800,correct,libero_object,13,3,14,48,14,7,7,1,121
main,validation,1800,correct,libero_object,13,3,15,2,15,7,7,1,123
main,validation,1800,correct,libero_object,13,3,16,36,16,7,7,1,130
main,validation,1800,correct,libero_object,13,3,17,35,17,7,7,0,280
main,validation,1800,correct,libero_object,13,3,18,0,18,7,7,1,167
main,validation,1800,correct,libero_object,13,3,19,47,19,7,7,0,280
main,validation,1800,correct,libero_object,13,3,20,30,20,7,7,0,280
main,validation,1800,correct,libero_object,13,3,21,4,21,7,7,1,222
main,validation,1800,correct,libero_object,13,3,22,13,22,7,7,1,257
main,validation,1800,correct,libero_object,13,3,23,45,23,7,7,1,262
main,validation,1800,correct,libero_object,13,3,24,43,24,7,7,1,122
main,validation,1800,correct,libero_object,13,3,25,5,25,7,7,0,280
main,validation,1800,correct,libero_object,13,3,26,7,26,7,7,0,280
main,validation,1800,correct,libero_object,13,3,27,46,27,7,7,0,280
main,validation,1800,correct,libero_object,13,3,28,15,28,7,7,0,280
main,validation,1800,correct,libero_object,13,3,29,49,29,7,7,1,131
main,validation,1800,correct,libero_object,13,3,30,26,30,7,7,0,280
main,validation,1800,correct,libero_object,13,3,31,10,31,7,7,1,113
main,validation,1800,correct,libero_object,13,3,32,23,32,7,7,0,280
main,validation,1800,correct,libero_object,13,3,33,17,33,7,7,1,138
main,validation,1800,correct,libero_object,13,3,34,1,34,7,7,1,167
main,validation,1800,correct,libero_object,13,3,35,21,35,7,7,0,280
main,validation,1800,correct,libero_object,13,3,36,12,36,7,7,1,126
main,validation,1800,correct,libero_object,13,3,37,11,37,7,7,0,280
main,validation,1800,correct,libero_object,13,3,38,40,38,7,7,1,136
main,validation,1800,correct,libero_object,13,3,39,41,39,7,7,0,280
main,validation,1800,correct,libero_object,13,3,40,19,40,7,7,1,247
main,validation,1800,correct,libero_object,13,3,41,32,41,7,7,1,135
main,validation,1800,correct,libero_object,13,3,42,38,42,7,7,0,280
main,validation,1800,correct,libero_object,13,3,43,22,43,7,7,0,280
main,validation,1800,correct,libero_object,13,3,44,29,44,7,7,0,280
main,validation,1800,correct,libero_object,13,3,45,37,45,7,7,0,280
main,validation,1800,correct,libero_object,13,3,46,31,46,7,7,1,127
main,validation,1800,correct,libero_object,13,3,47,6,47,7,7,1,225
main,validation,1800,correct,libero_object,13,3,48,27,48,7,7,0,280
main,validation,1800,correct,libero_object,13,3,49,39,49,7,7,0,280
main,validation,1800,correct,libero_spatial,1,1,0,1,0,7,7,0,220
main,validation,1800,correct,libero_spatial,1,1,1,21,1,7,7,0,220
main,validation,1800,correct,libero_spatial,1,1,2,39,2,7,7,0,220
main,validation,1800,correct,libero_spatial,1,1,3,14,3,7,7,0,220
main,validation,1800,correct,libero_spatial,1,1,4,2,4,7,7,0,220
main,validation,1800,correct,libero_spatial,1,1,5,34,5,7,7,0,220
main,validation,1800,correct,libero_spatial,1,1,6,40,6,7,7,0,220
main,validation,1800,correct,libero_spatial,1,1,7,8,7,7,7,0,220
main,validation,1800,correct,libero_spatial,1,1,8,4,8,7,7,0,220
main,validation,1800,correct,libero_spatial,1,1,9,42,9,7,7,0,220
main,validation,1800,correct,libero_spatial,1,1,10,44,10,7,7,0,220
main,validation,1800,correct,libero_spatial,1,1,11,24,11,7,7,0,220
main,validation,1800,correct,libero_spatial,1,1,12,36,12,7,7,0,220
main,validation,1800,correct,libero_spatial,1,1,13,37,13,7,7,0,220
main,validation,1800,correct,libero_spatial,1,1,14,18,14,7,7,0,220
main,validation,1800,correct,libero_spatial,1,1,15,31,15,7,7,0,220
main,validation,1800,correct,libero_spatial,1,1,16,33,16,7,7,0,220
main,validation,1800,correct,libero_spatial,1,1,17,9,17,7,7,0,220
main,validation,1800,correct,libero_spatial,1,1,18,6,18,7,7,0,220
main,validation,1800,correct,libero_spatial,1,1,19,7,19,7,7,0,220
main,validation,1800,correct,libero_spatial,1,1,20,27,20,7,7,0,220
main,validation,1800,correct,libero_spatial,1,1,21,20,21,7,7,0,220
main,validation,1800,correct,libero_spatial,1,1,22,38,22,7,7,0,220
main,validation,1800,correct,libero_spatial,1,1,23,46,23,7,7,0,220
main,validation,1800,correct,libero_spatial,1,1,24,17,24,7,7,0,220
main,validation,1800,correct,libero_spatial,1,1,25,41,25,7,7,0,220
main,validation,1800,correct,libero_spatial,1,1,26,0,26,7,7,0,220
main,validation,1800,correct,libero_spatial,1,1,27,30,27,7,7,0,220
main,validation,1800,correct,libero_spatial,1,1,28,22,28,7,7,0,220
main,validation,1800,correct,libero_spatial,1,1,29,12,29,7,7,0,220
main,validation,1800,correct,libero_spatial,1,1,30,47,30,7,7,0,220
main,validation,1800,correct,libero_spatial,1,1,31,45,31,7,7,0,220
main,validation,1800,correct,libero_spatial,1,1,32,32,32,7,7,0,220
main,validation,1800,correct,libero_spatial,1,1,33,43,33,7,7,0,220
main,validation,1800,correct,libero_spatial,1,1,34,3,34,7,7,0,220
main,validation,1800,correct,libero_spatial,1,1,35,11,35,7,7,0,220
main,validation,1800,correct,libero_spatial,1,1,36,48,36,7,7,0,220
main,validation,1800,correct,libero_spatial,1,1,37,28,37,7,7,0,220
main,validation,1800,correct,libero_spatial,1,1,38,35,38,7,7,0,220
main,validation,1800,correct,libero_spatial,1,1,39,29,39,7,7,0,220
main,validation,1800,correct,libero_spatial,1,1,40,15,40,7,7,0,220
main,validation,1800,correct,libero_spatial,1,1,41,5,41,7,7,0,220
main,validation,1800,correct,libero_spatial,1,1,42,26,42,7,7,0,220
main,validation,1800,correct,libero_spatial,1,1,43,19,43,7,7,0,220
main,validation,1800,correct,libero_spatial,1,1,44,23,44,7,7,0,220
main,validation,1800,correct,libero_spatial,1,1,45,10,45,7,7,0,220
main,validation,1800,correct,libero_spatial,1,1,46,16,46,7,7,0,220
main,validation,1800,correct,libero_spatial,1,1,47,25,47,7,7,0,220
main,validation,1800,correct,libero_spatial,1,1,48,49,48,7,7,0,220
main,validation,1800,correct,libero_spatial,1,1,49,13,49,7,7,0,220
main,validation,1800,correct,libero_spatial,3,3,0,2,0,7,7,1,102
main,validation,1800,correct,libero_spatial,3,3,1,36,1,7,7,0,220
main,validation,1800,correct,libero_spatial,3,3,2,43,2,7,7,1,117
main,validation,1800,correct,libero_spatial,3,3,3,16,3,7,7,1,99
main,validation,1800,correct,libero_spatial,3,3,4,7,4,7,7,1,170
main,validation,1800,correct,libero_spatial,3,3,5,8,5,7,7,1,213
main,validation,1800,correct,libero_spatial,3,3,6,14,6,7,7,0,220
main,validation,1800,correct,libero_spatial,3,3,7,38,7,7,7,1,106
main,validation,1800,correct,libero_spatial,3,3,8,33,8,7,7,0,220
main,validation,1800,correct,libero_spatial,3,3,9,1,9,7,7,1,150
main,validation,1800,correct,libero_spatial,3,3,10,21,10,7,7,1,140
main,validation,1800,correct,libero_spatial,3,3,11,5,11,7,7,1,111
main,validation,1800,correct,libero_spatial,3,3,12,49,12,7,7,1,114
main,validation,1800,correct,libero_spatial,3,3,13,29,13,7,7,0,220
main,validation,1800,correct,libero_spatial,3,3,14,24,14,7,7,1,144
main,validation,1800,correct,libero_spatial,3,3,15,10,15,7,7,1,88
main,validation,1800,correct,libero_spatial,3,3,16,44,16,7,7,0,220
main,validation,1800,correct,libero_spatial,3,3,17,15,17,7,7,1,109
main,validation,1800,correct,libero_spatial,3,3,18,19,18,7,7,1,113
main,validation,1800,correct,libero_spatial,3,3,19,39,19,7,7,1,92
main,validation,1800,correct,libero_spatial,3,3,20,6,20,7,7,0,220
main,validation,1800,correct,libero_spatial,3,3,21,30,21,7,7,1,93
main,validation,1800,correct,libero_spatial,3,3,22,28,22,7,7,1,120
main,validation,1800,correct,libero_spatial,3,3,23,34,23,7,7,1,102
main,validation,1800,correct,libero_spatial,3,3,24,3,24,7,7,1,114
main,validation,1800,correct,libero_spatial,3,3,25,45,25,7,7,0,220
main,validation,1800,correct,libero_spatial,3,3,26,32,26,7,7,1,112
main,validation,1800,correct,libero_spatial,3,3,27,22,27,7,7,0,220
main,validation,1800,correct,libero_spatial,3,3,28,20,28,7,7,0,220
main,validation,1800,correct,libero_spatial,3,3,29,23,29,7,7,1,102
main,validation,1800,correct,libero_spatial,3,3,30,9,30,7,7,0,220
main,validation,1800,correct,libero_spatial,3,3,31,0,31,7,7,0,220
main,validation,1800,correct,libero_spatial,3,3,32,4,32,7,7,0,220
main,validation,1800,correct,libero_spatial,3,3,33,47,33,7,7,0,220
main,validation,1800,correct,libero_spatial,3,3,34,31,34,7,7,1,197
main,validation,1800,correct,libero_spatial,3,3,35,27,35,7,7,0,220
main,validation,1800,correct,libero_spatial,3,3,36,17,36,7,7,1,100
main,validation,1800,correct,libero_spatial,3,3,37,41,37,7,7,1,116
main,validation,1800,correct,libero_spatial,3,3,38,25,38,7,7,1,95
main,validation,1800,correct,libero_spatial,3,3,39,35,39,7,7,1,101
main,validation,1800,correct,libero_spatial,3,3,40,46,40,7,7,0,220
main,validation,1800,correct,libero_spatial,3,3,41,40,41,7,7,0,220
main,validation,1800,correct,libero_spatial,3,3,42,42,42,7,7,1,104
main,validation,1800,correct,libero_spatial,3,3,43,48,43,7,7,1,95
main,validation,1800,correct,libero_spatial,3,3,44,26,44,7,7,1,98
main,validation,1800,correct,libero_spatial,3,3,45,11,45,7,7,1,96
main,validation,1800,correct,libero_spatial,3,3,46,18,46,7,7,0,220
main,validation,1800,correct,libero_spatial,3,3,47,13,47,7,7,1,138
main,validation,1800,correct,libero_spatial,3,3,48,12,48,7,7,1,128
main,validation,1800,correct,libero_spatial,3,3,49,37,49,7,7,1,107
main,train,1800,correct,libero_10,34,4,32,48,32,7,7,0,520
main,train,1800,correct,libero_10,34,4,33,49,33,7,7,1,309
main,train,1800,correct,libero_10,34,4,34,47,34,7,7,1,248
main,train,1800,correct,libero_10,34,4,35,46,35,7,7,1,354
main,train,1800,correct,libero_10,35,5,32,48,32,7,7,0,520
main,train,1800,correct,libero_10,35,5,33,46,33,7,7,0,520
main,train,1800,correct,libero_10,35,5,34,49,34,7,7,1,173
main,train,1800,correct,libero_10,35,5,35,47,35,7,7,1,151
main,train,1800,correct,libero_10,36,6,32,49,32,7,7,0,520
main,train,1800,correct,libero_10,36,6,33,48,33,7,7,1,230
main,train,1800,correct,libero_10,36,6,34,46,34,7,7,1,292
main,train,1800,correct,libero_10,36,6,35,47,35,7,7,1,311
main,train,1800,correct,libero_10,37,7,32,49,32,7,7,0,520
main,train,1800,correct,libero_10,37,7,33,47,33,7,7,1,463
main,train,1800,correct,libero_10,37,7,34,46,34,7,7,0,520
main,train,1800,correct,libero_10,37,7,35,48,35,7,7,0,520
main,train,1800,correct,libero_10,38,8,32,48,32,7,7,0,520
main,train,1800,correct,libero_10,38,8,33,49,33,7,7,0,520
main,train,1800,correct,libero_10,38,8,34,46,34,7,7,0,520
main,train,1800,correct,libero_10,38,8,35,47,35,7,7,0,520
main,train,1800,correct,libero_10,39,9,32,47,32,7,7,0,520
main,train,1800,correct,libero_10,39,9,33,48,33,7,7,0,520
main,train,1800,correct,libero_10,39,9,34,46,34,7,7,0,520
main,train,1800,correct,libero_10,39,9,35,49,35,7,7,0,520
main,train,1800,correct,libero_goal,20,0,32,47,32,7,7,1,119
main,train,1800,correct,libero_goal,20,0,33,48,33,7,7,0,300
main,train,1800,correct,libero_goal,20,0,34,46,34,7,7,0,300
main,train,1800,correct,libero_goal,20,0,35,49,35,7,7,0,300
main,train,1800,correct,libero_goal,21,1,32,47,32,7,7,1,78
main,train,1800,correct,libero_goal,21,1,33,48,33,7,7,1,92
main,train,1800,correct,libero_goal,21,1,34,46,34,7,7,1,78
main,train,1800,correct,libero_goal,21,1,35,49,35,7,7,1,80
main,train,1800,correct,libero_goal,22,2,32,46,32,7,7,1,98
main,train,1800,correct,libero_goal,22,2,33,48,33,7,7,1,132
main,train,1800,correct,libero_goal,22,2,34,49,34,7,7,1,104
main,train,1800,correct,libero_goal,22,2,35,47,35,7,7,1,87
main,train,1800,correct,libero_goal,25,5,32,48,32,7,7,1,118
main,train,1800,correct,libero_goal,25,5,33,47,33,7,7,0,300
main,train,1800,correct,libero_goal,25,5,34,49,34,7,7,0,300
main,train,1800,correct,libero_goal,25,5,35,46,35,7,7,0,300
main,train,1800,correct,libero_goal,28,8,32,49,32,7,7,1,78
main,train,1800,correct,libero_goal,28,8,33,47,33,7,7,1,85
main,train,1800,correct,libero_goal,28,8,34,46,34,7,7,1,137
main,train,1800,correct,libero_goal,28,8,35,48,35,7,7,1,67
main,train,1800,correct,libero_goal,29,9,32,46,32,7,7,0,300
main,train,1800,correct,libero_goal,29,9,33,48,33,7,7,0,300
main,train,1800,correct,libero_goal,29,9,34,49,34,7,7,0,300
main,train,1800,correct,libero_goal,29,9,35,47,35,7,7,0,300
main,train,1800,correct,libero_object,12,2,32,48,32,7,7,1,188
main,train,1800,correct,libero_object,12,2,33,49,33,7,7,1,134
main,train,1800,correct,libero_object,12,2,34,47,34,7,7,1,117
main,train,1800,correct,libero_object,12,2,35,46,35,7,7,1,130
main,train,1800,correct,libero_object,14,4,32,47,32,7,7,1,147
main,train,1800,correct,libero_object,14,4,33,46,33,7,7,0,280
main,train,1800,correct,libero_object,14,4,34,49,34,7,7,1,136
main,train,1800,correct,libero_object,14,4,35,48,35,7,7,1,150
main,train,1800,correct,libero_object,15,5,32,48,32,7,7,1,229
main,train,1800,correct,libero_object,15,5,33,47,33,7,7,1,157
main,train,1800,correct,libero_object,15,5,34,46,34,7,7,1,215
main,train,1800,correct,libero_object,15,5,35,49,35,7,7,1,144
main,train,1800,correct,libero_object,16,6,32,48,32,7,7,1,175
main,train,1800,correct,libero_object,16,6,33,46,33,7,7,1,172
main,train,1800,correct,libero_object,16,6,34,47,34,7,7,1,139
main,train,1800,correct,libero_object,16,6,35,49,35,7,7,1,141
main,train,1800,correct,libero_object,18,8,32,47,32,7,7,0,280
main,train,1800,correct,libero_object,18,8,33,49,33,7,7,1,147
main,train,1800,correct,libero_object,18,8,34,46,34,7,7,1,137
main,train,1800,correct,libero_object,18,8,35,48,35,7,7,1,151
main,train,1800,correct,libero_object,19,9,32,46,32,7,7,1,118
main,train,1800,correct,libero_object,19,9,33,47,33,7,7,1,112
main,train,1800,correct,libero_object,19,9,34,49,34,7,7,1,123
main,train,1800,correct,libero_object,19,9,35,48,35,7,7,1,121
main,train,1800,correct,libero_spatial,0,0,32,48,32,7,7,1,78
main,train,1800,correct,libero_spatial,0,0,33,46,33,7,7,0,220
main,train,1800,correct,libero_spatial,0,0,34,47,34,7,7,0,220
main,train,1800,correct,libero_spatial,0,0,35,49,35,7,7,1,100
main,train,1800,correct,libero_spatial,2,2,32,49,32,7,7,1,84
main,train,1800,correct,libero_spatial,2,2,33,47,33,7,7,1,87
main,train,1800,correct,libero_spatial,2,2,34,48,34,7,7,1,101
main,train,1800,correct,libero_spatial,2,2,35,46,35,7,7,1,94
main,train,1800,correct,libero_spatial,4,4,32,46,32,7,7,1,125
main,train,1800,correct,libero_spatial,4,4,33,49,33,7,7,1,151
main,train,1800,correct,libero_spatial,4,4,34,48,34,7,7,1,152
main,train,1800,correct,libero_spatial,4,4,35,47,35,7,7,1,142
main,train,1800,correct,libero_spatial,5,5,32,49,32,7,7,0,220
main,train,1800,correct,libero_spatial,5,5,33,47,33,7,7,1,95
main,train,1800,correct,libero_spatial,5,5,34,46,34,7,7,1,97
main,train,1800,correct,libero_spatial,5,5,35,48,35,7,7,1,91
main,train,1800,correct,libero_spatial,7,7,32,49,32,7,7,1,157
main,train,1800,correct,libero_spatial,7,7,33,46,33,7,7,1,153
main,train,1800,correct,libero_spatial,7,7,34,48,34,7,7,1,144
main,train,1800,correct,libero_spatial,7,7,35,47,35,7,7,1,157
main,train,1800,correct,libero_spatial,9,9,32,46,32,7,7,0,220
main,train,1800,correct,libero_spatial,9,9,33,47,33,7,7,0,220
main,train,1800,correct,libero_spatial,9,9,34,48,34,7,7,1,106
main,train,1800,correct,libero_spatial,9,9,35,49,35,7,7,1,119
main,validation,2100,correct,libero_10,31,1,0,47,0,7,7,0,520
main,validation,2100,correct,libero_10,31,1,1,9,1,7,7,0,520
main,validation,2100,correct,libero_10,31,1,2,3,2,7,7,0,520
main,validation,2100,correct,libero_10,31,1,3,32,3,7,7,0,520
main,validation,2100,correct,libero_10,31,1,4,15,4,7,7,1,338
main,validation,2100,correct,libero_10,31,1,5,18,5,7,7,0,520
main,validation,2100,correct,libero_10,31,1,6,34,6,7,7,1,321
main,validation,2100,correct,libero_10,31,1,7,11,7,7,7,0,520
main,validation,2100,correct,libero_10,31,1,8,31,8,7,7,0,520
main,validation,2100,correct,libero_10,31,1,9,45,9,7,7,0,520
main,validation,2100,correct,libero_10,31,1,10,49,10,7,7,1,485
main,validation,2100,correct,libero_10,31,1,11,28,11,7,7,0,520
main,validation,2100,correct,libero_10,31,1,12,39,12,7,7,1,501
main,validation,2100,correct,libero_10,31,1,13,43,13,7,7,1,420
main,validation,2100,correct,libero_10,31,1,14,12,14,7,7,0,520
main,validation,2100,correct,libero_10,31,1,15,38,15,7,7,0,520
main,validation,2100,correct,libero_10,31,1,16,35,16,7,7,1,348
main,validation,2100,correct,libero_10,31,1,17,33,17,7,7,1,342
main,validation,2100,correct,libero_10,31,1,18,42,18,7,7,0,520
main,validation,2100,correct,libero_10,31,1,19,24,19,7,7,0,520
main,validation,2100,correct,libero_10,31,1,20,21,20,7,7,1,295
main,validation,2100,correct,libero_10,31,1,21,23,21,7,7,0,520
main,validation,2100,correct,libero_10,31,1,22,2,22,7,7,1,408
main,validation,2100,correct,libero_10,31,1,23,48,23,7,7,1,353
main,validation,2100,correct,libero_10,31,1,24,0,24,7,7,0,520
main,validation,2100,correct,libero_10,31,1,25,7,25,7,7,0,520
main,validation,2100,correct,libero_10,31,1,26,37,26,7,7,1,431
main,validation,2100,correct,libero_10,31,1,27,4,27,7,7,1,505
main,validation,2100,correct,libero_10,31,1,28,20,28,7,7,0,520
main,validation,2100,correct,libero_10,31,1,29,25,29,7,7,0,520
main,validation,2100,correct,libero_10,31,1,30,46,30,7,7,0,520
main,validation,2100,correct,libero_10,31,1,31,22,31,7,7,1,334
main,validation,2100,correct,libero_10,31,1,32,41,32,7,7,0,520
main,validation,2100,correct,libero_10,31,1,33,40,33,7,7,0,520
main,validation,2100,correct,libero_10,31,1,34,13,34,7,7,1,256
main,validation,2100,correct,libero_10,31,1,35,16,35,7,7,0,520
main,validation,2100,correct,libero_10,31,1,36,10,36,7,7,1,331
main,validation,2100,correct,libero_10,31,1,37,17,37,7,7,1,282
main,validation,2100,correct,libero_10,31,1,38,6,38,7,7,1,337
main,validation,2100,correct,libero_10,31,1,39,27,39,7,7,0,520
main,validation,2100,correct,libero_10,31,1,40,36,40,7,7,0,520
main,validation,2100,correct,libero_10,31,1,41,26,41,7,7,0,520
main,validation,2100,correct,libero_10,31,1,42,44,42,7,7,0,520
main,validation,2100,correct,libero_10,31,1,43,19,43,7,7,1,293
main,validation,2100,correct,libero_10,31,1,44,14,44,7,7,0,520
main,validation,2100,correct,libero_10,31,1,45,8,45,7,7,0,520
main,validation,2100,correct,libero_10,31,1,46,5,46,7,7,1,390
main,validation,2100,correct,libero_10,31,1,47,30,47,7,7,0,520
main,validation,2100,correct,libero_10,31,1,48,29,48,7,7,0,520
main,validation,2100,correct,libero_10,31,1,49,1,49,7,7,0,520
main,validation,2100,correct,libero_10,32,2,0,16,0,7,7,0,520
main,validation,2100,correct,libero_10,32,2,1,35,1,7,7,0,520
main,validation,2100,correct,libero_10,32,2,2,12,2,7,7,0,520
main,validation,2100,correct,libero_10,32,2,3,8,3,7,7,0,520
main,validation,2100,correct,libero_10,32,2,4,37,4,7,7,0,520
main,validation,2100,correct,libero_10,32,2,5,42,5,7,7,0,520
main,validation,2100,correct,libero_10,32,2,6,15,6,7,7,0,520
main,validation,2100,correct,libero_10,32,2,7,43,7,7,7,0,520
main,validation,2100,correct,libero_10,32,2,8,33,8,7,7,0,520
main,validation,2100,correct,libero_10,32,2,9,25,9,7,7,0,520
main,validation,2100,correct,libero_10,32,2,10,3,10,7,7,0,520
main,validation,2100,correct,libero_10,32,2,11,29,11,7,7,0,520
main,validation,2100,correct,libero_10,32,2,12,24,12,7,7,0,520
main,validation,2100,correct,libero_10,32,2,13,28,13,7,7,0,520
main,validation,2100,correct,libero_10,32,2,14,47,14,7,7,0,520
main,validation,2100,correct,libero_10,32,2,15,36,15,7,7,0,520
main,validation,2100,correct,libero_10,32,2,16,18,16,7,7,0,520
main,validation,2100,correct,libero_10,32,2,17,46,17,7,7,0,520
main,validation,2100,correct,libero_10,32,2,18,39,18,7,7,0,520
main,validation,2100,correct,libero_10,32,2,19,31,19,7,7,0,520
main,validation,2100,correct,libero_10,32,2,20,32,20,7,7,0,520
main,validation,2100,correct,libero_10,32,2,21,34,21,7,7,0,520
main,validation,2100,correct,libero_10,32,2,22,19,22,7,7,0,520
main,validation,2100,correct,libero_10,32,2,23,49,23,7,7,0,520
main,validation,2100,correct,libero_10,32,2,24,45,24,7,7,0,520
main,validation,2100,correct,libero_10,32,2,25,21,25,7,7,0,520
main,validation,2100,correct,libero_10,32,2,26,44,26,7,7,0,520
main,validation,2100,correct,libero_10,32,2,27,2,27,7,7,0,520
main,validation,2100,correct,libero_10,32,2,28,38,28,7,7,0,520
main,validation,2100,correct,libero_10,32,2,29,5,29,7,7,0,520
main,validation,2100,correct,libero_10,32,2,30,1,30,7,7,0,520
main,validation,2100,correct,libero_10,32,2,31,27,31,7,7,0,520
main,validation,2100,correct,libero_10,32,2,32,7,32,7,7,0,520
main,validation,2100,correct,libero_10,32,2,33,13,33,7,7,0,520
main,validation,2100,correct,libero_10,32,2,34,23,34,7,7,0,520
main,validation,2100,correct,libero_10,32,2,35,11,35,7,7,0,520
main,validation,2100,correct,libero_10,32,2,36,9,36,7,7,0,520
main,validation,2100,correct,libero_10,32,2,37,0,37,7,7,0,520
main,validation,2100,correct,libero_10,32,2,38,10,38,7,7,0,520
main,validation,2100,correct,libero_10,32,2,39,26,39,7,7,0,520
main,validation,2100,correct,libero_10,32,2,40,4,40,7,7,0,520
main,validation,2100,correct,libero_10,32,2,41,30,41,7,7,0,520
main,validation,2100,correct,libero_10,32,2,42,40,42,7,7,0,520
main,validation,2100,correct,libero_10,32,2,43,22,43,7,7,0,520
main,validation,2100,correct,libero_10,32,2,44,41,44,7,7,0,520
main,validation,2100,correct,libero_10,32,2,45,17,45,7,7,0,520
main,validation,2100,correct,libero_10,32,2,46,20,46,7,7,0,520
main,validation,2100,correct,libero_10,32,2,47,14,47,7,7,0,520
main,validation,2100,correct,libero_10,32,2,48,48,48,7,7,0,520
main,validation,2100,correct,libero_10,32,2,49,6,49,7,7,0,520
main,validation,2100,correct,libero_goal,23,3,0,35,0,7,7,0,300
main,validation,2100,correct,libero_goal,23,3,1,13,1,7,7,0,300
main,validation,2100,correct,libero_goal,23,3,2,15,2,7,7,0,300
main,validation,2100,correct,libero_goal,23,3,3,8,3,7,7,0,300
main,validation,2100,correct,libero_goal,23,3,4,34,4,7,7,0,300
main,validation,2100,correct,libero_goal,23,3,5,28,5,7,7,0,300
main,validation,2100,correct,libero_goal,23,3,6,29,6,7,7,0,300
main,validation,2100,correct,libero_goal,23,3,7,19,7,7,7,0,300
main,validation,2100,correct,libero_goal,23,3,8,17,8,7,7,0,300
main,validation,2100,correct,libero_goal,23,3,9,2,9,7,7,0,300
main,validation,2100,correct,libero_goal,23,3,10,0,10,7,7,0,300
main,validation,2100,correct,libero_goal,23,3,11,31,11,7,7,0,300
main,validation,2100,correct,libero_goal,23,3,12,3,12,7,7,0,300
main,validation,2100,correct,libero_goal,23,3,13,30,13,7,7,0,300
main,validation,2100,correct,libero_goal,23,3,14,5,14,7,7,0,300
main,validation,2100,correct,libero_goal,23,3,15,26,15,7,7,0,300
main,validation,2100,correct,libero_goal,23,3,16,4,16,7,7,0,300
main,validation,2100,correct,libero_goal,23,3,17,9,17,7,7,0,300
main,validation,2100,correct,libero_goal,23,3,18,14,18,7,7,0,300
main,validation,2100,correct,libero_goal,23,3,19,12,19,7,7,0,300
main,validation,2100,correct,libero_goal,23,3,20,27,20,7,7,0,300
main,validation,2100,correct,libero_goal,23,3,21,32,21,7,7,0,300
main,validation,2100,correct,libero_goal,23,3,22,36,22,7,7,0,300
main,validation,2100,correct,libero_goal,23,3,23,44,23,7,7,0,300
main,validation,2100,correct,libero_goal,23,3,24,46,24,7,7,0,300
main,validation,2100,correct,libero_goal,23,3,25,11,25,7,7,0,300
main,validation,2100,correct,libero_goal,23,3,26,41,26,7,7,0,300
main,validation,2100,correct,libero_goal,23,3,27,16,27,7,7,0,300
main,validation,2100,correct,libero_goal,23,3,28,48,28,7,7,0,300
main,validation,2100,correct,libero_goal,23,3,29,23,29,7,7,0,300
main,validation,2100,correct,libero_goal,23,3,30,21,30,7,7,0,300
main,validation,2100,correct,libero_goal,23,3,31,38,31,7,7,0,300
main,validation,2100,correct,libero_goal,23,3,32,22,32,7,7,0,300
main,validation,2100,correct,libero_goal,23,3,33,39,33,7,7,0,300
main,validation,2100,correct,libero_goal,23,3,34,42,34,7,7,0,300
main,validation,2100,correct,libero_goal,23,3,35,18,35,7,7,0,300
main,validation,2100,correct,libero_goal,23,3,36,6,36,7,7,0,300
main,validation,2100,correct,libero_goal,23,3,37,49,37,7,7,0,300
main,validation,2100,correct,libero_goal,23,3,38,33,38,7,7,0,300
main,validation,2100,correct,libero_goal,23,3,39,37,39,7,7,0,300
main,validation,2100,correct,libero_goal,23,3,40,24,40,7,7,0,300
main,validation,2100,correct,libero_goal,23,3,41,7,41,7,7,0,300
main,validation,2100,correct,libero_goal,23,3,42,40,42,7,7,0,300
main,validation,2100,correct,libero_goal,23,3,43,1,43,7,7,0,300
main,validation,2100,correct,libero_goal,23,3,44,20,44,7,7,0,300
main,validation,2100,correct,libero_goal,23,3,45,45,45,7,7,0,300
main,validation,2100,correct,libero_goal,23,3,46,10,46,7,7,0,300
main,validation,2100,correct,libero_goal,23,3,47,47,47,7,7,0,300
main,validation,2100,correct,libero_goal,23,3,48,43,48,7,7,0,300
main,validation,2100,correct,libero_goal,23,3,49,25,49,7,7,0,300
main,validation,2100,correct,libero_goal,26,6,0,45,0,7,7,1,98
main,validation,2100,correct,libero_goal,26,6,1,8,1,7,7,1,99
main,validation,2100,correct,libero_goal,26,6,2,22,2,7,7,1,98
main,validation,2100,correct,libero_goal,26,6,3,34,3,7,7,1,96
main,validation,2100,correct,libero_goal,26,6,4,49,4,7,7,1,95
main,validation,2100,correct,libero_goal,26,6,5,41,5,7,7,1,115
main,validation,2100,correct,libero_goal,26,6,6,9,6,7,7,1,113
main,validation,2100,correct,libero_goal,26,6,7,40,7,7,7,1,84
main,validation,2100,correct,libero_goal,26,6,8,29,8,7,7,1,98
main,validation,2100,correct,libero_goal,26,6,9,26,9,7,7,1,92
main,validation,2100,correct,libero_goal,26,6,10,7,10,7,7,1,101
main,validation,2100,correct,libero_goal,26,6,11,10,11,7,7,1,101
main,validation,2100,correct,libero_goal,26,6,12,44,12,7,7,1,106
main,validation,2100,correct,libero_goal,26,6,13,1,13,7,7,1,87
main,validation,2100,correct,libero_goal,26,6,14,35,14,7,7,1,99
main,validation,2100,correct,libero_goal,26,6,15,20,15,7,7,1,95
main,validation,2100,correct,libero_goal,26,6,16,2,16,7,7,1,96
main,validation,2100,correct,libero_goal,26,6,17,0,17,7,7,1,101
main,validation,2100,correct,libero_goal,26,6,18,23,18,7,7,1,97
main,validation,2100,correct,libero_goal,26,6,19,36,19,7,7,1,147
main,validation,2100,correct,libero_goal,26,6,20,43,20,7,7,0,300
main,validation,2100,correct,libero_goal,26,6,21,21,21,7,7,1,103
main,validation,2100,correct,libero_goal,26,6,22,31,22,7,7,1,102
main,validation,2100,correct,libero_goal,26,6,23,27,23,7,7,1,136
main,validation,2100,correct,libero_goal,26,6,24,47,24,7,7,1,95
main,validation,2100,correct,libero_goal,26,6,25,5,25,7,7,1,81
main,validation,2100,correct,libero_goal,26,6,26,11,26,7,7,1,112
main,validation,2100,correct,libero_goal,26,6,27,24,27,7,7,1,91
main,validation,2100,correct,libero_goal,26,6,28,38,28,7,7,1,97
main,validation,2100,correct,libero_goal,26,6,29,16,29,7,7,1,99
main,validation,2100,correct,libero_goal,26,6,30,39,30,7,7,1,97
main,validation,2100,correct,libero_goal,26,6,31,12,31,7,7,1,146
main,validation,2100,correct,libero_goal,26,6,32,42,32,7,7,1,101
main,validation,2100,correct,libero_goal,26,6,33,48,33,7,7,0,300
main,validation,2100,correct,libero_goal,26,6,34,32,34,7,7,1,85
main,validation,2100,correct,libero_goal,26,6,35,13,35,7,7,1,124
main,validation,2100,correct,libero_goal,26,6,36,4,36,7,7,1,102
main,validation,2100,correct,libero_goal,26,6,37,30,37,7,7,0,300
main,validation,2100,correct,libero_goal,26,6,38,3,38,7,7,1,87
main,validation,2100,correct,libero_goal,26,6,39,46,39,7,7,0,300
main,validation,2100,correct,libero_goal,26,6,40,14,40,7,7,0,300
main,validation,2100,correct,libero_goal,26,6,41,28,41,7,7,1,93
main,validation,2100,correct,libero_goal,26,6,42,19,42,7,7,1,122
main,validation,2100,correct,libero_goal,26,6,43,17,43,7,7,1,105
main,validation,2100,correct,libero_goal,26,6,44,33,44,7,7,1,97
main,validation,2100,correct,libero_goal,26,6,45,37,45,7,7,1,97
main,validation,2100,correct,libero_goal,26,6,46,15,46,7,7,1,102
main,validation,2100,correct,libero_goal,26,6,47,25,47,7,7,1,89
main,validation,2100,correct,libero_goal,26,6,48,6,48,7,7,0,300
main,validation,2100,correct,libero_goal,26,6,49,18,49,7,7,1,101
main,validation,2100,correct,libero_object,11,1,0,34,0,7,7,1,253
main,validation,2100,correct,libero_object,11,1,1,10,1,7,7,0,280
main,validation,2100,correct,libero_object,11,1,2,12,2,7,7,1,201
main,validation,2100,correct,libero_object,11,1,3,2,3,7,7,1,268
main,validation,2100,correct,libero_object,11,1,4,39,4,7,7,1,258
main,validation,2100,correct,libero_object,11,1,5,8,5,7,7,1,132
main,validation,2100,correct,libero_object,11,1,6,35,6,7,7,1,170
main,validation,2100,correct,libero_object,11,1,7,41,7,7,7,1,112
main,validation,2100,correct,libero_object,11,1,8,45,8,7,7,1,251
main,validation,2100,correct,libero_object,11,1,9,16,9,7,7,1,161
main,validation,2100,correct,libero_object,11,1,10,4,10,7,7,0,280
main,validation,2100,correct,libero_object,11,1,11,3,11,7,7,1,139
main,validation,2100,correct,libero_object,11,1,12,30,12,7,7,1,237
main,validation,2100,correct,libero_object,11,1,13,23,13,7,7,1,193
main,validation,2100,correct,libero_object,11,1,14,14,14,7,7,1,265
main,validation,2100,correct,libero_object,11,1,15,48,15,7,7,1,172
main,validation,2100,correct,libero_object,11,1,16,33,16,7,7,1,153
main,validation,2100,correct,libero_object,11,1,17,18,17,7,7,0,280
main,validation,2100,correct,libero_object,11,1,18,13,18,7,7,1,202
main,validation,2100,correct,libero_object,11,1,19,46,19,7,7,1,197
main,validation,2100,correct,libero_object,11,1,20,43,20,7,7,0,280
main,validation,2100,correct,libero_object,11,1,21,28,21,7,7,0,280
main,validation,2100,correct,libero_object,11,1,22,29,22,7,7,1,133
main,validation,2100,correct,libero_object,11,1,23,17,23,7,7,1,124
main,validation,2100,correct,libero_object,11,1,24,37,24,7,7,1,212
main,validation,2100,correct,libero_object,11,1,25,31,25,7,7,1,277
main,validation,2100,correct,libero_object,11,1,26,26,26,7,7,1,248
main,validation,2100,correct,libero_object,11,1,27,40,27,7,7,1,123
main,validation,2100,correct,libero_object,11,1,28,42,28,7,7,1,137
main,validation,2100,correct,libero_object,11,1,29,32,29,7,7,1,134
main,validation,2100,correct,libero_object,11,1,30,24,30,7,7,0,280
main,validation,2100,correct,libero_object,11,1,31,19,31,7,7,0,280
main,validation,2100,correct,libero_object,11,1,32,47,32,7,7,0,280
main,validation,2100,correct,libero_object,11,1,33,38,33,7,7,0,280
main,validation,2100,correct,libero_object,11,1,34,11,34,7,7,0,280
main,validation,2100,correct,libero_object,11,1,35,22,35,7,7,1,132
main,validation,2100,correct,libero_object,11,1,36,25,36,7,7,1,123
main,validation,2100,correct,libero_object,11,1,37,15,37,7,7,1,125
main,validation,2100,correct,libero_object,11,1,38,9,38,7,7,1,187
main,validation,2100,correct,libero_object,11,1,39,5,39,7,7,1,119
main,validation,2100,correct,libero_object,11,1,40,7,40,7,7,1,204
main,validation,2100,correct,libero_object,11,1,41,1,41,7,7,1,127
main,validation,2100,correct,libero_object,11,1,42,27,42,7,7,1,242
main,validation,2100,correct,libero_object,11,1,43,20,43,7,7,1,132
main,validation,2100,correct,libero_object,11,1,44,0,44,7,7,1,122
main,validation,2100,correct,libero_object,11,1,45,49,45,7,7,1,164
main,validation,2100,correct,libero_object,11,1,46,44,46,7,7,1,117
main,validation,2100,correct,libero_object,11,1,47,36,47,7,7,1,121
main,validation,2100,correct,libero_object,11,1,48,6,48,7,7,0,280
main,validation,2100,correct,libero_object,11,1,49,21,49,7,7,0,280
main,validation,2100,correct,libero_object,13,3,0,33,0,7,7,1,218
main,validation,2100,correct,libero_object,13,3,1,20,1,7,7,1,123
main,validation,2100,correct,libero_object,13,3,2,18,2,7,7,0,280
main,validation,2100,correct,libero_object,13,3,3,9,3,7,7,1,182
main,validation,2100,correct,libero_object,13,3,4,42,4,7,7,1,183
main,validation,2100,correct,libero_object,13,3,5,34,5,7,7,0,280
main,validation,2100,correct,libero_object,13,3,6,24,6,7,7,1,228
main,validation,2100,correct,libero_object,13,3,7,28,7,7,7,0,280
main,validation,2100,correct,libero_object,13,3,8,25,8,7,7,0,280
main,validation,2100,correct,libero_object,13,3,9,3,9,7,7,1,209
main,validation,2100,correct,libero_object,13,3,10,16,10,7,7,1,142
main,validation,2100,correct,libero_object,13,3,11,14,11,7,7,1,139
main,validation,2100,correct,libero_object,13,3,12,44,12,7,7,1,279
main,validation,2100,correct,libero_object,13,3,13,8,13,7,7,0,280
main,validation,2100,correct,libero_object,13,3,14,48,14,7,7,1,122
main,validation,2100,correct,libero_object,13,3,15,2,15,7,7,1,125
main,validation,2100,correct,libero_object,13,3,16,36,16,7,7,1,130
main,validation,2100,correct,libero_object,13,3,17,35,17,7,7,0,280
main,validation,2100,correct,libero_object,13,3,18,0,18,7,7,1,209
main,validation,2100,correct,libero_object,13,3,19,47,19,7,7,0,280
main,validation,2100,correct,libero_object,13,3,20,30,20,7,7,0,280
main,validation,2100,correct,libero_object,13,3,21,4,21,7,7,0,280
main,validation,2100,correct,libero_object,13,3,22,13,22,7,7,0,280
main,validation,2100,correct,libero_object,13,3,23,45,23,7,7,0,280
main,validation,2100,correct,libero_object,13,3,24,43,24,7,7,1,134
main,validation,2100,correct,libero_object,13,3,25,5,25,7,7,0,280
main,validation,2100,correct,libero_object,13,3,26,7,26,7,7,0,280
main,validation,2100,correct,libero_object,13,3,27,46,27,7,7,0,280
main,validation,2100,correct,libero_object,13,3,28,15,28,7,7,0,280
main,validation,2100,correct,libero_object,13,3,29,49,29,7,7,1,141
main,validation,2100,correct,libero_object,13,3,30,26,30,7,7,0,280
main,validation,2100,correct,libero_object,13,3,31,10,31,7,7,1,116
main,validation,2100,correct,libero_object,13,3,32,23,32,7,7,1,168
main,validation,2100,correct,libero_object,13,3,33,17,33,7,7,1,132
main,validation,2100,correct,libero_object,13,3,34,1,34,7,7,1,116
main,validation,2100,correct,libero_object,13,3,35,21,35,7,7,1,112
main,validation,2100,correct,libero_object,13,3,36,12,36,7,7,1,136
main,validation,2100,correct,libero_object,13,3,37,11,37,7,7,0,280
main,validation,2100,correct,libero_object,13,3,38,40,38,7,7,0,280
main,validation,2100,correct,libero_object,13,3,39,41,39,7,7,0,280
main,validation,2100,correct,libero_object,13,3,40,19,40,7,7,0,280
main,validation,2100,correct,libero_object,13,3,41,32,41,7,7,1,117
main,validation,2100,correct,libero_object,13,3,42,38,42,7,7,0,280
main,validation,2100,correct,libero_object,13,3,43,22,43,7,7,0,280
main,validation,2100,correct,libero_object,13,3,44,29,44,7,7,0,280
main,validation,2100,correct,libero_object,13,3,45,37,45,7,7,0,280
main,validation,2100,correct,libero_object,13,3,46,31,46,7,7,0,280
main,validation,2100,correct,libero_object,13,3,47,6,47,7,7,1,128
main,validation,2100,correct,libero_object,13,3,48,27,48,7,7,0,280
main,validation,2100,correct,libero_object,13,3,49,39,49,7,7,0,280
main,validation,2100,correct,libero_spatial,1,1,0,1,0,7,7,0,220
main,validation,2100,correct,libero_spatial,1,1,1,21,1,7,7,0,220
main,validation,2100,correct,libero_spatial,1,1,2,39,2,7,7,0,220
main,validation,2100,correct,libero_spatial,1,1,3,14,3,7,7,0,220
main,validation,2100,correct,libero_spatial,1,1,4,2,4,7,7,0,220
main,validation,2100,correct,libero_spatial,1,1,5,34,5,7,7,0,220
main,validation,2100,correct,libero_spatial,1,1,6,40,6,7,7,0,220
main,validation,2100,correct,libero_spatial,1,1,7,8,7,7,7,0,220
main,validation,2100,correct,libero_spatial,1,1,8,4,8,7,7,0,220
main,validation,2100,correct,libero_spatial,1,1,9,42,9,7,7,0,220
main,validation,2100,correct,libero_spatial,1,1,10,44,10,7,7,0,220
main,validation,2100,correct,libero_spatial,1,1,11,24,11,7,7,0,220
main,validation,2100,correct,libero_spatial,1,1,12,36,12,7,7,0,220
main,validation,2100,correct,libero_spatial,1,1,13,37,13,7,7,0,220
main,validation,2100,correct,libero_spatial,1,1,14,18,14,7,7,0,220
main,validation,2100,correct,libero_spatial,1,1,15,31,15,7,7,0,220
main,validation,2100,correct,libero_spatial,1,1,16,33,16,7,7,0,220
main,validation,2100,correct,libero_spatial,1,1,17,9,17,7,7,0,220
main,validation,2100,correct,libero_spatial,1,1,18,6,18,7,7,0,220
main,validation,2100,correct,libero_spatial,1,1,19,7,19,7,7,0,220
main,validation,2100,correct,libero_spatial,1,1,20,27,20,7,7,0,220
main,validation,2100,correct,libero_spatial,1,1,21,20,21,7,7,0,220
main,validation,2100,correct,libero_spatial,1,1,22,38,22,7,7,0,220
main,validation,2100,correct,libero_spatial,1,1,23,46,23,7,7,0,220
main,validation,2100,correct,libero_spatial,1,1,24,17,24,7,7,0,220
main,validation,2100,correct,libero_spatial,1,1,25,41,25,7,7,0,220
main,validation,2100,correct,libero_spatial,1,1,26,0,26,7,7,0,220
main,validation,2100,correct,libero_spatial,1,1,27,30,27,7,7,0,220
main,validation,2100,correct,libero_spatial,1,1,28,22,28,7,7,0,220
main,validation,2100,correct,libero_spatial,1,1,29,12,29,7,7,0,220
main,validation,2100,correct,libero_spatial,1,1,30,47,30,7,7,0,220
main,validation,2100,correct,libero_spatial,1,1,31,45,31,7,7,0,220
main,validation,2100,correct,libero_spatial,1,1,32,32,32,7,7,0,220
main,validation,2100,correct,libero_spatial,1,1,33,43,33,7,7,0,220
main,validation,2100,correct,libero_spatial,1,1,34,3,34,7,7,1,163
main,validation,2100,correct,libero_spatial,1,1,35,11,35,7,7,0,220
main,validation,2100,correct,libero_spatial,1,1,36,48,36,7,7,0,220
main,validation,2100,correct,libero_spatial,1,1,37,28,37,7,7,0,220
main,validation,2100,correct,libero_spatial,1,1,38,35,38,7,7,0,220
main,validation,2100,correct,libero_spatial,1,1,39,29,39,7,7,0,220
main,validation,2100,correct,libero_spatial,1,1,40,15,40,7,7,0,220
main,validation,2100,correct,libero_spatial,1,1,41,5,41,7,7,0,220
main,validation,2100,correct,libero_spatial,1,1,42,26,42,7,7,0,220
main,validation,2100,correct,libero_spatial,1,1,43,19,43,7,7,0,220
main,validation,2100,correct,libero_spatial,1,1,44,23,44,7,7,0,220
main,validation,2100,correct,libero_spatial,1,1,45,10,45,7,7,0,220
main,validation,2100,correct,libero_spatial,1,1,46,16,46,7,7,0,220
main,validation,2100,correct,libero_spatial,1,1,47,25,47,7,7,0,220
main,validation,2100,correct,libero_spatial,1,1,48,49,48,7,7,0,220
main,validation,2100,correct,libero_spatial,1,1,49,13,49,7,7,0,220
main,validation,2100,correct,libero_spatial,3,3,0,2,0,7,7,1,125
main,validation,2100,correct,libero_spatial,3,3,1,36,1,7,7,1,112
main,validation,2100,correct,libero_spatial,3,3,2,43,2,7,7,1,127
main,validation,2100,correct,libero_spatial,3,3,3,16,3,7,7,1,99
main,validation,2100,correct,libero_spatial,3,3,4,7,4,7,7,0,220
main,validation,2100,correct,libero_spatial,3,3,5,8,5,7,7,1,113
main,validation,2100,correct,libero_spatial,3,3,6,14,6,7,7,1,148
main,validation,2100,correct,libero_spatial,3,3,7,38,7,7,7,1,128
main,validation,2100,correct,libero_spatial,3,3,8,33,8,7,7,0,220
main,validation,2100,correct,libero_spatial,3,3,9,1,9,7,7,1,158
main,validation,2100,correct,libero_spatial,3,3,10,21,10,7,7,1,149
main,validation,2100,correct,libero_spatial,3,3,11,5,11,7,7,1,111
main,validation,2100,correct,libero_spatial,3,3,12,49,12,7,7,1,119
main,validation,2100,correct,libero_spatial,3,3,13,29,13,7,7,0,220
main,validation,2100,correct,libero_spatial,3,3,14,24,14,7,7,1,106
main,validation,2100,correct,libero_spatial,3,3,15,10,15,7,7,1,87
main,validation,2100,correct,libero_spatial,3,3,16,44,16,7,7,0,220
main,validation,2100,correct,libero_spatial,3,3,17,15,17,7,7,1,101
main,validation,2100,correct,libero_spatial,3,3,18,19,18,7,7,1,119
main,validation,2100,correct,libero_spatial,3,3,19,39,19,7,7,1,133
main,validation,2100,correct,libero_spatial,3,3,20,6,20,7,7,0,220
main,validation,2100,correct,libero_spatial,3,3,21,30,21,7,7,1,127
main,validation,2100,correct,libero_spatial,3,3,22,28,22,7,7,1,213
main,validation,2100,correct,libero_spatial,3,3,23,34,23,7,7,1,103
main,validation,2100,correct,libero_spatial,3,3,24,3,24,7,7,1,125
main,validation,2100,correct,libero_spatial,3,3,25,45,25,7,7,0,220
main,validation,2100,correct,libero_spatial,3,3,26,32,26,7,7,1,153
main,validation,2100,correct,libero_spatial,3,3,27,22,27,7,7,0,220
main,validation,2100,correct,libero_spatial,3,3,28,20,28,7,7,0,220
main,validation,2100,correct,libero_spatial,3,3,29,23,29,7,7,1,104
main,validation,2100,correct,libero_spatial,3,3,30,9,30,7,7,0,220
main,validation,2100,correct,libero_spatial,3,3,31,0,31,7,7,0,220
main,validation,2100,correct,libero_spatial,3,3,32,4,32,7,7,1,151
main,validation,2100,correct,libero_spatial,3,3,33,47,33,7,7,0,220
main,validation,2100,correct,libero_spatial,3,3,34,31,34,7,7,0,220
main,validation,2100,correct,libero_spatial,3,3,35,27,35,7,7,0,220
main,validation,2100,correct,libero_spatial,3,3,36,17,36,7,7,1,99
main,validation,2100,correct,libero_spatial,3,3,37,41,37,7,7,1,110
main,validation,2100,correct,libero_spatial,3,3,38,25,38,7,7,1,107
main,validation,2100,correct,libero_spatial,3,3,39,35,39,7,7,1,107
main,validation,2100,correct,libero_spatial,3,3,40,46,40,7,7,0,220
main,validation,2100,correct,libero_spatial,3,3,41,40,41,7,7,0,220
main,validation,2100,correct,libero_spatial,3,3,42,42,42,7,7,1,104
main,validation,2100,correct,libero_spatial,3,3,43,48,43,7,7,1,97
main,validation,2100,correct,libero_spatial,3,3,44,26,44,7,7,1,98
main,validation,2100,correct,libero_spatial,3,3,45,11,45,7,7,1,99
main,validation,2100,correct,libero_spatial,3,3,46,18,46,7,7,0,220
main,validation,2100,correct,libero_spatial,3,3,47,13,47,7,7,1,183
main,validation,2100,correct,libero_spatial,3,3,48,12,48,7,7,0,220
main,validation,2100,correct,libero_spatial,3,3,49,37,49,7,7,1,216
main,train,2100,correct,libero_10,34,4,32,48,32,7,7,1,274
main,train,2100,correct,libero_10,34,4,33,49,33,7,7,1,306
main,train,2100,correct,libero_10,34,4,34,47,34,7,7,1,256
main,train,2100,correct,libero_10,34,4,35,46,35,7,7,0,520
main,train,2100,correct,libero_10,35,5,32,48,32,7,7,0,520
main,train,2100,correct,libero_10,35,5,33,46,33,7,7,0,520
main,train,2100,correct,libero_10,35,5,34,49,34,7,7,1,175
main,train,2100,correct,libero_10,35,5,35,47,35,7,7,1,155
main,train,2100,correct,libero_10,36,6,32,49,32,7,7,1,350
main,train,2100,correct,libero_10,36,6,33,48,33,7,7,1,202
main,train,2100,correct,libero_10,36,6,34,46,34,7,7,1,284
main,train,2100,correct,libero_10,36,6,35,47,35,7,7,1,284
main,train,2100,correct,libero_10,37,7,32,49,32,7,7,0,520
main,train,2100,correct,libero_10,37,7,33,47,33,7,7,0,520
main,train,2100,correct,libero_10,37,7,34,46,34,7,7,0,520
main,train,2100,correct,libero_10,37,7,35,48,35,7,7,0,520
main,train,2100,correct,libero_10,38,8,32,48,32,7,7,0,520
main,train,2100,correct,libero_10,38,8,33,49,33,7,7,0,520
main,train,2100,correct,libero_10,38,8,34,46,34,7,7,0,520
main,train,2100,correct,libero_10,38,8,35,47,35,7,7,1,431
main,train,2100,correct,libero_10,39,9,32,47,32,7,7,0,520
main,train,2100,correct,libero_10,39,9,33,48,33,7,7,0,520
main,train,2100,correct,libero_10,39,9,34,46,34,7,7,0,520
main,train,2100,correct,libero_10,39,9,35,49,35,7,7,0,520
main,train,2100,correct,libero_goal,20,0,32,47,32,7,7,0,300
main,train,2100,correct,libero_goal,20,0,33,48,33,7,7,0,300
main,train,2100,correct,libero_goal,20,0,34,46,34,7,7,0,300
main,train,2100,correct,libero_goal,20,0,35,49,35,7,7,0,300
main,train,2100,correct,libero_goal,21,1,32,47,32,7,7,1,80
main,train,2100,correct,libero_goal,21,1,33,48,33,7,7,1,84
main,train,2100,correct,libero_goal,21,1,34,46,34,7,7,1,73
main,train,2100,correct,libero_goal,21,1,35,49,35,7,7,1,78
main,train,2100,correct,libero_goal,22,2,32,46,32,7,7,0,300
main,train,2100,correct,libero_goal,22,2,33,48,33,7,7,1,114
main,train,2100,correct,libero_goal,22,2,34,49,34,7,7,1,102
main,train,2100,correct,libero_goal,22,2,35,47,35,7,7,1,84
main,train,2100,correct,libero_goal,25,5,32,48,32,7,7,1,118
main,train,2100,correct,libero_goal,25,5,33,47,33,7,7,0,300
main,train,2100,correct,libero_goal,25,5,34,49,34,7,7,0,300
main,train,2100,correct,libero_goal,25,5,35,46,35,7,7,0,300
main,train,2100,correct,libero_goal,28,8,32,49,32,7,7,1,81
main,train,2100,correct,libero_goal,28,8,33,47,33,7,7,1,87
main,train,2100,correct,libero_goal,28,8,34,46,34,7,7,1,81
main,train,2100,correct,libero_goal,28,8,35,48,35,7,7,1,70
main,train,2100,correct,libero_goal,29,9,32,46,32,7,7,0,300
main,train,2100,correct,libero_goal,29,9,33,48,33,7,7,0,300
main,train,2100,correct,libero_goal,29,9,34,49,34,7,7,0,300
main,train,2100,correct,libero_goal,29,9,35,47,35,7,7,0,300
main,train,2100,correct,libero_object,12,2,32,48,32,7,7,1,187
main,train,2100,correct,libero_object,12,2,33,49,33,7,7,1,134
main,train,2100,correct,libero_object,12,2,34,47,34,7,7,1,122
main,train,2100,correct,libero_object,12,2,35,46,35,7,7,1,129
main,train,2100,correct,libero_object,14,4,32,47,32,7,7,1,148
main,train,2100,correct,libero_object,14,4,33,46,33,7,7,1,274
main,train,2100,correct,libero_object,14,4,34,49,34,7,7,1,136
main,train,2100,correct,libero_object,14,4,35,48,35,7,7,1,136
main,train,2100,correct,libero_object,15,5,32,48,32,7,7,1,173
main,train,2100,correct,libero_object,15,5,33,47,33,7,7,1,136
main,train,2100,correct,libero_object,15,5,34,46,34,7,7,1,275
main,train,2100,correct,libero_object,15,5,35,49,35,7,7,1,143
main,train,2100,correct,libero_object,16,6,32,48,32,7,7,1,197
main,train,2100,correct,libero_object,16,6,33,46,33,7,7,1,165
main,train,2100,correct,libero_object,16,6,34,47,34,7,7,1,147
main,train,2100,correct,libero_object,16,6,35,49,35,7,7,1,141
main,train,2100,correct,libero_object,18,8,32,47,32,7,7,1,155
main,train,2100,correct,libero_object,18,8,33,49,33,7,7,1,147
main,train,2100,correct,libero_object,18,8,34,46,34,7,7,1,137
main,train,2100,correct,libero_object,18,8,35,48,35,7,7,1,151
main,train,2100,correct,libero_object,19,9,32,46,32,7,7,1,121
main,train,2100,correct,libero_object,19,9,33,47,33,7,7,1,117
main,train,2100,correct,libero_object,19,9,34,49,34,7,7,1,127
main,train,2100,correct,libero_object,19,9,35,48,35,7,7,1,124
main,train,2100,correct,libero_spatial,0,0,32,48,32,7,7,1,78
main,train,2100,correct,libero_spatial,0,0,33,46,33,7,7,0,220
main,train,2100,correct,libero_spatial,0,0,34,47,34,7,7,1,77
main,train,2100,correct,libero_spatial,0,0,35,49,35,7,7,1,83
main,train,2100,correct,libero_spatial,2,2,32,49,32,7,7,1,91
main,train,2100,correct,libero_spatial,2,2,33,47,33,7,7,1,90
main,train,2100,correct,libero_spatial,2,2,34,48,34,7,7,1,95
main,train,2100,correct,libero_spatial,2,2,35,46,35,7,7,1,93
main,train,2100,correct,libero_spatial,4,4,32,46,32,7,7,1,124
main,train,2100,correct,libero_spatial,4,4,33,49,33,7,7,1,147
main,train,2100,correct,libero_spatial,4,4,34,48,34,7,7,1,152
main,train,2100,correct,libero_spatial,4,4,35,47,35,7,7,1,137
main,train,2100,correct,libero_spatial,5,5,32,49,32,7,7,0,220
main,train,2100,correct,libero_spatial,5,5,33,47,33,7,7,1,92
main,train,2100,correct,libero_spatial,5,5,34,46,34,7,7,1,98
main,train,2100,correct,libero_spatial,5,5,35,48,35,7,7,1,107
main,train,2100,correct,libero_spatial,7,7,32,49,32,7,7,1,142
main,train,2100,correct,libero_spatial,7,7,33,46,33,7,7,1,137
main,train,2100,correct,libero_spatial,7,7,34,48,34,7,7,0,220
main,train,2100,correct,libero_spatial,7,7,35,47,35,7,7,1,120
main,train,2100,correct,libero_spatial,9,9,32,46,32,7,7,1,110
main,train,2100,correct,libero_spatial,9,9,33,47,33,7,7,1,122
main,train,2100,correct,libero_spatial,9,9,34,48,34,7,7,1,125
main,train,2100,correct,libero_spatial,9,9,35,49,35,7,7,1,118
main,validation,900,same_task_other,libero_10,31,1,0,14,0,7,7,0,520
main,validation,900,same_task_other,libero_10,31,1,1,26,1,7,7,0,520
main,validation,900,same_task_other,libero_10,31,1,2,20,2,7,7,0,520
main,validation,900,same_task_other,libero_10,31,1,3,49,3,7,7,0,520
main,validation,900,same_task_other,libero_10,31,1,4,32,4,7,7,1,399
main,validation,900,same_task_other,libero_10,31,1,5,35,5,7,7,1,295
main,validation,900,same_task_other,libero_10,31,1,6,1,6,7,7,0,520
main,validation,900,same_task_other,libero_10,31,1,7,28,7,7,7,1,426
main,validation,900,same_task_other,libero_10,31,1,8,48,8,7,7,0,520
main,validation,900,same_task_other,libero_10,31,1,9,12,9,7,7,0,520
main,validation,900,same_task_other,libero_10,31,1,10,16,10,7,7,1,400
main,validation,900,same_task_other,libero_10,31,1,11,45,11,7,7,0,520
main,validation,900,same_task_other,libero_10,31,1,12,6,12,7,7,1,381
main,validation,900,same_task_other,libero_10,31,1,13,10,13,7,7,0,520
main,validation,900,same_task_other,libero_10,31,1,14,29,14,7,7,0,520
main,validation,900,same_task_other,libero_10,31,1,15,5,15,7,7,1,396
main,validation,900,same_task_other,libero_10,31,1,16,2,16,7,7,1,281
main,validation,900,same_task_other,libero_10,31,1,17,0,17,7,7,0,520
main,validation,900,same_task_other,libero_10,31,1,18,9,18,7,7,0,520
main,validation,900,same_task_other,libero_10,31,1,19,41,19,7,7,0,520
main,validation,900,same_task_other,libero_10,31,1,20,38,20,7,7,1,396
main,validation,900,same_task_other,libero_10,31,1,21,40,21,7,7,1,366
main,validation,900,same_task_other,libero_10,31,1,22,19,22,7,7,0,520
main,validation,900,same_task_other,libero_10,31,1,23,15,23,7,7,0,520
main,validation,900,same_task_other,libero_10,31,1,24,17,24,7,7,0,520
main,validation,900,same_task_other,libero_10,31,1,25,24,25,7,7,0,520
main,validation,900,same_task_other,libero_10,31,1,26,4,26,7,7,1,389
main,validation,900,same_task_other,libero_10,31,1,27,21,27,7,7,0,520
main,validation,900,same_task_other,libero_10,31,1,28,37,28,7,7,0,520
main,validation,900,same_task_other,libero_10,31,1,29,42,29,7,7,1,268
main,validation,900,same_task_other,libero_10,31,1,30,13,30,7,7,0,520
main,validation,900,same_task_other,libero_10,31,1,31,39,31,7,7,0,520
main,validation,900,same_task_other,libero_10,31,1,32,8,32,7,7,1,495
main,validation,900,same_task_other,libero_10,31,1,33,7,33,7,7,0,520
main,validation,900,same_task_other,libero_10,31,1,34,30,34,7,7,1,431
main,validation,900,same_task_other,libero_10,31,1,35,33,35,7,7,1,416
main,validation,900,same_task_other,libero_10,31,1,36,27,36,7,7,0,520
main,validation,900,same_task_other,libero_10,31,1,37,34,37,7,7,1,282
main,validation,900,same_task_other,libero_10,31,1,38,23,38,7,7,0,520
main,validation,900,same_task_other,libero_10,31,1,39,44,39,7,7,0,520
main,validation,900,same_task_other,libero_10,31,1,40,3,40,7,7,0,520
main,validation,900,same_task_other,libero_10,31,1,41,43,41,7,7,0,520
main,validation,900,same_task_other,libero_10,31,1,42,11,42,7,7,0,520
main,validation,900,same_task_other,libero_10,31,1,43,36,43,7,7,1,289
main,validation,900,same_task_other,libero_10,31,1,44,31,44,7,7,0,520
main,validation,900,same_task_other,libero_10,31,1,45,25,45,7,7,1,381
main,validation,900,same_task_other,libero_10,31,1,46,22,46,7,7,0,520
main,validation,900,same_task_other,libero_10,31,1,47,47,47,7,7,1,433
main,validation,900,same_task_other,libero_10,31,1,48,46,48,7,7,1,462
main,validation,900,same_task_other,libero_10,31,1,49,18,49,7,7,1,362
main,validation,900,same_task_other,libero_10,32,2,0,33,0,7,7,0,520
main,validation,900,same_task_other,libero_10,32,2,1,2,1,7,7,0,520
main,validation,900,same_task_other,libero_10,32,2,2,29,2,7,7,0,520
main,validation,900,same_task_other,libero_10,32,2,3,25,3,7,7,0,520
main,validation,900,same_task_other,libero_10,32,2,4,4,4,7,7,0,520
main,validation,900,same_task_other,libero_10,32,2,5,9,5,7,7,0,520
main,validation,900,same_task_other,libero_10,32,2,6,32,6,7,7,0,520
main,validation,900,same_task_other,libero_10,32,2,7,10,7,7,7,0,520
main,validation,900,same_task_other,libero_10,32,2,8,0,8,7,7,0,520
main,validation,900,same_task_other,libero_10,32,2,9,42,9,7,7,0,520
main,validation,900,same_task_other,libero_10,32,2,10,20,10,7,7,0,520
main,validation,900,same_task_other,libero_10,32,2,11,46,11,7,7,0,520
main,validation,900,same_task_other,libero_10,32,2,12,41,12,7,7,0,520
main,validation,900,same_task_other,libero_10,32,2,13,45,13,7,7,0,520
main,validation,900,same_task_other,libero_10,32,2,14,14,14,7,7,0,520
main,validation,900,same_task_other,libero_10,32,2,15,3,15,7,7,0,520
main,validation,900,same_task_other,libero_10,32,2,16,35,16,7,7,0,520
main,validation,900,same_task_other,libero_10,32,2,17,13,17,7,7,0,520
main,validation,900,same_task_other,libero_10,32,2,18,6,18,7,7,0,520
main,validation,900,same_task_other,libero_10,32,2,19,48,19,7,7,0,520
main,validation,900,same_task_other,libero_10,32,2,20,49,20,7,7,0,520
main,validation,900,same_task_other,libero_10,32,2,21,1,21,7,7,0,520
main,validation,900,same_task_other,libero_10,32,2,22,36,22,7,7,0,520
main,validation,900,same_task_other,libero_10,32,2,23,16,23,7,7,0,520
main,validation,900,same_task_other,libero_10,32,2,24,12,24,7,7,0,520
main,validation,900,same_task_other,libero_10,32,2,25,38,25,7,7,0,520
main,validation,900,same_task_other,libero_10,32,2,26,11,26,7,7,0,520
main,validation,900,same_task_other,libero_10,32,2,27,19,27,7,7,0,520
main,validation,900,same_task_other,libero_10,32,2,28,5,28,7,7,0,520
main,validation,900,same_task_other,libero_10,32,2,29,22,29,7,7,0,520
main,validation,900,same_task_other,libero_10,32,2,30,18,30,7,7,0,520
main,validation,900,same_task_other,libero_10,32,2,31,44,31,7,7,0,520
main,validation,900,same_task_other,libero_10,32,2,32,24,32,7,7,0,520
main,validation,900,same_task_other,libero_10,32,2,33,30,33,7,7,0,520
main,validation,900,same_task_other,libero_10,32,2,34,40,34,7,7,0,520
main,validation,900,same_task_other,libero_10,32,2,35,28,35,7,7,0,520
main,validation,900,same_task_other,libero_10,32,2,36,26,36,7,7,0,520
main,validation,900,same_task_other,libero_10,32,2,37,17,37,7,7,0,520
main,validation,900,same_task_other,libero_10,32,2,38,27,38,7,7,0,520
main,validation,900,same_task_other,libero_10,32,2,39,43,39,7,7,0,520
main,validation,900,same_task_other,libero_10,32,2,40,21,40,7,7,0,520
main,validation,900,same_task_other,libero_10,32,2,41,47,41,7,7,0,520
main,validation,900,same_task_other,libero_10,32,2,42,7,42,7,7,0,520
main,validation,900,same_task_other,libero_10,32,2,43,39,43,7,7,0,520
main,validation,900,same_task_other,libero_10,32,2,44,8,44,7,7,0,520
main,validation,900,same_task_other,libero_10,32,2,45,34,45,7,7,0,520
main,validation,900,same_task_other,libero_10,32,2,46,37,46,7,7,0,520
main,validation,900,same_task_other,libero_10,32,2,47,31,47,7,7,0,520
main,validation,900,same_task_other,libero_10,32,2,48,15,48,7,7,0,520
main,validation,900,same_task_other,libero_10,32,2,49,23,49,7,7,0,520
main,validation,900,same_task_other,libero_goal,23,3,0,2,0,7,7,0,300
main,validation,900,same_task_other,libero_goal,23,3,1,30,1,7,7,0,300
main,validation,900,same_task_other,libero_goal,23,3,2,32,2,7,7,0,300
main,validation,900,same_task_other,libero_goal,23,3,3,25,3,7,7,0,300
main,validation,900,same_task_other,libero_goal,23,3,4,1,4,7,7,0,300
main,validation,900,same_task_other,libero_goal,23,3,5,45,5,7,7,0,300
main,validation,900,same_task_other,libero_goal,23,3,6,46,6,7,7,0,300
main,validation,900,same_task_other,libero_goal,23,3,7,36,7,7,7,0,300
main,validation,900,same_task_other,libero_goal,23,3,8,34,8,7,7,0,300
main,validation,900,same_task_other,libero_goal,23,3,9,19,9,7,7,0,300
main,validation,900,same_task_other,libero_goal,23,3,10,17,10,7,7,0,300
main,validation,900,same_task_other,libero_goal,23,3,11,48,11,7,7,0,300
main,validation,900,same_task_other,libero_goal,23,3,12,20,12,7,7,0,300
main,validation,900,same_task_other,libero_goal,23,3,13,47,13,7,7,0,300
main,validation,900,same_task_other,libero_goal,23,3,14,22,14,7,7,0,300
main,validation,900,same_task_other,libero_goal,23,3,15,43,15,7,7,0,300
main,validation,900,same_task_other,libero_goal,23,3,16,21,16,7,7,0,300
main,validation,900,same_task_other,libero_goal,23,3,17,26,17,7,7,0,300
main,validation,900,same_task_other,libero_goal,23,3,18,31,18,7,7,0,300
main,validation,900,same_task_other,libero_goal,23,3,19,29,19,7,7,0,300
main,validation,900,same_task_other,libero_goal,23,3,20,44,20,7,7,0,300
main,validation,900,same_task_other,libero_goal,23,3,21,49,21,7,7,0,300
main,validation,900,same_task_other,libero_goal,23,3,22,3,22,7,7,0,300
main,validation,900,same_task_other,libero_goal,23,3,23,11,23,7,7,0,300
main,validation,900,same_task_other,libero_goal,23,3,24,13,24,7,7,0,300
main,validation,900,same_task_other,libero_goal,23,3,25,28,25,7,7,0,300
main,validation,900,same_task_other,libero_goal,23,3,26,8,26,7,7,0,300
main,validation,900,same_task_other,libero_goal,23,3,27,33,27,7,7,0,300
main,validation,900,same_task_other,libero_goal,23,3,28,15,28,7,7,0,300
main,validation,900,same_task_other,libero_goal,23,3,29,40,29,7,7,0,300
main,validation,900,same_task_other,libero_goal,23,3,30,38,30,7,7,0,300
main,validation,900,same_task_other,libero_goal,23,3,31,5,31,7,7,0,300
main,validation,900,same_task_other,libero_goal,23,3,32,39,32,7,7,0,300
main,validation,900,same_task_other,libero_goal,23,3,33,6,33,7,7,0,300
main,validation,900,same_task_other,libero_goal,23,3,34,9,34,7,7,0,300
main,validation,900,same_task_other,libero_goal,23,3,35,35,35,7,7,0,300
main,validation,900,same_task_other,libero_goal,23,3,36,23,36,7,7,0,300
main,validation,900,same_task_other,libero_goal,23,3,37,16,37,7,7,0,300
main,validation,900,same_task_other,libero_goal,23,3,38,0,38,7,7,0,300
main,validation,900,same_task_other,libero_goal,23,3,39,4,39,7,7,0,300
main,validation,900,same_task_other,libero_goal,23,3,40,41,40,7,7,0,300
main,validation,900,same_task_other,libero_goal,23,3,41,24,41,7,7,0,300
main,validation,900,same_task_other,libero_goal,23,3,42,7,42,7,7,0,300
main,validation,900,same_task_other,libero_goal,23,3,43,18,43,7,7,0,300
main,validation,900,same_task_other,libero_goal,23,3,44,37,44,7,7,0,300
main,validation,900,same_task_other,libero_goal,23,3,45,12,45,7,7,0,300
main,validation,900,same_task_other,libero_goal,23,3,46,27,46,7,7,0,300
main,validation,900,same_task_other,libero_goal,23,3,47,14,47,7,7,0,300
main,validation,900,same_task_other,libero_goal,23,3,48,10,48,7,7,0,300
main,validation,900,same_task_other,libero_goal,23,3,49,42,49,7,7,0,300
main,validation,900,same_task_other,libero_goal,26,6,0,12,0,7,7,1,97
main,validation,900,same_task_other,libero_goal,26,6,1,25,1,7,7,1,92
main,validation,900,same_task_other,libero_goal,26,6,2,39,2,7,7,1,95
main,validation,900,same_task_other,libero_goal,26,6,3,1,3,7,7,1,91
main,validation,900,same_task_other,libero_goal,26,6,4,16,4,7,7,1,83
main,validation,900,same_task_other,libero_goal,26,6,5,8,5,7,7,1,100
main,validation,900,same_task_other,libero_goal,26,6,6,26,6,7,7,1,107
main,validation,900,same_task_other,libero_goal,26,6,7,7,7,7,7,1,82
main,validation,900,same_task_other,libero_goal,26,6,8,46,8,7,7,1,102
main,validation,900,same_task_other,libero_goal,26,6,9,43,9,7,7,1,91
main,validation,900,same_task_other,libero_goal,26,6,10,24,10,7,7,1,89
main,validation,900,same_task_other,libero_goal,26,6,11,27,11,7,7,1,100
main,validation,900,same_task_other,libero_goal,26,6,12,11,12,7,7,1,91
main,validation,900,same_task_other,libero_goal,26,6,13,18,13,7,7,0,300
main,validation,900,same_task_other,libero_goal,26,6,14,2,14,7,7,0,300
main,validation,900,same_task_other,libero_goal,26,6,15,37,15,7,7,1,90
main,validation,900,same_task_other,libero_goal,26,6,16,19,16,7,7,0,300
main,validation,900,same_task_other,libero_goal,26,6,17,17,17,7,7,1,97
main,validation,900,same_task_other,libero_goal,26,6,18,40,18,7,7,1,88
main,validation,900,same_task_other,libero_goal,26,6,19,3,19,7,7,1,87
main,validation,900,same_task_other,libero_goal,26,6,20,10,20,7,7,1,97
main,validation,900,same_task_other,libero_goal,26,6,21,38,21,7,7,1,101
main,validation,900,same_task_other,libero_goal,26,6,22,48,22,7,7,1,100
main,validation,900,same_task_other,libero_goal,26,6,23,44,23,7,7,1,127
main,validation,900,same_task_other,libero_goal,26,6,24,14,24,7,7,1,88
main,validation,900,same_task_other,libero_goal,26,6,25,22,25,7,7,0,300
main,validation,900,same_task_other,libero_goal,26,6,26,28,26,7,7,1,114
main,validation,900,same_task_other,libero_goal,26,6,27,41,27,7,7,1,82
main,validation,900,same_task_other,libero_goal,26,6,28,5,28,7,7,1,92
main,validation,900,same_task_other,libero_goal,26,6,29,33,29,7,7,1,87
main,validation,900,same_task_other,libero_goal,26,6,30,6,30,7,7,1,89
main,validation,900,same_task_other,libero_goal,26,6,31,29,31,7,7,0,300
main,validation,900,same_task_other,libero_goal,26,6,32,9,32,7,7,1,103
main,validation,900,same_task_other,libero_goal,26,6,33,15,33,7,7,1,76
main,validation,900,same_task_other,libero_goal,26,6,34,49,34,7,7,1,162
main,validation,900,same_task_other,libero_goal,26,6,35,30,35,7,7,1,121
main,validation,900,same_task_other,libero_goal,26,6,36,21,36,7,7,1,92
main,validation,900,same_task_other,libero_goal,26,6,37,47,37,7,7,1,106
main,validation,900,same_task_other,libero_goal,26,6,38,20,38,7,7,1,82
main,validation,900,same_task_other,libero_goal,26,6,39,13,39,7,7,1,95
main,validation,900,same_task_other,libero_goal,26,6,40,31,40,7,7,0,300
main,validation,900,same_task_other,libero_goal,26,6,41,45,41,7,7,1,99
main,validation,900,same_task_other,libero_goal,26,6,42,36,42,7,7,1,84
main,validation,900,same_task_other,libero_goal,26,6,43,34,43,7,7,1,210
main,validation,900,same_task_other,libero_goal,26,6,44,0,44,7,7,1,90
main,validation,900,same_task_other,libero_goal,26,6,45,4,45,7,7,1,94
main,validation,900,same_task_other,libero_goal,26,6,46,32,46,7,7,1,95
main,validation,900,same_task_other,libero_goal,26,6,47,42,47,7,7,0,300
main,validation,900,same_task_other,libero_goal,26,6,48,23,48,7,7,0,300
main,validation,900,same_task_other,libero_goal,26,6,49,35,49,7,7,1,98
main,validation,900,same_task_other,libero_object,11,1,0,1,0,7,7,1,242
main,validation,900,same_task_other,libero_object,11,1,1,27,1,7,7,1,151
main,validation,900,same_task_other,libero_object,11,1,2,29,2,7,7,1,150
main,validation,900,same_task_other,libero_object,11,1,3,19,3,7,7,1,135
main,validation,900,same_task_other,libero_object,11,1,4,6,4,7,7,1,138
main,validation,900,same_task_other,libero_object,11,1,5,25,5,7,7,1,132
main,validation,900,same_task_other,libero_object,11,1,6,2,6,7,7,1,184
main,validation,900,same_task_other,libero_object,11,1,7,8,7,7,7,1,112
main,validation,900,same_task_other,libero_object,11,1,8,12,8,7,7,1,130
main,validation,900,same_task_other,libero_object,11,1,9,33,9,7,7,1,128
main,validation,900,same_task_other,libero_object,11,1,10,21,10,7,7,1,264
main,validation,900,same_task_other,libero_object,11,1,11,20,11,7,7,1,108
main,validation,900,same_task_other,libero_object,11,1,12,47,12,7,7,0,280
main,validation,900,same_task_other,libero_object,11,1,13,40,13,7,7,1,195
main,validation,900,same_task_other,libero_object,11,1,14,31,14,7,7,1,257
main,validation,900,same_task_other,libero_object,11,1,15,15,15,7,7,1,118
main,validation,900,same_task_other,libero_object,11,1,16,0,16,7,7,1,153
main,validation,900,same_task_other,libero_object,11,1,17,35,17,7,7,1,143
main,validation,900,same_task_other,libero_object,11,1,18,30,18,7,7,1,241
main,validation,900,same_task_other,libero_object,11,1,19,13,19,7,7,1,127
main,validation,900,same_task_other,libero_object,11,1,20,10,20,7,7,1,240
main,validation,900,same_task_other,libero_object,11,1,21,45,21,7,7,1,227
main,validation,900,same_task_other,libero_object,11,1,22,46,22,7,7,1,134
main,validation,900,same_task_other,libero_object,11,1,23,34,23,7,7,1,115
main,validation,900,same_task_other,libero_object,11,1,24,4,24,7,7,1,117
main,validation,900,same_task_other,libero_object,11,1,25,48,25,7,7,1,117
main,validation,900,same_task_other,libero_object,11,1,26,43,26,7,7,1,120
main,validation,900,same_task_other,libero_object,11,1,27,7,27,7,7,1,191
main,validation,900,same_task_other,libero_object,11,1,28,9,28,7,7,1,221
main,validation,900,same_task_other,libero_object,11,1,29,49,29,7,7,1,139
main,validation,900,same_task_other,libero_object,11,1,30,41,30,7,7,1,181
main,validation,900,same_task_other,libero_object,11,1,31,36,31,7,7,1,192
main,validation,900,same_task_other,libero_object,11,1,32,14,32,7,7,1,123
main,validation,900,same_task_other,libero_object,11,1,33,5,33,7,7,1,121
main,validation,900,same_task_other,libero_object,11,1,34,28,34,7,7,1,142
main,validation,900,same_task_other,libero_object,11,1,35,39,35,7,7,1,148
main,validation,900,same_task_other,libero_object,11,1,36,42,36,7,7,1,126
main,validation,900,same_task_other,libero_object,11,1,37,32,37,7,7,1,171
main,validation,900,same_task_other,libero_object,11,1,38,26,38,7,7,1,205
main,validation,900,same_task_other,libero_object,11,1,39,22,39,7,7,1,138
main,validation,900,same_task_other,libero_object,11,1,40,24,40,7,7,1,132
main,validation,900,same_task_other,libero_object,11,1,41,18,41,7,7,1,129
main,validation,900,same_task_other,libero_object,11,1,42,44,42,7,7,1,117
main,validation,900,same_task_other,libero_object,11,1,43,37,43,7,7,0,280
main,validation,900,same_task_other,libero_object,11,1,44,17,44,7,7,1,129
main,validation,900,same_task_other,libero_object,11,1,45,16,45,7,7,1,124
main,validation,900,same_task_other,libero_object,11,1,46,11,46,7,7,1,125
main,validation,900,same_task_other,libero_object,11,1,47,3,47,7,7,1,121
main,validation,900,same_task_other,libero_object,11,1,48,23,48,7,7,1,203
main,validation,900,same_task_other,libero_object,11,1,49,38,49,7,7,1,272
main,validation,900,same_task_other,libero_object,13,3,0,0,0,7,7,0,280
main,validation,900,same_task_other,libero_object,13,3,1,37,1,7,7,1,125
main,validation,900,same_task_other,libero_object,13,3,2,35,2,7,7,0,280
main,validation,900,same_task_other,libero_object,13,3,3,26,3,7,7,0,280
main,validation,900,same_task_other,libero_object,13,3,4,9,4,7,7,0,280
main,validation,900,same_task_other,libero_object,13,3,5,1,5,7,7,0,280
main,validation,900,same_task_other,libero_object,13,3,6,41,6,7,7,0,280
main,validation,900,same_task_other,libero_object,13,3,7,45,7,7,7,0,280
main,validation,900,same_task_other,libero_object,13,3,8,42,8,7,7,1,167
main,validation,900,same_task_other,libero_object,13,3,9,20,9,7,7,1,127
main,validation,900,same_task_other,libero_object,13,3,10,33,10,7,7,0,280
main,validation,900,same_task_other,libero_object,13,3,11,31,11,7,7,1,116
main,validation,900,same_task_other,libero_object,13,3,12,11,12,7,7,0,280
main,validation,900,same_task_other,libero_object,13,3,13,25,13,7,7,0,280
main,validation,900,same_task_other,libero_object,13,3,14,15,14,7,7,0,280
main,validation,900,same_task_other,libero_object,13,3,15,19,15,7,7,1,122
main,validation,900,same_task_other,libero_object,13,3,16,3,16,7,7,0,280
main,validation,900,same_task_other,libero_object,13,3,17,2,17,7,7,0,280
main,validation,900,same_task_other,libero_object,13,3,18,17,18,7,7,1,111
main,validation,900,same_task_other,libero_object,13,3,19,14,19,7,7,1,177
main,validation,900,same_task_other,libero_object,13,3,20,47,20,7,7,1,133
main,validation,900,same_task_other,libero_object,13,3,21,21,21,7,7,1,135
main,validation,900,same_task_other,libero_object,13,3,22,30,22,7,7,1,113
main,validation,900,same_task_other,libero_object,13,3,23,12,23,7,7,0,280
main,validation,900,same_task_other,libero_object,13,3,24,10,24,7,7,1,123
main,validation,900,same_task_other,libero_object,13,3,25,22,25,7,7,0,280
main,validation,900,same_task_other,libero_object,13,3,26,24,26,7,7,0,280
main,validation,900,same_task_other,libero_object,13,3,27,13,27,7,7,0,280
main,validation,900,same_task_other,libero_object,13,3,28,32,28,7,7,0,280
main,validation,900,same_task_other,libero_object,13,3,29,16,29,7,7,0,280
main,validation,900,same_task_other,libero_object,13,3,30,43,30,7,7,0,280
main,validation,900,same_task_other,libero_object,13,3,31,27,31,7,7,0,280
main,validation,900,same_task_other,libero_object,13,3,32,40,32,7,7,0,280
main,validation,900,same_task_other,libero_object,13,3,33,34,33,7,7,0,280
main,validation,900,same_task_other,libero_object,13,3,34,18,34,7,7,1,121
main,validation,900,same_task_other,libero_object,13,3,35,38,35,7,7,0,280
main,validation,900,same_task_other,libero_object,13,3,36,29,36,7,7,0,280
main,validation,900,same_task_other,libero_object,13,3,37,28,37,7,7,0,280
main,validation,900,same_task_other,libero_object,13,3,38,7,38,7,7,1,136
main,validation,900,same_task_other,libero_object,13,3,39,8,39,7,7,0,280
main,validation,900,same_task_other,libero_object,13,3,40,36,40,7,7,0,280
main,validation,900,same_task_other,libero_object,13,3,41,49,41,7,7,0,280
main,validation,900,same_task_other,libero_object,13,3,42,5,42,7,7,0,280
main,validation,900,same_task_other,libero_object,13,3,43,39,43,7,7,0,280
main,validation,900,same_task_other,libero_object,13,3,44,46,44,7,7,1,142
main,validation,900,same_task_other,libero_object,13,3,45,4,45,7,7,0,280
main,validation,900,same_task_other,libero_object,13,3,46,48,46,7,7,0,280
main,validation,900,same_task_other,libero_object,13,3,47,23,47,7,7,0,280
main,validation,900,same_task_other,libero_object,13,3,48,44,48,7,7,0,280
main,validation,900,same_task_other,libero_object,13,3,49,6,49,7,7,1,238
main,validation,900,same_task_other,libero_spatial,1,1,0,18,0,7,7,0,220
main,validation,900,same_task_other,libero_spatial,1,1,1,38,1,7,7,0,220
main,validation,900,same_task_other,libero_spatial,1,1,2,6,2,7,7,0,220
main,validation,900,same_task_other,libero_spatial,1,1,3,31,3,7,7,0,220
main,validation,900,same_task_other,libero_spatial,1,1,4,19,4,7,7,0,220
main,validation,900,same_task_other,libero_spatial,1,1,5,1,5,7,7,0,220
main,validation,900,same_task_other,libero_spatial,1,1,6,7,6,7,7,0,220
main,validation,900,same_task_other,libero_spatial,1,1,7,25,7,7,7,0,220
main,validation,900,same_task_other,libero_spatial,1,1,8,21,8,7,7,0,220
main,validation,900,same_task_other,libero_spatial,1,1,9,9,9,7,7,0,220
main,validation,900,same_task_other,libero_spatial,1,1,10,11,10,7,7,0,220
main,validation,900,same_task_other,libero_spatial,1,1,11,41,11,7,7,0,220
main,validation,900,same_task_other,libero_spatial,1,1,12,3,12,7,7,0,220
main,validation,900,same_task_other,libero_spatial,1,1,13,4,13,7,7,0,220
main,validation,900,same_task_other,libero_spatial,1,1,14,35,14,7,7,0,220
main,validation,900,same_task_other,libero_spatial,1,1,15,48,15,7,7,0,220
main,validation,900,same_task_other,libero_spatial,1,1,16,0,16,7,7,0,220
main,validation,900,same_task_other,libero_spatial,1,1,17,26,17,7,7,0,220
main,validation,900,same_task_other,libero_spatial,1,1,18,23,18,7,7,0,220
main,validation,900,same_task_other,libero_spatial,1,1,19,24,19,7,7,0,220
main,validation,900,same_task_other,libero_spatial,1,1,20,44,20,7,7,0,220
main,validation,900,same_task_other,libero_spatial,1,1,21,37,21,7,7,0,220
main,validation,900,same_task_other,libero_spatial,1,1,22,5,22,7,7,0,220
main,validation,900,same_task_other,libero_spatial,1,1,23,13,23,7,7,0,220
main,validation,900,same_task_other,libero_spatial,1,1,24,34,24,7,7,0,220
main,validation,900,same_task_other,libero_spatial,1,1,25,8,25,7,7,0,220
main,validation,900,same_task_other,libero_spatial,1,1,26,17,26,7,7,0,220
main,validation,900,same_task_other,libero_spatial,1,1,27,47,27,7,7,0,220
main,validation,900,same_task_other,libero_spatial,1,1,28,39,28,7,7,0,220
main,validation,900,same_task_other,libero_spatial,1,1,29,29,29,7,7,0,220
main,validation,900,same_task_other,libero_spatial,1,1,30,14,30,7,7,0,220
main,validation,900,same_task_other,libero_spatial,1,1,31,12,31,7,7,0,220
main,validation,900,same_task_other,libero_spatial,1,1,32,49,32,7,7,0,220
main,validation,900,same_task_other,libero_spatial,1,1,33,10,33,7,7,0,220
main,validation,900,same_task_other,libero_spatial,1,1,34,20,34,7,7,0,220
main,validation,900,same_task_other,libero_spatial,1,1,35,28,35,7,7,0,220
main,validation,900,same_task_other,libero_spatial,1,1,36,15,36,7,7,0,220
main,validation,900,same_task_other,libero_spatial,1,1,37,45,37,7,7,0,220
main,validation,900,same_task_other,libero_spatial,1,1,38,2,38,7,7,0,220
main,validation,900,same_task_other,libero_spatial,1,1,39,46,39,7,7,0,220
main,validation,900,same_task_other,libero_spatial,1,1,40,32,40,7,7,0,220
main,validation,900,same_task_other,libero_spatial,1,1,41,22,41,7,7,0,220
main,validation,900,same_task_other,libero_spatial,1,1,42,43,42,7,7,0,220
main,validation,900,same_task_other,libero_spatial,1,1,43,36,43,7,7,0,220
main,validation,900,same_task_other,libero_spatial,1,1,44,40,44,7,7,0,220
main,validation,900,same_task_other,libero_spatial,1,1,45,27,45,7,7,0,220
main,validation,900,same_task_other,libero_spatial,1,1,46,33,46,7,7,0,220
main,validation,900,same_task_other,libero_spatial,1,1,47,42,47,7,7,0,220
main,validation,900,same_task_other,libero_spatial,1,1,48,16,48,7,7,0,220
main,validation,900,same_task_other,libero_spatial,1,1,49,30,49,7,7,0,220
main,validation,900,same_task_other,libero_spatial,3,3,0,19,0,7,7,1,138
main,validation,900,same_task_other,libero_spatial,3,3,1,3,1,7,7,0,220
main,validation,900,same_task_other,libero_spatial,3,3,2,10,2,7,7,1,131
main,validation,900,same_task_other,libero_spatial,3,3,3,33,3,7,7,0,220
main,validation,900,same_task_other,libero_spatial,3,3,4,24,4,7,7,1,188
main,validation,900,same_task_other,libero_spatial,3,3,5,25,5,7,7,0,220
main,validation,900,same_task_other,libero_spatial,3,3,6,31,6,7,7,0,220
main,validation,900,same_task_other,libero_spatial,3,3,7,5,7,7,7,0,220
main,validation,900,same_task_other,libero_spatial,3,3,8,0,8,7,7,0,220
main,validation,900,same_task_other,libero_spatial,3,3,9,18,9,7,7,0,220
main,validation,900,same_task_other,libero_spatial,3,3,10,38,10,7,7,0,220
main,validation,900,same_task_other,libero_spatial,3,3,11,22,11,7,7,1,144
main,validation,900,same_task_other,libero_spatial,3,3,12,16,12,7,7,0,220
main,validation,900,same_task_other,libero_spatial,3,3,13,46,13,7,7,0,220
main,validation,900,same_task_other,libero_spatial,3,3,14,41,14,7,7,0,220
main,validation,900,same_task_other,libero_spatial,3,3,15,27,15,7,7,1,104
main,validation,900,same_task_other,libero_spatial,3,3,16,11,16,7,7,0,220
main,validation,900,same_task_other,libero_spatial,3,3,17,32,17,7,7,0,220
main,validation,900,same_task_other,libero_spatial,3,3,18,36,18,7,7,0,220
main,validation,900,same_task_other,libero_spatial,3,3,19,6,19,7,7,0,220
main,validation,900,same_task_other,libero_spatial,3,3,20,23,20,7,7,1,157
main,validation,900,same_task_other,libero_spatial,3,3,21,47,21,7,7,1,108
main,validation,900,same_task_other,libero_spatial,3,3,22,45,22,7,7,0,220
main,validation,900,same_task_other,libero_spatial,3,3,23,1,23,7,7,1,154
main,validation,900,same_task_other,libero_spatial,3,3,24,20,24,7,7,1,110
main,validation,900,same_task_other,libero_spatial,3,3,25,12,25,7,7,0,220
main,validation,900,same_task_other,libero_spatial,3,3,26,49,26,7,7,0,220
main,validation,900,same_task_other,libero_spatial,3,3,27,39,27,7,7,1,180
main,validation,900,same_task_other,libero_spatial,3,3,28,37,28,7,7,0,220
main,validation,900,same_task_other,libero_spatial,3,3,29,40,29,7,7,0,220
main,validation,900,same_task_other,libero_spatial,3,3,30,26,30,7,7,1,193
main,validation,900,same_task_other,libero_spatial,3,3,31,17,31,7,7,0,220
main,validation,900,same_task_other,libero_spatial,3,3,32,21,32,7,7,0,220
main,validation,900,same_task_other,libero_spatial,3,3,33,14,33,7,7,0,220
main,validation,900,same_task_other,libero_spatial,3,3,34,48,34,7,7,0,220
main,validation,900,same_task_other,libero_spatial,3,3,35,44,35,7,7,0,220
main,validation,900,same_task_other,libero_spatial,3,3,36,34,36,7,7,0,220
main,validation,900,same_task_other,libero_spatial,3,3,37,8,37,7,7,1,112
main,validation,900,same_task_other,libero_spatial,3,3,38,42,38,7,7,1,109
main,validation,900,same_task_other,libero_spatial,3,3,39,2,39,7,7,0,220
main,validation,900,same_task_other,libero_spatial,3,3,40,13,40,7,7,0,220
main,validation,900,same_task_other,libero_spatial,3,3,41,7,41,7,7,0,220
main,validation,900,same_task_other,libero_spatial,3,3,42,9,42,7,7,0,220
main,validation,900,same_task_other,libero_spatial,3,3,43,15,43,7,7,1,201
main,validation,900,same_task_other,libero_spatial,3,3,44,43,44,7,7,0,220
main,validation,900,same_task_other,libero_spatial,3,3,45,28,45,7,7,0,220
main,validation,900,same_task_other,libero_spatial,3,3,46,35,46,7,7,0,220
main,validation,900,same_task_other,libero_spatial,3,3,47,30,47,7,7,1,179
main,validation,900,same_task_other,libero_spatial,3,3,48,29,48,7,7,0,220
main,validation,900,same_task_other,libero_spatial,3,3,49,4,49,7,7,0,220
main,validation,1200,same_task_other,libero_10,31,1,0,14,0,7,7,1,461
main,validation,1200,same_task_other,libero_10,31,1,1,26,1,7,7,0,520
main,validation,1200,same_task_other,libero_10,31,1,2,20,2,7,7,0,520
main,validation,1200,same_task_other,libero_10,31,1,3,49,3,7,7,0,520
main,validation,1200,same_task_other,libero_10,31,1,4,32,4,7,7,0,520
main,validation,1200,same_task_other,libero_10,31,1,5,35,5,7,7,1,321
main,validation,1200,same_task_other,libero_10,31,1,6,1,6,7,7,0,520
main,validation,1200,same_task_other,libero_10,31,1,7,28,7,7,7,0,520
main,validation,1200,same_task_other,libero_10,31,1,8,48,8,7,7,1,300
main,validation,1200,same_task_other,libero_10,31,1,9,12,9,7,7,0,520
main,validation,1200,same_task_other,libero_10,31,1,10,16,10,7,7,0,520
main,validation,1200,same_task_other,libero_10,31,1,11,45,11,7,7,0,520
main,validation,1200,same_task_other,libero_10,31,1,12,6,12,7,7,1,396
main,validation,1200,same_task_other,libero_10,31,1,13,10,13,7,7,0,520
main,validation,1200,same_task_other,libero_10,31,1,14,29,14,7,7,0,520
main,validation,1200,same_task_other,libero_10,31,1,15,5,15,7,7,0,520
main,validation,1200,same_task_other,libero_10,31,1,16,2,16,7,7,1,298
main,validation,1200,same_task_other,libero_10,31,1,17,0,17,7,7,0,520
main,validation,1200,same_task_other,libero_10,31,1,18,9,18,7,7,0,520
main,validation,1200,same_task_other,libero_10,31,1,19,41,19,7,7,0,520
main,validation,1200,same_task_other,libero_10,31,1,20,38,20,7,7,1,243
main,validation,1200,same_task_other,libero_10,31,1,21,40,21,7,7,0,520
main,validation,1200,same_task_other,libero_10,31,1,22,19,22,7,7,0,520
main,validation,1200,same_task_other,libero_10,31,1,23,15,23,7,7,0,520
main,validation,1200,same_task_other,libero_10,31,1,24,17,24,7,7,0,520
main,validation,1200,same_task_other,libero_10,31,1,25,24,25,7,7,1,347
main,validation,1200,same_task_other,libero_10,31,1,26,4,26,7,7,1,346
main,validation,1200,same_task_other,libero_10,31,1,27,21,27,7,7,0,520
main,validation,1200,same_task_other,libero_10,31,1,28,37,28,7,7,0,520
main,validation,1200,same_task_other,libero_10,31,1,29,42,29,7,7,0,520
main,validation,1200,same_task_other,libero_10,31,1,30,13,30,7,7,1,261
main,validation,1200,same_task_other,libero_10,31,1,31,39,31,7,7,0,520
main,validation,1200,same_task_other,libero_10,31,1,32,8,32,7,7,0,520
main,validation,1200,same_task_other,libero_10,31,1,33,7,33,7,7,0,520
main,validation,1200,same_task_other,libero_10,31,1,34,30,34,7,7,1,397
main,validation,1200,same_task_other,libero_10,31,1,35,33,35,7,7,0,520
main,validation,1200,same_task_other,libero_10,31,1,36,27,36,7,7,0,520
main,validation,1200,same_task_other,libero_10,31,1,37,34,37,7,7,0,520
main,validation,1200,same_task_other,libero_10,31,1,38,23,38,7,7,1,484
main,validation,1200,same_task_other,libero_10,31,1,39,44,39,7,7,0,520
main,validation,1200,same_task_other,libero_10,31,1,40,3,40,7,7,0,520
main,validation,1200,same_task_other,libero_10,31,1,41,43,41,7,7,1,268
main,validation,1200,same_task_other,libero_10,31,1,42,11,42,7,7,0,520
main,validation,1200,same_task_other,libero_10,31,1,43,36,43,7,7,0,520
main,validation,1200,same_task_other,libero_10,31,1,44,31,44,7,7,0,520
main,validation,1200,same_task_other,libero_10,31,1,45,25,45,7,7,0,520
main,validation,1200,same_task_other,libero_10,31,1,46,22,46,7,7,1,453
main,validation,1200,same_task_other,libero_10,31,1,47,47,47,7,7,1,319
main,validation,1200,same_task_other,libero_10,31,1,48,46,48,7,7,1,262
main,validation,1200,same_task_other,libero_10,31,1,49,18,49,7,7,1,372
main,validation,1200,same_task_other,libero_10,32,2,0,33,0,7,7,0,520
main,validation,1200,same_task_other,libero_10,32,2,1,2,1,7,7,0,520
main,validation,1200,same_task_other,libero_10,32,2,2,29,2,7,7,0,520
main,validation,1200,same_task_other,libero_10,32,2,3,25,3,7,7,0,520
main,validation,1200,same_task_other,libero_10,32,2,4,4,4,7,7,1,427
main,validation,1200,same_task_other,libero_10,32,2,5,9,5,7,7,0,520
main,validation,1200,same_task_other,libero_10,32,2,6,32,6,7,7,0,520
main,validation,1200,same_task_other,libero_10,32,2,7,10,7,7,7,0,520
main,validation,1200,same_task_other,libero_10,32,2,8,0,8,7,7,0,520
main,validation,1200,same_task_other,libero_10,32,2,9,42,9,7,7,0,520
main,validation,1200,same_task_other,libero_10,32,2,10,20,10,7,7,0,520
main,validation,1200,same_task_other,libero_10,32,2,11,46,11,7,7,0,520
main,validation,1200,same_task_other,libero_10,32,2,12,41,12,7,7,0,520
main,validation,1200,same_task_other,libero_10,32,2,13,45,13,7,7,0,520
main,validation,1200,same_task_other,libero_10,32,2,14,14,14,7,7,0,520
main,validation,1200,same_task_other,libero_10,32,2,15,3,15,7,7,0,520
main,validation,1200,same_task_other,libero_10,32,2,16,35,16,7,7,0,520
main,validation,1200,same_task_other,libero_10,32,2,17,13,17,7,7,0,520
main,validation,1200,same_task_other,libero_10,32,2,18,6,18,7,7,0,520
main,validation,1200,same_task_other,libero_10,32,2,19,48,19,7,7,0,520
main,validation,1200,same_task_other,libero_10,32,2,20,49,20,7,7,0,520
main,validation,1200,same_task_other,libero_10,32,2,21,1,21,7,7,0,520
main,validation,1200,same_task_other,libero_10,32,2,22,36,22,7,7,0,520
main,validation,1200,same_task_other,libero_10,32,2,23,16,23,7,7,0,520
main,validation,1200,same_task_other,libero_10,32,2,24,12,24,7,7,0,520
main,validation,1200,same_task_other,libero_10,32,2,25,38,25,7,7,0,520
main,validation,1200,same_task_other,libero_10,32,2,26,11,26,7,7,0,520
main,validation,1200,same_task_other,libero_10,32,2,27,19,27,7,7,0,520
main,validation,1200,same_task_other,libero_10,32,2,28,5,28,7,7,0,520
main,validation,1200,same_task_other,libero_10,32,2,29,22,29,7,7,0,520
main,validation,1200,same_task_other,libero_10,32,2,30,18,30,7,7,0,520
main,validation,1200,same_task_other,libero_10,32,2,31,44,31,7,7,0,520
main,validation,1200,same_task_other,libero_10,32,2,32,24,32,7,7,0,520
main,validation,1200,same_task_other,libero_10,32,2,33,30,33,7,7,0,520
main,validation,1200,same_task_other,libero_10,32,2,34,40,34,7,7,0,520
main,validation,1200,same_task_other,libero_10,32,2,35,28,35,7,7,0,520
main,validation,1200,same_task_other,libero_10,32,2,36,26,36,7,7,0,520
main,validation,1200,same_task_other,libero_10,32,2,37,17,37,7,7,0,520
main,validation,1200,same_task_other,libero_10,32,2,38,27,38,7,7,0,520
main,validation,1200,same_task_other,libero_10,32,2,39,43,39,7,7,0,520
main,validation,1200,same_task_other,libero_10,32,2,40,21,40,7,7,0,520
main,validation,1200,same_task_other,libero_10,32,2,41,47,41,7,7,0,520
main,validation,1200,same_task_other,libero_10,32,2,42,7,42,7,7,0,520
main,validation,1200,same_task_other,libero_10,32,2,43,39,43,7,7,0,520
main,validation,1200,same_task_other,libero_10,32,2,44,8,44,7,7,0,520
main,validation,1200,same_task_other,libero_10,32,2,45,34,45,7,7,0,520
main,validation,1200,same_task_other,libero_10,32,2,46,37,46,7,7,0,520
main,validation,1200,same_task_other,libero_10,32,2,47,31,47,7,7,0,520
main,validation,1200,same_task_other,libero_10,32,2,48,15,48,7,7,0,520
main,validation,1200,same_task_other,libero_10,32,2,49,23,49,7,7,0,520
main,validation,1200,same_task_other,libero_goal,23,3,0,2,0,7,7,0,300
main,validation,1200,same_task_other,libero_goal,23,3,1,30,1,7,7,0,300
main,validation,1200,same_task_other,libero_goal,23,3,2,32,2,7,7,0,300
main,validation,1200,same_task_other,libero_goal,23,3,3,25,3,7,7,0,300
main,validation,1200,same_task_other,libero_goal,23,3,4,1,4,7,7,0,300
main,validation,1200,same_task_other,libero_goal,23,3,5,45,5,7,7,0,300
main,validation,1200,same_task_other,libero_goal,23,3,6,46,6,7,7,0,300
main,validation,1200,same_task_other,libero_goal,23,3,7,36,7,7,7,0,300
main,validation,1200,same_task_other,libero_goal,23,3,8,34,8,7,7,0,300
main,validation,1200,same_task_other,libero_goal,23,3,9,19,9,7,7,0,300
main,validation,1200,same_task_other,libero_goal,23,3,10,17,10,7,7,0,300
main,validation,1200,same_task_other,libero_goal,23,3,11,48,11,7,7,0,300
main,validation,1200,same_task_other,libero_goal,23,3,12,20,12,7,7,0,300
main,validation,1200,same_task_other,libero_goal,23,3,13,47,13,7,7,0,300
main,validation,1200,same_task_other,libero_goal,23,3,14,22,14,7,7,0,300
main,validation,1200,same_task_other,libero_goal,23,3,15,43,15,7,7,0,300
main,validation,1200,same_task_other,libero_goal,23,3,16,21,16,7,7,0,300
main,validation,1200,same_task_other,libero_goal,23,3,17,26,17,7,7,0,300
main,validation,1200,same_task_other,libero_goal,23,3,18,31,18,7,7,0,300
main,validation,1200,same_task_other,libero_goal,23,3,19,29,19,7,7,0,300
main,validation,1200,same_task_other,libero_goal,23,3,20,44,20,7,7,0,300
main,validation,1200,same_task_other,libero_goal,23,3,21,49,21,7,7,0,300
main,validation,1200,same_task_other,libero_goal,23,3,22,3,22,7,7,0,300
main,validation,1200,same_task_other,libero_goal,23,3,23,11,23,7,7,0,300
main,validation,1200,same_task_other,libero_goal,23,3,24,13,24,7,7,0,300
main,validation,1200,same_task_other,libero_goal,23,3,25,28,25,7,7,0,300
main,validation,1200,same_task_other,libero_goal,23,3,26,8,26,7,7,0,300
main,validation,1200,same_task_other,libero_goal,23,3,27,33,27,7,7,0,300
main,validation,1200,same_task_other,libero_goal,23,3,28,15,28,7,7,0,300
main,validation,1200,same_task_other,libero_goal,23,3,29,40,29,7,7,0,300
main,validation,1200,same_task_other,libero_goal,23,3,30,38,30,7,7,0,300
main,validation,1200,same_task_other,libero_goal,23,3,31,5,31,7,7,0,300
main,validation,1200,same_task_other,libero_goal,23,3,32,39,32,7,7,0,300
main,validation,1200,same_task_other,libero_goal,23,3,33,6,33,7,7,0,300
main,validation,1200,same_task_other,libero_goal,23,3,34,9,34,7,7,0,300
main,validation,1200,same_task_other,libero_goal,23,3,35,35,35,7,7,0,300
main,validation,1200,same_task_other,libero_goal,23,3,36,23,36,7,7,0,300
main,validation,1200,same_task_other,libero_goal,23,3,37,16,37,7,7,0,300
main,validation,1200,same_task_other,libero_goal,23,3,38,0,38,7,7,0,300
main,validation,1200,same_task_other,libero_goal,23,3,39,4,39,7,7,0,300
main,validation,1200,same_task_other,libero_goal,23,3,40,41,40,7,7,0,300
main,validation,1200,same_task_other,libero_goal,23,3,41,24,41,7,7,0,300
main,validation,1200,same_task_other,libero_goal,23,3,42,7,42,7,7,0,300
main,validation,1200,same_task_other,libero_goal,23,3,43,18,43,7,7,0,300
main,validation,1200,same_task_other,libero_goal,23,3,44,37,44,7,7,0,300
main,validation,1200,same_task_other,libero_goal,23,3,45,12,45,7,7,0,300
main,validation,1200,same_task_other,libero_goal,23,3,46,27,46,7,7,0,300
main,validation,1200,same_task_other,libero_goal,23,3,47,14,47,7,7,0,300
main,validation,1200,same_task_other,libero_goal,23,3,48,10,48,7,7,0,300
main,validation,1200,same_task_other,libero_goal,23,3,49,42,49,7,7,0,300
main,validation,1200,same_task_other,libero_goal,26,6,0,12,0,7,7,1,106
main,validation,1200,same_task_other,libero_goal,26,6,1,25,1,7,7,1,112
main,validation,1200,same_task_other,libero_goal,26,6,2,39,2,7,7,1,112
main,validation,1200,same_task_other,libero_goal,26,6,3,1,3,7,7,1,103
main,validation,1200,same_task_other,libero_goal,26,6,4,16,4,7,7,1,101
main,validation,1200,same_task_other,libero_goal,26,6,5,8,5,7,7,1,114
main,validation,1200,same_task_other,libero_goal,26,6,6,26,6,7,7,1,114
main,validation,1200,same_task_other,libero_goal,26,6,7,7,7,7,7,1,91
main,validation,1200,same_task_other,libero_goal,26,6,8,46,8,7,7,1,107
main,validation,1200,same_task_other,libero_goal,26,6,9,43,9,7,7,1,97
main,validation,1200,same_task_other,libero_goal,26,6,10,24,10,7,7,1,101
main,validation,1200,same_task_other,libero_goal,26,6,11,27,11,7,7,1,101
main,validation,1200,same_task_other,libero_goal,26,6,12,11,12,7,7,1,103
main,validation,1200,same_task_other,libero_goal,26,6,13,18,13,7,7,1,95
main,validation,1200,same_task_other,libero_goal,26,6,14,2,14,7,7,1,96
main,validation,1200,same_task_other,libero_goal,26,6,15,37,15,7,7,1,97
main,validation,1200,same_task_other,libero_goal,26,6,16,19,16,7,7,1,96
main,validation,1200,same_task_other,libero_goal,26,6,17,17,17,7,7,1,99
main,validation,1200,same_task_other,libero_goal,26,6,18,40,18,7,7,1,98
main,validation,1200,same_task_other,libero_goal,26,6,19,3,19,7,7,1,93
main,validation,1200,same_task_other,libero_goal,26,6,20,10,20,7,7,0,300
main,validation,1200,same_task_other,libero_goal,26,6,21,38,21,7,7,1,105
main,validation,1200,same_task_other,libero_goal,26,6,22,48,22,7,7,1,111
main,validation,1200,same_task_other,libero_goal,26,6,23,44,23,7,7,1,122
main,validation,1200,same_task_other,libero_goal,26,6,24,14,24,7,7,1,94
main,validation,1200,same_task_other,libero_goal,26,6,25,22,25,7,7,1,97
main,validation,1200,same_task_other,libero_goal,26,6,26,28,26,7,7,1,287
main,validation,1200,same_task_other,libero_goal,26,6,27,41,27,7,7,1,92
main,validation,1200,same_task_other,libero_goal,26,6,28,5,28,7,7,1,95
main,validation,1200,same_task_other,libero_goal,26,6,29,33,29,7,7,1,97
main,validation,1200,same_task_other,libero_goal,26,6,30,6,30,7,7,1,96
main,validation,1200,same_task_other,libero_goal,26,6,31,29,31,7,7,0,300
main,validation,1200,same_task_other,libero_goal,26,6,32,9,32,7,7,0,300
main,validation,1200,same_task_other,libero_goal,26,6,33,15,33,7,7,1,92
main,validation,1200,same_task_other,libero_goal,26,6,34,49,34,7,7,1,95
main,validation,1200,same_task_other,libero_goal,26,6,35,30,35,7,7,1,125
main,validation,1200,same_task_other,libero_goal,26,6,36,21,36,7,7,1,107
main,validation,1200,same_task_other,libero_goal,26,6,37,47,37,7,7,1,119
main,validation,1200,same_task_other,libero_goal,26,6,38,20,38,7,7,1,90
main,validation,1200,same_task_other,libero_goal,26,6,39,13,39,7,7,0,300
main,validation,1200,same_task_other,libero_goal,26,6,40,31,40,7,7,1,111
main,validation,1200,same_task_other,libero_goal,26,6,41,45,41,7,7,1,111
main,validation,1200,same_task_other,libero_goal,26,6,42,36,42,7,7,1,89
main,validation,1200,same_task_other,libero_goal,26,6,43,34,43,7,7,1,100
main,validation,1200,same_task_other,libero_goal,26,6,44,0,44,7,7,1,102
main,validation,1200,same_task_other,libero_goal,26,6,45,4,45,7,7,1,102
main,validation,1200,same_task_other,libero_goal,26,6,46,32,46,7,7,1,107
main,validation,1200,same_task_other,libero_goal,26,6,47,42,47,7,7,1,77
main,validation,1200,same_task_other,libero_goal,26,6,48,23,48,7,7,0,300
main,validation,1200,same_task_other,libero_goal,26,6,49,35,49,7,7,1,100
main,validation,1200,same_task_other,libero_object,11,1,0,1,0,7,7,0,280
main,validation,1200,same_task_other,libero_object,11,1,1,27,1,7,7,1,130
main,validation,1200,same_task_other,libero_object,11,1,2,29,2,7,7,1,233
main,validation,1200,same_task_other,libero_object,11,1,3,19,3,7,7,1,122
main,validation,1200,same_task_other,libero_object,11,1,4,6,4,7,7,1,118
main,validation,1200,same_task_other,libero_object,11,1,5,25,5,7,7,1,130
main,validation,1200,same_task_other,libero_object,11,1,6,2,6,7,7,1,131
main,validation,1200,same_task_other,libero_object,11,1,7,8,7,7,7,1,111
main,validation,1200,same_task_other,libero_object,11,1,8,12,8,7,7,1,128
main,validation,1200,same_task_other,libero_object,11,1,9,33,9,7,7,1,199
main,validation,1200,same_task_other,libero_object,11,1,10,21,10,7,7,0,280
main,validation,1200,same_task_other,libero_object,11,1,11,20,11,7,7,1,107
main,validation,1200,same_task_other,libero_object,11,1,12,47,12,7,7,0,280
main,validation,1200,same_task_other,libero_object,11,1,13,40,13,7,7,1,172
main,validation,1200,same_task_other,libero_object,11,1,14,31,14,7,7,1,142
main,validation,1200,same_task_other,libero_object,11,1,15,15,15,7,7,1,198
main,validation,1200,same_task_other,libero_object,11,1,16,0,16,7,7,1,151
main,validation,1200,same_task_other,libero_object,11,1,17,35,17,7,7,1,162
main,validation,1200,same_task_other,libero_object,11,1,18,30,18,7,7,1,203
main,validation,1200,same_task_other,libero_object,11,1,19,13,19,7,7,1,113
main,validation,1200,same_task_other,libero_object,11,1,20,10,20,7,7,0,280
main,validation,1200,same_task_other,libero_object,11,1,21,45,21,7,7,0,280
main,validation,1200,same_task_other,libero_object,11,1,22,46,22,7,7,1,117
main,validation,1200,same_task_other,libero_object,11,1,23,34,23,7,7,1,116
main,validation,1200,same_task_other,libero_object,11,1,24,4,24,7,7,1,117
main,validation,1200,same_task_other,libero_object,11,1,25,48,25,7,7,1,117
main,validation,1200,same_task_other,libero_object,11,1,26,43,26,7,7,1,190
main,validation,1200,same_task_other,libero_object,11,1,27,7,27,7,7,1,123
main,validation,1200,same_task_other,libero_object,11,1,28,9,28,7,7,1,123
main,validation,1200,same_task_other,libero_object,11,1,29,49,29,7,7,1,135
main,validation,1200,same_task_other,libero_object,11,1,30,41,30,7,7,1,189
main,validation,1200,same_task_other,libero_object,11,1,31,36,31,7,7,1,159
main,validation,1200,same_task_other,libero_object,11,1,32,14,32,7,7,0,280
main,validation,1200,same_task_other,libero_object,11,1,33,5,33,7,7,1,138
main,validation,1200,same_task_other,libero_object,11,1,34,28,34,7,7,1,132
main,validation,1200,same_task_other,libero_object,11,1,35,39,35,7,7,1,131
main,validation,1200,same_task_other,libero_object,11,1,36,42,36,7,7,1,124
main,validation,1200,same_task_other,libero_object,11,1,37,32,37,7,7,1,126
main,validation,1200,same_task_other,libero_object,11,1,38,26,38,7,7,1,213
main,validation,1200,same_task_other,libero_object,11,1,39,22,39,7,7,1,119
main,validation,1200,same_task_other,libero_object,11,1,40,24,40,7,7,1,136
main,validation,1200,same_task_other,libero_object,11,1,41,18,41,7,7,1,113
main,validation,1200,same_task_other,libero_object,11,1,42,44,42,7,7,1,117
main,validation,1200,same_task_other,libero_object,11,1,43,37,43,7,7,1,187
main,validation,1200,same_task_other,libero_object,11,1,44,17,44,7,7,1,122
main,validation,1200,same_task_other,libero_object,11,1,45,16,45,7,7,1,123
main,validation,1200,same_task_other,libero_object,11,1,46,11,46,7,7,1,103
main,validation,1200,same_task_other,libero_object,11,1,47,3,47,7,7,1,140
main,validation,1200,same_task_other,libero_object,11,1,48,23,48,7,7,1,181
main,validation,1200,same_task_other,libero_object,11,1,49,38,49,7,7,1,142
main,validation,1200,same_task_other,libero_object,13,3,0,0,0,7,7,1,122
main,validation,1200,same_task_other,libero_object,13,3,1,37,1,7,7,0,280
main,validation,1200,same_task_other,libero_object,13,3,2,35,2,7,7,0,280
main,validation,1200,same_task_other,libero_object,13,3,3,26,3,7,7,0,280
main,validation,1200,same_task_other,libero_object,13,3,4,9,4,7,7,1,132
main,validation,1200,same_task_other,libero_object,13,3,5,1,5,7,7,1,132
main,validation,1200,same_task_other,libero_object,13,3,6,41,6,7,7,0,280
main,validation,1200,same_task_other,libero_object,13,3,7,45,7,7,7,0,280
main,validation,1200,same_task_other,libero_object,13,3,8,42,8,7,7,0,280
main,validation,1200,same_task_other,libero_object,13,3,9,20,9,7,7,1,183
main,validation,1200,same_task_other,libero_object,13,3,10,33,10,7,7,1,116
main,validation,1200,same_task_other,libero_object,13,3,11,31,11,7,7,1,127
main,validation,1200,same_task_other,libero_object,13,3,12,11,12,7,7,1,132
main,validation,1200,same_task_other,libero_object,13,3,13,25,13,7,7,0,280
main,validation,1200,same_task_other,libero_object,13,3,14,15,14,7,7,1,120
main,validation,1200,same_task_other,libero_object,13,3,15,19,15,7,7,0,280
main,validation,1200,same_task_other,libero_object,13,3,16,3,16,7,7,1,123
main,validation,1200,same_task_other,libero_object,13,3,17,2,17,7,7,1,136
main,validation,1200,same_task_other,libero_object,13,3,18,17,18,7,7,1,120
main,validation,1200,same_task_other,libero_object,13,3,19,14,19,7,7,0,280
main,validation,1200,same_task_other,libero_object,13,3,20,47,20,7,7,0,280
main,validation,1200,same_task_other,libero_object,13,3,21,21,21,7,7,0,280
main,validation,1200,same_task_other,libero_object,13,3,22,30,22,7,7,1,161
main,validation,1200,same_task_other,libero_object,13,3,23,12,23,7,7,0,280
main,validation,1200,same_task_other,libero_object,13,3,24,10,24,7,7,1,122
main,validation,1200,same_task_other,libero_object,13,3,25,22,25,7,7,0,280
main,validation,1200,same_task_other,libero_object,13,3,26,24,26,7,7,1,111
main,validation,1200,same_task_other,libero_object,13,3,27,13,27,7,7,0,280
main,validation,1200,same_task_other,libero_object,13,3,28,32,28,7,7,0,280
main,validation,1200,same_task_other,libero_object,13,3,29,16,29,7,7,1,124
main,validation,1200,same_task_other,libero_object,13,3,30,43,30,7,7,0,280
main,validation,1200,same_task_other,libero_object,13,3,31,27,31,7,7,1,115
main,validation,1200,same_task_other,libero_object,13,3,32,40,32,7,7,1,116
main,validation,1200,same_task_other,libero_object,13,3,33,34,33,7,7,1,106
main,validation,1200,same_task_other,libero_object,13,3,34,18,34,7,7,1,145
main,validation,1200,same_task_other,libero_object,13,3,35,38,35,7,7,0,280
main,validation,1200,same_task_other,libero_object,13,3,36,29,36,7,7,1,121
main,validation,1200,same_task_other,libero_object,13,3,37,28,37,7,7,0,280
main,validation,1200,same_task_other,libero_object,13,3,38,7,38,7,7,0,280
main,validation,1200,same_task_other,libero_object,13,3,39,8,39,7,7,0,280
main,validation,1200,same_task_other,libero_object,13,3,40,36,40,7,7,0,280
main,validation,1200,same_task_other,libero_object,13,3,41,49,41,7,7,1,102
main,validation,1200,same_task_other,libero_object,13,3,42,5,42,7,7,0,280
main,validation,1200,same_task_other,libero_object,13,3,43,39,43,7,7,0,280
main,validation,1200,same_task_other,libero_object,13,3,44,46,44,7,7,0,280
main,validation,1200,same_task_other,libero_object,13,3,45,4,45,7,7,1,202
main,validation,1200,same_task_other,libero_object,13,3,46,48,46,7,7,1,121
main,validation,1200,same_task_other,libero_object,13,3,47,23,47,7,7,0,280
main,validation,1200,same_task_other,libero_object,13,3,48,44,48,7,7,0,280
main,validation,1200,same_task_other,libero_object,13,3,49,6,49,7,7,0,280
main,validation,1200,same_task_other,libero_spatial,1,1,0,18,0,7,7,0,220
main,validation,1200,same_task_other,libero_spatial,1,1,1,38,1,7,7,0,220
main,validation,1200,same_task_other,libero_spatial,1,1,2,6,2,7,7,0,220
main,validation,1200,same_task_other,libero_spatial,1,1,3,31,3,7,7,0,220
main,validation,1200,same_task_other,libero_spatial,1,1,4,19,4,7,7,0,220
main,validation,1200,same_task_other,libero_spatial,1,1,5,1,5,7,7,0,220
main,validation,1200,same_task_other,libero_spatial,1,1,6,7,6,7,7,0,220
main,validation,1200,same_task_other,libero_spatial,1,1,7,25,7,7,7,0,220
main,validation,1200,same_task_other,libero_spatial,1,1,8,21,8,7,7,0,220
main,validation,1200,same_task_other,libero_spatial,1,1,9,9,9,7,7,0,220
main,validation,1200,same_task_other,libero_spatial,1,1,10,11,10,7,7,0,220
main,validation,1200,same_task_other,libero_spatial,1,1,11,41,11,7,7,0,220
main,validation,1200,same_task_other,libero_spatial,1,1,12,3,12,7,7,0,220
main,validation,1200,same_task_other,libero_spatial,1,1,13,4,13,7,7,0,220
main,validation,1200,same_task_other,libero_spatial,1,1,14,35,14,7,7,0,220
main,validation,1200,same_task_other,libero_spatial,1,1,15,48,15,7,7,0,220
main,validation,1200,same_task_other,libero_spatial,1,1,16,0,16,7,7,0,220
main,validation,1200,same_task_other,libero_spatial,1,1,17,26,17,7,7,0,220
main,validation,1200,same_task_other,libero_spatial,1,1,18,23,18,7,7,0,220
main,validation,1200,same_task_other,libero_spatial,1,1,19,24,19,7,7,0,220
main,validation,1200,same_task_other,libero_spatial,1,1,20,44,20,7,7,0,220
main,validation,1200,same_task_other,libero_spatial,1,1,21,37,21,7,7,0,220
main,validation,1200,same_task_other,libero_spatial,1,1,22,5,22,7,7,0,220
main,validation,1200,same_task_other,libero_spatial,1,1,23,13,23,7,7,0,220
main,validation,1200,same_task_other,libero_spatial,1,1,24,34,24,7,7,0,220
main,validation,1200,same_task_other,libero_spatial,1,1,25,8,25,7,7,0,220
main,validation,1200,same_task_other,libero_spatial,1,1,26,17,26,7,7,0,220
main,validation,1200,same_task_other,libero_spatial,1,1,27,47,27,7,7,0,220
main,validation,1200,same_task_other,libero_spatial,1,1,28,39,28,7,7,0,220
main,validation,1200,same_task_other,libero_spatial,1,1,29,29,29,7,7,0,220
main,validation,1200,same_task_other,libero_spatial,1,1,30,14,30,7,7,0,220
main,validation,1200,same_task_other,libero_spatial,1,1,31,12,31,7,7,0,220
main,validation,1200,same_task_other,libero_spatial,1,1,32,49,32,7,7,0,220
main,validation,1200,same_task_other,libero_spatial,1,1,33,10,33,7,7,0,220
main,validation,1200,same_task_other,libero_spatial,1,1,34,20,34,7,7,0,220
main,validation,1200,same_task_other,libero_spatial,1,1,35,28,35,7,7,0,220
main,validation,1200,same_task_other,libero_spatial,1,1,36,15,36,7,7,0,220
main,validation,1200,same_task_other,libero_spatial,1,1,37,45,37,7,7,0,220
main,validation,1200,same_task_other,libero_spatial,1,1,38,2,38,7,7,0,220
main,validation,1200,same_task_other,libero_spatial,1,1,39,46,39,7,7,0,220
main,validation,1200,same_task_other,libero_spatial,1,1,40,32,40,7,7,0,220
main,validation,1200,same_task_other,libero_spatial,1,1,41,22,41,7,7,0,220
main,validation,1200,same_task_other,libero_spatial,1,1,42,43,42,7,7,0,220
main,validation,1200,same_task_other,libero_spatial,1,1,43,36,43,7,7,0,220
main,validation,1200,same_task_other,libero_spatial,1,1,44,40,44,7,7,0,220
main,validation,1200,same_task_other,libero_spatial,1,1,45,27,45,7,7,0,220
main,validation,1200,same_task_other,libero_spatial,1,1,46,33,46,7,7,0,220
main,validation,1200,same_task_other,libero_spatial,1,1,47,42,47,7,7,0,220
main,validation,1200,same_task_other,libero_spatial,1,1,48,16,48,7,7,0,220
main,validation,1200,same_task_other,libero_spatial,1,1,49,30,49,7,7,0,220
main,validation,1200,same_task_other,libero_spatial,3,3,0,19,0,7,7,0,220
main,validation,1200,same_task_other,libero_spatial,3,3,1,3,1,7,7,1,107
main,validation,1200,same_task_other,libero_spatial,3,3,2,10,2,7,7,1,100
main,validation,1200,same_task_other,libero_spatial,3,3,3,33,3,7,7,1,98
main,validation,1200,same_task_other,libero_spatial,3,3,4,24,4,7,7,0,220
main,validation,1200,same_task_other,libero_spatial,3,3,5,25,5,7,7,0,220
main,validation,1200,same_task_other,libero_spatial,3,3,6,31,6,7,7,0,220
main,validation,1200,same_task_other,libero_spatial,3,3,7,5,7,7,7,1,97
main,validation,1200,same_task_other,libero_spatial,3,3,8,0,8,7,7,0,220
main,validation,1200,same_task_other,libero_spatial,3,3,9,18,9,7,7,1,114
main,validation,1200,same_task_other,libero_spatial,3,3,10,38,10,7,7,1,113
main,validation,1200,same_task_other,libero_spatial,3,3,11,22,11,7,7,1,96
main,validation,1200,same_task_other,libero_spatial,3,3,12,16,12,7,7,1,119
main,validation,1200,same_task_other,libero_spatial,3,3,13,46,13,7,7,0,220
main,validation,1200,same_task_other,libero_spatial,3,3,14,41,14,7,7,1,92
main,validation,1200,same_task_other,libero_spatial,3,3,15,27,15,7,7,1,86
main,validation,1200,same_task_other,libero_spatial,3,3,16,11,16,7,7,0,220
main,validation,1200,same_task_other,libero_spatial,3,3,17,32,17,7,7,1,104
main,validation,1200,same_task_other,libero_spatial,3,3,18,36,18,7,7,1,114
main,validation,1200,same_task_other,libero_spatial,3,3,19,6,19,7,7,1,91
main,validation,1200,same_task_other,libero_spatial,3,3,20,23,20,7,7,1,133
main,validation,1200,same_task_other,libero_spatial,3,3,21,47,21,7,7,1,134
main,validation,1200,same_task_other,libero_spatial,3,3,22,45,22,7,7,0,220
main,validation,1200,same_task_other,libero_spatial,3,3,23,1,23,7,7,0,220
main,validation,1200,same_task_other,libero_spatial,3,3,24,20,24,7,7,1,102
main,validation,1200,same_task_other,libero_spatial,3,3,25,12,25,7,7,0,220
main,validation,1200,same_task_other,libero_spatial,3,3,26,49,26,7,7,1,103
main,validation,1200,same_task_other,libero_spatial,3,3,27,39,27,7,7,1,166
main,validation,1200,same_task_other,libero_spatial,3,3,28,37,28,7,7,1,145
main,validation,1200,same_task_other,libero_spatial,3,3,29,40,29,7,7,1,96
main,validation,1200,same_task_other,libero_spatial,3,3,30,26,30,7,7,0,220
main,validation,1200,same_task_other,libero_spatial,3,3,31,17,31,7,7,1,142
main,validation,1200,same_task_other,libero_spatial,3,3,32,21,32,7,7,1,76
main,validation,1200,same_task_other,libero_spatial,3,3,33,14,33,7,7,0,220
main,validation,1200,same_task_other,libero_spatial,3,3,34,48,34,7,7,0,220
main,validation,1200,same_task_other,libero_spatial,3,3,35,44,35,7,7,0,220
main,validation,1200,same_task_other,libero_spatial,3,3,36,34,36,7,7,0,220
main,validation,1200,same_task_other,libero_spatial,3,3,37,8,37,7,7,1,106
main,validation,1200,same_task_other,libero_spatial,3,3,38,42,38,7,7,1,94
main,validation,1200,same_task_other,libero_spatial,3,3,39,2,39,7,7,1,91
main,validation,1200,same_task_other,libero_spatial,3,3,40,13,40,7,7,0,220
main,validation,1200,same_task_other,libero_spatial,3,3,41,7,41,7,7,0,220
main,validation,1200,same_task_other,libero_spatial,3,3,42,9,42,7,7,1,107
main,validation,1200,same_task_other,libero_spatial,3,3,43,15,43,7,7,1,94
main,validation,1200,same_task_other,libero_spatial,3,3,44,43,44,7,7,0,220
main,validation,1200,same_task_other,libero_spatial,3,3,45,28,45,7,7,1,91
main,validation,1200,same_task_other,libero_spatial,3,3,46,35,46,7,7,0,220
main,validation,1200,same_task_other,libero_spatial,3,3,47,30,47,7,7,1,173
main,validation,1200,same_task_other,libero_spatial,3,3,48,29,48,7,7,0,220
main,validation,1200,same_task_other,libero_spatial,3,3,49,4,49,7,7,1,105
main,validation,1500,same_task_other,libero_10,31,1,0,14,0,7,7,1,489
main,validation,1500,same_task_other,libero_10,31,1,1,26,1,7,7,0,520
main,validation,1500,same_task_other,libero_10,31,1,2,20,2,7,7,1,387
main,validation,1500,same_task_other,libero_10,31,1,3,49,3,7,7,1,377
main,validation,1500,same_task_other,libero_10,31,1,4,32,4,7,7,0,520
main,validation,1500,same_task_other,libero_10,31,1,5,35,5,7,7,0,520
main,validation,1500,same_task_other,libero_10,31,1,6,1,6,7,7,0,520
main,validation,1500,same_task_other,libero_10,31,1,7,28,7,7,7,0,520
main,validation,1500,same_task_other,libero_10,31,1,8,48,8,7,7,1,342
main,validation,1500,same_task_other,libero_10,31,1,9,12,9,7,7,0,520
main,validation,1500,same_task_other,libero_10,31,1,10,16,10,7,7,1,293
main,validation,1500,same_task_other,libero_10,31,1,11,45,11,7,7,0,520
main,validation,1500,same_task_other,libero_10,31,1,12,6,12,7,7,1,440
main,validation,1500,same_task_other,libero_10,31,1,13,10,13,7,7,1,283
main,validation,1500,same_task_other,libero_10,31,1,14,29,14,7,7,1,439
main,validation,1500,same_task_other,libero_10,31,1,15,5,15,7,7,0,520
main,validation,1500,same_task_other,libero_10,31,1,16,2,16,7,7,1,281
main,validation,1500,same_task_other,libero_10,31,1,17,0,17,7,7,0,520
main,validation,1500,same_task_other,libero_10,31,1,18,9,18,7,7,0,520
main,validation,1500,same_task_other,libero_10,31,1,19,41,19,7,7,0,520
main,validation,1500,same_task_other,libero_10,31,1,20,38,20,7,7,1,279
main,validation,1500,same_task_other,libero_10,31,1,21,40,21,7,7,0,520
main,validation,1500,same_task_other,libero_10,31,1,22,19,22,7,7,1,372
main,validation,1500,same_task_other,libero_10,31,1,23,15,23,7,7,0,520
main,validation,1500,same_task_other,libero_10,31,1,24,17,24,7,7,1,332
main,validation,1500,same_task_other,libero_10,31,1,25,24,25,7,7,0,520
main,validation,1500,same_task_other,libero_10,31,1,26,4,26,7,7,0,520
main,validation,1500,same_task_other,libero_10,31,1,27,21,27,7,7,1,483
main,validation,1500,same_task_other,libero_10,31,1,28,37,28,7,7,0,520
main,validation,1500,same_task_other,libero_10,31,1,29,42,29,7,7,1,297
main,validation,1500,same_task_other,libero_10,31,1,30,13,30,7,7,0,520
main,validation,1500,same_task_other,libero_10,31,1,31,39,31,7,7,1,308
main,validation,1500,same_task_other,libero_10,31,1,32,8,32,7,7,1,427
main,validation,1500,same_task_other,libero_10,31,1,33,7,33,7,7,0,520
main,validation,1500,same_task_other,libero_10,31,1,34,30,34,7,7,0,520
main,validation,1500,same_task_other,libero_10,31,1,35,33,35,7,7,0,520
main,validation,1500,same_task_other,libero_10,31,1,36,27,36,7,7,0,520
main,validation,1500,same_task_other,libero_10,31,1,37,34,37,7,7,1,282
main,validation,1500,same_task_other,libero_10,31,1,38,23,38,7,7,1,306
main,validation,1500,same_task_other,libero_10,31,1,39,44,39,7,7,0,520
main,validation,1500,same_task_other,libero_10,31,1,40,3,40,7,7,0,520
main,validation,1500,same_task_other,libero_10,31,1,41,43,41,7,7,1,361
main,validation,1500,same_task_other,libero_10,31,1,42,11,42,7,7,0,520
main,validation,1500,same_task_other,libero_10,31,1,43,36,43,7,7,1,363
main,validation,1500,same_task_other,libero_10,31,1,44,31,44,7,7,0,520
main,validation,1500,same_task_other,libero_10,31,1,45,25,45,7,7,0,520
main,validation,1500,same_task_other,libero_10,31,1,46,22,46,7,7,0,520
main,validation,1500,same_task_other,libero_10,31,1,47,47,47,7,7,0,520
main,validation,1500,same_task_other,libero_10,31,1,48,46,48,7,7,1,337
main,validation,1500,same_task_other,libero_10,31,1,49,18,49,7,7,0,520
main,validation,1500,same_task_other,libero_10,32,2,0,33,0,7,7,0,520
main,validation,1500,same_task_other,libero_10,32,2,1,2,1,7,7,0,520
main,validation,1500,same_task_other,libero_10,32,2,2,29,2,7,7,0,520
main,validation,1500,same_task_other,libero_10,32,2,3,25,3,7,7,0,520
main,validation,1500,same_task_other,libero_10,32,2,4,4,4,7,7,0,520
main,validation,1500,same_task_other,libero_10,32,2,5,9,5,7,7,0,520
main,validation,1500,same_task_other,libero_10,32,2,6,32,6,7,7,0,520
main,validation,1500,same_task_other,libero_10,32,2,7,10,7,7,7,0,520
main,validation,1500,same_task_other,libero_10,32,2,8,0,8,7,7,0,520
main,validation,1500,same_task_other,libero_10,32,2,9,42,9,7,7,0,520
main,validation,1500,same_task_other,libero_10,32,2,10,20,10,7,7,0,520
main,validation,1500,same_task_other,libero_10,32,2,11,46,11,7,7,0,520
main,validation,1500,same_task_other,libero_10,32,2,12,41,12,7,7,0,520
main,validation,1500,same_task_other,libero_10,32,2,13,45,13,7,7,0,520
main,validation,1500,same_task_other,libero_10,32,2,14,14,14,7,7,0,520
main,validation,1500,same_task_other,libero_10,32,2,15,3,15,7,7,0,520
main,validation,1500,same_task_other,libero_10,32,2,16,35,16,7,7,0,520
main,validation,1500,same_task_other,libero_10,32,2,17,13,17,7,7,0,520
main,validation,1500,same_task_other,libero_10,32,2,18,6,18,7,7,0,520
main,validation,1500,same_task_other,libero_10,32,2,19,48,19,7,7,0,520
main,validation,1500,same_task_other,libero_10,32,2,20,49,20,7,7,0,520
main,validation,1500,same_task_other,libero_10,32,2,21,1,21,7,7,0,520
main,validation,1500,same_task_other,libero_10,32,2,22,36,22,7,7,0,520
main,validation,1500,same_task_other,libero_10,32,2,23,16,23,7,7,0,520
main,validation,1500,same_task_other,libero_10,32,2,24,12,24,7,7,0,520
main,validation,1500,same_task_other,libero_10,32,2,25,38,25,7,7,0,520
main,validation,1500,same_task_other,libero_10,32,2,26,11,26,7,7,0,520
main,validation,1500,same_task_other,libero_10,32,2,27,19,27,7,7,0,520
main,validation,1500,same_task_other,libero_10,32,2,28,5,28,7,7,0,520
main,validation,1500,same_task_other,libero_10,32,2,29,22,29,7,7,0,520
main,validation,1500,same_task_other,libero_10,32,2,30,18,30,7,7,0,520
main,validation,1500,same_task_other,libero_10,32,2,31,44,31,7,7,0,520
main,validation,1500,same_task_other,libero_10,32,2,32,24,32,7,7,0,520
main,validation,1500,same_task_other,libero_10,32,2,33,30,33,7,7,0,520
main,validation,1500,same_task_other,libero_10,32,2,34,40,34,7,7,0,520
main,validation,1500,same_task_other,libero_10,32,2,35,28,35,7,7,0,520
main,validation,1500,same_task_other,libero_10,32,2,36,26,36,7,7,0,520
main,validation,1500,same_task_other,libero_10,32,2,37,17,37,7,7,0,520
main,validation,1500,same_task_other,libero_10,32,2,38,27,38,7,7,0,520
main,validation,1500,same_task_other,libero_10,32,2,39,43,39,7,7,0,520
main,validation,1500,same_task_other,libero_10,32,2,40,21,40,7,7,0,520
main,validation,1500,same_task_other,libero_10,32,2,41,47,41,7,7,0,520
main,validation,1500,same_task_other,libero_10,32,2,42,7,42,7,7,0,520
main,validation,1500,same_task_other,libero_10,32,2,43,39,43,7,7,0,520
main,validation,1500,same_task_other,libero_10,32,2,44,8,44,7,7,0,520
main,validation,1500,same_task_other,libero_10,32,2,45,34,45,7,7,0,520
main,validation,1500,same_task_other,libero_10,32,2,46,37,46,7,7,0,520
main,validation,1500,same_task_other,libero_10,32,2,47,31,47,7,7,0,520
main,validation,1500,same_task_other,libero_10,32,2,48,15,48,7,7,0,520
main,validation,1500,same_task_other,libero_10,32,2,49,23,49,7,7,0,520
main,validation,1500,same_task_other,libero_goal,23,3,0,2,0,7,7,0,300
main,validation,1500,same_task_other,libero_goal,23,3,1,30,1,7,7,0,300
main,validation,1500,same_task_other,libero_goal,23,3,2,32,2,7,7,0,300
main,validation,1500,same_task_other,libero_goal,23,3,3,25,3,7,7,0,300
main,validation,1500,same_task_other,libero_goal,23,3,4,1,4,7,7,0,300
main,validation,1500,same_task_other,libero_goal,23,3,5,45,5,7,7,0,300
main,validation,1500,same_task_other,libero_goal,23,3,6,46,6,7,7,0,300
main,validation,1500,same_task_other,libero_goal,23,3,7,36,7,7,7,0,300
main,validation,1500,same_task_other,libero_goal,23,3,8,34,8,7,7,0,300
main,validation,1500,same_task_other,libero_goal,23,3,9,19,9,7,7,0,300
main,validation,1500,same_task_other,libero_goal,23,3,10,17,10,7,7,0,300
main,validation,1500,same_task_other,libero_goal,23,3,11,48,11,7,7,0,300
main,validation,1500,same_task_other,libero_goal,23,3,12,20,12,7,7,0,300
main,validation,1500,same_task_other,libero_goal,23,3,13,47,13,7,7,0,300
main,validation,1500,same_task_other,libero_goal,23,3,14,22,14,7,7,0,300
main,validation,1500,same_task_other,libero_goal,23,3,15,43,15,7,7,0,300
main,validation,1500,same_task_other,libero_goal,23,3,16,21,16,7,7,0,300
main,validation,1500,same_task_other,libero_goal,23,3,17,26,17,7,7,0,300
main,validation,1500,same_task_other,libero_goal,23,3,18,31,18,7,7,0,300
main,validation,1500,same_task_other,libero_goal,23,3,19,29,19,7,7,0,300
main,validation,1500,same_task_other,libero_goal,23,3,20,44,20,7,7,0,300
main,validation,1500,same_task_other,libero_goal,23,3,21,49,21,7,7,0,300
main,validation,1500,same_task_other,libero_goal,23,3,22,3,22,7,7,0,300
main,validation,1500,same_task_other,libero_goal,23,3,23,11,23,7,7,0,300
main,validation,1500,same_task_other,libero_goal,23,3,24,13,24,7,7,0,300
main,validation,1500,same_task_other,libero_goal,23,3,25,28,25,7,7,0,300
main,validation,1500,same_task_other,libero_goal,23,3,26,8,26,7,7,0,300
main,validation,1500,same_task_other,libero_goal,23,3,27,33,27,7,7,0,300
main,validation,1500,same_task_other,libero_goal,23,3,28,15,28,7,7,0,300
main,validation,1500,same_task_other,libero_goal,23,3,29,40,29,7,7,0,300
main,validation,1500,same_task_other,libero_goal,23,3,30,38,30,7,7,0,300
main,validation,1500,same_task_other,libero_goal,23,3,31,5,31,7,7,0,300
main,validation,1500,same_task_other,libero_goal,23,3,32,39,32,7,7,0,300
main,validation,1500,same_task_other,libero_goal,23,3,33,6,33,7,7,0,300
main,validation,1500,same_task_other,libero_goal,23,3,34,9,34,7,7,0,300
main,validation,1500,same_task_other,libero_goal,23,3,35,35,35,7,7,0,300
main,validation,1500,same_task_other,libero_goal,23,3,36,23,36,7,7,0,300
main,validation,1500,same_task_other,libero_goal,23,3,37,16,37,7,7,0,300
main,validation,1500,same_task_other,libero_goal,23,3,38,0,38,7,7,0,300
main,validation,1500,same_task_other,libero_goal,23,3,39,4,39,7,7,0,300
main,validation,1500,same_task_other,libero_goal,23,3,40,41,40,7,7,0,300
main,validation,1500,same_task_other,libero_goal,23,3,41,24,41,7,7,0,300
main,validation,1500,same_task_other,libero_goal,23,3,42,7,42,7,7,0,300
main,validation,1500,same_task_other,libero_goal,23,3,43,18,43,7,7,0,300
main,validation,1500,same_task_other,libero_goal,23,3,44,37,44,7,7,0,300
main,validation,1500,same_task_other,libero_goal,23,3,45,12,45,7,7,0,300
main,validation,1500,same_task_other,libero_goal,23,3,46,27,46,7,7,0,300
main,validation,1500,same_task_other,libero_goal,23,3,47,14,47,7,7,0,300
main,validation,1500,same_task_other,libero_goal,23,3,48,10,48,7,7,0,300
main,validation,1500,same_task_other,libero_goal,23,3,49,42,49,7,7,0,300
main,validation,1500,same_task_other,libero_goal,26,6,0,12,0,7,7,1,102
main,validation,1500,same_task_other,libero_goal,26,6,1,25,1,7,7,1,103
main,validation,1500,same_task_other,libero_goal,26,6,2,39,2,7,7,1,100
main,validation,1500,same_task_other,libero_goal,26,6,3,1,3,7,7,1,98
main,validation,1500,same_task_other,libero_goal,26,6,4,16,4,7,7,1,94
main,validation,1500,same_task_other,libero_goal,26,6,5,8,5,7,7,1,116
main,validation,1500,same_task_other,libero_goal,26,6,6,26,6,7,7,1,114
main,validation,1500,same_task_other,libero_goal,26,6,7,7,7,7,7,1,86
main,validation,1500,same_task_other,libero_goal,26,6,8,46,8,7,7,1,101
main,validation,1500,same_task_other,libero_goal,26,6,9,43,9,7,7,1,82
main,validation,1500,same_task_other,libero_goal,26,6,10,24,10,7,7,1,101
main,validation,1500,same_task_other,libero_goal,26,6,11,27,11,7,7,1,102
main,validation,1500,same_task_other,libero_goal,26,6,12,11,12,7,7,1,103
main,validation,1500,same_task_other,libero_goal,26,6,13,18,13,7,7,1,84
main,validation,1500,same_task_other,libero_goal,26,6,14,2,14,7,7,1,98
main,validation,1500,same_task_other,libero_goal,26,6,15,37,15,7,7,1,97
main,validation,1500,same_task_other,libero_goal,26,6,16,19,16,7,7,1,94
main,validation,1500,same_task_other,libero_goal,26,6,17,17,17,7,7,1,101
main,validation,1500,same_task_other,libero_goal,26,6,18,40,18,7,7,1,90
main,validation,1500,same_task_other,libero_goal,26,6,19,3,19,7,7,1,89
main,validation,1500,same_task_other,libero_goal,26,6,20,10,20,7,7,0,300
main,validation,1500,same_task_other,libero_goal,26,6,21,38,21,7,7,1,102
main,validation,1500,same_task_other,libero_goal,26,6,22,48,22,7,7,1,112
main,validation,1500,same_task_other,libero_goal,26,6,23,44,23,7,7,1,141
main,validation,1500,same_task_other,libero_goal,26,6,24,14,24,7,7,1,93
main,validation,1500,same_task_other,libero_goal,26,6,25,22,25,7,7,1,79
main,validation,1500,same_task_other,libero_goal,26,6,26,28,26,7,7,1,120
main,validation,1500,same_task_other,libero_goal,26,6,27,41,27,7,7,1,90
main,validation,1500,same_task_other,libero_goal,26,6,28,5,28,7,7,1,95
main,validation,1500,same_task_other,libero_goal,26,6,29,33,29,7,7,1,90
main,validation,1500,same_task_other,libero_goal,26,6,30,6,30,7,7,1,89
main,validation,1500,same_task_other,libero_goal,26,6,31,29,31,7,7,1,119
main,validation,1500,same_task_other,libero_goal,26,6,32,9,32,7,7,1,101
main,validation,1500,same_task_other,libero_goal,26,6,33,15,33,7,7,1,90
main,validation,1500,same_task_other,libero_goal,26,6,34,49,34,7,7,1,88
main,validation,1500,same_task_other,libero_goal,26,6,35,30,35,7,7,0,300
main,validation,1500,same_task_other,libero_goal,26,6,36,21,36,7,7,1,108
main,validation,1500,same_task_other,libero_goal,26,6,37,47,37,7,7,1,113
main,validation,1500,same_task_other,libero_goal,26,6,38,20,38,7,7,1,88
main,validation,1500,same_task_other,libero_goal,26,6,39,13,39,7,7,1,107
main,validation,1500,same_task_other,libero_goal,26,6,40,31,40,7,7,1,172
main,validation,1500,same_task_other,libero_goal,26,6,41,45,41,7,7,1,99
main,validation,1500,same_task_other,libero_goal,26,6,42,36,42,7,7,1,87
main,validation,1500,same_task_other,libero_goal,26,6,43,34,43,7,7,1,97
main,validation,1500,same_task_other,libero_goal,26,6,44,0,44,7,7,1,98
main,validation,1500,same_task_other,libero_goal,26,6,45,4,45,7,7,1,95
main,validation,1500,same_task_other,libero_goal,26,6,46,32,46,7,7,1,107
main,validation,1500,same_task_other,libero_goal,26,6,47,42,47,7,7,1,77
main,validation,1500,same_task_other,libero_goal,26,6,48,23,48,7,7,0,300
main,validation,1500,same_task_other,libero_goal,26,6,49,35,49,7,7,1,95
main,validation,1500,same_task_other,libero_object,11,1,0,1,0,7,7,1,157
main,validation,1500,same_task_other,libero_object,11,1,1,27,1,7,7,1,276
main,validation,1500,same_task_other,libero_object,11,1,2,29,2,7,7,1,201
main,validation,1500,same_task_other,libero_object,11,1,3,19,3,7,7,1,122
main,validation,1500,same_task_other,libero_object,11,1,4,6,4,7,7,1,138
main,validation,1500,same_task_other,libero_object,11,1,5,25,5,7,7,1,221
main,validation,1500,same_task_other,libero_object,11,1,6,2,6,7,7,1,172
main,validation,1500,same_task_other,libero_object,11,1,7,8,7,7,7,1,112
main,validation,1500,same_task_other,libero_object,11,1,8,12,8,7,7,1,129
main,validation,1500,same_task_other,libero_object,11,1,9,33,9,7,7,1,177
main,validation,1500,same_task_other,libero_object,11,1,10,21,10,7,7,1,217
main,validation,1500,same_task_other,libero_object,11,1,11,20,11,7,7,1,132
main,validation,1500,same_task_other,libero_object,11,1,12,47,12,7,7,1,259
main,validation,1500,same_task_other,libero_object,11,1,13,40,13,7,7,1,172
main,validation,1500,same_task_other,libero_object,11,1,14,31,14,7,7,1,220
main,validation,1500,same_task_other,libero_object,11,1,15,15,15,7,7,1,172
main,validation,1500,same_task_other,libero_object,11,1,16,0,16,7,7,1,152
main,validation,1500,same_task_other,libero_object,11,1,17,35,17,7,7,0,280
main,validation,1500,same_task_other,libero_object,11,1,18,30,18,7,7,1,228
main,validation,1500,same_task_other,libero_object,11,1,19,13,19,7,7,1,137
main,validation,1500,same_task_other,libero_object,11,1,20,10,20,7,7,0,280
main,validation,1500,same_task_other,libero_object,11,1,21,45,21,7,7,0,280
main,validation,1500,same_task_other,libero_object,11,1,22,46,22,7,7,1,133
main,validation,1500,same_task_other,libero_object,11,1,23,34,23,7,7,1,121
main,validation,1500,same_task_other,libero_object,11,1,24,4,24,7,7,1,139
main,validation,1500,same_task_other,libero_object,11,1,25,48,25,7,7,1,117
main,validation,1500,same_task_other,libero_object,11,1,26,43,26,7,7,1,249
main,validation,1500,same_task_other,libero_object,11,1,27,7,27,7,7,1,123
main,validation,1500,same_task_other,libero_object,11,1,28,9,28,7,7,1,162
main,validation,1500,same_task_other,libero_object,11,1,29,49,29,7,7,1,135
main,validation,1500,same_task_other,libero_object,11,1,30,41,30,7,7,0,280
main,validation,1500,same_task_other,libero_object,11,1,31,36,31,7,7,1,146
main,validation,1500,same_task_other,libero_object,11,1,32,14,32,7,7,0,280
main,validation,1500,same_task_other,libero_object,11,1,33,5,33,7,7,0,280
main,validation,1500,same_task_other,libero_object,11,1,34,28,34,7,7,1,161
main,validation,1500,same_task_other,libero_object,11,1,35,39,35,7,7,1,132
main,validation,1500,same_task_other,libero_object,11,1,36,42,36,7,7,1,123
main,validation,1500,same_task_other,libero_object,11,1,37,32,37,7,7,1,171
main,validation,1500,same_task_other,libero_object,11,1,38,26,38,7,7,1,187
main,validation,1500,same_task_other,libero_object,11,1,39,22,39,7,7,1,117
main,validation,1500,same_task_other,libero_object,11,1,40,24,40,7,7,1,203
main,validation,1500,same_task_other,libero_object,11,1,41,18,41,7,7,1,127
main,validation,1500,same_task_other,libero_object,11,1,42,44,42,7,7,1,117
main,validation,1500,same_task_other,libero_object,11,1,43,37,43,7,7,0,280
main,validation,1500,same_task_other,libero_object,11,1,44,17,44,7,7,1,121
main,validation,1500,same_task_other,libero_object,11,1,45,16,45,7,7,1,164
main,validation,1500,same_task_other,libero_object,11,1,46,11,46,7,7,1,115
main,validation,1500,same_task_other,libero_object,11,1,47,3,47,7,7,1,120
main,validation,1500,same_task_other,libero_object,11,1,48,23,48,7,7,1,172
main,validation,1500,same_task_other,libero_object,11,1,49,38,49,7,7,1,207
main,validation,1500,same_task_other,libero_object,13,3,0,0,0,7,7,1,251
main,validation,1500,same_task_other,libero_object,13,3,1,37,1,7,7,1,148
main,validation,1500,same_task_other,libero_object,13,3,2,35,2,7,7,0,280
main,validation,1500,same_task_other,libero_object,13,3,3,26,3,7,7,0,280
main,validation,1500,same_task_other,libero_object,13,3,4,9,4,7,7,0,280
main,validation,1500,same_task_other,libero_object,13,3,5,1,5,7,7,0,280
main,validation,1500,same_task_other,libero_object,13,3,6,41,6,7,7,1,138
main,validation,1500,same_task_other,libero_object,13,3,7,45,7,7,7,0,280
main,validation,1500,same_task_other,libero_object,13,3,8,42,8,7,7,0,280
main,validation,1500,same_task_other,libero_object,13,3,9,20,9,7,7,1,136
main,validation,1500,same_task_other,libero_object,13,3,10,33,10,7,7,0,280
main,validation,1500,same_task_other,libero_object,13,3,11,31,11,7,7,0,280
main,validation,1500,same_task_other,libero_object,13,3,12,11,12,7,7,1,236
main,validation,1500,same_task_other,libero_object,13,3,13,25,13,7,7,0,280
main,validation,1500,same_task_other,libero_object,13,3,14,15,14,7,7,1,122
main,validation,1500,same_task_other,libero_object,13,3,15,19,15,7,7,0,280
main,validation,1500,same_task_other,libero_object,13,3,16,3,16,7,7,0,280
main,validation,1500,same_task_other,libero_object,13,3,17,2,17,7,7,0,280
main,validation,1500,same_task_other,libero_object,13,3,18,17,18,7,7,1,267
main,validation,1500,same_task_other,libero_object,13,3,19,14,19,7,7,0,280
main,validation,1500,same_task_other,libero_object,13,3,20,47,20,7,7,0,280
main,validation,1500,same_task_other,libero_object,13,3,21,21,21,7,7,0,280
main,validation,1500,same_task_other,libero_object,13,3,22,30,22,7,7,1,182
main,validation,1500,same_task_other,libero_object,13,3,23,12,23,7,7,0,280
main,validation,1500,same_task_other,libero_object,13,3,24,10,24,7,7,1,272
main,validation,1500,same_task_other,libero_object,13,3,25,22,25,7,7,1,138
main,validation,1500,same_task_other,libero_object,13,3,26,24,26,7,7,0,280
main,validation,1500,same_task_other,libero_object,13,3,27,13,27,7,7,1,146
main,validation,1500,same_task_other,libero_object,13,3,28,32,28,7,7,0,280
main,validation,1500,same_task_other,libero_object,13,3,29,16,29,7,7,1,132
main,validation,1500,same_task_other,libero_object,13,3,30,43,30,7,7,1,162
main,validation,1500,same_task_other,libero_object,13,3,31,27,31,7,7,1,154
main,validation,1500,same_task_other,libero_object,13,3,32,40,32,7,7,0,280
main,validation,1500,same_task_other,libero_object,13,3,33,34,33,7,7,1,112
main,validation,1500,same_task_other,libero_object,13,3,34,18,34,7,7,0,280
main,validation,1500,same_task_other,libero_object,13,3,35,38,35,7,7,1,181
main,validation,1500,same_task_other,libero_object,13,3,36,29,36,7,7,1,140
main,validation,1500,same_task_other,libero_object,13,3,37,28,37,7,7,1,129
main,validation,1500,same_task_other,libero_object,13,3,38,7,38,7,7,1,153
main,validation,1500,same_task_other,libero_object,13,3,39,8,39,7,7,0,280
main,validation,1500,same_task_other,libero_object,13,3,40,36,40,7,7,0,280
main,validation,1500,same_task_other,libero_object,13,3,41,49,41,7,7,1,122
main,validation,1500,same_task_other,libero_object,13,3,42,5,42,7,7,0,280
main,validation,1500,same_task_other,libero_object,13,3,43,39,43,7,7,1,136
main,validation,1500,same_task_other,libero_object,13,3,44,46,44,7,7,0,280
main,validation,1500,same_task_other,libero_object,13,3,45,4,45,7,7,0,280
main,validation,1500,same_task_other,libero_object,13,3,46,48,46,7,7,0,280
main,validation,1500,same_task_other,libero_object,13,3,47,23,47,7,7,0,280
main,validation,1500,same_task_other,libero_object,13,3,48,44,48,7,7,1,138
main,validation,1500,same_task_other,libero_object,13,3,49,6,49,7,7,0,280
main,validation,1500,same_task_other,libero_spatial,1,1,0,18,0,7,7,0,220
main,validation,1500,same_task_other,libero_spatial,1,1,1,38,1,7,7,0,220
main,validation,1500,same_task_other,libero_spatial,1,1,2,6,2,7,7,0,220
main,validation,1500,same_task_other,libero_spatial,1,1,3,31,3,7,7,0,220
main,validation,1500,same_task_other,libero_spatial,1,1,4,19,4,7,7,0,220
main,validation,1500,same_task_other,libero_spatial,1,1,5,1,5,7,7,0,220
main,validation,1500,same_task_other,libero_spatial,1,1,6,7,6,7,7,0,220
main,validation,1500,same_task_other,libero_spatial,1,1,7,25,7,7,7,0,220
main,validation,1500,same_task_other,libero_spatial,1,1,8,21,8,7,7,0,220
main,validation,1500,same_task_other,libero_spatial,1,1,9,9,9,7,7,0,220
main,validation,1500,same_task_other,libero_spatial,1,1,10,11,10,7,7,0,220
main,validation,1500,same_task_other,libero_spatial,1,1,11,41,11,7,7,0,220
main,validation,1500,same_task_other,libero_spatial,1,1,12,3,12,7,7,0,220
main,validation,1500,same_task_other,libero_spatial,1,1,13,4,13,7,7,0,220
main,validation,1500,same_task_other,libero_spatial,1,1,14,35,14,7,7,0,220
main,validation,1500,same_task_other,libero_spatial,1,1,15,48,15,7,7,0,220
main,validation,1500,same_task_other,libero_spatial,1,1,16,0,16,7,7,0,220
main,validation,1500,same_task_other,libero_spatial,1,1,17,26,17,7,7,0,220
main,validation,1500,same_task_other,libero_spatial,1,1,18,23,18,7,7,0,220
main,validation,1500,same_task_other,libero_spatial,1,1,19,24,19,7,7,0,220
main,validation,1500,same_task_other,libero_spatial,1,1,20,44,20,7,7,0,220
main,validation,1500,same_task_other,libero_spatial,1,1,21,37,21,7,7,0,220
main,validation,1500,same_task_other,libero_spatial,1,1,22,5,22,7,7,0,220
main,validation,1500,same_task_other,libero_spatial,1,1,23,13,23,7,7,0,220
main,validation,1500,same_task_other,libero_spatial,1,1,24,34,24,7,7,0,220
main,validation,1500,same_task_other,libero_spatial,1,1,25,8,25,7,7,0,220
main,validation,1500,same_task_other,libero_spatial,1,1,26,17,26,7,7,0,220
main,validation,1500,same_task_other,libero_spatial,1,1,27,47,27,7,7,0,220
main,validation,1500,same_task_other,libero_spatial,1,1,28,39,28,7,7,0,220
main,validation,1500,same_task_other,libero_spatial,1,1,29,29,29,7,7,0,220
main,validation,1500,same_task_other,libero_spatial,1,1,30,14,30,7,7,0,220
main,validation,1500,same_task_other,libero_spatial,1,1,31,12,31,7,7,0,220
main,validation,1500,same_task_other,libero_spatial,1,1,32,49,32,7,7,0,220
main,validation,1500,same_task_other,libero_spatial,1,1,33,10,33,7,7,0,220
main,validation,1500,same_task_other,libero_spatial,1,1,34,20,34,7,7,0,220
main,validation,1500,same_task_other,libero_spatial,1,1,35,28,35,7,7,0,220
main,validation,1500,same_task_other,libero_spatial,1,1,36,15,36,7,7,0,220
main,validation,1500,same_task_other,libero_spatial,1,1,37,45,37,7,7,0,220
main,validation,1500,same_task_other,libero_spatial,1,1,38,2,38,7,7,0,220
main,validation,1500,same_task_other,libero_spatial,1,1,39,46,39,7,7,0,220
main,validation,1500,same_task_other,libero_spatial,1,1,40,32,40,7,7,0,220
main,validation,1500,same_task_other,libero_spatial,1,1,41,22,41,7,7,0,220
main,validation,1500,same_task_other,libero_spatial,1,1,42,43,42,7,7,0,220
main,validation,1500,same_task_other,libero_spatial,1,1,43,36,43,7,7,0,220
main,validation,1500,same_task_other,libero_spatial,1,1,44,40,44,7,7,0,220
main,validation,1500,same_task_other,libero_spatial,1,1,45,27,45,7,7,0,220
main,validation,1500,same_task_other,libero_spatial,1,1,46,33,46,7,7,0,220
main,validation,1500,same_task_other,libero_spatial,1,1,47,42,47,7,7,0,220
main,validation,1500,same_task_other,libero_spatial,1,1,48,16,48,7,7,0,220
main,validation,1500,same_task_other,libero_spatial,1,1,49,30,49,7,7,0,220
main,validation,1500,same_task_other,libero_spatial,3,3,0,19,0,7,7,1,113
main,validation,1500,same_task_other,libero_spatial,3,3,1,3,1,7,7,1,120
main,validation,1500,same_task_other,libero_spatial,3,3,2,10,2,7,7,1,106
main,validation,1500,same_task_other,libero_spatial,3,3,3,33,3,7,7,1,120
main,validation,1500,same_task_other,libero_spatial,3,3,4,24,4,7,7,0,220
main,validation,1500,same_task_other,libero_spatial,3,3,5,25,5,7,7,1,118
main,validation,1500,same_task_other,libero_spatial,3,3,6,31,6,7,7,0,220
main,validation,1500,same_task_other,libero_spatial,3,3,7,5,7,7,7,1,105
main,validation,1500,same_task_other,libero_spatial,3,3,8,0,8,7,7,0,220
main,validation,1500,same_task_other,libero_spatial,3,3,9,18,9,7,7,1,110
main,validation,1500,same_task_other,libero_spatial,3,3,10,38,10,7,7,1,137
main,validation,1500,same_task_other,libero_spatial,3,3,11,22,11,7,7,1,110
main,validation,1500,same_task_other,libero_spatial,3,3,12,16,12,7,7,1,113
main,validation,1500,same_task_other,libero_spatial,3,3,13,46,13,7,7,0,220
main,validation,1500,same_task_other,libero_spatial,3,3,14,41,14,7,7,1,106
main,validation,1500,same_task_other,libero_spatial,3,3,15,27,15,7,7,1,88
main,validation,1500,same_task_other,libero_spatial,3,3,16,11,16,7,7,0,220
main,validation,1500,same_task_other,libero_spatial,3,3,17,32,17,7,7,1,98
main,validation,1500,same_task_other,libero_spatial,3,3,18,36,18,7,7,1,110
main,validation,1500,same_task_other,libero_spatial,3,3,19,6,19,7,7,1,94
main,validation,1500,same_task_other,libero_spatial,3,3,20,23,20,7,7,0,220
main,validation,1500,same_task_other,libero_spatial,3,3,21,47,21,7,7,1,128
main,validation,1500,same_task_other,libero_spatial,3,3,22,45,22,7,7,0,220
main,validation,1500,same_task_other,libero_spatial,3,3,23,1,23,7,7,1,102
main,validation,1500,same_task_other,libero_spatial,3,3,24,20,24,7,7,1,114
main,validation,1500,same_task_other,libero_spatial,3,3,25,12,25,7,7,0,220
main,validation,1500,same_task_other,libero_spatial,3,3,26,49,26,7,7,1,115
main,validation,1500,same_task_other,libero_spatial,3,3,27,39,27,7,7,1,201
main,validation,1500,same_task_other,libero_spatial,3,3,28,37,28,7,7,0,220
main,validation,1500,same_task_other,libero_spatial,3,3,29,40,29,7,7,1,100
main,validation,1500,same_task_other,libero_spatial,3,3,30,26,30,7,7,1,107
main,validation,1500,same_task_other,libero_spatial,3,3,31,17,31,7,7,0,220
main,validation,1500,same_task_other,libero_spatial,3,3,32,21,32,7,7,1,120
main,validation,1500,same_task_other,libero_spatial,3,3,33,14,33,7,7,0,220
main,validation,1500,same_task_other,libero_spatial,3,3,34,48,34,7,7,1,158
main,validation,1500,same_task_other,libero_spatial,3,3,35,44,35,7,7,0,220
main,validation,1500,same_task_other,libero_spatial,3,3,36,34,36,7,7,1,106
main,validation,1500,same_task_other,libero_spatial,3,3,37,8,37,7,7,1,109
main,validation,1500,same_task_other,libero_spatial,3,3,38,42,38,7,7,1,97
main,validation,1500,same_task_other,libero_spatial,3,3,39,2,39,7,7,1,110
main,validation,1500,same_task_other,libero_spatial,3,3,40,13,40,7,7,0,220
main,validation,1500,same_task_other,libero_spatial,3,3,41,7,41,7,7,0,220
main,validation,1500,same_task_other,libero_spatial,3,3,42,9,42,7,7,1,105
main,validation,1500,same_task_other,libero_spatial,3,3,43,15,43,7,7,1,107
main,validation,1500,same_task_other,libero_spatial,3,3,44,43,44,7,7,0,220
main,validation,1500,same_task_other,libero_spatial,3,3,45,28,45,7,7,1,99
main,validation,1500,same_task_other,libero_spatial,3,3,46,35,46,7,7,0,220
main,validation,1500,same_task_other,libero_spatial,3,3,47,30,47,7,7,0,220
main,validation,1500,same_task_other,libero_spatial,3,3,48,29,48,7,7,0,220
main,validation,1500,same_task_other,libero_spatial,3,3,49,4,49,7,7,1,105
main,validation,2100,same_task_other,libero_10,31,1,0,14,0,7,7,0,520
main,validation,2100,same_task_other,libero_10,31,1,1,26,1,7,7,0,520
main,validation,2100,same_task_other,libero_10,31,1,2,20,2,7,7,0,520
main,validation,2100,same_task_other,libero_10,31,1,3,49,3,7,7,1,356
main,validation,2100,same_task_other,libero_10,31,1,4,32,4,7,7,0,520
main,validation,2100,same_task_other,libero_10,31,1,5,35,5,7,7,0,520
main,validation,2100,same_task_other,libero_10,31,1,6,1,6,7,7,1,266
main,validation,2100,same_task_other,libero_10,31,1,7,28,7,7,7,0,520
main,validation,2100,same_task_other,libero_10,31,1,8,48,8,7,7,0,520
main,validation,2100,same_task_other,libero_10,31,1,9,12,9,7,7,0,520
main,validation,2100,same_task_other,libero_10,31,1,10,16,10,7,7,1,386
main,validation,2100,same_task_other,libero_10,31,1,11,45,11,7,7,0,520
main,validation,2100,same_task_other,libero_10,31,1,12,6,12,7,7,0,520
main,validation,2100,same_task_other,libero_10,31,1,13,10,13,7,7,0,520
main,validation,2100,same_task_other,libero_10,31,1,14,29,14,7,7,0,520
main,validation,2100,same_task_other,libero_10,31,1,15,5,15,7,7,0,520
main,validation,2100,same_task_other,libero_10,31,1,16,2,16,7,7,1,243
main,validation,2100,same_task_other,libero_10,31,1,17,0,17,7,7,1,316
main,validation,2100,same_task_other,libero_10,31,1,18,9,18,7,7,0,520
main,validation,2100,same_task_other,libero_10,31,1,19,41,19,7,7,0,520
main,validation,2100,same_task_other,libero_10,31,1,20,38,20,7,7,1,299
main,validation,2100,same_task_other,libero_10,31,1,21,40,21,7,7,0,520
main,validation,2100,same_task_other,libero_10,31,1,22,19,22,7,7,0,520
main,validation,2100,same_task_other,libero_10,31,1,23,15,23,7,7,1,458
main,validation,2100,same_task_other,libero_10,31,1,24,17,24,7,7,0,520
main,validation,2100,same_task_other,libero_10,31,1,25,24,25,7,7,0,520
main,validation,2100,same_task_other,libero_10,31,1,26,4,26,7,7,0,520
main,validation,2100,same_task_other,libero_10,31,1,27,21,27,7,7,0,520
main,validation,2100,same_task_other,libero_10,31,1,28,37,28,7,7,0,520
main,validation,2100,same_task_other,libero_10,31,1,29,42,29,7,7,0,520
main,validation,2100,same_task_other,libero_10,31,1,30,13,30,7,7,0,520
main,validation,2100,same_task_other,libero_10,31,1,31,39,31,7,7,0,520
main,validation,2100,same_task_other,libero_10,31,1,32,8,32,7,7,0,520
main,validation,2100,same_task_other,libero_10,31,1,33,7,33,7,7,0,520
main,validation,2100,same_task_other,libero_10,31,1,34,30,34,7,7,1,252
main,validation,2100,same_task_other,libero_10,31,1,35,33,35,7,7,0,520
main,validation,2100,same_task_other,libero_10,31,1,36,27,36,7,7,0,520
main,validation,2100,same_task_other,libero_10,31,1,37,34,37,7,7,1,282
main,validation,2100,same_task_other,libero_10,31,1,38,23,38,7,7,0,520
main,validation,2100,same_task_other,libero_10,31,1,39,44,39,7,7,1,408
main,validation,2100,same_task_other,libero_10,31,1,40,3,40,7,7,0,520
main,validation,2100,same_task_other,libero_10,31,1,41,43,41,7,7,1,397
main,validation,2100,same_task_other,libero_10,31,1,42,11,42,7,7,0,520
main,validation,2100,same_task_other,libero_10,31,1,43,36,43,7,7,1,293
main,validation,2100,same_task_other,libero_10,31,1,44,31,44,7,7,0,520
main,validation,2100,same_task_other,libero_10,31,1,45,25,45,7,7,1,400
main,validation,2100,same_task_other,libero_10,31,1,46,22,46,7,7,1,421
main,validation,2100,same_task_other,libero_10,31,1,47,47,47,7,7,1,471
main,validation,2100,same_task_other,libero_10,31,1,48,46,48,7,7,1,337
main,validation,2100,same_task_other,libero_10,31,1,49,18,49,7,7,0,520
main,validation,2100,same_task_other,libero_10,32,2,0,33,0,7,7,0,520
main,validation,2100,same_task_other,libero_10,32,2,1,2,1,7,7,0,520
main,validation,2100,same_task_other,libero_10,32,2,2,29,2,7,7,0,520
main,validation,2100,same_task_other,libero_10,32,2,3,25,3,7,7,0,520
main,validation,2100,same_task_other,libero_10,32,2,4,4,4,7,7,0,520
main,validation,2100,same_task_other,libero_10,32,2,5,9,5,7,7,0,520
main,validation,2100,same_task_other,libero_10,32,2,6,32,6,7,7,0,520
main,validation,2100,same_task_other,libero_10,32,2,7,10,7,7,7,0,520
main,validation,2100,same_task_other,libero_10,32,2,8,0,8,7,7,0,520
main,validation,2100,same_task_other,libero_10,32,2,9,42,9,7,7,0,520
main,validation,2100,same_task_other,libero_10,32,2,10,20,10,7,7,0,520
main,validation,2100,same_task_other,libero_10,32,2,11,46,11,7,7,0,520
main,validation,2100,same_task_other,libero_10,32,2,12,41,12,7,7,0,520
main,validation,2100,same_task_other,libero_10,32,2,13,45,13,7,7,0,520
main,validation,2100,same_task_other,libero_10,32,2,14,14,14,7,7,0,520
main,validation,2100,same_task_other,libero_10,32,2,15,3,15,7,7,0,520
main,validation,2100,same_task_other,libero_10,32,2,16,35,16,7,7,0,520
main,validation,2100,same_task_other,libero_10,32,2,17,13,17,7,7,0,520
main,validation,2100,same_task_other,libero_10,32,2,18,6,18,7,7,0,520
main,validation,2100,same_task_other,libero_10,32,2,19,48,19,7,7,0,520
main,validation,2100,same_task_other,libero_10,32,2,20,49,20,7,7,0,520
main,validation,2100,same_task_other,libero_10,32,2,21,1,21,7,7,0,520
main,validation,2100,same_task_other,libero_10,32,2,22,36,22,7,7,0,520
main,validation,2100,same_task_other,libero_10,32,2,23,16,23,7,7,0,520
main,validation,2100,same_task_other,libero_10,32,2,24,12,24,7,7,0,520
main,validation,2100,same_task_other,libero_10,32,2,25,38,25,7,7,0,520
main,validation,2100,same_task_other,libero_10,32,2,26,11,26,7,7,0,520
main,validation,2100,same_task_other,libero_10,32,2,27,19,27,7,7,0,520
main,validation,2100,same_task_other,libero_10,32,2,28,5,28,7,7,0,520
main,validation,2100,same_task_other,libero_10,32,2,29,22,29,7,7,0,520
main,validation,2100,same_task_other,libero_10,32,2,30,18,30,7,7,0,520
main,validation,2100,same_task_other,libero_10,32,2,31,44,31,7,7,0,520
main,validation,2100,same_task_other,libero_10,32,2,32,24,32,7,7,0,520
main,validation,2100,same_task_other,libero_10,32,2,33,30,33,7,7,0,520
main,validation,2100,same_task_other,libero_10,32,2,34,40,34,7,7,0,520
main,validation,2100,same_task_other,libero_10,32,2,35,28,35,7,7,0,520
main,validation,2100,same_task_other,libero_10,32,2,36,26,36,7,7,0,520
main,validation,2100,same_task_other,libero_10,32,2,37,17,37,7,7,0,520
main,validation,2100,same_task_other,libero_10,32,2,38,27,38,7,7,0,520
main,validation,2100,same_task_other,libero_10,32,2,39,43,39,7,7,0,520
main,validation,2100,same_task_other,libero_10,32,2,40,21,40,7,7,0,520
main,validation,2100,same_task_other,libero_10,32,2,41,47,41,7,7,0,520
main,validation,2100,same_task_other,libero_10,32,2,42,7,42,7,7,0,520
main,validation,2100,same_task_other,libero_10,32,2,43,39,43,7,7,0,520
main,validation,2100,same_task_other,libero_10,32,2,44,8,44,7,7,0,520
main,validation,2100,same_task_other,libero_10,32,2,45,34,45,7,7,0,520
main,validation,2100,same_task_other,libero_10,32,2,46,37,46,7,7,0,520
main,validation,2100,same_task_other,libero_10,32,2,47,31,47,7,7,0,520
main,validation,2100,same_task_other,libero_10,32,2,48,15,48,7,7,0,520
main,validation,2100,same_task_other,libero_10,32,2,49,23,49,7,7,0,520
main,validation,2100,same_task_other,libero_goal,23,3,0,2,0,7,7,0,300
main,validation,2100,same_task_other,libero_goal,23,3,1,30,1,7,7,0,300
main,validation,2100,same_task_other,libero_goal,23,3,2,32,2,7,7,0,300
main,validation,2100,same_task_other,libero_goal,23,3,3,25,3,7,7,0,300
main,validation,2100,same_task_other,libero_goal,23,3,4,1,4,7,7,0,300
main,validation,2100,same_task_other,libero_goal,23,3,5,45,5,7,7,0,300
main,validation,2100,same_task_other,libero_goal,23,3,6,46,6,7,7,0,300
main,validation,2100,same_task_other,libero_goal,23,3,7,36,7,7,7,0,300
main,validation,2100,same_task_other,libero_goal,23,3,8,34,8,7,7,0,300
main,validation,2100,same_task_other,libero_goal,23,3,9,19,9,7,7,0,300
main,validation,2100,same_task_other,libero_goal,23,3,10,17,10,7,7,0,300
main,validation,2100,same_task_other,libero_goal,23,3,11,48,11,7,7,0,300
main,validation,2100,same_task_other,libero_goal,23,3,12,20,12,7,7,0,300
main,validation,2100,same_task_other,libero_goal,23,3,13,47,13,7,7,0,300
main,validation,2100,same_task_other,libero_goal,23,3,14,22,14,7,7,0,300
main,validation,2100,same_task_other,libero_goal,23,3,15,43,15,7,7,0,300
main,validation,2100,same_task_other,libero_goal,23,3,16,21,16,7,7,0,300
main,validation,2100,same_task_other,libero_goal,23,3,17,26,17,7,7,0,300
main,validation,2100,same_task_other,libero_goal,23,3,18,31,18,7,7,0,300
main,validation,2100,same_task_other,libero_goal,23,3,19,29,19,7,7,0,300
main,validation,2100,same_task_other,libero_goal,23,3,20,44,20,7,7,0,300
main,validation,2100,same_task_other,libero_goal,23,3,21,49,21,7,7,0,300
main,validation,2100,same_task_other,libero_goal,23,3,22,3,22,7,7,0,300
main,validation,2100,same_task_other,libero_goal,23,3,23,11,23,7,7,0,300
main,validation,2100,same_task_other,libero_goal,23,3,24,13,24,7,7,0,300
main,validation,2100,same_task_other,libero_goal,23,3,25,28,25,7,7,0,300
main,validation,2100,same_task_other,libero_goal,23,3,26,8,26,7,7,0,300
main,validation,2100,same_task_other,libero_goal,23,3,27,33,27,7,7,0,300
main,validation,2100,same_task_other,libero_goal,23,3,28,15,28,7,7,0,300
main,validation,2100,same_task_other,libero_goal,23,3,29,40,29,7,7,0,300
main,validation,2100,same_task_other,libero_goal,23,3,30,38,30,7,7,0,300
main,validation,2100,same_task_other,libero_goal,23,3,31,5,31,7,7,0,300
main,validation,2100,same_task_other,libero_goal,23,3,32,39,32,7,7,0,300
main,validation,2100,same_task_other,libero_goal,23,3,33,6,33,7,7,0,300
main,validation,2100,same_task_other,libero_goal,23,3,34,9,34,7,7,0,300
main,validation,2100,same_task_other,libero_goal,23,3,35,35,35,7,7,0,300
main,validation,2100,same_task_other,libero_goal,23,3,36,23,36,7,7,0,300
main,validation,2100,same_task_other,libero_goal,23,3,37,16,37,7,7,0,300
main,validation,2100,same_task_other,libero_goal,23,3,38,0,38,7,7,0,300
main,validation,2100,same_task_other,libero_goal,23,3,39,4,39,7,7,0,300
main,validation,2100,same_task_other,libero_goal,23,3,40,41,40,7,7,0,300
main,validation,2100,same_task_other,libero_goal,23,3,41,24,41,7,7,0,300
main,validation,2100,same_task_other,libero_goal,23,3,42,7,42,7,7,0,300
main,validation,2100,same_task_other,libero_goal,23,3,43,18,43,7,7,0,300
main,validation,2100,same_task_other,libero_goal,23,3,44,37,44,7,7,0,300
main,validation,2100,same_task_other,libero_goal,23,3,45,12,45,7,7,0,300
main,validation,2100,same_task_other,libero_goal,23,3,46,27,46,7,7,0,300
main,validation,2100,same_task_other,libero_goal,23,3,47,14,47,7,7,0,300
main,validation,2100,same_task_other,libero_goal,23,3,48,10,48,7,7,0,300
main,validation,2100,same_task_other,libero_goal,23,3,49,42,49,7,7,0,300
main,validation,2100,same_task_other,libero_goal,26,6,0,12,0,7,7,1,98
main,validation,2100,same_task_other,libero_goal,26,6,1,25,1,7,7,1,101
main,validation,2100,same_task_other,libero_goal,26,6,2,39,2,7,7,1,99
main,validation,2100,same_task_other,libero_goal,26,6,3,1,3,7,7,1,97
main,validation,2100,same_task_other,libero_goal,26,6,4,16,4,7,7,1,92
main,validation,2100,same_task_other,libero_goal,26,6,5,8,5,7,7,1,114
main,validation,2100,same_task_other,libero_goal,26,6,6,26,6,7,7,1,114
main,validation,2100,same_task_other,libero_goal,26,6,7,7,7,7,7,1,85
main,validation,2100,same_task_other,libero_goal,26,6,8,46,8,7,7,1,99
main,validation,2100,same_task_other,libero_goal,26,6,9,43,9,7,7,1,82
main,validation,2100,same_task_other,libero_goal,26,6,10,24,10,7,7,1,102
main,validation,2100,same_task_other,libero_goal,26,6,11,27,11,7,7,1,101
main,validation,2100,same_task_other,libero_goal,26,6,12,11,12,7,7,1,106
main,validation,2100,same_task_other,libero_goal,26,6,13,18,13,7,7,1,87
main,validation,2100,same_task_other,libero_goal,26,6,14,2,14,7,7,1,98
main,validation,2100,same_task_other,libero_goal,26,6,15,37,15,7,7,1,96
main,validation,2100,same_task_other,libero_goal,26,6,16,19,16,7,7,1,101
main,validation,2100,same_task_other,libero_goal,26,6,17,17,17,7,7,1,100
main,validation,2100,same_task_other,libero_goal,26,6,18,40,18,7,7,1,98
main,validation,2100,same_task_other,libero_goal,26,6,19,3,19,7,7,1,91
main,validation,2100,same_task_other,libero_goal,26,6,20,10,20,7,7,0,300
main,validation,2100,same_task_other,libero_goal,26,6,21,38,21,7,7,1,97
main,validation,2100,same_task_other,libero_goal,26,6,22,48,22,7,7,1,117
main,validation,2100,same_task_other,libero_goal,26,6,23,44,23,7,7,1,120
main,validation,2100,same_task_other,libero_goal,26,6,24,14,24,7,7,1,95
main,validation,2100,same_task_other,libero_goal,26,6,25,22,25,7,7,1,87
main,validation,2100,same_task_other,libero_goal,26,6,26,28,26,7,7,1,113
main,validation,2100,same_task_other,libero_goal,26,6,27,41,27,7,7,1,91
main,validation,2100,same_task_other,libero_goal,26,6,28,5,28,7,7,1,97
main,validation,2100,same_task_other,libero_goal,26,6,29,33,29,7,7,1,98
main,validation,2100,same_task_other,libero_goal,26,6,30,6,30,7,7,1,97
main,validation,2100,same_task_other,libero_goal,26,6,31,29,31,7,7,1,297
main,validation,2100,same_task_other,libero_goal,26,6,32,9,32,7,7,1,100
main,validation,2100,same_task_other,libero_goal,26,6,33,15,33,7,7,1,92
main,validation,2100,same_task_other,libero_goal,26,6,34,49,34,7,7,1,86
main,validation,2100,same_task_other,libero_goal,26,6,35,30,35,7,7,1,125
main,validation,2100,same_task_other,libero_goal,26,6,36,21,36,7,7,1,108
main,validation,2100,same_task_other,libero_goal,26,6,37,47,37,7,7,1,112
main,validation,2100,same_task_other,libero_goal,26,6,38,20,38,7,7,1,87
main,validation,2100,same_task_other,libero_goal,26,6,39,13,39,7,7,0,300
main,validation,2100,same_task_other,libero_goal,26,6,40,31,40,7,7,0,300
main,validation,2100,same_task_other,libero_goal,26,6,41,45,41,7,7,1,99
main,validation,2100,same_task_other,libero_goal,26,6,42,36,42,7,7,1,129
main,validation,2100,same_task_other,libero_goal,26,6,43,34,43,7,7,1,90
main,validation,2100,same_task_other,libero_goal,26,6,44,0,44,7,7,1,107
main,validation,2100,same_task_other,libero_goal,26,6,45,4,45,7,7,1,97
main,validation,2100,same_task_other,libero_goal,26,6,46,32,46,7,7,1,94
main,validation,2100,same_task_other,libero_goal,26,6,47,42,47,7,7,1,86
main,validation,2100,same_task_other,libero_goal,26,6,48,23,48,7,7,0,300
main,validation,2100,same_task_other,libero_goal,26,6,49,35,49,7,7,1,97
main,validation,2100,same_task_other,libero_object,11,1,0,1,0,7,7,1,157
main,validation,2100,same_task_other,libero_object,11,1,1,27,1,7,7,0,280
main,validation,2100,same_task_other,libero_object,11,1,2,29,2,7,7,1,243
main,validation,2100,same_task_other,libero_object,11,1,3,19,3,7,7,1,258
main,validation,2100,same_task_other,libero_object,11,1,4,6,4,7,7,1,171
main,validation,2100,same_task_other,libero_object,11,1,5,25,5,7,7,1,132
main,validation,2100,same_task_other,libero_object,11,1,6,2,6,7,7,1,131
main,validation,2100,same_task_other,libero_object,11,1,7,8,7,7,7,1,126
main,validation,2100,same_task_other,libero_object,11,1,8,12,8,7,7,1,197
main,validation,2100,same_task_other,libero_object,11,1,9,33,9,7,7,1,239
main,validation,2100,same_task_other,libero_object,11,1,10,21,10,7,7,0,280
main,validation,2100,same_task_other,libero_object,11,1,11,20,11,7,7,1,139
main,validation,2100,same_task_other,libero_object,11,1,12,47,12,7,7,1,228
main,validation,2100,same_task_other,libero_object,11,1,13,40,13,7,7,1,170
main,validation,2100,same_task_other,libero_object,11,1,14,31,14,7,7,1,266
main,validation,2100,same_task_other,libero_object,11,1,15,15,15,7,7,1,172
main,validation,2100,same_task_other,libero_object,11,1,16,0,16,7,7,1,153
main,validation,2100,same_task_other,libero_object,11,1,17,35,17,7,7,0,280
main,validation,2100,same_task_other,libero_object,11,1,18,30,18,7,7,1,203
main,validation,2100,same_task_other,libero_object,11,1,19,13,19,7,7,1,198
main,validation,2100,same_task_other,libero_object,11,1,20,10,20,7,7,0,280
main,validation,2100,same_task_other,libero_object,11,1,21,45,21,7,7,0,280
main,validation,2100,same_task_other,libero_object,11,1,22,46,22,7,7,1,133
main,validation,2100,same_task_other,libero_object,11,1,23,34,23,7,7,1,123
main,validation,2100,same_task_other,libero_object,11,1,24,4,24,7,7,1,212
main,validation,2100,same_task_other,libero_object,11,1,25,48,25,7,7,1,154
main,validation,2100,same_task_other,libero_object,11,1,26,43,26,7,7,1,249
main,validation,2100,same_task_other,libero_object,11,1,27,7,27,7,7,1,123
main,validation,2100,same_task_other,libero_object,11,1,28,9,28,7,7,1,137
main,validation,2100,same_task_other,libero_object,11,1,29,49,29,7,7,1,133
main,validation,2100,same_task_other,libero_object,11,1,30,41,30,7,7,1,178
main,validation,2100,same_task_other,libero_object,11,1,31,36,31,7,7,0,280
main,validation,2100,same_task_other,libero_object,11,1,32,14,32,7,7,0,280
main,validation,2100,same_task_other,libero_object,11,1,33,5,33,7,7,0,280
main,validation,2100,same_task_other,libero_object,11,1,34,28,34,7,7,0,280
main,validation,2100,same_task_other,libero_object,11,1,35,39,35,7,7,1,132
main,validation,2100,same_task_other,libero_object,11,1,36,42,36,7,7,1,123
main,validation,2100,same_task_other,libero_object,11,1,37,32,37,7,7,1,186
main,validation,2100,same_task_other,libero_object,11,1,38,26,38,7,7,1,187
main,validation,2100,same_task_other,libero_object,11,1,39,22,39,7,7,1,119
main,validation,2100,same_task_other,libero_object,11,1,40,24,40,7,7,1,205
main,validation,2100,same_task_other,libero_object,11,1,41,18,41,7,7,1,140
main,validation,2100,same_task_other,libero_object,11,1,42,44,42,7,7,1,148
main,validation,2100,same_task_other,libero_object,11,1,43,37,43,7,7,1,129
main,validation,2100,same_task_other,libero_object,11,1,44,17,44,7,7,1,122
main,validation,2100,same_task_other,libero_object,11,1,45,16,45,7,7,1,167
main,validation,2100,same_task_other,libero_object,11,1,46,11,46,7,7,1,117
main,validation,2100,same_task_other,libero_object,11,1,47,3,47,7,7,1,121
main,validation,2100,same_task_other,libero_object,11,1,48,23,48,7,7,0,280
main,validation,2100,same_task_other,libero_object,11,1,49,38,49,7,7,1,251
main,validation,2100,same_task_other,libero_object,13,3,0,0,0,7,7,0,280
main,validation,2100,same_task_other,libero_object,13,3,1,37,1,7,7,1,118
main,validation,2100,same_task_other,libero_object,13,3,2,35,2,7,7,0,280
main,validation,2100,same_task_other,libero_object,13,3,3,26,3,7,7,1,207
main,validation,2100,same_task_other,libero_object,13,3,4,9,4,7,7,1,191
main,validation,2100,same_task_other,libero_object,13,3,5,1,5,7,7,0,280
main,validation,2100,same_task_other,libero_object,13,3,6,41,6,7,7,1,226
main,validation,2100,same_task_other,libero_object,13,3,7,45,7,7,7,0,280
main,validation,2100,same_task_other,libero_object,13,3,8,42,8,7,7,0,280
main,validation,2100,same_task_other,libero_object,13,3,9,20,9,7,7,1,127
main,validation,2100,same_task_other,libero_object,13,3,10,33,10,7,7,1,141
main,validation,2100,same_task_other,libero_object,13,3,11,31,11,7,7,1,169
main,validation,2100,same_task_other,libero_object,13,3,12,11,12,7,7,0,280
main,validation,2100,same_task_other,libero_object,13,3,13,25,13,7,7,0,280
main,validation,2100,same_task_other,libero_object,13,3,14,15,14,7,7,1,122
main,validation,2100,same_task_other,libero_object,13,3,15,19,15,7,7,0,280
main,validation,2100,same_task_other,libero_object,13,3,16,3,16,7,7,1,156
main,validation,2100,same_task_other,libero_object,13,3,17,2,17,7,7,0,280
main,validation,2100,same_task_other,libero_object,13,3,18,17,18,7,7,1,165
main,validation,2100,same_task_other,libero_object,13,3,19,14,19,7,7,0,280
main,validation,2100,same_task_other,libero_object,13,3,20,47,20,7,7,0,280
main,validation,2100,same_task_other,libero_object,13,3,21,21,21,7,7,0,280
main,validation,2100,same_task_other,libero_object,13,3,22,30,22,7,7,0,280
main,validation,2100,same_task_other,libero_object,13,3,23,12,23,7,7,0,280
main,validation,2100,same_task_other,libero_object,13,3,24,10,24,7,7,1,131
main,validation,2100,same_task_other,libero_object,13,3,25,22,25,7,7,0,280
main,validation,2100,same_task_other,libero_object,13,3,26,24,26,7,7,0,280
main,validation,2100,same_task_other,libero_object,13,3,27,13,27,7,7,0,280
main,validation,2100,same_task_other,libero_object,13,3,28,32,28,7,7,0,280
main,validation,2100,same_task_other,libero_object,13,3,29,16,29,7,7,1,130
main,validation,2100,same_task_other,libero_object,13,3,30,43,30,7,7,1,121
main,validation,2100,same_task_other,libero_object,13,3,31,27,31,7,7,1,116
main,validation,2100,same_task_other,libero_object,13,3,32,40,32,7,7,0,280
main,validation,2100,same_task_other,libero_object,13,3,33,34,33,7,7,1,133
main,validation,2100,same_task_other,libero_object,13,3,34,18,34,7,7,1,126
main,validation,2100,same_task_other,libero_object,13,3,35,38,35,7,7,1,112
main,validation,2100,same_task_other,libero_object,13,3,36,29,36,7,7,1,142
main,validation,2100,same_task_other,libero_object,13,3,37,28,37,7,7,0,280
main,validation,2100,same_task_other,libero_object,13,3,38,7,38,7,7,0,280
main,validation,2100,same_task_other,libero_object,13,3,39,8,39,7,7,0,280
main,validation,2100,same_task_other,libero_object,13,3,40,36,40,7,7,0,280
main,validation,2100,same_task_other,libero_object,13,3,41,49,41,7,7,1,135
main,validation,2100,same_task_other,libero_object,13,3,42,5,42,7,7,0,280
main,validation,2100,same_task_other,libero_object,13,3,43,39,43,7,7,0,280
main,validation,2100,same_task_other,libero_object,13,3,44,46,44,7,7,0,280
main,validation,2100,same_task_other,libero_object,13,3,45,4,45,7,7,1,181
main,validation,2100,same_task_other,libero_object,13,3,46,48,46,7,7,1,264
main,validation,2100,same_task_other,libero_object,13,3,47,23,47,7,7,1,127
main,validation,2100,same_task_other,libero_object,13,3,48,44,48,7,7,0,280
main,validation,2100,same_task_other,libero_object,13,3,49,6,49,7,7,0,280
main,validation,2100,same_task_other,libero_spatial,1,1,0,18,0,7,7,0,220
main,validation,2100,same_task_other,libero_spatial,1,1,1,38,1,7,7,0,220
main,validation,2100,same_task_other,libero_spatial,1,1,2,6,2,7,7,0,220
main,validation,2100,same_task_other,libero_spatial,1,1,3,31,3,7,7,0,220
main,validation,2100,same_task_other,libero_spatial,1,1,4,19,4,7,7,0,220
main,validation,2100,same_task_other,libero_spatial,1,1,5,1,5,7,7,0,220
main,validation,2100,same_task_other,libero_spatial,1,1,6,7,6,7,7,0,220
main,validation,2100,same_task_other,libero_spatial,1,1,7,25,7,7,7,0,220
main,validation,2100,same_task_other,libero_spatial,1,1,8,21,8,7,7,0,220
main,validation,2100,same_task_other,libero_spatial,1,1,9,9,9,7,7,0,220
main,validation,2100,same_task_other,libero_spatial,1,1,10,11,10,7,7,0,220
main,validation,2100,same_task_other,libero_spatial,1,1,11,41,11,7,7,0,220
main,validation,2100,same_task_other,libero_spatial,1,1,12,3,12,7,7,0,220
main,validation,2100,same_task_other,libero_spatial,1,1,13,4,13,7,7,0,220
main,validation,2100,same_task_other,libero_spatial,1,1,14,35,14,7,7,0,220
main,validation,2100,same_task_other,libero_spatial,1,1,15,48,15,7,7,0,220
main,validation,2100,same_task_other,libero_spatial,1,1,16,0,16,7,7,0,220
main,validation,2100,same_task_other,libero_spatial,1,1,17,26,17,7,7,0,220
main,validation,2100,same_task_other,libero_spatial,1,1,18,23,18,7,7,0,220
main,validation,2100,same_task_other,libero_spatial,1,1,19,24,19,7,7,0,220
main,validation,2100,same_task_other,libero_spatial,1,1,20,44,20,7,7,0,220
main,validation,2100,same_task_other,libero_spatial,1,1,21,37,21,7,7,0,220
main,validation,2100,same_task_other,libero_spatial,1,1,22,5,22,7,7,0,220
main,validation,2100,same_task_other,libero_spatial,1,1,23,13,23,7,7,0,220
main,validation,2100,same_task_other,libero_spatial,1,1,24,34,24,7,7,0,220
main,validation,2100,same_task_other,libero_spatial,1,1,25,8,25,7,7,0,220
main,validation,2100,same_task_other,libero_spatial,1,1,26,17,26,7,7,0,220
main,validation,2100,same_task_other,libero_spatial,1,1,27,47,27,7,7,0,220
main,validation,2100,same_task_other,libero_spatial,1,1,28,39,28,7,7,0,220
main,validation,2100,same_task_other,libero_spatial,1,1,29,29,29,7,7,0,220
main,validation,2100,same_task_other,libero_spatial,1,1,30,14,30,7,7,0,220
main,validation,2100,same_task_other,libero_spatial,1,1,31,12,31,7,7,0,220
main,validation,2100,same_task_other,libero_spatial,1,1,32,49,32,7,7,0,220
main,validation,2100,same_task_other,libero_spatial,1,1,33,10,33,7,7,0,220
main,validation,2100,same_task_other,libero_spatial,1,1,34,20,34,7,7,0,220
main,validation,2100,same_task_other,libero_spatial,1,1,35,28,35,7,7,0,220
main,validation,2100,same_task_other,libero_spatial,1,1,36,15,36,7,7,0,220
main,validation,2100,same_task_other,libero_spatial,1,1,37,45,37,7,7,0,220
main,validation,2100,same_task_other,libero_spatial,1,1,38,2,38,7,7,0,220
main,validation,2100,same_task_other,libero_spatial,1,1,39,46,39,7,7,0,220
main,validation,2100,same_task_other,libero_spatial,1,1,40,32,40,7,7,0,220
main,validation,2100,same_task_other,libero_spatial,1,1,41,22,41,7,7,0,220
main,validation,2100,same_task_other,libero_spatial,1,1,42,43,42,7,7,0,220
main,validation,2100,same_task_other,libero_spatial,1,1,43,36,43,7,7,0,220
main,validation,2100,same_task_other,libero_spatial,1,1,44,40,44,7,7,0,220
main,validation,2100,same_task_other,libero_spatial,1,1,45,27,45,7,7,0,220
main,validation,2100,same_task_other,libero_spatial,1,1,46,33,46,7,7,0,220
main,validation,2100,same_task_other,libero_spatial,1,1,47,42,47,7,7,0,220
main,validation,2100,same_task_other,libero_spatial,1,1,48,16,48,7,7,0,220
main,validation,2100,same_task_other,libero_spatial,1,1,49,30,49,7,7,0,220
main,validation,2100,same_task_other,libero_spatial,3,3,0,19,0,7,7,1,129
main,validation,2100,same_task_other,libero_spatial,3,3,1,3,1,7,7,1,107
main,validation,2100,same_task_other,libero_spatial,3,3,2,10,2,7,7,1,102
main,validation,2100,same_task_other,libero_spatial,3,3,3,33,3,7,7,1,113
main,validation,2100,same_task_other,libero_spatial,3,3,4,24,4,7,7,0,220
main,validation,2100,same_task_other,libero_spatial,3,3,5,25,5,7,7,1,118
main,validation,2100,same_task_other,libero_spatial,3,3,6,31,6,7,7,0,220
main,validation,2100,same_task_other,libero_spatial,3,3,7,5,7,7,7,1,108
main,validation,2100,same_task_other,libero_spatial,3,3,8,0,8,7,7,0,220
main,validation,2100,same_task_other,libero_spatial,3,3,9,18,9,7,7,1,151
main,validation,2100,same_task_other,libero_spatial,3,3,10,38,10,7,7,1,140
main,validation,2100,same_task_other,libero_spatial,3,3,11,22,11,7,7,1,102
main,validation,2100,same_task_other,libero_spatial,3,3,12,16,12,7,7,1,120
main,validation,2100,same_task_other,libero_spatial,3,3,13,46,13,7,7,0,220
main,validation,2100,same_task_other,libero_spatial,3,3,14,41,14,7,7,1,133
main,validation,2100,same_task_other,libero_spatial,3,3,15,27,15,7,7,1,92
main,validation,2100,same_task_other,libero_spatial,3,3,16,11,16,7,7,0,220
main,validation,2100,same_task_other,libero_spatial,3,3,17,32,17,7,7,1,105
main,validation,2100,same_task_other,libero_spatial,3,3,18,36,18,7,7,1,110
main,validation,2100,same_task_other,libero_spatial,3,3,19,6,19,7,7,1,94
main,validation,2100,same_task_other,libero_spatial,3,3,20,23,20,7,7,0,220
main,validation,2100,same_task_other,libero_spatial,3,3,21,47,21,7,7,1,133
main,validation,2100,same_task_other,libero_spatial,3,3,22,45,22,7,7,0,220
main,validation,2100,same_task_other,libero_spatial,3,3,23,1,23,7,7,1,155
main,validation,2100,same_task_other,libero_spatial,3,3,24,20,24,7,7,1,113
main,validation,2100,same_task_other,libero_spatial,3,3,25,12,25,7,7,0,220
main,validation,2100,same_task_other,libero_spatial,3,3,26,49,26,7,7,1,112
main,validation,2100,same_task_other,libero_spatial,3,3,27,39,27,7,7,1,144
main,validation,2100,same_task_other,libero_spatial,3,3,28,37,28,7,7,0,220
main,validation,2100,same_task_other,libero_spatial,3,3,29,40,29,7,7,1,103
main,validation,2100,same_task_other,libero_spatial,3,3,30,26,30,7,7,1,136
main,validation,2100,same_task_other,libero_spatial,3,3,31,17,31,7,7,0,220
main,validation,2100,same_task_other,libero_spatial,3,3,32,21,32,7,7,1,107
main,validation,2100,same_task_other,libero_spatial,3,3,33,14,33,7,7,0,220
main,validation,2100,same_task_other,libero_spatial,3,3,34,48,34,7,7,1,149
main,validation,2100,same_task_other,libero_spatial,3,3,35,44,35,7,7,0,220
main,validation,2100,same_task_other,libero_spatial,3,3,36,34,36,7,7,1,122
main,validation,2100,same_task_other,libero_spatial,3,3,37,8,37,7,7,1,109
main,validation,2100,same_task_other,libero_spatial,3,3,38,42,38,7,7,1,115
main,validation,2100,same_task_other,libero_spatial,3,3,39,2,39,7,7,1,102
main,validation,2100,same_task_other,libero_spatial,3,3,40,13,40,7,7,0,220
main,validation,2100,same_task_other,libero_spatial,3,3,41,7,41,7,7,0,220
main,validation,2100,same_task_other,libero_spatial,3,3,42,9,42,7,7,1,106
main,validation,2100,same_task_other,libero_spatial,3,3,43,15,43,7,7,1,107
main,validation,2100,same_task_other,libero_spatial,3,3,44,43,44,7,7,0,220
main,validation,2100,same_task_other,libero_spatial,3,3,45,28,45,7,7,1,95
main,validation,2100,same_task_other,libero_spatial,3,3,46,35,46,7,7,0,220
main,validation,2100,same_task_other,libero_spatial,3,3,47,30,47,7,7,0,220
main,validation,2100,same_task_other,libero_spatial,3,3,48,29,48,7,7,0,220
main,validation,2100,same_task_other,libero_spatial,3,3,49,4,49,7,7,1,141
main,validation,1500,cross_suite_wrong,libero_10,31,1,0,47,0,7,7,1,296
main,validation,1500,cross_suite_wrong,libero_10,31,1,1,9,1,7,7,1,415
main,validation,1500,cross_suite_wrong,libero_10,31,1,2,3,2,7,7,1,369
main,validation,1500,cross_suite_wrong,libero_10,31,1,3,32,3,7,7,1,263
main,validation,1500,cross_suite_wrong,libero_10,31,1,4,15,4,7,7,1,284
main,validation,1500,cross_suite_wrong,libero_10,31,1,5,18,5,7,7,1,320
main,validation,1500,cross_suite_wrong,libero_10,31,1,6,34,6,7,7,0,520
main,validation,1500,cross_suite_wrong,libero_10,31,1,7,11,7,7,7,1,317
main,validation,1500,cross_suite_wrong,libero_10,31,1,8,31,8,7,7,1,367
main,validation,1500,cross_suite_wrong,libero_10,31,1,9,45,9,7,7,1,505
main,validation,1500,cross_suite_wrong,libero_10,31,1,10,49,10,7,7,1,312
main,validation,1500,cross_suite_wrong,libero_10,31,1,11,28,11,7,7,1,286
main,validation,1500,cross_suite_wrong,libero_10,31,1,12,39,12,7,7,1,297
main,validation,1500,cross_suite_wrong,libero_10,31,1,13,43,13,7,7,0,520
main,validation,1500,cross_suite_wrong,libero_10,31,1,14,12,14,7,7,1,355
main,validation,1500,cross_suite_wrong,libero_10,31,1,15,38,15,7,7,0,520
main,validation,1500,cross_suite_wrong,libero_10,31,1,16,35,16,7,7,1,389
main,validation,1500,cross_suite_wrong,libero_10,31,1,17,33,17,7,7,0,520
main,validation,1500,cross_suite_wrong,libero_10,31,1,18,42,18,7,7,0,520
main,validation,1500,cross_suite_wrong,libero_10,31,1,19,24,19,7,7,1,269
main,validation,1500,cross_suite_wrong,libero_10,31,1,20,21,20,7,7,1,287
main,validation,1500,cross_suite_wrong,libero_10,31,1,21,23,21,7,7,1,291
main,validation,1500,cross_suite_wrong,libero_10,31,1,22,2,22,7,7,0,520
main,validation,1500,cross_suite_wrong,libero_10,31,1,23,48,23,7,7,1,353
main,validation,1500,cross_suite_wrong,libero_10,31,1,24,0,24,7,7,1,389
main,validation,1500,cross_suite_wrong,libero_10,31,1,25,7,25,7,7,1,308
main,validation,1500,cross_suite_wrong,libero_10,31,1,26,37,26,7,7,1,382
main,validation,1500,cross_suite_wrong,libero_10,31,1,27,4,27,7,7,1,266
main,validation,1500,cross_suite_wrong,libero_10,31,1,28,20,28,7,7,0,520
main,validation,1500,cross_suite_wrong,libero_10,31,1,29,25,29,7,7,1,303
main,validation,1500,cross_suite_wrong,libero_10,31,1,30,46,30,7,7,1,464
main,validation,1500,cross_suite_wrong,libero_10,31,1,31,22,31,7,7,1,313
main,validation,1500,cross_suite_wrong,libero_10,31,1,32,41,32,7,7,1,352
main,validation,1500,cross_suite_wrong,libero_10,31,1,33,40,33,7,7,0,520
main,validation,1500,cross_suite_wrong,libero_10,31,1,34,13,34,7,7,0,520
main,validation,1500,cross_suite_wrong,libero_10,31,1,35,16,35,7,7,0,520
main,validation,1500,cross_suite_wrong,libero_10,31,1,36,10,36,7,7,0,520
main,validation,1500,cross_suite_wrong,libero_10,31,1,37,17,37,7,7,1,282
main,validation,1500,cross_suite_wrong,libero_10,31,1,38,6,38,7,7,0,520
main,validation,1500,cross_suite_wrong,libero_10,31,1,39,27,39,7,7,0,520
main,validation,1500,cross_suite_wrong,libero_10,31,1,40,36,40,7,7,0,520
main,validation,1500,cross_suite_wrong,libero_10,31,1,41,26,41,7,7,1,359
main,validation,1500,cross_suite_wrong,libero_10,31,1,42,44,42,7,7,0,520
main,validation,1500,cross_suite_wrong,libero_10,31,1,43,19,43,7,7,1,282
main,validation,1500,cross_suite_wrong,libero_10,31,1,44,14,44,7,7,1,274
main,validation,1500,cross_suite_wrong,libero_10,31,1,45,8,45,7,7,1,426
main,validation,1500,cross_suite_wrong,libero_10,31,1,46,5,46,7,7,0,520
main,validation,1500,cross_suite_wrong,libero_10,31,1,47,30,47,7,7,1,381
main,validation,1500,cross_suite_wrong,libero_10,31,1,48,29,48,7,7,1,314
main,validation,1500,cross_suite_wrong,libero_10,31,1,49,1,49,7,7,0,520
main,validation,1500,cross_suite_wrong,libero_10,32,2,0,16,0,7,7,0,520
main,validation,1500,cross_suite_wrong,libero_10,32,2,1,35,1,7,7,0,520
main,validation,1500,cross_suite_wrong,libero_10,32,2,2,12,2,7,7,0,520
main,validation,1500,cross_suite_wrong,libero_10,32,2,3,8,3,7,7,0,520
main,validation,1500,cross_suite_wrong,libero_10,32,2,4,37,4,7,7,0,520
main,validation,1500,cross_suite_wrong,libero_10,32,2,5,42,5,7,7,0,520
main,validation,1500,cross_suite_wrong,libero_10,32,2,6,15,6,7,7,0,520
main,validation,1500,cross_suite_wrong,libero_10,32,2,7,43,7,7,7,0,520
main,validation,1500,cross_suite_wrong,libero_10,32,2,8,33,8,7,7,0,520
main,validation,1500,cross_suite_wrong,libero_10,32,2,9,25,9,7,7,0,520
main,validation,1500,cross_suite_wrong,libero_10,32,2,10,3,10,7,7,0,520
main,validation,1500,cross_suite_wrong,libero_10,32,2,11,29,11,7,7,0,520
main,validation,1500,cross_suite_wrong,libero_10,32,2,12,24,12,7,7,0,520
main,validation,1500,cross_suite_wrong,libero_10,32,2,13,28,13,7,7,0,520
main,validation,1500,cross_suite_wrong,libero_10,32,2,14,47,14,7,7,0,520
main,validation,1500,cross_suite_wrong,libero_10,32,2,15,36,15,7,7,0,520
main,validation,1500,cross_suite_wrong,libero_10,32,2,16,18,16,7,7,0,520
main,validation,1500,cross_suite_wrong,libero_10,32,2,17,46,17,7,7,0,520
main,validation,1500,cross_suite_wrong,libero_10,32,2,18,39,18,7,7,0,520
main,validation,1500,cross_suite_wrong,libero_10,32,2,19,31,19,7,7,0,520
main,validation,1500,cross_suite_wrong,libero_10,32,2,20,32,20,7,7,0,520
main,validation,1500,cross_suite_wrong,libero_10,32,2,21,34,21,7,7,0,520
main,validation,1500,cross_suite_wrong,libero_10,32,2,22,19,22,7,7,0,520
main,validation,1500,cross_suite_wrong,libero_10,32,2,23,49,23,7,7,0,520
main,validation,1500,cross_suite_wrong,libero_10,32,2,24,45,24,7,7,0,520
main,validation,1500,cross_suite_wrong,libero_10,32,2,25,21,25,7,7,0,520
main,validation,1500,cross_suite_wrong,libero_10,32,2,26,44,26,7,7,0,520
main,validation,1500,cross_suite_wrong,libero_10,32,2,27,2,27,7,7,0,520
main,validation,1500,cross_suite_wrong,libero_10,32,2,28,38,28,7,7,0,520
main,validation,1500,cross_suite_wrong,libero_10,32,2,29,5,29,7,7,0,520
main,validation,1500,cross_suite_wrong,libero_10,32,2,30,1,30,7,7,0,520
main,validation,1500,cross_suite_wrong,libero_10,32,2,31,27,31,7,7,0,520
main,validation,1500,cross_suite_wrong,libero_10,32,2,32,7,32,7,7,0,520
main,validation,1500,cross_suite_wrong,libero_10,32,2,33,13,33,7,7,0,520
main,validation,1500,cross_suite_wrong,libero_10,32,2,34,23,34,7,7,0,520
main,validation,1500,cross_suite_wrong,libero_10,32,2,35,11,35,7,7,0,520
main,validation,1500,cross_suite_wrong,libero_10,32,2,36,9,36,7,7,0,520
main,validation,1500,cross_suite_wrong,libero_10,32,2,37,0,37,7,7,0,520
main,validation,1500,cross_suite_wrong,libero_10,32,2,38,10,38,7,7,0,520
main,validation,1500,cross_suite_wrong,libero_10,32,2,39,26,39,7,7,0,520
main,validation,1500,cross_suite_wrong,libero_10,32,2,40,4,40,7,7,0,520
main,validation,1500,cross_suite_wrong,libero_10,32,2,41,30,41,7,7,0,520
main,validation,1500,cross_suite_wrong,libero_10,32,2,42,40,42,7,7,0,520
main,validation,1500,cross_suite_wrong,libero_10,32,2,43,22,43,7,7,0,520
main,validation,1500,cross_suite_wrong,libero_10,32,2,44,41,44,7,7,0,520
main,validation,1500,cross_suite_wrong,libero_10,32,2,45,17,45,7,7,0,520
main,validation,1500,cross_suite_wrong,libero_10,32,2,46,20,46,7,7,0,520
main,validation,1500,cross_suite_wrong,libero_10,32,2,47,14,47,7,7,0,520
main,validation,1500,cross_suite_wrong,libero_10,32,2,48,48,48,7,7,0,520
main,validation,1500,cross_suite_wrong,libero_10,32,2,49,6,49,7,7,0,520
main,validation,1500,cross_suite_wrong,libero_goal,23,3,0,35,0,7,7,0,300
main,validation,1500,cross_suite_wrong,libero_goal,23,3,1,13,1,7,7,0,300
main,validation,1500,cross_suite_wrong,libero_goal,23,3,2,15,2,7,7,0,300
main,validation,1500,cross_suite_wrong,libero_goal,23,3,3,8,3,7,7,0,300
main,validation,1500,cross_suite_wrong,libero_goal,23,3,4,34,4,7,7,0,300
main,validation,1500,cross_suite_wrong,libero_goal,23,3,5,28,5,7,7,0,300
main,validation,1500,cross_suite_wrong,libero_goal,23,3,6,29,6,7,7,0,300
main,validation,1500,cross_suite_wrong,libero_goal,23,3,7,19,7,7,7,0,300
main,validation,1500,cross_suite_wrong,libero_goal,23,3,8,17,8,7,7,0,300
main,validation,1500,cross_suite_wrong,libero_goal,23,3,9,2,9,7,7,0,300
main,validation,1500,cross_suite_wrong,libero_goal,23,3,10,0,10,7,7,0,300
main,validation,1500,cross_suite_wrong,libero_goal,23,3,11,31,11,7,7,0,300
main,validation,1500,cross_suite_wrong,libero_goal,23,3,12,3,12,7,7,0,300
main,validation,1500,cross_suite_wrong,libero_goal,23,3,13,30,13,7,7,0,300
main,validation,1500,cross_suite_wrong,libero_goal,23,3,14,5,14,7,7,0,300
main,validation,1500,cross_suite_wrong,libero_goal,23,3,15,26,15,7,7,0,300
main,validation,1500,cross_suite_wrong,libero_goal,23,3,16,4,16,7,7,0,300
main,validation,1500,cross_suite_wrong,libero_goal,23,3,17,9,17,7,7,0,300
main,validation,1500,cross_suite_wrong,libero_goal,23,3,18,14,18,7,7,0,300
main,validation,1500,cross_suite_wrong,libero_goal,23,3,19,12,19,7,7,0,300
main,validation,1500,cross_suite_wrong,libero_goal,23,3,20,27,20,7,7,0,300
main,validation,1500,cross_suite_wrong,libero_goal,23,3,21,32,21,7,7,0,300
main,validation,1500,cross_suite_wrong,libero_goal,23,3,22,36,22,7,7,0,300
main,validation,1500,cross_suite_wrong,libero_goal,23,3,23,44,23,7,7,0,300
main,validation,1500,cross_suite_wrong,libero_goal,23,3,24,46,24,7,7,0,300
main,validation,1500,cross_suite_wrong,libero_goal,23,3,25,11,25,7,7,0,300
main,validation,1500,cross_suite_wrong,libero_goal,23,3,26,41,26,7,7,0,300
main,validation,1500,cross_suite_wrong,libero_goal,23,3,27,16,27,7,7,0,300
main,validation,1500,cross_suite_wrong,libero_goal,23,3,28,48,28,7,7,0,300
main,validation,1500,cross_suite_wrong,libero_goal,23,3,29,23,29,7,7,0,300
main,validation,1500,cross_suite_wrong,libero_goal,23,3,30,21,30,7,7,0,300
main,validation,1500,cross_suite_wrong,libero_goal,23,3,31,38,31,7,7,0,300
main,validation,1500,cross_suite_wrong,libero_goal,23,3,32,22,32,7,7,0,300
main,validation,1500,cross_suite_wrong,libero_goal,23,3,33,39,33,7,7,0,300
main,validation,1500,cross_suite_wrong,libero_goal,23,3,34,42,34,7,7,0,300
main,validation,1500,cross_suite_wrong,libero_goal,23,3,35,18,35,7,7,0,300
main,validation,1500,cross_suite_wrong,libero_goal,23,3,36,6,36,7,7,0,300
main,validation,1500,cross_suite_wrong,libero_goal,23,3,37,49,37,7,7,0,300
main,validation,1500,cross_suite_wrong,libero_goal,23,3,38,33,38,7,7,0,300
main,validation,1500,cross_suite_wrong,libero_goal,23,3,39,37,39,7,7,0,300
main,validation,1500,cross_suite_wrong,libero_goal,23,3,40,24,40,7,7,0,300
main,validation,1500,cross_suite_wrong,libero_goal,23,3,41,7,41,7,7,0,300
main,validation,1500,cross_suite_wrong,libero_goal,23,3,42,40,42,7,7,0,300
main,validation,1500,cross_suite_wrong,libero_goal,23,3,43,1,43,7,7,0,300
main,validation,1500,cross_suite_wrong,libero_goal,23,3,44,20,44,7,7,0,300
main,validation,1500,cross_suite_wrong,libero_goal,23,3,45,45,45,7,7,0,300
main,validation,1500,cross_suite_wrong,libero_goal,23,3,46,10,46,7,7,0,300
main,validation,1500,cross_suite_wrong,libero_goal,23,3,47,47,47,7,7,0,300
main,validation,1500,cross_suite_wrong,libero_goal,23,3,48,43,48,7,7,0,300
main,validation,1500,cross_suite_wrong,libero_goal,23,3,49,25,49,7,7,0,300
main,validation,1500,cross_suite_wrong,libero_goal,26,6,0,45,0,7,7,1,116
main,validation,1500,cross_suite_wrong,libero_goal,26,6,1,8,1,7,7,1,150
main,validation,1500,cross_suite_wrong,libero_goal,26,6,2,22,2,7,7,1,138
main,validation,1500,cross_suite_wrong,libero_goal,26,6,3,34,3,7,7,0,300
main,validation,1500,cross_suite_wrong,libero_goal,26,6,4,49,4,7,7,1,116
main,validation,1500,cross_suite_wrong,libero_goal,26,6,5,41,5,7,7,1,267
main,validation,1500,cross_suite_wrong,libero_goal,26,6,6,9,6,7,7,1,131
main,validation,1500,cross_suite_wrong,libero_goal,26,6,7,40,7,7,7,1,209
main,validation,1500,cross_suite_wrong,libero_goal,26,6,8,29,8,7,7,1,117
main,validation,1500,cross_suite_wrong,libero_goal,26,6,9,26,9,7,7,1,95
main,validation,1500,cross_suite_wrong,libero_goal,26,6,10,7,10,7,7,0,300
main,validation,1500,cross_suite_wrong,libero_goal,26,6,11,10,11,7,7,1,134
main,validation,1500,cross_suite_wrong,libero_goal,26,6,12,44,12,7,7,1,121
main,validation,1500,cross_suite_wrong,libero_goal,26,6,13,1,13,7,7,0,300
main,validation,1500,cross_suite_wrong,libero_goal,26,6,14,35,14,7,7,1,123
main,validation,1500,cross_suite_wrong,libero_goal,26,6,15,20,15,7,7,1,107
main,validation,1500,cross_suite_wrong,libero_goal,26,6,16,2,16,7,7,0,300
main,validation,1500,cross_suite_wrong,libero_goal,26,6,17,0,17,7,7,1,111
main,validation,1500,cross_suite_wrong,libero_goal,26,6,18,23,18,7,7,1,112
main,validation,1500,cross_suite_wrong,libero_goal,26,6,19,36,19,7,7,1,172
main,validation,1500,cross_suite_wrong,libero_goal,26,6,20,43,20,7,7,0,300
main,validation,1500,cross_suite_wrong,libero_goal,26,6,21,21,21,7,7,1,110
main,validation,1500,cross_suite_wrong,libero_goal,26,6,22,31,22,7,7,1,112
main,validation,1500,cross_suite_wrong,libero_goal,26,6,23,27,23,7,7,1,142
main,validation,1500,cross_suite_wrong,libero_goal,26,6,24,47,24,7,7,1,171
main,validation,1500,cross_suite_wrong,libero_goal,26,6,25,5,25,7,7,1,157
main,validation,1500,cross_suite_wrong,libero_goal,26,6,26,11,26,7,7,1,132
main,validation,1500,cross_suite_wrong,libero_goal,26,6,27,24,27,7,7,1,129
main,validation,1500,cross_suite_wrong,libero_goal,26,6,28,38,28,7,7,1,208
main,validation,1500,cross_suite_wrong,libero_goal,26,6,29,16,29,7,7,1,102
main,validation,1500,cross_suite_wrong,libero_goal,26,6,30,39,30,7,7,1,121
main,validation,1500,cross_suite_wrong,libero_goal,26,6,31,12,31,7,7,1,124
main,validation,1500,cross_suite_wrong,libero_goal,26,6,32,42,32,7,7,0,300
main,validation,1500,cross_suite_wrong,libero_goal,26,6,33,48,33,7,7,1,115
main,validation,1500,cross_suite_wrong,libero_goal,26,6,34,32,34,7,7,1,126
main,validation,1500,cross_suite_wrong,libero_goal,26,6,35,13,35,7,7,1,126
main,validation,1500,cross_suite_wrong,libero_goal,26,6,36,4,36,7,7,1,127
main,validation,1500,cross_suite_wrong,libero_goal,26,6,37,30,37,7,7,1,123
main,validation,1500,cross_suite_wrong,libero_goal,26,6,38,3,38,7,7,1,112
main,validation,1500,cross_suite_wrong,libero_goal,26,6,39,46,39,7,7,1,116
main,validation,1500,cross_suite_wrong,libero_goal,26,6,40,14,40,7,7,1,133
main,validation,1500,cross_suite_wrong,libero_goal,26,6,41,28,41,7,7,1,130
main,validation,1500,cross_suite_wrong,libero_goal,26,6,42,19,42,7,7,1,136
main,validation,1500,cross_suite_wrong,libero_goal,26,6,43,17,43,7,7,1,131
main,validation,1500,cross_suite_wrong,libero_goal,26,6,44,33,44,7,7,1,122
main,validation,1500,cross_suite_wrong,libero_goal,26,6,45,37,45,7,7,1,120
main,validation,1500,cross_suite_wrong,libero_goal,26,6,46,15,46,7,7,1,118
main,validation,1500,cross_suite_wrong,libero_goal,26,6,47,25,47,7,7,1,113
main,validation,1500,cross_suite_wrong,libero_goal,26,6,48,6,48,7,7,1,108
main,validation,1500,cross_suite_wrong,libero_goal,26,6,49,18,49,7,7,1,135
main,validation,1500,cross_suite_wrong,libero_object,11,1,0,34,0,7,7,1,217
main,validation,1500,cross_suite_wrong,libero_object,11,1,1,10,1,7,7,1,234
main,validation,1500,cross_suite_wrong,libero_object,11,1,2,12,2,7,7,1,153
main,validation,1500,cross_suite_wrong,libero_object,11,1,3,2,3,7,7,1,138
main,validation,1500,cross_suite_wrong,libero_object,11,1,4,39,4,7,7,0,280
main,validation,1500,cross_suite_wrong,libero_object,11,1,5,8,5,7,7,1,133
main,validation,1500,cross_suite_wrong,libero_object,11,1,6,35,6,7,7,0,280
main,validation,1500,cross_suite_wrong,libero_object,11,1,7,41,7,7,7,1,208
main,validation,1500,cross_suite_wrong,libero_object,11,1,8,45,8,7,7,1,265
main,validation,1500,cross_suite_wrong,libero_object,11,1,9,16,9,7,7,1,132
main,validation,1500,cross_suite_wrong,libero_object,11,1,10,4,10,7,7,0,280
main,validation,1500,cross_suite_wrong,libero_object,11,1,11,3,11,7,7,0,280
main,validation,1500,cross_suite_wrong,libero_object,11,1,12,30,12,7,7,1,170
main,validation,1500,cross_suite_wrong,libero_object,11,1,13,23,13,7,7,1,125
main,validation,1500,cross_suite_wrong,libero_object,11,1,14,14,14,7,7,1,166
main,validation,1500,cross_suite_wrong,libero_object,11,1,15,48,15,7,7,1,132
main,validation,1500,cross_suite_wrong,libero_object,11,1,16,33,16,7,7,1,172
main,validation,1500,cross_suite_wrong,libero_object,11,1,17,18,17,7,7,1,219
main,validation,1500,cross_suite_wrong,libero_object,11,1,18,13,18,7,7,1,167
main,validation,1500,cross_suite_wrong,libero_object,11,1,19,46,19,7,7,0,280
main,validation,1500,cross_suite_wrong,libero_object,11,1,20,43,20,7,7,0,280
main,validation,1500,cross_suite_wrong,libero_object,11,1,21,28,21,7,7,1,262
main,validation,1500,cross_suite_wrong,libero_object,11,1,22,29,22,7,7,1,143
main,validation,1500,cross_suite_wrong,libero_object,11,1,23,17,23,7,7,0,280
main,validation,1500,cross_suite_wrong,libero_object,11,1,24,37,24,7,7,1,122
main,validation,1500,cross_suite_wrong,libero_object,11,1,25,31,25,7,7,0,280
main,validation,1500,cross_suite_wrong,libero_object,11,1,26,26,26,7,7,1,151
main,validation,1500,cross_suite_wrong,libero_object,11,1,27,40,27,7,7,1,151
main,validation,1500,cross_suite_wrong,libero_object,11,1,28,42,28,7,7,1,128
main,validation,1500,cross_suite_wrong,libero_object,11,1,29,32,29,7,7,1,150
main,validation,1500,cross_suite_wrong,libero_object,11,1,30,24,30,7,7,1,252
main,validation,1500,cross_suite_wrong,libero_object,11,1,31,19,31,7,7,1,147
main,validation,1500,cross_suite_wrong,libero_object,11,1,32,47,32,7,7,0,280
main,validation,1500,cross_suite_wrong,libero_object,11,1,33,38,33,7,7,1,143
main,validation,1500,cross_suite_wrong,libero_object,11,1,34,11,34,7,7,1,132
main,validation,1500,cross_suite_wrong,libero_object,11,1,35,22,35,7,7,1,154
main,validation,1500,cross_suite_wrong,libero_object,11,1,36,25,36,7,7,1,154
main,validation,1500,cross_suite_wrong,libero_object,11,1,37,15,37,7,7,1,132
main,validation,1500,cross_suite_wrong,libero_object,11,1,38,9,38,7,7,0,280
main,validation,1500,cross_suite_wrong,libero_object,11,1,39,5,39,7,7,0,280
main,validation,1500,cross_suite_wrong,libero_object,11,1,40,7,40,7,7,0,280
main,validation,1500,cross_suite_wrong,libero_object,11,1,41,1,41,7,7,1,131
main,validation,1500,cross_suite_wrong,libero_object,11,1,42,27,42,7,7,1,124
main,validation,1500,cross_suite_wrong,libero_object,11,1,43,20,43,7,7,1,173
main,validation,1500,cross_suite_wrong,libero_object,11,1,44,0,44,7,7,1,147
main,validation,1500,cross_suite_wrong,libero_object,11,1,45,49,45,7,7,1,128
main,validation,1500,cross_suite_wrong,libero_object,11,1,46,44,46,7,7,1,118
main,validation,1500,cross_suite_wrong,libero_object,11,1,47,36,47,7,7,1,139
main,validation,1500,cross_suite_wrong,libero_object,11,1,48,6,48,7,7,0,280
main,validation,1500,cross_suite_wrong,libero_object,11,1,49,21,49,7,7,1,215
main,validation,1500,cross_suite_wrong,libero_object,13,3,0,33,0,7,7,0,280
main,validation,1500,cross_suite_wrong,libero_object,13,3,1,20,1,7,7,0,280
main,validation,1500,cross_suite_wrong,libero_object,13,3,2,18,2,7,7,0,280
main,validation,1500,cross_suite_wrong,libero_object,13,3,3,9,3,7,7,0,280
main,validation,1500,cross_suite_wrong,libero_object,13,3,4,42,4,7,7,0,280
main,validation,1500,cross_suite_wrong,libero_object,13,3,5,34,5,7,7,0,280
main,validation,1500,cross_suite_wrong,libero_object,13,3,6,24,6,7,7,0,280
main,validation,1500,cross_suite_wrong,libero_object,13,3,7,28,7,7,7,0,280
main,validation,1500,cross_suite_wrong,libero_object,13,3,8,25,8,7,7,0,280
main,validation,1500,cross_suite_wrong,libero_object,13,3,9,3,9,7,7,0,280
main,validation,1500,cross_suite_wrong,libero_object,13,3,10,16,10,7,7,0,280
main,validation,1500,cross_suite_wrong,libero_object,13,3,11,14,11,7,7,0,280
main,validation,1500,cross_suite_wrong,libero_object,13,3,12,44,12,7,7,0,280
main,validation,1500,cross_suite_wrong,libero_object,13,3,13,8,13,7,7,0,280
main,validation,1500,cross_suite_wrong,libero_object,13,3,14,48,14,7,7,0,280
main,validation,1500,cross_suite_wrong,libero_object,13,3,15,2,15,7,7,0,280
main,validation,1500,cross_suite_wrong,libero_object,13,3,16,36,16,7,7,0,280
main,validation,1500,cross_suite_wrong,libero_object,13,3,17,35,17,7,7,0,280
main,validation,1500,cross_suite_wrong,libero_object,13,3,18,0,18,7,7,0,280
main,validation,1500,cross_suite_wrong,libero_object,13,3,19,47,19,7,7,0,280
main,validation,1500,cross_suite_wrong,libero_object,13,3,20,30,20,7,7,0,280
main,validation,1500,cross_suite_wrong,libero_object,13,3,21,4,21,7,7,0,280
main,validation,1500,cross_suite_wrong,libero_object,13,3,22,13,22,7,7,0,280
main,validation,1500,cross_suite_wrong,libero_object,13,3,23,45,23,7,7,0,280
main,validation,1500,cross_suite_wrong,libero_object,13,3,24,43,24,7,7,0,280
main,validation,1500,cross_suite_wrong,libero_object,13,3,25,5,25,7,7,1,151
main,validation,1500,cross_suite_wrong,libero_object,13,3,26,7,26,7,7,0,280
main,validation,1500,cross_suite_wrong,libero_object,13,3,27,46,27,7,7,1,127
main,validation,1500,cross_suite_wrong,libero_object,13,3,28,15,28,7,7,1,136
main,validation,1500,cross_suite_wrong,libero_object,13,3,29,49,29,7,7,0,280
main,validation,1500,cross_suite_wrong,libero_object,13,3,30,26,30,7,7,1,127
main,validation,1500,cross_suite_wrong,libero_object,13,3,31,10,31,7,7,1,246
main,validation,1500,cross_suite_wrong,libero_object,13,3,32,23,32,7,7,0,280
main,validation,1500,cross_suite_wrong,libero_object,13,3,33,17,33,7,7,0,280
main,validation,1500,cross_suite_wrong,libero_object,13,3,34,1,34,7,7,0,280
main,validation,1500,cross_suite_wrong,libero_object,13,3,35,21,35,7,7,0,280
main,validation,1500,cross_suite_wrong,libero_object,13,3,36,12,36,7,7,0,280
main,validation,1500,cross_suite_wrong,libero_object,13,3,37,11,37,7,7,1,134
main,validation,1500,cross_suite_wrong,libero_object,13,3,38,40,38,7,7,0,280
main,validation,1500,cross_suite_wrong,libero_object,13,3,39,41,39,7,7,0,280
main,validation,1500,cross_suite_wrong,libero_object,13,3,40,19,40,7,7,0,280
main,validation,1500,cross_suite_wrong,libero_object,13,3,41,32,41,7,7,1,273
main,validation,1500,cross_suite_wrong,libero_object,13,3,42,38,42,7,7,1,243
main,validation,1500,cross_suite_wrong,libero_object,13,3,43,22,43,7,7,1,121
main,validation,1500,cross_suite_wrong,libero_object,13,3,44,29,44,7,7,0,280
main,validation,1500,cross_suite_wrong,libero_object,13,3,45,37,45,7,7,0,280
main,validation,1500,cross_suite_wrong,libero_object,13,3,46,31,46,7,7,0,280
main,validation,1500,cross_suite_wrong,libero_object,13,3,47,6,47,7,7,1,192
main,validation,1500,cross_suite_wrong,libero_object,13,3,48,27,48,7,7,0,280
main,validation,1500,cross_suite_wrong,libero_object,13,3,49,39,49,7,7,0,280
main,validation,1500,cross_suite_wrong,libero_spatial,1,1,0,1,0,7,7,0,220
main,validation,1500,cross_suite_wrong,libero_spatial,1,1,1,21,1,7,7,0,220
main,validation,1500,cross_suite_wrong,libero_spatial,1,1,2,39,2,7,7,0,220
main,validation,1500,cross_suite_wrong,libero_spatial,1,1,3,14,3,7,7,0,220
main,validation,1500,cross_suite_wrong,libero_spatial,1,1,4,2,4,7,7,0,220
main,validation,1500,cross_suite_wrong,libero_spatial,1,1,5,34,5,7,7,0,220
main,validation,1500,cross_suite_wrong,libero_spatial,1,1,6,40,6,7,7,0,220
main,validation,1500,cross_suite_wrong,libero_spatial,1,1,7,8,7,7,7,0,220
main,validation,1500,cross_suite_wrong,libero_spatial,1,1,8,4,8,7,7,0,220
main,validation,1500,cross_suite_wrong,libero_spatial,1,1,9,42,9,7,7,0,220
main,validation,1500,cross_suite_wrong,libero_spatial,1,1,10,44,10,7,7,0,220
main,validation,1500,cross_suite_wrong,libero_spatial,1,1,11,24,11,7,7,0,220
main,validation,1500,cross_suite_wrong,libero_spatial,1,1,12,36,12,7,7,0,220
main,validation,1500,cross_suite_wrong,libero_spatial,1,1,13,37,13,7,7,0,220
main,validation,1500,cross_suite_wrong,libero_spatial,1,1,14,18,14,7,7,0,220
main,validation,1500,cross_suite_wrong,libero_spatial,1,1,15,31,15,7,7,0,220
main,validation,1500,cross_suite_wrong,libero_spatial,1,1,16,33,16,7,7,0,220
main,validation,1500,cross_suite_wrong,libero_spatial,1,1,17,9,17,7,7,0,220
main,validation,1500,cross_suite_wrong,libero_spatial,1,1,18,6,18,7,7,0,220
main,validation,1500,cross_suite_wrong,libero_spatial,1,1,19,7,19,7,7,0,220
main,validation,1500,cross_suite_wrong,libero_spatial,1,1,20,27,20,7,7,0,220
main,validation,1500,cross_suite_wrong,libero_spatial,1,1,21,20,21,7,7,0,220
main,validation,1500,cross_suite_wrong,libero_spatial,1,1,22,38,22,7,7,0,220
main,validation,1500,cross_suite_wrong,libero_spatial,1,1,23,46,23,7,7,0,220
main,validation,1500,cross_suite_wrong,libero_spatial,1,1,24,17,24,7,7,0,220
main,validation,1500,cross_suite_wrong,libero_spatial,1,1,25,41,25,7,7,0,220
main,validation,1500,cross_suite_wrong,libero_spatial,1,1,26,0,26,7,7,0,220
main,validation,1500,cross_suite_wrong,libero_spatial,1,1,27,30,27,7,7,0,220
main,validation,1500,cross_suite_wrong,libero_spatial,1,1,28,22,28,7,7,0,220
main,validation,1500,cross_suite_wrong,libero_spatial,1,1,29,12,29,7,7,0,220
main,validation,1500,cross_suite_wrong,libero_spatial,1,1,30,47,30,7,7,0,220
main,validation,1500,cross_suite_wrong,libero_spatial,1,1,31,45,31,7,7,0,220
main,validation,1500,cross_suite_wrong,libero_spatial,1,1,32,32,32,7,7,0,220
main,validation,1500,cross_suite_wrong,libero_spatial,1,1,33,43,33,7,7,0,220
main,validation,1500,cross_suite_wrong,libero_spatial,1,1,34,3,34,7,7,0,220
main,validation,1500,cross_suite_wrong,libero_spatial,1,1,35,11,35,7,7,0,220
main,validation,1500,cross_suite_wrong,libero_spatial,1,1,36,48,36,7,7,0,220
main,validation,1500,cross_suite_wrong,libero_spatial,1,1,37,28,37,7,7,0,220
main,validation,1500,cross_suite_wrong,libero_spatial,1,1,38,35,38,7,7,0,220
main,validation,1500,cross_suite_wrong,libero_spatial,1,1,39,29,39,7,7,0,220
main,validation,1500,cross_suite_wrong,libero_spatial,1,1,40,15,40,7,7,0,220
main,validation,1500,cross_suite_wrong,libero_spatial,1,1,41,5,41,7,7,0,220
main,validation,1500,cross_suite_wrong,libero_spatial,1,1,42,26,42,7,7,0,220
main,validation,1500,cross_suite_wrong,libero_spatial,1,1,43,19,43,7,7,0,220
main,validation,1500,cross_suite_wrong,libero_spatial,1,1,44,23,44,7,7,0,220
main,validation,1500,cross_suite_wrong,libero_spatial,1,1,45,10,45,7,7,0,220
main,validation,1500,cross_suite_wrong,libero_spatial,1,1,46,16,46,7,7,0,220
main,validation,1500,cross_suite_wrong,libero_spatial,1,1,47,25,47,7,7,0,220
main,validation,1500,cross_suite_wrong,libero_spatial,1,1,48,49,48,7,7,0,220
main,validation,1500,cross_suite_wrong,libero_spatial,1,1,49,13,49,7,7,0,220
main,validation,1500,cross_suite_wrong,libero_spatial,3,3,0,2,0,7,7,0,220
main,validation,1500,cross_suite_wrong,libero_spatial,3,3,1,36,1,7,7,0,220
main,validation,1500,cross_suite_wrong,libero_spatial,3,3,2,43,2,7,7,0,220
main,validation,1500,cross_suite_wrong,libero_spatial,3,3,3,16,3,7,7,0,220
main,validation,1500,cross_suite_wrong,libero_spatial,3,3,4,7,4,7,7,0,220
main,validation,1500,cross_suite_wrong,libero_spatial,3,3,5,8,5,7,7,0,220
main,validation,1500,cross_suite_wrong,libero_spatial,3,3,6,14,6,7,7,0,220
main,validation,1500,cross_suite_wrong,libero_spatial,3,3,7,38,7,7,7,0,220
main,validation,1500,cross_suite_wrong,libero_spatial,3,3,8,33,8,7,7,0,220
main,validation,1500,cross_suite_wrong,libero_spatial,3,3,9,1,9,7,7,0,220
main,validation,1500,cross_suite_wrong,libero_spatial,3,3,10,21,10,7,7,0,220
main,validation,1500,cross_suite_wrong,libero_spatial,3,3,11,5,11,7,7,0,220
main,validation,1500,cross_suite_wrong,libero_spatial,3,3,12,49,12,7,7,0,220
main,validation,1500,cross_suite_wrong,libero_spatial,3,3,13,29,13,7,7,0,220
main,validation,1500,cross_suite_wrong,libero_spatial,3,3,14,24,14,7,7,0,220
main,validation,1500,cross_suite_wrong,libero_spatial,3,3,15,10,15,7,7,0,220
main,validation,1500,cross_suite_wrong,libero_spatial,3,3,16,44,16,7,7,0,220
main,validation,1500,cross_suite_wrong,libero_spatial,3,3,17,15,17,7,7,0,220
main,validation,1500,cross_suite_wrong,libero_spatial,3,3,18,19,18,7,7,0,220
main,validation,1500,cross_suite_wrong,libero_spatial,3,3,19,39,19,7,7,0,220
main,validation,1500,cross_suite_wrong,libero_spatial,3,3,20,6,20,7,7,0,220
main,validation,1500,cross_suite_wrong,libero_spatial,3,3,21,30,21,7,7,0,220
main,validation,1500,cross_suite_wrong,libero_spatial,3,3,22,28,22,7,7,0,220
main,validation,1500,cross_suite_wrong,libero_spatial,3,3,23,34,23,7,7,0,220
main,validation,1500,cross_suite_wrong,libero_spatial,3,3,24,3,24,7,7,0,220
main,validation,1500,cross_suite_wrong,libero_spatial,3,3,25,45,25,7,7,0,220
main,validation,1500,cross_suite_wrong,libero_spatial,3,3,26,32,26,7,7,0,220
main,validation,1500,cross_suite_wrong,libero_spatial,3,3,27,22,27,7,7,0,220
main,validation,1500,cross_suite_wrong,libero_spatial,3,3,28,20,28,7,7,0,220
main,validation,1500,cross_suite_wrong,libero_spatial,3,3,29,23,29,7,7,0,220
main,validation,1500,cross_suite_wrong,libero_spatial,3,3,30,9,30,7,7,0,220
main,validation,1500,cross_suite_wrong,libero_spatial,3,3,31,0,31,7,7,0,220
main,validation,1500,cross_suite_wrong,libero_spatial,3,3,32,4,32,7,7,0,220
main,validation,1500,cross_suite_wrong,libero_spatial,3,3,33,47,33,7,7,0,220
main,validation,1500,cross_suite_wrong,libero_spatial,3,3,34,31,34,7,7,0,220
main,validation,1500,cross_suite_wrong,libero_spatial,3,3,35,27,35,7,7,0,220
main,validation,1500,cross_suite_wrong,libero_spatial,3,3,36,17,36,7,7,0,220
main,validation,1500,cross_suite_wrong,libero_spatial,3,3,37,41,37,7,7,0,220
main,validation,1500,cross_suite_wrong,libero_spatial,3,3,38,25,38,7,7,0,220
main,validation,1500,cross_suite_wrong,libero_spatial,3,3,39,35,39,7,7,0,220
main,validation,1500,cross_suite_wrong,libero_spatial,3,3,40,46,40,7,7,0,220
main,validation,1500,cross_suite_wrong,libero_spatial,3,3,41,40,41,7,7,0,220
main,validation,1500,cross_suite_wrong,libero_spatial,3,3,42,42,42,7,7,0,220
main,validation,1500,cross_suite_wrong,libero_spatial,3,3,43,48,43,7,7,0,220
main,validation,1500,cross_suite_wrong,libero_spatial,3,3,44,26,44,7,7,0,220
main,validation,1500,cross_suite_wrong,libero_spatial,3,3,45,11,45,7,7,0,220
main,validation,1500,cross_suite_wrong,libero_spatial,3,3,46,18,46,7,7,0,220
main,validation,1500,cross_suite_wrong,libero_spatial,3,3,47,13,47,7,7,0,220
main,validation,1500,cross_suite_wrong,libero_spatial,3,3,48,12,48,7,7,0,220
main,validation,1500,cross_suite_wrong,libero_spatial,3,3,49,37,49,7,7,0,220
main,validation,1500,shuffled,libero_10,31,1,0,47,0,7,7,1,476
main,validation,1500,shuffled,libero_10,31,1,1,9,1,7,7,0,520
main,validation,1500,shuffled,libero_10,31,1,2,3,2,7,7,0,520
main,validation,1500,shuffled,libero_10,31,1,3,32,3,7,7,0,520
main,validation,1500,shuffled,libero_10,31,1,4,15,4,7,7,1,342
main,validation,1500,shuffled,libero_10,31,1,5,18,5,7,7,0,520
main,validation,1500,shuffled,libero_10,31,1,6,34,6,7,7,1,424
main,validation,1500,shuffled,libero_10,31,1,7,11,7,7,7,0,520
main,validation,1500,shuffled,libero_10,31,1,8,31,8,7,7,1,327
main,validation,1500,shuffled,libero_10,31,1,9,45,9,7,7,0,520
main,validation,1500,shuffled,libero_10,31,1,10,49,10,7,7,1,367
main,validation,1500,shuffled,libero_10,31,1,11,28,11,7,7,1,297
main,validation,1500,shuffled,libero_10,31,1,12,39,12,7,7,1,298
main,validation,1500,shuffled,libero_10,31,1,13,43,13,7,7,0,520
main,validation,1500,shuffled,libero_10,31,1,14,12,14,7,7,1,439
main,validation,1500,shuffled,libero_10,31,1,15,38,15,7,7,0,520
main,validation,1500,shuffled,libero_10,31,1,16,35,16,7,7,1,356
main,validation,1500,shuffled,libero_10,31,1,17,33,17,7,7,1,294
main,validation,1500,shuffled,libero_10,31,1,18,42,18,7,7,0,520
main,validation,1500,shuffled,libero_10,31,1,19,24,19,7,7,0,520
main,validation,1500,shuffled,libero_10,31,1,20,21,20,7,7,0,520
main,validation,1500,shuffled,libero_10,31,1,21,23,21,7,7,0,520
main,validation,1500,shuffled,libero_10,31,1,22,2,22,7,7,0,520
main,validation,1500,shuffled,libero_10,31,1,23,48,23,7,7,0,520
main,validation,1500,shuffled,libero_10,31,1,24,0,24,7,7,0,520
main,validation,1500,shuffled,libero_10,31,1,25,7,25,7,7,1,312
main,validation,1500,shuffled,libero_10,31,1,26,37,26,7,7,1,267
main,validation,1500,shuffled,libero_10,31,1,27,4,27,7,7,0,520
main,validation,1500,shuffled,libero_10,31,1,28,20,28,7,7,0,520
main,validation,1500,shuffled,libero_10,31,1,29,25,29,7,7,0,520
main,validation,1500,shuffled,libero_10,31,1,30,46,30,7,7,0,520
main,validation,1500,shuffled,libero_10,31,1,31,22,31,7,7,1,348
main,validation,1500,shuffled,libero_10,31,1,32,41,32,7,7,1,457
main,validation,1500,shuffled,libero_10,31,1,33,40,33,7,7,0,520
main,validation,1500,shuffled,libero_10,31,1,34,13,34,7,7,1,276
main,validation,1500,shuffled,libero_10,31,1,35,16,35,7,7,0,520
main,validation,1500,shuffled,libero_10,31,1,36,10,36,7,7,0,520
main,validation,1500,shuffled,libero_10,31,1,37,17,37,7,7,1,282
main,validation,1500,shuffled,libero_10,31,1,38,6,38,7,7,1,497
main,validation,1500,shuffled,libero_10,31,1,39,27,39,7,7,1,512
main,validation,1500,shuffled,libero_10,31,1,40,36,40,7,7,0,520
main,validation,1500,shuffled,libero_10,31,1,41,26,41,7,7,0,520
main,validation,1500,shuffled,libero_10,31,1,42,44,42,7,7,0,520
main,validation,1500,shuffled,libero_10,31,1,43,19,43,7,7,1,508
main,validation,1500,shuffled,libero_10,31,1,44,14,44,7,7,0,520
main,validation,1500,shuffled,libero_10,31,1,45,8,45,7,7,0,520
main,validation,1500,shuffled,libero_10,31,1,46,5,46,7,7,1,488
main,validation,1500,shuffled,libero_10,31,1,47,30,47,7,7,1,437
main,validation,1500,shuffled,libero_10,31,1,48,29,48,7,7,1,390
main,validation,1500,shuffled,libero_10,31,1,49,1,49,7,7,1,303
main,validation,1500,shuffled,libero_10,32,2,0,16,0,7,7,0,520
main,validation,1500,shuffled,libero_10,32,2,1,35,1,7,7,0,520
main,validation,1500,shuffled,libero_10,32,2,2,12,2,7,7,0,520
main,validation,1500,shuffled,libero_10,32,2,3,8,3,7,7,0,520
main,validation,1500,shuffled,libero_10,32,2,4,37,4,7,7,0,520
main,validation,1500,shuffled,libero_10,32,2,5,42,5,7,7,0,520
main,validation,1500,shuffled,libero_10,32,2,6,15,6,7,7,0,520
main,validation,1500,shuffled,libero_10,32,2,7,43,7,7,7,0,520
main,validation,1500,shuffled,libero_10,32,2,8,33,8,7,7,0,520
main,validation,1500,shuffled,libero_10,32,2,9,25,9,7,7,0,520
main,validation,1500,shuffled,libero_10,32,2,10,3,10,7,7,0,520
main,validation,1500,shuffled,libero_10,32,2,11,29,11,7,7,0,520
main,validation,1500,shuffled,libero_10,32,2,12,24,12,7,7,0,520
main,validation,1500,shuffled,libero_10,32,2,13,28,13,7,7,0,520
main,validation,1500,shuffled,libero_10,32,2,14,47,14,7,7,0,520
main,validation,1500,shuffled,libero_10,32,2,15,36,15,7,7,0,520
main,validation,1500,shuffled,libero_10,32,2,16,18,16,7,7,0,520
main,validation,1500,shuffled,libero_10,32,2,17,46,17,7,7,0,520
main,validation,1500,shuffled,libero_10,32,2,18,39,18,7,7,0,520
main,validation,1500,shuffled,libero_10,32,2,19,31,19,7,7,0,520
main,validation,1500,shuffled,libero_10,32,2,20,32,20,7,7,0,520
main,validation,1500,shuffled,libero_10,32,2,21,34,21,7,7,0,520
main,validation,1500,shuffled,libero_10,32,2,22,19,22,7,7,0,520
main,validation,1500,shuffled,libero_10,32,2,23,49,23,7,7,0,520
main,validation,1500,shuffled,libero_10,32,2,24,45,24,7,7,0,520
main,validation,1500,shuffled,libero_10,32,2,25,21,25,7,7,0,520
main,validation,1500,shuffled,libero_10,32,2,26,44,26,7,7,0,520
main,validation,1500,shuffled,libero_10,32,2,27,2,27,7,7,0,520
main,validation,1500,shuffled,libero_10,32,2,28,38,28,7,7,0,520
main,validation,1500,shuffled,libero_10,32,2,29,5,29,7,7,0,520
main,validation,1500,shuffled,libero_10,32,2,30,1,30,7,7,0,520
main,validation,1500,shuffled,libero_10,32,2,31,27,31,7,7,0,520
main,validation,1500,shuffled,libero_10,32,2,32,7,32,7,7,0,520
main,validation,1500,shuffled,libero_10,32,2,33,13,33,7,7,0,520
main,validation,1500,shuffled,libero_10,32,2,34,23,34,7,7,0,520
main,validation,1500,shuffled,libero_10,32,2,35,11,35,7,7,0,520
main,validation,1500,shuffled,libero_10,32,2,36,9,36,7,7,0,520
main,validation,1500,shuffled,libero_10,32,2,37,0,37,7,7,0,520
main,validation,1500,shuffled,libero_10,32,2,38,10,38,7,7,0,520
main,validation,1500,shuffled,libero_10,32,2,39,26,39,7,7,0,520
main,validation,1500,shuffled,libero_10,32,2,40,4,40,7,7,0,520
main,validation,1500,shuffled,libero_10,32,2,41,30,41,7,7,0,520
main,validation,1500,shuffled,libero_10,32,2,42,40,42,7,7,0,520
main,validation,1500,shuffled,libero_10,32,2,43,22,43,7,7,0,520
main,validation,1500,shuffled,libero_10,32,2,44,41,44,7,7,0,520
main,validation,1500,shuffled,libero_10,32,2,45,17,45,7,7,0,520
main,validation,1500,shuffled,libero_10,32,2,46,20,46,7,7,0,520
main,validation,1500,shuffled,libero_10,32,2,47,14,47,7,7,0,520
main,validation,1500,shuffled,libero_10,32,2,48,48,48,7,7,0,520
main,validation,1500,shuffled,libero_10,32,2,49,6,49,7,7,0,520
main,validation,1500,shuffled,libero_goal,23,3,0,35,0,7,7,0,300
main,validation,1500,shuffled,libero_goal,23,3,1,13,1,7,7,0,300
main,validation,1500,shuffled,libero_goal,23,3,2,15,2,7,7,0,300
main,validation,1500,shuffled,libero_goal,23,3,3,8,3,7,7,0,300
main,validation,1500,shuffled,libero_goal,23,3,4,34,4,7,7,0,300
main,validation,1500,shuffled,libero_goal,23,3,5,28,5,7,7,0,300
main,validation,1500,shuffled,libero_goal,23,3,6,29,6,7,7,0,300
main,validation,1500,shuffled,libero_goal,23,3,7,19,7,7,7,0,300
main,validation,1500,shuffled,libero_goal,23,3,8,17,8,7,7,0,300
main,validation,1500,shuffled,libero_goal,23,3,9,2,9,7,7,0,300
main,validation,1500,shuffled,libero_goal,23,3,10,0,10,7,7,0,300
main,validation,1500,shuffled,libero_goal,23,3,11,31,11,7,7,0,300
main,validation,1500,shuffled,libero_goal,23,3,12,3,12,7,7,0,300
main,validation,1500,shuffled,libero_goal,23,3,13,30,13,7,7,0,300
main,validation,1500,shuffled,libero_goal,23,3,14,5,14,7,7,0,300
main,validation,1500,shuffled,libero_goal,23,3,15,26,15,7,7,0,300
main,validation,1500,shuffled,libero_goal,23,3,16,4,16,7,7,0,300
main,validation,1500,shuffled,libero_goal,23,3,17,9,17,7,7,0,300
main,validation,1500,shuffled,libero_goal,23,3,18,14,18,7,7,0,300
main,validation,1500,shuffled,libero_goal,23,3,19,12,19,7,7,0,300
main,validation,1500,shuffled,libero_goal,23,3,20,27,20,7,7,0,300
main,validation,1500,shuffled,libero_goal,23,3,21,32,21,7,7,0,300
main,validation,1500,shuffled,libero_goal,23,3,22,36,22,7,7,0,300
main,validation,1500,shuffled,libero_goal,23,3,23,44,23,7,7,0,300
main,validation,1500,shuffled,libero_goal,23,3,24,46,24,7,7,0,300
main,validation,1500,shuffled,libero_goal,23,3,25,11,25,7,7,0,300
main,validation,1500,shuffled,libero_goal,23,3,26,41,26,7,7,0,300
main,validation,1500,shuffled,libero_goal,23,3,27,16,27,7,7,0,300
main,validation,1500,shuffled,libero_goal,23,3,28,48,28,7,7,0,300
main,validation,1500,shuffled,libero_goal,23,3,29,23,29,7,7,0,300
main,validation,1500,shuffled,libero_goal,23,3,30,21,30,7,7,0,300
main,validation,1500,shuffled,libero_goal,23,3,31,38,31,7,7,0,300
main,validation,1500,shuffled,libero_goal,23,3,32,22,32,7,7,0,300
main,validation,1500,shuffled,libero_goal,23,3,33,39,33,7,7,0,300
main,validation,1500,shuffled,libero_goal,23,3,34,42,34,7,7,0,300
main,validation,1500,shuffled,libero_goal,23,3,35,18,35,7,7,0,300
main,validation,1500,shuffled,libero_goal,23,3,36,6,36,7,7,0,300
main,validation,1500,shuffled,libero_goal,23,3,37,49,37,7,7,0,300
main,validation,1500,shuffled,libero_goal,23,3,38,33,38,7,7,0,300
main,validation,1500,shuffled,libero_goal,23,3,39,37,39,7,7,0,300
main,validation,1500,shuffled,libero_goal,23,3,40,24,40,7,7,0,300
main,validation,1500,shuffled,libero_goal,23,3,41,7,41,7,7,0,300
main,validation,1500,shuffled,libero_goal,23,3,42,40,42,7,7,0,300
main,validation,1500,shuffled,libero_goal,23,3,43,1,43,7,7,0,300
main,validation,1500,shuffled,libero_goal,23,3,44,20,44,7,7,0,300
main,validation,1500,shuffled,libero_goal,23,3,45,45,45,7,7,0,300
main,validation,1500,shuffled,libero_goal,23,3,46,10,46,7,7,0,300
main,validation,1500,shuffled,libero_goal,23,3,47,47,47,7,7,0,300
main,validation,1500,shuffled,libero_goal,23,3,48,43,48,7,7,0,300
main,validation,1500,shuffled,libero_goal,23,3,49,25,49,7,7,0,300
main,validation,1500,shuffled,libero_goal,26,6,0,45,0,7,7,1,116
main,validation,1500,shuffled,libero_goal,26,6,1,8,1,7,7,1,111
main,validation,1500,shuffled,libero_goal,26,6,2,22,2,7,7,1,93
main,validation,1500,shuffled,libero_goal,26,6,3,34,3,7,7,0,300
main,validation,1500,shuffled,libero_goal,26,6,4,49,4,7,7,1,117
main,validation,1500,shuffled,libero_goal,26,6,5,41,5,7,7,0,300
main,validation,1500,shuffled,libero_goal,26,6,6,9,6,7,7,1,107
main,validation,1500,shuffled,libero_goal,26,6,7,40,7,7,7,1,76
main,validation,1500,shuffled,libero_goal,26,6,8,29,8,7,7,1,125
main,validation,1500,shuffled,libero_goal,26,6,9,26,9,7,7,1,92
main,validation,1500,shuffled,libero_goal,26,6,10,7,10,7,7,1,104
main,validation,1500,shuffled,libero_goal,26,6,11,10,11,7,7,0,300
main,validation,1500,shuffled,libero_goal,26,6,12,44,12,7,7,1,97
main,validation,1500,shuffled,libero_goal,26,6,13,1,13,7,7,0,300
main,validation,1500,shuffled,libero_goal,26,6,14,35,14,7,7,1,145
main,validation,1500,shuffled,libero_goal,26,6,15,20,15,7,7,1,97
main,validation,1500,shuffled,libero_goal,26,6,16,2,16,7,7,0,300
main,validation,1500,shuffled,libero_goal,26,6,17,0,17,7,7,0,300
main,validation,1500,shuffled,libero_goal,26,6,18,23,18,7,7,1,97
main,validation,1500,shuffled,libero_goal,26,6,19,36,19,7,7,1,103
main,validation,1500,shuffled,libero_goal,26,6,20,43,20,7,7,1,117
main,validation,1500,shuffled,libero_goal,26,6,21,21,21,7,7,1,112
main,validation,1500,shuffled,libero_goal,26,6,22,31,22,7,7,1,112
main,validation,1500,shuffled,libero_goal,26,6,23,27,23,7,7,1,121
main,validation,1500,shuffled,libero_goal,26,6,24,47,24,7,7,1,137
main,validation,1500,shuffled,libero_goal,26,6,25,5,25,7,7,0,300
main,validation,1500,shuffled,libero_goal,26,6,26,11,26,7,7,1,117
main,validation,1500,shuffled,libero_goal,26,6,27,24,27,7,7,1,92
main,validation,1500,shuffled,libero_goal,26,6,28,38,28,7,7,1,229
main,validation,1500,shuffled,libero_goal,26,6,29,16,29,7,7,1,107
main,validation,1500,shuffled,libero_goal,26,6,30,39,30,7,7,1,122
main,validation,1500,shuffled,libero_goal,26,6,31,12,31,7,7,1,103
main,validation,1500,shuffled,libero_goal,26,6,32,42,32,7,7,1,131
main,validation,1500,shuffled,libero_goal,26,6,33,48,33,7,7,1,108
main,validation,1500,shuffled,libero_goal,26,6,34,32,34,7,7,0,300
main,validation,1500,shuffled,libero_goal,26,6,35,13,35,7,7,0,300
main,validation,1500,shuffled,libero_goal,26,6,36,4,36,7,7,1,113
main,validation,1500,shuffled,libero_goal,26,6,37,30,37,7,7,1,123
main,validation,1500,shuffled,libero_goal,26,6,38,3,38,7,7,1,86
main,validation,1500,shuffled,libero_goal,26,6,39,46,39,7,7,1,116
main,validation,1500,shuffled,libero_goal,26,6,40,14,40,7,7,1,202
main,validation,1500,shuffled,libero_goal,26,6,41,28,41,7,7,0,300
main,validation,1500,shuffled,libero_goal,26,6,42,19,42,7,7,1,136
main,validation,1500,shuffled,libero_goal,26,6,43,17,43,7,7,1,183
main,validation,1500,shuffled,libero_goal,26,6,44,33,44,7,7,1,114
main,validation,1500,shuffled,libero_goal,26,6,45,37,45,7,7,1,120
main,validation,1500,shuffled,libero_goal,26,6,46,15,46,7,7,1,107
main,validation,1500,shuffled,libero_goal,26,6,47,25,47,7,7,1,103
main,validation,1500,shuffled,libero_goal,26,6,48,6,48,7,7,0,300
main,validation,1500,shuffled,libero_goal,26,6,49,18,49,7,7,1,242
main,validation,1500,shuffled,libero_object,11,1,0,34,0,7,7,0,280
main,validation,1500,shuffled,libero_object,11,1,1,10,1,7,7,0,280
main,validation,1500,shuffled,libero_object,11,1,2,12,2,7,7,1,233
main,validation,1500,shuffled,libero_object,11,1,3,2,3,7,7,1,138
main,validation,1500,shuffled,libero_object,11,1,4,39,4,7,7,1,169
main,validation,1500,shuffled,libero_object,11,1,5,8,5,7,7,1,144
main,validation,1500,shuffled,libero_object,11,1,6,35,6,7,7,0,280
main,validation,1500,shuffled,libero_object,11,1,7,41,7,7,7,1,111
main,validation,1500,shuffled,libero_object,11,1,8,45,8,7,7,1,144
main,validation,1500,shuffled,libero_object,11,1,9,16,9,7,7,1,137
main,validation,1500,shuffled,libero_object,11,1,10,4,10,7,7,0,280
main,validation,1500,shuffled,libero_object,11,1,11,3,11,7,7,1,145
main,validation,1500,shuffled,libero_object,11,1,12,30,12,7,7,0,280
main,validation,1500,shuffled,libero_object,11,1,13,23,13,7,7,1,113
main,validation,1500,shuffled,libero_object,11,1,14,14,14,7,7,1,257
main,validation,1500,shuffled,libero_object,11,1,15,48,15,7,7,0,280
main,validation,1500,shuffled,libero_object,11,1,16,33,16,7,7,1,199
main,validation,1500,shuffled,libero_object,11,1,17,18,17,7,7,1,275
main,validation,1500,shuffled,libero_object,11,1,18,13,18,7,7,1,170
main,validation,1500,shuffled,libero_object,11,1,19,46,19,7,7,1,171
main,validation,1500,shuffled,libero_object,11,1,20,43,20,7,7,0,280
main,validation,1500,shuffled,libero_object,11,1,21,28,21,7,7,1,204
main,validation,1500,shuffled,libero_object,11,1,22,29,22,7,7,0,280
main,validation,1500,shuffled,libero_object,11,1,23,17,23,7,7,1,121
main,validation,1500,shuffled,libero_object,11,1,24,37,24,7,7,1,147
main,validation,1500,shuffled,libero_object,11,1,25,31,25,7,7,1,118
main,validation,1500,shuffled,libero_object,11,1,26,26,26,7,7,1,150
main,validation,1500,shuffled,libero_object,11,1,27,40,27,7,7,1,183
main,validation,1500,shuffled,libero_object,11,1,28,42,28,7,7,0,280
main,validation,1500,shuffled,libero_object,11,1,29,32,29,7,7,1,137
main,validation,1500,shuffled,libero_object,11,1,30,24,30,7,7,0,280
main,validation,1500,shuffled,libero_object,11,1,31,19,31,7,7,1,124
main,validation,1500,shuffled,libero_object,11,1,32,47,32,7,7,1,179
main,validation,1500,shuffled,libero_object,11,1,33,38,33,7,7,0,280
main,validation,1500,shuffled,libero_object,11,1,34,11,34,7,7,0,280
main,validation,1500,shuffled,libero_object,11,1,35,22,35,7,7,1,132
main,validation,1500,shuffled,libero_object,11,1,36,25,36,7,7,1,123
main,validation,1500,shuffled,libero_object,11,1,37,15,37,7,7,1,127
main,validation,1500,shuffled,libero_object,11,1,38,9,38,7,7,1,146
main,validation,1500,shuffled,libero_object,11,1,39,5,39,7,7,1,146
main,validation,1500,shuffled,libero_object,11,1,40,7,40,7,7,1,157
main,validation,1500,shuffled,libero_object,11,1,41,1,41,7,7,1,113
main,validation,1500,shuffled,libero_object,11,1,42,27,42,7,7,1,134
main,validation,1500,shuffled,libero_object,11,1,43,20,43,7,7,1,132
main,validation,1500,shuffled,libero_object,11,1,44,0,44,7,7,1,154
main,validation,1500,shuffled,libero_object,11,1,45,49,45,7,7,1,141
main,validation,1500,shuffled,libero_object,11,1,46,44,46,7,7,1,103
main,validation,1500,shuffled,libero_object,11,1,47,36,47,7,7,0,280
main,validation,1500,shuffled,libero_object,11,1,48,6,48,7,7,0,280
main,validation,1500,shuffled,libero_object,11,1,49,21,49,7,7,1,150
main,validation,1500,shuffled,libero_object,13,3,0,33,0,7,7,0,280
main,validation,1500,shuffled,libero_object,13,3,1,20,1,7,7,0,280
main,validation,1500,shuffled,libero_object,13,3,2,18,2,7,7,0,280
main,validation,1500,shuffled,libero_object,13,3,3,9,3,7,7,1,131
main,validation,1500,shuffled,libero_object,13,3,4,42,4,7,7,0,280
main,validation,1500,shuffled,libero_object,13,3,5,34,5,7,7,0,280
main,validation,1500,shuffled,libero_object,13,3,6,24,6,7,7,0,280
main,validation,1500,shuffled,libero_object,13,3,7,28,7,7,7,0,280
main,validation,1500,shuffled,libero_object,13,3,8,25,8,7,7,0,280
main,validation,1500,shuffled,libero_object,13,3,9,3,9,7,7,0,280
main,validation,1500,shuffled,libero_object,13,3,10,16,10,7,7,1,185
main,validation,1500,shuffled,libero_object,13,3,11,14,11,7,7,0,280
main,validation,1500,shuffled,libero_object,13,3,12,44,12,7,7,0,280
main,validation,1500,shuffled,libero_object,13,3,13,8,13,7,7,0,280
main,validation,1500,shuffled,libero_object,13,3,14,48,14,7,7,1,121
main,validation,1500,shuffled,libero_object,13,3,15,2,15,7,7,0,280
main,validation,1500,shuffled,libero_object,13,3,16,36,16,7,7,1,129
main,validation,1500,shuffled,libero_object,13,3,17,35,17,7,7,0,280
main,validation,1500,shuffled,libero_object,13,3,18,0,18,7,7,0,280
main,validation,1500,shuffled,libero_object,13,3,19,47,19,7,7,0,280
main,validation,1500,shuffled,libero_object,13,3,20,30,20,7,7,0,280
main,validation,1500,shuffled,libero_object,13,3,21,4,21,7,7,0,280
main,validation,1500,shuffled,libero_object,13,3,22,13,22,7,7,0,280
main,validation,1500,shuffled,libero_object,13,3,23,45,23,7,7,0,280
main,validation,1500,shuffled,libero_object,13,3,24,43,24,7,7,0,280
main,validation,1500,shuffled,libero_object,13,3,25,5,25,7,7,0,280
main,validation,1500,shuffled,libero_object,13,3,26,7,26,7,7,0,280
main,validation,1500,shuffled,libero_object,13,3,27,46,27,7,7,0,280
main,validation,1500,shuffled,libero_object,13,3,28,15,28,7,7,0,280
main,validation,1500,shuffled,libero_object,13,3,29,49,29,7,7,0,280
main,validation,1500,shuffled,libero_object,13,3,30,26,30,7,7,1,110
main,validation,1500,shuffled,libero_object,13,3,31,10,31,7,7,1,170
main,validation,1500,shuffled,libero_object,13,3,32,23,32,7,7,0,280
main,validation,1500,shuffled,libero_object,13,3,33,17,33,7,7,0,280
main,validation,1500,shuffled,libero_object,13,3,34,1,34,7,7,1,140
main,validation,1500,shuffled,libero_object,13,3,35,21,35,7,7,0,280
main,validation,1500,shuffled,libero_object,13,3,36,12,36,7,7,0,280
main,validation,1500,shuffled,libero_object,13,3,37,11,37,7,7,0,280
main,validation,1500,shuffled,libero_object,13,3,38,40,38,7,7,1,117
main,validation,1500,shuffled,libero_object,13,3,39,41,39,7,7,0,280
main,validation,1500,shuffled,libero_object,13,3,40,19,40,7,7,0,280
main,validation,1500,shuffled,libero_object,13,3,41,32,41,7,7,0,280
main,validation,1500,shuffled,libero_object,13,3,42,38,42,7,7,0,280
main,validation,1500,shuffled,libero_object,13,3,43,22,43,7,7,0,280
main,validation,1500,shuffled,libero_object,13,3,44,29,44,7,7,0,280
main,validation,1500,shuffled,libero_object,13,3,45,37,45,7,7,1,222
main,validation,1500,shuffled,libero_object,13,3,46,31,46,7,7,0,280
main,validation,1500,shuffled,libero_object,13,3,47,6,47,7,7,0,280
main,validation,1500,shuffled,libero_object,13,3,48,27,48,7,7,0,280
main,validation,1500,shuffled,libero_object,13,3,49,39,49,7,7,0,280
main,validation,1500,shuffled,libero_spatial,1,1,0,1,0,7,7,0,220
main,validation,1500,shuffled,libero_spatial,1,1,1,21,1,7,7,0,220
main,validation,1500,shuffled,libero_spatial,1,1,2,39,2,7,7,0,220
main,validation,1500,shuffled,libero_spatial,1,1,3,14,3,7,7,0,220
main,validation,1500,shuffled,libero_spatial,1,1,4,2,4,7,7,0,220
main,validation,1500,shuffled,libero_spatial,1,1,5,34,5,7,7,0,220
main,validation,1500,shuffled,libero_spatial,1,1,6,40,6,7,7,0,220
main,validation,1500,shuffled,libero_spatial,1,1,7,8,7,7,7,0,220
main,validation,1500,shuffled,libero_spatial,1,1,8,4,8,7,7,0,220
main,validation,1500,shuffled,libero_spatial,1,1,9,42,9,7,7,0,220
main,validation,1500,shuffled,libero_spatial,1,1,10,44,10,7,7,0,220
main,validation,1500,shuffled,libero_spatial,1,1,11,24,11,7,7,0,220
main,validation,1500,shuffled,libero_spatial,1,1,12,36,12,7,7,0,220
main,validation,1500,shuffled,libero_spatial,1,1,13,37,13,7,7,0,220
main,validation,1500,shuffled,libero_spatial,1,1,14,18,14,7,7,0,220
main,validation,1500,shuffled,libero_spatial,1,1,15,31,15,7,7,0,220
main,validation,1500,shuffled,libero_spatial,1,1,16,33,16,7,7,0,220
main,validation,1500,shuffled,libero_spatial,1,1,17,9,17,7,7,0,220
main,validation,1500,shuffled,libero_spatial,1,1,18,6,18,7,7,0,220
main,validation,1500,shuffled,libero_spatial,1,1,19,7,19,7,7,0,220
main,validation,1500,shuffled,libero_spatial,1,1,20,27,20,7,7,0,220
main,validation,1500,shuffled,libero_spatial,1,1,21,20,21,7,7,0,220
main,validation,1500,shuffled,libero_spatial,1,1,22,38,22,7,7,0,220
main,validation,1500,shuffled,libero_spatial,1,1,23,46,23,7,7,0,220
main,validation,1500,shuffled,libero_spatial,1,1,24,17,24,7,7,0,220
main,validation,1500,shuffled,libero_spatial,1,1,25,41,25,7,7,0,220
main,validation,1500,shuffled,libero_spatial,1,1,26,0,26,7,7,0,220
main,validation,1500,shuffled,libero_spatial,1,1,27,30,27,7,7,0,220
main,validation,1500,shuffled,libero_spatial,1,1,28,22,28,7,7,0,220
main,validation,1500,shuffled,libero_spatial,1,1,29,12,29,7,7,0,220
main,validation,1500,shuffled,libero_spatial,1,1,30,47,30,7,7,0,220
main,validation,1500,shuffled,libero_spatial,1,1,31,45,31,7,7,0,220
main,validation,1500,shuffled,libero_spatial,1,1,32,32,32,7,7,0,220
main,validation,1500,shuffled,libero_spatial,1,1,33,43,33,7,7,0,220
main,validation,1500,shuffled,libero_spatial,1,1,34,3,34,7,7,0,220
main,validation,1500,shuffled,libero_spatial,1,1,35,11,35,7,7,0,220
main,validation,1500,shuffled,libero_spatial,1,1,36,48,36,7,7,0,220
main,validation,1500,shuffled,libero_spatial,1,1,37,28,37,7,7,0,220
main,validation,1500,shuffled,libero_spatial,1,1,38,35,38,7,7,0,220
main,validation,1500,shuffled,libero_spatial,1,1,39,29,39,7,7,0,220
main,validation,1500,shuffled,libero_spatial,1,1,40,15,40,7,7,0,220
main,validation,1500,shuffled,libero_spatial,1,1,41,5,41,7,7,0,220
main,validation,1500,shuffled,libero_spatial,1,1,42,26,42,7,7,0,220
main,validation,1500,shuffled,libero_spatial,1,1,43,19,43,7,7,0,220
main,validation,1500,shuffled,libero_spatial,1,1,44,23,44,7,7,0,220
main,validation,1500,shuffled,libero_spatial,1,1,45,10,45,7,7,0,220
main,validation,1500,shuffled,libero_spatial,1,1,46,16,46,7,7,0,220
main,validation,1500,shuffled,libero_spatial,1,1,47,25,47,7,7,0,220
main,validation,1500,shuffled,libero_spatial,1,1,48,49,48,7,7,0,220
main,validation,1500,shuffled,libero_spatial,1,1,49,13,49,7,7,0,220
main,validation,1500,shuffled,libero_spatial,3,3,0,2,0,7,7,0,220
main,validation,1500,shuffled,libero_spatial,3,3,1,36,1,7,7,0,220
main,validation,1500,shuffled,libero_spatial,3,3,2,43,2,7,7,1,128
main,validation,1500,shuffled,libero_spatial,3,3,3,16,3,7,7,0,220
main,validation,1500,shuffled,libero_spatial,3,3,4,7,4,7,7,0,220
main,validation,1500,shuffled,libero_spatial,3,3,5,8,5,7,7,1,117
main,validation,1500,shuffled,libero_spatial,3,3,6,14,6,7,7,0,220
main,validation,1500,shuffled,libero_spatial,3,3,7,38,7,7,7,0,220
main,validation,1500,shuffled,libero_spatial,3,3,8,33,8,7,7,0,220
main,validation,1500,shuffled,libero_spatial,3,3,9,1,9,7,7,0,220
main,validation,1500,shuffled,libero_spatial,3,3,10,21,10,7,7,1,124
main,validation,1500,shuffled,libero_spatial,3,3,11,5,11,7,7,0,220
main,validation,1500,shuffled,libero_spatial,3,3,12,49,12,7,7,0,220
main,validation,1500,shuffled,libero_spatial,3,3,13,29,13,7,7,0,220
main,validation,1500,shuffled,libero_spatial,3,3,14,24,14,7,7,1,102
main,validation,1500,shuffled,libero_spatial,3,3,15,10,15,7,7,0,220
main,validation,1500,shuffled,libero_spatial,3,3,16,44,16,7,7,0,220
main,validation,1500,shuffled,libero_spatial,3,3,17,15,17,7,7,0,220
main,validation,1500,shuffled,libero_spatial,3,3,18,19,18,7,7,0,220
main,validation,1500,shuffled,libero_spatial,3,3,19,39,19,7,7,0,220
main,validation,1500,shuffled,libero_spatial,3,3,20,6,20,7,7,0,220
main,validation,1500,shuffled,libero_spatial,3,3,21,30,21,7,7,0,220
main,validation,1500,shuffled,libero_spatial,3,3,22,28,22,7,7,0,220
main,validation,1500,shuffled,libero_spatial,3,3,23,34,23,7,7,0,220
main,validation,1500,shuffled,libero_spatial,3,3,24,3,24,7,7,0,220
main,validation,1500,shuffled,libero_spatial,3,3,25,45,25,7,7,0,220
main,validation,1500,shuffled,libero_spatial,3,3,26,32,26,7,7,0,220
main,validation,1500,shuffled,libero_spatial,3,3,27,22,27,7,7,0,220
main,validation,1500,shuffled,libero_spatial,3,3,28,20,28,7,7,0,220
main,validation,1500,shuffled,libero_spatial,3,3,29,23,29,7,7,0,220
main,validation,1500,shuffled,libero_spatial,3,3,30,9,30,7,7,0,220
main,validation,1500,shuffled,libero_spatial,3,3,31,0,31,7,7,0,220
main,validation,1500,shuffled,libero_spatial,3,3,32,4,32,7,7,1,124
main,validation,1500,shuffled,libero_spatial,3,3,33,47,33,7,7,0,220
main,validation,1500,shuffled,libero_spatial,3,3,34,31,34,7,7,0,220
main,validation,1500,shuffled,libero_spatial,3,3,35,27,35,7,7,0,220
main,validation,1500,shuffled,libero_spatial,3,3,36,17,36,7,7,1,108
main,validation,1500,shuffled,libero_spatial,3,3,37,41,37,7,7,0,220
main,validation,1500,shuffled,libero_spatial,3,3,38,25,38,7,7,0,220
main,validation,1500,shuffled,libero_spatial,3,3,39,35,39,7,7,0,220
main,validation,1500,shuffled,libero_spatial,3,3,40,46,40,7,7,0,220
main,validation,1500,shuffled,libero_spatial,3,3,41,40,41,7,7,0,220
main,validation,1500,shuffled,libero_spatial,3,3,42,42,42,7,7,0,220
main,validation,1500,shuffled,libero_spatial,3,3,43,48,43,7,7,0,220
main,validation,1500,shuffled,libero_spatial,3,3,44,26,44,7,7,0,220
main,validation,1500,shuffled,libero_spatial,3,3,45,11,45,7,7,0,220
main,validation,1500,shuffled,libero_spatial,3,3,46,18,46,7,7,0,220
main,validation,1500,shuffled,libero_spatial,3,3,47,13,47,7,7,0,220
main,validation,1500,shuffled,libero_spatial,3,3,48,12,48,7,7,0,220
main,validation,1500,shuffled,libero_spatial,3,3,49,37,49,7,7,0,220
main,validation,1500,reversed,libero_10,31,1,0,47,0,7,7,0,520
main,validation,1500,reversed,libero_10,31,1,1,9,1,7,7,0,520
main,validation,1500,reversed,libero_10,31,1,2,3,2,7,7,0,520
main,validation,1500,reversed,libero_10,31,1,3,32,3,7,7,1,373
main,validation,1500,reversed,libero_10,31,1,4,15,4,7,7,1,337
main,validation,1500,reversed,libero_10,31,1,5,18,5,7,7,0,520
main,validation,1500,reversed,libero_10,31,1,6,34,6,7,7,1,378
main,validation,1500,reversed,libero_10,31,1,7,11,7,7,7,0,520
main,validation,1500,reversed,libero_10,31,1,8,31,8,7,7,0,520
main,validation,1500,reversed,libero_10,31,1,9,45,9,7,7,0,520
main,validation,1500,reversed,libero_10,31,1,10,49,10,7,7,0,520
main,validation,1500,reversed,libero_10,31,1,11,28,11,7,7,1,415
main,validation,1500,reversed,libero_10,31,1,12,39,12,7,7,0,520
main,validation,1500,reversed,libero_10,31,1,13,43,13,7,7,1,370
main,validation,1500,reversed,libero_10,31,1,14,12,14,7,7,0,520
main,validation,1500,reversed,libero_10,31,1,15,38,15,7,7,0,520
main,validation,1500,reversed,libero_10,31,1,16,35,16,7,7,1,281
main,validation,1500,reversed,libero_10,31,1,17,33,17,7,7,0,520
main,validation,1500,reversed,libero_10,31,1,18,42,18,7,7,0,520
main,validation,1500,reversed,libero_10,31,1,19,24,19,7,7,0,520
main,validation,1500,reversed,libero_10,31,1,20,21,20,7,7,1,328
main,validation,1500,reversed,libero_10,31,1,21,23,21,7,7,0,520
main,validation,1500,reversed,libero_10,31,1,22,2,22,7,7,0,520
main,validation,1500,reversed,libero_10,31,1,23,48,23,7,7,1,453
main,validation,1500,reversed,libero_10,31,1,24,0,24,7,7,0,520
main,validation,1500,reversed,libero_10,31,1,25,7,25,7,7,0,520
main,validation,1500,reversed,libero_10,31,1,26,37,26,7,7,0,520
main,validation,1500,reversed,libero_10,31,1,27,4,27,7,7,1,339
main,validation,1500,reversed,libero_10,31,1,28,20,28,7,7,0,520
main,validation,1500,reversed,libero_10,31,1,29,25,29,7,7,0,520
main,validation,1500,reversed,libero_10,31,1,30,46,30,7,7,1,396
main,validation,1500,reversed,libero_10,31,1,31,22,31,7,7,1,332
main,validation,1500,reversed,libero_10,31,1,32,41,32,7,7,1,490
main,validation,1500,reversed,libero_10,31,1,33,40,33,7,7,0,520
main,validation,1500,reversed,libero_10,31,1,34,13,34,7,7,0,520
main,validation,1500,reversed,libero_10,31,1,35,16,35,7,7,0,520
main,validation,1500,reversed,libero_10,31,1,36,10,36,7,7,1,513
main,validation,1500,reversed,libero_10,31,1,37,17,37,7,7,1,282
main,validation,1500,reversed,libero_10,31,1,38,6,38,7,7,0,520
main,validation,1500,reversed,libero_10,31,1,39,27,39,7,7,0,520
main,validation,1500,reversed,libero_10,31,1,40,36,40,7,7,0,520
main,validation,1500,reversed,libero_10,31,1,41,26,41,7,7,1,492
main,validation,1500,reversed,libero_10,31,1,42,44,42,7,7,0,520
main,validation,1500,reversed,libero_10,31,1,43,19,43,7,7,1,267
main,validation,1500,reversed,libero_10,31,1,44,14,44,7,7,0,520
main,validation,1500,reversed,libero_10,31,1,45,8,45,7,7,0,520
main,validation,1500,reversed,libero_10,31,1,46,5,46,7,7,1,515
main,validation,1500,reversed,libero_10,31,1,47,30,47,7,7,0,520
main,validation,1500,reversed,libero_10,31,1,48,29,48,7,7,0,520
main,validation,1500,reversed,libero_10,31,1,49,1,49,7,7,0,520
main,validation,1500,reversed,libero_10,32,2,0,16,0,7,7,0,520
main,validation,1500,reversed,libero_10,32,2,1,35,1,7,7,0,520
main,validation,1500,reversed,libero_10,32,2,2,12,2,7,7,0,520
main,validation,1500,reversed,libero_10,32,2,3,8,3,7,7,0,520
main,validation,1500,reversed,libero_10,32,2,4,37,4,7,7,0,520
main,validation,1500,reversed,libero_10,32,2,5,42,5,7,7,0,520
main,validation,1500,reversed,libero_10,32,2,6,15,6,7,7,0,520
main,validation,1500,reversed,libero_10,32,2,7,43,7,7,7,0,520
main,validation,1500,reversed,libero_10,32,2,8,33,8,7,7,0,520
main,validation,1500,reversed,libero_10,32,2,9,25,9,7,7,0,520
main,validation,1500,reversed,libero_10,32,2,10,3,10,7,7,0,520
main,validation,1500,reversed,libero_10,32,2,11,29,11,7,7,0,520
main,validation,1500,reversed,libero_10,32,2,12,24,12,7,7,0,520
main,validation,1500,reversed,libero_10,32,2,13,28,13,7,7,0,520
main,validation,1500,reversed,libero_10,32,2,14,47,14,7,7,0,520
main,validation,1500,reversed,libero_10,32,2,15,36,15,7,7,0,520
main,validation,1500,reversed,libero_10,32,2,16,18,16,7,7,0,520
main,validation,1500,reversed,libero_10,32,2,17,46,17,7,7,0,520
main,validation,1500,reversed,libero_10,32,2,18,39,18,7,7,0,520
main,validation,1500,reversed,libero_10,32,2,19,31,19,7,7,0,520
main,validation,1500,reversed,libero_10,32,2,20,32,20,7,7,0,520
main,validation,1500,reversed,libero_10,32,2,21,34,21,7,7,0,520
main,validation,1500,reversed,libero_10,32,2,22,19,22,7,7,0,520
main,validation,1500,reversed,libero_10,32,2,23,49,23,7,7,0,520
main,validation,1500,reversed,libero_10,32,2,24,45,24,7,7,0,520
main,validation,1500,reversed,libero_10,32,2,25,21,25,7,7,0,520
main,validation,1500,reversed,libero_10,32,2,26,44,26,7,7,0,520
main,validation,1500,reversed,libero_10,32,2,27,2,27,7,7,0,520
main,validation,1500,reversed,libero_10,32,2,28,38,28,7,7,0,520
main,validation,1500,reversed,libero_10,32,2,29,5,29,7,7,0,520
main,validation,1500,reversed,libero_10,32,2,30,1,30,7,7,0,520
main,validation,1500,reversed,libero_10,32,2,31,27,31,7,7,0,520
main,validation,1500,reversed,libero_10,32,2,32,7,32,7,7,0,520
main,validation,1500,reversed,libero_10,32,2,33,13,33,7,7,0,520
main,validation,1500,reversed,libero_10,32,2,34,23,34,7,7,0,520
main,validation,1500,reversed,libero_10,32,2,35,11,35,7,7,0,520
main,validation,1500,reversed,libero_10,32,2,36,9,36,7,7,0,520
main,validation,1500,reversed,libero_10,32,2,37,0,37,7,7,0,520
main,validation,1500,reversed,libero_10,32,2,38,10,38,7,7,0,520
main,validation,1500,reversed,libero_10,32,2,39,26,39,7,7,0,520
main,validation,1500,reversed,libero_10,32,2,40,4,40,7,7,0,520
main,validation,1500,reversed,libero_10,32,2,41,30,41,7,7,0,520
main,validation,1500,reversed,libero_10,32,2,42,40,42,7,7,0,520
main,validation,1500,reversed,libero_10,32,2,43,22,43,7,7,0,520
main,validation,1500,reversed,libero_10,32,2,44,41,44,7,7,0,520
main,validation,1500,reversed,libero_10,32,2,45,17,45,7,7,0,520
main,validation,1500,reversed,libero_10,32,2,46,20,46,7,7,0,520
main,validation,1500,reversed,libero_10,32,2,47,14,47,7,7,0,520
main,validation,1500,reversed,libero_10,32,2,48,48,48,7,7,0,520
main,validation,1500,reversed,libero_10,32,2,49,6,49,7,7,0,520
main,validation,1500,reversed,libero_goal,23,3,0,35,0,7,7,0,300
main,validation,1500,reversed,libero_goal,23,3,1,13,1,7,7,0,300
main,validation,1500,reversed,libero_goal,23,3,2,15,2,7,7,0,300
main,validation,1500,reversed,libero_goal,23,3,3,8,3,7,7,0,300
main,validation,1500,reversed,libero_goal,23,3,4,34,4,7,7,0,300
main,validation,1500,reversed,libero_goal,23,3,5,28,5,7,7,0,300
main,validation,1500,reversed,libero_goal,23,3,6,29,6,7,7,0,300
main,validation,1500,reversed,libero_goal,23,3,7,19,7,7,7,0,300
main,validation,1500,reversed,libero_goal,23,3,8,17,8,7,7,0,300
main,validation,1500,reversed,libero_goal,23,3,9,2,9,7,7,0,300
main,validation,1500,reversed,libero_goal,23,3,10,0,10,7,7,0,300
main,validation,1500,reversed,libero_goal,23,3,11,31,11,7,7,0,300
main,validation,1500,reversed,libero_goal,23,3,12,3,12,7,7,0,300
main,validation,1500,reversed,libero_goal,23,3,13,30,13,7,7,0,300
main,validation,1500,reversed,libero_goal,23,3,14,5,14,7,7,0,300
main,validation,1500,reversed,libero_goal,23,3,15,26,15,7,7,0,300
main,validation,1500,reversed,libero_goal,23,3,16,4,16,7,7,0,300
main,validation,1500,reversed,libero_goal,23,3,17,9,17,7,7,0,300
main,validation,1500,reversed,libero_goal,23,3,18,14,18,7,7,0,300
main,validation,1500,reversed,libero_goal,23,3,19,12,19,7,7,0,300
main,validation,1500,reversed,libero_goal,23,3,20,27,20,7,7,0,300
main,validation,1500,reversed,libero_goal,23,3,21,32,21,7,7,0,300
main,validation,1500,reversed,libero_goal,23,3,22,36,22,7,7,0,300
main,validation,1500,reversed,libero_goal,23,3,23,44,23,7,7,0,300
main,validation,1500,reversed,libero_goal,23,3,24,46,24,7,7,0,300
main,validation,1500,reversed,libero_goal,23,3,25,11,25,7,7,0,300
main,validation,1500,reversed,libero_goal,23,3,26,41,26,7,7,0,300
main,validation,1500,reversed,libero_goal,23,3,27,16,27,7,7,0,300
main,validation,1500,reversed,libero_goal,23,3,28,48,28,7,7,0,300
main,validation,1500,reversed,libero_goal,23,3,29,23,29,7,7,0,300
main,validation,1500,reversed,libero_goal,23,3,30,21,30,7,7,0,300
main,validation,1500,reversed,libero_goal,23,3,31,38,31,7,7,0,300
main,validation,1500,reversed,libero_goal,23,3,32,22,32,7,7,0,300
main,validation,1500,reversed,libero_goal,23,3,33,39,33,7,7,0,300
main,validation,1500,reversed,libero_goal,23,3,34,42,34,7,7,0,300
main,validation,1500,reversed,libero_goal,23,3,35,18,35,7,7,0,300
main,validation,1500,reversed,libero_goal,23,3,36,6,36,7,7,0,300
main,validation,1500,reversed,libero_goal,23,3,37,49,37,7,7,0,300
main,validation,1500,reversed,libero_goal,23,3,38,33,38,7,7,0,300
main,validation,1500,reversed,libero_goal,23,3,39,37,39,7,7,0,300
main,validation,1500,reversed,libero_goal,23,3,40,24,40,7,7,0,300
main,validation,1500,reversed,libero_goal,23,3,41,7,41,7,7,0,300
main,validation,1500,reversed,libero_goal,23,3,42,40,42,7,7,0,300
main,validation,1500,reversed,libero_goal,23,3,43,1,43,7,7,0,300
main,validation,1500,reversed,libero_goal,23,3,44,20,44,7,7,0,300
main,validation,1500,reversed,libero_goal,23,3,45,45,45,7,7,0,300
main,validation,1500,reversed,libero_goal,23,3,46,10,46,7,7,0,300
main,validation,1500,reversed,libero_goal,23,3,47,47,47,7,7,0,300
main,validation,1500,reversed,libero_goal,23,3,48,43,48,7,7,0,300
main,validation,1500,reversed,libero_goal,23,3,49,25,49,7,7,0,300
main,validation,1500,reversed,libero_goal,26,6,0,45,0,7,7,1,116
main,validation,1500,reversed,libero_goal,26,6,1,8,1,7,7,1,191
main,validation,1500,reversed,libero_goal,26,6,2,22,2,7,7,1,202
main,validation,1500,reversed,libero_goal,26,6,3,34,3,7,7,1,117
main,validation,1500,reversed,libero_goal,26,6,4,49,4,7,7,1,113
main,validation,1500,reversed,libero_goal,26,6,5,41,5,7,7,0,300
main,validation,1500,reversed,libero_goal,26,6,6,9,6,7,7,1,132
main,validation,1500,reversed,libero_goal,26,6,7,40,7,7,7,1,97
main,validation,1500,reversed,libero_goal,26,6,8,29,8,7,7,1,126
main,validation,1500,reversed,libero_goal,26,6,9,26,9,7,7,1,91
main,validation,1500,reversed,libero_goal,26,6,10,7,10,7,7,0,300
main,validation,1500,reversed,libero_goal,26,6,11,10,11,7,7,0,300
main,validation,1500,reversed,libero_goal,26,6,12,44,12,7,7,1,127
main,validation,1500,reversed,libero_goal,26,6,13,1,13,7,7,0,300
main,validation,1500,reversed,libero_goal,26,6,14,35,14,7,7,1,128
main,validation,1500,reversed,libero_goal,26,6,15,20,15,7,7,0,300
main,validation,1500,reversed,libero_goal,26,6,16,2,16,7,7,0,300
main,validation,1500,reversed,libero_goal,26,6,17,0,17,7,7,1,166
main,validation,1500,reversed,libero_goal,26,6,18,23,18,7,7,1,97
main,validation,1500,reversed,libero_goal,26,6,19,36,19,7,7,0,300
main,validation,1500,reversed,libero_goal,26,6,20,43,20,7,7,1,121
main,validation,1500,reversed,libero_goal,26,6,21,21,21,7,7,1,107
main,validation,1500,reversed,libero_goal,26,6,22,31,22,7,7,1,169
main,validation,1500,reversed,libero_goal,26,6,23,27,23,7,7,1,166
main,validation,1500,reversed,libero_goal,26,6,24,47,24,7,7,1,137
main,validation,1500,reversed,libero_goal,26,6,25,5,25,7,7,0,300
main,validation,1500,reversed,libero_goal,26,6,26,11,26,7,7,1,251
main,validation,1500,reversed,libero_goal,26,6,27,24,27,7,7,0,300
main,validation,1500,reversed,libero_goal,26,6,28,38,28,7,7,1,116
main,validation,1500,reversed,libero_goal,26,6,29,16,29,7,7,0,300
main,validation,1500,reversed,libero_goal,26,6,30,39,30,7,7,1,121
main,validation,1500,reversed,libero_goal,26,6,31,12,31,7,7,1,114
main,validation,1500,reversed,libero_goal,26,6,32,42,32,7,7,1,131
main,validation,1500,reversed,libero_goal,26,6,33,48,33,7,7,1,121
main,validation,1500,reversed,libero_goal,26,6,34,32,34,7,7,1,139
main,validation,1500,reversed,libero_goal,26,6,35,13,35,7,7,1,162
main,validation,1500,reversed,libero_goal,26,6,36,4,36,7,7,1,126
main,validation,1500,reversed,libero_goal,26,6,37,30,37,7,7,0,300
main,validation,1500,reversed,libero_goal,26,6,38,3,38,7,7,1,184
main,validation,1500,reversed,libero_goal,26,6,39,46,39,7,7,0,300
main,validation,1500,reversed,libero_goal,26,6,40,14,40,7,7,1,151
main,validation,1500,reversed,libero_goal,26,6,41,28,41,7,7,1,143
main,validation,1500,reversed,libero_goal,26,6,42,19,42,7,7,0,300
main,validation,1500,reversed,libero_goal,26,6,43,17,43,7,7,0,300
main,validation,1500,reversed,libero_goal,26,6,44,33,44,7,7,1,124
main,validation,1500,reversed,libero_goal,26,6,45,37,45,7,7,1,103
main,validation,1500,reversed,libero_goal,26,6,46,15,46,7,7,1,129
main,validation,1500,reversed,libero_goal,26,6,47,25,47,7,7,1,246
main,validation,1500,reversed,libero_goal,26,6,48,6,48,7,7,1,131
main,validation,1500,reversed,libero_goal,26,6,49,18,49,7,7,1,203
main,validation,1500,reversed,libero_object,11,1,0,34,0,7,7,0,280
main,validation,1500,reversed,libero_object,11,1,1,10,1,7,7,1,150
main,validation,1500,reversed,libero_object,11,1,2,12,2,7,7,1,203
main,validation,1500,reversed,libero_object,11,1,3,2,3,7,7,1,133
main,validation,1500,reversed,libero_object,11,1,4,39,4,7,7,1,139
main,validation,1500,reversed,libero_object,11,1,5,8,5,7,7,1,130
main,validation,1500,reversed,libero_object,11,1,6,35,6,7,7,1,170
main,validation,1500,reversed,libero_object,11,1,7,41,7,7,7,1,127
main,validation,1500,reversed,libero_object,11,1,8,45,8,7,7,1,135
main,validation,1500,reversed,libero_object,11,1,9,16,9,7,7,1,177
main,validation,1500,reversed,libero_object,11,1,10,4,10,7,7,1,242
main,validation,1500,reversed,libero_object,11,1,11,3,11,7,7,1,132
main,validation,1500,reversed,libero_object,11,1,12,30,12,7,7,1,260
main,validation,1500,reversed,libero_object,11,1,13,23,13,7,7,1,168
main,validation,1500,reversed,libero_object,11,1,14,14,14,7,7,1,178
main,validation,1500,reversed,libero_object,11,1,15,48,15,7,7,1,212
main,validation,1500,reversed,libero_object,11,1,16,33,16,7,7,1,153
main,validation,1500,reversed,libero_object,11,1,17,18,17,7,7,0,280
main,validation,1500,reversed,libero_object,11,1,18,13,18,7,7,1,202
main,validation,1500,reversed,libero_object,11,1,19,46,19,7,7,1,137
main,validation,1500,reversed,libero_object,11,1,20,43,20,7,7,0,280
main,validation,1500,reversed,libero_object,11,1,21,28,21,7,7,0,280
main,validation,1500,reversed,libero_object,11,1,22,29,22,7,7,1,134
main,validation,1500,reversed,libero_object,11,1,23,17,23,7,7,1,136
main,validation,1500,reversed,libero_object,11,1,24,37,24,7,7,1,118
main,validation,1500,reversed,libero_object,11,1,25,31,25,7,7,1,117
main,validation,1500,reversed,libero_object,11,1,26,26,26,7,7,1,122
main,validation,1500,reversed,libero_object,11,1,27,40,27,7,7,1,147
main,validation,1500,reversed,libero_object,11,1,28,42,28,7,7,1,193
main,validation,1500,reversed,libero_object,11,1,29,32,29,7,7,1,138
main,validation,1500,reversed,libero_object,11,1,30,24,30,7,7,0,280
main,validation,1500,reversed,libero_object,11,1,31,19,31,7,7,1,171
main,validation,1500,reversed,libero_object,11,1,32,47,32,7,7,1,176
main,validation,1500,reversed,libero_object,11,1,33,38,33,7,7,0,280
main,validation,1500,reversed,libero_object,11,1,34,11,34,7,7,1,142
main,validation,1500,reversed,libero_object,11,1,35,22,35,7,7,1,132
main,validation,1500,reversed,libero_object,11,1,36,25,36,7,7,1,135
main,validation,1500,reversed,libero_object,11,1,37,15,37,7,7,1,171
main,validation,1500,reversed,libero_object,11,1,38,9,38,7,7,0,280
main,validation,1500,reversed,libero_object,11,1,39,5,39,7,7,1,131
main,validation,1500,reversed,libero_object,11,1,40,7,40,7,7,1,203
main,validation,1500,reversed,libero_object,11,1,41,1,41,7,7,0,280
main,validation,1500,reversed,libero_object,11,1,42,27,42,7,7,1,124
main,validation,1500,reversed,libero_object,11,1,43,20,43,7,7,1,169
main,validation,1500,reversed,libero_object,11,1,44,0,44,7,7,1,128
main,validation,1500,reversed,libero_object,11,1,45,49,45,7,7,1,167
main,validation,1500,reversed,libero_object,11,1,46,44,46,7,7,1,130
main,validation,1500,reversed,libero_object,11,1,47,36,47,7,7,1,122
main,validation,1500,reversed,libero_object,11,1,48,6,48,7,7,0,280
main,validation,1500,reversed,libero_object,11,1,49,21,49,7,7,0,280
main,validation,1500,reversed,libero_object,13,3,0,33,0,7,7,0,280
main,validation,1500,reversed,libero_object,13,3,1,20,1,7,7,1,166
main,validation,1500,reversed,libero_object,13,3,2,18,2,7,7,1,132
main,validation,1500,reversed,libero_object,13,3,3,9,3,7,7,1,257
main,validation,1500,reversed,libero_object,13,3,4,42,4,7,7,0,280
main,validation,1500,reversed,libero_object,13,3,5,34,5,7,7,0,280
main,validation,1500,reversed,libero_object,13,3,6,24,6,7,7,0,280
main,validation,1500,reversed,libero_object,13,3,7,28,7,7,7,0,280
main,validation,1500,reversed,libero_object,13,3,8,25,8,7,7,0,280
main,validation,1500,reversed,libero_object,13,3,9,3,9,7,7,1,272
main,validation,1500,reversed,libero_object,13,3,10,16,10,7,7,1,177
main,validation,1500,reversed,libero_object,13,3,11,14,11,7,7,0,280
main,validation,1500,reversed,libero_object,13,3,12,44,12,7,7,1,146
main,validation,1500,reversed,libero_object,13,3,13,8,13,7,7,0,280
main,validation,1500,reversed,libero_object,13,3,14,48,14,7,7,1,265
main,validation,1500,reversed,libero_object,13,3,15,2,15,7,7,0,280
main,validation,1500,reversed,libero_object,13,3,16,36,16,7,7,1,163
main,validation,1500,reversed,libero_object,13,3,17,35,17,7,7,1,208
main,validation,1500,reversed,libero_object,13,3,18,0,18,7,7,1,111
main,validation,1500,reversed,libero_object,13,3,19,47,19,7,7,0,280
main,validation,1500,reversed,libero_object,13,3,20,30,20,7,7,1,156
main,validation,1500,reversed,libero_object,13,3,21,4,21,7,7,0,280
main,validation,1500,reversed,libero_object,13,3,22,13,22,7,7,0,280
main,validation,1500,reversed,libero_object,13,3,23,45,23,7,7,0,280
main,validation,1500,reversed,libero_object,13,3,24,43,24,7,7,0,280
main,validation,1500,reversed,libero_object,13,3,25,5,25,7,7,0,280
main,validation,1500,reversed,libero_object,13,3,26,7,26,7,7,0,280
main,validation,1500,reversed,libero_object,13,3,27,46,27,7,7,0,280
main,validation,1500,reversed,libero_object,13,3,28,15,28,7,7,0,280
main,validation,1500,reversed,libero_object,13,3,29,49,29,7,7,0,280
main,validation,1500,reversed,libero_object,13,3,30,26,30,7,7,1,121
main,validation,1500,reversed,libero_object,13,3,31,10,31,7,7,1,136
main,validation,1500,reversed,libero_object,13,3,32,23,32,7,7,1,129
main,validation,1500,reversed,libero_object,13,3,33,17,33,7,7,1,209
main,validation,1500,reversed,libero_object,13,3,34,1,34,7,7,1,129
main,validation,1500,reversed,libero_object,13,3,35,21,35,7,7,1,128
main,validation,1500,reversed,libero_object,13,3,36,12,36,7,7,0,280
main,validation,1500,reversed,libero_object,13,3,37,11,37,7,7,0,280
main,validation,1500,reversed,libero_object,13,3,38,40,38,7,7,1,136
main,validation,1500,reversed,libero_object,13,3,39,41,39,7,7,0,280
main,validation,1500,reversed,libero_object,13,3,40,19,40,7,7,0,280
main,validation,1500,reversed,libero_object,13,3,41,32,41,7,7,1,136
main,validation,1500,reversed,libero_object,13,3,42,38,42,7,7,0,280
main,validation,1500,reversed,libero_object,13,3,43,22,43,7,7,0,280
main,validation,1500,reversed,libero_object,13,3,44,29,44,7,7,0,280
main,validation,1500,reversed,libero_object,13,3,45,37,45,7,7,1,183
main,validation,1500,reversed,libero_object,13,3,46,31,46,7,7,0,280
main,validation,1500,reversed,libero_object,13,3,47,6,47,7,7,0,280
main,validation,1500,reversed,libero_object,13,3,48,27,48,7,7,0,280
main,validation,1500,reversed,libero_object,13,3,49,39,49,7,7,0,280
main,validation,1500,reversed,libero_spatial,1,1,0,1,0,7,7,0,220
main,validation,1500,reversed,libero_spatial,1,1,1,21,1,7,7,0,220
main,validation,1500,reversed,libero_spatial,1,1,2,39,2,7,7,0,220
main,validation,1500,reversed,libero_spatial,1,1,3,14,3,7,7,0,220
main,validation,1500,reversed,libero_spatial,1,1,4,2,4,7,7,0,220
main,validation,1500,reversed,libero_spatial,1,1,5,34,5,7,7,0,220
main,validation,1500,reversed,libero_spatial,1,1,6,40,6,7,7,0,220
main,validation,1500,reversed,libero_spatial,1,1,7,8,7,7,7,0,220
main,validation,1500,reversed,libero_spatial,1,1,8,4,8,7,7,0,220
main,validation,1500,reversed,libero_spatial,1,1,9,42,9,7,7,0,220
main,validation,1500,reversed,libero_spatial,1,1,10,44,10,7,7,0,220
main,validation,1500,reversed,libero_spatial,1,1,11,24,11,7,7,0,220
main,validation,1500,reversed,libero_spatial,1,1,12,36,12,7,7,0,220
main,validation,1500,reversed,libero_spatial,1,1,13,37,13,7,7,0,220
main,validation,1500,reversed,libero_spatial,1,1,14,18,14,7,7,0,220
main,validation,1500,reversed,libero_spatial,1,1,15,31,15,7,7,0,220
main,validation,1500,reversed,libero_spatial,1,1,16,33,16,7,7,0,220
main,validation,1500,reversed,libero_spatial,1,1,17,9,17,7,7,0,220
main,validation,1500,reversed,libero_spatial,1,1,18,6,18,7,7,0,220
main,validation,1500,reversed,libero_spatial,1,1,19,7,19,7,7,0,220
main,validation,1500,reversed,libero_spatial,1,1,20,27,20,7,7,0,220
main,validation,1500,reversed,libero_spatial,1,1,21,20,21,7,7,0,220
main,validation,1500,reversed,libero_spatial,1,1,22,38,22,7,7,0,220
main,validation,1500,reversed,libero_spatial,1,1,23,46,23,7,7,0,220
main,validation,1500,reversed,libero_spatial,1,1,24,17,24,7,7,0,220
main,validation,1500,reversed,libero_spatial,1,1,25,41,25,7,7,0,220
main,validation,1500,reversed,libero_spatial,1,1,26,0,26,7,7,0,220
main,validation,1500,reversed,libero_spatial,1,1,27,30,27,7,7,0,220
main,validation,1500,reversed,libero_spatial,1,1,28,22,28,7,7,0,220
main,validation,1500,reversed,libero_spatial,1,1,29,12,29,7,7,0,220
main,validation,1500,reversed,libero_spatial,1,1,30,47,30,7,7,0,220
main,validation,1500,reversed,libero_spatial,1,1,31,45,31,7,7,0,220
main,validation,1500,reversed,libero_spatial,1,1,32,32,32,7,7,0,220
main,validation,1500,reversed,libero_spatial,1,1,33,43,33,7,7,0,220
main,validation,1500,reversed,libero_spatial,1,1,34,3,34,7,7,0,220
main,validation,1500,reversed,libero_spatial,1,1,35,11,35,7,7,0,220
main,validation,1500,reversed,libero_spatial,1,1,36,48,36,7,7,0,220
main,validation,1500,reversed,libero_spatial,1,1,37,28,37,7,7,0,220
main,validation,1500,reversed,libero_spatial,1,1,38,35,38,7,7,0,220
main,validation,1500,reversed,libero_spatial,1,1,39,29,39,7,7,0,220
main,validation,1500,reversed,libero_spatial,1,1,40,15,40,7,7,0,220
main,validation,1500,reversed,libero_spatial,1,1,41,5,41,7,7,0,220
main,validation,1500,reversed,libero_spatial,1,1,42,26,42,7,7,0,220
main,validation,1500,reversed,libero_spatial,1,1,43,19,43,7,7,0,220
main,validation,1500,reversed,libero_spatial,1,1,44,23,44,7,7,0,220
main,validation,1500,reversed,libero_spatial,1,1,45,10,45,7,7,0,220
main,validation,1500,reversed,libero_spatial,1,1,46,16,46,7,7,0,220
main,validation,1500,reversed,libero_spatial,1,1,47,25,47,7,7,0,220
main,validation,1500,reversed,libero_spatial,1,1,48,49,48,7,7,0,220
main,validation,1500,reversed,libero_spatial,1,1,49,13,49,7,7,0,220
main,validation,1500,reversed,libero_spatial,3,3,0,2,0,7,7,0,220
main,validation,1500,reversed,libero_spatial,3,3,1,36,1,7,7,0,220
main,validation,1500,reversed,libero_spatial,3,3,2,43,2,7,7,0,220
main,validation,1500,reversed,libero_spatial,3,3,3,16,3,7,7,0,220
main,validation,1500,reversed,libero_spatial,3,3,4,7,4,7,7,0,220
main,validation,1500,reversed,libero_spatial,3,3,5,8,5,7,7,0,220
main,validation,1500,reversed,libero_spatial,3,3,6,14,6,7,7,0,220
main,validation,1500,reversed,libero_spatial,3,3,7,38,7,7,7,0,220
main,validation,1500,reversed,libero_spatial,3,3,8,33,8,7,7,0,220
main,validation,1500,reversed,libero_spatial,3,3,9,1,9,7,7,0,220
main,validation,1500,reversed,libero_spatial,3,3,10,21,10,7,7,0,220
main,validation,1500,reversed,libero_spatial,3,3,11,5,11,7,7,0,220
main,validation,1500,reversed,libero_spatial,3,3,12,49,12,7,7,0,220
main,validation,1500,reversed,libero_spatial,3,3,13,29,13,7,7,0,220
main,validation,1500,reversed,libero_spatial,3,3,14,24,14,7,7,0,220
main,validation,1500,reversed,libero_spatial,3,3,15,10,15,7,7,0,220
main,validation,1500,reversed,libero_spatial,3,3,16,44,16,7,7,0,220
main,validation,1500,reversed,libero_spatial,3,3,17,15,17,7,7,0,220
main,validation,1500,reversed,libero_spatial,3,3,18,19,18,7,7,0,220
main,validation,1500,reversed,libero_spatial,3,3,19,39,19,7,7,0,220
main,validation,1500,reversed,libero_spatial,3,3,20,6,20,7,7,0,220
main,validation,1500,reversed,libero_spatial,3,3,21,30,21,7,7,0,220
main,validation,1500,reversed,libero_spatial,3,3,22,28,22,7,7,0,220
main,validation,1500,reversed,libero_spatial,3,3,23,34,23,7,7,0,220
main,validation,1500,reversed,libero_spatial,3,3,24,3,24,7,7,0,220
main,validation,1500,reversed,libero_spatial,3,3,25,45,25,7,7,0,220
main,validation,1500,reversed,libero_spatial,3,3,26,32,26,7,7,0,220
main,validation,1500,reversed,libero_spatial,3,3,27,22,27,7,7,0,220
main,validation,1500,reversed,libero_spatial,3,3,28,20,28,7,7,0,220
main,validation,1500,reversed,libero_spatial,3,3,29,23,29,7,7,0,220
main,validation,1500,reversed,libero_spatial,3,3,30,9,30,7,7,0,220
main,validation,1500,reversed,libero_spatial,3,3,31,0,31,7,7,0,220
main,validation,1500,reversed,libero_spatial,3,3,32,4,32,7,7,0,220
main,validation,1500,reversed,libero_spatial,3,3,33,47,33,7,7,0,220
main,validation,1500,reversed,libero_spatial,3,3,34,31,34,7,7,0,220
main,validation,1500,reversed,libero_spatial,3,3,35,27,35,7,7,0,220
main,validation,1500,reversed,libero_spatial,3,3,36,17,36,7,7,0,220
main,validation,1500,reversed,libero_spatial,3,3,37,41,37,7,7,0,220
main,validation,1500,reversed,libero_spatial,3,3,38,25,38,7,7,0,220
main,validation,1500,reversed,libero_spatial,3,3,39,35,39,7,7,0,220
main,validation,1500,reversed,libero_spatial,3,3,40,46,40,7,7,0,220
main,validation,1500,reversed,libero_spatial,3,3,41,40,41,7,7,0,220
main,validation,1500,reversed,libero_spatial,3,3,42,42,42,7,7,0,220
main,validation,1500,reversed,libero_spatial,3,3,43,48,43,7,7,0,220
main,validation,1500,reversed,libero_spatial,3,3,44,26,44,7,7,0,220
main,validation,1500,reversed,libero_spatial,3,3,45,11,45,7,7,0,220
main,validation,1500,reversed,libero_spatial,3,3,46,18,46,7,7,0,220
main,validation,1500,reversed,libero_spatial,3,3,47,13,47,7,7,0,220
main,validation,1500,reversed,libero_spatial,3,3,48,12,48,7,7,0,220
main,validation,1500,reversed,libero_spatial,3,3,49,37,49,7,7,0,220
shared_source,validation,1500,no_video,libero_10,31,1,0,,0,7,7,0,520
shared_source,validation,1500,no_video,libero_10,31,1,1,,1,7,7,0,520
shared_source,validation,1500,no_video,libero_10,31,1,2,,2,7,7,0,520
shared_source,validation,1500,no_video,libero_10,31,1,3,,3,7,7,0,520
shared_source,validation,1500,no_video,libero_10,31,1,4,,4,7,7,0,520
shared_source,validation,1500,no_video,libero_10,31,1,5,,5,7,7,0,520
shared_source,validation,1500,no_video,libero_10,31,1,6,,6,7,7,0,520
shared_source,validation,1500,no_video,libero_10,31,1,7,,7,7,7,0,520
shared_source,validation,1500,no_video,libero_10,31,1,8,,8,7,7,0,520
shared_source,validation,1500,no_video,libero_10,31,1,9,,9,7,7,0,520
shared_source,validation,1500,no_video,libero_10,31,1,10,,10,7,7,0,520
shared_source,validation,1500,no_video,libero_10,31,1,11,,11,7,7,0,520
shared_source,validation,1500,no_video,libero_10,31,1,12,,12,7,7,0,520
shared_source,validation,1500,no_video,libero_10,31,1,13,,13,7,7,1,397
shared_source,validation,1500,no_video,libero_10,31,1,14,,14,7,7,0,520
shared_source,validation,1500,no_video,libero_10,31,1,15,,15,7,7,0,520
shared_source,validation,1500,no_video,libero_10,31,1,16,,16,7,7,1,323
shared_source,validation,1500,no_video,libero_10,31,1,17,,17,7,7,0,520
shared_source,validation,1500,no_video,libero_10,31,1,18,,18,7,7,0,520
shared_source,validation,1500,no_video,libero_10,31,1,19,,19,7,7,0,520
shared_source,validation,1500,no_video,libero_10,31,1,20,,20,7,7,0,520
shared_source,validation,1500,no_video,libero_10,31,1,21,,21,7,7,0,520
shared_source,validation,1500,no_video,libero_10,31,1,22,,22,7,7,0,520
shared_source,validation,1500,no_video,libero_10,31,1,23,,23,7,7,0,520
shared_source,validation,1500,no_video,libero_10,31,1,24,,24,7,7,0,520
shared_source,validation,1500,no_video,libero_10,31,1,25,,25,7,7,0,520
shared_source,validation,1500,no_video,libero_10,31,1,26,,26,7,7,0,520
shared_source,validation,1500,no_video,libero_10,31,1,27,,27,7,7,0,520
shared_source,validation,1500,no_video,libero_10,31,1,28,,28,7,7,0,520
shared_source,validation,1500,no_video,libero_10,31,1,29,,29,7,7,0,520
shared_source,validation,1500,no_video,libero_10,31,1,30,,30,7,7,1,422
shared_source,validation,1500,no_video,libero_10,31,1,31,,31,7,7,0,520
shared_source,validation,1500,no_video,libero_10,31,1,32,,32,7,7,0,520
shared_source,validation,1500,no_video,libero_10,31,1,33,,33,7,7,1,406
shared_source,validation,1500,no_video,libero_10,31,1,34,,34,7,7,0,520
shared_source,validation,1500,no_video,libero_10,31,1,35,,35,7,7,0,520
shared_source,validation,1500,no_video,libero_10,31,1,36,,36,7,7,0,520
shared_source,validation,1500,no_video,libero_10,31,1,37,,37,7,7,1,392
shared_source,validation,1500,no_video,libero_10,31,1,38,,38,7,7,0,520
shared_source,validation,1500,no_video,libero_10,31,1,39,,39,7,7,0,520
shared_source,validation,1500,no_video,libero_10,31,1,40,,40,7,7,0,520
shared_source,validation,1500,no_video,libero_10,31,1,41,,41,7,7,0,520
shared_source,validation,1500,no_video,libero_10,31,1,42,,42,7,7,0,520
shared_source,validation,1500,no_video,libero_10,31,1,43,,43,7,7,0,520
shared_source,validation,1500,no_video,libero_10,31,1,44,,44,7,7,0,520
shared_source,validation,1500,no_video,libero_10,31,1,45,,45,7,7,0,520
shared_source,validation,1500,no_video,libero_10,31,1,46,,46,7,7,1,508
shared_source,validation,1500,no_video,libero_10,31,1,47,,47,7,7,0,520
shared_source,validation,1500,no_video,libero_10,31,1,48,,48,7,7,0,520
shared_source,validation,1500,no_video,libero_10,31,1,49,,49,7,7,0,520
shared_source,validation,1500,no_video,libero_10,32,2,0,,0,7,7,0,520
shared_source,validation,1500,no_video,libero_10,32,2,1,,1,7,7,0,520
shared_source,validation,1500,no_video,libero_10,32,2,2,,2,7,7,0,520
shared_source,validation,1500,no_video,libero_10,32,2,3,,3,7,7,0,520
shared_source,validation,1500,no_video,libero_10,32,2,4,,4,7,7,1,508
shared_source,validation,1500,no_video,libero_10,32,2,5,,5,7,7,0,520
shared_source,validation,1500,no_video,libero_10,32,2,6,,6,7,7,0,520
shared_source,validation,1500,no_video,libero_10,32,2,7,,7,7,7,0,520
shared_source,validation,1500,no_video,libero_10,32,2,8,,8,7,7,0,520
shared_source,validation,1500,no_video,libero_10,32,2,9,,9,7,7,0,520
shared_source,validation,1500,no_video,libero_10,32,2,10,,10,7,7,0,520
shared_source,validation,1500,no_video,libero_10,32,2,11,,11,7,7,0,520
shared_source,validation,1500,no_video,libero_10,32,2,12,,12,7,7,0,520
shared_source,validation,1500,no_video,libero_10,32,2,13,,13,7,7,0,520
shared_source,validation,1500,no_video,libero_10,32,2,14,,14,7,7,0,520
shared_source,validation,1500,no_video,libero_10,32,2,15,,15,7,7,0,520
shared_source,validation,1500,no_video,libero_10,32,2,16,,16,7,7,0,520
shared_source,validation,1500,no_video,libero_10,32,2,17,,17,7,7,0,520
shared_source,validation,1500,no_video,libero_10,32,2,18,,18,7,7,0,520
shared_source,validation,1500,no_video,libero_10,32,2,19,,19,7,7,0,520
shared_source,validation,1500,no_video,libero_10,32,2,20,,20,7,7,0,520
shared_source,validation,1500,no_video,libero_10,32,2,21,,21,7,7,0,520
shared_source,validation,1500,no_video,libero_10,32,2,22,,22,7,7,0,520
shared_source,validation,1500,no_video,libero_10,32,2,23,,23,7,7,0,520
shared_source,validation,1500,no_video,libero_10,32,2,24,,24,7,7,0,520
shared_source,validation,1500,no_video,libero_10,32,2,25,,25,7,7,0,520
shared_source,validation,1500,no_video,libero_10,32,2,26,,26,7,7,0,520
shared_source,validation,1500,no_video,libero_10,32,2,27,,27,7,7,0,520
shared_source,validation,1500,no_video,libero_10,32,2,28,,28,7,7,0,520
shared_source,validation,1500,no_video,libero_10,32,2,29,,29,7,7,0,520
shared_source,validation,1500,no_video,libero_10,32,2,30,,30,7,7,0,520
shared_source,validation,1500,no_video,libero_10,32,2,31,,31,7,7,0,520
shared_source,validation,1500,no_video,libero_10,32,2,32,,32,7,7,0,520
shared_source,validation,1500,no_video,libero_10,32,2,33,,33,7,7,0,520
shared_source,validation,1500,no_video,libero_10,32,2,34,,34,7,7,0,520
shared_source,validation,1500,no_video,libero_10,32,2,35,,35,7,7,0,520
shared_source,validation,1500,no_video,libero_10,32,2,36,,36,7,7,0,520
shared_source,validation,1500,no_video,libero_10,32,2,37,,37,7,7,0,520
shared_source,validation,1500,no_video,libero_10,32,2,38,,38,7,7,0,520
shared_source,validation,1500,no_video,libero_10,32,2,39,,39,7,7,0,520
shared_source,validation,1500,no_video,libero_10,32,2,40,,40,7,7,0,520
shared_source,validation,1500,no_video,libero_10,32,2,41,,41,7,7,0,520
shared_source,validation,1500,no_video,libero_10,32,2,42,,42,7,7,0,520
shared_source,validation,1500,no_video,libero_10,32,2,43,,43,7,7,0,520
shared_source,validation,1500,no_video,libero_10,32,2,44,,44,7,7,0,520
shared_source,validation,1500,no_video,libero_10,32,2,45,,45,7,7,0,520
shared_source,validation,1500,no_video,libero_10,32,2,46,,46,7,7,0,520
shared_source,validation,1500,no_video,libero_10,32,2,47,,47,7,7,0,520
shared_source,validation,1500,no_video,libero_10,32,2,48,,48,7,7,0,520
shared_source,validation,1500,no_video,libero_10,32,2,49,,49,7,7,0,520
shared_source,validation,1500,no_video,libero_goal,23,3,0,,0,7,7,0,300
shared_source,validation,1500,no_video,libero_goal,23,3,1,,1,7,7,0,300
shared_source,validation,1500,no_video,libero_goal,23,3,2,,2,7,7,0,300
shared_source,validation,1500,no_video,libero_goal,23,3,3,,3,7,7,0,300
shared_source,validation,1500,no_video,libero_goal,23,3,4,,4,7,7,0,300
shared_source,validation,1500,no_video,libero_goal,23,3,5,,5,7,7,0,300
shared_source,validation,1500,no_video,libero_goal,23,3,6,,6,7,7,0,300
shared_source,validation,1500,no_video,libero_goal,23,3,7,,7,7,7,0,300
shared_source,validation,1500,no_video,libero_goal,23,3,8,,8,7,7,0,300
shared_source,validation,1500,no_video,libero_goal,23,3,9,,9,7,7,0,300
shared_source,validation,1500,no_video,libero_goal,23,3,10,,10,7,7,0,300
shared_source,validation,1500,no_video,libero_goal,23,3,11,,11,7,7,0,300
shared_source,validation,1500,no_video,libero_goal,23,3,12,,12,7,7,0,300
shared_source,validation,1500,no_video,libero_goal,23,3,13,,13,7,7,0,300
shared_source,validation,1500,no_video,libero_goal,23,3,14,,14,7,7,0,300
shared_source,validation,1500,no_video,libero_goal,23,3,15,,15,7,7,0,300
shared_source,validation,1500,no_video,libero_goal,23,3,16,,16,7,7,0,300
shared_source,validation,1500,no_video,libero_goal,23,3,17,,17,7,7,0,300
shared_source,validation,1500,no_video,libero_goal,23,3,18,,18,7,7,0,300
shared_source,validation,1500,no_video,libero_goal,23,3,19,,19,7,7,0,300
shared_source,validation,1500,no_video,libero_goal,23,3,20,,20,7,7,0,300
shared_source,validation,1500,no_video,libero_goal,23,3,21,,21,7,7,0,300
shared_source,validation,1500,no_video,libero_goal,23,3,22,,22,7,7,0,300
shared_source,validation,1500,no_video,libero_goal,23,3,23,,23,7,7,0,300
shared_source,validation,1500,no_video,libero_goal,23,3,24,,24,7,7,0,300
shared_source,validation,1500,no_video,libero_goal,23,3,25,,25,7,7,0,300
shared_source,validation,1500,no_video,libero_goal,23,3,26,,26,7,7,0,300
shared_source,validation,1500,no_video,libero_goal,23,3,27,,27,7,7,0,300
shared_source,validation,1500,no_video,libero_goal,23,3,28,,28,7,7,0,300
shared_source,validation,1500,no_video,libero_goal,23,3,29,,29,7,7,0,300
shared_source,validation,1500,no_video,libero_goal,23,3,30,,30,7,7,0,300
shared_source,validation,1500,no_video,libero_goal,23,3,31,,31,7,7,0,300
shared_source,validation,1500,no_video,libero_goal,23,3,32,,32,7,7,0,300
shared_source,validation,1500,no_video,libero_goal,23,3,33,,33,7,7,0,300
shared_source,validation,1500,no_video,libero_goal,23,3,34,,34,7,7,0,300
shared_source,validation,1500,no_video,libero_goal,23,3,35,,35,7,7,0,300
shared_source,validation,1500,no_video,libero_goal,23,3,36,,36,7,7,0,300
shared_source,validation,1500,no_video,libero_goal,23,3,37,,37,7,7,0,300
shared_source,validation,1500,no_video,libero_goal,23,3,38,,38,7,7,0,300
shared_source,validation,1500,no_video,libero_goal,23,3,39,,39,7,7,0,300
shared_source,validation,1500,no_video,libero_goal,23,3,40,,40,7,7,0,300
shared_source,validation,1500,no_video,libero_goal,23,3,41,,41,7,7,0,300
shared_source,validation,1500,no_video,libero_goal,23,3,42,,42,7,7,0,300
shared_source,validation,1500,no_video,libero_goal,23,3,43,,43,7,7,0,300
shared_source,validation,1500,no_video,libero_goal,23,3,44,,44,7,7,0,300
shared_source,validation,1500,no_video,libero_goal,23,3,45,,45,7,7,0,300
shared_source,validation,1500,no_video,libero_goal,23,3,46,,46,7,7,0,300
shared_source,validation,1500,no_video,libero_goal,23,3,47,,47,7,7,0,300
shared_source,validation,1500,no_video,libero_goal,23,3,48,,48,7,7,0,300
shared_source,validation,1500,no_video,libero_goal,23,3,49,,49,7,7,0,300
shared_source,validation,1500,no_video,libero_goal,26,6,0,,0,7,7,1,108
shared_source,validation,1500,no_video,libero_goal,26,6,1,,1,7,7,1,123
shared_source,validation,1500,no_video,libero_goal,26,6,2,,2,7,7,1,136
shared_source,validation,1500,no_video,libero_goal,26,6,3,,3,7,7,0,300
shared_source,validation,1500,no_video,libero_goal,26,6,4,,4,7,7,1,103
shared_source,validation,1500,no_video,libero_goal,26,6,5,,5,7,7,0,300
shared_source,validation,1500,no_video,libero_goal,26,6,6,,6,7,7,1,114
shared_source,validation,1500,no_video,libero_goal,26,6,7,,7,7,7,1,105
shared_source,validation,1500,no_video,libero_goal,26,6,8,,8,7,7,1,110
shared_source,validation,1500,no_video,libero_goal,26,6,9,,9,7,7,1,126
shared_source,validation,1500,no_video,libero_goal,26,6,10,,10,7,7,1,112
shared_source,validation,1500,no_video,libero_goal,26,6,11,,11,7,7,0,300
shared_source,validation,1500,no_video,libero_goal,26,6,12,,12,7,7,1,127
shared_source,validation,1500,no_video,libero_goal,26,6,13,,13,7,7,1,104
shared_source,validation,1500,no_video,libero_goal,26,6,14,,14,7,7,1,114
shared_source,validation,1500,no_video,libero_goal,26,6,15,,15,7,7,1,162
shared_source,validation,1500,no_video,libero_goal,26,6,16,,16,7,7,0,300
shared_source,validation,1500,no_video,libero_goal,26,6,17,,17,7,7,1,104
shared_source,validation,1500,no_video,libero_goal,26,6,18,,18,7,7,1,111
shared_source,validation,1500,no_video,libero_goal,26,6,19,,19,7,7,1,113
shared_source,validation,1500,no_video,libero_goal,26,6,20,,20,7,7,1,126
shared_source,validation,1500,no_video,libero_goal,26,6,21,,21,7,7,1,138
shared_source,validation,1500,no_video,libero_goal,26,6,22,,22,7,7,1,125
shared_source,validation,1500,no_video,libero_goal,26,6,23,,23,7,7,1,146
shared_source,validation,1500,no_video,libero_goal,26,6,24,,24,7,7,0,300
shared_source,validation,1500,no_video,libero_goal,26,6,25,,25,7,7,1,111
shared_source,validation,1500,no_video,libero_goal,26,6,26,,26,7,7,0,300
shared_source,validation,1500,no_video,libero_goal,26,6,27,,27,7,7,1,112
shared_source,validation,1500,no_video,libero_goal,26,6,28,,28,7,7,1,111
shared_source,validation,1500,no_video,libero_goal,26,6,29,,29,7,7,1,130
shared_source,validation,1500,no_video,libero_goal,26,6,30,,30,7,7,1,115
shared_source,validation,1500,no_video,libero_goal,26,6,31,,31,7,7,1,131
shared_source,validation,1500,no_video,libero_goal,26,6,32,,32,7,7,1,114
shared_source,validation,1500,no_video,libero_goal,26,6,33,,33,7,7,1,112
shared_source,validation,1500,no_video,libero_goal,26,6,34,,34,7,7,1,115
shared_source,validation,1500,no_video,libero_goal,26,6,35,,35,7,7,1,119
shared_source,validation,1500,no_video,libero_goal,26,6,36,,36,7,7,1,112
shared_source,validation,1500,no_video,libero_goal,26,6,37,,37,7,7,1,121
shared_source,validation,1500,no_video,libero_goal,26,6,38,,38,7,7,1,104
shared_source,validation,1500,no_video,libero_goal,26,6,39,,39,7,7,1,118
shared_source,validation,1500,no_video,libero_goal,26,6,40,,40,7,7,1,128
shared_source,validation,1500,no_video,libero_goal,26,6,41,,41,7,7,1,130
shared_source,validation,1500,no_video,libero_goal,26,6,42,,42,7,7,1,190
shared_source,validation,1500,no_video,libero_goal,26,6,43,,43,7,7,1,115
shared_source,validation,1500,no_video,libero_goal,26,6,44,,44,7,7,0,300
shared_source,validation,1500,no_video,libero_goal,26,6,45,,45,7,7,1,127
shared_source,validation,1500,no_video,libero_goal,26,6,46,,46,7,7,1,127
shared_source,validation,1500,no_video,libero_goal,26,6,47,,47,7,7,1,113
shared_source,validation,1500,no_video,libero_goal,26,6,48,,48,7,7,1,108
shared_source,validation,1500,no_video,libero_goal,26,6,49,,49,7,7,0,300
shared_source,validation,1500,no_video,libero_object,11,1,0,,0,7,7,0,280
shared_source,validation,1500,no_video,libero_object,11,1,1,,1,7,7,0,280
shared_source,validation,1500,no_video,libero_object,11,1,2,,2,7,7,0,280
shared_source,validation,1500,no_video,libero_object,11,1,3,,3,7,7,0,280
shared_source,validation,1500,no_video,libero_object,11,1,4,,4,7,7,0,280
shared_source,validation,1500,no_video,libero_object,11,1,5,,5,7,7,0,280
shared_source,validation,1500,no_video,libero_object,11,1,6,,6,7,7,0,280
shared_source,validation,1500,no_video,libero_object,11,1,7,,7,7,7,0,280
shared_source,validation,1500,no_video,libero_object,11,1,8,,8,7,7,0,280
shared_source,validation,1500,no_video,libero_object,11,1,9,,9,7,7,0,280
shared_source,validation,1500,no_video,libero_object,11,1,10,,10,7,7,0,280
shared_source,validation,1500,no_video,libero_object,11,1,11,,11,7,7,0,280
shared_source,validation,1500,no_video,libero_object,11,1,12,,12,7,7,0,280
shared_source,validation,1500,no_video,libero_object,11,1,13,,13,7,7,1,253
shared_source,validation,1500,no_video,libero_object,11,1,14,,14,7,7,0,280
shared_source,validation,1500,no_video,libero_object,11,1,15,,15,7,7,0,280
shared_source,validation,1500,no_video,libero_object,11,1,16,,16,7,7,0,280
shared_source,validation,1500,no_video,libero_object,11,1,17,,17,7,7,0,280
shared_source,validation,1500,no_video,libero_object,11,1,18,,18,7,7,0,280
shared_source,validation,1500,no_video,libero_object,11,1,19,,19,7,7,0,280
shared_source,validation,1500,no_video,libero_object,11,1,20,,20,7,7,0,280
shared_source,validation,1500,no_video,libero_object,11,1,21,,21,7,7,0,280
shared_source,validation,1500,no_video,libero_object,11,1,22,,22,7,7,0,280
shared_source,validation,1500,no_video,libero_object,11,1,23,,23,7,7,0,280
shared_source,validation,1500,no_video,libero_object,11,1,24,,24,7,7,0,280
shared_source,validation,1500,no_video,libero_object,11,1,25,,25,7,7,0,280
shared_source,validation,1500,no_video,libero_object,11,1,26,,26,7,7,0,280
shared_source,validation,1500,no_video,libero_object,11,1,27,,27,7,7,0,280
shared_source,validation,1500,no_video,libero_object,11,1,28,,28,7,7,0,280
shared_source,validation,1500,no_video,libero_object,11,1,29,,29,7,7,0,280
shared_source,validation,1500,no_video,libero_object,11,1,30,,30,7,7,0,280
shared_source,validation,1500,no_video,libero_object,11,1,31,,31,7,7,0,280
shared_source,validation,1500,no_video,libero_object,11,1,32,,32,7,7,0,280
shared_source,validation,1500,no_video,libero_object,11,1,33,,33,7,7,0,280
shared_source,validation,1500,no_video,libero_object,11,1,34,,34,7,7,0,280
shared_source,validation,1500,no_video,libero_object,11,1,35,,35,7,7,0,280
shared_source,validation,1500,no_video,libero_object,11,1,36,,36,7,7,0,280
shared_source,validation,1500,no_video,libero_object,11,1,37,,37,7,7,0,280
shared_source,validation,1500,no_video,libero_object,11,1,38,,38,7,7,0,280
shared_source,validation,1500,no_video,libero_object,11,1,39,,39,7,7,0,280
shared_source,validation,1500,no_video,libero_object,11,1,40,,40,7,7,0,280
shared_source,validation,1500,no_video,libero_object,11,1,41,,41,7,7,0,280
shared_source,validation,1500,no_video,libero_object,11,1,42,,42,7,7,0,280
shared_source,validation,1500,no_video,libero_object,11,1,43,,43,7,7,0,280
shared_source,validation,1500,no_video,libero_object,11,1,44,,44,7,7,0,280
shared_source,validation,1500,no_video,libero_object,11,1,45,,45,7,7,0,280
shared_source,validation,1500,no_video,libero_object,11,1,46,,46,7,7,0,280
shared_source,validation,1500,no_video,libero_object,11,1,47,,47,7,7,0,280
shared_source,validation,1500,no_video,libero_object,11,1,48,,48,7,7,0,280
shared_source,validation,1500,no_video,libero_object,11,1,49,,49,7,7,0,280
shared_source,validation,1500,no_video,libero_object,13,3,0,,0,7,7,0,280
shared_source,validation,1500,no_video,libero_object,13,3,1,,1,7,7,0,280
shared_source,validation,1500,no_video,libero_object,13,3,2,,2,7,7,0,280
shared_source,validation,1500,no_video,libero_object,13,3,3,,3,7,7,0,280
shared_source,validation,1500,no_video,libero_object,13,3,4,,4,7,7,0,280
shared_source,validation,1500,no_video,libero_object,13,3,5,,5,7,7,0,280
shared_source,validation,1500,no_video,libero_object,13,3,6,,6,7,7,0,280
shared_source,validation,1500,no_video,libero_object,13,3,7,,7,7,7,0,280
shared_source,validation,1500,no_video,libero_object,13,3,8,,8,7,7,0,280
shared_source,validation,1500,no_video,libero_object,13,3,9,,9,7,7,0,280
shared_source,validation,1500,no_video,libero_object,13,3,10,,10,7,7,0,280
shared_source,validation,1500,no_video,libero_object,13,3,11,,11,7,7,0,280
shared_source,validation,1500,no_video,libero_object,13,3,12,,12,7,7,0,280
shared_source,validation,1500,no_video,libero_object,13,3,13,,13,7,7,0,280
shared_source,validation,1500,no_video,libero_object,13,3,14,,14,7,7,0,280
shared_source,validation,1500,no_video,libero_object,13,3,15,,15,7,7,0,280
shared_source,validation,1500,no_video,libero_object,13,3,16,,16,7,7,0,280
shared_source,validation,1500,no_video,libero_object,13,3,17,,17,7,7,0,280
shared_source,validation,1500,no_video,libero_object,13,3,18,,18,7,7,0,280
shared_source,validation,1500,no_video,libero_object,13,3,19,,19,7,7,0,280
shared_source,validation,1500,no_video,libero_object,13,3,20,,20,7,7,0,280
shared_source,validation,1500,no_video,libero_object,13,3,21,,21,7,7,0,280
shared_source,validation,1500,no_video,libero_object,13,3,22,,22,7,7,0,280
shared_source,validation,1500,no_video,libero_object,13,3,23,,23,7,7,0,280
shared_source,validation,1500,no_video,libero_object,13,3,24,,24,7,7,0,280
shared_source,validation,1500,no_video,libero_object,13,3,25,,25,7,7,0,280
shared_source,validation,1500,no_video,libero_object,13,3,26,,26,7,7,0,280
shared_source,validation,1500,no_video,libero_object,13,3,27,,27,7,7,0,280
shared_source,validation,1500,no_video,libero_object,13,3,28,,28,7,7,0,280
shared_source,validation,1500,no_video,libero_object,13,3,29,,29,7,7,0,280
shared_source,validation,1500,no_video,libero_object,13,3,30,,30,7,7,0,280
shared_source,validation,1500,no_video,libero_object,13,3,31,,31,7,7,0,280
shared_source,validation,1500,no_video,libero_object,13,3,32,,32,7,7,0,280
shared_source,validation,1500,no_video,libero_object,13,3,33,,33,7,7,0,280
shared_source,validation,1500,no_video,libero_object,13,3,34,,34,7,7,0,280
shared_source,validation,1500,no_video,libero_object,13,3,35,,35,7,7,0,280
shared_source,validation,1500,no_video,libero_object,13,3,36,,36,7,7,0,280
shared_source,validation,1500,no_video,libero_object,13,3,37,,37,7,7,0,280
shared_source,validation,1500,no_video,libero_object,13,3,38,,38,7,7,0,280
shared_source,validation,1500,no_video,libero_object,13,3,39,,39,7,7,0,280
shared_source,validation,1500,no_video,libero_object,13,3,40,,40,7,7,0,280
shared_source,validation,1500,no_video,libero_object,13,3,41,,41,7,7,0,280
shared_source,validation,1500,no_video,libero_object,13,3,42,,42,7,7,0,280
shared_source,validation,1500,no_video,libero_object,13,3,43,,43,7,7,0,280
shared_source,validation,1500,no_video,libero_object,13,3,44,,44,7,7,0,280
shared_source,validation,1500,no_video,libero_object,13,3,45,,45,7,7,0,280
shared_source,validation,1500,no_video,libero_object,13,3,46,,46,7,7,0,280
shared_source,validation,1500,no_video,libero_object,13,3,47,,47,7,7,0,280
shared_source,validation,1500,no_video,libero_object,13,3,48,,48,7,7,0,280
shared_source,validation,1500,no_video,libero_object,13,3,49,,49,7,7,0,280
shared_source,validation,1500,no_video,libero_spatial,1,1,0,,0,7,7,0,220
shared_source,validation,1500,no_video,libero_spatial,1,1,1,,1,7,7,0,220
shared_source,validation,1500,no_video,libero_spatial,1,1,2,,2,7,7,0,220
shared_source,validation,1500,no_video,libero_spatial,1,1,3,,3,7,7,0,220
shared_source,validation,1500,no_video,libero_spatial,1,1,4,,4,7,7,0,220
shared_source,validation,1500,no_video,libero_spatial,1,1,5,,5,7,7,0,220
shared_source,validation,1500,no_video,libero_spatial,1,1,6,,6,7,7,0,220
shared_source,validation,1500,no_video,libero_spatial,1,1,7,,7,7,7,0,220
shared_source,validation,1500,no_video,libero_spatial,1,1,8,,8,7,7,0,220
shared_source,validation,1500,no_video,libero_spatial,1,1,9,,9,7,7,0,220
shared_source,validation,1500,no_video,libero_spatial,1,1,10,,10,7,7,0,220
shared_source,validation,1500,no_video,libero_spatial,1,1,11,,11,7,7,0,220
shared_source,validation,1500,no_video,libero_spatial,1,1,12,,12,7,7,0,220
shared_source,validation,1500,no_video,libero_spatial,1,1,13,,13,7,7,0,220
shared_source,validation,1500,no_video,libero_spatial,1,1,14,,14,7,7,0,220
shared_source,validation,1500,no_video,libero_spatial,1,1,15,,15,7,7,0,220
shared_source,validation,1500,no_video,libero_spatial,1,1,16,,16,7,7,0,220
shared_source,validation,1500,no_video,libero_spatial,1,1,17,,17,7,7,0,220
shared_source,validation,1500,no_video,libero_spatial,1,1,18,,18,7,7,0,220
shared_source,validation,1500,no_video,libero_spatial,1,1,19,,19,7,7,0,220
shared_source,validation,1500,no_video,libero_spatial,1,1,20,,20,7,7,0,220
shared_source,validation,1500,no_video,libero_spatial,1,1,21,,21,7,7,0,220
shared_source,validation,1500,no_video,libero_spatial,1,1,22,,22,7,7,0,220
shared_source,validation,1500,no_video,libero_spatial,1,1,23,,23,7,7,0,220
shared_source,validation,1500,no_video,libero_spatial,1,1,24,,24,7,7,0,220
shared_source,validation,1500,no_video,libero_spatial,1,1,25,,25,7,7,0,220
shared_source,validation,1500,no_video,libero_spatial,1,1,26,,26,7,7,0,220
shared_source,validation,1500,no_video,libero_spatial,1,1,27,,27,7,7,0,220
shared_source,validation,1500,no_video,libero_spatial,1,1,28,,28,7,7,0,220
shared_source,validation,1500,no_video,libero_spatial,1,1,29,,29,7,7,0,220
shared_source,validation,1500,no_video,libero_spatial,1,1,30,,30,7,7,0,220
shared_source,validation,1500,no_video,libero_spatial,1,1,31,,31,7,7,0,220
shared_source,validation,1500,no_video,libero_spatial,1,1,32,,32,7,7,0,220
shared_source,validation,1500,no_video,libero_spatial,1,1,33,,33,7,7,0,220
shared_source,validation,1500,no_video,libero_spatial,1,1,34,,34,7,7,0,220
shared_source,validation,1500,no_video,libero_spatial,1,1,35,,35,7,7,0,220
shared_source,validation,1500,no_video,libero_spatial,1,1,36,,36,7,7,0,220
shared_source,validation,1500,no_video,libero_spatial,1,1,37,,37,7,7,0,220
shared_source,validation,1500,no_video,libero_spatial,1,1,38,,38,7,7,0,220
shared_source,validation,1500,no_video,libero_spatial,1,1,39,,39,7,7,0,220
shared_source,validation,1500,no_video,libero_spatial,1,1,40,,40,7,7,0,220
shared_source,validation,1500,no_video,libero_spatial,1,1,41,,41,7,7,0,220
shared_source,validation,1500,no_video,libero_spatial,1,1,42,,42,7,7,0,220
shared_source,validation,1500,no_video,libero_spatial,1,1,43,,43,7,7,0,220
shared_source,validation,1500,no_video,libero_spatial,1,1,44,,44,7,7,0,220
shared_source,validation,1500,no_video,libero_spatial,1,1,45,,45,7,7,0,220
shared_source,validation,1500,no_video,libero_spatial,1,1,46,,46,7,7,0,220
shared_source,validation,1500,no_video,libero_spatial,1,1,47,,47,7,7,0,220
shared_source,validation,1500,no_video,libero_spatial,1,1,48,,48,7,7,0,220
shared_source,validation,1500,no_video,libero_spatial,1,1,49,,49,7,7,0,220
shared_source,validation,1500,no_video,libero_spatial,3,3,0,,0,7,7,0,220
shared_source,validation,1500,no_video,libero_spatial,3,3,1,,1,7,7,0,220
shared_source,validation,1500,no_video,libero_spatial,3,3,2,,2,7,7,0,220
shared_source,validation,1500,no_video,libero_spatial,3,3,3,,3,7,7,0,220
shared_source,validation,1500,no_video,libero_spatial,3,3,4,,4,7,7,0,220
shared_source,validation,1500,no_video,libero_spatial,3,3,5,,5,7,7,0,220
shared_source,validation,1500,no_video,libero_spatial,3,3,6,,6,7,7,0,220
shared_source,validation,1500,no_video,libero_spatial,3,3,7,,7,7,7,0,220
shared_source,validation,1500,no_video,libero_spatial,3,3,8,,8,7,7,0,220
shared_source,validation,1500,no_video,libero_spatial,3,3,9,,9,7,7,0,220
shared_source,validation,1500,no_video,libero_spatial,3,3,10,,10,7,7,0,220
shared_source,validation,1500,no_video,libero_spatial,3,3,11,,11,7,7,0,220
shared_source,validation,1500,no_video,libero_spatial,3,3,12,,12,7,7,0,220
shared_source,validation,1500,no_video,libero_spatial,3,3,13,,13,7,7,0,220
shared_source,validation,1500,no_video,libero_spatial,3,3,14,,14,7,7,0,220
shared_source,validation,1500,no_video,libero_spatial,3,3,15,,15,7,7,0,220
shared_source,validation,1500,no_video,libero_spatial,3,3,16,,16,7,7,0,220
shared_source,validation,1500,no_video,libero_spatial,3,3,17,,17,7,7,0,220
shared_source,validation,1500,no_video,libero_spatial,3,3,18,,18,7,7,0,220
shared_source,validation,1500,no_video,libero_spatial,3,3,19,,19,7,7,0,220
shared_source,validation,1500,no_video,libero_spatial,3,3,20,,20,7,7,0,220
shared_source,validation,1500,no_video,libero_spatial,3,3,21,,21,7,7,0,220
shared_source,validation,1500,no_video,libero_spatial,3,3,22,,22,7,7,0,220
shared_source,validation,1500,no_video,libero_spatial,3,3,23,,23,7,7,0,220
shared_source,validation,1500,no_video,libero_spatial,3,3,24,,24,7,7,0,220
shared_source,validation,1500,no_video,libero_spatial,3,3,25,,25,7,7,0,220
shared_source,validation,1500,no_video,libero_spatial,3,3,26,,26,7,7,0,220
shared_source,validation,1500,no_video,libero_spatial,3,3,27,,27,7,7,0,220
shared_source,validation,1500,no_video,libero_spatial,3,3,28,,28,7,7,0,220
shared_source,validation,1500,no_video,libero_spatial,3,3,29,,29,7,7,0,220
shared_source,validation,1500,no_video,libero_spatial,3,3,30,,30,7,7,0,220
shared_source,validation,1500,no_video,libero_spatial,3,3,31,,31,7,7,0,220
shared_source,validation,1500,no_video,libero_spatial,3,3,32,,32,7,7,0,220
shared_source,validation,1500,no_video,libero_spatial,3,3,33,,33,7,7,0,220
shared_source,validation,1500,no_video,libero_spatial,3,3,34,,34,7,7,0,220
shared_source,validation,1500,no_video,libero_spatial,3,3,35,,35,7,7,0,220
shared_source,validation,1500,no_video,libero_spatial,3,3,36,,36,7,7,0,220
shared_source,validation,1500,no_video,libero_spatial,3,3,37,,37,7,7,0,220
shared_source,validation,1500,no_video,libero_spatial,3,3,38,,38,7,7,0,220
shared_source,validation,1500,no_video,libero_spatial,3,3,39,,39,7,7,0,220
shared_source,validation,1500,no_video,libero_spatial,3,3,40,,40,7,7,0,220
shared_source,validation,1500,no_video,libero_spatial,3,3,41,,41,7,7,0,220
shared_source,validation,1500,no_video,libero_spatial,3,3,42,,42,7,7,0,220
shared_source,validation,1500,no_video,libero_spatial,3,3,43,,43,7,7,0,220
shared_source,validation,1500,no_video,libero_spatial,3,3,44,,44,7,7,0,220
shared_source,validation,1500,no_video,libero_spatial,3,3,45,,45,7,7,0,220
shared_source,validation,1500,no_video,libero_spatial,3,3,46,,46,7,7,0,220
shared_source,validation,1500,no_video,libero_spatial,3,3,47,,47,7,7,0,220
shared_source,validation,1500,no_video,libero_spatial,3,3,48,,48,7,7,0,220
shared_source,validation,1500,no_video,libero_spatial,3,3,49,,49,7,7,0,220
ablation,validation,900,correct,libero_10,31,1,0,47,0,7,7,1,294
ablation,validation,900,correct,libero_10,31,1,1,9,1,7,7,0,520
ablation,validation,900,correct,libero_10,31,1,2,3,2,7,7,0,520
ablation,validation,900,correct,libero_10,31,1,3,32,3,7,7,1,267
ablation,validation,900,correct,libero_10,31,1,4,15,4,7,7,0,520
ablation,validation,900,correct,libero_10,31,1,5,18,5,7,7,1,320
ablation,validation,900,correct,libero_10,31,1,6,34,6,7,7,0,520
ablation,validation,900,correct,libero_10,31,1,7,11,7,7,7,0,520
ablation,validation,900,correct,libero_10,31,1,8,31,8,7,7,1,340
ablation,validation,900,correct,libero_10,31,1,9,45,9,7,7,1,317
ablation,validation,900,correct,libero_10,31,1,10,49,10,7,7,0,520
ablation,validation,900,correct,libero_10,31,1,11,28,11,7,7,1,302
ablation,validation,900,correct,libero_10,31,1,12,39,12,7,7,0,520
ablation,validation,900,correct,libero_10,31,1,13,43,13,7,7,0,520
ablation,validation,900,correct,libero_10,31,1,14,12,14,7,7,1,340
ablation,validation,900,correct,libero_10,31,1,15,38,15,7,7,0,520
ablation,validation,900,correct,libero_10,31,1,16,35,16,7,7,1,281
ablation,validation,900,correct,libero_10,31,1,17,33,17,7,7,0,520
ablation,validation,900,correct,libero_10,31,1,18,42,18,7,7,1,422
ablation,validation,900,correct,libero_10,31,1,19,24,19,7,7,1,284
ablation,validation,900,correct,libero_10,31,1,20,21,20,7,7,1,335
ablation,validation,900,correct,libero_10,31,1,21,23,21,7,7,0,520
ablation,validation,900,correct,libero_10,31,1,22,2,22,7,7,0,520
ablation,validation,900,correct,libero_10,31,1,23,48,23,7,7,1,437
ablation,validation,900,correct,libero_10,31,1,24,0,24,7,7,1,374
ablation,validation,900,correct,libero_10,31,1,25,7,25,7,7,1,347
ablation,validation,900,correct,libero_10,31,1,26,37,26,7,7,1,506
ablation,validation,900,correct,libero_10,31,1,27,4,27,7,7,0,520
ablation,validation,900,correct,libero_10,31,1,28,20,28,7,7,0,520
ablation,validation,900,correct,libero_10,31,1,29,25,29,7,7,1,295
ablation,validation,900,correct,libero_10,31,1,30,46,30,7,7,0,520
ablation,validation,900,correct,libero_10,31,1,31,22,31,7,7,1,314
ablation,validation,900,correct,libero_10,31,1,32,41,32,7,7,1,487
ablation,validation,900,correct,libero_10,31,1,33,40,33,7,7,0,520
ablation,validation,900,correct,libero_10,31,1,34,13,34,7,7,0,520
ablation,validation,900,correct,libero_10,31,1,35,16,35,7,7,0,520
ablation,validation,900,correct,libero_10,31,1,36,10,36,7,7,1,362
ablation,validation,900,correct,libero_10,31,1,37,17,37,7,7,1,282
ablation,validation,900,correct,libero_10,31,1,38,6,38,7,7,0,520
ablation,validation,900,correct,libero_10,31,1,39,27,39,7,7,1,266
ablation,validation,900,correct,libero_10,31,1,40,36,40,7,7,0,520
ablation,validation,900,correct,libero_10,31,1,41,26,41,7,7,0,520
ablation,validation,900,correct,libero_10,31,1,42,44,42,7,7,1,297
ablation,validation,900,correct,libero_10,31,1,43,19,43,7,7,1,282
ablation,validation,900,correct,libero_10,31,1,44,14,44,7,7,1,368
ablation,validation,900,correct,libero_10,31,1,45,8,45,7,7,1,477
ablation,validation,900,correct,libero_10,31,1,46,5,46,7,7,0,520
ablation,validation,900,correct,libero_10,31,1,47,30,47,7,7,0,520
ablation,validation,900,correct,libero_10,31,1,48,29,48,7,7,1,311
ablation,validation,900,correct,libero_10,31,1,49,1,49,7,7,1,260
ablation,validation,900,correct,libero_10,32,2,0,16,0,7,7,0,520
ablation,validation,900,correct,libero_10,32,2,1,35,1,7,7,0,520
ablation,validation,900,correct,libero_10,32,2,2,12,2,7,7,0,520
ablation,validation,900,correct,libero_10,32,2,3,8,3,7,7,0,520
ablation,validation,900,correct,libero_10,32,2,4,37,4,7,7,0,520
ablation,validation,900,correct,libero_10,32,2,5,42,5,7,7,0,520
ablation,validation,900,correct,libero_10,32,2,6,15,6,7,7,0,520
ablation,validation,900,correct,libero_10,32,2,7,43,7,7,7,0,520
ablation,validation,900,correct,libero_10,32,2,8,33,8,7,7,0,520
ablation,validation,900,correct,libero_10,32,2,9,25,9,7,7,0,520
ablation,validation,900,correct,libero_10,32,2,10,3,10,7,7,0,520
ablation,validation,900,correct,libero_10,32,2,11,29,11,7,7,0,520
ablation,validation,900,correct,libero_10,32,2,12,24,12,7,7,0,520
ablation,validation,900,correct,libero_10,32,2,13,28,13,7,7,0,520
ablation,validation,900,correct,libero_10,32,2,14,47,14,7,7,0,520
ablation,validation,900,correct,libero_10,32,2,15,36,15,7,7,0,520
ablation,validation,900,correct,libero_10,32,2,16,18,16,7,7,0,520
ablation,validation,900,correct,libero_10,32,2,17,46,17,7,7,0,520
ablation,validation,900,correct,libero_10,32,2,18,39,18,7,7,0,520
ablation,validation,900,correct,libero_10,32,2,19,31,19,7,7,0,520
ablation,validation,900,correct,libero_10,32,2,20,32,20,7,7,0,520
ablation,validation,900,correct,libero_10,32,2,21,34,21,7,7,0,520
ablation,validation,900,correct,libero_10,32,2,22,19,22,7,7,0,520
ablation,validation,900,correct,libero_10,32,2,23,49,23,7,7,0,520
ablation,validation,900,correct,libero_10,32,2,24,45,24,7,7,0,520
ablation,validation,900,correct,libero_10,32,2,25,21,25,7,7,0,520
ablation,validation,900,correct,libero_10,32,2,26,44,26,7,7,0,520
ablation,validation,900,correct,libero_10,32,2,27,2,27,7,7,0,520
ablation,validation,900,correct,libero_10,32,2,28,38,28,7,7,0,520
ablation,validation,900,correct,libero_10,32,2,29,5,29,7,7,0,520
ablation,validation,900,correct,libero_10,32,2,30,1,30,7,7,0,520
ablation,validation,900,correct,libero_10,32,2,31,27,31,7,7,0,520
ablation,validation,900,correct,libero_10,32,2,32,7,32,7,7,0,520
ablation,validation,900,correct,libero_10,32,2,33,13,33,7,7,0,520
ablation,validation,900,correct,libero_10,32,2,34,23,34,7,7,0,520
ablation,validation,900,correct,libero_10,32,2,35,11,35,7,7,0,520
ablation,validation,900,correct,libero_10,32,2,36,9,36,7,7,0,520
ablation,validation,900,correct,libero_10,32,2,37,0,37,7,7,0,520
ablation,validation,900,correct,libero_10,32,2,38,10,38,7,7,0,520
ablation,validation,900,correct,libero_10,32,2,39,26,39,7,7,0,520
ablation,validation,900,correct,libero_10,32,2,40,4,40,7,7,0,520
ablation,validation,900,correct,libero_10,32,2,41,30,41,7,7,0,520
ablation,validation,900,correct,libero_10,32,2,42,40,42,7,7,0,520
ablation,validation,900,correct,libero_10,32,2,43,22,43,7,7,0,520
ablation,validation,900,correct,libero_10,32,2,44,41,44,7,7,0,520
ablation,validation,900,correct,libero_10,32,2,45,17,45,7,7,0,520
ablation,validation,900,correct,libero_10,32,2,46,20,46,7,7,0,520
ablation,validation,900,correct,libero_10,32,2,47,14,47,7,7,0,520
ablation,validation,900,correct,libero_10,32,2,48,48,48,7,7,0,520
ablation,validation,900,correct,libero_10,32,2,49,6,49,7,7,0,520
ablation,validation,900,correct,libero_goal,23,3,0,35,0,7,7,0,300
ablation,validation,900,correct,libero_goal,23,3,1,13,1,7,7,0,300
ablation,validation,900,correct,libero_goal,23,3,2,15,2,7,7,0,300
ablation,validation,900,correct,libero_goal,23,3,3,8,3,7,7,0,300
ablation,validation,900,correct,libero_goal,23,3,4,34,4,7,7,0,300
ablation,validation,900,correct,libero_goal,23,3,5,28,5,7,7,0,300
ablation,validation,900,correct,libero_goal,23,3,6,29,6,7,7,0,300
ablation,validation,900,correct,libero_goal,23,3,7,19,7,7,7,0,300
ablation,validation,900,correct,libero_goal,23,3,8,17,8,7,7,0,300
ablation,validation,900,correct,libero_goal,23,3,9,2,9,7,7,0,300
ablation,validation,900,correct,libero_goal,23,3,10,0,10,7,7,0,300
ablation,validation,900,correct,libero_goal,23,3,11,31,11,7,7,0,300
ablation,validation,900,correct,libero_goal,23,3,12,3,12,7,7,0,300
ablation,validation,900,correct,libero_goal,23,3,13,30,13,7,7,0,300
ablation,validation,900,correct,libero_goal,23,3,14,5,14,7,7,0,300
ablation,validation,900,correct,libero_goal,23,3,15,26,15,7,7,0,300
ablation,validation,900,correct,libero_goal,23,3,16,4,16,7,7,0,300
ablation,validation,900,correct,libero_goal,23,3,17,9,17,7,7,0,300
ablation,validation,900,correct,libero_goal,23,3,18,14,18,7,7,0,300
ablation,validation,900,correct,libero_goal,23,3,19,12,19,7,7,0,300
ablation,validation,900,correct,libero_goal,23,3,20,27,20,7,7,0,300
ablation,validation,900,correct,libero_goal,23,3,21,32,21,7,7,0,300
ablation,validation,900,correct,libero_goal,23,3,22,36,22,7,7,0,300
ablation,validation,900,correct,libero_goal,23,3,23,44,23,7,7,0,300
ablation,validation,900,correct,libero_goal,23,3,24,46,24,7,7,0,300
ablation,validation,900,correct,libero_goal,23,3,25,11,25,7,7,0,300
ablation,validation,900,correct,libero_goal,23,3,26,41,26,7,7,0,300
ablation,validation,900,correct,libero_goal,23,3,27,16,27,7,7,0,300
ablation,validation,900,correct,libero_goal,23,3,28,48,28,7,7,0,300
ablation,validation,900,correct,libero_goal,23,3,29,23,29,7,7,0,300
ablation,validation,900,correct,libero_goal,23,3,30,21,30,7,7,0,300
ablation,validation,900,correct,libero_goal,23,3,31,38,31,7,7,0,300
ablation,validation,900,correct,libero_goal,23,3,32,22,32,7,7,0,300
ablation,validation,900,correct,libero_goal,23,3,33,39,33,7,7,0,300
ablation,validation,900,correct,libero_goal,23,3,34,42,34,7,7,0,300
ablation,validation,900,correct,libero_goal,23,3,35,18,35,7,7,0,300
ablation,validation,900,correct,libero_goal,23,3,36,6,36,7,7,0,300
ablation,validation,900,correct,libero_goal,23,3,37,49,37,7,7,0,300
ablation,validation,900,correct,libero_goal,23,3,38,33,38,7,7,0,300
ablation,validation,900,correct,libero_goal,23,3,39,37,39,7,7,0,300
ablation,validation,900,correct,libero_goal,23,3,40,24,40,7,7,0,300
ablation,validation,900,correct,libero_goal,23,3,41,7,41,7,7,0,300
ablation,validation,900,correct,libero_goal,23,3,42,40,42,7,7,0,300
ablation,validation,900,correct,libero_goal,23,3,43,1,43,7,7,0,300
ablation,validation,900,correct,libero_goal,23,3,44,20,44,7,7,0,300
ablation,validation,900,correct,libero_goal,23,3,45,45,45,7,7,0,300
ablation,validation,900,correct,libero_goal,23,3,46,10,46,7,7,0,300
ablation,validation,900,correct,libero_goal,23,3,47,47,47,7,7,0,300
ablation,validation,900,correct,libero_goal,23,3,48,43,48,7,7,0,300
ablation,validation,900,correct,libero_goal,23,3,49,25,49,7,7,0,300
ablation,validation,900,correct,libero_goal,26,6,0,45,0,7,7,1,96
ablation,validation,900,correct,libero_goal,26,6,1,8,1,7,7,1,151
ablation,validation,900,correct,libero_goal,26,6,2,22,2,7,7,1,237
ablation,validation,900,correct,libero_goal,26,6,3,34,3,7,7,1,96
ablation,validation,900,correct,libero_goal,26,6,4,49,4,7,7,1,83
ablation,validation,900,correct,libero_goal,26,6,5,41,5,7,7,0,300
ablation,validation,900,correct,libero_goal,26,6,6,9,6,7,7,1,107
ablation,validation,900,correct,libero_goal,26,6,7,40,7,7,7,1,87
ablation,validation,900,correct,libero_goal,26,6,8,29,8,7,7,1,98
ablation,validation,900,correct,libero_goal,26,6,9,26,9,7,7,1,86
ablation,validation,900,correct,libero_goal,26,6,10,7,10,7,7,0,300
ablation,validation,900,correct,libero_goal,26,6,11,10,11,7,7,1,102
ablation,validation,900,correct,libero_goal,26,6,12,44,12,7,7,1,103
ablation,validation,900,correct,libero_goal,26,6,13,1,13,7,7,0,300
ablation,validation,900,correct,libero_goal,26,6,14,35,14,7,7,0,300
ablation,validation,900,correct,libero_goal,26,6,15,20,15,7,7,0,300
ablation,validation,900,correct,libero_goal,26,6,16,2,16,7,7,0,300
ablation,validation,900,correct,libero_goal,26,6,17,0,17,7,7,0,300
ablation,validation,900,correct,libero_goal,26,6,18,23,18,7,7,1,261
ablation,validation,900,correct,libero_goal,26,6,19,36,19,7,7,0,300
ablation,validation,900,correct,libero_goal,26,6,20,43,20,7,7,1,128
ablation,validation,900,correct,libero_goal,26,6,21,21,21,7,7,1,102
ablation,validation,900,correct,libero_goal,26,6,22,31,22,7,7,1,111
ablation,validation,900,correct,libero_goal,26,6,23,27,23,7,7,0,300
ablation,validation,900,correct,libero_goal,26,6,24,47,24,7,7,0,300
ablation,validation,900,correct,libero_goal,26,6,25,5,25,7,7,0,300
ablation,validation,900,correct,libero_goal,26,6,26,11,26,7,7,1,109
ablation,validation,900,correct,libero_goal,26,6,27,24,27,7,7,1,171
ablation,validation,900,correct,libero_goal,26,6,28,38,28,7,7,1,94
ablation,validation,900,correct,libero_goal,26,6,29,16,29,7,7,1,89
ablation,validation,900,correct,libero_goal,26,6,30,39,30,7,7,1,136
ablation,validation,900,correct,libero_goal,26,6,31,12,31,7,7,1,93
ablation,validation,900,correct,libero_goal,26,6,32,42,32,7,7,1,186
ablation,validation,900,correct,libero_goal,26,6,33,48,33,7,7,1,92
ablation,validation,900,correct,libero_goal,26,6,34,32,34,7,7,0,300
ablation,validation,900,correct,libero_goal,26,6,35,13,35,7,7,0,300
ablation,validation,900,correct,libero_goal,26,6,36,4,36,7,7,1,96
ablation,validation,900,correct,libero_goal,26,6,37,30,37,7,7,1,167
ablation,validation,900,correct,libero_goal,26,6,38,3,38,7,7,1,87
ablation,validation,900,correct,libero_goal,26,6,39,46,39,7,7,0,300
ablation,validation,900,correct,libero_goal,26,6,40,14,40,7,7,0,300
ablation,validation,900,correct,libero_goal,26,6,41,28,41,7,7,1,146
ablation,validation,900,correct,libero_goal,26,6,42,19,42,7,7,1,85
ablation,validation,900,correct,libero_goal,26,6,43,17,43,7,7,1,125
ablation,validation,900,correct,libero_goal,26,6,44,33,44,7,7,1,97
ablation,validation,900,correct,libero_goal,26,6,45,37,45,7,7,1,97
ablation,validation,900,correct,libero_goal,26,6,46,15,46,7,7,0,300
ablation,validation,900,correct,libero_goal,26,6,47,25,47,7,7,1,73
ablation,validation,900,correct,libero_goal,26,6,48,6,48,7,7,0,300
ablation,validation,900,correct,libero_goal,26,6,49,18,49,7,7,0,300
ablation,validation,900,correct,libero_object,11,1,0,34,0,7,7,0,280
ablation,validation,900,correct,libero_object,11,1,1,10,1,7,7,1,243
ablation,validation,900,correct,libero_object,11,1,2,12,2,7,7,1,188
ablation,validation,900,correct,libero_object,11,1,3,2,3,7,7,1,148
ablation,validation,900,correct,libero_object,11,1,4,39,4,7,7,1,172
ablation,validation,900,correct,libero_object,11,1,5,8,5,7,7,1,236
ablation,validation,900,correct,libero_object,11,1,6,35,6,7,7,0,280
ablation,validation,900,correct,libero_object,11,1,7,41,7,7,7,1,200
ablation,validation,900,correct,libero_object,11,1,8,45,8,7,7,0,280
ablation,validation,900,correct,libero_object,11,1,9,16,9,7,7,1,137
ablation,validation,900,correct,libero_object,11,1,10,4,10,7,7,0,280
ablation,validation,900,correct,libero_object,11,1,11,3,11,7,7,1,133
ablation,validation,900,correct,libero_object,11,1,12,30,12,7,7,1,233
ablation,validation,900,correct,libero_object,11,1,13,23,13,7,7,1,173
ablation,validation,900,correct,libero_object,11,1,14,14,14,7,7,1,257
ablation,validation,900,correct,libero_object,11,1,15,48,15,7,7,1,162
ablation,validation,900,correct,libero_object,11,1,16,33,16,7,7,1,173
ablation,validation,900,correct,libero_object,11,1,17,18,17,7,7,1,238
ablation,validation,900,correct,libero_object,11,1,18,13,18,7,7,1,220
ablation,validation,900,correct,libero_object,11,1,19,46,19,7,7,1,143
ablation,validation,900,correct,libero_object,11,1,20,43,20,7,7,0,280
ablation,validation,900,correct,libero_object,11,1,21,28,21,7,7,0,280
ablation,validation,900,correct,libero_object,11,1,22,29,22,7,7,1,194
ablation,validation,900,correct,libero_object,11,1,23,17,23,7,7,0,280
ablation,validation,900,correct,libero_object,11,1,24,37,24,7,7,1,223
ablation,validation,900,correct,libero_object,11,1,25,31,25,7,7,0,280
ablation,validation,900,correct,libero_object,11,1,26,26,26,7,7,1,133
ablation,validation,900,correct,libero_object,11,1,27,40,27,7,7,1,150
ablation,validation,900,correct,libero_object,11,1,28,42,28,7,7,0,280
ablation,validation,900,correct,libero_object,11,1,29,32,29,7,7,1,148
ablation,validation,900,correct,libero_object,11,1,30,24,30,7,7,1,205
ablation,validation,900,correct,libero_object,11,1,31,19,31,7,7,0,280
ablation,validation,900,correct,libero_object,11,1,32,47,32,7,7,1,179
ablation,validation,900,correct,libero_object,11,1,33,38,33,7,7,1,128
ablation,validation,900,correct,libero_object,11,1,34,11,34,7,7,1,173
ablation,validation,900,correct,libero_object,11,1,35,22,35,7,7,1,152
ablation,validation,900,correct,libero_object,11,1,36,25,36,7,7,1,141
ablation,validation,900,correct,libero_object,11,1,37,15,37,7,7,1,136
ablation,validation,900,correct,libero_object,11,1,38,9,38,7,7,0,280
ablation,validation,900,correct,libero_object,11,1,39,5,39,7,7,0,280
ablation,validation,900,correct,libero_object,11,1,40,7,40,7,7,1,132
ablation,validation,900,correct,libero_object,11,1,41,1,41,7,7,1,131
ablation,validation,900,correct,libero_object,11,1,42,27,42,7,7,1,127
ablation,validation,900,correct,libero_object,11,1,43,20,43,7,7,1,204
ablation,validation,900,correct,libero_object,11,1,44,0,44,7,7,1,129
ablation,validation,900,correct,libero_object,11,1,45,49,45,7,7,1,128
ablation,validation,900,correct,libero_object,11,1,46,44,46,7,7,0,280
ablation,validation,900,correct,libero_object,11,1,47,36,47,7,7,1,123
ablation,validation,900,correct,libero_object,11,1,48,6,48,7,7,1,197
ablation,validation,900,correct,libero_object,11,1,49,21,49,7,7,0,280
ablation,validation,900,correct,libero_object,13,3,0,33,0,7,7,0,280
ablation,validation,900,correct,libero_object,13,3,1,20,1,7,7,0,280
ablation,validation,900,correct,libero_object,13,3,2,18,2,7,7,0,280
ablation,validation,900,correct,libero_object,13,3,3,9,3,7,7,0,280
ablation,validation,900,correct,libero_object,13,3,4,42,4,7,7,0,280
ablation,validation,900,correct,libero_object,13,3,5,34,5,7,7,0,280
ablation,validation,900,correct,libero_object,13,3,6,24,6,7,7,0,280
ablation,validation,900,correct,libero_object,13,3,7,28,7,7,7,0,280
ablation,validation,900,correct,libero_object,13,3,8,25,8,7,7,0,280
ablation,validation,900,correct,libero_object,13,3,9,3,9,7,7,0,280
ablation,validation,900,correct,libero_object,13,3,10,16,10,7,7,0,280
ablation,validation,900,correct,libero_object,13,3,11,14,11,7,7,0,280
ablation,validation,900,correct,libero_object,13,3,12,44,12,7,7,0,280
ablation,validation,900,correct,libero_object,13,3,13,8,13,7,7,0,280
ablation,validation,900,correct,libero_object,13,3,14,48,14,7,7,1,164
ablation,validation,900,correct,libero_object,13,3,15,2,15,7,7,1,155
ablation,validation,900,correct,libero_object,13,3,16,36,16,7,7,1,128
ablation,validation,900,correct,libero_object,13,3,17,35,17,7,7,0,280
ablation,validation,900,correct,libero_object,13,3,18,0,18,7,7,1,192
ablation,validation,900,correct,libero_object,13,3,19,47,19,7,7,1,210
ablation,validation,900,correct,libero_object,13,3,20,30,20,7,7,1,133
ablation,validation,900,correct,libero_object,13,3,21,4,21,7,7,0,280
ablation,validation,900,correct,libero_object,13,3,22,13,22,7,7,1,196
ablation,validation,900,correct,libero_object,13,3,23,45,23,7,7,0,280
ablation,validation,900,correct,libero_object,13,3,24,43,24,7,7,0,280
ablation,validation,900,correct,libero_object,13,3,25,5,25,7,7,0,280
ablation,validation,900,correct,libero_object,13,3,26,7,26,7,7,1,213
ablation,validation,900,correct,libero_object,13,3,27,46,27,7,7,0,280
ablation,validation,900,correct,libero_object,13,3,28,15,28,7,7,0,280
ablation,validation,900,correct,libero_object,13,3,29,49,29,7,7,0,280
ablation,validation,900,correct,libero_object,13,3,30,26,30,7,7,0,280
ablation,validation,900,correct,libero_object,13,3,31,10,31,7,7,0,280
ablation,validation,900,correct,libero_object,13,3,32,23,32,7,7,0,280
ablation,validation,900,correct,libero_object,13,3,33,17,33,7,7,0,280
ablation,validation,900,correct,libero_object,13,3,34,1,34,7,7,1,139
ablation,validation,900,correct,libero_object,13,3,35,21,35,7,7,0,280
ablation,validation,900,correct,libero_object,13,3,36,12,36,7,7,0,280
ablation,validation,900,correct,libero_object,13,3,37,11,37,7,7,0,280
ablation,validation,900,correct,libero_object,13,3,38,40,38,7,7,0,280
ablation,validation,900,correct,libero_object,13,3,39,41,39,7,7,1,156
ablation,validation,900,correct,libero_object,13,3,40,19,40,7,7,0,280
ablation,validation,900,correct,libero_object,13,3,41,32,41,7,7,0,280
ablation,validation,900,correct,libero_object,13,3,42,38,42,7,7,0,280
ablation,validation,900,correct,libero_object,13,3,43,22,43,7,7,0,280
ablation,validation,900,correct,libero_object,13,3,44,29,44,7,7,0,280
ablation,validation,900,correct,libero_object,13,3,45,37,45,7,7,0,280
ablation,validation,900,correct,libero_object,13,3,46,31,46,7,7,0,280
ablation,validation,900,correct,libero_object,13,3,47,6,47,7,7,1,191
ablation,validation,900,correct,libero_object,13,3,48,27,48,7,7,1,156
ablation,validation,900,correct,libero_object,13,3,49,39,49,7,7,0,280
ablation,validation,900,correct,libero_spatial,1,1,0,1,0,7,7,0,220
ablation,validation,900,correct,libero_spatial,1,1,1,21,1,7,7,0,220
ablation,validation,900,correct,libero_spatial,1,1,2,39,2,7,7,0,220
ablation,validation,900,correct,libero_spatial,1,1,3,14,3,7,7,0,220
ablation,validation,900,correct,libero_spatial,1,1,4,2,4,7,7,0,220
ablation,validation,900,correct,libero_spatial,1,1,5,34,5,7,7,0,220
ablation,validation,900,correct,libero_spatial,1,1,6,40,6,7,7,0,220
ablation,validation,900,correct,libero_spatial,1,1,7,8,7,7,7,0,220
ablation,validation,900,correct,libero_spatial,1,1,8,4,8,7,7,0,220
ablation,validation,900,correct,libero_spatial,1,1,9,42,9,7,7,0,220
ablation,validation,900,correct,libero_spatial,1,1,10,44,10,7,7,0,220
ablation,validation,900,correct,libero_spatial,1,1,11,24,11,7,7,0,220
ablation,validation,900,correct,libero_spatial,1,1,12,36,12,7,7,0,220
ablation,validation,900,correct,libero_spatial,1,1,13,37,13,7,7,0,220
ablation,validation,900,correct,libero_spatial,1,1,14,18,14,7,7,0,220
ablation,validation,900,correct,libero_spatial,1,1,15,31,15,7,7,0,220
ablation,validation,900,correct,libero_spatial,1,1,16,33,16,7,7,0,220
ablation,validation,900,correct,libero_spatial,1,1,17,9,17,7,7,0,220
ablation,validation,900,correct,libero_spatial,1,1,18,6,18,7,7,0,220
ablation,validation,900,correct,libero_spatial,1,1,19,7,19,7,7,0,220
ablation,validation,900,correct,libero_spatial,1,1,20,27,20,7,7,0,220
ablation,validation,900,correct,libero_spatial,1,1,21,20,21,7,7,0,220
ablation,validation,900,correct,libero_spatial,1,1,22,38,22,7,7,0,220
ablation,validation,900,correct,libero_spatial,1,1,23,46,23,7,7,0,220
ablation,validation,900,correct,libero_spatial,1,1,24,17,24,7,7,0,220
ablation,validation,900,correct,libero_spatial,1,1,25,41,25,7,7,0,220
ablation,validation,900,correct,libero_spatial,1,1,26,0,26,7,7,0,220
ablation,validation,900,correct,libero_spatial,1,1,27,30,27,7,7,0,220
ablation,validation,900,correct,libero_spatial,1,1,28,22,28,7,7,0,220
ablation,validation,900,correct,libero_spatial,1,1,29,12,29,7,7,0,220
ablation,validation,900,correct,libero_spatial,1,1,30,47,30,7,7,0,220
ablation,validation,900,correct,libero_spatial,1,1,31,45,31,7,7,0,220
ablation,validation,900,correct,libero_spatial,1,1,32,32,32,7,7,0,220
ablation,validation,900,correct,libero_spatial,1,1,33,43,33,7,7,0,220
ablation,validation,900,correct,libero_spatial,1,1,34,3,34,7,7,0,220
ablation,validation,900,correct,libero_spatial,1,1,35,11,35,7,7,0,220
ablation,validation,900,correct,libero_spatial,1,1,36,48,36,7,7,0,220
ablation,validation,900,correct,libero_spatial,1,1,37,28,37,7,7,0,220
ablation,validation,900,correct,libero_spatial,1,1,38,35,38,7,7,0,220
ablation,validation,900,correct,libero_spatial,1,1,39,29,39,7,7,0,220
ablation,validation,900,correct,libero_spatial,1,1,40,15,40,7,7,0,220
ablation,validation,900,correct,libero_spatial,1,1,41,5,41,7,7,0,220
ablation,validation,900,correct,libero_spatial,1,1,42,26,42,7,7,0,220
ablation,validation,900,correct,libero_spatial,1,1,43,19,43,7,7,0,220
ablation,validation,900,correct,libero_spatial,1,1,44,23,44,7,7,0,220
ablation,validation,900,correct,libero_spatial,1,1,45,10,45,7,7,0,220
ablation,validation,900,correct,libero_spatial,1,1,46,16,46,7,7,0,220
ablation,validation,900,correct,libero_spatial,1,1,47,25,47,7,7,0,220
ablation,validation,900,correct,libero_spatial,1,1,48,49,48,7,7,0,220
ablation,validation,900,correct,libero_spatial,1,1,49,13,49,7,7,0,220
ablation,validation,900,correct,libero_spatial,3,3,0,2,0,7,7,1,147
ablation,validation,900,correct,libero_spatial,3,3,1,36,1,7,7,0,220
ablation,validation,900,correct,libero_spatial,3,3,2,43,2,7,7,1,146
ablation,validation,900,correct,libero_spatial,3,3,3,16,3,7,7,0,220
ablation,validation,900,correct,libero_spatial,3,3,4,7,4,7,7,0,220
ablation,validation,900,correct,libero_spatial,3,3,5,8,5,7,7,0,220
ablation,validation,900,correct,libero_spatial,3,3,6,14,6,7,7,0,220
ablation,validation,900,correct,libero_spatial,3,3,7,38,7,7,7,0,220
ablation,validation,900,correct,libero_spatial,3,3,8,33,8,7,7,0,220
ablation,validation,900,correct,libero_spatial,3,3,9,1,9,7,7,1,124
ablation,validation,900,correct,libero_spatial,3,3,10,21,10,7,7,0,220
ablation,validation,900,correct,libero_spatial,3,3,11,5,11,7,7,1,109
ablation,validation,900,correct,libero_spatial,3,3,12,49,12,7,7,1,134
ablation,validation,900,correct,libero_spatial,3,3,13,29,13,7,7,0,220
ablation,validation,900,correct,libero_spatial,3,3,14,24,14,7,7,1,149
ablation,validation,900,correct,libero_spatial,3,3,15,10,15,7,7,1,96
ablation,validation,900,correct,libero_spatial,3,3,16,44,16,7,7,0,220
ablation,validation,900,correct,libero_spatial,3,3,17,15,17,7,7,1,126
ablation,validation,900,correct,libero_spatial,3,3,18,19,18,7,7,0,220
ablation,validation,900,correct,libero_spatial,3,3,19,39,19,7,7,0,220
ablation,validation,900,correct,libero_spatial,3,3,20,6,20,7,7,0,220
ablation,validation,900,correct,libero_spatial,3,3,21,30,21,7,7,1,101
ablation,validation,900,correct,libero_spatial,3,3,22,28,22,7,7,0,220
ablation,validation,900,correct,libero_spatial,3,3,23,34,23,7,7,0,220
ablation,validation,900,correct,libero_spatial,3,3,24,3,24,7,7,1,115
ablation,validation,900,correct,libero_spatial,3,3,25,45,25,7,7,0,220
ablation,validation,900,correct,libero_spatial,3,3,26,32,26,7,7,0,220
ablation,validation,900,correct,libero_spatial,3,3,27,22,27,7,7,0,220
ablation,validation,900,correct,libero_spatial,3,3,28,20,28,7,7,0,220
ablation,validation,900,correct,libero_spatial,3,3,29,23,29,7,7,0,220
ablation,validation,900,correct,libero_spatial,3,3,30,9,30,7,7,0,220
ablation,validation,900,correct,libero_spatial,3,3,31,0,31,7,7,1,181
ablation,validation,900,correct,libero_spatial,3,3,32,4,32,7,7,1,79
ablation,validation,900,correct,libero_spatial,3,3,33,47,33,7,7,0,220
ablation,validation,900,correct,libero_spatial,3,3,34,31,34,7,7,1,97
ablation,validation,900,correct,libero_spatial,3,3,35,27,35,7,7,0,220
ablation,validation,900,correct,libero_spatial,3,3,36,17,36,7,7,0,220
ablation,validation,900,correct,libero_spatial,3,3,37,41,37,7,7,1,110
ablation,validation,900,correct,libero_spatial,3,3,38,25,38,7,7,1,109
ablation,validation,900,correct,libero_spatial,3,3,39,35,39,7,7,0,220
ablation,validation,900,correct,libero_spatial,3,3,40,46,40,7,7,0,220
ablation,validation,900,correct,libero_spatial,3,3,41,40,41,7,7,0,220
ablation,validation,900,correct,libero_spatial,3,3,42,42,42,7,7,1,198
ablation,validation,900,correct,libero_spatial,3,3,43,48,43,7,7,0,220
ablation,validation,900,correct,libero_spatial,3,3,44,26,44,7,7,0,220
ablation,validation,900,correct,libero_spatial,3,3,45,11,45,7,7,1,101
ablation,validation,900,correct,libero_spatial,3,3,46,18,46,7,7,0,220
ablation,validation,900,correct,libero_spatial,3,3,47,13,47,7,7,0,220
ablation,validation,900,correct,libero_spatial,3,3,48,12,48,7,7,1,167
ablation,validation,900,correct,libero_spatial,3,3,49,37,49,7,7,0,220
ablation,train,900,correct,libero_10,34,4,32,48,32,7,7,1,332
ablation,train,900,correct,libero_10,34,4,33,49,33,7,7,1,299
ablation,train,900,correct,libero_10,34,4,34,47,34,7,7,1,214
ablation,train,900,correct,libero_10,34,4,35,46,35,7,7,0,520
ablation,train,900,correct,libero_10,35,5,32,48,32,7,7,0,520
ablation,train,900,correct,libero_10,35,5,33,46,33,7,7,0,520
ablation,train,900,correct,libero_10,35,5,34,49,34,7,7,1,177
ablation,train,900,correct,libero_10,35,5,35,47,35,7,7,1,154
ablation,train,900,correct,libero_10,36,6,32,49,32,7,7,0,520
ablation,train,900,correct,libero_10,36,6,33,48,33,7,7,1,461
ablation,train,900,correct,libero_10,36,6,34,46,34,7,7,0,520
ablation,train,900,correct,libero_10,36,6,35,47,35,7,7,1,286
ablation,train,900,correct,libero_10,37,7,32,49,32,7,7,0,520
ablation,train,900,correct,libero_10,37,7,33,47,33,7,7,0,520
ablation,train,900,correct,libero_10,37,7,34,46,34,7,7,0,520
ablation,train,900,correct,libero_10,37,7,35,48,35,7,7,0,520
ablation,train,900,correct,libero_10,38,8,32,48,32,7,7,0,520
ablation,train,900,correct,libero_10,38,8,33,49,33,7,7,0,520
ablation,train,900,correct,libero_10,38,8,34,46,34,7,7,1,472
ablation,train,900,correct,libero_10,38,8,35,47,35,7,7,0,520
ablation,train,900,correct,libero_10,39,9,32,47,32,7,7,0,520
ablation,train,900,correct,libero_10,39,9,33,48,33,7,7,0,520
ablation,train,900,correct,libero_10,39,9,34,46,34,7,7,0,520
ablation,train,900,correct,libero_10,39,9,35,49,35,7,7,0,520
ablation,train,900,correct,libero_goal,20,0,32,47,32,7,7,0,300
ablation,train,900,correct,libero_goal,20,0,33,48,33,7,7,0,300
ablation,train,900,correct,libero_goal,20,0,34,46,34,7,7,0,300
ablation,train,900,correct,libero_goal,20,0,35,49,35,7,7,0,300
ablation,train,900,correct,libero_goal,21,1,32,47,32,7,7,1,79
ablation,train,900,correct,libero_goal,21,1,33,48,33,7,7,1,86
ablation,train,900,correct,libero_goal,21,1,34,46,34,7,7,1,80
ablation,train,900,correct,libero_goal,21,1,35,49,35,7,7,1,80
ablation,train,900,correct,libero_goal,22,2,32,46,32,7,7,1,105
ablation,train,900,correct,libero_goal,22,2,33,48,33,7,7,0,300
ablation,train,900,correct,libero_goal,22,2,34,49,34,7,7,1,112
ablation,train,900,correct,libero_goal,22,2,35,47,35,7,7,1,113
ablation,train,900,correct,libero_goal,25,5,32,48,32,7,7,0,300
ablation,train,900,correct,libero_goal,25,5,33,47,33,7,7,0,300
ablation,train,900,correct,libero_goal,25,5,34,49,34,7,7,0,300
ablation,train,900,correct,libero_goal,25,5,35,46,35,7,7,0,300
ablation,train,900,correct,libero_goal,28,8,32,49,32,7,7,1,75
ablation,train,900,correct,libero_goal,28,8,33,47,33,7,7,1,87
ablation,train,900,correct,libero_goal,28,8,34,46,34,7,7,1,76
ablation,train,900,correct,libero_goal,28,8,35,48,35,7,7,1,68
ablation,train,900,correct,libero_goal,29,9,32,46,32,7,7,0,300
ablation,train,900,correct,libero_goal,29,9,33,48,33,7,7,0,300
ablation,train,900,correct,libero_goal,29,9,34,49,34,7,7,0,300
ablation,train,900,correct,libero_goal,29,9,35,47,35,7,7,0,300
ablation,train,900,correct,libero_object,12,2,32,48,32,7,7,1,194
ablation,train,900,correct,libero_object,12,2,33,49,33,7,7,1,211
ablation,train,900,correct,libero_object,12,2,34,47,34,7,7,1,207
ablation,train,900,correct,libero_object,12,2,35,46,35,7,7,1,129
ablation,train,900,correct,libero_object,14,4,32,47,32,7,7,1,151
ablation,train,900,correct,libero_object,14,4,33,46,33,7,7,1,165
ablation,train,900,correct,libero_object,14,4,34,49,34,7,7,1,127
ablation,train,900,correct,libero_object,14,4,35,48,35,7,7,1,161
ablation,train,900,correct,libero_object,15,5,32,48,32,7,7,1,185
ablation,train,900,correct,libero_object,15,5,33,47,33,7,7,1,159
ablation,train,900,correct,libero_object,15,5,34,46,34,7,7,0,280
ablation,train,900,correct,libero_object,15,5,35,49,35,7,7,1,154
ablation,train,900,correct,libero_object,16,6,32,48,32,7,7,1,160
ablation,train,900,correct,libero_object,16,6,33,46,33,7,7,1,162
ablation,train,900,correct,libero_object,16,6,34,47,34,7,7,1,224
ablation,train,900,correct,libero_object,16,6,35,49,35,7,7,1,136
ablation,train,900,correct,libero_object,18,8,32,47,32,7,7,1,147
ablation,train,900,correct,libero_object,18,8,33,49,33,7,7,1,146
ablation,train,900,correct,libero_object,18,8,34,46,34,7,7,1,150
ablation,train,900,correct,libero_object,18,8,35,48,35,7,7,1,140
ablation,train,900,correct,libero_object,19,9,32,46,32,7,7,1,116
ablation,train,900,correct,libero_object,19,9,33,47,33,7,7,1,189
ablation,train,900,correct,libero_object,19,9,34,49,34,7,7,1,127
ablation,train,900,correct,libero_object,19,9,35,48,35,7,7,1,117
ablation,train,900,correct,libero_spatial,0,0,32,48,32,7,7,1,83
ablation,train,900,correct,libero_spatial,0,0,33,46,33,7,7,1,92
ablation,train,900,correct,libero_spatial,0,0,34,47,34,7,7,0,220
ablation,train,900,correct,libero_spatial,0,0,35,49,35,7,7,1,93
ablation,train,900,correct,libero_spatial,2,2,32,49,32,7,7,1,102
ablation,train,900,correct,libero_spatial,2,2,33,47,33,7,7,1,99
ablation,train,900,correct,libero_spatial,2,2,34,48,34,7,7,1,100
ablation,train,900,correct,libero_spatial,2,2,35,46,35,7,7,1,96
ablation,train,900,correct,libero_spatial,4,4,32,46,32,7,7,1,124
ablation,train,900,correct,libero_spatial,4,4,33,49,33,7,7,0,220
ablation,train,900,correct,libero_spatial,4,4,34,48,34,7,7,1,140
ablation,train,900,correct,libero_spatial,4,4,35,47,35,7,7,1,132
ablation,train,900,correct,libero_spatial,5,5,32,49,32,7,7,0,220
ablation,train,900,correct,libero_spatial,5,5,33,47,33,7,7,0,220
ablation,train,900,correct,libero_spatial,5,5,34,46,34,7,7,1,177
ablation,train,900,correct,libero_spatial,5,5,35,48,35,7,7,1,93
ablation,train,900,correct,libero_spatial,7,7,32,49,32,7,7,1,133
ablation,train,900,correct,libero_spatial,7,7,33,46,33,7,7,1,157
ablation,train,900,correct,libero_spatial,7,7,34,48,34,7,7,1,165
ablation,train,900,correct,libero_spatial,7,7,35,47,35,7,7,1,145
ablation,train,900,correct,libero_spatial,9,9,32,46,32,7,7,0,220
ablation,train,900,correct,libero_spatial,9,9,33,47,33,7,7,1,182
ablation,train,900,correct,libero_spatial,9,9,34,48,34,7,7,0,220
ablation,train,900,correct,libero_spatial,9,9,35,49,35,7,7,0,220
ablation,validation,1200,correct,libero_10,31,1,0,47,0,7,7,0,520
ablation,validation,1200,correct,libero_10,31,1,1,9,1,7,7,0,520
ablation,validation,1200,correct,libero_10,31,1,2,3,2,7,7,1,327
ablation,validation,1200,correct,libero_10,31,1,3,32,3,7,7,1,377
ablation,validation,1200,correct,libero_10,31,1,4,15,4,7,7,0,520
ablation,validation,1200,correct,libero_10,31,1,5,18,5,7,7,0,520
ablation,validation,1200,correct,libero_10,31,1,6,34,6,7,7,1,333
ablation,validation,1200,correct,libero_10,31,1,7,11,7,7,7,0,520
ablation,validation,1200,correct,libero_10,31,1,8,31,8,7,7,0,520
ablation,validation,1200,correct,libero_10,31,1,9,45,9,7,7,0,520
ablation,validation,1200,correct,libero_10,31,1,10,49,10,7,7,1,322
ablation,validation,1200,correct,libero_10,31,1,11,28,11,7,7,0,520
ablation,validation,1200,correct,libero_10,31,1,12,39,12,7,7,0,520
ablation,validation,1200,correct,libero_10,31,1,13,43,13,7,7,0,520
ablation,validation,1200,correct,libero_10,31,1,14,12,14,7,7,1,345
ablation,validation,1200,correct,libero_10,31,1,15,38,15,7,7,0,520
ablation,validation,1200,correct,libero_10,31,1,16,35,16,7,7,0,520
ablation,validation,1200,correct,libero_10,31,1,17,33,17,7,7,0,520
ablation,validation,1200,correct,libero_10,31,1,18,42,18,7,7,0,520
ablation,validation,1200,correct,libero_10,31,1,19,24,19,7,7,1,328
ablation,validation,1200,correct,libero_10,31,1,20,21,20,7,7,0,520
ablation,validation,1200,correct,libero_10,31,1,21,23,21,7,7,0,520
ablation,validation,1200,correct,libero_10,31,1,22,2,22,7,7,1,504
ablation,validation,1200,correct,libero_10,31,1,23,48,23,7,7,1,346
ablation,validation,1200,correct,libero_10,31,1,24,0,24,7,7,1,395
ablation,validation,1200,correct,libero_10,31,1,25,7,25,7,7,0,520
ablation,validation,1200,correct,libero_10,31,1,26,37,26,7,7,0,520
ablation,validation,1200,correct,libero_10,31,1,27,4,27,7,7,0,520
ablation,validation,1200,correct,libero_10,31,1,28,20,28,7,7,1,466
ablation,validation,1200,correct,libero_10,31,1,29,25,29,7,7,0,520
ablation,validation,1200,correct,libero_10,31,1,30,46,30,7,7,0,520
ablation,validation,1200,correct,libero_10,31,1,31,22,31,7,7,1,346
ablation,validation,1200,correct,libero_10,31,1,32,41,32,7,7,0,520
ablation,validation,1200,correct,libero_10,31,1,33,40,33,7,7,0,520
ablation,validation,1200,correct,libero_10,31,1,34,13,34,7,7,0,520
ablation,validation,1200,correct,libero_10,31,1,35,16,35,7,7,0,520
ablation,validation,1200,correct,libero_10,31,1,36,10,36,7,7,1,447
ablation,validation,1200,correct,libero_10,31,1,37,17,37,7,7,0,520
ablation,validation,1200,correct,libero_10,31,1,38,6,38,7,7,0,520
ablation,validation,1200,correct,libero_10,31,1,39,27,39,7,7,0,520
ablation,validation,1200,correct,libero_10,31,1,40,36,40,7,7,0,520
ablation,validation,1200,correct,libero_10,31,1,41,26,41,7,7,1,314
ablation,validation,1200,correct,libero_10,31,1,42,44,42,7,7,0,520
ablation,validation,1200,correct,libero_10,31,1,43,19,43,7,7,1,364
ablation,validation,1200,correct,libero_10,31,1,44,14,44,7,7,0,520
ablation,validation,1200,correct,libero_10,31,1,45,8,45,7,7,0,520
ablation,validation,1200,correct,libero_10,31,1,46,5,46,7,7,1,421
ablation,validation,1200,correct,libero_10,31,1,47,30,47,7,7,0,520
ablation,validation,1200,correct,libero_10,31,1,48,29,48,7,7,0,520
ablation,validation,1200,correct,libero_10,31,1,49,1,49,7,7,0,520
ablation,validation,1200,correct,libero_10,32,2,0,16,0,7,7,0,520
ablation,validation,1200,correct,libero_10,32,2,1,35,1,7,7,0,520
ablation,validation,1200,correct,libero_10,32,2,2,12,2,7,7,0,520
ablation,validation,1200,correct,libero_10,32,2,3,8,3,7,7,0,520
ablation,validation,1200,correct,libero_10,32,2,4,37,4,7,7,0,520
ablation,validation,1200,correct,libero_10,32,2,5,42,5,7,7,0,520
ablation,validation,1200,correct,libero_10,32,2,6,15,6,7,7,0,520
ablation,validation,1200,correct,libero_10,32,2,7,43,7,7,7,0,520
ablation,validation,1200,correct,libero_10,32,2,8,33,8,7,7,0,520
ablation,validation,1200,correct,libero_10,32,2,9,25,9,7,7,0,520
ablation,validation,1200,correct,libero_10,32,2,10,3,10,7,7,0,520
ablation,validation,1200,correct,libero_10,32,2,11,29,11,7,7,0,520
ablation,validation,1200,correct,libero_10,32,2,12,24,12,7,7,0,520
ablation,validation,1200,correct,libero_10,32,2,13,28,13,7,7,0,520
ablation,validation,1200,correct,libero_10,32,2,14,47,14,7,7,0,520
ablation,validation,1200,correct,libero_10,32,2,15,36,15,7,7,0,520
ablation,validation,1200,correct,libero_10,32,2,16,18,16,7,7,0,520
ablation,validation,1200,correct,libero_10,32,2,17,46,17,7,7,0,520
ablation,validation,1200,correct,libero_10,32,2,18,39,18,7,7,0,520
ablation,validation,1200,correct,libero_10,32,2,19,31,19,7,7,0,520
ablation,validation,1200,correct,libero_10,32,2,20,32,20,7,7,0,520
ablation,validation,1200,correct,libero_10,32,2,21,34,21,7,7,0,520
ablation,validation,1200,correct,libero_10,32,2,22,19,22,7,7,0,520
ablation,validation,1200,correct,libero_10,32,2,23,49,23,7,7,0,520
ablation,validation,1200,correct,libero_10,32,2,24,45,24,7,7,0,520
ablation,validation,1200,correct,libero_10,32,2,25,21,25,7,7,0,520
ablation,validation,1200,correct,libero_10,32,2,26,44,26,7,7,0,520
ablation,validation,1200,correct,libero_10,32,2,27,2,27,7,7,0,520
ablation,validation,1200,correct,libero_10,32,2,28,38,28,7,7,0,520
ablation,validation,1200,correct,libero_10,32,2,29,5,29,7,7,0,520
ablation,validation,1200,correct,libero_10,32,2,30,1,30,7,7,0,520
ablation,validation,1200,correct,libero_10,32,2,31,27,31,7,7,0,520
ablation,validation,1200,correct,libero_10,32,2,32,7,32,7,7,0,520
ablation,validation,1200,correct,libero_10,32,2,33,13,33,7,7,0,520
ablation,validation,1200,correct,libero_10,32,2,34,23,34,7,7,0,520
ablation,validation,1200,correct,libero_10,32,2,35,11,35,7,7,0,520
ablation,validation,1200,correct,libero_10,32,2,36,9,36,7,7,0,520
ablation,validation,1200,correct,libero_10,32,2,37,0,37,7,7,0,520
ablation,validation,1200,correct,libero_10,32,2,38,10,38,7,7,0,520
ablation,validation,1200,correct,libero_10,32,2,39,26,39,7,7,0,520
ablation,validation,1200,correct,libero_10,32,2,40,4,40,7,7,0,520
ablation,validation,1200,correct,libero_10,32,2,41,30,41,7,7,0,520
ablation,validation,1200,correct,libero_10,32,2,42,40,42,7,7,0,520
ablation,validation,1200,correct,libero_10,32,2,43,22,43,7,7,0,520
ablation,validation,1200,correct,libero_10,32,2,44,41,44,7,7,0,520
ablation,validation,1200,correct,libero_10,32,2,45,17,45,7,7,0,520
ablation,validation,1200,correct,libero_10,32,2,46,20,46,7,7,0,520
ablation,validation,1200,correct,libero_10,32,2,47,14,47,7,7,0,520
ablation,validation,1200,correct,libero_10,32,2,48,48,48,7,7,0,520
ablation,validation,1200,correct,libero_10,32,2,49,6,49,7,7,0,520
ablation,validation,1200,correct,libero_goal,23,3,0,35,0,7,7,0,300
ablation,validation,1200,correct,libero_goal,23,3,1,13,1,7,7,0,300
ablation,validation,1200,correct,libero_goal,23,3,2,15,2,7,7,0,300
ablation,validation,1200,correct,libero_goal,23,3,3,8,3,7,7,0,300
ablation,validation,1200,correct,libero_goal,23,3,4,34,4,7,7,0,300
ablation,validation,1200,correct,libero_goal,23,3,5,28,5,7,7,0,300
ablation,validation,1200,correct,libero_goal,23,3,6,29,6,7,7,0,300
ablation,validation,1200,correct,libero_goal,23,3,7,19,7,7,7,0,300
ablation,validation,1200,correct,libero_goal,23,3,8,17,8,7,7,0,300
ablation,validation,1200,correct,libero_goal,23,3,9,2,9,7,7,0,300
ablation,validation,1200,correct,libero_goal,23,3,10,0,10,7,7,0,300
ablation,validation,1200,correct,libero_goal,23,3,11,31,11,7,7,0,300
ablation,validation,1200,correct,libero_goal,23,3,12,3,12,7,7,0,300
ablation,validation,1200,correct,libero_goal,23,3,13,30,13,7,7,0,300
ablation,validation,1200,correct,libero_goal,23,3,14,5,14,7,7,0,300
ablation,validation,1200,correct,libero_goal,23,3,15,26,15,7,7,0,300
ablation,validation,1200,correct,libero_goal,23,3,16,4,16,7,7,0,300
ablation,validation,1200,correct,libero_goal,23,3,17,9,17,7,7,0,300
ablation,validation,1200,correct,libero_goal,23,3,18,14,18,7,7,0,300
ablation,validation,1200,correct,libero_goal,23,3,19,12,19,7,7,0,300
ablation,validation,1200,correct,libero_goal,23,3,20,27,20,7,7,0,300
ablation,validation,1200,correct,libero_goal,23,3,21,32,21,7,7,0,300
ablation,validation,1200,correct,libero_goal,23,3,22,36,22,7,7,0,300
ablation,validation,1200,correct,libero_goal,23,3,23,44,23,7,7,0,300
ablation,validation,1200,correct,libero_goal,23,3,24,46,24,7,7,0,300
ablation,validation,1200,correct,libero_goal,23,3,25,11,25,7,7,0,300
ablation,validation,1200,correct,libero_goal,23,3,26,41,26,7,7,0,300
ablation,validation,1200,correct,libero_goal,23,3,27,16,27,7,7,0,300
ablation,validation,1200,correct,libero_goal,23,3,28,48,28,7,7,0,300
ablation,validation,1200,correct,libero_goal,23,3,29,23,29,7,7,0,300
ablation,validation,1200,correct,libero_goal,23,3,30,21,30,7,7,0,300
ablation,validation,1200,correct,libero_goal,23,3,31,38,31,7,7,0,300
ablation,validation,1200,correct,libero_goal,23,3,32,22,32,7,7,0,300
ablation,validation,1200,correct,libero_goal,23,3,33,39,33,7,7,0,300
ablation,validation,1200,correct,libero_goal,23,3,34,42,34,7,7,0,300
ablation,validation,1200,correct,libero_goal,23,3,35,18,35,7,7,0,300
ablation,validation,1200,correct,libero_goal,23,3,36,6,36,7,7,0,300
ablation,validation,1200,correct,libero_goal,23,3,37,49,37,7,7,0,300
ablation,validation,1200,correct,libero_goal,23,3,38,33,38,7,7,0,300
ablation,validation,1200,correct,libero_goal,23,3,39,37,39,7,7,0,300
ablation,validation,1200,correct,libero_goal,23,3,40,24,40,7,7,0,300
ablation,validation,1200,correct,libero_goal,23,3,41,7,41,7,7,0,300
ablation,validation,1200,correct,libero_goal,23,3,42,40,42,7,7,0,300
ablation,validation,1200,correct,libero_goal,23,3,43,1,43,7,7,0,300
ablation,validation,1200,correct,libero_goal,23,3,44,20,44,7,7,0,300
ablation,validation,1200,correct,libero_goal,23,3,45,45,45,7,7,0,300
ablation,validation,1200,correct,libero_goal,23,3,46,10,46,7,7,0,300
ablation,validation,1200,correct,libero_goal,23,3,47,47,47,7,7,0,300
ablation,validation,1200,correct,libero_goal,23,3,48,43,48,7,7,0,300
ablation,validation,1200,correct,libero_goal,23,3,49,25,49,7,7,0,300
ablation,validation,1200,correct,libero_goal,26,6,0,45,0,7,7,1,96
ablation,validation,1200,correct,libero_goal,26,6,1,8,1,7,7,1,177
ablation,validation,1200,correct,libero_goal,26,6,2,22,2,7,7,1,98
ablation,validation,1200,correct,libero_goal,26,6,3,34,3,7,7,0,300
ablation,validation,1200,correct,libero_goal,26,6,4,49,4,7,7,1,83
ablation,validation,1200,correct,libero_goal,26,6,5,41,5,7,7,1,118
ablation,validation,1200,correct,libero_goal,26,6,6,9,6,7,7,1,111
ablation,validation,1200,correct,libero_goal,26,6,7,40,7,7,7,1,87
ablation,validation,1200,correct,libero_goal,26,6,8,29,8,7,7,1,98
ablation,validation,1200,correct,libero_goal,26,6,9,26,9,7,7,1,86
ablation,validation,1200,correct,libero_goal,26,6,10,7,10,7,7,1,93
ablation,validation,1200,correct,libero_goal,26,6,11,10,11,7,7,1,101
ablation,validation,1200,correct,libero_goal,26,6,12,44,12,7,7,1,103
ablation,validation,1200,correct,libero_goal,26,6,13,1,13,7,7,0,300
ablation,validation,1200,correct,libero_goal,26,6,14,35,14,7,7,1,275
ablation,validation,1200,correct,libero_goal,26,6,15,20,15,7,7,1,89
ablation,validation,1200,correct,libero_goal,26,6,16,2,16,7,7,0,300
ablation,validation,1200,correct,libero_goal,26,6,17,0,17,7,7,1,96
ablation,validation,1200,correct,libero_goal,26,6,18,23,18,7,7,1,80
ablation,validation,1200,correct,libero_goal,26,6,19,36,19,7,7,1,103
ablation,validation,1200,correct,libero_goal,26,6,20,43,20,7,7,1,136
ablation,validation,1200,correct,libero_goal,26,6,21,21,21,7,7,1,98
ablation,validation,1200,correct,libero_goal,26,6,22,31,22,7,7,1,106
ablation,validation,1200,correct,libero_goal,26,6,23,27,23,7,7,1,136
ablation,validation,1200,correct,libero_goal,26,6,24,47,24,7,7,1,90
ablation,validation,1200,correct,libero_goal,26,6,25,5,25,7,7,1,191
ablation,validation,1200,correct,libero_goal,26,6,26,11,26,7,7,0,300
ablation,validation,1200,correct,libero_goal,26,6,27,24,27,7,7,1,87
ablation,validation,1200,correct,libero_goal,26,6,28,38,28,7,7,1,92
ablation,validation,1200,correct,libero_goal,26,6,29,16,29,7,7,1,90
ablation,validation,1200,correct,libero_goal,26,6,30,39,30,7,7,1,135
ablation,validation,1200,correct,libero_goal,26,6,31,12,31,7,7,1,108
ablation,validation,1200,correct,libero_goal,26,6,32,42,32,7,7,0,300
ablation,validation,1200,correct,libero_goal,26,6,33,48,33,7,7,1,79
ablation,validation,1200,correct,libero_goal,26,6,34,32,34,7,7,1,85
ablation,validation,1200,correct,libero_goal,26,6,35,13,35,7,7,1,124
ablation,validation,1200,correct,libero_goal,26,6,36,4,36,7,7,0,300
ablation,validation,1200,correct,libero_goal,26,6,37,30,37,7,7,1,219
ablation,validation,1200,correct,libero_goal,26,6,38,3,38,7,7,1,87
ablation,validation,1200,correct,libero_goal,26,6,39,46,39,7,7,1,203
ablation,validation,1200,correct,libero_goal,26,6,40,14,40,7,7,1,133
ablation,validation,1200,correct,libero_goal,26,6,41,28,41,7,7,1,105
ablation,validation,1200,correct,libero_goal,26,6,42,19,42,7,7,1,85
ablation,validation,1200,correct,libero_goal,26,6,43,17,43,7,7,0,300
ablation,validation,1200,correct,libero_goal,26,6,44,33,44,7,7,1,95
ablation,validation,1200,correct,libero_goal,26,6,45,37,45,7,7,1,95
ablation,validation,1200,correct,libero_goal,26,6,46,15,46,7,7,0,300
ablation,validation,1200,correct,libero_goal,26,6,47,25,47,7,7,1,73
ablation,validation,1200,correct,libero_goal,26,6,48,6,48,7,7,0,300
ablation,validation,1200,correct,libero_goal,26,6,49,18,49,7,7,1,197
ablation,validation,1200,correct,libero_object,11,1,0,34,0,7,7,1,175
ablation,validation,1200,correct,libero_object,11,1,1,10,1,7,7,1,154
ablation,validation,1200,correct,libero_object,11,1,2,12,2,7,7,1,137
ablation,validation,1200,correct,libero_object,11,1,3,2,3,7,7,1,138
ablation,validation,1200,correct,libero_object,11,1,4,39,4,7,7,1,144
ablation,validation,1200,correct,libero_object,11,1,5,8,5,7,7,1,156
ablation,validation,1200,correct,libero_object,11,1,6,35,6,7,7,1,160
ablation,validation,1200,correct,libero_object,11,1,7,41,7,7,7,1,112
ablation,validation,1200,correct,libero_object,11,1,8,45,8,7,7,1,182
ablation,validation,1200,correct,libero_object,11,1,9,16,9,7,7,1,197
ablation,validation,1200,correct,libero_object,11,1,10,4,10,7,7,1,193
ablation,validation,1200,correct,libero_object,11,1,11,3,11,7,7,1,146
ablation,validation,1200,correct,libero_object,11,1,12,30,12,7,7,1,242
ablation,validation,1200,correct,libero_object,11,1,13,23,13,7,7,1,189
ablation,validation,1200,correct,libero_object,11,1,14,14,14,7,7,0,280
ablation,validation,1200,correct,libero_object,11,1,15,48,15,7,7,1,131
ablation,validation,1200,correct,libero_object,11,1,16,33,16,7,7,1,147
ablation,validation,1200,correct,libero_object,11,1,17,18,17,7,7,1,274
ablation,validation,1200,correct,libero_object,11,1,18,13,18,7,7,0,280
ablation,validation,1200,correct,libero_object,11,1,19,46,19,7,7,1,137
ablation,validation,1200,correct,libero_object,11,1,20,43,20,7,7,0,280
ablation,validation,1200,correct,libero_object,11,1,21,28,21,7,7,0,280
ablation,validation,1200,correct,libero_object,11,1,22,29,22,7,7,1,170
ablation,validation,1200,correct,libero_object,11,1,23,17,23,7,7,1,226
ablation,validation,1200,correct,libero_object,11,1,24,37,24,7,7,1,120
ablation,validation,1200,correct,libero_object,11,1,25,31,25,7,7,1,131
ablation,validation,1200,correct,libero_object,11,1,26,26,26,7,7,1,121
ablation,validation,1200,correct,libero_object,11,1,27,40,27,7,7,1,180
ablation,validation,1200,correct,libero_object,11,1,28,42,28,7,7,1,137
ablation,validation,1200,correct,libero_object,11,1,29,32,29,7,7,0,280
ablation,validation,1200,correct,libero_object,11,1,30,24,30,7,7,0,280
ablation,validation,1200,correct,libero_object,11,1,31,19,31,7,7,0,280
ablation,validation,1200,correct,libero_object,11,1,32,47,32,7,7,1,159
ablation,validation,1200,correct,libero_object,11,1,33,38,33,7,7,1,127
ablation,validation,1200,correct,libero_object,11,1,34,11,34,7,7,1,183
ablation,validation,1200,correct,libero_object,11,1,35,22,35,7,7,1,157
ablation,validation,1200,correct,libero_object,11,1,36,25,36,7,7,1,142
ablation,validation,1200,correct,libero_object,11,1,37,15,37,7,7,1,136
ablation,validation,1200,correct,libero_object,11,1,38,9,38,7,7,1,199
ablation,validation,1200,correct,libero_object,11,1,39,5,39,7,7,1,141
ablation,validation,1200,correct,libero_object,11,1,40,7,40,7,7,1,146
ablation,validation,1200,correct,libero_object,11,1,41,1,41,7,7,1,129
ablation,validation,1200,correct,libero_object,11,1,42,27,42,7,7,1,124
ablation,validation,1200,correct,libero_object,11,1,43,20,43,7,7,1,196
ablation,validation,1200,correct,libero_object,11,1,44,0,44,7,7,1,141
ablation,validation,1200,correct,libero_object,11,1,45,49,45,7,7,1,126
ablation,validation,1200,correct,libero_object,11,1,46,44,46,7,7,1,125
ablation,validation,1200,correct,libero_object,11,1,47,36,47,7,7,1,155
ablation,validation,1200,correct,libero_object,11,1,48,6,48,7,7,1,211
ablation,validation,1200,correct,libero_object,11,1,49,21,49,7,7,0,280
ablation,validation,1200,correct,libero_object,13,3,0,33,0,7,7,0,280
ablation,validation,1200,correct,libero_object,13,3,1,20,1,7,7,0,280
ablation,validation,1200,correct,libero_object,13,3,2,18,2,7,7,0,280
ablation,validation,1200,correct,libero_object,13,3,3,9,3,7,7,0,280
ablation,validation,1200,correct,libero_object,13,3,4,42,4,7,7,0,280
ablation,validation,1200,correct,libero_object,13,3,5,34,5,7,7,0,280
ablation,validation,1200,correct,libero_object,13,3,6,24,6,7,7,0,280
ablation,validation,1200,correct,libero_object,13,3,7,28,7,7,7,0,280
ablation,validation,1200,correct,libero_object,13,3,8,25,8,7,7,0,280
ablation,validation,1200,correct,libero_object,13,3,9,3,9,7,7,0,280
ablation,validation,1200,correct,libero_object,13,3,10,16,10,7,7,0,280
ablation,validation,1200,correct,libero_object,13,3,11,14,11,7,7,0,280
ablation,validation,1200,correct,libero_object,13,3,12,44,12,7,7,0,280
ablation,validation,1200,correct,libero_object,13,3,13,8,13,7,7,0,280
ablation,validation,1200,correct,libero_object,13,3,14,48,14,7,7,1,122
ablation,validation,1200,correct,libero_object,13,3,15,2,15,7,7,1,141
ablation,validation,1200,correct,libero_object,13,3,16,36,16,7,7,0,280
ablation,validation,1200,correct,libero_object,13,3,17,35,17,7,7,0,280
ablation,validation,1200,correct,libero_object,13,3,18,0,18,7,7,0,280
ablation,validation,1200,correct,libero_object,13,3,19,47,19,7,7,0,280
ablation,validation,1200,correct,libero_object,13,3,20,30,20,7,7,0,280
ablation,validation,1200,correct,libero_object,13,3,21,4,21,7,7,0,280
ablation,validation,1200,correct,libero_object,13,3,22,13,22,7,7,0,280
ablation,validation,1200,correct,libero_object,13,3,23,45,23,7,7,0,280
ablation,validation,1200,correct,libero_object,13,3,24,43,24,7,7,0,280
ablation,validation,1200,correct,libero_object,13,3,25,5,25,7,7,0,280
ablation,validation,1200,correct,libero_object,13,3,26,7,26,7,7,0,280
ablation,validation,1200,correct,libero_object,13,3,27,46,27,7,7,0,280
ablation,validation,1200,correct,libero_object,13,3,28,15,28,7,7,0,280
ablation,validation,1200,correct,libero_object,13,3,29,49,29,7,7,0,280
ablation,validation,1200,correct,libero_object,13,3,30,26,30,7,7,1,127
ablation,validation,1200,correct,libero_object,13,3,31,10,31,7,7,0,280
ablation,validation,1200,correct,libero_object,13,3,32,23,32,7,7,0,280
ablation,validation,1200,correct,libero_object,13,3,33,17,33,7,7,0,280
ablation,validation,1200,correct,libero_object,13,3,34,1,34,7,7,0,280
ablation,validation,1200,correct,libero_object,13,3,35,21,35,7,7,0,280
ablation,validation,1200,correct,libero_object,13,3,36,12,36,7,7,0,280
ablation,validation,1200,correct,libero_object,13,3,37,11,37,7,7,0,280
ablation,validation,1200,correct,libero_object,13,3,38,40,38,7,7,1,136
ablation,validation,1200,correct,libero_object,13,3,39,41,39,7,7,0,280
ablation,validation,1200,correct,libero_object,13,3,40,19,40,7,7,0,280
ablation,validation,1200,correct,libero_object,13,3,41,32,41,7,7,0,280
ablation,validation,1200,correct,libero_object,13,3,42,38,42,7,7,0,280
ablation,validation,1200,correct,libero_object,13,3,43,22,43,7,7,0,280
ablation,validation,1200,correct,libero_object,13,3,44,29,44,7,7,1,198
ablation,validation,1200,correct,libero_object,13,3,45,37,45,7,7,0,280
ablation,validation,1200,correct,libero_object,13,3,46,31,46,7,7,0,280
ablation,validation,1200,correct,libero_object,13,3,47,6,47,7,7,0,280
ablation,validation,1200,correct,libero_object,13,3,48,27,48,7,7,1,146
ablation,validation,1200,correct,libero_object,13,3,49,39,49,7,7,0,280
ablation,validation,1200,correct,libero_spatial,1,1,0,1,0,7,7,0,220
ablation,validation,1200,correct,libero_spatial,1,1,1,21,1,7,7,0,220
ablation,validation,1200,correct,libero_spatial,1,1,2,39,2,7,7,0,220
ablation,validation,1200,correct,libero_spatial,1,1,3,14,3,7,7,0,220
ablation,validation,1200,correct,libero_spatial,1,1,4,2,4,7,7,0,220
ablation,validation,1200,correct,libero_spatial,1,1,5,34,5,7,7,0,220
ablation,validation,1200,correct,libero_spatial,1,1,6,40,6,7,7,0,220
ablation,validation,1200,correct,libero_spatial,1,1,7,8,7,7,7,0,220
ablation,validation,1200,correct,libero_spatial,1,1,8,4,8,7,7,0,220
ablation,validation,1200,correct,libero_spatial,1,1,9,42,9,7,7,0,220
ablation,validation,1200,correct,libero_spatial,1,1,10,44,10,7,7,0,220
ablation,validation,1200,correct,libero_spatial,1,1,11,24,11,7,7,0,220
ablation,validation,1200,correct,libero_spatial,1,1,12,36,12,7,7,0,220
ablation,validation,1200,correct,libero_spatial,1,1,13,37,13,7,7,0,220
ablation,validation,1200,correct,libero_spatial,1,1,14,18,14,7,7,0,220
ablation,validation,1200,correct,libero_spatial,1,1,15,31,15,7,7,0,220
ablation,validation,1200,correct,libero_spatial,1,1,16,33,16,7,7,0,220
ablation,validation,1200,correct,libero_spatial,1,1,17,9,17,7,7,0,220
ablation,validation,1200,correct,libero_spatial,1,1,18,6,18,7,7,0,220
ablation,validation,1200,correct,libero_spatial,1,1,19,7,19,7,7,0,220
ablation,validation,1200,correct,libero_spatial,1,1,20,27,20,7,7,0,220
ablation,validation,1200,correct,libero_spatial,1,1,21,20,21,7,7,0,220
ablation,validation,1200,correct,libero_spatial,1,1,22,38,22,7,7,0,220
ablation,validation,1200,correct,libero_spatial,1,1,23,46,23,7,7,0,220
ablation,validation,1200,correct,libero_spatial,1,1,24,17,24,7,7,0,220
ablation,validation,1200,correct,libero_spatial,1,1,25,41,25,7,7,0,220
ablation,validation,1200,correct,libero_spatial,1,1,26,0,26,7,7,0,220
ablation,validation,1200,correct,libero_spatial,1,1,27,30,27,7,7,0,220
ablation,validation,1200,correct,libero_spatial,1,1,28,22,28,7,7,0,220
ablation,validation,1200,correct,libero_spatial,1,1,29,12,29,7,7,0,220
ablation,validation,1200,correct,libero_spatial,1,1,30,47,30,7,7,0,220
ablation,validation,1200,correct,libero_spatial,1,1,31,45,31,7,7,0,220
ablation,validation,1200,correct,libero_spatial,1,1,32,32,32,7,7,0,220
ablation,validation,1200,correct,libero_spatial,1,1,33,43,33,7,7,0,220
ablation,validation,1200,correct,libero_spatial,1,1,34,3,34,7,7,0,220
ablation,validation,1200,correct,libero_spatial,1,1,35,11,35,7,7,0,220
ablation,validation,1200,correct,libero_spatial,1,1,36,48,36,7,7,0,220
ablation,validation,1200,correct,libero_spatial,1,1,37,28,37,7,7,0,220
ablation,validation,1200,correct,libero_spatial,1,1,38,35,38,7,7,0,220
ablation,validation,1200,correct,libero_spatial,1,1,39,29,39,7,7,0,220
ablation,validation,1200,correct,libero_spatial,1,1,40,15,40,7,7,0,220
ablation,validation,1200,correct,libero_spatial,1,1,41,5,41,7,7,0,220
ablation,validation,1200,correct,libero_spatial,1,1,42,26,42,7,7,0,220
ablation,validation,1200,correct,libero_spatial,1,1,43,19,43,7,7,0,220
ablation,validation,1200,correct,libero_spatial,1,1,44,23,44,7,7,0,220
ablation,validation,1200,correct,libero_spatial,1,1,45,10,45,7,7,0,220
ablation,validation,1200,correct,libero_spatial,1,1,46,16,46,7,7,0,220
ablation,validation,1200,correct,libero_spatial,1,1,47,25,47,7,7,0,220
ablation,validation,1200,correct,libero_spatial,1,1,48,49,48,7,7,0,220
ablation,validation,1200,correct,libero_spatial,1,1,49,13,49,7,7,0,220
ablation,validation,1200,correct,libero_spatial,3,3,0,2,0,7,7,1,108
ablation,validation,1200,correct,libero_spatial,3,3,1,36,1,7,7,0,220
ablation,validation,1200,correct,libero_spatial,3,3,2,43,2,7,7,1,122
ablation,validation,1200,correct,libero_spatial,3,3,3,16,3,7,7,1,102
ablation,validation,1200,correct,libero_spatial,3,3,4,7,4,7,7,0,220
ablation,validation,1200,correct,libero_spatial,3,3,5,8,5,7,7,0,220
ablation,validation,1200,correct,libero_spatial,3,3,6,14,6,7,7,0,220
ablation,validation,1200,correct,libero_spatial,3,3,7,38,7,7,7,1,108
ablation,validation,1200,correct,libero_spatial,3,3,8,33,8,7,7,0,220
ablation,validation,1200,correct,libero_spatial,3,3,9,1,9,7,7,1,104
ablation,validation,1200,correct,libero_spatial,3,3,10,21,10,7,7,1,123
ablation,validation,1200,correct,libero_spatial,3,3,11,5,11,7,7,1,97
ablation,validation,1200,correct,libero_spatial,3,3,12,49,12,7,7,1,110
ablation,validation,1200,correct,libero_spatial,3,3,13,29,13,7,7,1,110
ablation,validation,1200,correct,libero_spatial,3,3,14,24,14,7,7,0,220
ablation,validation,1200,correct,libero_spatial,3,3,15,10,15,7,7,1,135
ablation,validation,1200,correct,libero_spatial,3,3,16,44,16,7,7,1,142
ablation,validation,1200,correct,libero_spatial,3,3,17,15,17,7,7,1,101
ablation,validation,1200,correct,libero_spatial,3,3,18,19,18,7,7,0,220
ablation,validation,1200,correct,libero_spatial,3,3,19,39,19,7,7,1,90
ablation,validation,1200,correct,libero_spatial,3,3,20,6,20,7,7,1,137
ablation,validation,1200,correct,libero_spatial,3,3,21,30,21,7,7,1,215
ablation,validation,1200,correct,libero_spatial,3,3,22,28,22,7,7,1,112
ablation,validation,1200,correct,libero_spatial,3,3,23,34,23,7,7,0,220
ablation,validation,1200,correct,libero_spatial,3,3,24,3,24,7,7,1,117
ablation,validation,1200,correct,libero_spatial,3,3,25,45,25,7,7,0,220
ablation,validation,1200,correct,libero_spatial,3,3,26,32,26,7,7,1,107
ablation,validation,1200,correct,libero_spatial,3,3,27,22,27,7,7,0,220
ablation,validation,1200,correct,libero_spatial,3,3,28,20,28,7,7,0,220
ablation,validation,1200,correct,libero_spatial,3,3,29,23,29,7,7,1,101
ablation,validation,1200,correct,libero_spatial,3,3,30,9,30,7,7,0,220
ablation,validation,1200,correct,libero_spatial,3,3,31,0,31,7,7,1,121
ablation,validation,1200,correct,libero_spatial,3,3,32,4,32,7,7,1,77
ablation,validation,1200,correct,libero_spatial,3,3,33,47,33,7,7,1,127
ablation,validation,1200,correct,libero_spatial,3,3,34,31,34,7,7,1,150
ablation,validation,1200,correct,libero_spatial,3,3,35,27,35,7,7,0,220
ablation,validation,1200,correct,libero_spatial,3,3,36,17,36,7,7,0,220
ablation,validation,1200,correct,libero_spatial,3,3,37,41,37,7,7,1,107
ablation,validation,1200,correct,libero_spatial,3,3,38,25,38,7,7,1,111
ablation,validation,1200,correct,libero_spatial,3,3,39,35,39,7,7,1,110
ablation,validation,1200,correct,libero_spatial,3,3,40,46,40,7,7,1,112
ablation,validation,1200,correct,libero_spatial,3,3,41,40,41,7,7,0,220
ablation,validation,1200,correct,libero_spatial,3,3,42,42,42,7,7,1,130
ablation,validation,1200,correct,libero_spatial,3,3,43,48,43,7,7,0,220
ablation,validation,1200,correct,libero_spatial,3,3,44,26,44,7,7,0,220
ablation,validation,1200,correct,libero_spatial,3,3,45,11,45,7,7,1,95
ablation,validation,1200,correct,libero_spatial,3,3,46,18,46,7,7,0,220
ablation,validation,1200,correct,libero_spatial,3,3,47,13,47,7,7,1,121
ablation,validation,1200,correct,libero_spatial,3,3,48,12,48,7,7,1,108
ablation,validation,1200,correct,libero_spatial,3,3,49,37,49,7,7,1,110
ablation,train,1200,correct,libero_10,34,4,32,48,32,7,7,0,520
ablation,train,1200,correct,libero_10,34,4,33,49,33,7,7,1,219
ablation,train,1200,correct,libero_10,34,4,34,47,34,7,7,1,216
ablation,train,1200,correct,libero_10,34,4,35,46,35,7,7,0,520
ablation,train,1200,correct,libero_10,35,5,32,48,32,7,7,0,520
ablation,train,1200,correct,libero_10,35,5,33,46,33,7,7,0,520
ablation,train,1200,correct,libero_10,35,5,34,49,34,7,7,1,198
ablation,train,1200,correct,libero_10,35,5,35,47,35,7,7,1,144
ablation,train,1200,correct,libero_10,36,6,32,49,32,7,7,1,317
ablation,train,1200,correct,libero_10,36,6,33,48,33,7,7,1,397
ablation,train,1200,correct,libero_10,36,6,34,46,34,7,7,0,520
ablation,train,1200,correct,libero_10,36,6,35,47,35,7,7,1,279
ablation,train,1200,correct,libero_10,37,7,32,49,32,7,7,0,520
ablation,train,1200,correct,libero_10,37,7,33,47,33,7,7,1,307
ablation,train,1200,correct,libero_10,37,7,34,46,34,7,7,1,367
ablation,train,1200,correct,libero_10,37,7,35,48,35,7,7,0,520
ablation,train,1200,correct,libero_10,38,8,32,48,32,7,7,0,520
ablation,train,1200,correct,libero_10,38,8,33,49,33,7,7,0,520
ablation,train,1200,correct,libero_10,38,8,34,46,34,7,7,0,520
ablation,train,1200,correct,libero_10,38,8,35,47,35,7,7,0,520
ablation,train,1200,correct,libero_10,39,9,32,47,32,7,7,0,520
ablation,train,1200,correct,libero_10,39,9,33,48,33,7,7,0,520
ablation,train,1200,correct,libero_10,39,9,34,46,34,7,7,0,520
ablation,train,1200,correct,libero_10,39,9,35,49,35,7,7,0,520
ablation,train,1200,correct,libero_goal,20,0,32,47,32,7,7,1,106
ablation,train,1200,correct,libero_goal,20,0,33,48,33,7,7,1,136
ablation,train,1200,correct,libero_goal,20,0,34,46,34,7,7,0,300
ablation,train,1200,correct,libero_goal,20,0,35,49,35,7,7,0,300
ablation,train,1200,correct,libero_goal,21,1,32,47,32,7,7,1,82
ablation,train,1200,correct,libero_goal,21,1,33,48,33,7,7,1,97
ablation,train,1200,correct,libero_goal,21,1,34,46,34,7,7,1,85
ablation,train,1200,correct,libero_goal,21,1,35,49,35,7,7,1,94
ablation,train,1200,correct,libero_goal,22,2,32,46,32,7,7,1,99
ablation,train,1200,correct,libero_goal,22,2,33,48,33,7,7,1,120
ablation,train,1200,correct,libero_goal,22,2,34,49,34,7,7,1,117
ablation,train,1200,correct,libero_goal,22,2,35,47,35,7,7,1,100
ablation,train,1200,correct,libero_goal,25,5,32,48,32,7,7,0,300
ablation,train,1200,correct,libero_goal,25,5,33,47,33,7,7,0,300
ablation,train,1200,correct,libero_goal,25,5,34,49,34,7,7,0,300
ablation,train,1200,correct,libero_goal,25,5,35,46,35,7,7,0,300
ablation,train,1200,correct,libero_goal,28,8,32,49,32,7,7,1,88
ablation,train,1200,correct,libero_goal,28,8,33,47,33,7,7,1,92
ablation,train,1200,correct,libero_goal,28,8,34,46,34,7,7,1,84
ablation,train,1200,correct,libero_goal,28,8,35,48,35,7,7,1,78
ablation,train,1200,correct,libero_goal,29,9,32,46,32,7,7,0,300
ablation,train,1200,correct,libero_goal,29,9,33,48,33,7,7,0,300
ablation,train,1200,correct,libero_goal,29,9,34,49,34,7,7,0,300
ablation,train,1200,correct,libero_goal,29,9,35,47,35,7,7,0,300
ablation,train,1200,correct,libero_object,12,2,32,48,32,7,7,0,280
ablation,train,1200,correct,libero_object,12,2,33,49,33,7,7,1,128
ablation,train,1200,correct,libero_object,12,2,34,47,34,7,7,0,280
ablation,train,1200,correct,libero_object,12,2,35,46,35,7,7,1,124
ablation,train,1200,correct,libero_object,14,4,32,47,32,7,7,1,153
ablation,train,1200,correct,libero_object,14,4,33,46,33,7,7,0,280
ablation,train,1200,correct,libero_object,14,4,34,49,34,7,7,1,129
ablation,train,1200,correct,libero_object,14,4,35,48,35,7,7,1,145
ablation,train,1200,correct,libero_object,15,5,32,48,32,7,7,1,175
ablation,train,1200,correct,libero_object,15,5,33,47,33,7,7,1,239
ablation,train,1200,correct,libero_object,15,5,34,46,34,7,7,0,280
ablation,train,1200,correct,libero_object,15,5,35,49,35,7,7,0,280
ablation,train,1200,correct,libero_object,16,6,32,48,32,7,7,1,137
ablation,train,1200,correct,libero_object,16,6,33,46,33,7,7,1,161
ablation,train,1200,correct,libero_object,16,6,34,47,34,7,7,1,162
ablation,train,1200,correct,libero_object,16,6,35,49,35,7,7,1,123
ablation,train,1200,correct,libero_object,18,8,32,47,32,7,7,1,147
ablation,train,1200,correct,libero_object,18,8,33,49,33,7,7,1,146
ablation,train,1200,correct,libero_object,18,8,34,46,34,7,7,1,132
ablation,train,1200,correct,libero_object,18,8,35,48,35,7,7,1,150
ablation,train,1200,correct,libero_object,19,9,32,46,32,7,7,1,116
ablation,train,1200,correct,libero_object,19,9,33,47,33,7,7,1,120
ablation,train,1200,correct,libero_object,19,9,34,49,34,7,7,0,280
ablation,train,1200,correct,libero_object,19,9,35,48,35,7,7,1,113
ablation,train,1200,correct,libero_spatial,0,0,32,48,32,7,7,1,83
ablation,train,1200,correct,libero_spatial,0,0,33,46,33,7,7,0,220
ablation,train,1200,correct,libero_spatial,0,0,34,47,34,7,7,0,220
ablation,train,1200,correct,libero_spatial,0,0,35,49,35,7,7,1,103
ablation,train,1200,correct,libero_spatial,2,2,32,49,32,7,7,1,94
ablation,train,1200,correct,libero_spatial,2,2,33,47,33,7,7,1,90
ablation,train,1200,correct,libero_spatial,2,2,34,48,34,7,7,1,98
ablation,train,1200,correct,libero_spatial,2,2,35,46,35,7,7,1,111
ablation,train,1200,correct,libero_spatial,4,4,32,46,32,7,7,1,127
ablation,train,1200,correct,libero_spatial,4,4,33,49,33,7,7,1,172
ablation,train,1200,correct,libero_spatial,4,4,34,48,34,7,7,0,220
ablation,train,1200,correct,libero_spatial,4,4,35,47,35,7,7,1,129
ablation,train,1200,correct,libero_spatial,5,5,32,49,32,7,7,0,220
ablation,train,1200,correct,libero_spatial,5,5,33,47,33,7,7,1,99
ablation,train,1200,correct,libero_spatial,5,5,34,46,34,7,7,0,220
ablation,train,1200,correct,libero_spatial,5,5,35,48,35,7,7,1,93
ablation,train,1200,correct,libero_spatial,7,7,32,49,32,7,7,1,149
ablation,train,1200,correct,libero_spatial,7,7,33,46,33,7,7,1,154
ablation,train,1200,correct,libero_spatial,7,7,34,48,34,7,7,1,159
ablation,train,1200,correct,libero_spatial,7,7,35,47,35,7,7,1,144
ablation,train,1200,correct,libero_spatial,9,9,32,46,32,7,7,1,220
ablation,train,1200,correct,libero_spatial,9,9,33,47,33,7,7,1,118
ablation,train,1200,correct,libero_spatial,9,9,34,48,34,7,7,1,112
ablation,train,1200,correct,libero_spatial,9,9,35,49,35,7,7,1,119
ablation,validation,1500,correct,libero_10,31,1,0,47,0,7,7,0,520
ablation,validation,1500,correct,libero_10,31,1,1,9,1,7,7,0,520
ablation,validation,1500,correct,libero_10,31,1,2,3,2,7,7,1,445
ablation,validation,1500,correct,libero_10,31,1,3,32,3,7,7,1,354
ablation,validation,1500,correct,libero_10,31,1,4,15,4,7,7,0,520
ablation,validation,1500,correct,libero_10,31,1,5,18,5,7,7,0,520
ablation,validation,1500,correct,libero_10,31,1,6,34,6,7,7,0,520
ablation,validation,1500,correct,libero_10,31,1,7,11,7,7,7,0,520
ablation,validation,1500,correct,libero_10,31,1,8,31,8,7,7,0,520
ablation,validation,1500,correct,libero_10,31,1,9,45,9,7,7,0,520
ablation,validation,1500,correct,libero_10,31,1,10,49,10,7,7,0,520
ablation,validation,1500,correct,libero_10,31,1,11,28,11,7,7,1,428
ablation,validation,1500,correct,libero_10,31,1,12,39,12,7,7,0,520
ablation,validation,1500,correct,libero_10,31,1,13,43,13,7,7,1,282
ablation,validation,1500,correct,libero_10,31,1,14,12,14,7,7,1,345
ablation,validation,1500,correct,libero_10,31,1,15,38,15,7,7,0,520
ablation,validation,1500,correct,libero_10,31,1,16,35,16,7,7,0,520
ablation,validation,1500,correct,libero_10,31,1,17,33,17,7,7,1,317
ablation,validation,1500,correct,libero_10,31,1,18,42,18,7,7,0,520
ablation,validation,1500,correct,libero_10,31,1,19,24,19,7,7,1,343
ablation,validation,1500,correct,libero_10,31,1,20,21,20,7,7,1,331
ablation,validation,1500,correct,libero_10,31,1,21,23,21,7,7,1,439
ablation,validation,1500,correct,libero_10,31,1,22,2,22,7,7,0,520
ablation,validation,1500,correct,libero_10,31,1,23,48,23,7,7,0,520
ablation,validation,1500,correct,libero_10,31,1,24,0,24,7,7,0,520
ablation,validation,1500,correct,libero_10,31,1,25,7,25,7,7,0,520
ablation,validation,1500,correct,libero_10,31,1,26,37,26,7,7,0,520
ablation,validation,1500,correct,libero_10,31,1,27,4,27,7,7,1,470
ablation,validation,1500,correct,libero_10,31,1,28,20,28,7,7,0,520
ablation,validation,1500,correct,libero_10,31,1,29,25,29,7,7,0,520
ablation,validation,1500,correct,libero_10,31,1,30,46,30,7,7,1,500
ablation,validation,1500,correct,libero_10,31,1,31,22,31,7,7,0,520
ablation,validation,1500,correct,libero_10,31,1,32,41,32,7,7,0,520
ablation,validation,1500,correct,libero_10,31,1,33,40,33,7,7,0,520
ablation,validation,1500,correct,libero_10,31,1,34,13,34,7,7,0,520
ablation,validation,1500,correct,libero_10,31,1,35,16,35,7,7,0,520
ablation,validation,1500,correct,libero_10,31,1,36,10,36,7,7,0,520
ablation,validation,1500,correct,libero_10,31,1,37,17,37,7,7,1,282
ablation,validation,1500,correct,libero_10,31,1,38,6,38,7,7,0,520
ablation,validation,1500,correct,libero_10,31,1,39,27,39,7,7,0,520
ablation,validation,1500,correct,libero_10,31,1,40,36,40,7,7,1,474
ablation,validation,1500,correct,libero_10,31,1,41,26,41,7,7,1,332
ablation,validation,1500,correct,libero_10,31,1,42,44,42,7,7,0,520
ablation,validation,1500,correct,libero_10,31,1,43,19,43,7,7,0,520
ablation,validation,1500,correct,libero_10,31,1,44,14,44,7,7,0,520
ablation,validation,1500,correct,libero_10,31,1,45,8,45,7,7,1,404
ablation,validation,1500,correct,libero_10,31,1,46,5,46,7,7,1,313
ablation,validation,1500,correct,libero_10,31,1,47,30,47,7,7,1,429
ablation,validation,1500,correct,libero_10,31,1,48,29,48,7,7,1,312
ablation,validation,1500,correct,libero_10,31,1,49,1,49,7,7,0,520
ablation,validation,1500,correct,libero_10,32,2,0,16,0,7,7,0,520
ablation,validation,1500,correct,libero_10,32,2,1,35,1,7,7,0,520
ablation,validation,1500,correct,libero_10,32,2,2,12,2,7,7,0,520
ablation,validation,1500,correct,libero_10,32,2,3,8,3,7,7,0,520
ablation,validation,1500,correct,libero_10,32,2,4,37,4,7,7,0,520
ablation,validation,1500,correct,libero_10,32,2,5,42,5,7,7,0,520
ablation,validation,1500,correct,libero_10,32,2,6,15,6,7,7,0,520
ablation,validation,1500,correct,libero_10,32,2,7,43,7,7,7,0,520
ablation,validation,1500,correct,libero_10,32,2,8,33,8,7,7,0,520
ablation,validation,1500,correct,libero_10,32,2,9,25,9,7,7,0,520
ablation,validation,1500,correct,libero_10,32,2,10,3,10,7,7,0,520
ablation,validation,1500,correct,libero_10,32,2,11,29,11,7,7,0,520
ablation,validation,1500,correct,libero_10,32,2,12,24,12,7,7,0,520
ablation,validation,1500,correct,libero_10,32,2,13,28,13,7,7,0,520
ablation,validation,1500,correct,libero_10,32,2,14,47,14,7,7,0,520
ablation,validation,1500,correct,libero_10,32,2,15,36,15,7,7,0,520
ablation,validation,1500,correct,libero_10,32,2,16,18,16,7,7,0,520
ablation,validation,1500,correct,libero_10,32,2,17,46,17,7,7,0,520
ablation,validation,1500,correct,libero_10,32,2,18,39,18,7,7,0,520
ablation,validation,1500,correct,libero_10,32,2,19,31,19,7,7,0,520
ablation,validation,1500,correct,libero_10,32,2,20,32,20,7,7,0,520
ablation,validation,1500,correct,libero_10,32,2,21,34,21,7,7,0,520
ablation,validation,1500,correct,libero_10,32,2,22,19,22,7,7,0,520
ablation,validation,1500,correct,libero_10,32,2,23,49,23,7,7,0,520
ablation,validation,1500,correct,libero_10,32,2,24,45,24,7,7,0,520
ablation,validation,1500,correct,libero_10,32,2,25,21,25,7,7,0,520
ablation,validation,1500,correct,libero_10,32,2,26,44,26,7,7,0,520
ablation,validation,1500,correct,libero_10,32,2,27,2,27,7,7,0,520
ablation,validation,1500,correct,libero_10,32,2,28,38,28,7,7,0,520
ablation,validation,1500,correct,libero_10,32,2,29,5,29,7,7,0,520
ablation,validation,1500,correct,libero_10,32,2,30,1,30,7,7,0,520
ablation,validation,1500,correct,libero_10,32,2,31,27,31,7,7,0,520
ablation,validation,1500,correct,libero_10,32,2,32,7,32,7,7,0,520
ablation,validation,1500,correct,libero_10,32,2,33,13,33,7,7,0,520
ablation,validation,1500,correct,libero_10,32,2,34,23,34,7,7,0,520
ablation,validation,1500,correct,libero_10,32,2,35,11,35,7,7,0,520
ablation,validation,1500,correct,libero_10,32,2,36,9,36,7,7,0,520
ablation,validation,1500,correct,libero_10,32,2,37,0,37,7,7,0,520
ablation,validation,1500,correct,libero_10,32,2,38,10,38,7,7,0,520
ablation,validation,1500,correct,libero_10,32,2,39,26,39,7,7,0,520
ablation,validation,1500,correct,libero_10,32,2,40,4,40,7,7,0,520
ablation,validation,1500,correct,libero_10,32,2,41,30,41,7,7,0,520
ablation,validation,1500,correct,libero_10,32,2,42,40,42,7,7,0,520
ablation,validation,1500,correct,libero_10,32,2,43,22,43,7,7,0,520
ablation,validation,1500,correct,libero_10,32,2,44,41,44,7,7,0,520
ablation,validation,1500,correct,libero_10,32,2,45,17,45,7,7,0,520
ablation,validation,1500,correct,libero_10,32,2,46,20,46,7,7,0,520
ablation,validation,1500,correct,libero_10,32,2,47,14,47,7,7,0,520
ablation,validation,1500,correct,libero_10,32,2,48,48,48,7,7,0,520
ablation,validation,1500,correct,libero_10,32,2,49,6,49,7,7,0,520
ablation,validation,1500,correct,libero_goal,23,3,0,35,0,7,7,0,300
ablation,validation,1500,correct,libero_goal,23,3,1,13,1,7,7,0,300
ablation,validation,1500,correct,libero_goal,23,3,2,15,2,7,7,0,300
ablation,validation,1500,correct,libero_goal,23,3,3,8,3,7,7,0,300
ablation,validation,1500,correct,libero_goal,23,3,4,34,4,7,7,0,300
ablation,validation,1500,correct,libero_goal,23,3,5,28,5,7,7,0,300
ablation,validation,1500,correct,libero_goal,23,3,6,29,6,7,7,0,300
ablation,validation,1500,correct,libero_goal,23,3,7,19,7,7,7,0,300
ablation,validation,1500,correct,libero_goal,23,3,8,17,8,7,7,0,300
ablation,validation,1500,correct,libero_goal,23,3,9,2,9,7,7,0,300
ablation,validation,1500,correct,libero_goal,23,3,10,0,10,7,7,0,300
ablation,validation,1500,correct,libero_goal,23,3,11,31,11,7,7,0,300
ablation,validation,1500,correct,libero_goal,23,3,12,3,12,7,7,0,300
ablation,validation,1500,correct,libero_goal,23,3,13,30,13,7,7,0,300
ablation,validation,1500,correct,libero_goal,23,3,14,5,14,7,7,0,300
ablation,validation,1500,correct,libero_goal,23,3,15,26,15,7,7,0,300
ablation,validation,1500,correct,libero_goal,23,3,16,4,16,7,7,0,300
ablation,validation,1500,correct,libero_goal,23,3,17,9,17,7,7,0,300
ablation,validation,1500,correct,libero_goal,23,3,18,14,18,7,7,0,300
ablation,validation,1500,correct,libero_goal,23,3,19,12,19,7,7,0,300
ablation,validation,1500,correct,libero_goal,23,3,20,27,20,7,7,0,300
ablation,validation,1500,correct,libero_goal,23,3,21,32,21,7,7,0,300
ablation,validation,1500,correct,libero_goal,23,3,22,36,22,7,7,0,300
ablation,validation,1500,correct,libero_goal,23,3,23,44,23,7,7,0,300
ablation,validation,1500,correct,libero_goal,23,3,24,46,24,7,7,0,300
ablation,validation,1500,correct,libero_goal,23,3,25,11,25,7,7,0,300
ablation,validation,1500,correct,libero_goal,23,3,26,41,26,7,7,0,300
ablation,validation,1500,correct,libero_goal,23,3,27,16,27,7,7,0,300
ablation,validation,1500,correct,libero_goal,23,3,28,48,28,7,7,0,300
ablation,validation,1500,correct,libero_goal,23,3,29,23,29,7,7,0,300
ablation,validation,1500,correct,libero_goal,23,3,30,21,30,7,7,0,300
ablation,validation,1500,correct,libero_goal,23,3,31,38,31,7,7,0,300
ablation,validation,1500,correct,libero_goal,23,3,32,22,32,7,7,0,300
ablation,validation,1500,correct,libero_goal,23,3,33,39,33,7,7,0,300
ablation,validation,1500,correct,libero_goal,23,3,34,42,34,7,7,0,300
ablation,validation,1500,correct,libero_goal,23,3,35,18,35,7,7,0,300
ablation,validation,1500,correct,libero_goal,23,3,36,6,36,7,7,0,300
ablation,validation,1500,correct,libero_goal,23,3,37,49,37,7,7,0,300
ablation,validation,1500,correct,libero_goal,23,3,38,33,38,7,7,0,300
ablation,validation,1500,correct,libero_goal,23,3,39,37,39,7,7,0,300
ablation,validation,1500,correct,libero_goal,23,3,40,24,40,7,7,0,300
ablation,validation,1500,correct,libero_goal,23,3,41,7,41,7,7,0,300
ablation,validation,1500,correct,libero_goal,23,3,42,40,42,7,7,0,300
ablation,validation,1500,correct,libero_goal,23,3,43,1,43,7,7,0,300
ablation,validation,1500,correct,libero_goal,23,3,44,20,44,7,7,0,300
ablation,validation,1500,correct,libero_goal,23,3,45,45,45,7,7,0,300
ablation,validation,1500,correct,libero_goal,23,3,46,10,46,7,7,0,300
ablation,validation,1500,correct,libero_goal,23,3,47,47,47,7,7,0,300
ablation,validation,1500,correct,libero_goal,23,3,48,43,48,7,7,0,300
ablation,validation,1500,correct,libero_goal,23,3,49,25,49,7,7,0,300
ablation,validation,1500,correct,libero_goal,26,6,0,45,0,7,7,1,98
ablation,validation,1500,correct,libero_goal,26,6,1,8,1,7,7,1,108
ablation,validation,1500,correct,libero_goal,26,6,2,22,2,7,7,1,110
ablation,validation,1500,correct,libero_goal,26,6,3,34,3,7,7,0,300
ablation,validation,1500,correct,libero_goal,26,6,4,49,4,7,7,1,101
ablation,validation,1500,correct,libero_goal,26,6,5,41,5,7,7,1,122
ablation,validation,1500,correct,libero_goal,26,6,6,9,6,7,7,1,113
ablation,validation,1500,correct,libero_goal,26,6,7,40,7,7,7,1,91
ablation,validation,1500,correct,libero_goal,26,6,8,29,8,7,7,1,105
ablation,validation,1500,correct,libero_goal,26,6,9,26,9,7,7,1,143
ablation,validation,1500,correct,libero_goal,26,6,10,7,10,7,7,1,101
ablation,validation,1500,correct,libero_goal,26,6,11,10,11,7,7,1,102
ablation,validation,1500,correct,libero_goal,26,6,12,44,12,7,7,1,104
ablation,validation,1500,correct,libero_goal,26,6,13,1,13,7,7,1,86
ablation,validation,1500,correct,libero_goal,26,6,14,35,14,7,7,1,251
ablation,validation,1500,correct,libero_goal,26,6,15,20,15,7,7,1,96
ablation,validation,1500,correct,libero_goal,26,6,16,2,16,7,7,0,300
ablation,validation,1500,correct,libero_goal,26,6,17,0,17,7,7,1,102
ablation,validation,1500,correct,libero_goal,26,6,18,23,18,7,7,0,300
ablation,validation,1500,correct,libero_goal,26,6,19,36,19,7,7,1,104
ablation,validation,1500,correct,libero_goal,26,6,20,43,20,7,7,0,300
ablation,validation,1500,correct,libero_goal,26,6,21,21,21,7,7,1,101
ablation,validation,1500,correct,libero_goal,26,6,22,31,22,7,7,1,112
ablation,validation,1500,correct,libero_goal,26,6,23,27,23,7,7,1,102
ablation,validation,1500,correct,libero_goal,26,6,24,47,24,7,7,1,95
ablation,validation,1500,correct,libero_goal,26,6,25,5,25,7,7,1,89
ablation,validation,1500,correct,libero_goal,26,6,26,11,26,7,7,1,131
ablation,validation,1500,correct,libero_goal,26,6,27,24,27,7,7,0,300
ablation,validation,1500,correct,libero_goal,26,6,28,38,28,7,7,1,97
ablation,validation,1500,correct,libero_goal,26,6,29,16,29,7,7,1,96
ablation,validation,1500,correct,libero_goal,26,6,30,39,30,7,7,0,300
ablation,validation,1500,correct,libero_goal,26,6,31,12,31,7,7,1,113
ablation,validation,1500,correct,libero_goal,26,6,32,42,32,7,7,0,300
ablation,validation,1500,correct,libero_goal,26,6,33,48,33,7,7,1,93
ablation,validation,1500,correct,libero_goal,26,6,34,32,34,7,7,1,104
ablation,validation,1500,correct,libero_goal,26,6,35,13,35,7,7,1,161
ablation,validation,1500,correct,libero_goal,26,6,36,4,36,7,7,1,109
ablation,validation,1500,correct,libero_goal,26,6,37,30,37,7,7,1,167
ablation,validation,1500,correct,libero_goal,26,6,38,3,38,7,7,1,92
ablation,validation,1500,correct,libero_goal,26,6,39,46,39,7,7,0,300
ablation,validation,1500,correct,libero_goal,26,6,40,14,40,7,7,1,131
ablation,validation,1500,correct,libero_goal,26,6,41,28,41,7,7,1,112
ablation,validation,1500,correct,libero_goal,26,6,42,19,42,7,7,1,89
ablation,validation,1500,correct,libero_goal,26,6,43,17,43,7,7,1,162
ablation,validation,1500,correct,libero_goal,26,6,44,33,44,7,7,1,106
ablation,validation,1500,correct,libero_goal,26,6,45,37,45,7,7,1,102
ablation,validation,1500,correct,libero_goal,26,6,46,15,46,7,7,1,107
ablation,validation,1500,correct,libero_goal,26,6,47,25,47,7,7,1,76
ablation,validation,1500,correct,libero_goal,26,6,48,6,48,7,7,1,118
ablation,validation,1500,correct,libero_goal,26,6,49,18,49,7,7,1,111
ablation,validation,1500,correct,libero_object,11,1,0,34,0,7,7,1,226
ablation,validation,1500,correct,libero_object,11,1,1,10,1,7,7,1,164
ablation,validation,1500,correct,libero_object,11,1,2,12,2,7,7,0,280
ablation,validation,1500,correct,libero_object,11,1,3,2,3,7,7,1,140
ablation,validation,1500,correct,libero_object,11,1,4,39,4,7,7,1,143
ablation,validation,1500,correct,libero_object,11,1,5,8,5,7,7,1,182
ablation,validation,1500,correct,libero_object,11,1,6,35,6,7,7,0,280
ablation,validation,1500,correct,libero_object,11,1,7,41,7,7,7,1,126
ablation,validation,1500,correct,libero_object,11,1,8,45,8,7,7,1,138
ablation,validation,1500,correct,libero_object,11,1,9,16,9,7,7,1,214
ablation,validation,1500,correct,libero_object,11,1,10,4,10,7,7,1,265
ablation,validation,1500,correct,libero_object,11,1,11,3,11,7,7,1,132
ablation,validation,1500,correct,libero_object,11,1,12,30,12,7,7,0,280
ablation,validation,1500,correct,libero_object,11,1,13,23,13,7,7,1,172
ablation,validation,1500,correct,libero_object,11,1,14,14,14,7,7,0,280
ablation,validation,1500,correct,libero_object,11,1,15,48,15,7,7,1,139
ablation,validation,1500,correct,libero_object,11,1,16,33,16,7,7,1,153
ablation,validation,1500,correct,libero_object,11,1,17,18,17,7,7,1,189
ablation,validation,1500,correct,libero_object,11,1,18,13,18,7,7,0,280
ablation,validation,1500,correct,libero_object,11,1,19,46,19,7,7,1,137
ablation,validation,1500,correct,libero_object,11,1,20,43,20,7,7,0,280
ablation,validation,1500,correct,libero_object,11,1,21,28,21,7,7,1,251
ablation,validation,1500,correct,libero_object,11,1,22,29,22,7,7,1,193
ablation,validation,1500,correct,libero_object,11,1,23,17,23,7,7,1,202
ablation,validation,1500,correct,libero_object,11,1,24,37,24,7,7,1,118
ablation,validation,1500,correct,libero_object,11,1,25,31,25,7,7,1,267
ablation,validation,1500,correct,libero_object,11,1,26,26,26,7,7,1,123
ablation,validation,1500,correct,libero_object,11,1,27,40,27,7,7,0,280
ablation,validation,1500,correct,libero_object,11,1,28,42,28,7,7,1,161
ablation,validation,1500,correct,libero_object,11,1,29,32,29,7,7,1,145
ablation,validation,1500,correct,libero_object,11,1,30,24,30,7,7,0,280
ablation,validation,1500,correct,libero_object,11,1,31,19,31,7,7,0,280
ablation,validation,1500,correct,libero_object,11,1,32,47,32,7,7,1,155
ablation,validation,1500,correct,libero_object,11,1,33,38,33,7,7,1,123
ablation,validation,1500,correct,libero_object,11,1,34,11,34,7,7,1,205
ablation,validation,1500,correct,libero_object,11,1,35,22,35,7,7,1,162
ablation,validation,1500,correct,libero_object,11,1,36,25,36,7,7,1,139
ablation,validation,1500,correct,libero_object,11,1,37,15,37,7,7,1,173
ablation,validation,1500,correct,libero_object,11,1,38,9,38,7,7,1,202
ablation,validation,1500,correct,libero_object,11,1,39,5,39,7,7,1,139
ablation,validation,1500,correct,libero_object,11,1,40,7,40,7,7,1,136
ablation,validation,1500,correct,libero_object,11,1,41,1,41,7,7,1,129
ablation,validation,1500,correct,libero_object,11,1,42,27,42,7,7,1,127
ablation,validation,1500,correct,libero_object,11,1,43,20,43,7,7,1,210
ablation,validation,1500,correct,libero_object,11,1,44,0,44,7,7,1,129
ablation,validation,1500,correct,libero_object,11,1,45,49,45,7,7,1,124
ablation,validation,1500,correct,libero_object,11,1,46,44,46,7,7,1,131
ablation,validation,1500,correct,libero_object,11,1,47,36,47,7,7,1,220
ablation,validation,1500,correct,libero_object,11,1,48,6,48,7,7,1,211
ablation,validation,1500,correct,libero_object,11,1,49,21,49,7,7,0,280
ablation,validation,1500,correct,libero_object,13,3,0,33,0,7,7,0,280
ablation,validation,1500,correct,libero_object,13,3,1,20,1,7,7,0,280
ablation,validation,1500,correct,libero_object,13,3,2,18,2,7,7,0,280
ablation,validation,1500,correct,libero_object,13,3,3,9,3,7,7,0,280
ablation,validation,1500,correct,libero_object,13,3,4,42,4,7,7,1,174
ablation,validation,1500,correct,libero_object,13,3,5,34,5,7,7,0,280
ablation,validation,1500,correct,libero_object,13,3,6,24,6,7,7,0,280
ablation,validation,1500,correct,libero_object,13,3,7,28,7,7,7,0,280
ablation,validation,1500,correct,libero_object,13,3,8,25,8,7,7,0,280
ablation,validation,1500,correct,libero_object,13,3,9,3,9,7,7,0,280
ablation,validation,1500,correct,libero_object,13,3,10,16,10,7,7,0,280
ablation,validation,1500,correct,libero_object,13,3,11,14,11,7,7,0,280
ablation,validation,1500,correct,libero_object,13,3,12,44,12,7,7,0,280
ablation,validation,1500,correct,libero_object,13,3,13,8,13,7,7,0,280
ablation,validation,1500,correct,libero_object,13,3,14,48,14,7,7,1,201
ablation,validation,1500,correct,libero_object,13,3,15,2,15,7,7,0,280
ablation,validation,1500,correct,libero_object,13,3,16,36,16,7,7,1,201
ablation,validation,1500,correct,libero_object,13,3,17,35,17,7,7,0,280
ablation,validation,1500,correct,libero_object,13,3,18,0,18,7,7,0,280
ablation,validation,1500,correct,libero_object,13,3,19,47,19,7,7,0,280
ablation,validation,1500,correct,libero_object,13,3,20,30,20,7,7,0,280
ablation,validation,1500,correct,libero_object,13,3,21,4,21,7,7,0,280
ablation,validation,1500,correct,libero_object,13,3,22,13,22,7,7,0,280
ablation,validation,1500,correct,libero_object,13,3,23,45,23,7,7,0,280
ablation,validation,1500,correct,libero_object,13,3,24,43,24,7,7,1,127
ablation,validation,1500,correct,libero_object,13,3,25,5,25,7,7,0,280
ablation,validation,1500,correct,libero_object,13,3,26,7,26,7,7,0,280
ablation,validation,1500,correct,libero_object,13,3,27,46,27,7,7,0,280
ablation,validation,1500,correct,libero_object,13,3,28,15,28,7,7,0,280
ablation,validation,1500,correct,libero_object,13,3,29,49,29,7,7,0,280
ablation,validation,1500,correct,libero_object,13,3,30,26,30,7,7,1,127
ablation,validation,1500,correct,libero_object,13,3,31,10,31,7,7,1,129
ablation,validation,1500,correct,libero_object,13,3,32,23,32,7,7,1,137
ablation,validation,1500,correct,libero_object,13,3,33,17,33,7,7,1,115
ablation,validation,1500,correct,libero_object,13,3,34,1,34,7,7,0,280
ablation,validation,1500,correct,libero_object,13,3,35,21,35,7,7,0,280
ablation,validation,1500,correct,libero_object,13,3,36,12,36,7,7,0,280
ablation,validation,1500,correct,libero_object,13,3,37,11,37,7,7,0,280
ablation,validation,1500,correct,libero_object,13,3,38,40,38,7,7,0,280
ablation,validation,1500,correct,libero_object,13,3,39,41,39,7,7,0,280
ablation,validation,1500,correct,libero_object,13,3,40,19,40,7,7,0,280
ablation,validation,1500,correct,libero_object,13,3,41,32,41,7,7,0,280
ablation,validation,1500,correct,libero_object,13,3,42,38,42,7,7,0,280
ablation,validation,1500,correct,libero_object,13,3,43,22,43,7,7,1,205
ablation,validation,1500,correct,libero_object,13,3,44,29,44,7,7,0,280
ablation,validation,1500,correct,libero_object,13,3,45,37,45,7,7,0,280
ablation,validation,1500,correct,libero_object,13,3,46,31,46,7,7,0,280
ablation,validation,1500,correct,libero_object,13,3,47,6,47,7,7,0,280
ablation,validation,1500,correct,libero_object,13,3,48,27,48,7,7,1,145
ablation,validation,1500,correct,libero_object,13,3,49,39,49,7,7,0,280
ablation,validation,1500,correct,libero_spatial,1,1,0,1,0,7,7,0,220
ablation,validation,1500,correct,libero_spatial,1,1,1,21,1,7,7,0,220
ablation,validation,1500,correct,libero_spatial,1,1,2,39,2,7,7,0,220
ablation,validation,1500,correct,libero_spatial,1,1,3,14,3,7,7,0,220
ablation,validation,1500,correct,libero_spatial,1,1,4,2,4,7,7,0,220
ablation,validation,1500,correct,libero_spatial,1,1,5,34,5,7,7,0,220
ablation,validation,1500,correct,libero_spatial,1,1,6,40,6,7,7,0,220
ablation,validation,1500,correct,libero_spatial,1,1,7,8,7,7,7,0,220
ablation,validation,1500,correct,libero_spatial,1,1,8,4,8,7,7,0,220
ablation,validation,1500,correct,libero_spatial,1,1,9,42,9,7,7,0,220
ablation,validation,1500,correct,libero_spatial,1,1,10,44,10,7,7,0,220
ablation,validation,1500,correct,libero_spatial,1,1,11,24,11,7,7,0,220
ablation,validation,1500,correct,libero_spatial,1,1,12,36,12,7,7,0,220
ablation,validation,1500,correct,libero_spatial,1,1,13,37,13,7,7,0,220
ablation,validation,1500,correct,libero_spatial,1,1,14,18,14,7,7,0,220
ablation,validation,1500,correct,libero_spatial,1,1,15,31,15,7,7,0,220
ablation,validation,1500,correct,libero_spatial,1,1,16,33,16,7,7,0,220
ablation,validation,1500,correct,libero_spatial,1,1,17,9,17,7,7,0,220
ablation,validation,1500,correct,libero_spatial,1,1,18,6,18,7,7,0,220
ablation,validation,1500,correct,libero_spatial,1,1,19,7,19,7,7,0,220
ablation,validation,1500,correct,libero_spatial,1,1,20,27,20,7,7,0,220
ablation,validation,1500,correct,libero_spatial,1,1,21,20,21,7,7,0,220
ablation,validation,1500,correct,libero_spatial,1,1,22,38,22,7,7,0,220
ablation,validation,1500,correct,libero_spatial,1,1,23,46,23,7,7,0,220
ablation,validation,1500,correct,libero_spatial,1,1,24,17,24,7,7,0,220
ablation,validation,1500,correct,libero_spatial,1,1,25,41,25,7,7,0,220
ablation,validation,1500,correct,libero_spatial,1,1,26,0,26,7,7,0,220
ablation,validation,1500,correct,libero_spatial,1,1,27,30,27,7,7,0,220
ablation,validation,1500,correct,libero_spatial,1,1,28,22,28,7,7,0,220
ablation,validation,1500,correct,libero_spatial,1,1,29,12,29,7,7,0,220
ablation,validation,1500,correct,libero_spatial,1,1,30,47,30,7,7,0,220
ablation,validation,1500,correct,libero_spatial,1,1,31,45,31,7,7,0,220
ablation,validation,1500,correct,libero_spatial,1,1,32,32,32,7,7,0,220
ablation,validation,1500,correct,libero_spatial,1,1,33,43,33,7,7,0,220
ablation,validation,1500,correct,libero_spatial,1,1,34,3,34,7,7,0,220
ablation,validation,1500,correct,libero_spatial,1,1,35,11,35,7,7,0,220
ablation,validation,1500,correct,libero_spatial,1,1,36,48,36,7,7,0,220
ablation,validation,1500,correct,libero_spatial,1,1,37,28,37,7,7,0,220
ablation,validation,1500,correct,libero_spatial,1,1,38,35,38,7,7,0,220
ablation,validation,1500,correct,libero_spatial,1,1,39,29,39,7,7,0,220
ablation,validation,1500,correct,libero_spatial,1,1,40,15,40,7,7,0,220
ablation,validation,1500,correct,libero_spatial,1,1,41,5,41,7,7,0,220
ablation,validation,1500,correct,libero_spatial,1,1,42,26,42,7,7,0,220
ablation,validation,1500,correct,libero_spatial,1,1,43,19,43,7,7,0,220
ablation,validation,1500,correct,libero_spatial,1,1,44,23,44,7,7,0,220
ablation,validation,1500,correct,libero_spatial,1,1,45,10,45,7,7,0,220
ablation,validation,1500,correct,libero_spatial,1,1,46,16,46,7,7,0,220
ablation,validation,1500,correct,libero_spatial,1,1,47,25,47,7,7,0,220
ablation,validation,1500,correct,libero_spatial,1,1,48,49,48,7,7,0,220
ablation,validation,1500,correct,libero_spatial,1,1,49,13,49,7,7,0,220
ablation,validation,1500,correct,libero_spatial,3,3,0,2,0,7,7,1,114
ablation,validation,1500,correct,libero_spatial,3,3,1,36,1,7,7,1,121
ablation,validation,1500,correct,libero_spatial,3,3,2,43,2,7,7,1,103
ablation,validation,1500,correct,libero_spatial,3,3,3,16,3,7,7,1,97
ablation,validation,1500,correct,libero_spatial,3,3,4,7,4,7,7,0,220
ablation,validation,1500,correct,libero_spatial,3,3,5,8,5,7,7,0,220
ablation,validation,1500,correct,libero_spatial,3,3,6,14,6,7,7,1,116
ablation,validation,1500,correct,libero_spatial,3,3,7,38,7,7,7,1,95
ablation,validation,1500,correct,libero_spatial,3,3,8,33,8,7,7,0,220
ablation,validation,1500,correct,libero_spatial,3,3,9,1,9,7,7,1,98
ablation,validation,1500,correct,libero_spatial,3,3,10,21,10,7,7,1,108
ablation,validation,1500,correct,libero_spatial,3,3,11,5,11,7,7,1,98
ablation,validation,1500,correct,libero_spatial,3,3,12,49,12,7,7,1,137
ablation,validation,1500,correct,libero_spatial,3,3,13,29,13,7,7,1,110
ablation,validation,1500,correct,libero_spatial,3,3,14,24,14,7,7,0,220
ablation,validation,1500,correct,libero_spatial,3,3,15,10,15,7,7,0,220
ablation,validation,1500,correct,libero_spatial,3,3,16,44,16,7,7,1,110
ablation,validation,1500,correct,libero_spatial,3,3,17,15,17,7,7,1,104
ablation,validation,1500,correct,libero_spatial,3,3,18,19,18,7,7,0,220
ablation,validation,1500,correct,libero_spatial,3,3,19,39,19,7,7,1,90
ablation,validation,1500,correct,libero_spatial,3,3,20,6,20,7,7,1,201
ablation,validation,1500,correct,libero_spatial,3,3,21,30,21,7,7,1,217
ablation,validation,1500,correct,libero_spatial,3,3,22,28,22,7,7,1,99
ablation,validation,1500,correct,libero_spatial,3,3,23,34,23,7,7,1,168
ablation,validation,1500,correct,libero_spatial,3,3,24,3,24,7,7,1,105
ablation,validation,1500,correct,libero_spatial,3,3,25,45,25,7,7,1,98
ablation,validation,1500,correct,libero_spatial,3,3,26,32,26,7,7,1,119
ablation,validation,1500,correct,libero_spatial,3,3,27,22,27,7,7,0,220
ablation,validation,1500,correct,libero_spatial,3,3,28,20,28,7,7,0,220
ablation,validation,1500,correct,libero_spatial,3,3,29,23,29,7,7,1,96
ablation,validation,1500,correct,libero_spatial,3,3,30,9,30,7,7,1,110
ablation,validation,1500,correct,libero_spatial,3,3,31,0,31,7,7,0,220
ablation,validation,1500,correct,libero_spatial,3,3,32,4,32,7,7,1,77
ablation,validation,1500,correct,libero_spatial,3,3,33,47,33,7,7,1,109
ablation,validation,1500,correct,libero_spatial,3,3,34,31,34,7,7,1,156
ablation,validation,1500,correct,libero_spatial,3,3,35,27,35,7,7,1,149
ablation,validation,1500,correct,libero_spatial,3,3,36,17,36,7,7,0,220
ablation,validation,1500,correct,libero_spatial,3,3,37,41,37,7,7,1,102
ablation,validation,1500,correct,libero_spatial,3,3,38,25,38,7,7,1,96
ablation,validation,1500,correct,libero_spatial,3,3,39,35,39,7,7,1,94
ablation,validation,1500,correct,libero_spatial,3,3,40,46,40,7,7,1,104
ablation,validation,1500,correct,libero_spatial,3,3,41,40,41,7,7,0,220
ablation,validation,1500,correct,libero_spatial,3,3,42,42,42,7,7,1,130
ablation,validation,1500,correct,libero_spatial,3,3,43,48,43,7,7,1,104
ablation,validation,1500,correct,libero_spatial,3,3,44,26,44,7,7,0,220
ablation,validation,1500,correct,libero_spatial,3,3,45,11,45,7,7,1,94
ablation,validation,1500,correct,libero_spatial,3,3,46,18,46,7,7,0,220
ablation,validation,1500,correct,libero_spatial,3,3,47,13,47,7,7,1,146
ablation,validation,1500,correct,libero_spatial,3,3,48,12,48,7,7,1,111
ablation,validation,1500,correct,libero_spatial,3,3,49,37,49,7,7,1,109
ablation,train,1500,correct,libero_10,34,4,32,48,32,7,7,1,243
ablation,train,1500,correct,libero_10,34,4,33,49,33,7,7,0,520
ablation,train,1500,correct,libero_10,34,4,34,47,34,7,7,1,223
ablation,train,1500,correct,libero_10,34,4,35,46,35,7,7,1,472
ablation,train,1500,correct,libero_10,35,5,32,48,32,7,7,0,520
ablation,train,1500,correct,libero_10,35,5,33,46,33,7,7,0,520
ablation,train,1500,correct,libero_10,35,5,34,49,34,7,7,1,208
ablation,train,1500,correct,libero_10,35,5,35,47,35,7,7,1,198
ablation,train,1500,correct,libero_10,36,6,32,49,32,7,7,0,520
ablation,train,1500,correct,libero_10,36,6,33,48,33,7,7,1,326
ablation,train,1500,correct,libero_10,36,6,34,46,34,7,7,1,225
ablation,train,1500,correct,libero_10,36,6,35,47,35,7,7,1,280
ablation,train,1500,correct,libero_10,37,7,32,49,32,7,7,0,520
ablation,train,1500,correct,libero_10,37,7,33,47,33,7,7,1,342
ablation,train,1500,correct,libero_10,37,7,34,46,34,7,7,0,520
ablation,train,1500,correct,libero_10,37,7,35,48,35,7,7,0,520
ablation,train,1500,correct,libero_10,38,8,32,48,32,7,7,0,520
ablation,train,1500,correct,libero_10,38,8,33,49,33,7,7,0,520
ablation,train,1500,correct,libero_10,38,8,34,46,34,7,7,0,520
ablation,train,1500,correct,libero_10,38,8,35,47,35,7,7,0,520
ablation,train,1500,correct,libero_10,39,9,32,47,32,7,7,0,520
ablation,train,1500,correct,libero_10,39,9,33,48,33,7,7,0,520
ablation,train,1500,correct,libero_10,39,9,34,46,34,7,7,0,520
ablation,train,1500,correct,libero_10,39,9,35,49,35,7,7,0,520
ablation,train,1500,correct,libero_goal,20,0,32,47,32,7,7,0,300
ablation,train,1500,correct,libero_goal,20,0,33,48,33,7,7,0,300
ablation,train,1500,correct,libero_goal,20,0,34,46,34,7,7,0,300
ablation,train,1500,correct,libero_goal,20,0,35,49,35,7,7,1,212
ablation,train,1500,correct,libero_goal,21,1,32,47,32,7,7,1,79
ablation,train,1500,correct,libero_goal,21,1,33,48,33,7,7,1,84
ablation,train,1500,correct,libero_goal,21,1,34,46,34,7,7,1,81
ablation,train,1500,correct,libero_goal,21,1,35,49,35,7,7,1,81
ablation,train,1500,correct,libero_goal,22,2,32,46,32,7,7,0,300
ablation,train,1500,correct,libero_goal,22,2,33,48,33,7,7,1,115
ablation,train,1500,correct,libero_goal,22,2,34,49,34,7,7,1,104
ablation,train,1500,correct,libero_goal,22,2,35,47,35,7,7,1,99
ablation,train,1500,correct,libero_goal,25,5,32,48,32,7,7,0,300
ablation,train,1500,correct,libero_goal,25,5,33,47,33,7,7,0,300
ablation,train,1500,correct,libero_goal,25,5,34,49,34,7,7,0,300
ablation,train,1500,correct,libero_goal,25,5,35,46,35,7,7,0,300
ablation,train,1500,correct,libero_goal,28,8,32,49,32,7,7,1,81
ablation,train,1500,correct,libero_goal,28,8,33,47,33,7,7,1,86
ablation,train,1500,correct,libero_goal,28,8,34,46,34,7,7,1,80
ablation,train,1500,correct,libero_goal,28,8,35,48,35,7,7,1,70
ablation,train,1500,correct,libero_goal,29,9,32,46,32,7,7,0,300
ablation,train,1500,correct,libero_goal,29,9,33,48,33,7,7,1,147
ablation,train,1500,correct,libero_goal,29,9,34,49,34,7,7,0,300
ablation,train,1500,correct,libero_goal,29,9,35,47,35,7,7,0,300
ablation,train,1500,correct,libero_object,12,2,32,48,32,7,7,0,280
ablation,train,1500,correct,libero_object,12,2,33,49,33,7,7,1,135
ablation,train,1500,correct,libero_object,12,2,34,47,34,7,7,0,280
ablation,train,1500,correct,libero_object,12,2,35,46,35,7,7,1,128
ablation,train,1500,correct,libero_object,14,4,32,47,32,7,7,1,155
ablation,train,1500,correct,libero_object,14,4,33,46,33,7,7,1,150
ablation,train,1500,correct,libero_object,14,4,34,49,34,7,7,1,126
ablation,train,1500,correct,libero_object,14,4,35,48,35,7,7,1,136
ablation,train,1500,correct,libero_object,15,5,32,48,32,7,7,1,172
ablation,train,1500,correct,libero_object,15,5,33,47,33,7,7,1,216
ablation,train,1500,correct,libero_object,15,5,34,46,34,7,7,0,280
ablation,train,1500,correct,libero_object,15,5,35,49,35,7,7,1,144
ablation,train,1500,correct,libero_object,16,6,32,48,32,7,7,1,138
ablation,train,1500,correct,libero_object,16,6,33,46,33,7,7,1,172
ablation,train,1500,correct,libero_object,16,6,34,47,34,7,7,1,237
ablation,train,1500,correct,libero_object,16,6,35,49,35,7,7,1,142
ablation,train,1500,correct,libero_object,18,8,32,47,32,7,7,1,147
ablation,train,1500,correct,libero_object,18,8,33,49,33,7,7,1,141
ablation,train,1500,correct,libero_object,18,8,34,46,34,7,7,1,133
ablation,train,1500,correct,libero_object,18,8,35,48,35,7,7,1,142
ablation,train,1500,correct,libero_object,19,9,32,46,32,7,7,1,120
ablation,train,1500,correct,libero_object,19,9,33,47,33,7,7,1,155
ablation,train,1500,correct,libero_object,19,9,34,49,34,7,7,1,124
ablation,train,1500,correct,libero_object,19,9,35,48,35,7,7,1,117
ablation,train,1500,correct,libero_spatial,0,0,32,48,32,7,7,1,76
ablation,train,1500,correct,libero_spatial,0,0,33,46,33,7,7,0,220
ablation,train,1500,correct,libero_spatial,0,0,34,47,34,7,7,1,76
ablation,train,1500,correct,libero_spatial,0,0,35,49,35,7,7,1,126
ablation,train,1500,correct,libero_spatial,2,2,32,49,32,7,7,1,94
ablation,train,1500,correct,libero_spatial,2,2,33,47,33,7,7,1,99
ablation,train,1500,correct,libero_spatial,2,2,34,48,34,7,7,1,99
ablation,train,1500,correct,libero_spatial,2,2,35,46,35,7,7,1,98
ablation,train,1500,correct,libero_spatial,4,4,32,46,32,7,7,1,124
ablation,train,1500,correct,libero_spatial,4,4,33,49,33,7,7,0,220
ablation,train,1500,correct,libero_spatial,4,4,34,48,34,7,7,1,150
ablation,train,1500,correct,libero_spatial,4,4,35,47,35,7,7,1,134
ablation,train,1500,correct,libero_spatial,5,5,32,49,32,7,7,0,220
ablation,train,1500,correct,libero_spatial,5,5,33,47,33,7,7,1,92
ablation,train,1500,correct,libero_spatial,5,5,34,46,34,7,7,1,127
ablation,train,1500,correct,libero_spatial,5,5,35,48,35,7,7,1,89
ablation,train,1500,correct,libero_spatial,7,7,32,49,32,7,7,1,143
ablation,train,1500,correct,libero_spatial,7,7,33,46,33,7,7,1,148
ablation,train,1500,correct,libero_spatial,7,7,34,48,34,7,7,1,165
ablation,train,1500,correct,libero_spatial,7,7,35,47,35,7,7,1,188
ablation,train,1500,correct,libero_spatial,9,9,32,46,32,7,7,1,213
ablation,train,1500,correct,libero_spatial,9,9,33,47,33,7,7,1,115
ablation,train,1500,correct,libero_spatial,9,9,34,48,34,7,7,0,220
ablation,train,1500,correct,libero_spatial,9,9,35,49,35,7,7,0,220
ablation,validation,1800,correct,libero_10,31,1,0,47,0,7,7,0,520
ablation,validation,1800,correct,libero_10,31,1,1,9,1,7,7,0,520
ablation,validation,1800,correct,libero_10,31,1,2,3,2,7,7,0,520
ablation,validation,1800,correct,libero_10,31,1,3,32,3,7,7,0,520
ablation,validation,1800,correct,libero_10,31,1,4,15,4,7,7,0,520
ablation,validation,1800,correct,libero_10,31,1,5,18,5,7,7,0,520
ablation,validation,1800,correct,libero_10,31,1,6,34,6,7,7,0,520
ablation,validation,1800,correct,libero_10,31,1,7,11,7,7,7,0,520
ablation,validation,1800,correct,libero_10,31,1,8,31,8,7,7,0,520
ablation,validation,1800,correct,libero_10,31,1,9,45,9,7,7,0,520
ablation,validation,1800,correct,libero_10,31,1,10,49,10,7,7,0,520
ablation,validation,1800,correct,libero_10,31,1,11,28,11,7,7,1,493
ablation,validation,1800,correct,libero_10,31,1,12,39,12,7,7,0,520
ablation,validation,1800,correct,libero_10,31,1,13,43,13,7,7,0,520
ablation,validation,1800,correct,libero_10,31,1,14,12,14,7,7,1,340
ablation,validation,1800,correct,libero_10,31,1,15,38,15,7,7,0,520
ablation,validation,1800,correct,libero_10,31,1,16,35,16,7,7,0,520
ablation,validation,1800,correct,libero_10,31,1,17,33,17,7,7,0,520
ablation,validation,1800,correct,libero_10,31,1,18,42,18,7,7,0,520
ablation,validation,1800,correct,libero_10,31,1,19,24,19,7,7,0,520
ablation,validation,1800,correct,libero_10,31,1,20,21,20,7,7,1,404
ablation,validation,1800,correct,libero_10,31,1,21,23,21,7,7,0,520
ablation,validation,1800,correct,libero_10,31,1,22,2,22,7,7,1,512
ablation,validation,1800,correct,libero_10,31,1,23,48,23,7,7,0,520
ablation,validation,1800,correct,libero_10,31,1,24,0,24,7,7,0,520
ablation,validation,1800,correct,libero_10,31,1,25,7,25,7,7,0,520
ablation,validation,1800,correct,libero_10,31,1,26,37,26,7,7,1,475
ablation,validation,1800,correct,libero_10,31,1,27,4,27,7,7,1,513
ablation,validation,1800,correct,libero_10,31,1,28,20,28,7,7,0,520
ablation,validation,1800,correct,libero_10,31,1,29,25,29,7,7,1,442
ablation,validation,1800,correct,libero_10,31,1,30,46,30,7,7,1,452
ablation,validation,1800,correct,libero_10,31,1,31,22,31,7,7,0,520
ablation,validation,1800,correct,libero_10,31,1,32,41,32,7,7,0,520
ablation,validation,1800,correct,libero_10,31,1,33,40,33,7,7,0,520
ablation,validation,1800,correct,libero_10,31,1,34,13,34,7,7,1,397
ablation,validation,1800,correct,libero_10,31,1,35,16,35,7,7,0,520
ablation,validation,1800,correct,libero_10,31,1,36,10,36,7,7,1,407
ablation,validation,1800,correct,libero_10,31,1,37,17,37,7,7,0,520
ablation,validation,1800,correct,libero_10,31,1,38,6,38,7,7,0,520
ablation,validation,1800,correct,libero_10,31,1,39,27,39,7,7,0,520
ablation,validation,1800,correct,libero_10,31,1,40,36,40,7,7,0,520
ablation,validation,1800,correct,libero_10,31,1,41,26,41,7,7,0,520
ablation,validation,1800,correct,libero_10,31,1,42,44,42,7,7,0,520
ablation,validation,1800,correct,libero_10,31,1,43,19,43,7,7,1,362
ablation,validation,1800,correct,libero_10,31,1,44,14,44,7,7,0,520
ablation,validation,1800,correct,libero_10,31,1,45,8,45,7,7,0,520
ablation,validation,1800,correct,libero_10,31,1,46,5,46,7,7,0,520
ablation,validation,1800,correct,libero_10,31,1,47,30,47,7,7,1,437
ablation,validation,1800,correct,libero_10,31,1,48,29,48,7,7,0,520
ablation,validation,1800,correct,libero_10,31,1,49,1,49,7,7,0,520
ablation,validation,1800,correct,libero_10,32,2,0,16,0,7,7,0,520
ablation,validation,1800,correct,libero_10,32,2,1,35,1,7,7,0,520
ablation,validation,1800,correct,libero_10,32,2,2,12,2,7,7,0,520
ablation,validation,1800,correct,libero_10,32,2,3,8,3,7,7,0,520
ablation,validation,1800,correct,libero_10,32,2,4,37,4,7,7,0,520
ablation,validation,1800,correct,libero_10,32,2,5,42,5,7,7,0,520
ablation,validation,1800,correct,libero_10,32,2,6,15,6,7,7,0,520
ablation,validation,1800,correct,libero_10,32,2,7,43,7,7,7,0,520
ablation,validation,1800,correct,libero_10,32,2,8,33,8,7,7,0,520
ablation,validation,1800,correct,libero_10,32,2,9,25,9,7,7,0,520
ablation,validation,1800,correct,libero_10,32,2,10,3,10,7,7,0,520
ablation,validation,1800,correct,libero_10,32,2,11,29,11,7,7,0,520
ablation,validation,1800,correct,libero_10,32,2,12,24,12,7,7,0,520
ablation,validation,1800,correct,libero_10,32,2,13,28,13,7,7,0,520
ablation,validation,1800,correct,libero_10,32,2,14,47,14,7,7,0,520
ablation,validation,1800,correct,libero_10,32,2,15,36,15,7,7,0,520
ablation,validation,1800,correct,libero_10,32,2,16,18,16,7,7,0,520
ablation,validation,1800,correct,libero_10,32,2,17,46,17,7,7,0,520
ablation,validation,1800,correct,libero_10,32,2,18,39,18,7,7,0,520
ablation,validation,1800,correct,libero_10,32,2,19,31,19,7,7,0,520
ablation,validation,1800,correct,libero_10,32,2,20,32,20,7,7,0,520
ablation,validation,1800,correct,libero_10,32,2,21,34,21,7,7,0,520
ablation,validation,1800,correct,libero_10,32,2,22,19,22,7,7,0,520
ablation,validation,1800,correct,libero_10,32,2,23,49,23,7,7,0,520
ablation,validation,1800,correct,libero_10,32,2,24,45,24,7,7,0,520
ablation,validation,1800,correct,libero_10,32,2,25,21,25,7,7,0,520
ablation,validation,1800,correct,libero_10,32,2,26,44,26,7,7,0,520
ablation,validation,1800,correct,libero_10,32,2,27,2,27,7,7,0,520
ablation,validation,1800,correct,libero_10,32,2,28,38,28,7,7,0,520
ablation,validation,1800,correct,libero_10,32,2,29,5,29,7,7,0,520
ablation,validation,1800,correct,libero_10,32,2,30,1,30,7,7,0,520
ablation,validation,1800,correct,libero_10,32,2,31,27,31,7,7,0,520
ablation,validation,1800,correct,libero_10,32,2,32,7,32,7,7,0,520
ablation,validation,1800,correct,libero_10,32,2,33,13,33,7,7,0,520
ablation,validation,1800,correct,libero_10,32,2,34,23,34,7,7,0,520
ablation,validation,1800,correct,libero_10,32,2,35,11,35,7,7,0,520
ablation,validation,1800,correct,libero_10,32,2,36,9,36,7,7,0,520
ablation,validation,1800,correct,libero_10,32,2,37,0,37,7,7,0,520
ablation,validation,1800,correct,libero_10,32,2,38,10,38,7,7,0,520
ablation,validation,1800,correct,libero_10,32,2,39,26,39,7,7,0,520
ablation,validation,1800,correct,libero_10,32,2,40,4,40,7,7,0,520
ablation,validation,1800,correct,libero_10,32,2,41,30,41,7,7,0,520
ablation,validation,1800,correct,libero_10,32,2,42,40,42,7,7,0,520
ablation,validation,1800,correct,libero_10,32,2,43,22,43,7,7,0,520
ablation,validation,1800,correct,libero_10,32,2,44,41,44,7,7,0,520
ablation,validation,1800,correct,libero_10,32,2,45,17,45,7,7,0,520
ablation,validation,1800,correct,libero_10,32,2,46,20,46,7,7,0,520
ablation,validation,1800,correct,libero_10,32,2,47,14,47,7,7,0,520
ablation,validation,1800,correct,libero_10,32,2,48,48,48,7,7,0,520
ablation,validation,1800,correct,libero_10,32,2,49,6,49,7,7,0,520
ablation,validation,1800,correct,libero_goal,23,3,0,35,0,7,7,0,300
ablation,validation,1800,correct,libero_goal,23,3,1,13,1,7,7,0,300
ablation,validation,1800,correct,libero_goal,23,3,2,15,2,7,7,0,300
ablation,validation,1800,correct,libero_goal,23,3,3,8,3,7,7,0,300
ablation,validation,1800,correct,libero_goal,23,3,4,34,4,7,7,0,300
ablation,validation,1800,correct,libero_goal,23,3,5,28,5,7,7,0,300
ablation,validation,1800,correct,libero_goal,23,3,6,29,6,7,7,0,300
ablation,validation,1800,correct,libero_goal,23,3,7,19,7,7,7,0,300
ablation,validation,1800,correct,libero_goal,23,3,8,17,8,7,7,0,300
ablation,validation,1800,correct,libero_goal,23,3,9,2,9,7,7,0,300
ablation,validation,1800,correct,libero_goal,23,3,10,0,10,7,7,0,300
ablation,validation,1800,correct,libero_goal,23,3,11,31,11,7,7,0,300
ablation,validation,1800,correct,libero_goal,23,3,12,3,12,7,7,0,300
ablation,validation,1800,correct,libero_goal,23,3,13,30,13,7,7,0,300
ablation,validation,1800,correct,libero_goal,23,3,14,5,14,7,7,0,300
ablation,validation,1800,correct,libero_goal,23,3,15,26,15,7,7,0,300
ablation,validation,1800,correct,libero_goal,23,3,16,4,16,7,7,0,300
ablation,validation,1800,correct,libero_goal,23,3,17,9,17,7,7,0,300
ablation,validation,1800,correct,libero_goal,23,3,18,14,18,7,7,0,300
ablation,validation,1800,correct,libero_goal,23,3,19,12,19,7,7,0,300
ablation,validation,1800,correct,libero_goal,23,3,20,27,20,7,7,0,300
ablation,validation,1800,correct,libero_goal,23,3,21,32,21,7,7,0,300
ablation,validation,1800,correct,libero_goal,23,3,22,36,22,7,7,0,300
ablation,validation,1800,correct,libero_goal,23,3,23,44,23,7,7,0,300
ablation,validation,1800,correct,libero_goal,23,3,24,46,24,7,7,0,300
ablation,validation,1800,correct,libero_goal,23,3,25,11,25,7,7,0,300
ablation,validation,1800,correct,libero_goal,23,3,26,41,26,7,7,0,300
ablation,validation,1800,correct,libero_goal,23,3,27,16,27,7,7,0,300
ablation,validation,1800,correct,libero_goal,23,3,28,48,28,7,7,0,300
ablation,validation,1800,correct,libero_goal,23,3,29,23,29,7,7,0,300
ablation,validation,1800,correct,libero_goal,23,3,30,21,30,7,7,0,300
ablation,validation,1800,correct,libero_goal,23,3,31,38,31,7,7,0,300
ablation,validation,1800,correct,libero_goal,23,3,32,22,32,7,7,0,300
ablation,validation,1800,correct,libero_goal,23,3,33,39,33,7,7,0,300
ablation,validation,1800,correct,libero_goal,23,3,34,42,34,7,7,0,300
ablation,validation,1800,correct,libero_goal,23,3,35,18,35,7,7,0,300
ablation,validation,1800,correct,libero_goal,23,3,36,6,36,7,7,0,300
ablation,validation,1800,correct,libero_goal,23,3,37,49,37,7,7,0,300
ablation,validation,1800,correct,libero_goal,23,3,38,33,38,7,7,0,300
ablation,validation,1800,correct,libero_goal,23,3,39,37,39,7,7,0,300
ablation,validation,1800,correct,libero_goal,23,3,40,24,40,7,7,0,300
ablation,validation,1800,correct,libero_goal,23,3,41,7,41,7,7,0,300
ablation,validation,1800,correct,libero_goal,23,3,42,40,42,7,7,0,300
ablation,validation,1800,correct,libero_goal,23,3,43,1,43,7,7,0,300
ablation,validation,1800,correct,libero_goal,23,3,44,20,44,7,7,0,300
ablation,validation,1800,correct,libero_goal,23,3,45,45,45,7,7,0,300
ablation,validation,1800,correct,libero_goal,23,3,46,10,46,7,7,0,300
ablation,validation,1800,correct,libero_goal,23,3,47,47,47,7,7,0,300
ablation,validation,1800,correct,libero_goal,23,3,48,43,48,7,7,0,300
ablation,validation,1800,correct,libero_goal,23,3,49,25,49,7,7,0,300
ablation,validation,1800,correct,libero_goal,26,6,0,45,0,7,7,1,98
ablation,validation,1800,correct,libero_goal,26,6,1,8,1,7,7,1,122
ablation,validation,1800,correct,libero_goal,26,6,2,22,2,7,7,1,109
ablation,validation,1800,correct,libero_goal,26,6,3,34,3,7,7,1,126
ablation,validation,1800,correct,libero_goal,26,6,4,49,4,7,7,1,101
ablation,validation,1800,correct,libero_goal,26,6,5,41,5,7,7,1,121
ablation,validation,1800,correct,libero_goal,26,6,6,9,6,7,7,1,113
ablation,validation,1800,correct,libero_goal,26,6,7,40,7,7,7,1,91
ablation,validation,1800,correct,libero_goal,26,6,8,29,8,7,7,1,99
ablation,validation,1800,correct,libero_goal,26,6,9,26,9,7,7,1,138
ablation,validation,1800,correct,libero_goal,26,6,10,7,10,7,7,1,95
ablation,validation,1800,correct,libero_goal,26,6,11,10,11,7,7,1,102
ablation,validation,1800,correct,libero_goal,26,6,12,44,12,7,7,1,104
ablation,validation,1800,correct,libero_goal,26,6,13,1,13,7,7,0,300
ablation,validation,1800,correct,libero_goal,26,6,14,35,14,7,7,1,107
ablation,validation,1800,correct,libero_goal,26,6,15,20,15,7,7,1,106
ablation,validation,1800,correct,libero_goal,26,6,16,2,16,7,7,0,300
ablation,validation,1800,correct,libero_goal,26,6,17,0,17,7,7,1,102
ablation,validation,1800,correct,libero_goal,26,6,18,23,18,7,7,0,300
ablation,validation,1800,correct,libero_goal,26,6,19,36,19,7,7,1,104
ablation,validation,1800,correct,libero_goal,26,6,20,43,20,7,7,1,105
ablation,validation,1800,correct,libero_goal,26,6,21,21,21,7,7,1,105
ablation,validation,1800,correct,libero_goal,26,6,22,31,22,7,7,1,107
ablation,validation,1800,correct,libero_goal,26,6,23,27,23,7,7,1,100
ablation,validation,1800,correct,libero_goal,26,6,24,47,24,7,7,1,94
ablation,validation,1800,correct,libero_goal,26,6,25,5,25,7,7,1,91
ablation,validation,1800,correct,libero_goal,26,6,26,11,26,7,7,1,131
ablation,validation,1800,correct,libero_goal,26,6,27,24,27,7,7,0,300
ablation,validation,1800,correct,libero_goal,26,6,28,38,28,7,7,1,91
ablation,validation,1800,correct,libero_goal,26,6,29,16,29,7,7,1,91
ablation,validation,1800,correct,libero_goal,26,6,30,39,30,7,7,0,300
ablation,validation,1800,correct,libero_goal,26,6,31,12,31,7,7,1,116
ablation,validation,1800,correct,libero_goal,26,6,32,42,32,7,7,0,300
ablation,validation,1800,correct,libero_goal,26,6,33,48,33,7,7,1,95
ablation,validation,1800,correct,libero_goal,26,6,34,32,34,7,7,1,105
ablation,validation,1800,correct,libero_goal,26,6,35,13,35,7,7,1,114
ablation,validation,1800,correct,libero_goal,26,6,36,4,36,7,7,1,107
ablation,validation,1800,correct,libero_goal,26,6,37,30,37,7,7,1,115
ablation,validation,1800,correct,libero_goal,26,6,38,3,38,7,7,1,90
ablation,validation,1800,correct,libero_goal,26,6,39,46,39,7,7,0,300
ablation,validation,1800,correct,libero_goal,26,6,40,14,40,7,7,1,125
ablation,validation,1800,correct,libero_goal,26,6,41,28,41,7,7,1,130
ablation,validation,1800,correct,libero_goal,26,6,42,19,42,7,7,1,91
ablation,validation,1800,correct,libero_goal,26,6,43,17,43,7,7,1,91
ablation,validation,1800,correct,libero_goal,26,6,44,33,44,7,7,1,106
ablation,validation,1800,correct,libero_goal,26,6,45,37,45,7,7,1,102
ablation,validation,1800,correct,libero_goal,26,6,46,15,46,7,7,1,128
ablation,validation,1800,correct,libero_goal,26,6,47,25,47,7,7,1,75
ablation,validation,1800,correct,libero_goal,26,6,48,6,48,7,7,1,117
ablation,validation,1800,correct,libero_goal,26,6,49,18,49,7,7,1,112
ablation,validation,1800,correct,libero_object,11,1,0,34,0,7,7,1,162
ablation,validation,1800,correct,libero_object,11,1,1,10,1,7,7,0,280
ablation,validation,1800,correct,libero_object,11,1,2,12,2,7,7,1,243
ablation,validation,1800,correct,libero_object,11,1,3,2,3,7,7,1,139
ablation,validation,1800,correct,libero_object,11,1,4,39,4,7,7,1,228
ablation,validation,1800,correct,libero_object,11,1,5,8,5,7,7,1,233
ablation,validation,1800,correct,libero_object,11,1,6,35,6,7,7,0,280
ablation,validation,1800,correct,libero_object,11,1,7,41,7,7,7,0,280
ablation,validation,1800,correct,libero_object,11,1,8,45,8,7,7,1,133
ablation,validation,1800,correct,libero_object,11,1,9,16,9,7,7,1,270
ablation,validation,1800,correct,libero_object,11,1,10,4,10,7,7,0,280
ablation,validation,1800,correct,libero_object,11,1,11,3,11,7,7,1,133
ablation,validation,1800,correct,libero_object,11,1,12,30,12,7,7,1,228
ablation,validation,1800,correct,libero_object,11,1,13,23,13,7,7,1,173
ablation,validation,1800,correct,libero_object,11,1,14,14,14,7,7,0,280
ablation,validation,1800,correct,libero_object,11,1,15,48,15,7,7,1,137
ablation,validation,1800,correct,libero_object,11,1,16,33,16,7,7,1,153
ablation,validation,1800,correct,libero_object,11,1,17,18,17,7,7,1,243
ablation,validation,1800,correct,libero_object,11,1,18,13,18,7,7,0,280
ablation,validation,1800,correct,libero_object,11,1,19,46,19,7,7,1,153
ablation,validation,1800,correct,libero_object,11,1,20,43,20,7,7,0,280
ablation,validation,1800,correct,libero_object,11,1,21,28,21,7,7,0,280
ablation,validation,1800,correct,libero_object,11,1,22,29,22,7,7,1,177
ablation,validation,1800,correct,libero_object,11,1,23,17,23,7,7,1,213
ablation,validation,1800,correct,libero_object,11,1,24,37,24,7,7,1,133
ablation,validation,1800,correct,libero_object,11,1,25,31,25,7,7,0,280
ablation,validation,1800,correct,libero_object,11,1,26,26,26,7,7,1,133
ablation,validation,1800,correct,libero_object,11,1,27,40,27,7,7,1,192
ablation,validation,1800,correct,libero_object,11,1,28,42,28,7,7,1,159
ablation,validation,1800,correct,libero_object,11,1,29,32,29,7,7,1,147
ablation,validation,1800,correct,libero_object,11,1,30,24,30,7,7,0,280
ablation,validation,1800,correct,libero_object,11,1,31,19,31,7,7,0,280
ablation,validation,1800,correct,libero_object,11,1,32,47,32,7,7,0,280
ablation,validation,1800,correct,libero_object,11,1,33,38,33,7,7,1,122
ablation,validation,1800,correct,libero_object,11,1,34,11,34,7,7,0,280
ablation,validation,1800,correct,libero_object,11,1,35,22,35,7,7,1,149
ablation,validation,1800,correct,libero_object,11,1,36,25,36,7,7,1,139
ablation,validation,1800,correct,libero_object,11,1,37,15,37,7,7,1,172
ablation,validation,1800,correct,libero_object,11,1,38,9,38,7,7,1,262
ablation,validation,1800,correct,libero_object,11,1,39,5,39,7,7,1,139
ablation,validation,1800,correct,libero_object,11,1,40,7,40,7,7,1,206
ablation,validation,1800,correct,libero_object,11,1,41,1,41,7,7,1,171
ablation,validation,1800,correct,libero_object,11,1,42,27,42,7,7,1,124
ablation,validation,1800,correct,libero_object,11,1,43,20,43,7,7,1,228
ablation,validation,1800,correct,libero_object,11,1,44,0,44,7,7,1,129
ablation,validation,1800,correct,libero_object,11,1,45,49,45,7,7,1,126
ablation,validation,1800,correct,libero_object,11,1,46,44,46,7,7,1,132
ablation,validation,1800,correct,libero_object,11,1,47,36,47,7,7,1,156
ablation,validation,1800,correct,libero_object,11,1,48,6,48,7,7,1,212
ablation,validation,1800,correct,libero_object,11,1,49,21,49,7,7,0,280
ablation,validation,1800,correct,libero_object,13,3,0,33,0,7,7,1,159
ablation,validation,1800,correct,libero_object,13,3,1,20,1,7,7,1,266
ablation,validation,1800,correct,libero_object,13,3,2,18,2,7,7,1,122
ablation,validation,1800,correct,libero_object,13,3,3,9,3,7,7,0,280
ablation,validation,1800,correct,libero_object,13,3,4,42,4,7,7,1,132
ablation,validation,1800,correct,libero_object,13,3,5,34,5,7,7,0,280
ablation,validation,1800,correct,libero_object,13,3,6,24,6,7,7,0,280
ablation,validation,1800,correct,libero_object,13,3,7,28,7,7,7,0,280
ablation,validation,1800,correct,libero_object,13,3,8,25,8,7,7,0,280
ablation,validation,1800,correct,libero_object,13,3,9,3,9,7,7,0,280
ablation,validation,1800,correct,libero_object,13,3,10,16,10,7,7,1,128
ablation,validation,1800,correct,libero_object,13,3,11,14,11,7,7,0,280
ablation,validation,1800,correct,libero_object,13,3,12,44,12,7,7,0,280
ablation,validation,1800,correct,libero_object,13,3,13,8,13,7,7,0,280
ablation,validation,1800,correct,libero_object,13,3,14,48,14,7,7,0,280
ablation,validation,1800,correct,libero_object,13,3,15,2,15,7,7,1,138
ablation,validation,1800,correct,libero_object,13,3,16,36,16,7,7,0,280
ablation,validation,1800,correct,libero_object,13,3,17,35,17,7,7,0,280
ablation,validation,1800,correct,libero_object,13,3,18,0,18,7,7,0,280
ablation,validation,1800,correct,libero_object,13,3,19,47,19,7,7,0,280
ablation,validation,1800,correct,libero_object,13,3,20,30,20,7,7,0,280
ablation,validation,1800,correct,libero_object,13,3,21,4,21,7,7,0,280
ablation,validation,1800,correct,libero_object,13,3,22,13,22,7,7,1,137
ablation,validation,1800,correct,libero_object,13,3,23,45,23,7,7,0,280
ablation,validation,1800,correct,libero_object,13,3,24,43,24,7,7,0,280
ablation,validation,1800,correct,libero_object,13,3,25,5,25,7,7,0,280
ablation,validation,1800,correct,libero_object,13,3,26,7,26,7,7,1,136
ablation,validation,1800,correct,libero_object,13,3,27,46,27,7,7,0,280
ablation,validation,1800,correct,libero_object,13,3,28,15,28,7,7,1,134
ablation,validation,1800,correct,libero_object,13,3,29,49,29,7,7,0,280
ablation,validation,1800,correct,libero_object,13,3,30,26,30,7,7,1,118
ablation,validation,1800,correct,libero_object,13,3,31,10,31,7,7,1,136
ablation,validation,1800,correct,libero_object,13,3,32,23,32,7,7,1,136
ablation,validation,1800,correct,libero_object,13,3,33,17,33,7,7,1,247
ablation,validation,1800,correct,libero_object,13,3,34,1,34,7,7,1,162
ablation,validation,1800,correct,libero_object,13,3,35,21,35,7,7,1,124
ablation,validation,1800,correct,libero_object,13,3,36,12,36,7,7,1,127
ablation,validation,1800,correct,libero_object,13,3,37,11,37,7,7,1,130
ablation,validation,1800,correct,libero_object,13,3,38,40,38,7,7,0,280
ablation,validation,1800,correct,libero_object,13,3,39,41,39,7,7,0,280
ablation,validation,1800,correct,libero_object,13,3,40,19,40,7,7,0,280
ablation,validation,1800,correct,libero_object,13,3,41,32,41,7,7,0,280
ablation,validation,1800,correct,libero_object,13,3,42,38,42,7,7,0,280
ablation,validation,1800,correct,libero_object,13,3,43,22,43,7,7,1,147
ablation,validation,1800,correct,libero_object,13,3,44,29,44,7,7,0,280
ablation,validation,1800,correct,libero_object,13,3,45,37,45,7,7,1,161
ablation,validation,1800,correct,libero_object,13,3,46,31,46,7,7,0,280
ablation,validation,1800,correct,libero_object,13,3,47,6,47,7,7,0,280
ablation,validation,1800,correct,libero_object,13,3,48,27,48,7,7,0,280
ablation,validation,1800,correct,libero_object,13,3,49,39,49,7,7,0,280
ablation,validation,1800,correct,libero_spatial,1,1,0,1,0,7,7,0,220
ablation,validation,1800,correct,libero_spatial,1,1,1,21,1,7,7,0,220
ablation,validation,1800,correct,libero_spatial,1,1,2,39,2,7,7,0,220
ablation,validation,1800,correct,libero_spatial,1,1,3,14,3,7,7,0,220
ablation,validation,1800,correct,libero_spatial,1,1,4,2,4,7,7,0,220
ablation,validation,1800,correct,libero_spatial,1,1,5,34,5,7,7,0,220
ablation,validation,1800,correct,libero_spatial,1,1,6,40,6,7,7,0,220
ablation,validation,1800,correct,libero_spatial,1,1,7,8,7,7,7,0,220
ablation,validation,1800,correct,libero_spatial,1,1,8,4,8,7,7,0,220
ablation,validation,1800,correct,libero_spatial,1,1,9,42,9,7,7,0,220
ablation,validation,1800,correct,libero_spatial,1,1,10,44,10,7,7,0,220
ablation,validation,1800,correct,libero_spatial,1,1,11,24,11,7,7,0,220
ablation,validation,1800,correct,libero_spatial,1,1,12,36,12,7,7,0,220
ablation,validation,1800,correct,libero_spatial,1,1,13,37,13,7,7,0,220
ablation,validation,1800,correct,libero_spatial,1,1,14,18,14,7,7,0,220
ablation,validation,1800,correct,libero_spatial,1,1,15,31,15,7,7,0,220
ablation,validation,1800,correct,libero_spatial,1,1,16,33,16,7,7,0,220
ablation,validation,1800,correct,libero_spatial,1,1,17,9,17,7,7,0,220
ablation,validation,1800,correct,libero_spatial,1,1,18,6,18,7,7,0,220
ablation,validation,1800,correct,libero_spatial,1,1,19,7,19,7,7,0,220
ablation,validation,1800,correct,libero_spatial,1,1,20,27,20,7,7,0,220
ablation,validation,1800,correct,libero_spatial,1,1,21,20,21,7,7,0,220
ablation,validation,1800,correct,libero_spatial,1,1,22,38,22,7,7,0,220
ablation,validation,1800,correct,libero_spatial,1,1,23,46,23,7,7,0,220
ablation,validation,1800,correct,libero_spatial,1,1,24,17,24,7,7,0,220
ablation,validation,1800,correct,libero_spatial,1,1,25,41,25,7,7,0,220
ablation,validation,1800,correct,libero_spatial,1,1,26,0,26,7,7,0,220
ablation,validation,1800,correct,libero_spatial,1,1,27,30,27,7,7,0,220
ablation,validation,1800,correct,libero_spatial,1,1,28,22,28,7,7,0,220
ablation,validation,1800,correct,libero_spatial,1,1,29,12,29,7,7,0,220
ablation,validation,1800,correct,libero_spatial,1,1,30,47,30,7,7,0,220
ablation,validation,1800,correct,libero_spatial,1,1,31,45,31,7,7,0,220
ablation,validation,1800,correct,libero_spatial,1,1,32,32,32,7,7,0,220
ablation,validation,1800,correct,libero_spatial,1,1,33,43,33,7,7,0,220
ablation,validation,1800,correct,libero_spatial,1,1,34,3,34,7,7,0,220
ablation,validation,1800,correct,libero_spatial,1,1,35,11,35,7,7,0,220
ablation,validation,1800,correct,libero_spatial,1,1,36,48,36,7,7,0,220
ablation,validation,1800,correct,libero_spatial,1,1,37,28,37,7,7,0,220
ablation,validation,1800,correct,libero_spatial,1,1,38,35,38,7,7,0,220
ablation,validation,1800,correct,libero_spatial,1,1,39,29,39,7,7,0,220
ablation,validation,1800,correct,libero_spatial,1,1,40,15,40,7,7,0,220
ablation,validation,1800,correct,libero_spatial,1,1,41,5,41,7,7,0,220
ablation,validation,1800,correct,libero_spatial,1,1,42,26,42,7,7,0,220
ablation,validation,1800,correct,libero_spatial,1,1,43,19,43,7,7,0,220
ablation,validation,1800,correct,libero_spatial,1,1,44,23,44,7,7,0,220
ablation,validation,1800,correct,libero_spatial,1,1,45,10,45,7,7,0,220
ablation,validation,1800,correct,libero_spatial,1,1,46,16,46,7,7,0,220
ablation,validation,1800,correct,libero_spatial,1,1,47,25,47,7,7,0,220
ablation,validation,1800,correct,libero_spatial,1,1,48,49,48,7,7,0,220
ablation,validation,1800,correct,libero_spatial,1,1,49,13,49,7,7,0,220
ablation,validation,1800,correct,libero_spatial,3,3,0,2,0,7,7,1,105
ablation,validation,1800,correct,libero_spatial,3,3,1,36,1,7,7,0,220
ablation,validation,1800,correct,libero_spatial,3,3,2,43,2,7,7,0,220
ablation,validation,1800,correct,libero_spatial,3,3,3,16,3,7,7,1,102
ablation,validation,1800,correct,libero_spatial,3,3,4,7,4,7,7,0,220
ablation,validation,1800,correct,libero_spatial,3,3,5,8,5,7,7,0,220
ablation,validation,1800,correct,libero_spatial,3,3,6,14,6,7,7,0,220
ablation,validation,1800,correct,libero_spatial,3,3,7,38,7,7,7,1,219
ablation,validation,1800,correct,libero_spatial,3,3,8,33,8,7,7,0,220
ablation,validation,1800,correct,libero_spatial,3,3,9,1,9,7,7,1,106
ablation,validation,1800,correct,libero_spatial,3,3,10,21,10,7,7,1,129
ablation,validation,1800,correct,libero_spatial,3,3,11,5,11,7,7,1,98
ablation,validation,1800,correct,libero_spatial,3,3,12,49,12,7,7,0,220
ablation,validation,1800,correct,libero_spatial,3,3,13,29,13,7,7,0,220
ablation,validation,1800,correct,libero_spatial,3,3,14,24,14,7,7,1,112
ablation,validation,1800,correct,libero_spatial,3,3,15,10,15,7,7,1,85
ablation,validation,1800,correct,libero_spatial,3,3,16,44,16,7,7,1,103
ablation,validation,1800,correct,libero_spatial,3,3,17,15,17,7,7,1,99
ablation,validation,1800,correct,libero_spatial,3,3,18,19,18,7,7,0,220
ablation,validation,1800,correct,libero_spatial,3,3,19,39,19,7,7,1,94
ablation,validation,1800,correct,libero_spatial,3,3,20,6,20,7,7,0,220
ablation,validation,1800,correct,libero_spatial,3,3,21,30,21,7,7,1,97
ablation,validation,1800,correct,libero_spatial,3,3,22,28,22,7,7,1,106
ablation,validation,1800,correct,libero_spatial,3,3,23,34,23,7,7,1,110
ablation,validation,1800,correct,libero_spatial,3,3,24,3,24,7,7,1,103
ablation,validation,1800,correct,libero_spatial,3,3,25,45,25,7,7,0,220
ablation,validation,1800,correct,libero_spatial,3,3,26,32,26,7,7,1,114
ablation,validation,1800,correct,libero_spatial,3,3,27,22,27,7,7,0,220
ablation,validation,1800,correct,libero_spatial,3,3,28,20,28,7,7,0,220
ablation,validation,1800,correct,libero_spatial,3,3,29,23,29,7,7,1,103
ablation,validation,1800,correct,libero_spatial,3,3,30,9,30,7,7,0,220
ablation,validation,1800,correct,libero_spatial,3,3,31,0,31,7,7,1,125
ablation,validation,1800,correct,libero_spatial,3,3,32,4,32,7,7,1,78
ablation,validation,1800,correct,libero_spatial,3,3,33,47,33,7,7,0,220
ablation,validation,1800,correct,libero_spatial,3,3,34,31,34,7,7,0,220
ablation,validation,1800,correct,libero_spatial,3,3,35,27,35,7,7,0,220
ablation,validation,1800,correct,libero_spatial,3,3,36,17,36,7,7,0,220
ablation,validation,1800,correct,libero_spatial,3,3,37,41,37,7,7,1,104
ablation,validation,1800,correct,libero_spatial,3,3,38,25,38,7,7,1,110
ablation,validation,1800,correct,libero_spatial,3,3,39,35,39,7,7,0,220
ablation,validation,1800,correct,libero_spatial,3,3,40,46,40,7,7,0,220
ablation,validation,1800,correct,libero_spatial,3,3,41,40,41,7,7,0,220
ablation,validation,1800,correct,libero_spatial,3,3,42,42,42,7,7,1,98
ablation,validation,1800,correct,libero_spatial,3,3,43,48,43,7,7,1,118
ablation,validation,1800,correct,libero_spatial,3,3,44,26,44,7,7,0,220
ablation,validation,1800,correct,libero_spatial,3,3,45,11,45,7,7,1,96
ablation,validation,1800,correct,libero_spatial,3,3,46,18,46,7,7,0,220
ablation,validation,1800,correct,libero_spatial,3,3,47,13,47,7,7,1,138
ablation,validation,1800,correct,libero_spatial,3,3,48,12,48,7,7,1,143
ablation,validation,1800,correct,libero_spatial,3,3,49,37,49,7,7,0,220
ablation,train,1800,correct,libero_10,34,4,32,48,32,7,7,0,520
ablation,train,1800,correct,libero_10,34,4,33,49,33,7,7,1,240
ablation,train,1800,correct,libero_10,34,4,34,47,34,7,7,1,247
ablation,train,1800,correct,libero_10,34,4,35,46,35,7,7,0,520
ablation,train,1800,correct,libero_10,35,5,32,48,32,7,7,0,520
ablation,train,1800,correct,libero_10,35,5,33,46,33,7,7,0,520
ablation,train,1800,correct,libero_10,35,5,34,49,34,7,7,1,201
ablation,train,1800,correct,libero_10,35,5,35,47,35,7,7,1,162
ablation,train,1800,correct,libero_10,36,6,32,49,32,7,7,0,520
ablation,train,1800,correct,libero_10,36,6,33,48,33,7,7,1,301
ablation,train,1800,correct,libero_10,36,6,34,46,34,7,7,1,299
ablation,train,1800,correct,libero_10,36,6,35,47,35,7,7,1,282
ablation,train,1800,correct,libero_10,37,7,32,49,32,7,7,0,520
ablation,train,1800,correct,libero_10,37,7,33,47,33,7,7,0,520
ablation,train,1800,correct,libero_10,37,7,34,46,34,7,7,1,293
ablation,train,1800,correct,libero_10,37,7,35,48,35,7,7,0,520
ablation,train,1800,correct,libero_10,38,8,32,48,32,7,7,0,520
ablation,train,1800,correct,libero_10,38,8,33,49,33,7,7,1,495
ablation,train,1800,correct,libero_10,38,8,34,46,34,7,7,0,520
ablation,train,1800,correct,libero_10,38,8,35,47,35,7,7,0,520
ablation,train,1800,correct,libero_10,39,9,32,47,32,7,7,0,520
ablation,train,1800,correct,libero_10,39,9,33,48,33,7,7,0,520
ablation,train,1800,correct,libero_10,39,9,34,46,34,7,7,0,520
ablation,train,1800,correct,libero_10,39,9,35,49,35,7,7,1,374
ablation,train,1800,correct,libero_goal,20,0,32,47,32,7,7,1,106
ablation,train,1800,correct,libero_goal,20,0,33,48,33,7,7,0,300
ablation,train,1800,correct,libero_goal,20,0,34,46,34,7,7,0,300
ablation,train,1800,correct,libero_goal,20,0,35,49,35,7,7,0,300
ablation,train,1800,correct,libero_goal,21,1,32,47,32,7,7,1,80
ablation,train,1800,correct,libero_goal,21,1,33,48,33,7,7,1,84
ablation,train,1800,correct,libero_goal,21,1,34,46,34,7,7,1,80
ablation,train,1800,correct,libero_goal,21,1,35,49,35,7,7,1,83
ablation,train,1800,correct,libero_goal,22,2,32,46,32,7,7,1,99
ablation,train,1800,correct,libero_goal,22,2,33,48,33,7,7,1,134
ablation,train,1800,correct,libero_goal,22,2,34,49,34,7,7,1,105
ablation,train,1800,correct,libero_goal,22,2,35,47,35,7,7,1,96
ablation,train,1800,correct,libero_goal,25,5,32,48,32,7,7,0,300
ablation,train,1800,correct,libero_goal,25,5,33,47,33,7,7,0,300
ablation,train,1800,correct,libero_goal,25,5,34,49,34,7,7,1,112
ablation,train,1800,correct,libero_goal,25,5,35,46,35,7,7,0,300
ablation,train,1800,correct,libero_goal,28,8,32,49,32,7,7,1,79
ablation,train,1800,correct,libero_goal,28,8,33,47,33,7,7,1,88
ablation,train,1800,correct,libero_goal,28,8,34,46,34,7,7,1,81
ablation,train,1800,correct,libero_goal,28,8,35,48,35,7,7,1,67
ablation,train,1800,correct,libero_goal,29,9,32,46,32,7,7,0,300
ablation,train,1800,correct,libero_goal,29,9,33,48,33,7,7,0,300
ablation,train,1800,correct,libero_goal,29,9,34,49,34,7,7,0,300
ablation,train,1800,correct,libero_goal,29,9,35,47,35,7,7,0,300
ablation,train,1800,correct,libero_object,12,2,32,48,32,7,7,1,205
ablation,train,1800,correct,libero_object,12,2,33,49,33,7,7,1,137
ablation,train,1800,correct,libero_object,12,2,34,47,34,7,7,1,197
ablation,train,1800,correct,libero_object,12,2,35,46,35,7,7,1,130
ablation,train,1800,correct,libero_object,14,4,32,47,32,7,7,1,155
ablation,train,1800,correct,libero_object,14,4,33,46,33,7,7,1,152
ablation,train,1800,correct,libero_object,14,4,34,49,34,7,7,1,127
ablation,train,1800,correct,libero_object,14,4,35,48,35,7,7,1,137
ablation,train,1800,correct,libero_object,15,5,32,48,32,7,7,0,280
ablation,train,1800,correct,libero_object,15,5,33,47,33,7,7,0,280
ablation,train,1800,correct,libero_object,15,5,34,46,34,7,7,0,280
ablation,train,1800,correct,libero_object,15,5,35,49,35,7,7,1,144
ablation,train,1800,correct,libero_object,16,6,32,48,32,7,7,1,138
ablation,train,1800,correct,libero_object,16,6,33,46,33,7,7,1,173
ablation,train,1800,correct,libero_object,16,6,34,47,34,7,7,1,137
ablation,train,1800,correct,libero_object,16,6,35,49,35,7,7,1,142
ablation,train,1800,correct,libero_object,18,8,32,47,32,7,7,1,153
ablation,train,1800,correct,libero_object,18,8,33,49,33,7,7,1,147
ablation,train,1800,correct,libero_object,18,8,34,46,34,7,7,1,133
ablation,train,1800,correct,libero_object,18,8,35,48,35,7,7,1,151
ablation,train,1800,correct,libero_object,19,9,32,46,32,7,7,1,120
ablation,train,1800,correct,libero_object,19,9,33,47,33,7,7,1,115
ablation,train,1800,correct,libero_object,19,9,34,49,34,7,7,1,133
ablation,train,1800,correct,libero_object,19,9,35,48,35,7,7,1,122
ablation,train,1800,correct,libero_spatial,0,0,32,48,32,7,7,1,78
ablation,train,1800,correct,libero_spatial,0,0,33,46,33,7,7,0,220
ablation,train,1800,correct,libero_spatial,0,0,34,47,34,7,7,1,76
ablation,train,1800,correct,libero_spatial,0,0,35,49,35,7,7,1,100
ablation,train,1800,correct,libero_spatial,2,2,32,49,32,7,7,1,100
ablation,train,1800,correct,libero_spatial,2,2,33,47,33,7,7,1,99
ablation,train,1800,correct,libero_spatial,2,2,34,48,34,7,7,1,96
ablation,train,1800,correct,libero_spatial,2,2,35,46,35,7,7,1,98
ablation,train,1800,correct,libero_spatial,4,4,32,46,32,7,7,1,125
ablation,train,1800,correct,libero_spatial,4,4,33,49,33,7,7,0,220
ablation,train,1800,correct,libero_spatial,4,4,34,48,34,7,7,1,146
ablation,train,1800,correct,libero_spatial,4,4,35,47,35,7,7,1,133
ablation,train,1800,correct,libero_spatial,5,5,32,49,32,7,7,0,220
ablation,train,1800,correct,libero_spatial,5,5,33,47,33,7,7,1,100
ablation,train,1800,correct,libero_spatial,5,5,34,46,34,7,7,1,98
ablation,train,1800,correct,libero_spatial,5,5,35,48,35,7,7,1,101
ablation,train,1800,correct,libero_spatial,7,7,32,49,32,7,7,1,144
ablation,train,1800,correct,libero_spatial,7,7,33,46,33,7,7,1,145
ablation,train,1800,correct,libero_spatial,7,7,34,48,34,7,7,1,176
ablation,train,1800,correct,libero_spatial,7,7,35,47,35,7,7,1,200
ablation,train,1800,correct,libero_spatial,9,9,32,46,32,7,7,1,110
ablation,train,1800,correct,libero_spatial,9,9,33,47,33,7,7,1,114
ablation,train,1800,correct,libero_spatial,9,9,34,48,34,7,7,0,220
ablation,train,1800,correct,libero_spatial,9,9,35,49,35,7,7,1,118
ablation,validation,2100,correct,libero_10,31,1,0,47,0,7,7,0,520
ablation,validation,2100,correct,libero_10,31,1,1,9,1,7,7,0,520
ablation,validation,2100,correct,libero_10,31,1,2,3,2,7,7,0,520
ablation,validation,2100,correct,libero_10,31,1,3,32,3,7,7,1,354
ablation,validation,2100,correct,libero_10,31,1,4,15,4,7,7,0,520
ablation,validation,2100,correct,libero_10,31,1,5,18,5,7,7,0,520
ablation,validation,2100,correct,libero_10,31,1,6,34,6,7,7,0,520
ablation,validation,2100,correct,libero_10,31,1,7,11,7,7,7,1,477
ablation,validation,2100,correct,libero_10,31,1,8,31,8,7,7,0,520
ablation,validation,2100,correct,libero_10,31,1,9,45,9,7,7,0,520
ablation,validation,2100,correct,libero_10,31,1,10,49,10,7,7,1,484
ablation,validation,2100,correct,libero_10,31,1,11,28,11,7,7,0,520
ablation,validation,2100,correct,libero_10,31,1,12,39,12,7,7,0,520
ablation,validation,2100,correct,libero_10,31,1,13,43,13,7,7,1,263
ablation,validation,2100,correct,libero_10,31,1,14,12,14,7,7,1,356
ablation,validation,2100,correct,libero_10,31,1,15,38,15,7,7,0,520
ablation,validation,2100,correct,libero_10,31,1,16,35,16,7,7,0,520
ablation,validation,2100,correct,libero_10,31,1,17,33,17,7,7,0,520
ablation,validation,2100,correct,libero_10,31,1,18,42,18,7,7,0,520
ablation,validation,2100,correct,libero_10,31,1,19,24,19,7,7,1,323
ablation,validation,2100,correct,libero_10,31,1,20,21,20,7,7,1,312
ablation,validation,2100,correct,libero_10,31,1,21,23,21,7,7,1,328
ablation,validation,2100,correct,libero_10,31,1,22,2,22,7,7,1,372
ablation,validation,2100,correct,libero_10,31,1,23,48,23,7,7,0,520
ablation,validation,2100,correct,libero_10,31,1,24,0,24,7,7,0,520
ablation,validation,2100,correct,libero_10,31,1,25,7,25,7,7,0,520
ablation,validation,2100,correct,libero_10,31,1,26,37,26,7,7,1,485
ablation,validation,2100,correct,libero_10,31,1,27,4,27,7,7,0,520
ablation,validation,2100,correct,libero_10,31,1,28,20,28,7,7,1,397
ablation,validation,2100,correct,libero_10,31,1,29,25,29,7,7,0,520
ablation,validation,2100,correct,libero_10,31,1,30,46,30,7,7,1,372
ablation,validation,2100,correct,libero_10,31,1,31,22,31,7,7,0,520
ablation,validation,2100,correct,libero_10,31,1,32,41,32,7,7,0,520
ablation,validation,2100,correct,libero_10,31,1,33,40,33,7,7,0,520
ablation,validation,2100,correct,libero_10,31,1,34,13,34,7,7,0,520
ablation,validation,2100,correct,libero_10,31,1,35,16,35,7,7,0,520
ablation,validation,2100,correct,libero_10,31,1,36,10,36,7,7,0,520
ablation,validation,2100,correct,libero_10,31,1,37,17,37,7,7,1,372
ablation,validation,2100,correct,libero_10,31,1,38,6,38,7,7,0,520
ablation,validation,2100,correct,libero_10,31,1,39,27,39,7,7,0,520
ablation,validation,2100,correct,libero_10,31,1,40,36,40,7,7,0,520
ablation,validation,2100,correct,libero_10,31,1,41,26,41,7,7,0,520
ablation,validation,2100,correct,libero_10,31,1,42,44,42,7,7,0,520
ablation,validation,2100,correct,libero_10,31,1,43,19,43,7,7,1,362
ablation,validation,2100,correct,libero_10,31,1,44,14,44,7,7,0,520
ablation,validation,2100,correct,libero_10,31,1,45,8,45,7,7,1,423
ablation,validation,2100,correct,libero_10,31,1,46,5,46,7,7,1,301
ablation,validation,2100,correct,libero_10,31,1,47,30,47,7,7,1,452
ablation,validation,2100,correct,libero_10,31,1,48,29,48,7,7,1,311
ablation,validation,2100,correct,libero_10,31,1,49,1,49,7,7,1,362
ablation,validation,2100,correct,libero_10,32,2,0,16,0,7,7,0,520
ablation,validation,2100,correct,libero_10,32,2,1,35,1,7,7,0,520
ablation,validation,2100,correct,libero_10,32,2,2,12,2,7,7,0,520
ablation,validation,2100,correct,libero_10,32,2,3,8,3,7,7,0,520
ablation,validation,2100,correct,libero_10,32,2,4,37,4,7,7,1,374
ablation,validation,2100,correct,libero_10,32,2,5,42,5,7,7,0,520
ablation,validation,2100,correct,libero_10,32,2,6,15,6,7,7,0,520
ablation,validation,2100,correct,libero_10,32,2,7,43,7,7,7,0,520
ablation,validation,2100,correct,libero_10,32,2,8,33,8,7,7,0,520
ablation,validation,2100,correct,libero_10,32,2,9,25,9,7,7,0,520
ablation,validation,2100,correct,libero_10,32,2,10,3,10,7,7,0,520
ablation,validation,2100,correct,libero_10,32,2,11,29,11,7,7,0,520
ablation,validation,2100,correct,libero_10,32,2,12,24,12,7,7,0,520
ablation,validation,2100,correct,libero_10,32,2,13,28,13,7,7,0,520
ablation,validation,2100,correct,libero_10,32,2,14,47,14,7,7,0,520
ablation,validation,2100,correct,libero_10,32,2,15,36,15,7,7,0,520
ablation,validation,2100,correct,libero_10,32,2,16,18,16,7,7,0,520
ablation,validation,2100,correct,libero_10,32,2,17,46,17,7,7,0,520
ablation,validation,2100,correct,libero_10,32,2,18,39,18,7,7,0,520
ablation,validation,2100,correct,libero_10,32,2,19,31,19,7,7,0,520
ablation,validation,2100,correct,libero_10,32,2,20,32,20,7,7,0,520
ablation,validation,2100,correct,libero_10,32,2,21,34,21,7,7,0,520
ablation,validation,2100,correct,libero_10,32,2,22,19,22,7,7,0,520
ablation,validation,2100,correct,libero_10,32,2,23,49,23,7,7,0,520
ablation,validation,2100,correct,libero_10,32,2,24,45,24,7,7,0,520
ablation,validation,2100,correct,libero_10,32,2,25,21,25,7,7,0,520
ablation,validation,2100,correct,libero_10,32,2,26,44,26,7,7,0,520
ablation,validation,2100,correct,libero_10,32,2,27,2,27,7,7,0,520
ablation,validation,2100,correct,libero_10,32,2,28,38,28,7,7,0,520
ablation,validation,2100,correct,libero_10,32,2,29,5,29,7,7,0,520
ablation,validation,2100,correct,libero_10,32,2,30,1,30,7,7,0,520
ablation,validation,2100,correct,libero_10,32,2,31,27,31,7,7,0,520
ablation,validation,2100,correct,libero_10,32,2,32,7,32,7,7,0,520
ablation,validation,2100,correct,libero_10,32,2,33,13,33,7,7,0,520
ablation,validation,2100,correct,libero_10,32,2,34,23,34,7,7,0,520
ablation,validation,2100,correct,libero_10,32,2,35,11,35,7,7,0,520
ablation,validation,2100,correct,libero_10,32,2,36,9,36,7,7,0,520
ablation,validation,2100,correct,libero_10,32,2,37,0,37,7,7,0,520
ablation,validation,2100,correct,libero_10,32,2,38,10,38,7,7,0,520
ablation,validation,2100,correct,libero_10,32,2,39,26,39,7,7,0,520
ablation,validation,2100,correct,libero_10,32,2,40,4,40,7,7,0,520
ablation,validation,2100,correct,libero_10,32,2,41,30,41,7,7,0,520
ablation,validation,2100,correct,libero_10,32,2,42,40,42,7,7,0,520
ablation,validation,2100,correct,libero_10,32,2,43,22,43,7,7,0,520
ablation,validation,2100,correct,libero_10,32,2,44,41,44,7,7,0,520
ablation,validation,2100,correct,libero_10,32,2,45,17,45,7,7,0,520
ablation,validation,2100,correct,libero_10,32,2,46,20,46,7,7,0,520
ablation,validation,2100,correct,libero_10,32,2,47,14,47,7,7,0,520
ablation,validation,2100,correct,libero_10,32,2,48,48,48,7,7,0,520
ablation,validation,2100,correct,libero_10,32,2,49,6,49,7,7,0,520
ablation,validation,2100,correct,libero_goal,23,3,0,35,0,7,7,0,300
ablation,validation,2100,correct,libero_goal,23,3,1,13,1,7,7,0,300
ablation,validation,2100,correct,libero_goal,23,3,2,15,2,7,7,0,300
ablation,validation,2100,correct,libero_goal,23,3,3,8,3,7,7,0,300
ablation,validation,2100,correct,libero_goal,23,3,4,34,4,7,7,0,300
ablation,validation,2100,correct,libero_goal,23,3,5,28,5,7,7,0,300
ablation,validation,2100,correct,libero_goal,23,3,6,29,6,7,7,0,300
ablation,validation,2100,correct,libero_goal,23,3,7,19,7,7,7,0,300
ablation,validation,2100,correct,libero_goal,23,3,8,17,8,7,7,0,300
ablation,validation,2100,correct,libero_goal,23,3,9,2,9,7,7,0,300
ablation,validation,2100,correct,libero_goal,23,3,10,0,10,7,7,0,300
ablation,validation,2100,correct,libero_goal,23,3,11,31,11,7,7,0,300
ablation,validation,2100,correct,libero_goal,23,3,12,3,12,7,7,0,300
ablation,validation,2100,correct,libero_goal,23,3,13,30,13,7,7,0,300
ablation,validation,2100,correct,libero_goal,23,3,14,5,14,7,7,0,300
ablation,validation,2100,correct,libero_goal,23,3,15,26,15,7,7,0,300
ablation,validation,2100,correct,libero_goal,23,3,16,4,16,7,7,0,300
ablation,validation,2100,correct,libero_goal,23,3,17,9,17,7,7,0,300
ablation,validation,2100,correct,libero_goal,23,3,18,14,18,7,7,0,300
ablation,validation,2100,correct,libero_goal,23,3,19,12,19,7,7,0,300
ablation,validation,2100,correct,libero_goal,23,3,20,27,20,7,7,0,300
ablation,validation,2100,correct,libero_goal,23,3,21,32,21,7,7,0,300
ablation,validation,2100,correct,libero_goal,23,3,22,36,22,7,7,0,300
ablation,validation,2100,correct,libero_goal,23,3,23,44,23,7,7,0,300
ablation,validation,2100,correct,libero_goal,23,3,24,46,24,7,7,0,300
ablation,validation,2100,correct,libero_goal,23,3,25,11,25,7,7,0,300
ablation,validation,2100,correct,libero_goal,23,3,26,41,26,7,7,0,300
ablation,validation,2100,correct,libero_goal,23,3,27,16,27,7,7,0,300
ablation,validation,2100,correct,libero_goal,23,3,28,48,28,7,7,0,300
ablation,validation,2100,correct,libero_goal,23,3,29,23,29,7,7,0,300
ablation,validation,2100,correct,libero_goal,23,3,30,21,30,7,7,0,300
ablation,validation,2100,correct,libero_goal,23,3,31,38,31,7,7,0,300
ablation,validation,2100,correct,libero_goal,23,3,32,22,32,7,7,0,300
ablation,validation,2100,correct,libero_goal,23,3,33,39,33,7,7,0,300
ablation,validation,2100,correct,libero_goal,23,3,34,42,34,7,7,0,300
ablation,validation,2100,correct,libero_goal,23,3,35,18,35,7,7,0,300
ablation,validation,2100,correct,libero_goal,23,3,36,6,36,7,7,0,300
ablation,validation,2100,correct,libero_goal,23,3,37,49,37,7,7,0,300
ablation,validation,2100,correct,libero_goal,23,3,38,33,38,7,7,0,300
ablation,validation,2100,correct,libero_goal,23,3,39,37,39,7,7,0,300
ablation,validation,2100,correct,libero_goal,23,3,40,24,40,7,7,0,300
ablation,validation,2100,correct,libero_goal,23,3,41,7,41,7,7,0,300
ablation,validation,2100,correct,libero_goal,23,3,42,40,42,7,7,0,300
ablation,validation,2100,correct,libero_goal,23,3,43,1,43,7,7,0,300
ablation,validation,2100,correct,libero_goal,23,3,44,20,44,7,7,0,300
ablation,validation,2100,correct,libero_goal,23,3,45,45,45,7,7,0,300
ablation,validation,2100,correct,libero_goal,23,3,46,10,46,7,7,0,300
ablation,validation,2100,correct,libero_goal,23,3,47,47,47,7,7,0,300
ablation,validation,2100,correct,libero_goal,23,3,48,43,48,7,7,0,300
ablation,validation,2100,correct,libero_goal,23,3,49,25,49,7,7,0,300
ablation,validation,2100,correct,libero_goal,26,6,0,45,0,7,7,1,97
ablation,validation,2100,correct,libero_goal,26,6,1,8,1,7,7,1,122
ablation,validation,2100,correct,libero_goal,26,6,2,22,2,7,7,0,300
ablation,validation,2100,correct,libero_goal,26,6,3,34,3,7,7,0,300
ablation,validation,2100,correct,libero_goal,26,6,4,49,4,7,7,1,105
ablation,validation,2100,correct,libero_goal,26,6,5,41,5,7,7,1,132
ablation,validation,2100,correct,libero_goal,26,6,6,9,6,7,7,1,113
ablation,validation,2100,correct,libero_goal,26,6,7,40,7,7,7,1,91
ablation,validation,2100,correct,libero_goal,26,6,8,29,8,7,7,1,105
ablation,validation,2100,correct,libero_goal,26,6,9,26,9,7,7,1,145
ablation,validation,2100,correct,libero_goal,26,6,10,7,10,7,7,1,101
ablation,validation,2100,correct,libero_goal,26,6,11,10,11,7,7,1,102
ablation,validation,2100,correct,libero_goal,26,6,12,44,12,7,7,1,104
ablation,validation,2100,correct,libero_goal,26,6,13,1,13,7,7,0,300
ablation,validation,2100,correct,libero_goal,26,6,14,35,14,7,7,0,300
ablation,validation,2100,correct,libero_goal,26,6,15,20,15,7,7,1,107
ablation,validation,2100,correct,libero_goal,26,6,16,2,16,7,7,0,300
ablation,validation,2100,correct,libero_goal,26,6,17,0,17,7,7,1,100
ablation,validation,2100,correct,libero_goal,26,6,18,23,18,7,7,1,97
ablation,validation,2100,correct,libero_goal,26,6,19,36,19,7,7,1,104
ablation,validation,2100,correct,libero_goal,26,6,20,43,20,7,7,1,105
ablation,validation,2100,correct,libero_goal,26,6,21,21,21,7,7,1,106
ablation,validation,2100,correct,libero_goal,26,6,22,31,22,7,7,1,108
ablation,validation,2100,correct,libero_goal,26,6,23,27,23,7,7,1,136
ablation,validation,2100,correct,libero_goal,26,6,24,47,24,7,7,1,93
ablation,validation,2100,correct,libero_goal,26,6,25,5,25,7,7,1,91
ablation,validation,2100,correct,libero_goal,26,6,26,11,26,7,7,1,131
ablation,validation,2100,correct,libero_goal,26,6,27,24,27,7,7,0,300
ablation,validation,2100,correct,libero_goal,26,6,28,38,28,7,7,0,300
ablation,validation,2100,correct,libero_goal,26,6,29,16,29,7,7,1,96
ablation,validation,2100,correct,libero_goal,26,6,30,39,30,7,7,0,300
ablation,validation,2100,correct,libero_goal,26,6,31,12,31,7,7,0,300
ablation,validation,2100,correct,libero_goal,26,6,32,42,32,7,7,0,300
ablation,validation,2100,correct,libero_goal,26,6,33,48,33,7,7,1,94
ablation,validation,2100,correct,libero_goal,26,6,34,32,34,7,7,1,113
ablation,validation,2100,correct,libero_goal,26,6,35,13,35,7,7,1,115
ablation,validation,2100,correct,libero_goal,26,6,36,4,36,7,7,1,107
ablation,validation,2100,correct,libero_goal,26,6,37,30,37,7,7,1,121
ablation,validation,2100,correct,libero_goal,26,6,38,3,38,7,7,1,87
ablation,validation,2100,correct,libero_goal,26,6,39,46,39,7,7,0,300
ablation,validation,2100,correct,libero_goal,26,6,40,14,40,7,7,1,124
ablation,validation,2100,correct,libero_goal,26,6,41,28,41,7,7,0,300
ablation,validation,2100,correct,libero_goal,26,6,42,19,42,7,7,1,91
ablation,validation,2100,correct,libero_goal,26,6,43,17,43,7,7,1,103
ablation,validation,2100,correct,libero_goal,26,6,44,33,44,7,7,1,105
ablation,validation,2100,correct,libero_goal,26,6,45,37,45,7,7,1,97
ablation,validation,2100,correct,libero_goal,26,6,46,15,46,7,7,1,124
ablation,validation,2100,correct,libero_goal,26,6,47,25,47,7,7,1,78
ablation,validation,2100,correct,libero_goal,26,6,48,6,48,7,7,1,118
ablation,validation,2100,correct,libero_goal,26,6,49,18,49,7,7,1,112
ablation,validation,2100,correct,libero_object,11,1,0,34,0,7,7,1,163
ablation,validation,2100,correct,libero_object,11,1,1,10,1,7,7,1,143
ablation,validation,2100,correct,libero_object,11,1,2,12,2,7,7,1,153
ablation,validation,2100,correct,libero_object,11,1,3,2,3,7,7,1,139
ablation,validation,2100,correct,libero_object,11,1,4,39,4,7,7,1,144
ablation,validation,2100,correct,libero_object,11,1,5,8,5,7,7,1,133
ablation,validation,2100,correct,libero_object,11,1,6,35,6,7,7,0,280
ablation,validation,2100,correct,libero_object,11,1,7,41,7,7,7,1,127
ablation,validation,2100,correct,libero_object,11,1,8,45,8,7,7,1,137
ablation,validation,2100,correct,libero_object,11,1,9,16,9,7,7,1,187
ablation,validation,2100,correct,libero_object,11,1,10,4,10,7,7,1,232
ablation,validation,2100,correct,libero_object,11,1,11,3,11,7,7,1,132
ablation,validation,2100,correct,libero_object,11,1,12,30,12,7,7,1,242
ablation,validation,2100,correct,libero_object,11,1,13,23,13,7,7,1,188
ablation,validation,2100,correct,libero_object,11,1,14,14,14,7,7,1,242
ablation,validation,2100,correct,libero_object,11,1,15,48,15,7,7,1,132
ablation,validation,2100,correct,libero_object,11,1,16,33,16,7,7,1,172
ablation,validation,2100,correct,libero_object,11,1,17,18,17,7,7,1,188
ablation,validation,2100,correct,libero_object,11,1,18,13,18,7,7,0,280
ablation,validation,2100,correct,libero_object,11,1,19,46,19,7,7,1,143
ablation,validation,2100,correct,libero_object,11,1,20,43,20,7,7,1,272
ablation,validation,2100,correct,libero_object,11,1,21,28,21,7,7,1,214
ablation,validation,2100,correct,libero_object,11,1,22,29,22,7,7,1,172
ablation,validation,2100,correct,libero_object,11,1,23,17,23,7,7,0,280
ablation,validation,2100,correct,libero_object,11,1,24,37,24,7,7,1,132
ablation,validation,2100,correct,libero_object,11,1,25,31,25,7,7,1,140
ablation,validation,2100,correct,libero_object,11,1,26,26,26,7,7,1,123
ablation,validation,2100,correct,libero_object,11,1,27,40,27,7,7,1,180
ablation,validation,2100,correct,libero_object,11,1,28,42,28,7,7,1,128
ablation,validation,2100,correct,libero_object,11,1,29,32,29,7,7,1,144
ablation,validation,2100,correct,libero_object,11,1,30,24,30,7,7,1,278
ablation,validation,2100,correct,libero_object,11,1,31,19,31,7,7,0,280
ablation,validation,2100,correct,libero_object,11,1,32,47,32,7,7,1,129
ablation,validation,2100,correct,libero_object,11,1,33,38,33,7,7,1,157
ablation,validation,2100,correct,libero_object,11,1,34,11,34,7,7,1,143
ablation,validation,2100,correct,libero_object,11,1,35,22,35,7,7,1,162
ablation,validation,2100,correct,libero_object,11,1,36,25,36,7,7,1,138
ablation,validation,2100,correct,libero_object,11,1,37,15,37,7,7,1,137
ablation,validation,2100,correct,libero_object,11,1,38,9,38,7,7,1,201
ablation,validation,2100,correct,libero_object,11,1,39,5,39,7,7,1,138
ablation,validation,2100,correct,libero_object,11,1,40,7,40,7,7,1,136
ablation,validation,2100,correct,libero_object,11,1,41,1,41,7,7,1,170
ablation,validation,2100,correct,libero_object,11,1,42,27,42,7,7,1,128
ablation,validation,2100,correct,libero_object,11,1,43,20,43,7,7,1,197
ablation,validation,2100,correct,libero_object,11,1,44,0,44,7,7,1,129
ablation,validation,2100,correct,libero_object,11,1,45,49,45,7,7,1,126
ablation,validation,2100,correct,libero_object,11,1,46,44,46,7,7,1,118
ablation,validation,2100,correct,libero_object,11,1,47,36,47,7,7,1,217
ablation,validation,2100,correct,libero_object,11,1,48,6,48,7,7,1,188
ablation,validation,2100,correct,libero_object,11,1,49,21,49,7,7,1,168
ablation,validation,2100,correct,libero_object,13,3,0,33,0,7,7,1,126
ablation,validation,2100,correct,libero_object,13,3,1,20,1,7,7,0,280
ablation,validation,2100,correct,libero_object,13,3,2,18,2,7,7,1,120
ablation,validation,2100,correct,libero_object,13,3,3,9,3,7,7,1,180
ablation,validation,2100,correct,libero_object,13,3,4,42,4,7,7,0,280
ablation,validation,2100,correct,libero_object,13,3,5,34,5,7,7,0,280
ablation,validation,2100,correct,libero_object,13,3,6,24,6,7,7,1,137
ablation,validation,2100,correct,libero_object,13,3,7,28,7,7,7,0,280
ablation,validation,2100,correct,libero_object,13,3,8,25,8,7,7,1,147
ablation,validation,2100,correct,libero_object,13,3,9,3,9,7,7,1,136
ablation,validation,2100,correct,libero_object,13,3,10,16,10,7,7,1,130
ablation,validation,2100,correct,libero_object,13,3,11,14,11,7,7,0,280
ablation,validation,2100,correct,libero_object,13,3,12,44,12,7,7,0,280
ablation,validation,2100,correct,libero_object,13,3,13,8,13,7,7,0,280
ablation,validation,2100,correct,libero_object,13,3,14,48,14,7,7,1,148
ablation,validation,2100,correct,libero_object,13,3,15,2,15,7,7,1,132
ablation,validation,2100,correct,libero_object,13,3,16,36,16,7,7,1,128
ablation,validation,2100,correct,libero_object,13,3,17,35,17,7,7,0,280
ablation,validation,2100,correct,libero_object,13,3,18,0,18,7,7,1,133
ablation,validation,2100,correct,libero_object,13,3,19,47,19,7,7,1,156
ablation,validation,2100,correct,libero_object,13,3,20,30,20,7,7,0,280
ablation,validation,2100,correct,libero_object,13,3,21,4,21,7,7,0,280
ablation,validation,2100,correct,libero_object,13,3,22,13,22,7,7,1,161
ablation,validation,2100,correct,libero_object,13,3,23,45,23,7,7,1,170
ablation,validation,2100,correct,libero_object,13,3,24,43,24,7,7,1,121
ablation,validation,2100,correct,libero_object,13,3,25,5,25,7,7,0,280
ablation,validation,2100,correct,libero_object,13,3,26,7,26,7,7,0,280
ablation,validation,2100,correct,libero_object,13,3,27,46,27,7,7,0,280
ablation,validation,2100,correct,libero_object,13,3,28,15,28,7,7,0,280
ablation,validation,2100,correct,libero_object,13,3,29,49,29,7,7,0,280
ablation,validation,2100,correct,libero_object,13,3,30,26,30,7,7,0,280
ablation,validation,2100,correct,libero_object,13,3,31,10,31,7,7,1,128
ablation,validation,2100,correct,libero_object,13,3,32,23,32,7,7,1,213
ablation,validation,2100,correct,libero_object,13,3,33,17,33,7,7,1,136
ablation,validation,2100,correct,libero_object,13,3,34,1,34,7,7,0,280
ablation,validation,2100,correct,libero_object,13,3,35,21,35,7,7,0,280
ablation,validation,2100,correct,libero_object,13,3,36,12,36,7,7,0,280
ablation,validation,2100,correct,libero_object,13,3,37,11,37,7,7,0,280
ablation,validation,2100,correct,libero_object,13,3,38,40,38,7,7,1,136
ablation,validation,2100,correct,libero_object,13,3,39,41,39,7,7,1,191
ablation,validation,2100,correct,libero_object,13,3,40,19,40,7,7,0,280
ablation,validation,2100,correct,libero_object,13,3,41,32,41,7,7,0,280
ablation,validation,2100,correct,libero_object,13,3,42,38,42,7,7,0,280
ablation,validation,2100,correct,libero_object,13,3,43,22,43,7,7,0,280
ablation,validation,2100,correct,libero_object,13,3,44,29,44,7,7,0,280
ablation,validation,2100,correct,libero_object,13,3,45,37,45,7,7,1,137
ablation,validation,2100,correct,libero_object,13,3,46,31,46,7,7,0,280
ablation,validation,2100,correct,libero_object,13,3,47,6,47,7,7,1,263
ablation,validation,2100,correct,libero_object,13,3,48,27,48,7,7,0,280
ablation,validation,2100,correct,libero_object,13,3,49,39,49,7,7,0,280
ablation,validation,2100,correct,libero_spatial,1,1,0,1,0,7,7,0,220
ablation,validation,2100,correct,libero_spatial,1,1,1,21,1,7,7,0,220
ablation,validation,2100,correct,libero_spatial,1,1,2,39,2,7,7,0,220
ablation,validation,2100,correct,libero_spatial,1,1,3,14,3,7,7,0,220
ablation,validation,2100,correct,libero_spatial,1,1,4,2,4,7,7,0,220
ablation,validation,2100,correct,libero_spatial,1,1,5,34,5,7,7,0,220
ablation,validation,2100,correct,libero_spatial,1,1,6,40,6,7,7,0,220
ablation,validation,2100,correct,libero_spatial,1,1,7,8,7,7,7,0,220
ablation,validation,2100,correct,libero_spatial,1,1,8,4,8,7,7,0,220
ablation,validation,2100,correct,libero_spatial,1,1,9,42,9,7,7,0,220
ablation,validation,2100,correct,libero_spatial,1,1,10,44,10,7,7,0,220
ablation,validation,2100,correct,libero_spatial,1,1,11,24,11,7,7,0,220
ablation,validation,2100,correct,libero_spatial,1,1,12,36,12,7,7,0,220
ablation,validation,2100,correct,libero_spatial,1,1,13,37,13,7,7,0,220
ablation,validation,2100,correct,libero_spatial,1,1,14,18,14,7,7,0,220
ablation,validation,2100,correct,libero_spatial,1,1,15,31,15,7,7,0,220
ablation,validation,2100,correct,libero_spatial,1,1,16,33,16,7,7,0,220
ablation,validation,2100,correct,libero_spatial,1,1,17,9,17,7,7,0,220
ablation,validation,2100,correct,libero_spatial,1,1,18,6,18,7,7,0,220
ablation,validation,2100,correct,libero_spatial,1,1,19,7,19,7,7,0,220
ablation,validation,2100,correct,libero_spatial,1,1,20,27,20,7,7,0,220
ablation,validation,2100,correct,libero_spatial,1,1,21,20,21,7,7,0,220
ablation,validation,2100,correct,libero_spatial,1,1,22,38,22,7,7,0,220
ablation,validation,2100,correct,libero_spatial,1,1,23,46,23,7,7,0,220
ablation,validation,2100,correct,libero_spatial,1,1,24,17,24,7,7,0,220
ablation,validation,2100,correct,libero_spatial,1,1,25,41,25,7,7,0,220
ablation,validation,2100,correct,libero_spatial,1,1,26,0,26,7,7,0,220
ablation,validation,2100,correct,libero_spatial,1,1,27,30,27,7,7,0,220
ablation,validation,2100,correct,libero_spatial,1,1,28,22,28,7,7,0,220
ablation,validation,2100,correct,libero_spatial,1,1,29,12,29,7,7,0,220
ablation,validation,2100,correct,libero_spatial,1,1,30,47,30,7,7,0,220
ablation,validation,2100,correct,libero_spatial,1,1,31,45,31,7,7,0,220
ablation,validation,2100,correct,libero_spatial,1,1,32,32,32,7,7,0,220
ablation,validation,2100,correct,libero_spatial,1,1,33,43,33,7,7,0,220
ablation,validation,2100,correct,libero_spatial,1,1,34,3,34,7,7,0,220
ablation,validation,2100,correct,libero_spatial,1,1,35,11,35,7,7,0,220
ablation,validation,2100,correct,libero_spatial,1,1,36,48,36,7,7,0,220
ablation,validation,2100,correct,libero_spatial,1,1,37,28,37,7,7,0,220
ablation,validation,2100,correct,libero_spatial,1,1,38,35,38,7,7,0,220
ablation,validation,2100,correct,libero_spatial,1,1,39,29,39,7,7,0,220
ablation,validation,2100,correct,libero_spatial,1,1,40,15,40,7,7,0,220
ablation,validation,2100,correct,libero_spatial,1,1,41,5,41,7,7,0,220
ablation,validation,2100,correct,libero_spatial,1,1,42,26,42,7,7,0,220
ablation,validation,2100,correct,libero_spatial,1,1,43,19,43,7,7,0,220
ablation,validation,2100,correct,libero_spatial,1,1,44,23,44,7,7,0,220
ablation,validation,2100,correct,libero_spatial,1,1,45,10,45,7,7,0,220
ablation,validation,2100,correct,libero_spatial,1,1,46,16,46,7,7,0,220
ablation,validation,2100,correct,libero_spatial,1,1,47,25,47,7,7,0,220
ablation,validation,2100,correct,libero_spatial,1,1,48,49,48,7,7,0,220
ablation,validation,2100,correct,libero_spatial,1,1,49,13,49,7,7,0,220
ablation,validation,2100,correct,libero_spatial,3,3,0,2,0,7,7,1,113
ablation,validation,2100,correct,libero_spatial,3,3,1,36,1,7,7,1,119
ablation,validation,2100,correct,libero_spatial,3,3,2,43,2,7,7,1,104
ablation,validation,2100,correct,libero_spatial,3,3,3,16,3,7,7,1,98
ablation,validation,2100,correct,libero_spatial,3,3,4,7,4,7,7,0,220
ablation,validation,2100,correct,libero_spatial,3,3,5,8,5,7,7,0,220
ablation,validation,2100,correct,libero_spatial,3,3,6,14,6,7,7,0,220
ablation,validation,2100,correct,libero_spatial,3,3,7,38,7,7,7,1,94
ablation,validation,2100,correct,libero_spatial,3,3,8,33,8,7,7,0,220
ablation,validation,2100,correct,libero_spatial,3,3,9,1,9,7,7,1,97
ablation,validation,2100,correct,libero_spatial,3,3,10,21,10,7,7,1,139
ablation,validation,2100,correct,libero_spatial,3,3,11,5,11,7,7,1,100
ablation,validation,2100,correct,libero_spatial,3,3,12,49,12,7,7,1,110
ablation,validation,2100,correct,libero_spatial,3,3,13,29,13,7,7,0,220
ablation,validation,2100,correct,libero_spatial,3,3,14,24,14,7,7,1,101
ablation,validation,2100,correct,libero_spatial,3,3,15,10,15,7,7,1,81
ablation,validation,2100,correct,libero_spatial,3,3,16,44,16,7,7,1,82
ablation,validation,2100,correct,libero_spatial,3,3,17,15,17,7,7,1,103
ablation,validation,2100,correct,libero_spatial,3,3,18,19,18,7,7,1,111
ablation,validation,2100,correct,libero_spatial,3,3,19,39,19,7,7,1,90
ablation,validation,2100,correct,libero_spatial,3,3,20,6,20,7,7,0,220
ablation,validation,2100,correct,libero_spatial,3,3,21,30,21,7,7,1,103
ablation,validation,2100,correct,libero_spatial,3,3,22,28,22,7,7,0,220
ablation,validation,2100,correct,libero_spatial,3,3,23,34,23,7,7,1,120
ablation,validation,2100,correct,libero_spatial,3,3,24,3,24,7,7,1,103
ablation,validation,2100,correct,libero_spatial,3,3,25,45,25,7,7,0,220
ablation,validation,2100,correct,libero_spatial,3,3,26,32,26,7,7,1,111
ablation,validation,2100,correct,libero_spatial,3,3,27,22,27,7,7,0,220
ablation,validation,2100,correct,libero_spatial,3,3,28,20,28,7,7,0,220
ablation,validation,2100,correct,libero_spatial,3,3,29,23,29,7,7,1,99
ablation,validation,2100,correct,libero_spatial,3,3,30,9,30,7,7,0,220
ablation,validation,2100,correct,libero_spatial,3,3,31,0,31,7,7,1,109
ablation,validation,2100,correct,libero_spatial,3,3,32,4,32,7,7,1,77
ablation,validation,2100,correct,libero_spatial,3,3,33,47,33,7,7,1,110
ablation,validation,2100,correct,libero_spatial,3,3,34,31,34,7,7,1,94
ablation,validation,2100,correct,libero_spatial,3,3,35,27,35,7,7,0,220
ablation,validation,2100,correct,libero_spatial,3,3,36,17,36,7,7,0,220
ablation,validation,2100,correct,libero_spatial,3,3,37,41,37,7,7,1,102
ablation,validation,2100,correct,libero_spatial,3,3,38,25,38,7,7,1,114
ablation,validation,2100,correct,libero_spatial,3,3,39,35,39,7,7,1,107
ablation,validation,2100,correct,libero_spatial,3,3,40,46,40,7,7,1,105
ablation,validation,2100,correct,libero_spatial,3,3,41,40,41,7,7,0,220
ablation,validation,2100,correct,libero_spatial,3,3,42,42,42,7,7,1,117
ablation,validation,2100,correct,libero_spatial,3,3,43,48,43,7,7,1,99
ablation,validation,2100,correct,libero_spatial,3,3,44,26,44,7,7,0,220
ablation,validation,2100,correct,libero_spatial,3,3,45,11,45,7,7,1,95
ablation,validation,2100,correct,libero_spatial,3,3,46,18,46,7,7,0,220
ablation,validation,2100,correct,libero_spatial,3,3,47,13,47,7,7,0,220
ablation,validation,2100,correct,libero_spatial,3,3,48,12,48,7,7,1,108
ablation,validation,2100,correct,libero_spatial,3,3,49,37,49,7,7,1,111
ablation,train,2100,correct,libero_10,34,4,32,48,32,7,7,0,520
ablation,train,2100,correct,libero_10,34,4,33,49,33,7,7,1,366
ablation,train,2100,correct,libero_10,34,4,34,47,34,7,7,1,288
ablation,train,2100,correct,libero_10,34,4,35,46,35,7,7,0,520
ablation,train,2100,correct,libero_10,35,5,32,48,32,7,7,0,520
ablation,train,2100,correct,libero_10,35,5,33,46,33,7,7,0,520
ablation,train,2100,correct,libero_10,35,5,34,49,34,7,7,1,210
ablation,train,2100,correct,libero_10,35,5,35,47,35,7,7,1,206
ablation,train,2100,correct,libero_10,36,6,32,49,32,7,7,1,351
ablation,train,2100,correct,libero_10,36,6,33,48,33,7,7,1,335
ablation,train,2100,correct,libero_10,36,6,34,46,34,7,7,1,275
ablation,train,2100,correct,libero_10,36,6,35,47,35,7,7,1,284
ablation,train,2100,correct,libero_10,37,7,32,49,32,7,7,0,520
ablation,train,2100,correct,libero_10,37,7,33,47,33,7,7,1,430
ablation,train,2100,correct,libero_10,37,7,34,46,34,7,7,0,520
ablation,train,2100,correct,libero_10,37,7,35,48,35,7,7,0,520
ablation,train,2100,correct,libero_10,38,8,32,48,32,7,7,0,520
ablation,train,2100,correct,libero_10,38,8,33,49,33,7,7,0,520
ablation,train,2100,correct,libero_10,38,8,34,46,34,7,7,0,520
ablation,train,2100,correct,libero_10,38,8,35,47,35,7,7,0,520
ablation,train,2100,correct,libero_10,39,9,32,47,32,7,7,0,520
ablation,train,2100,correct,libero_10,39,9,33,48,33,7,7,0,520
ablation,train,2100,correct,libero_10,39,9,34,46,34,7,7,0,520
ablation,train,2100,correct,libero_10,39,9,35,49,35,7,7,1,379
ablation,train,2100,correct,libero_goal,20,0,32,47,32,7,7,0,300
ablation,train,2100,correct,libero_goal,20,0,33,48,33,7,7,0,300
ablation,train,2100,correct,libero_goal,20,0,34,46,34,7,7,1,296
ablation,train,2100,correct,libero_goal,20,0,35,49,35,7,7,1,215
ablation,train,2100,correct,libero_goal,21,1,32,47,32,7,7,1,79
ablation,train,2100,correct,libero_goal,21,1,33,48,33,7,7,1,85
ablation,train,2100,correct,libero_goal,21,1,34,46,34,7,7,1,78
ablation,train,2100,correct,libero_goal,21,1,35,49,35,7,7,1,82
ablation,train,2100,correct,libero_goal,22,2,32,46,32,7,7,1,101
ablation,train,2100,correct,libero_goal,22,2,33,48,33,7,7,1,115
ablation,train,2100,correct,libero_goal,22,2,34,49,34,7,7,1,102
ablation,train,2100,correct,libero_goal,22,2,35,47,35,7,7,1,94
ablation,train,2100,correct,libero_goal,25,5,32,48,32,7,7,0,300
ablation,train,2100,correct,libero_goal,25,5,33,47,33,7,7,0,300
ablation,train,2100,correct,libero_goal,25,5,34,49,34,7,7,0,300
ablation,train,2100,correct,libero_goal,25,5,35,46,35,7,7,0,300
ablation,train,2100,correct,libero_goal,28,8,32,49,32,7,7,1,80
ablation,train,2100,correct,libero_goal,28,8,33,47,33,7,7,1,90
ablation,train,2100,correct,libero_goal,28,8,34,46,34,7,7,1,81
ablation,train,2100,correct,libero_goal,28,8,35,48,35,7,7,1,70
ablation,train,2100,correct,libero_goal,29,9,32,46,32,7,7,0,300
ablation,train,2100,correct,libero_goal,29,9,33,48,33,7,7,1,148
ablation,train,2100,correct,libero_goal,29,9,34,49,34,7,7,0,300
ablation,train,2100,correct,libero_goal,29,9,35,47,35,7,7,0,300
ablation,train,2100,correct,libero_object,12,2,32,48,32,7,7,1,171
ablation,train,2100,correct,libero_object,12,2,33,49,33,7,7,1,135
ablation,train,2100,correct,libero_object,12,2,34,47,34,7,7,1,116
ablation,train,2100,correct,libero_object,12,2,35,46,35,7,7,1,128
ablation,train,2100,correct,libero_object,14,4,32,47,32,7,7,1,155
ablation,train,2100,correct,libero_object,14,4,33,46,33,7,7,1,152
ablation,train,2100,correct,libero_object,14,4,34,49,34,7,7,1,127
ablation,train,2100,correct,libero_object,14,4,35,48,35,7,7,1,137
ablation,train,2100,correct,libero_object,15,5,32,48,32,7,7,1,136
ablation,train,2100,correct,libero_object,15,5,33,47,33,7,7,0,280
ablation,train,2100,correct,libero_object,15,5,34,46,34,7,7,0,280
ablation,train,2100,correct,libero_object,15,5,35,49,35,7,7,1,144
ablation,train,2100,correct,libero_object,16,6,32,48,32,7,7,1,180
ablation,train,2100,correct,libero_object,16,6,33,46,33,7,7,1,181
ablation,train,2100,correct,libero_object,16,6,34,47,34,7,7,1,136
ablation,train,2100,correct,libero_object,16,6,35,49,35,7,7,1,132
ablation,train,2100,correct,libero_object,18,8,32,47,32,7,7,1,155
ablation,train,2100,correct,libero_object,18,8,33,49,33,7,7,1,145
ablation,train,2100,correct,libero_object,18,8,34,46,34,7,7,1,136
ablation,train,2100,correct,libero_object,18,8,35,48,35,7,7,1,151
ablation,train,2100,correct,libero_object,19,9,32,46,32,7,7,1,119
ablation,train,2100,correct,libero_object,19,9,33,47,33,7,7,1,134
ablation,train,2100,correct,libero_object,19,9,34,49,34,7,7,1,141
ablation,train,2100,correct,libero_object,19,9,35,48,35,7,7,1,122
ablation,train,2100,correct,libero_spatial,0,0,32,48,32,7,7,1,81
ablation,train,2100,correct,libero_spatial,0,0,33,46,33,7,7,1,88
ablation,train,2100,correct,libero_spatial,0,0,34,47,34,7,7,1,161
ablation,train,2100,correct,libero_spatial,0,0,35,49,35,7,7,1,127
ablation,train,2100,correct,libero_spatial,2,2,32,49,32,7,7,1,94
ablation,train,2100,correct,libero_spatial,2,2,33,47,33,7,7,1,98
ablation,train,2100,correct,libero_spatial,2,2,34,48,34,7,7,1,98
ablation,train,2100,correct,libero_spatial,2,2,35,46,35,7,7,1,98
ablation,train,2100,correct,libero_spatial,4,4,32,46,32,7,7,1,147
ablation,train,2100,correct,libero_spatial,4,4,33,49,33,7,7,0,220
ablation,train,2100,correct,libero_spatial,4,4,34,48,34,7,7,1,143
ablation,train,2100,correct,libero_spatial,4,4,35,47,35,7,7,1,136
ablation,train,2100,correct,libero_spatial,5,5,32,49,32,7,7,0,220
ablation,train,2100,correct,libero_spatial,5,5,33,47,33,7,7,1,96
ablation,train,2100,correct,libero_spatial,5,5,34,46,34,7,7,1,97
ablation,train,2100,correct,libero_spatial,5,5,35,48,35,7,7,1,101
ablation,train,2100,correct,libero_spatial,7,7,32,49,32,7,7,1,131
ablation,train,2100,correct,libero_spatial,7,7,33,46,33,7,7,1,138
ablation,train,2100,correct,libero_spatial,7,7,34,48,34,7,7,1,173
ablation,train,2100,correct,libero_spatial,7,7,35,47,35,7,7,1,135
ablation,train,2100,correct,libero_spatial,9,9,32,46,32,7,7,1,108
ablation,train,2100,correct,libero_spatial,9,9,33,47,33,7,7,0,220
ablation,train,2100,correct,libero_spatial,9,9,34,48,34,7,7,1,134
ablation,train,2100,correct,libero_spatial,9,9,35,49,35,7,7,0,220
ablation,validation,1500,same_task_other,libero_10,31,1,0,14,0,7,7,0,520
ablation,validation,1500,same_task_other,libero_10,31,1,1,26,1,7,7,0,520
ablation,validation,1500,same_task_other,libero_10,31,1,2,20,2,7,7,1,307
ablation,validation,1500,same_task_other,libero_10,31,1,3,49,3,7,7,1,277
ablation,validation,1500,same_task_other,libero_10,31,1,4,32,4,7,7,1,510
ablation,validation,1500,same_task_other,libero_10,31,1,5,35,5,7,7,0,520
ablation,validation,1500,same_task_other,libero_10,31,1,6,1,6,7,7,0,520
ablation,validation,1500,same_task_other,libero_10,31,1,7,28,7,7,7,0,520
ablation,validation,1500,same_task_other,libero_10,31,1,8,48,8,7,7,0,520
ablation,validation,1500,same_task_other,libero_10,31,1,9,12,9,7,7,0,520
ablation,validation,1500,same_task_other,libero_10,31,1,10,16,10,7,7,1,370
ablation,validation,1500,same_task_other,libero_10,31,1,11,45,11,7,7,1,394
ablation,validation,1500,same_task_other,libero_10,31,1,12,6,12,7,7,1,504
ablation,validation,1500,same_task_other,libero_10,31,1,13,10,13,7,7,1,397
ablation,validation,1500,same_task_other,libero_10,31,1,14,29,14,7,7,0,520
ablation,validation,1500,same_task_other,libero_10,31,1,15,5,15,7,7,0,520
ablation,validation,1500,same_task_other,libero_10,31,1,16,2,16,7,7,0,520
ablation,validation,1500,same_task_other,libero_10,31,1,17,0,17,7,7,1,443
ablation,validation,1500,same_task_other,libero_10,31,1,18,9,18,7,7,0,520
ablation,validation,1500,same_task_other,libero_10,31,1,19,41,19,7,7,0,520
ablation,validation,1500,same_task_other,libero_10,31,1,20,38,20,7,7,1,366
ablation,validation,1500,same_task_other,libero_10,31,1,21,40,21,7,7,1,467
ablation,validation,1500,same_task_other,libero_10,31,1,22,19,22,7,7,1,410
ablation,validation,1500,same_task_other,libero_10,31,1,23,15,23,7,7,1,492
ablation,validation,1500,same_task_other,libero_10,31,1,24,17,24,7,7,0,520
ablation,validation,1500,same_task_other,libero_10,31,1,25,24,25,7,7,0,520
ablation,validation,1500,same_task_other,libero_10,31,1,26,4,26,7,7,0,520
ablation,validation,1500,same_task_other,libero_10,31,1,27,21,27,7,7,1,386
ablation,validation,1500,same_task_other,libero_10,31,1,28,37,28,7,7,0,520
ablation,validation,1500,same_task_other,libero_10,31,1,29,42,29,7,7,0,520
ablation,validation,1500,same_task_other,libero_10,31,1,30,13,30,7,7,1,405
ablation,validation,1500,same_task_other,libero_10,31,1,31,39,31,7,7,0,520
ablation,validation,1500,same_task_other,libero_10,31,1,32,8,32,7,7,0,520
ablation,validation,1500,same_task_other,libero_10,31,1,33,7,33,7,7,0,520
ablation,validation,1500,same_task_other,libero_10,31,1,34,30,34,7,7,1,430
ablation,validation,1500,same_task_other,libero_10,31,1,35,33,35,7,7,0,520
ablation,validation,1500,same_task_other,libero_10,31,1,36,27,36,7,7,1,343
ablation,validation,1500,same_task_other,libero_10,31,1,37,34,37,7,7,1,364
ablation,validation,1500,same_task_other,libero_10,31,1,38,23,38,7,7,0,520
ablation,validation,1500,same_task_other,libero_10,31,1,39,44,39,7,7,0,520
ablation,validation,1500,same_task_other,libero_10,31,1,40,3,40,7,7,0,520
ablation,validation,1500,same_task_other,libero_10,31,1,41,43,41,7,7,1,334
ablation,validation,1500,same_task_other,libero_10,31,1,42,11,42,7,7,0,520
ablation,validation,1500,same_task_other,libero_10,31,1,43,36,43,7,7,0,520
ablation,validation,1500,same_task_other,libero_10,31,1,44,31,44,7,7,1,499
ablation,validation,1500,same_task_other,libero_10,31,1,45,25,45,7,7,0,520
ablation,validation,1500,same_task_other,libero_10,31,1,46,22,46,7,7,0,520
ablation,validation,1500,same_task_other,libero_10,31,1,47,47,47,7,7,0,520
ablation,validation,1500,same_task_other,libero_10,31,1,48,46,48,7,7,1,274
ablation,validation,1500,same_task_other,libero_10,31,1,49,18,49,7,7,0,520
ablation,validation,1500,same_task_other,libero_10,32,2,0,33,0,7,7,0,520
ablation,validation,1500,same_task_other,libero_10,32,2,1,2,1,7,7,0,520
ablation,validation,1500,same_task_other,libero_10,32,2,2,29,2,7,7,0,520
ablation,validation,1500,same_task_other,libero_10,32,2,3,25,3,7,7,0,520
ablation,validation,1500,same_task_other,libero_10,32,2,4,4,4,7,7,0,520
ablation,validation,1500,same_task_other,libero_10,32,2,5,9,5,7,7,0,520
ablation,validation,1500,same_task_other,libero_10,32,2,6,32,6,7,7,0,520
ablation,validation,1500,same_task_other,libero_10,32,2,7,10,7,7,7,0,520
ablation,validation,1500,same_task_other,libero_10,32,2,8,0,8,7,7,0,520
ablation,validation,1500,same_task_other,libero_10,32,2,9,42,9,7,7,0,520
ablation,validation,1500,same_task_other,libero_10,32,2,10,20,10,7,7,0,520
ablation,validation,1500,same_task_other,libero_10,32,2,11,46,11,7,7,0,520
ablation,validation,1500,same_task_other,libero_10,32,2,12,41,12,7,7,0,520
ablation,validation,1500,same_task_other,libero_10,32,2,13,45,13,7,7,0,520
ablation,validation,1500,same_task_other,libero_10,32,2,14,14,14,7,7,0,520
ablation,validation,1500,same_task_other,libero_10,32,2,15,3,15,7,7,0,520
ablation,validation,1500,same_task_other,libero_10,32,2,16,35,16,7,7,0,520
ablation,validation,1500,same_task_other,libero_10,32,2,17,13,17,7,7,0,520
ablation,validation,1500,same_task_other,libero_10,32,2,18,6,18,7,7,0,520
ablation,validation,1500,same_task_other,libero_10,32,2,19,48,19,7,7,0,520
ablation,validation,1500,same_task_other,libero_10,32,2,20,49,20,7,7,0,520
ablation,validation,1500,same_task_other,libero_10,32,2,21,1,21,7,7,0,520
ablation,validation,1500,same_task_other,libero_10,32,2,22,36,22,7,7,0,520
ablation,validation,1500,same_task_other,libero_10,32,2,23,16,23,7,7,0,520
ablation,validation,1500,same_task_other,libero_10,32,2,24,12,24,7,7,0,520
ablation,validation,1500,same_task_other,libero_10,32,2,25,38,25,7,7,0,520
ablation,validation,1500,same_task_other,libero_10,32,2,26,11,26,7,7,0,520
ablation,validation,1500,same_task_other,libero_10,32,2,27,19,27,7,7,0,520
ablation,validation,1500,same_task_other,libero_10,32,2,28,5,28,7,7,0,520
ablation,validation,1500,same_task_other,libero_10,32,2,29,22,29,7,7,0,520
ablation,validation,1500,same_task_other,libero_10,32,2,30,18,30,7,7,0,520
ablation,validation,1500,same_task_other,libero_10,32,2,31,44,31,7,7,0,520
ablation,validation,1500,same_task_other,libero_10,32,2,32,24,32,7,7,0,520
ablation,validation,1500,same_task_other,libero_10,32,2,33,30,33,7,7,0,520
ablation,validation,1500,same_task_other,libero_10,32,2,34,40,34,7,7,0,520
ablation,validation,1500,same_task_other,libero_10,32,2,35,28,35,7,7,0,520
ablation,validation,1500,same_task_other,libero_10,32,2,36,26,36,7,7,0,520
ablation,validation,1500,same_task_other,libero_10,32,2,37,17,37,7,7,0,520
ablation,validation,1500,same_task_other,libero_10,32,2,38,27,38,7,7,0,520
ablation,validation,1500,same_task_other,libero_10,32,2,39,43,39,7,7,0,520
ablation,validation,1500,same_task_other,libero_10,32,2,40,21,40,7,7,0,520
ablation,validation,1500,same_task_other,libero_10,32,2,41,47,41,7,7,0,520
ablation,validation,1500,same_task_other,libero_10,32,2,42,7,42,7,7,0,520
ablation,validation,1500,same_task_other,libero_10,32,2,43,39,43,7,7,0,520
ablation,validation,1500,same_task_other,libero_10,32,2,44,8,44,7,7,0,520
ablation,validation,1500,same_task_other,libero_10,32,2,45,34,45,7,7,0,520
ablation,validation,1500,same_task_other,libero_10,32,2,46,37,46,7,7,0,520
ablation,validation,1500,same_task_other,libero_10,32,2,47,31,47,7,7,0,520
ablation,validation,1500,same_task_other,libero_10,32,2,48,15,48,7,7,0,520
ablation,validation,1500,same_task_other,libero_10,32,2,49,23,49,7,7,0,520
ablation,validation,1500,same_task_other,libero_goal,23,3,0,2,0,7,7,0,300
ablation,validation,1500,same_task_other,libero_goal,23,3,1,30,1,7,7,0,300
ablation,validation,1500,same_task_other,libero_goal,23,3,2,32,2,7,7,0,300
ablation,validation,1500,same_task_other,libero_goal,23,3,3,25,3,7,7,0,300
ablation,validation,1500,same_task_other,libero_goal,23,3,4,1,4,7,7,0,300
ablation,validation,1500,same_task_other,libero_goal,23,3,5,45,5,7,7,0,300
ablation,validation,1500,same_task_other,libero_goal,23,3,6,46,6,7,7,0,300
ablation,validation,1500,same_task_other,libero_goal,23,3,7,36,7,7,7,0,300
ablation,validation,1500,same_task_other,libero_goal,23,3,8,34,8,7,7,0,300
ablation,validation,1500,same_task_other,libero_goal,23,3,9,19,9,7,7,0,300
ablation,validation,1500,same_task_other,libero_goal,23,3,10,17,10,7,7,0,300
ablation,validation,1500,same_task_other,libero_goal,23,3,11,48,11,7,7,0,300
ablation,validation,1500,same_task_other,libero_goal,23,3,12,20,12,7,7,0,300
ablation,validation,1500,same_task_other,libero_goal,23,3,13,47,13,7,7,0,300
ablation,validation,1500,same_task_other,libero_goal,23,3,14,22,14,7,7,0,300
ablation,validation,1500,same_task_other,libero_goal,23,3,15,43,15,7,7,0,300
ablation,validation,1500,same_task_other,libero_goal,23,3,16,21,16,7,7,0,300
ablation,validation,1500,same_task_other,libero_goal,23,3,17,26,17,7,7,0,300
ablation,validation,1500,same_task_other,libero_goal,23,3,18,31,18,7,7,0,300
ablation,validation,1500,same_task_other,libero_goal,23,3,19,29,19,7,7,0,300
ablation,validation,1500,same_task_other,libero_goal,23,3,20,44,20,7,7,0,300
ablation,validation,1500,same_task_other,libero_goal,23,3,21,49,21,7,7,0,300
ablation,validation,1500,same_task_other,libero_goal,23,3,22,3,22,7,7,0,300
ablation,validation,1500,same_task_other,libero_goal,23,3,23,11,23,7,7,0,300
ablation,validation,1500,same_task_other,libero_goal,23,3,24,13,24,7,7,0,300
ablation,validation,1500,same_task_other,libero_goal,23,3,25,28,25,7,7,0,300
ablation,validation,1500,same_task_other,libero_goal,23,3,26,8,26,7,7,0,300
ablation,validation,1500,same_task_other,libero_goal,23,3,27,33,27,7,7,0,300
ablation,validation,1500,same_task_other,libero_goal,23,3,28,15,28,7,7,0,300
ablation,validation,1500,same_task_other,libero_goal,23,3,29,40,29,7,7,0,300
ablation,validation,1500,same_task_other,libero_goal,23,3,30,38,30,7,7,0,300
ablation,validation,1500,same_task_other,libero_goal,23,3,31,5,31,7,7,0,300
ablation,validation,1500,same_task_other,libero_goal,23,3,32,39,32,7,7,0,300
ablation,validation,1500,same_task_other,libero_goal,23,3,33,6,33,7,7,0,300
ablation,validation,1500,same_task_other,libero_goal,23,3,34,9,34,7,7,0,300
ablation,validation,1500,same_task_other,libero_goal,23,3,35,35,35,7,7,0,300
ablation,validation,1500,same_task_other,libero_goal,23,3,36,23,36,7,7,0,300
ablation,validation,1500,same_task_other,libero_goal,23,3,37,16,37,7,7,0,300
ablation,validation,1500,same_task_other,libero_goal,23,3,38,0,38,7,7,0,300
ablation,validation,1500,same_task_other,libero_goal,23,3,39,4,39,7,7,0,300
ablation,validation,1500,same_task_other,libero_goal,23,3,40,41,40,7,7,0,300
ablation,validation,1500,same_task_other,libero_goal,23,3,41,24,41,7,7,0,300
ablation,validation,1500,same_task_other,libero_goal,23,3,42,7,42,7,7,0,300
ablation,validation,1500,same_task_other,libero_goal,23,3,43,18,43,7,7,0,300
ablation,validation,1500,same_task_other,libero_goal,23,3,44,37,44,7,7,0,300
ablation,validation,1500,same_task_other,libero_goal,23,3,45,12,45,7,7,0,300
ablation,validation,1500,same_task_other,libero_goal,23,3,46,27,46,7,7,0,300
ablation,validation,1500,same_task_other,libero_goal,23,3,47,14,47,7,7,0,300
ablation,validation,1500,same_task_other,libero_goal,23,3,48,10,48,7,7,0,300
ablation,validation,1500,same_task_other,libero_goal,23,3,49,42,49,7,7,0,300
ablation,validation,1500,same_task_other,libero_goal,26,6,0,12,0,7,7,1,98
ablation,validation,1500,same_task_other,libero_goal,26,6,1,25,1,7,7,1,108
ablation,validation,1500,same_task_other,libero_goal,26,6,2,39,2,7,7,1,111
ablation,validation,1500,same_task_other,libero_goal,26,6,3,1,3,7,7,0,300
ablation,validation,1500,same_task_other,libero_goal,26,6,4,16,4,7,7,1,101
ablation,validation,1500,same_task_other,libero_goal,26,6,5,8,5,7,7,1,123
ablation,validation,1500,same_task_other,libero_goal,26,6,6,26,6,7,7,1,113
ablation,validation,1500,same_task_other,libero_goal,26,6,7,7,7,7,7,1,91
ablation,validation,1500,same_task_other,libero_goal,26,6,8,46,8,7,7,1,101
ablation,validation,1500,same_task_other,libero_goal,26,6,9,43,9,7,7,1,130
ablation,validation,1500,same_task_other,libero_goal,26,6,10,24,10,7,7,1,103
ablation,validation,1500,same_task_other,libero_goal,26,6,11,27,11,7,7,1,102
ablation,validation,1500,same_task_other,libero_goal,26,6,12,11,12,7,7,1,104
ablation,validation,1500,same_task_other,libero_goal,26,6,13,18,13,7,7,1,173
ablation,validation,1500,same_task_other,libero_goal,26,6,14,2,14,7,7,1,254
ablation,validation,1500,same_task_other,libero_goal,26,6,15,37,15,7,7,1,96
ablation,validation,1500,same_task_other,libero_goal,26,6,16,19,16,7,7,0,300
ablation,validation,1500,same_task_other,libero_goal,26,6,17,17,17,7,7,1,100
ablation,validation,1500,same_task_other,libero_goal,26,6,18,40,18,7,7,0,300
ablation,validation,1500,same_task_other,libero_goal,26,6,19,3,19,7,7,1,104
ablation,validation,1500,same_task_other,libero_goal,26,6,20,10,20,7,7,0,300
ablation,validation,1500,same_task_other,libero_goal,26,6,21,38,21,7,7,1,101
ablation,validation,1500,same_task_other,libero_goal,26,6,22,48,22,7,7,1,107
ablation,validation,1500,same_task_other,libero_goal,26,6,23,44,23,7,7,1,100
ablation,validation,1500,same_task_other,libero_goal,26,6,24,14,24,7,7,1,94
ablation,validation,1500,same_task_other,libero_goal,26,6,25,22,25,7,7,1,90
ablation,validation,1500,same_task_other,libero_goal,26,6,26,28,26,7,7,1,131
ablation,validation,1500,same_task_other,libero_goal,26,6,27,41,27,7,7,0,300
ablation,validation,1500,same_task_other,libero_goal,26,6,28,5,28,7,7,1,96
ablation,validation,1500,same_task_other,libero_goal,26,6,29,33,29,7,7,1,97
ablation,validation,1500,same_task_other,libero_goal,26,6,30,6,30,7,7,0,300
ablation,validation,1500,same_task_other,libero_goal,26,6,31,29,31,7,7,1,111
ablation,validation,1500,same_task_other,libero_goal,26,6,32,9,32,7,7,0,300
ablation,validation,1500,same_task_other,libero_goal,26,6,33,15,33,7,7,0,300
ablation,validation,1500,same_task_other,libero_goal,26,6,34,49,34,7,7,1,86
ablation,validation,1500,same_task_other,libero_goal,26,6,35,30,35,7,7,1,131
ablation,validation,1500,same_task_other,libero_goal,26,6,36,21,36,7,7,1,108
ablation,validation,1500,same_task_other,libero_goal,26,6,37,47,37,7,7,1,111
ablation,validation,1500,same_task_other,libero_goal,26,6,38,20,38,7,7,1,91
ablation,validation,1500,same_task_other,libero_goal,26,6,39,13,39,7,7,0,300
ablation,validation,1500,same_task_other,libero_goal,26,6,40,31,40,7,7,1,131
ablation,validation,1500,same_task_other,libero_goal,26,6,41,45,41,7,7,1,112
ablation,validation,1500,same_task_other,libero_goal,26,6,42,36,42,7,7,1,89
ablation,validation,1500,same_task_other,libero_goal,26,6,43,34,43,7,7,1,90
ablation,validation,1500,same_task_other,libero_goal,26,6,44,0,44,7,7,1,106
ablation,validation,1500,same_task_other,libero_goal,26,6,45,4,45,7,7,1,102
ablation,validation,1500,same_task_other,libero_goal,26,6,46,32,46,7,7,1,117
ablation,validation,1500,same_task_other,libero_goal,26,6,47,42,47,7,7,1,76
ablation,validation,1500,same_task_other,libero_goal,26,6,48,23,48,7,7,0,300
ablation,validation,1500,same_task_other,libero_goal,26,6,49,35,49,7,7,1,111
ablation,validation,1500,same_task_other,libero_object,11,1,0,1,0,7,7,1,123
ablation,validation,1500,same_task_other,libero_object,11,1,1,27,1,7,7,1,133
ablation,validation,1500,same_task_other,libero_object,11,1,2,29,2,7,7,0,280
ablation,validation,1500,same_task_other,libero_object,11,1,3,19,3,7,7,1,141
ablation,validation,1500,same_task_other,libero_object,11,1,4,6,4,7,7,1,145
ablation,validation,1500,same_task_other,libero_object,11,1,5,25,5,7,7,1,132
ablation,validation,1500,same_task_other,libero_object,11,1,6,2,6,7,7,1,144
ablation,validation,1500,same_task_other,libero_object,11,1,7,8,7,7,7,1,127
ablation,validation,1500,same_task_other,libero_object,11,1,8,12,8,7,7,1,134
ablation,validation,1500,same_task_other,libero_object,11,1,9,33,9,7,7,1,254
ablation,validation,1500,same_task_other,libero_object,11,1,10,21,10,7,7,0,280
ablation,validation,1500,same_task_other,libero_object,11,1,11,20,11,7,7,1,132
ablation,validation,1500,same_task_other,libero_object,11,1,12,47,12,7,7,0,280
ablation,validation,1500,same_task_other,libero_object,11,1,13,40,13,7,7,1,172
ablation,validation,1500,same_task_other,libero_object,11,1,14,31,14,7,7,0,280
ablation,validation,1500,same_task_other,libero_object,11,1,15,15,15,7,7,1,132
ablation,validation,1500,same_task_other,libero_object,11,1,16,0,16,7,7,1,153
ablation,validation,1500,same_task_other,libero_object,11,1,17,35,17,7,7,1,194
ablation,validation,1500,same_task_other,libero_object,11,1,18,30,18,7,7,1,261
ablation,validation,1500,same_task_other,libero_object,11,1,19,13,19,7,7,1,137
ablation,validation,1500,same_task_other,libero_object,11,1,20,10,20,7,7,1,242
ablation,validation,1500,same_task_other,libero_object,11,1,21,45,21,7,7,0,280
ablation,validation,1500,same_task_other,libero_object,11,1,22,46,22,7,7,1,170
ablation,validation,1500,same_task_other,libero_object,11,1,23,34,23,7,7,1,203
ablation,validation,1500,same_task_other,libero_object,11,1,24,4,24,7,7,1,118
ablation,validation,1500,same_task_other,libero_object,11,1,25,48,25,7,7,1,137
ablation,validation,1500,same_task_other,libero_object,11,1,26,43,26,7,7,0,280
ablation,validation,1500,same_task_other,libero_object,11,1,27,7,27,7,7,1,174
ablation,validation,1500,same_task_other,libero_object,11,1,28,9,28,7,7,1,137
ablation,validation,1500,same_task_other,libero_object,11,1,29,49,29,7,7,1,144
ablation,validation,1500,same_task_other,libero_object,11,1,30,41,30,7,7,1,190
ablation,validation,1500,same_task_other,libero_object,11,1,31,36,31,7,7,1,194
ablation,validation,1500,same_task_other,libero_object,11,1,32,14,32,7,7,1,154
ablation,validation,1500,same_task_other,libero_object,11,1,33,5,33,7,7,1,138
ablation,validation,1500,same_task_other,libero_object,11,1,34,28,34,7,7,0,280
ablation,validation,1500,same_task_other,libero_object,11,1,35,39,35,7,7,0,280
ablation,validation,1500,same_task_other,libero_object,11,1,36,42,36,7,7,1,137
ablation,validation,1500,same_task_other,libero_object,11,1,37,32,37,7,7,1,173
ablation,validation,1500,same_task_other,libero_object,11,1,38,26,38,7,7,0,280
ablation,validation,1500,same_task_other,libero_object,11,1,39,22,39,7,7,1,139
ablation,validation,1500,same_task_other,libero_object,11,1,40,24,40,7,7,1,141
ablation,validation,1500,same_task_other,libero_object,11,1,41,18,41,7,7,1,227
ablation,validation,1500,same_task_other,libero_object,11,1,42,44,42,7,7,1,124
ablation,validation,1500,same_task_other,libero_object,11,1,43,37,43,7,7,0,280
ablation,validation,1500,same_task_other,libero_object,11,1,44,17,44,7,7,1,129
ablation,validation,1500,same_task_other,libero_object,11,1,45,16,45,7,7,1,127
ablation,validation,1500,same_task_other,libero_object,11,1,46,11,46,7,7,1,211
ablation,validation,1500,same_task_other,libero_object,11,1,47,3,47,7,7,1,123
ablation,validation,1500,same_task_other,libero_object,11,1,48,23,48,7,7,1,196
ablation,validation,1500,same_task_other,libero_object,11,1,49,38,49,7,7,1,248
ablation,validation,1500,same_task_other,libero_object,13,3,0,0,0,7,7,0,280
ablation,validation,1500,same_task_other,libero_object,13,3,1,37,1,7,7,0,280
ablation,validation,1500,same_task_other,libero_object,13,3,2,35,2,7,7,1,125
ablation,validation,1500,same_task_other,libero_object,13,3,3,26,3,7,7,1,136
ablation,validation,1500,same_task_other,libero_object,13,3,4,9,4,7,7,0,280
ablation,validation,1500,same_task_other,libero_object,13,3,5,1,5,7,7,0,280
ablation,validation,1500,same_task_other,libero_object,13,3,6,41,6,7,7,1,142
ablation,validation,1500,same_task_other,libero_object,13,3,7,45,7,7,7,0,280
ablation,validation,1500,same_task_other,libero_object,13,3,8,42,8,7,7,1,178
ablation,validation,1500,same_task_other,libero_object,13,3,9,20,9,7,7,0,280
ablation,validation,1500,same_task_other,libero_object,13,3,10,33,10,7,7,0,280
ablation,validation,1500,same_task_other,libero_object,13,3,11,31,11,7,7,0,280
ablation,validation,1500,same_task_other,libero_object,13,3,12,11,12,7,7,0,280
ablation,validation,1500,same_task_other,libero_object,13,3,13,25,13,7,7,0,280
ablation,validation,1500,same_task_other,libero_object,13,3,14,15,14,7,7,1,165
ablation,validation,1500,same_task_other,libero_object,13,3,15,19,15,7,7,1,228
ablation,validation,1500,same_task_other,libero_object,13,3,16,3,16,7,7,0,280
ablation,validation,1500,same_task_other,libero_object,13,3,17,2,17,7,7,0,280
ablation,validation,1500,same_task_other,libero_object,13,3,18,17,18,7,7,1,138
ablation,validation,1500,same_task_other,libero_object,13,3,19,14,19,7,7,0,280
ablation,validation,1500,same_task_other,libero_object,13,3,20,47,20,7,7,0,280
ablation,validation,1500,same_task_other,libero_object,13,3,21,21,21,7,7,1,137
ablation,validation,1500,same_task_other,libero_object,13,3,22,30,22,7,7,0,280
ablation,validation,1500,same_task_other,libero_object,13,3,23,12,23,7,7,1,176
ablation,validation,1500,same_task_other,libero_object,13,3,24,10,24,7,7,0,280
ablation,validation,1500,same_task_other,libero_object,13,3,25,22,25,7,7,0,280
ablation,validation,1500,same_task_other,libero_object,13,3,26,24,26,7,7,0,280
ablation,validation,1500,same_task_other,libero_object,13,3,27,13,27,7,7,0,280
ablation,validation,1500,same_task_other,libero_object,13,3,28,32,28,7,7,0,280
ablation,validation,1500,same_task_other,libero_object,13,3,29,16,29,7,7,0,280
ablation,validation,1500,same_task_other,libero_object,13,3,30,43,30,7,7,1,127
ablation,validation,1500,same_task_other,libero_object,13,3,31,27,31,7,7,1,116
ablation,validation,1500,same_task_other,libero_object,13,3,32,40,32,7,7,0,280
ablation,validation,1500,same_task_other,libero_object,13,3,33,34,33,7,7,1,116
ablation,validation,1500,same_task_other,libero_object,13,3,34,18,34,7,7,1,137
ablation,validation,1500,same_task_other,libero_object,13,3,35,38,35,7,7,0,280
ablation,validation,1500,same_task_other,libero_object,13,3,36,29,36,7,7,1,136
ablation,validation,1500,same_task_other,libero_object,13,3,37,28,37,7,7,0,280
ablation,validation,1500,same_task_other,libero_object,13,3,38,7,38,7,7,0,280
ablation,validation,1500,same_task_other,libero_object,13,3,39,8,39,7,7,0,280
ablation,validation,1500,same_task_other,libero_object,13,3,40,36,40,7,7,0,280
ablation,validation,1500,same_task_other,libero_object,13,3,41,49,41,7,7,0,280
ablation,validation,1500,same_task_other,libero_object,13,3,42,5,42,7,7,0,280
ablation,validation,1500,same_task_other,libero_object,13,3,43,39,43,7,7,1,190
ablation,validation,1500,same_task_other,libero_object,13,3,44,46,44,7,7,0,280
ablation,validation,1500,same_task_other,libero_object,13,3,45,4,45,7,7,0,280
ablation,validation,1500,same_task_other,libero_object,13,3,46,48,46,7,7,0,280
ablation,validation,1500,same_task_other,libero_object,13,3,47,23,47,7,7,1,132
ablation,validation,1500,same_task_other,libero_object,13,3,48,44,48,7,7,0,280
ablation,validation,1500,same_task_other,libero_object,13,3,49,6,49,7,7,1,137
ablation,validation,1500,same_task_other,libero_spatial,1,1,0,18,0,7,7,0,220
ablation,validation,1500,same_task_other,libero_spatial,1,1,1,38,1,7,7,0,220
ablation,validation,1500,same_task_other,libero_spatial,1,1,2,6,2,7,7,0,220
ablation,validation,1500,same_task_other,libero_spatial,1,1,3,31,3,7,7,0,220
ablation,validation,1500,same_task_other,libero_spatial,1,1,4,19,4,7,7,0,220
ablation,validation,1500,same_task_other,libero_spatial,1,1,5,1,5,7,7,0,220
ablation,validation,1500,same_task_other,libero_spatial,1,1,6,7,6,7,7,0,220
ablation,validation,1500,same_task_other,libero_spatial,1,1,7,25,7,7,7,0,220
ablation,validation,1500,same_task_other,libero_spatial,1,1,8,21,8,7,7,0,220
ablation,validation,1500,same_task_other,libero_spatial,1,1,9,9,9,7,7,0,220
ablation,validation,1500,same_task_other,libero_spatial,1,1,10,11,10,7,7,0,220
ablation,validation,1500,same_task_other,libero_spatial,1,1,11,41,11,7,7,0,220
ablation,validation,1500,same_task_other,libero_spatial,1,1,12,3,12,7,7,0,220
ablation,validation,1500,same_task_other,libero_spatial,1,1,13,4,13,7,7,0,220
ablation,validation,1500,same_task_other,libero_spatial,1,1,14,35,14,7,7,0,220
ablation,validation,1500,same_task_other,libero_spatial,1,1,15,48,15,7,7,0,220
ablation,validation,1500,same_task_other,libero_spatial,1,1,16,0,16,7,7,0,220
ablation,validation,1500,same_task_other,libero_spatial,1,1,17,26,17,7,7,0,220
ablation,validation,1500,same_task_other,libero_spatial,1,1,18,23,18,7,7,0,220
ablation,validation,1500,same_task_other,libero_spatial,1,1,19,24,19,7,7,0,220
ablation,validation,1500,same_task_other,libero_spatial,1,1,20,44,20,7,7,0,220
ablation,validation,1500,same_task_other,libero_spatial,1,1,21,37,21,7,7,0,220
ablation,validation,1500,same_task_other,libero_spatial,1,1,22,5,22,7,7,0,220
ablation,validation,1500,same_task_other,libero_spatial,1,1,23,13,23,7,7,0,220
ablation,validation,1500,same_task_other,libero_spatial,1,1,24,34,24,7,7,0,220
ablation,validation,1500,same_task_other,libero_spatial,1,1,25,8,25,7,7,0,220
ablation,validation,1500,same_task_other,libero_spatial,1,1,26,17,26,7,7,0,220
ablation,validation,1500,same_task_other,libero_spatial,1,1,27,47,27,7,7,0,220
ablation,validation,1500,same_task_other,libero_spatial,1,1,28,39,28,7,7,0,220
ablation,validation,1500,same_task_other,libero_spatial,1,1,29,29,29,7,7,0,220
ablation,validation,1500,same_task_other,libero_spatial,1,1,30,14,30,7,7,0,220
ablation,validation,1500,same_task_other,libero_spatial,1,1,31,12,31,7,7,0,220
ablation,validation,1500,same_task_other,libero_spatial,1,1,32,49,32,7,7,0,220
ablation,validation,1500,same_task_other,libero_spatial,1,1,33,10,33,7,7,0,220
ablation,validation,1500,same_task_other,libero_spatial,1,1,34,20,34,7,7,0,220
ablation,validation,1500,same_task_other,libero_spatial,1,1,35,28,35,7,7,0,220
ablation,validation,1500,same_task_other,libero_spatial,1,1,36,15,36,7,7,0,220
ablation,validation,1500,same_task_other,libero_spatial,1,1,37,45,37,7,7,0,220
ablation,validation,1500,same_task_other,libero_spatial,1,1,38,2,38,7,7,0,220
ablation,validation,1500,same_task_other,libero_spatial,1,1,39,46,39,7,7,0,220
ablation,validation,1500,same_task_other,libero_spatial,1,1,40,32,40,7,7,0,220
ablation,validation,1500,same_task_other,libero_spatial,1,1,41,22,41,7,7,0,220
ablation,validation,1500,same_task_other,libero_spatial,1,1,42,43,42,7,7,0,220
ablation,validation,1500,same_task_other,libero_spatial,1,1,43,36,43,7,7,0,220
ablation,validation,1500,same_task_other,libero_spatial,1,1,44,40,44,7,7,0,220
ablation,validation,1500,same_task_other,libero_spatial,1,1,45,27,45,7,7,0,220
ablation,validation,1500,same_task_other,libero_spatial,1,1,46,33,46,7,7,0,220
ablation,validation,1500,same_task_other,libero_spatial,1,1,47,42,47,7,7,0,220
ablation,validation,1500,same_task_other,libero_spatial,1,1,48,16,48,7,7,0,220
ablation,validation,1500,same_task_other,libero_spatial,1,1,49,30,49,7,7,0,220
ablation,validation,1500,same_task_other,libero_spatial,3,3,0,19,0,7,7,1,92
ablation,validation,1500,same_task_other,libero_spatial,3,3,1,3,1,7,7,1,110
ablation,validation,1500,same_task_other,libero_spatial,3,3,2,10,2,7,7,1,104
ablation,validation,1500,same_task_other,libero_spatial,3,3,3,33,3,7,7,1,98
ablation,validation,1500,same_task_other,libero_spatial,3,3,4,24,4,7,7,0,220
ablation,validation,1500,same_task_other,libero_spatial,3,3,5,25,5,7,7,1,167
ablation,validation,1500,same_task_other,libero_spatial,3,3,6,31,6,7,7,1,115
ablation,validation,1500,same_task_other,libero_spatial,3,3,7,5,7,7,7,1,93
ablation,validation,1500,same_task_other,libero_spatial,3,3,8,0,8,7,7,0,220
ablation,validation,1500,same_task_other,libero_spatial,3,3,9,18,9,7,7,1,97
ablation,validation,1500,same_task_other,libero_spatial,3,3,10,38,10,7,7,1,108
ablation,validation,1500,same_task_other,libero_spatial,3,3,11,22,11,7,7,1,99
ablation,validation,1500,same_task_other,libero_spatial,3,3,12,16,12,7,7,1,109
ablation,validation,1500,same_task_other,libero_spatial,3,3,13,46,13,7,7,1,104
ablation,validation,1500,same_task_other,libero_spatial,3,3,14,41,14,7,7,1,148
ablation,validation,1500,same_task_other,libero_spatial,3,3,15,27,15,7,7,1,76
ablation,validation,1500,same_task_other,libero_spatial,3,3,16,11,16,7,7,0,220
ablation,validation,1500,same_task_other,libero_spatial,3,3,17,32,17,7,7,1,101
ablation,validation,1500,same_task_other,libero_spatial,3,3,18,36,18,7,7,0,220
ablation,validation,1500,same_task_other,libero_spatial,3,3,19,6,19,7,7,1,87
ablation,validation,1500,same_task_other,libero_spatial,3,3,20,23,20,7,7,1,127
ablation,validation,1500,same_task_other,libero_spatial,3,3,21,47,21,7,7,1,94
ablation,validation,1500,same_task_other,libero_spatial,3,3,22,45,22,7,7,1,98
ablation,validation,1500,same_task_other,libero_spatial,3,3,23,1,23,7,7,1,203
ablation,validation,1500,same_task_other,libero_spatial,3,3,24,20,24,7,7,1,103
ablation,validation,1500,same_task_other,libero_spatial,3,3,25,12,25,7,7,1,95
ablation,validation,1500,same_task_other,libero_spatial,3,3,26,49,26,7,7,1,102
ablation,validation,1500,same_task_other,libero_spatial,3,3,27,39,27,7,7,0,220
ablation,validation,1500,same_task_other,libero_spatial,3,3,28,37,28,7,7,0,220
ablation,validation,1500,same_task_other,libero_spatial,3,3,29,40,29,7,7,1,89
ablation,validation,1500,same_task_other,libero_spatial,3,3,30,26,30,7,7,1,130
ablation,validation,1500,same_task_other,libero_spatial,3,3,31,17,31,7,7,1,123
ablation,validation,1500,same_task_other,libero_spatial,3,3,32,21,32,7,7,1,77
ablation,validation,1500,same_task_other,libero_spatial,3,3,33,14,33,7,7,1,110
ablation,validation,1500,same_task_other,libero_spatial,3,3,34,48,34,7,7,0,220
ablation,validation,1500,same_task_other,libero_spatial,3,3,35,44,35,7,7,0,220
ablation,validation,1500,same_task_other,libero_spatial,3,3,36,34,36,7,7,0,220
ablation,validation,1500,same_task_other,libero_spatial,3,3,37,8,37,7,7,1,106
ablation,validation,1500,same_task_other,libero_spatial,3,3,38,42,38,7,7,1,100
ablation,validation,1500,same_task_other,libero_spatial,3,3,39,2,39,7,7,1,93
ablation,validation,1500,same_task_other,libero_spatial,3,3,40,13,40,7,7,1,104
ablation,validation,1500,same_task_other,libero_spatial,3,3,41,7,41,7,7,0,220
ablation,validation,1500,same_task_other,libero_spatial,3,3,42,9,42,7,7,1,90
ablation,validation,1500,same_task_other,libero_spatial,3,3,43,15,43,7,7,1,103
ablation,validation,1500,same_task_other,libero_spatial,3,3,44,43,44,7,7,0,220
ablation,validation,1500,same_task_other,libero_spatial,3,3,45,28,45,7,7,1,94
ablation,validation,1500,same_task_other,libero_spatial,3,3,46,35,46,7,7,0,220
ablation,validation,1500,same_task_other,libero_spatial,3,3,47,30,47,7,7,1,134
ablation,validation,1500,same_task_other,libero_spatial,3,3,48,29,48,7,7,1,111
ablation,validation,1500,same_task_other,libero_spatial,3,3,49,4,49,7,7,1,111
ablation,validation,2100,same_task_other,libero_10,31,1,0,14,0,7,7,0,520
ablation,validation,2100,same_task_other,libero_10,31,1,1,26,1,7,7,0,520
ablation,validation,2100,same_task_other,libero_10,31,1,2,20,2,7,7,0,520
ablation,validation,2100,same_task_other,libero_10,31,1,3,49,3,7,7,1,412
ablation,validation,2100,same_task_other,libero_10,31,1,4,32,4,7,7,0,520
ablation,validation,2100,same_task_other,libero_10,31,1,5,35,5,7,7,0,520
ablation,validation,2100,same_task_other,libero_10,31,1,6,1,6,7,7,1,307
ablation,validation,2100,same_task_other,libero_10,31,1,7,28,7,7,7,0,520
ablation,validation,2100,same_task_other,libero_10,31,1,8,48,8,7,7,1,480
ablation,validation,2100,same_task_other,libero_10,31,1,9,12,9,7,7,0,520
ablation,validation,2100,same_task_other,libero_10,31,1,10,16,10,7,7,1,434
ablation,validation,2100,same_task_other,libero_10,31,1,11,45,11,7,7,1,302
ablation,validation,2100,same_task_other,libero_10,31,1,12,6,12,7,7,0,520
ablation,validation,2100,same_task_other,libero_10,31,1,13,10,13,7,7,1,374
ablation,validation,2100,same_task_other,libero_10,31,1,14,29,14,7,7,0,520
ablation,validation,2100,same_task_other,libero_10,31,1,15,5,15,7,7,0,520
ablation,validation,2100,same_task_other,libero_10,31,1,16,2,16,7,7,1,308
ablation,validation,2100,same_task_other,libero_10,31,1,17,0,17,7,7,0,520
ablation,validation,2100,same_task_other,libero_10,31,1,18,9,18,7,7,0,520
ablation,validation,2100,same_task_other,libero_10,31,1,19,41,19,7,7,0,520
ablation,validation,2100,same_task_other,libero_10,31,1,20,38,20,7,7,0,520
ablation,validation,2100,same_task_other,libero_10,31,1,21,40,21,7,7,0,520
ablation,validation,2100,same_task_other,libero_10,31,1,22,19,22,7,7,1,410
ablation,validation,2100,same_task_other,libero_10,31,1,23,15,23,7,7,0,520
ablation,validation,2100,same_task_other,libero_10,31,1,24,17,24,7,7,0,520
ablation,validation,2100,same_task_other,libero_10,31,1,25,24,25,7,7,0,520
ablation,validation,2100,same_task_other,libero_10,31,1,26,4,26,7,7,1,362
ablation,validation,2100,same_task_other,libero_10,31,1,27,21,27,7,7,1,375
ablation,validation,2100,same_task_other,libero_10,31,1,28,37,28,7,7,0,520
ablation,validation,2100,same_task_other,libero_10,31,1,29,42,29,7,7,1,349
ablation,validation,2100,same_task_other,libero_10,31,1,30,13,30,7,7,0,520
ablation,validation,2100,same_task_other,libero_10,31,1,31,39,31,7,7,0,520
ablation,validation,2100,same_task_other,libero_10,31,1,32,8,32,7,7,0,520
ablation,validation,2100,same_task_other,libero_10,31,1,33,7,33,7,7,0,520
ablation,validation,2100,same_task_other,libero_10,31,1,34,30,34,7,7,1,472
ablation,validation,2100,same_task_other,libero_10,31,1,35,33,35,7,7,0,520
ablation,validation,2100,same_task_other,libero_10,31,1,36,27,36,7,7,1,410
ablation,validation,2100,same_task_other,libero_10,31,1,37,34,37,7,7,1,307
ablation,validation,2100,same_task_other,libero_10,31,1,38,23,38,7,7,0,520
ablation,validation,2100,same_task_other,libero_10,31,1,39,44,39,7,7,0,520
ablation,validation,2100,same_task_other,libero_10,31,1,40,3,40,7,7,1,430
ablation,validation,2100,same_task_other,libero_10,31,1,41,43,41,7,7,0,520
ablation,validation,2100,same_task_other,libero_10,31,1,42,11,42,7,7,0,520
ablation,validation,2100,same_task_other,libero_10,31,1,43,36,43,7,7,1,356
ablation,validation,2100,same_task_other,libero_10,31,1,44,31,44,7,7,0,520
ablation,validation,2100,same_task_other,libero_10,31,1,45,25,45,7,7,1,404
ablation,validation,2100,same_task_other,libero_10,31,1,46,22,46,7,7,1,332
ablation,validation,2100,same_task_other,libero_10,31,1,47,47,47,7,7,1,509
ablation,validation,2100,same_task_other,libero_10,31,1,48,46,48,7,7,1,312
ablation,validation,2100,same_task_other,libero_10,31,1,49,18,49,7,7,0,520
ablation,validation,2100,same_task_other,libero_10,32,2,0,33,0,7,7,0,520
ablation,validation,2100,same_task_other,libero_10,32,2,1,2,1,7,7,0,520
ablation,validation,2100,same_task_other,libero_10,32,2,2,29,2,7,7,0,520
ablation,validation,2100,same_task_other,libero_10,32,2,3,25,3,7,7,0,520
ablation,validation,2100,same_task_other,libero_10,32,2,4,4,4,7,7,0,520
ablation,validation,2100,same_task_other,libero_10,32,2,5,9,5,7,7,0,520
ablation,validation,2100,same_task_other,libero_10,32,2,6,32,6,7,7,0,520
ablation,validation,2100,same_task_other,libero_10,32,2,7,10,7,7,7,0,520
ablation,validation,2100,same_task_other,libero_10,32,2,8,0,8,7,7,0,520
ablation,validation,2100,same_task_other,libero_10,32,2,9,42,9,7,7,0,520
ablation,validation,2100,same_task_other,libero_10,32,2,10,20,10,7,7,0,520
ablation,validation,2100,same_task_other,libero_10,32,2,11,46,11,7,7,0,520
ablation,validation,2100,same_task_other,libero_10,32,2,12,41,12,7,7,0,520
ablation,validation,2100,same_task_other,libero_10,32,2,13,45,13,7,7,0,520
ablation,validation,2100,same_task_other,libero_10,32,2,14,14,14,7,7,0,520
ablation,validation,2100,same_task_other,libero_10,32,2,15,3,15,7,7,0,520
ablation,validation,2100,same_task_other,libero_10,32,2,16,35,16,7,7,0,520
ablation,validation,2100,same_task_other,libero_10,32,2,17,13,17,7,7,0,520
ablation,validation,2100,same_task_other,libero_10,32,2,18,6,18,7,7,0,520
ablation,validation,2100,same_task_other,libero_10,32,2,19,48,19,7,7,0,520
ablation,validation,2100,same_task_other,libero_10,32,2,20,49,20,7,7,0,520
ablation,validation,2100,same_task_other,libero_10,32,2,21,1,21,7,7,0,520
ablation,validation,2100,same_task_other,libero_10,32,2,22,36,22,7,7,0,520
ablation,validation,2100,same_task_other,libero_10,32,2,23,16,23,7,7,0,520
ablation,validation,2100,same_task_other,libero_10,32,2,24,12,24,7,7,0,520
ablation,validation,2100,same_task_other,libero_10,32,2,25,38,25,7,7,0,520
ablation,validation,2100,same_task_other,libero_10,32,2,26,11,26,7,7,0,520
ablation,validation,2100,same_task_other,libero_10,32,2,27,19,27,7,7,0,520
ablation,validation,2100,same_task_other,libero_10,32,2,28,5,28,7,7,0,520
ablation,validation,2100,same_task_other,libero_10,32,2,29,22,29,7,7,0,520
ablation,validation,2100,same_task_other,libero_10,32,2,30,18,30,7,7,0,520
ablation,validation,2100,same_task_other,libero_10,32,2,31,44,31,7,7,0,520
ablation,validation,2100,same_task_other,libero_10,32,2,32,24,32,7,7,0,520
ablation,validation,2100,same_task_other,libero_10,32,2,33,30,33,7,7,0,520
ablation,validation,2100,same_task_other,libero_10,32,2,34,40,34,7,7,0,520
ablation,validation,2100,same_task_other,libero_10,32,2,35,28,35,7,7,0,520
ablation,validation,2100,same_task_other,libero_10,32,2,36,26,36,7,7,0,520
ablation,validation,2100,same_task_other,libero_10,32,2,37,17,37,7,7,0,520
ablation,validation,2100,same_task_other,libero_10,32,2,38,27,38,7,7,0,520
ablation,validation,2100,same_task_other,libero_10,32,2,39,43,39,7,7,0,520
ablation,validation,2100,same_task_other,libero_10,32,2,40,21,40,7,7,0,520
ablation,validation,2100,same_task_other,libero_10,32,2,41,47,41,7,7,0,520
ablation,validation,2100,same_task_other,libero_10,32,2,42,7,42,7,7,0,520
ablation,validation,2100,same_task_other,libero_10,32,2,43,39,43,7,7,0,520
ablation,validation,2100,same_task_other,libero_10,32,2,44,8,44,7,7,0,520
ablation,validation,2100,same_task_other,libero_10,32,2,45,34,45,7,7,0,520
ablation,validation,2100,same_task_other,libero_10,32,2,46,37,46,7,7,0,520
ablation,validation,2100,same_task_other,libero_10,32,2,47,31,47,7,7,0,520
ablation,validation,2100,same_task_other,libero_10,32,2,48,15,48,7,7,0,520
ablation,validation,2100,same_task_other,libero_10,32,2,49,23,49,7,7,0,520
ablation,validation,2100,same_task_other,libero_goal,23,3,0,2,0,7,7,0,300
ablation,validation,2100,same_task_other,libero_goal,23,3,1,30,1,7,7,0,300
ablation,validation,2100,same_task_other,libero_goal,23,3,2,32,2,7,7,0,300
ablation,validation,2100,same_task_other,libero_goal,23,3,3,25,3,7,7,0,300
ablation,validation,2100,same_task_other,libero_goal,23,3,4,1,4,7,7,0,300
ablation,validation,2100,same_task_other,libero_goal,23,3,5,45,5,7,7,0,300
ablation,validation,2100,same_task_other,libero_goal,23,3,6,46,6,7,7,0,300
ablation,validation,2100,same_task_other,libero_goal,23,3,7,36,7,7,7,0,300
ablation,validation,2100,same_task_other,libero_goal,23,3,8,34,8,7,7,0,300
ablation,validation,2100,same_task_other,libero_goal,23,3,9,19,9,7,7,0,300
ablation,validation,2100,same_task_other,libero_goal,23,3,10,17,10,7,7,0,300
ablation,validation,2100,same_task_other,libero_goal,23,3,11,48,11,7,7,0,300
ablation,validation,2100,same_task_other,libero_goal,23,3,12,20,12,7,7,0,300
ablation,validation,2100,same_task_other,libero_goal,23,3,13,47,13,7,7,0,300
ablation,validation,2100,same_task_other,libero_goal,23,3,14,22,14,7,7,0,300
ablation,validation,2100,same_task_other,libero_goal,23,3,15,43,15,7,7,0,300
ablation,validation,2100,same_task_other,libero_goal,23,3,16,21,16,7,7,0,300
ablation,validation,2100,same_task_other,libero_goal,23,3,17,26,17,7,7,0,300
ablation,validation,2100,same_task_other,libero_goal,23,3,18,31,18,7,7,0,300
ablation,validation,2100,same_task_other,libero_goal,23,3,19,29,19,7,7,0,300
ablation,validation,2100,same_task_other,libero_goal,23,3,20,44,20,7,7,0,300
ablation,validation,2100,same_task_other,libero_goal,23,3,21,49,21,7,7,0,300
ablation,validation,2100,same_task_other,libero_goal,23,3,22,3,22,7,7,0,300
ablation,validation,2100,same_task_other,libero_goal,23,3,23,11,23,7,7,0,300
ablation,validation,2100,same_task_other,libero_goal,23,3,24,13,24,7,7,0,300
ablation,validation,2100,same_task_other,libero_goal,23,3,25,28,25,7,7,0,300
ablation,validation,2100,same_task_other,libero_goal,23,3,26,8,26,7,7,0,300
ablation,validation,2100,same_task_other,libero_goal,23,3,27,33,27,7,7,0,300
ablation,validation,2100,same_task_other,libero_goal,23,3,28,15,28,7,7,0,300
ablation,validation,2100,same_task_other,libero_goal,23,3,29,40,29,7,7,0,300
ablation,validation,2100,same_task_other,libero_goal,23,3,30,38,30,7,7,0,300
ablation,validation,2100,same_task_other,libero_goal,23,3,31,5,31,7,7,0,300
ablation,validation,2100,same_task_other,libero_goal,23,3,32,39,32,7,7,0,300
ablation,validation,2100,same_task_other,libero_goal,23,3,33,6,33,7,7,0,300
ablation,validation,2100,same_task_other,libero_goal,23,3,34,9,34,7,7,0,300
ablation,validation,2100,same_task_other,libero_goal,23,3,35,35,35,7,7,0,300
ablation,validation,2100,same_task_other,libero_goal,23,3,36,23,36,7,7,0,300
ablation,validation,2100,same_task_other,libero_goal,23,3,37,16,37,7,7,0,300
ablation,validation,2100,same_task_other,libero_goal,23,3,38,0,38,7,7,0,300
ablation,validation,2100,same_task_other,libero_goal,23,3,39,4,39,7,7,0,300
ablation,validation,2100,same_task_other,libero_goal,23,3,40,41,40,7,7,0,300
ablation,validation,2100,same_task_other,libero_goal,23,3,41,24,41,7,7,0,300
ablation,validation,2100,same_task_other,libero_goal,23,3,42,7,42,7,7,0,300
ablation,validation,2100,same_task_other,libero_goal,23,3,43,18,43,7,7,0,300
ablation,validation,2100,same_task_other,libero_goal,23,3,44,37,44,7,7,0,300
ablation,validation,2100,same_task_other,libero_goal,23,3,45,12,45,7,7,0,300
ablation,validation,2100,same_task_other,libero_goal,23,3,46,27,46,7,7,0,300
ablation,validation,2100,same_task_other,libero_goal,23,3,47,14,47,7,7,0,300
ablation,validation,2100,same_task_other,libero_goal,23,3,48,10,48,7,7,0,300
ablation,validation,2100,same_task_other,libero_goal,23,3,49,42,49,7,7,0,300
ablation,validation,2100,same_task_other,libero_goal,26,6,0,12,0,7,7,1,98
ablation,validation,2100,same_task_other,libero_goal,26,6,1,25,1,7,7,1,128
ablation,validation,2100,same_task_other,libero_goal,26,6,2,39,2,7,7,1,118
ablation,validation,2100,same_task_other,libero_goal,26,6,3,1,3,7,7,0,300
ablation,validation,2100,same_task_other,libero_goal,26,6,4,16,4,7,7,1,101
ablation,validation,2100,same_task_other,libero_goal,26,6,5,8,5,7,7,1,122
ablation,validation,2100,same_task_other,libero_goal,26,6,6,26,6,7,7,1,113
ablation,validation,2100,same_task_other,libero_goal,26,6,7,7,7,7,7,1,91
ablation,validation,2100,same_task_other,libero_goal,26,6,8,46,8,7,7,1,101
ablation,validation,2100,same_task_other,libero_goal,26,6,9,43,9,7,7,0,300
ablation,validation,2100,same_task_other,libero_goal,26,6,10,24,10,7,7,1,101
ablation,validation,2100,same_task_other,libero_goal,26,6,11,27,11,7,7,1,102
ablation,validation,2100,same_task_other,libero_goal,26,6,12,11,12,7,7,1,104
ablation,validation,2100,same_task_other,libero_goal,26,6,13,18,13,7,7,1,157
ablation,validation,2100,same_task_other,libero_goal,26,6,14,2,14,7,7,1,94
ablation,validation,2100,same_task_other,libero_goal,26,6,15,37,15,7,7,1,97
ablation,validation,2100,same_task_other,libero_goal,26,6,16,19,16,7,7,0,300
ablation,validation,2100,same_task_other,libero_goal,26,6,17,17,17,7,7,1,100
ablation,validation,2100,same_task_other,libero_goal,26,6,18,40,18,7,7,1,81
ablation,validation,2100,same_task_other,libero_goal,26,6,19,3,19,7,7,1,104
ablation,validation,2100,same_task_other,libero_goal,26,6,20,10,20,7,7,1,105
ablation,validation,2100,same_task_other,libero_goal,26,6,21,38,21,7,7,1,103
ablation,validation,2100,same_task_other,libero_goal,26,6,22,48,22,7,7,1,108
ablation,validation,2100,same_task_other,libero_goal,26,6,23,44,23,7,7,1,137
ablation,validation,2100,same_task_other,libero_goal,26,6,24,14,24,7,7,1,93
ablation,validation,2100,same_task_other,libero_goal,26,6,25,22,25,7,7,1,91
ablation,validation,2100,same_task_other,libero_goal,26,6,26,28,26,7,7,1,131
ablation,validation,2100,same_task_other,libero_goal,26,6,27,41,27,7,7,0,300
ablation,validation,2100,same_task_other,libero_goal,26,6,28,5,28,7,7,1,98
ablation,validation,2100,same_task_other,libero_goal,26,6,29,33,29,7,7,1,96
ablation,validation,2100,same_task_other,libero_goal,26,6,30,6,30,7,7,0,300
ablation,validation,2100,same_task_other,libero_goal,26,6,31,29,31,7,7,1,116
ablation,validation,2100,same_task_other,libero_goal,26,6,32,9,32,7,7,0,300
ablation,validation,2100,same_task_other,libero_goal,26,6,33,15,33,7,7,1,94
ablation,validation,2100,same_task_other,libero_goal,26,6,34,49,34,7,7,1,106
ablation,validation,2100,same_task_other,libero_goal,26,6,35,30,35,7,7,1,117
ablation,validation,2100,same_task_other,libero_goal,26,6,36,21,36,7,7,1,108
ablation,validation,2100,same_task_other,libero_goal,26,6,37,47,37,7,7,1,167
ablation,validation,2100,same_task_other,libero_goal,26,6,38,20,38,7,7,1,90
ablation,validation,2100,same_task_other,libero_goal,26,6,39,13,39,7,7,0,300
ablation,validation,2100,same_task_other,libero_goal,26,6,40,31,40,7,7,1,128
ablation,validation,2100,same_task_other,libero_goal,26,6,41,45,41,7,7,1,130
ablation,validation,2100,same_task_other,libero_goal,26,6,42,36,42,7,7,1,90
ablation,validation,2100,same_task_other,libero_goal,26,6,43,34,43,7,7,0,300
ablation,validation,2100,same_task_other,libero_goal,26,6,44,0,44,7,7,1,106
ablation,validation,2100,same_task_other,libero_goal,26,6,45,4,45,7,7,1,97
ablation,validation,2100,same_task_other,libero_goal,26,6,46,32,46,7,7,1,119
ablation,validation,2100,same_task_other,libero_goal,26,6,47,42,47,7,7,1,79
ablation,validation,2100,same_task_other,libero_goal,26,6,48,23,48,7,7,0,300
ablation,validation,2100,same_task_other,libero_goal,26,6,49,35,49,7,7,1,111
ablation,validation,2100,same_task_other,libero_object,11,1,0,1,0,7,7,1,161
ablation,validation,2100,same_task_other,libero_object,11,1,1,27,1,7,7,1,150
ablation,validation,2100,same_task_other,libero_object,11,1,2,29,2,7,7,1,142
ablation,validation,2100,same_task_other,libero_object,11,1,3,19,3,7,7,1,150
ablation,validation,2100,same_task_other,libero_object,11,1,4,6,4,7,7,1,144
ablation,validation,2100,same_task_other,libero_object,11,1,5,25,5,7,7,1,131
ablation,validation,2100,same_task_other,libero_object,11,1,6,2,6,7,7,1,143
ablation,validation,2100,same_task_other,libero_object,11,1,7,8,7,7,7,1,127
ablation,validation,2100,same_task_other,libero_object,11,1,8,12,8,7,7,1,138
ablation,validation,2100,same_task_other,libero_object,11,1,9,33,9,7,7,1,254
ablation,validation,2100,same_task_other,libero_object,11,1,10,21,10,7,7,0,280
ablation,validation,2100,same_task_other,libero_object,11,1,11,20,11,7,7,1,217
ablation,validation,2100,same_task_other,libero_object,11,1,12,47,12,7,7,0,280
ablation,validation,2100,same_task_other,libero_object,11,1,13,40,13,7,7,1,172
ablation,validation,2100,same_task_other,libero_object,11,1,14,31,14,7,7,1,142
ablation,validation,2100,same_task_other,libero_object,11,1,15,15,15,7,7,1,132
ablation,validation,2100,same_task_other,libero_object,11,1,16,0,16,7,7,1,172
ablation,validation,2100,same_task_other,libero_object,11,1,17,35,17,7,7,1,194
ablation,validation,2100,same_task_other,libero_object,11,1,18,30,18,7,7,1,259
ablation,validation,2100,same_task_other,libero_object,11,1,19,13,19,7,7,1,143
ablation,validation,2100,same_task_other,libero_object,11,1,20,10,20,7,7,1,181
ablation,validation,2100,same_task_other,libero_object,11,1,21,45,21,7,7,1,223
ablation,validation,2100,same_task_other,libero_object,11,1,22,46,22,7,7,1,143
ablation,validation,2100,same_task_other,libero_object,11,1,23,34,23,7,7,1,136
ablation,validation,2100,same_task_other,libero_object,11,1,24,4,24,7,7,1,132
ablation,validation,2100,same_task_other,libero_object,11,1,25,48,25,7,7,1,118
ablation,validation,2100,same_task_other,libero_object,11,1,26,43,26,7,7,1,133
ablation,validation,2100,same_task_other,libero_object,11,1,27,7,27,7,7,1,146
ablation,validation,2100,same_task_other,libero_object,11,1,28,9,28,7,7,1,128
ablation,validation,2100,same_task_other,libero_object,11,1,29,49,29,7,7,1,144
ablation,validation,2100,same_task_other,libero_object,11,1,30,41,30,7,7,1,257
ablation,validation,2100,same_task_other,libero_object,11,1,31,36,31,7,7,1,188
ablation,validation,2100,same_task_other,libero_object,11,1,32,14,32,7,7,1,129
ablation,validation,2100,same_task_other,libero_object,11,1,33,5,33,7,7,1,138
ablation,validation,2100,same_task_other,libero_object,11,1,34,28,34,7,7,1,142
ablation,validation,2100,same_task_other,libero_object,11,1,35,39,35,7,7,1,200
ablation,validation,2100,same_task_other,libero_object,11,1,36,42,36,7,7,1,137
ablation,validation,2100,same_task_other,libero_object,11,1,37,32,37,7,7,1,137
ablation,validation,2100,same_task_other,libero_object,11,1,38,26,38,7,7,0,280
ablation,validation,2100,same_task_other,libero_object,11,1,39,22,39,7,7,1,204
ablation,validation,2100,same_task_other,libero_object,11,1,40,24,40,7,7,1,136
ablation,validation,2100,same_task_other,libero_object,11,1,41,18,41,7,7,1,171
ablation,validation,2100,same_task_other,libero_object,11,1,42,44,42,7,7,1,127
ablation,validation,2100,same_task_other,libero_object,11,1,43,37,43,7,7,1,197
ablation,validation,2100,same_task_other,libero_object,11,1,44,17,44,7,7,1,130
ablation,validation,2100,same_task_other,libero_object,11,1,45,16,45,7,7,1,126
ablation,validation,2100,same_task_other,libero_object,11,1,46,11,46,7,7,1,132
ablation,validation,2100,same_task_other,libero_object,11,1,47,3,47,7,7,1,155
ablation,validation,2100,same_task_other,libero_object,11,1,48,23,48,7,7,1,205
ablation,validation,2100,same_task_other,libero_object,11,1,49,38,49,7,7,1,172
ablation,validation,2100,same_task_other,libero_object,13,3,0,0,0,7,7,1,136
ablation,validation,2100,same_task_other,libero_object,13,3,1,37,1,7,7,0,280
ablation,validation,2100,same_task_other,libero_object,13,3,2,35,2,7,7,0,280
ablation,validation,2100,same_task_other,libero_object,13,3,3,26,3,7,7,1,190
ablation,validation,2100,same_task_other,libero_object,13,3,4,9,4,7,7,0,280
ablation,validation,2100,same_task_other,libero_object,13,3,5,1,5,7,7,0,280
ablation,validation,2100,same_task_other,libero_object,13,3,6,41,6,7,7,1,232
ablation,validation,2100,same_task_other,libero_object,13,3,7,45,7,7,7,0,280
ablation,validation,2100,same_task_other,libero_object,13,3,8,42,8,7,7,0,280
ablation,validation,2100,same_task_other,libero_object,13,3,9,20,9,7,7,0,280
ablation,validation,2100,same_task_other,libero_object,13,3,10,33,10,7,7,0,280
ablation,validation,2100,same_task_other,libero_object,13,3,11,31,11,7,7,0,280
ablation,validation,2100,same_task_other,libero_object,13,3,12,11,12,7,7,1,146
ablation,validation,2100,same_task_other,libero_object,13,3,13,25,13,7,7,0,280
ablation,validation,2100,same_task_other,libero_object,13,3,14,15,14,7,7,1,148
ablation,validation,2100,same_task_other,libero_object,13,3,15,19,15,7,7,0,280
ablation,validation,2100,same_task_other,libero_object,13,3,16,3,16,7,7,1,128
ablation,validation,2100,same_task_other,libero_object,13,3,17,2,17,7,7,1,133
ablation,validation,2100,same_task_other,libero_object,13,3,18,17,18,7,7,1,167
ablation,validation,2100,same_task_other,libero_object,13,3,19,14,19,7,7,1,166
ablation,validation,2100,same_task_other,libero_object,13,3,20,47,20,7,7,1,232
ablation,validation,2100,same_task_other,libero_object,13,3,21,21,21,7,7,0,280
ablation,validation,2100,same_task_other,libero_object,13,3,22,30,22,7,7,0,280
ablation,validation,2100,same_task_other,libero_object,13,3,23,12,23,7,7,1,177
ablation,validation,2100,same_task_other,libero_object,13,3,24,10,24,7,7,0,280
ablation,validation,2100,same_task_other,libero_object,13,3,25,22,25,7,7,0,280
ablation,validation,2100,same_task_other,libero_object,13,3,26,24,26,7,7,1,136
ablation,validation,2100,same_task_other,libero_object,13,3,27,13,27,7,7,0,280
ablation,validation,2100,same_task_other,libero_object,13,3,28,32,28,7,7,0,280
ablation,validation,2100,same_task_other,libero_object,13,3,29,16,29,7,7,0,280
ablation,validation,2100,same_task_other,libero_object,13,3,30,43,30,7,7,0,280
ablation,validation,2100,same_task_other,libero_object,13,3,31,27,31,7,7,1,113
ablation,validation,2100,same_task_other,libero_object,13,3,32,40,32,7,7,0,280
ablation,validation,2100,same_task_other,libero_object,13,3,33,34,33,7,7,1,134
ablation,validation,2100,same_task_other,libero_object,13,3,34,18,34,7,7,1,123
ablation,validation,2100,same_task_other,libero_object,13,3,35,38,35,7,7,0,280
ablation,validation,2100,same_task_other,libero_object,13,3,36,29,36,7,7,0,280
ablation,validation,2100,same_task_other,libero_object,13,3,37,28,37,7,7,0,280
ablation,validation,2100,same_task_other,libero_object,13,3,38,7,38,7,7,0,280
ablation,validation,2100,same_task_other,libero_object,13,3,39,8,39,7,7,0,280
ablation,validation,2100,same_task_other,libero_object,13,3,40,36,40,7,7,0,280
ablation,validation,2100,same_task_other,libero_object,13,3,41,49,41,7,7,0,280
ablation,validation,2100,same_task_other,libero_object,13,3,42,5,42,7,7,0,280
ablation,validation,2100,same_task_other,libero_object,13,3,43,39,43,7,7,0,280
ablation,validation,2100,same_task_other,libero_object,13,3,44,46,44,7,7,1,194
ablation,validation,2100,same_task_other,libero_object,13,3,45,4,45,7,7,0,280
ablation,validation,2100,same_task_other,libero_object,13,3,46,48,46,7,7,1,217
ablation,validation,2100,same_task_other,libero_object,13,3,47,23,47,7,7,1,121
ablation,validation,2100,same_task_other,libero_object,13,3,48,44,48,7,7,0,280
ablation,validation,2100,same_task_other,libero_object,13,3,49,6,49,7,7,1,127
ablation,validation,2100,same_task_other,libero_spatial,1,1,0,18,0,7,7,0,220
ablation,validation,2100,same_task_other,libero_spatial,1,1,1,38,1,7,7,0,220
ablation,validation,2100,same_task_other,libero_spatial,1,1,2,6,2,7,7,0,220
ablation,validation,2100,same_task_other,libero_spatial,1,1,3,31,3,7,7,0,220
ablation,validation,2100,same_task_other,libero_spatial,1,1,4,19,4,7,7,0,220
ablation,validation,2100,same_task_other,libero_spatial,1,1,5,1,5,7,7,0,220
ablation,validation,2100,same_task_other,libero_spatial,1,1,6,7,6,7,7,0,220
ablation,validation,2100,same_task_other,libero_spatial,1,1,7,25,7,7,7,0,220
ablation,validation,2100,same_task_other,libero_spatial,1,1,8,21,8,7,7,0,220
ablation,validation,2100,same_task_other,libero_spatial,1,1,9,9,9,7,7,0,220
ablation,validation,2100,same_task_other,libero_spatial,1,1,10,11,10,7,7,0,220
ablation,validation,2100,same_task_other,libero_spatial,1,1,11,41,11,7,7,0,220
ablation,validation,2100,same_task_other,libero_spatial,1,1,12,3,12,7,7,0,220
ablation,validation,2100,same_task_other,libero_spatial,1,1,13,4,13,7,7,0,220
ablation,validation,2100,same_task_other,libero_spatial,1,1,14,35,14,7,7,0,220
ablation,validation,2100,same_task_other,libero_spatial,1,1,15,48,15,7,7,0,220
ablation,validation,2100,same_task_other,libero_spatial,1,1,16,0,16,7,7,0,220
ablation,validation,2100,same_task_other,libero_spatial,1,1,17,26,17,7,7,0,220
ablation,validation,2100,same_task_other,libero_spatial,1,1,18,23,18,7,7,0,220
ablation,validation,2100,same_task_other,libero_spatial,1,1,19,24,19,7,7,0,220
ablation,validation,2100,same_task_other,libero_spatial,1,1,20,44,20,7,7,0,220
ablation,validation,2100,same_task_other,libero_spatial,1,1,21,37,21,7,7,0,220
ablation,validation,2100,same_task_other,libero_spatial,1,1,22,5,22,7,7,0,220
ablation,validation,2100,same_task_other,libero_spatial,1,1,23,13,23,7,7,0,220
ablation,validation,2100,same_task_other,libero_spatial,1,1,24,34,24,7,7,0,220
ablation,validation,2100,same_task_other,libero_spatial,1,1,25,8,25,7,7,0,220
ablation,validation,2100,same_task_other,libero_spatial,1,1,26,17,26,7,7,0,220
ablation,validation,2100,same_task_other,libero_spatial,1,1,27,47,27,7,7,0,220
ablation,validation,2100,same_task_other,libero_spatial,1,1,28,39,28,7,7,0,220
ablation,validation,2100,same_task_other,libero_spatial,1,1,29,29,29,7,7,0,220
ablation,validation,2100,same_task_other,libero_spatial,1,1,30,14,30,7,7,0,220
ablation,validation,2100,same_task_other,libero_spatial,1,1,31,12,31,7,7,0,220
ablation,validation,2100,same_task_other,libero_spatial,1,1,32,49,32,7,7,0,220
ablation,validation,2100,same_task_other,libero_spatial,1,1,33,10,33,7,7,0,220
ablation,validation,2100,same_task_other,libero_spatial,1,1,34,20,34,7,7,0,220
ablation,validation,2100,same_task_other,libero_spatial,1,1,35,28,35,7,7,0,220
ablation,validation,2100,same_task_other,libero_spatial,1,1,36,15,36,7,7,0,220
ablation,validation,2100,same_task_other,libero_spatial,1,1,37,45,37,7,7,0,220
ablation,validation,2100,same_task_other,libero_spatial,1,1,38,2,38,7,7,0,220
ablation,validation,2100,same_task_other,libero_spatial,1,1,39,46,39,7,7,0,220
ablation,validation,2100,same_task_other,libero_spatial,1,1,40,32,40,7,7,0,220
ablation,validation,2100,same_task_other,libero_spatial,1,1,41,22,41,7,7,0,220
ablation,validation,2100,same_task_other,libero_spatial,1,1,42,43,42,7,7,0,220
ablation,validation,2100,same_task_other,libero_spatial,1,1,43,36,43,7,7,0,220
ablation,validation,2100,same_task_other,libero_spatial,1,1,44,40,44,7,7,0,220
ablation,validation,2100,same_task_other,libero_spatial,1,1,45,27,45,7,7,0,220
ablation,validation,2100,same_task_other,libero_spatial,1,1,46,33,46,7,7,0,220
ablation,validation,2100,same_task_other,libero_spatial,1,1,47,42,47,7,7,0,220
ablation,validation,2100,same_task_other,libero_spatial,1,1,48,16,48,7,7,0,220
ablation,validation,2100,same_task_other,libero_spatial,1,1,49,30,49,7,7,0,220
ablation,validation,2100,same_task_other,libero_spatial,3,3,0,19,0,7,7,1,114
ablation,validation,2100,same_task_other,libero_spatial,3,3,1,3,1,7,7,1,120
ablation,validation,2100,same_task_other,libero_spatial,3,3,2,10,2,7,7,0,220
ablation,validation,2100,same_task_other,libero_spatial,3,3,3,33,3,7,7,1,97
ablation,validation,2100,same_task_other,libero_spatial,3,3,4,24,4,7,7,0,220
ablation,validation,2100,same_task_other,libero_spatial,3,3,5,25,5,7,7,0,220
ablation,validation,2100,same_task_other,libero_spatial,3,3,6,31,6,7,7,1,132
ablation,validation,2100,same_task_other,libero_spatial,3,3,7,5,7,7,7,1,94
ablation,validation,2100,same_task_other,libero_spatial,3,3,8,0,8,7,7,0,220
ablation,validation,2100,same_task_other,libero_spatial,3,3,9,18,9,7,7,1,97
ablation,validation,2100,same_task_other,libero_spatial,3,3,10,38,10,7,7,1,133
ablation,validation,2100,same_task_other,libero_spatial,3,3,11,22,11,7,7,1,98
ablation,validation,2100,same_task_other,libero_spatial,3,3,12,16,12,7,7,1,108
ablation,validation,2100,same_task_other,libero_spatial,3,3,13,46,13,7,7,1,116
ablation,validation,2100,same_task_other,libero_spatial,3,3,14,41,14,7,7,1,154
ablation,validation,2100,same_task_other,libero_spatial,3,3,15,27,15,7,7,1,87
ablation,validation,2100,same_task_other,libero_spatial,3,3,16,11,16,7,7,0,220
ablation,validation,2100,same_task_other,libero_spatial,3,3,17,32,17,7,7,1,103
ablation,validation,2100,same_task_other,libero_spatial,3,3,18,36,18,7,7,0,220
ablation,validation,2100,same_task_other,libero_spatial,3,3,19,6,19,7,7,1,90
ablation,validation,2100,same_task_other,libero_spatial,3,3,20,23,20,7,7,0,220
ablation,validation,2100,same_task_other,libero_spatial,3,3,21,47,21,7,7,1,97
ablation,validation,2100,same_task_other,libero_spatial,3,3,22,45,22,7,7,1,98
ablation,validation,2100,same_task_other,libero_spatial,3,3,23,1,23,7,7,1,110
ablation,validation,2100,same_task_other,libero_spatial,3,3,24,20,24,7,7,1,105
ablation,validation,2100,same_task_other,libero_spatial,3,3,25,12,25,7,7,0,220
ablation,validation,2100,same_task_other,libero_spatial,3,3,26,49,26,7,7,1,112
ablation,validation,2100,same_task_other,libero_spatial,3,3,27,39,27,7,7,0,220
ablation,validation,2100,same_task_other,libero_spatial,3,3,28,37,28,7,7,0,220
ablation,validation,2100,same_task_other,libero_spatial,3,3,29,40,29,7,7,1,93
ablation,validation,2100,same_task_other,libero_spatial,3,3,30,26,30,7,7,0,220
ablation,validation,2100,same_task_other,libero_spatial,3,3,31,17,31,7,7,1,128
ablation,validation,2100,same_task_other,libero_spatial,3,3,32,21,32,7,7,1,77
ablation,validation,2100,same_task_other,libero_spatial,3,3,33,14,33,7,7,0,220
ablation,validation,2100,same_task_other,libero_spatial,3,3,34,48,34,7,7,1,96
ablation,validation,2100,same_task_other,libero_spatial,3,3,35,44,35,7,7,1,147
ablation,validation,2100,same_task_other,libero_spatial,3,3,36,34,36,7,7,0,220
ablation,validation,2100,same_task_other,libero_spatial,3,3,37,8,37,7,7,1,103
ablation,validation,2100,same_task_other,libero_spatial,3,3,38,42,38,7,7,1,115
ablation,validation,2100,same_task_other,libero_spatial,3,3,39,2,39,7,7,1,93
ablation,validation,2100,same_task_other,libero_spatial,3,3,40,13,40,7,7,1,111
ablation,validation,2100,same_task_other,libero_spatial,3,3,41,7,41,7,7,0,220
ablation,validation,2100,same_task_other,libero_spatial,3,3,42,9,42,7,7,1,94
ablation,validation,2100,same_task_other,libero_spatial,3,3,43,15,43,7,7,1,90
ablation,validation,2100,same_task_other,libero_spatial,3,3,44,43,44,7,7,0,220
ablation,validation,2100,same_task_other,libero_spatial,3,3,45,28,45,7,7,1,96
ablation,validation,2100,same_task_other,libero_spatial,3,3,46,35,46,7,7,0,220
ablation,validation,2100,same_task_other,libero_spatial,3,3,47,30,47,7,7,1,133
ablation,validation,2100,same_task_other,libero_spatial,3,3,48,29,48,7,7,1,107
ablation,validation,2100,same_task_other,libero_spatial,3,3,49,4,49,7,7,1,111
ablation,validation,1500,cross_suite_wrong,libero_10,31,1,0,47,0,7,7,0,520
ablation,validation,1500,cross_suite_wrong,libero_10,31,1,1,9,1,7,7,0,520
ablation,validation,1500,cross_suite_wrong,libero_10,31,1,2,3,2,7,7,0,520
ablation,validation,1500,cross_suite_wrong,libero_10,31,1,3,32,3,7,7,1,338
ablation,validation,1500,cross_suite_wrong,libero_10,31,1,4,15,4,7,7,0,520
ablation,validation,1500,cross_suite_wrong,libero_10,31,1,5,18,5,7,7,1,386
ablation,validation,1500,cross_suite_wrong,libero_10,31,1,6,34,6,7,7,0,520
ablation,validation,1500,cross_suite_wrong,libero_10,31,1,7,11,7,7,7,0,520
ablation,validation,1500,cross_suite_wrong,libero_10,31,1,8,31,8,7,7,1,360
ablation,validation,1500,cross_suite_wrong,libero_10,31,1,9,45,9,7,7,1,367
ablation,validation,1500,cross_suite_wrong,libero_10,31,1,10,49,10,7,7,1,383
ablation,validation,1500,cross_suite_wrong,libero_10,31,1,11,28,11,7,7,1,351
ablation,validation,1500,cross_suite_wrong,libero_10,31,1,12,39,12,7,7,1,376
ablation,validation,1500,cross_suite_wrong,libero_10,31,1,13,43,13,7,7,1,441
ablation,validation,1500,cross_suite_wrong,libero_10,31,1,14,12,14,7,7,1,520
ablation,validation,1500,cross_suite_wrong,libero_10,31,1,15,38,15,7,7,0,520
ablation,validation,1500,cross_suite_wrong,libero_10,31,1,16,35,16,7,7,1,316
ablation,validation,1500,cross_suite_wrong,libero_10,31,1,17,33,17,7,7,0,520
ablation,validation,1500,cross_suite_wrong,libero_10,31,1,18,42,18,7,7,0,520
ablation,validation,1500,cross_suite_wrong,libero_10,31,1,19,24,19,7,7,0,520
ablation,validation,1500,cross_suite_wrong,libero_10,31,1,20,21,20,7,7,1,383
ablation,validation,1500,cross_suite_wrong,libero_10,31,1,21,23,21,7,7,0,520
ablation,validation,1500,cross_suite_wrong,libero_10,31,1,22,2,22,7,7,0,520
ablation,validation,1500,cross_suite_wrong,libero_10,31,1,23,48,23,7,7,0,520
ablation,validation,1500,cross_suite_wrong,libero_10,31,1,24,0,24,7,7,0,520
ablation,validation,1500,cross_suite_wrong,libero_10,31,1,25,7,25,7,7,1,303
ablation,validation,1500,cross_suite_wrong,libero_10,31,1,26,37,26,7,7,1,357
ablation,validation,1500,cross_suite_wrong,libero_10,31,1,27,4,27,7,7,1,311
ablation,validation,1500,cross_suite_wrong,libero_10,31,1,28,20,28,7,7,0,520
ablation,validation,1500,cross_suite_wrong,libero_10,31,1,29,25,29,7,7,0,520
ablation,validation,1500,cross_suite_wrong,libero_10,31,1,30,46,30,7,7,0,520
ablation,validation,1500,cross_suite_wrong,libero_10,31,1,31,22,31,7,7,0,520
ablation,validation,1500,cross_suite_wrong,libero_10,31,1,32,41,32,7,7,0,520
ablation,validation,1500,cross_suite_wrong,libero_10,31,1,33,40,33,7,7,1,406
ablation,validation,1500,cross_suite_wrong,libero_10,31,1,34,13,34,7,7,0,520
ablation,validation,1500,cross_suite_wrong,libero_10,31,1,35,16,35,7,7,0,520
ablation,validation,1500,cross_suite_wrong,libero_10,31,1,36,10,36,7,7,0,520
ablation,validation,1500,cross_suite_wrong,libero_10,31,1,37,17,37,7,7,1,372
ablation,validation,1500,cross_suite_wrong,libero_10,31,1,38,6,38,7,7,0,520
ablation,validation,1500,cross_suite_wrong,libero_10,31,1,39,27,39,7,7,0,520
ablation,validation,1500,cross_suite_wrong,libero_10,31,1,40,36,40,7,7,0,520
ablation,validation,1500,cross_suite_wrong,libero_10,31,1,41,26,41,7,7,1,396
ablation,validation,1500,cross_suite_wrong,libero_10,31,1,42,44,42,7,7,0,520
ablation,validation,1500,cross_suite_wrong,libero_10,31,1,43,19,43,7,7,0,520
ablation,validation,1500,cross_suite_wrong,libero_10,31,1,44,14,44,7,7,0,520
ablation,validation,1500,cross_suite_wrong,libero_10,31,1,45,8,45,7,7,0,520
ablation,validation,1500,cross_suite_wrong,libero_10,31,1,46,5,46,7,7,1,462
ablation,validation,1500,cross_suite_wrong,libero_10,31,1,47,30,47,7,7,1,405
ablation,validation,1500,cross_suite_wrong,libero_10,31,1,48,29,48,7,7,0,520
ablation,validation,1500,cross_suite_wrong,libero_10,31,1,49,1,49,7,7,0,520
ablation,validation,1500,cross_suite_wrong,libero_10,32,2,0,16,0,7,7,0,520
ablation,validation,1500,cross_suite_wrong,libero_10,32,2,1,35,1,7,7,0,520
ablation,validation,1500,cross_suite_wrong,libero_10,32,2,2,12,2,7,7,0,520
ablation,validation,1500,cross_suite_wrong,libero_10,32,2,3,8,3,7,7,0,520
ablation,validation,1500,cross_suite_wrong,libero_10,32,2,4,37,4,7,7,0,520
ablation,validation,1500,cross_suite_wrong,libero_10,32,2,5,42,5,7,7,0,520
ablation,validation,1500,cross_suite_wrong,libero_10,32,2,6,15,6,7,7,0,520
ablation,validation,1500,cross_suite_wrong,libero_10,32,2,7,43,7,7,7,0,520
ablation,validation,1500,cross_suite_wrong,libero_10,32,2,8,33,8,7,7,0,520
ablation,validation,1500,cross_suite_wrong,libero_10,32,2,9,25,9,7,7,0,520
ablation,validation,1500,cross_suite_wrong,libero_10,32,2,10,3,10,7,7,0,520
ablation,validation,1500,cross_suite_wrong,libero_10,32,2,11,29,11,7,7,0,520
ablation,validation,1500,cross_suite_wrong,libero_10,32,2,12,24,12,7,7,0,520
ablation,validation,1500,cross_suite_wrong,libero_10,32,2,13,28,13,7,7,0,520
ablation,validation,1500,cross_suite_wrong,libero_10,32,2,14,47,14,7,7,0,520
ablation,validation,1500,cross_suite_wrong,libero_10,32,2,15,36,15,7,7,0,520
ablation,validation,1500,cross_suite_wrong,libero_10,32,2,16,18,16,7,7,0,520
ablation,validation,1500,cross_suite_wrong,libero_10,32,2,17,46,17,7,7,0,520
ablation,validation,1500,cross_suite_wrong,libero_10,32,2,18,39,18,7,7,0,520
ablation,validation,1500,cross_suite_wrong,libero_10,32,2,19,31,19,7,7,0,520
ablation,validation,1500,cross_suite_wrong,libero_10,32,2,20,32,20,7,7,0,520
ablation,validation,1500,cross_suite_wrong,libero_10,32,2,21,34,21,7,7,0,520
ablation,validation,1500,cross_suite_wrong,libero_10,32,2,22,19,22,7,7,0,520
ablation,validation,1500,cross_suite_wrong,libero_10,32,2,23,49,23,7,7,0,520
ablation,validation,1500,cross_suite_wrong,libero_10,32,2,24,45,24,7,7,0,520
ablation,validation,1500,cross_suite_wrong,libero_10,32,2,25,21,25,7,7,0,520
ablation,validation,1500,cross_suite_wrong,libero_10,32,2,26,44,26,7,7,0,520
ablation,validation,1500,cross_suite_wrong,libero_10,32,2,27,2,27,7,7,0,520
ablation,validation,1500,cross_suite_wrong,libero_10,32,2,28,38,28,7,7,0,520
ablation,validation,1500,cross_suite_wrong,libero_10,32,2,29,5,29,7,7,0,520
ablation,validation,1500,cross_suite_wrong,libero_10,32,2,30,1,30,7,7,0,520
ablation,validation,1500,cross_suite_wrong,libero_10,32,2,31,27,31,7,7,0,520
ablation,validation,1500,cross_suite_wrong,libero_10,32,2,32,7,32,7,7,0,520
ablation,validation,1500,cross_suite_wrong,libero_10,32,2,33,13,33,7,7,0,520
ablation,validation,1500,cross_suite_wrong,libero_10,32,2,34,23,34,7,7,0,520
ablation,validation,1500,cross_suite_wrong,libero_10,32,2,35,11,35,7,7,0,520
ablation,validation,1500,cross_suite_wrong,libero_10,32,2,36,9,36,7,7,0,520
ablation,validation,1500,cross_suite_wrong,libero_10,32,2,37,0,37,7,7,0,520
ablation,validation,1500,cross_suite_wrong,libero_10,32,2,38,10,38,7,7,0,520
ablation,validation,1500,cross_suite_wrong,libero_10,32,2,39,26,39,7,7,0,520
ablation,validation,1500,cross_suite_wrong,libero_10,32,2,40,4,40,7,7,0,520
ablation,validation,1500,cross_suite_wrong,libero_10,32,2,41,30,41,7,7,0,520
ablation,validation,1500,cross_suite_wrong,libero_10,32,2,42,40,42,7,7,0,520
ablation,validation,1500,cross_suite_wrong,libero_10,32,2,43,22,43,7,7,0,520
ablation,validation,1500,cross_suite_wrong,libero_10,32,2,44,41,44,7,7,0,520
ablation,validation,1500,cross_suite_wrong,libero_10,32,2,45,17,45,7,7,0,520
ablation,validation,1500,cross_suite_wrong,libero_10,32,2,46,20,46,7,7,0,520
ablation,validation,1500,cross_suite_wrong,libero_10,32,2,47,14,47,7,7,0,520
ablation,validation,1500,cross_suite_wrong,libero_10,32,2,48,48,48,7,7,0,520
ablation,validation,1500,cross_suite_wrong,libero_10,32,2,49,6,49,7,7,0,520
ablation,validation,1500,cross_suite_wrong,libero_goal,23,3,0,35,0,7,7,0,300
ablation,validation,1500,cross_suite_wrong,libero_goal,23,3,1,13,1,7,7,0,300
ablation,validation,1500,cross_suite_wrong,libero_goal,23,3,2,15,2,7,7,0,300
ablation,validation,1500,cross_suite_wrong,libero_goal,23,3,3,8,3,7,7,0,300
ablation,validation,1500,cross_suite_wrong,libero_goal,23,3,4,34,4,7,7,0,300
ablation,validation,1500,cross_suite_wrong,libero_goal,23,3,5,28,5,7,7,0,300
ablation,validation,1500,cross_suite_wrong,libero_goal,23,3,6,29,6,7,7,0,300
ablation,validation,1500,cross_suite_wrong,libero_goal,23,3,7,19,7,7,7,0,300
ablation,validation,1500,cross_suite_wrong,libero_goal,23,3,8,17,8,7,7,0,300
ablation,validation,1500,cross_suite_wrong,libero_goal,23,3,9,2,9,7,7,0,300
ablation,validation,1500,cross_suite_wrong,libero_goal,23,3,10,0,10,7,7,0,300
ablation,validation,1500,cross_suite_wrong,libero_goal,23,3,11,31,11,7,7,0,300
ablation,validation,1500,cross_suite_wrong,libero_goal,23,3,12,3,12,7,7,0,300
ablation,validation,1500,cross_suite_wrong,libero_goal,23,3,13,30,13,7,7,0,300
ablation,validation,1500,cross_suite_wrong,libero_goal,23,3,14,5,14,7,7,0,300
ablation,validation,1500,cross_suite_wrong,libero_goal,23,3,15,26,15,7,7,0,300
ablation,validation,1500,cross_suite_wrong,libero_goal,23,3,16,4,16,7,7,0,300
ablation,validation,1500,cross_suite_wrong,libero_goal,23,3,17,9,17,7,7,0,300
ablation,validation,1500,cross_suite_wrong,libero_goal,23,3,18,14,18,7,7,0,300
ablation,validation,1500,cross_suite_wrong,libero_goal,23,3,19,12,19,7,7,0,300
ablation,validation,1500,cross_suite_wrong,libero_goal,23,3,20,27,20,7,7,0,300
ablation,validation,1500,cross_suite_wrong,libero_goal,23,3,21,32,21,7,7,0,300
ablation,validation,1500,cross_suite_wrong,libero_goal,23,3,22,36,22,7,7,0,300
ablation,validation,1500,cross_suite_wrong,libero_goal,23,3,23,44,23,7,7,0,300
ablation,validation,1500,cross_suite_wrong,libero_goal,23,3,24,46,24,7,7,0,300
ablation,validation,1500,cross_suite_wrong,libero_goal,23,3,25,11,25,7,7,0,300
ablation,validation,1500,cross_suite_wrong,libero_goal,23,3,26,41,26,7,7,0,300
ablation,validation,1500,cross_suite_wrong,libero_goal,23,3,27,16,27,7,7,0,300
ablation,validation,1500,cross_suite_wrong,libero_goal,23,3,28,48,28,7,7,0,300
ablation,validation,1500,cross_suite_wrong,libero_goal,23,3,29,23,29,7,7,0,300
ablation,validation,1500,cross_suite_wrong,libero_goal,23,3,30,21,30,7,7,0,300
ablation,validation,1500,cross_suite_wrong,libero_goal,23,3,31,38,31,7,7,0,300
ablation,validation,1500,cross_suite_wrong,libero_goal,23,3,32,22,32,7,7,0,300
ablation,validation,1500,cross_suite_wrong,libero_goal,23,3,33,39,33,7,7,0,300
ablation,validation,1500,cross_suite_wrong,libero_goal,23,3,34,42,34,7,7,0,300
ablation,validation,1500,cross_suite_wrong,libero_goal,23,3,35,18,35,7,7,0,300
ablation,validation,1500,cross_suite_wrong,libero_goal,23,3,36,6,36,7,7,0,300
ablation,validation,1500,cross_suite_wrong,libero_goal,23,3,37,49,37,7,7,0,300
ablation,validation,1500,cross_suite_wrong,libero_goal,23,3,38,33,38,7,7,0,300
ablation,validation,1500,cross_suite_wrong,libero_goal,23,3,39,37,39,7,7,0,300
ablation,validation,1500,cross_suite_wrong,libero_goal,23,3,40,24,40,7,7,0,300
ablation,validation,1500,cross_suite_wrong,libero_goal,23,3,41,7,41,7,7,0,300
ablation,validation,1500,cross_suite_wrong,libero_goal,23,3,42,40,42,7,7,0,300
ablation,validation,1500,cross_suite_wrong,libero_goal,23,3,43,1,43,7,7,0,300
ablation,validation,1500,cross_suite_wrong,libero_goal,23,3,44,20,44,7,7,0,300
ablation,validation,1500,cross_suite_wrong,libero_goal,23,3,45,45,45,7,7,0,300
ablation,validation,1500,cross_suite_wrong,libero_goal,23,3,46,10,46,7,7,0,300
ablation,validation,1500,cross_suite_wrong,libero_goal,23,3,47,47,47,7,7,0,300
ablation,validation,1500,cross_suite_wrong,libero_goal,23,3,48,43,48,7,7,0,300
ablation,validation,1500,cross_suite_wrong,libero_goal,23,3,49,25,49,7,7,0,300
ablation,validation,1500,cross_suite_wrong,libero_goal,26,6,0,45,0,7,7,1,116
ablation,validation,1500,cross_suite_wrong,libero_goal,26,6,1,8,1,7,7,1,178
ablation,validation,1500,cross_suite_wrong,libero_goal,26,6,2,22,2,7,7,1,137
ablation,validation,1500,cross_suite_wrong,libero_goal,26,6,3,34,3,7,7,1,137
ablation,validation,1500,cross_suite_wrong,libero_goal,26,6,4,49,4,7,7,1,113
ablation,validation,1500,cross_suite_wrong,libero_goal,26,6,5,41,5,7,7,0,300
ablation,validation,1500,cross_suite_wrong,libero_goal,26,6,6,9,6,7,7,1,117
ablation,validation,1500,cross_suite_wrong,libero_goal,26,6,7,40,7,7,7,1,97
ablation,validation,1500,cross_suite_wrong,libero_goal,26,6,8,29,8,7,7,1,116
ablation,validation,1500,cross_suite_wrong,libero_goal,26,6,9,26,9,7,7,1,95
ablation,validation,1500,cross_suite_wrong,libero_goal,26,6,10,7,10,7,7,0,300
ablation,validation,1500,cross_suite_wrong,libero_goal,26,6,11,10,11,7,7,1,112
ablation,validation,1500,cross_suite_wrong,libero_goal,26,6,12,44,12,7,7,1,127
ablation,validation,1500,cross_suite_wrong,libero_goal,26,6,13,1,13,7,7,0,300
ablation,validation,1500,cross_suite_wrong,libero_goal,26,6,14,35,14,7,7,0,300
ablation,validation,1500,cross_suite_wrong,libero_goal,26,6,15,20,15,7,7,1,162
ablation,validation,1500,cross_suite_wrong,libero_goal,26,6,16,2,16,7,7,0,300
ablation,validation,1500,cross_suite_wrong,libero_goal,26,6,17,0,17,7,7,0,300
ablation,validation,1500,cross_suite_wrong,libero_goal,26,6,18,23,18,7,7,0,300
ablation,validation,1500,cross_suite_wrong,libero_goal,26,6,19,36,19,7,7,0,300
ablation,validation,1500,cross_suite_wrong,libero_goal,26,6,20,43,20,7,7,0,300
ablation,validation,1500,cross_suite_wrong,libero_goal,26,6,21,21,21,7,7,1,117
ablation,validation,1500,cross_suite_wrong,libero_goal,26,6,22,31,22,7,7,1,113
ablation,validation,1500,cross_suite_wrong,libero_goal,26,6,23,27,23,7,7,1,147
ablation,validation,1500,cross_suite_wrong,libero_goal,26,6,24,47,24,7,7,0,300
ablation,validation,1500,cross_suite_wrong,libero_goal,26,6,25,5,25,7,7,1,91
ablation,validation,1500,cross_suite_wrong,libero_goal,26,6,26,11,26,7,7,1,132
ablation,validation,1500,cross_suite_wrong,libero_goal,26,6,27,24,27,7,7,1,162
ablation,validation,1500,cross_suite_wrong,libero_goal,26,6,28,38,28,7,7,1,109
ablation,validation,1500,cross_suite_wrong,libero_goal,26,6,29,16,29,7,7,1,108
ablation,validation,1500,cross_suite_wrong,libero_goal,26,6,30,39,30,7,7,0,300
ablation,validation,1500,cross_suite_wrong,libero_goal,26,6,31,12,31,7,7,1,147
ablation,validation,1500,cross_suite_wrong,libero_goal,26,6,32,42,32,7,7,0,300
ablation,validation,1500,cross_suite_wrong,libero_goal,26,6,33,48,33,7,7,1,120
ablation,validation,1500,cross_suite_wrong,libero_goal,26,6,34,32,34,7,7,1,130
ablation,validation,1500,cross_suite_wrong,libero_goal,26,6,35,13,35,7,7,1,124
ablation,validation,1500,cross_suite_wrong,libero_goal,26,6,36,4,36,7,7,1,127
ablation,validation,1500,cross_suite_wrong,libero_goal,26,6,37,30,37,7,7,1,119
ablation,validation,1500,cross_suite_wrong,libero_goal,26,6,38,3,38,7,7,1,102
ablation,validation,1500,cross_suite_wrong,libero_goal,26,6,39,46,39,7,7,1,124
ablation,validation,1500,cross_suite_wrong,libero_goal,26,6,40,14,40,7,7,1,143
ablation,validation,1500,cross_suite_wrong,libero_goal,26,6,41,28,41,7,7,1,143
ablation,validation,1500,cross_suite_wrong,libero_goal,26,6,42,19,42,7,7,0,300
ablation,validation,1500,cross_suite_wrong,libero_goal,26,6,43,17,43,7,7,1,131
ablation,validation,1500,cross_suite_wrong,libero_goal,26,6,44,33,44,7,7,1,130
ablation,validation,1500,cross_suite_wrong,libero_goal,26,6,45,37,45,7,7,1,120
ablation,validation,1500,cross_suite_wrong,libero_goal,26,6,46,15,46,7,7,1,118
ablation,validation,1500,cross_suite_wrong,libero_goal,26,6,47,25,47,7,7,1,107
ablation,validation,1500,cross_suite_wrong,libero_goal,26,6,48,6,48,7,7,1,119
ablation,validation,1500,cross_suite_wrong,libero_goal,26,6,49,18,49,7,7,1,203
ablation,validation,1500,cross_suite_wrong,libero_object,11,1,0,34,0,7,7,1,123
ablation,validation,1500,cross_suite_wrong,libero_object,11,1,1,10,1,7,7,0,280
ablation,validation,1500,cross_suite_wrong,libero_object,11,1,2,12,2,7,7,1,153
ablation,validation,1500,cross_suite_wrong,libero_object,11,1,3,2,3,7,7,1,211
ablation,validation,1500,cross_suite_wrong,libero_object,11,1,4,39,4,7,7,1,144
ablation,validation,1500,cross_suite_wrong,libero_object,11,1,5,8,5,7,7,1,185
ablation,validation,1500,cross_suite_wrong,libero_object,11,1,6,35,6,7,7,1,157
ablation,validation,1500,cross_suite_wrong,libero_object,11,1,7,41,7,7,7,1,182
ablation,validation,1500,cross_suite_wrong,libero_object,11,1,8,45,8,7,7,1,164
ablation,validation,1500,cross_suite_wrong,libero_object,11,1,9,16,9,7,7,0,280
ablation,validation,1500,cross_suite_wrong,libero_object,11,1,10,4,10,7,7,1,215
ablation,validation,1500,cross_suite_wrong,libero_object,11,1,11,3,11,7,7,1,258
ablation,validation,1500,cross_suite_wrong,libero_object,11,1,12,30,12,7,7,1,280
ablation,validation,1500,cross_suite_wrong,libero_object,11,1,13,23,13,7,7,1,128
ablation,validation,1500,cross_suite_wrong,libero_object,11,1,14,14,14,7,7,1,142
ablation,validation,1500,cross_suite_wrong,libero_object,11,1,15,48,15,7,7,1,139
ablation,validation,1500,cross_suite_wrong,libero_object,11,1,16,33,16,7,7,1,189
ablation,validation,1500,cross_suite_wrong,libero_object,11,1,17,18,17,7,7,1,243
ablation,validation,1500,cross_suite_wrong,libero_object,11,1,18,13,18,7,7,1,222
ablation,validation,1500,cross_suite_wrong,libero_object,11,1,19,46,19,7,7,1,254
ablation,validation,1500,cross_suite_wrong,libero_object,11,1,20,43,20,7,7,0,280
ablation,validation,1500,cross_suite_wrong,libero_object,11,1,21,28,21,7,7,0,280
ablation,validation,1500,cross_suite_wrong,libero_object,11,1,22,29,22,7,7,1,146
ablation,validation,1500,cross_suite_wrong,libero_object,11,1,23,17,23,7,7,1,202
ablation,validation,1500,cross_suite_wrong,libero_object,11,1,24,37,24,7,7,1,157
ablation,validation,1500,cross_suite_wrong,libero_object,11,1,25,31,25,7,7,1,152
ablation,validation,1500,cross_suite_wrong,libero_object,11,1,26,26,26,7,7,1,158
ablation,validation,1500,cross_suite_wrong,libero_object,11,1,27,40,27,7,7,1,147
ablation,validation,1500,cross_suite_wrong,libero_object,11,1,28,42,28,7,7,1,137
ablation,validation,1500,cross_suite_wrong,libero_object,11,1,29,32,29,7,7,1,144
ablation,validation,1500,cross_suite_wrong,libero_object,11,1,30,24,30,7,7,0,280
ablation,validation,1500,cross_suite_wrong,libero_object,11,1,31,19,31,7,7,1,189
ablation,validation,1500,cross_suite_wrong,libero_object,11,1,32,47,32,7,7,1,209
ablation,validation,1500,cross_suite_wrong,libero_object,11,1,33,38,33,7,7,1,138
ablation,validation,1500,cross_suite_wrong,libero_object,11,1,34,11,34,7,7,1,143
ablation,validation,1500,cross_suite_wrong,libero_object,11,1,35,22,35,7,7,1,147
ablation,validation,1500,cross_suite_wrong,libero_object,11,1,36,25,36,7,7,1,139
ablation,validation,1500,cross_suite_wrong,libero_object,11,1,37,15,37,7,7,1,126
ablation,validation,1500,cross_suite_wrong,libero_object,11,1,38,9,38,7,7,1,174
ablation,validation,1500,cross_suite_wrong,libero_object,11,1,39,5,39,7,7,1,189
ablation,validation,1500,cross_suite_wrong,libero_object,11,1,40,7,40,7,7,1,145
ablation,validation,1500,cross_suite_wrong,libero_object,11,1,41,1,41,7,7,1,129
ablation,validation,1500,cross_suite_wrong,libero_object,11,1,42,27,42,7,7,1,145
ablation,validation,1500,cross_suite_wrong,libero_object,11,1,43,20,43,7,7,1,188
ablation,validation,1500,cross_suite_wrong,libero_object,11,1,44,0,44,7,7,1,147
ablation,validation,1500,cross_suite_wrong,libero_object,11,1,45,49,45,7,7,1,140
ablation,validation,1500,cross_suite_wrong,libero_object,11,1,46,44,46,7,7,1,132
ablation,validation,1500,cross_suite_wrong,libero_object,11,1,47,36,47,7,7,1,148
ablation,validation,1500,cross_suite_wrong,libero_object,11,1,48,6,48,7,7,0,280
ablation,validation,1500,cross_suite_wrong,libero_object,11,1,49,21,49,7,7,0,280
ablation,validation,1500,cross_suite_wrong,libero_object,13,3,0,33,0,7,7,0,280
ablation,validation,1500,cross_suite_wrong,libero_object,13,3,1,20,1,7,7,0,280
ablation,validation,1500,cross_suite_wrong,libero_object,13,3,2,18,2,7,7,0,280
ablation,validation,1500,cross_suite_wrong,libero_object,13,3,3,9,3,7,7,1,145
ablation,validation,1500,cross_suite_wrong,libero_object,13,3,4,42,4,7,7,0,280
ablation,validation,1500,cross_suite_wrong,libero_object,13,3,5,34,5,7,7,0,280
ablation,validation,1500,cross_suite_wrong,libero_object,13,3,6,24,6,7,7,0,280
ablation,validation,1500,cross_suite_wrong,libero_object,13,3,7,28,7,7,7,0,280
ablation,validation,1500,cross_suite_wrong,libero_object,13,3,8,25,8,7,7,0,280
ablation,validation,1500,cross_suite_wrong,libero_object,13,3,9,3,9,7,7,0,280
ablation,validation,1500,cross_suite_wrong,libero_object,13,3,10,16,10,7,7,1,129
ablation,validation,1500,cross_suite_wrong,libero_object,13,3,11,14,11,7,7,0,280
ablation,validation,1500,cross_suite_wrong,libero_object,13,3,12,44,12,7,7,0,280
ablation,validation,1500,cross_suite_wrong,libero_object,13,3,13,8,13,7,7,0,280
ablation,validation,1500,cross_suite_wrong,libero_object,13,3,14,48,14,7,7,1,122
ablation,validation,1500,cross_suite_wrong,libero_object,13,3,15,2,15,7,7,0,280
ablation,validation,1500,cross_suite_wrong,libero_object,13,3,16,36,16,7,7,0,280
ablation,validation,1500,cross_suite_wrong,libero_object,13,3,17,35,17,7,7,0,280
ablation,validation,1500,cross_suite_wrong,libero_object,13,3,18,0,18,7,7,0,280
ablation,validation,1500,cross_suite_wrong,libero_object,13,3,19,47,19,7,7,0,280
ablation,validation,1500,cross_suite_wrong,libero_object,13,3,20,30,20,7,7,0,280
ablation,validation,1500,cross_suite_wrong,libero_object,13,3,21,4,21,7,7,1,134
ablation,validation,1500,cross_suite_wrong,libero_object,13,3,22,13,22,7,7,1,139
ablation,validation,1500,cross_suite_wrong,libero_object,13,3,23,45,23,7,7,0,280
ablation,validation,1500,cross_suite_wrong,libero_object,13,3,24,43,24,7,7,0,280
ablation,validation,1500,cross_suite_wrong,libero_object,13,3,25,5,25,7,7,0,280
ablation,validation,1500,cross_suite_wrong,libero_object,13,3,26,7,26,7,7,0,280
ablation,validation,1500,cross_suite_wrong,libero_object,13,3,27,46,27,7,7,0,280
ablation,validation,1500,cross_suite_wrong,libero_object,13,3,28,15,28,7,7,0,280
ablation,validation,1500,cross_suite_wrong,libero_object,13,3,29,49,29,7,7,0,280
ablation,validation,1500,cross_suite_wrong,libero_object,13,3,30,26,30,7,7,0,280
ablation,validation,1500,cross_suite_wrong,libero_object,13,3,31,10,31,7,7,0,280
ablation,validation,1500,cross_suite_wrong,libero_object,13,3,32,23,32,7,7,0,280
ablation,validation,1500,cross_suite_wrong,libero_object,13,3,33,17,33,7,7,0,280
ablation,validation,1500,cross_suite_wrong,libero_object,13,3,34,1,34,7,7,0,280
ablation,validation,1500,cross_suite_wrong,libero_object,13,3,35,21,35,7,7,0,280
ablation,validation,1500,cross_suite_wrong,libero_object,13,3,36,12,36,7,7,0,280
ablation,validation,1500,cross_suite_wrong,libero_object,13,3,37,11,37,7,7,0,280
ablation,validation,1500,cross_suite_wrong,libero_object,13,3,38,40,38,7,7,0,280
ablation,validation,1500,cross_suite_wrong,libero_object,13,3,39,41,39,7,7,0,280
ablation,validation,1500,cross_suite_wrong,libero_object,13,3,40,19,40,7,7,1,153
ablation,validation,1500,cross_suite_wrong,libero_object,13,3,41,32,41,7,7,0,280
ablation,validation,1500,cross_suite_wrong,libero_object,13,3,42,38,42,7,7,0,280
ablation,validation,1500,cross_suite_wrong,libero_object,13,3,43,22,43,7,7,1,208
ablation,validation,1500,cross_suite_wrong,libero_object,13,3,44,29,44,7,7,0,280
ablation,validation,1500,cross_suite_wrong,libero_object,13,3,45,37,45,7,7,0,280
ablation,validation,1500,cross_suite_wrong,libero_object,13,3,46,31,46,7,7,1,147
ablation,validation,1500,cross_suite_wrong,libero_object,13,3,47,6,47,7,7,1,125
ablation,validation,1500,cross_suite_wrong,libero_object,13,3,48,27,48,7,7,1,146
ablation,validation,1500,cross_suite_wrong,libero_object,13,3,49,39,49,7,7,0,280
ablation,validation,1500,cross_suite_wrong,libero_spatial,1,1,0,1,0,7,7,0,220
ablation,validation,1500,cross_suite_wrong,libero_spatial,1,1,1,21,1,7,7,0,220
ablation,validation,1500,cross_suite_wrong,libero_spatial,1,1,2,39,2,7,7,0,220
ablation,validation,1500,cross_suite_wrong,libero_spatial,1,1,3,14,3,7,7,0,220
ablation,validation,1500,cross_suite_wrong,libero_spatial,1,1,4,2,4,7,7,0,220
ablation,validation,1500,cross_suite_wrong,libero_spatial,1,1,5,34,5,7,7,0,220
ablation,validation,1500,cross_suite_wrong,libero_spatial,1,1,6,40,6,7,7,0,220
ablation,validation,1500,cross_suite_wrong,libero_spatial,1,1,7,8,7,7,7,0,220
ablation,validation,1500,cross_suite_wrong,libero_spatial,1,1,8,4,8,7,7,0,220
ablation,validation,1500,cross_suite_wrong,libero_spatial,1,1,9,42,9,7,7,0,220
ablation,validation,1500,cross_suite_wrong,libero_spatial,1,1,10,44,10,7,7,0,220
ablation,validation,1500,cross_suite_wrong,libero_spatial,1,1,11,24,11,7,7,0,220
ablation,validation,1500,cross_suite_wrong,libero_spatial,1,1,12,36,12,7,7,0,220
ablation,validation,1500,cross_suite_wrong,libero_spatial,1,1,13,37,13,7,7,0,220
ablation,validation,1500,cross_suite_wrong,libero_spatial,1,1,14,18,14,7,7,0,220
ablation,validation,1500,cross_suite_wrong,libero_spatial,1,1,15,31,15,7,7,0,220
ablation,validation,1500,cross_suite_wrong,libero_spatial,1,1,16,33,16,7,7,0,220
ablation,validation,1500,cross_suite_wrong,libero_spatial,1,1,17,9,17,7,7,0,220
ablation,validation,1500,cross_suite_wrong,libero_spatial,1,1,18,6,18,7,7,0,220
ablation,validation,1500,cross_suite_wrong,libero_spatial,1,1,19,7,19,7,7,0,220
ablation,validation,1500,cross_suite_wrong,libero_spatial,1,1,20,27,20,7,7,0,220
ablation,validation,1500,cross_suite_wrong,libero_spatial,1,1,21,20,21,7,7,0,220
ablation,validation,1500,cross_suite_wrong,libero_spatial,1,1,22,38,22,7,7,0,220
ablation,validation,1500,cross_suite_wrong,libero_spatial,1,1,23,46,23,7,7,0,220
ablation,validation,1500,cross_suite_wrong,libero_spatial,1,1,24,17,24,7,7,0,220
ablation,validation,1500,cross_suite_wrong,libero_spatial,1,1,25,41,25,7,7,0,220
ablation,validation,1500,cross_suite_wrong,libero_spatial,1,1,26,0,26,7,7,0,220
ablation,validation,1500,cross_suite_wrong,libero_spatial,1,1,27,30,27,7,7,0,220
ablation,validation,1500,cross_suite_wrong,libero_spatial,1,1,28,22,28,7,7,0,220
ablation,validation,1500,cross_suite_wrong,libero_spatial,1,1,29,12,29,7,7,0,220
ablation,validation,1500,cross_suite_wrong,libero_spatial,1,1,30,47,30,7,7,0,220
ablation,validation,1500,cross_suite_wrong,libero_spatial,1,1,31,45,31,7,7,0,220
ablation,validation,1500,cross_suite_wrong,libero_spatial,1,1,32,32,32,7,7,0,220
ablation,validation,1500,cross_suite_wrong,libero_spatial,1,1,33,43,33,7,7,0,220
ablation,validation,1500,cross_suite_wrong,libero_spatial,1,1,34,3,34,7,7,0,220
ablation,validation,1500,cross_suite_wrong,libero_spatial,1,1,35,11,35,7,7,0,220
ablation,validation,1500,cross_suite_wrong,libero_spatial,1,1,36,48,36,7,7,0,220
ablation,validation,1500,cross_suite_wrong,libero_spatial,1,1,37,28,37,7,7,0,220
ablation,validation,1500,cross_suite_wrong,libero_spatial,1,1,38,35,38,7,7,0,220
ablation,validation,1500,cross_suite_wrong,libero_spatial,1,1,39,29,39,7,7,0,220
ablation,validation,1500,cross_suite_wrong,libero_spatial,1,1,40,15,40,7,7,0,220
ablation,validation,1500,cross_suite_wrong,libero_spatial,1,1,41,5,41,7,7,0,220
ablation,validation,1500,cross_suite_wrong,libero_spatial,1,1,42,26,42,7,7,0,220
ablation,validation,1500,cross_suite_wrong,libero_spatial,1,1,43,19,43,7,7,0,220
ablation,validation,1500,cross_suite_wrong,libero_spatial,1,1,44,23,44,7,7,0,220
ablation,validation,1500,cross_suite_wrong,libero_spatial,1,1,45,10,45,7,7,0,220
ablation,validation,1500,cross_suite_wrong,libero_spatial,1,1,46,16,46,7,7,0,220
ablation,validation,1500,cross_suite_wrong,libero_spatial,1,1,47,25,47,7,7,0,220
ablation,validation,1500,cross_suite_wrong,libero_spatial,1,1,48,49,48,7,7,0,220
ablation,validation,1500,cross_suite_wrong,libero_spatial,1,1,49,13,49,7,7,0,220
ablation,validation,1500,cross_suite_wrong,libero_spatial,3,3,0,2,0,7,7,0,220
ablation,validation,1500,cross_suite_wrong,libero_spatial,3,3,1,36,1,7,7,0,220
ablation,validation,1500,cross_suite_wrong,libero_spatial,3,3,2,43,2,7,7,0,220
ablation,validation,1500,cross_suite_wrong,libero_spatial,3,3,3,16,3,7,7,0,220
ablation,validation,1500,cross_suite_wrong,libero_spatial,3,3,4,7,4,7,7,0,220
ablation,validation,1500,cross_suite_wrong,libero_spatial,3,3,5,8,5,7,7,0,220
ablation,validation,1500,cross_suite_wrong,libero_spatial,3,3,6,14,6,7,7,0,220
ablation,validation,1500,cross_suite_wrong,libero_spatial,3,3,7,38,7,7,7,0,220
ablation,validation,1500,cross_suite_wrong,libero_spatial,3,3,8,33,8,7,7,0,220
ablation,validation,1500,cross_suite_wrong,libero_spatial,3,3,9,1,9,7,7,1,101
ablation,validation,1500,cross_suite_wrong,libero_spatial,3,3,10,21,10,7,7,0,220
ablation,validation,1500,cross_suite_wrong,libero_spatial,3,3,11,5,11,7,7,1,96
ablation,validation,1500,cross_suite_wrong,libero_spatial,3,3,12,49,12,7,7,1,119
ablation,validation,1500,cross_suite_wrong,libero_spatial,3,3,13,29,13,7,7,0,220
ablation,validation,1500,cross_suite_wrong,libero_spatial,3,3,14,24,14,7,7,0,220
ablation,validation,1500,cross_suite_wrong,libero_spatial,3,3,15,10,15,7,7,0,220
ablation,validation,1500,cross_suite_wrong,libero_spatial,3,3,16,44,16,7,7,0,220
ablation,validation,1500,cross_suite_wrong,libero_spatial,3,3,17,15,17,7,7,0,220
ablation,validation,1500,cross_suite_wrong,libero_spatial,3,3,18,19,18,7,7,0,220
ablation,validation,1500,cross_suite_wrong,libero_spatial,3,3,19,39,19,7,7,0,220
ablation,validation,1500,cross_suite_wrong,libero_spatial,3,3,20,6,20,7,7,0,220
ablation,validation,1500,cross_suite_wrong,libero_spatial,3,3,21,30,21,7,7,0,220
ablation,validation,1500,cross_suite_wrong,libero_spatial,3,3,22,28,22,7,7,1,101
ablation,validation,1500,cross_suite_wrong,libero_spatial,3,3,23,34,23,7,7,0,220
ablation,validation,1500,cross_suite_wrong,libero_spatial,3,3,24,3,24,7,7,0,220
ablation,validation,1500,cross_suite_wrong,libero_spatial,3,3,25,45,25,7,7,1,147
ablation,validation,1500,cross_suite_wrong,libero_spatial,3,3,26,32,26,7,7,1,100
ablation,validation,1500,cross_suite_wrong,libero_spatial,3,3,27,22,27,7,7,0,220
ablation,validation,1500,cross_suite_wrong,libero_spatial,3,3,28,20,28,7,7,0,220
ablation,validation,1500,cross_suite_wrong,libero_spatial,3,3,29,23,29,7,7,1,98
ablation,validation,1500,cross_suite_wrong,libero_spatial,3,3,30,9,30,7,7,0,220
ablation,validation,1500,cross_suite_wrong,libero_spatial,3,3,31,0,31,7,7,1,127
ablation,validation,1500,cross_suite_wrong,libero_spatial,3,3,32,4,32,7,7,1,74
ablation,validation,1500,cross_suite_wrong,libero_spatial,3,3,33,47,33,7,7,1,148
ablation,validation,1500,cross_suite_wrong,libero_spatial,3,3,34,31,34,7,7,0,220
ablation,validation,1500,cross_suite_wrong,libero_spatial,3,3,35,27,35,7,7,0,220
ablation,validation,1500,cross_suite_wrong,libero_spatial,3,3,36,17,36,7,7,0,220
ablation,validation,1500,cross_suite_wrong,libero_spatial,3,3,37,41,37,7,7,1,105
ablation,validation,1500,cross_suite_wrong,libero_spatial,3,3,38,25,38,7,7,0,220
ablation,validation,1500,cross_suite_wrong,libero_spatial,3,3,39,35,39,7,7,0,220
ablation,validation,1500,cross_suite_wrong,libero_spatial,3,3,40,46,40,7,7,0,220
ablation,validation,1500,cross_suite_wrong,libero_spatial,3,3,41,40,41,7,7,0,220
ablation,validation,1500,cross_suite_wrong,libero_spatial,3,3,42,42,42,7,7,1,94
ablation,validation,1500,cross_suite_wrong,libero_spatial,3,3,43,48,43,7,7,0,220
ablation,validation,1500,cross_suite_wrong,libero_spatial,3,3,44,26,44,7,7,0,220
ablation,validation,1500,cross_suite_wrong,libero_spatial,3,3,45,11,45,7,7,0,220
ablation,validation,1500,cross_suite_wrong,libero_spatial,3,3,46,18,46,7,7,0,220
ablation,validation,1500,cross_suite_wrong,libero_spatial,3,3,47,13,47,7,7,0,220
ablation,validation,1500,cross_suite_wrong,libero_spatial,3,3,48,12,48,7,7,1,127
ablation,validation,1500,cross_suite_wrong,libero_spatial,3,3,49,37,49,7,7,0,220
ablation,validation,1500,shuffled,libero_10,31,1,0,47,0,7,7,1,295
ablation,validation,1500,shuffled,libero_10,31,1,1,9,1,7,7,0,520
ablation,validation,1500,shuffled,libero_10,31,1,2,3,2,7,7,1,307
ablation,validation,1500,shuffled,libero_10,31,1,3,32,3,7,7,0,520
ablation,validation,1500,shuffled,libero_10,31,1,4,15,4,7,7,1,399
ablation,validation,1500,shuffled,libero_10,31,1,5,18,5,7,7,1,479
ablation,validation,1500,shuffled,libero_10,31,1,6,34,6,7,7,0,520
ablation,validation,1500,shuffled,libero_10,31,1,7,11,7,7,7,0,520
ablation,validation,1500,shuffled,libero_10,31,1,8,31,8,7,7,0,520
ablation,validation,1500,shuffled,libero_10,31,1,9,45,9,7,7,0,520
ablation,validation,1500,shuffled,libero_10,31,1,10,49,10,7,7,1,321
ablation,validation,1500,shuffled,libero_10,31,1,11,28,11,7,7,0,520
ablation,validation,1500,shuffled,libero_10,31,1,12,39,12,7,7,0,520
ablation,validation,1500,shuffled,libero_10,31,1,13,43,13,7,7,0,520
ablation,validation,1500,shuffled,libero_10,31,1,14,12,14,7,7,0,520
ablation,validation,1500,shuffled,libero_10,31,1,15,38,15,7,7,0,520
ablation,validation,1500,shuffled,libero_10,31,1,16,35,16,7,7,0,520
ablation,validation,1500,shuffled,libero_10,31,1,17,33,17,7,7,0,520
ablation,validation,1500,shuffled,libero_10,31,1,18,42,18,7,7,0,520
ablation,validation,1500,shuffled,libero_10,31,1,19,24,19,7,7,0,520
ablation,validation,1500,shuffled,libero_10,31,1,20,21,20,7,7,1,292
ablation,validation,1500,shuffled,libero_10,31,1,21,23,21,7,7,0,520
ablation,validation,1500,shuffled,libero_10,31,1,22,2,22,7,7,0,520
ablation,validation,1500,shuffled,libero_10,31,1,23,48,23,7,7,1,353
ablation,validation,1500,shuffled,libero_10,31,1,24,0,24,7,7,1,291
ablation,validation,1500,shuffled,libero_10,31,1,25,7,25,7,7,0,520
ablation,validation,1500,shuffled,libero_10,31,1,26,37,26,7,7,0,520
ablation,validation,1500,shuffled,libero_10,31,1,27,4,27,7,7,1,411
ablation,validation,1500,shuffled,libero_10,31,1,28,20,28,7,7,1,305
ablation,validation,1500,shuffled,libero_10,31,1,29,25,29,7,7,0,520
ablation,validation,1500,shuffled,libero_10,31,1,30,46,30,7,7,1,476
ablation,validation,1500,shuffled,libero_10,31,1,31,22,31,7,7,1,304
ablation,validation,1500,shuffled,libero_10,31,1,32,41,32,7,7,0,520
ablation,validation,1500,shuffled,libero_10,31,1,33,40,33,7,7,0,520
ablation,validation,1500,shuffled,libero_10,31,1,34,13,34,7,7,1,252
ablation,validation,1500,shuffled,libero_10,31,1,35,16,35,7,7,0,520
ablation,validation,1500,shuffled,libero_10,31,1,36,10,36,7,7,0,520
ablation,validation,1500,shuffled,libero_10,31,1,37,17,37,7,7,1,375
ablation,validation,1500,shuffled,libero_10,31,1,38,6,38,7,7,1,466
ablation,validation,1500,shuffled,libero_10,31,1,39,27,39,7,7,0,520
ablation,validation,1500,shuffled,libero_10,31,1,40,36,40,7,7,0,520
ablation,validation,1500,shuffled,libero_10,31,1,41,26,41,7,7,1,418
ablation,validation,1500,shuffled,libero_10,31,1,42,44,42,7,7,0,520
ablation,validation,1500,shuffled,libero_10,31,1,43,19,43,7,7,1,384
ablation,validation,1500,shuffled,libero_10,31,1,44,14,44,7,7,0,520
ablation,validation,1500,shuffled,libero_10,31,1,45,8,45,7,7,1,271
ablation,validation,1500,shuffled,libero_10,31,1,46,5,46,7,7,0,520
ablation,validation,1500,shuffled,libero_10,31,1,47,30,47,7,7,0,520
ablation,validation,1500,shuffled,libero_10,31,1,48,29,48,7,7,0,520
ablation,validation,1500,shuffled,libero_10,31,1,49,1,49,7,7,0,520
ablation,validation,1500,shuffled,libero_10,32,2,0,16,0,7,7,0,520
ablation,validation,1500,shuffled,libero_10,32,2,1,35,1,7,7,0,520
ablation,validation,1500,shuffled,libero_10,32,2,2,12,2,7,7,0,520
ablation,validation,1500,shuffled,libero_10,32,2,3,8,3,7,7,0,520
ablation,validation,1500,shuffled,libero_10,32,2,4,37,4,7,7,0,520
ablation,validation,1500,shuffled,libero_10,32,2,5,42,5,7,7,0,520
ablation,validation,1500,shuffled,libero_10,32,2,6,15,6,7,7,0,520
ablation,validation,1500,shuffled,libero_10,32,2,7,43,7,7,7,0,520
ablation,validation,1500,shuffled,libero_10,32,2,8,33,8,7,7,0,520
ablation,validation,1500,shuffled,libero_10,32,2,9,25,9,7,7,0,520
ablation,validation,1500,shuffled,libero_10,32,2,10,3,10,7,7,0,520
ablation,validation,1500,shuffled,libero_10,32,2,11,29,11,7,7,0,520
ablation,validation,1500,shuffled,libero_10,32,2,12,24,12,7,7,0,520
ablation,validation,1500,shuffled,libero_10,32,2,13,28,13,7,7,0,520
ablation,validation,1500,shuffled,libero_10,32,2,14,47,14,7,7,0,520
ablation,validation,1500,shuffled,libero_10,32,2,15,36,15,7,7,0,520
ablation,validation,1500,shuffled,libero_10,32,2,16,18,16,7,7,0,520
ablation,validation,1500,shuffled,libero_10,32,2,17,46,17,7,7,0,520
ablation,validation,1500,shuffled,libero_10,32,2,18,39,18,7,7,0,520
ablation,validation,1500,shuffled,libero_10,32,2,19,31,19,7,7,0,520
ablation,validation,1500,shuffled,libero_10,32,2,20,32,20,7,7,0,520
ablation,validation,1500,shuffled,libero_10,32,2,21,34,21,7,7,0,520
ablation,validation,1500,shuffled,libero_10,32,2,22,19,22,7,7,0,520
ablation,validation,1500,shuffled,libero_10,32,2,23,49,23,7,7,0,520
ablation,validation,1500,shuffled,libero_10,32,2,24,45,24,7,7,0,520
ablation,validation,1500,shuffled,libero_10,32,2,25,21,25,7,7,0,520
ablation,validation,1500,shuffled,libero_10,32,2,26,44,26,7,7,0,520
ablation,validation,1500,shuffled,libero_10,32,2,27,2,27,7,7,0,520
ablation,validation,1500,shuffled,libero_10,32,2,28,38,28,7,7,0,520
ablation,validation,1500,shuffled,libero_10,32,2,29,5,29,7,7,0,520
ablation,validation,1500,shuffled,libero_10,32,2,30,1,30,7,7,0,520
ablation,validation,1500,shuffled,libero_10,32,2,31,27,31,7,7,0,520
ablation,validation,1500,shuffled,libero_10,32,2,32,7,32,7,7,0,520
ablation,validation,1500,shuffled,libero_10,32,2,33,13,33,7,7,0,520
ablation,validation,1500,shuffled,libero_10,32,2,34,23,34,7,7,0,520
ablation,validation,1500,shuffled,libero_10,32,2,35,11,35,7,7,0,520
ablation,validation,1500,shuffled,libero_10,32,2,36,9,36,7,7,0,520
ablation,validation,1500,shuffled,libero_10,32,2,37,0,37,7,7,0,520
ablation,validation,1500,shuffled,libero_10,32,2,38,10,38,7,7,0,520
ablation,validation,1500,shuffled,libero_10,32,2,39,26,39,7,7,0,520
ablation,validation,1500,shuffled,libero_10,32,2,40,4,40,7,7,0,520
ablation,validation,1500,shuffled,libero_10,32,2,41,30,41,7,7,0,520
ablation,validation,1500,shuffled,libero_10,32,2,42,40,42,7,7,0,520
ablation,validation,1500,shuffled,libero_10,32,2,43,22,43,7,7,0,520
ablation,validation,1500,shuffled,libero_10,32,2,44,41,44,7,7,0,520
ablation,validation,1500,shuffled,libero_10,32,2,45,17,45,7,7,0,520
ablation,validation,1500,shuffled,libero_10,32,2,46,20,46,7,7,0,520
ablation,validation,1500,shuffled,libero_10,32,2,47,14,47,7,7,0,520
ablation,validation,1500,shuffled,libero_10,32,2,48,48,48,7,7,0,520
ablation,validation,1500,shuffled,libero_10,32,2,49,6,49,7,7,0,520
ablation,validation,1500,shuffled,libero_goal,23,3,0,35,0,7,7,0,300
ablation,validation,1500,shuffled,libero_goal,23,3,1,13,1,7,7,0,300
ablation,validation,1500,shuffled,libero_goal,23,3,2,15,2,7,7,0,300
ablation,validation,1500,shuffled,libero_goal,23,3,3,8,3,7,7,0,300
ablation,validation,1500,shuffled,libero_goal,23,3,4,34,4,7,7,0,300
ablation,validation,1500,shuffled,libero_goal,23,3,5,28,5,7,7,0,300
ablation,validation,1500,shuffled,libero_goal,23,3,6,29,6,7,7,0,300
ablation,validation,1500,shuffled,libero_goal,23,3,7,19,7,7,7,0,300
ablation,validation,1500,shuffled,libero_goal,23,3,8,17,8,7,7,0,300
ablation,validation,1500,shuffled,libero_goal,23,3,9,2,9,7,7,0,300
ablation,validation,1500,shuffled,libero_goal,23,3,10,0,10,7,7,0,300
ablation,validation,1500,shuffled,libero_goal,23,3,11,31,11,7,7,0,300
ablation,validation,1500,shuffled,libero_goal,23,3,12,3,12,7,7,0,300
ablation,validation,1500,shuffled,libero_goal,23,3,13,30,13,7,7,0,300
ablation,validation,1500,shuffled,libero_goal,23,3,14,5,14,7,7,0,300
ablation,validation,1500,shuffled,libero_goal,23,3,15,26,15,7,7,0,300
ablation,validation,1500,shuffled,libero_goal,23,3,16,4,16,7,7,0,300
ablation,validation,1500,shuffled,libero_goal,23,3,17,9,17,7,7,0,300
ablation,validation,1500,shuffled,libero_goal,23,3,18,14,18,7,7,0,300
ablation,validation,1500,shuffled,libero_goal,23,3,19,12,19,7,7,0,300
ablation,validation,1500,shuffled,libero_goal,23,3,20,27,20,7,7,0,300
ablation,validation,1500,shuffled,libero_goal,23,3,21,32,21,7,7,0,300
ablation,validation,1500,shuffled,libero_goal,23,3,22,36,22,7,7,0,300
ablation,validation,1500,shuffled,libero_goal,23,3,23,44,23,7,7,0,300
ablation,validation,1500,shuffled,libero_goal,23,3,24,46,24,7,7,0,300
ablation,validation,1500,shuffled,libero_goal,23,3,25,11,25,7,7,0,300
ablation,validation,1500,shuffled,libero_goal,23,3,26,41,26,7,7,0,300
ablation,validation,1500,shuffled,libero_goal,23,3,27,16,27,7,7,0,300
ablation,validation,1500,shuffled,libero_goal,23,3,28,48,28,7,7,0,300
ablation,validation,1500,shuffled,libero_goal,23,3,29,23,29,7,7,0,300
ablation,validation,1500,shuffled,libero_goal,23,3,30,21,30,7,7,0,300
ablation,validation,1500,shuffled,libero_goal,23,3,31,38,31,7,7,0,300
ablation,validation,1500,shuffled,libero_goal,23,3,32,22,32,7,7,0,300
ablation,validation,1500,shuffled,libero_goal,23,3,33,39,33,7,7,0,300
ablation,validation,1500,shuffled,libero_goal,23,3,34,42,34,7,7,0,300
ablation,validation,1500,shuffled,libero_goal,23,3,35,18,35,7,7,0,300
ablation,validation,1500,shuffled,libero_goal,23,3,36,6,36,7,7,0,300
ablation,validation,1500,shuffled,libero_goal,23,3,37,49,37,7,7,0,300
ablation,validation,1500,shuffled,libero_goal,23,3,38,33,38,7,7,0,300
ablation,validation,1500,shuffled,libero_goal,23,3,39,37,39,7,7,0,300
ablation,validation,1500,shuffled,libero_goal,23,3,40,24,40,7,7,0,300
ablation,validation,1500,shuffled,libero_goal,23,3,41,7,41,7,7,0,300
ablation,validation,1500,shuffled,libero_goal,23,3,42,40,42,7,7,0,300
ablation,validation,1500,shuffled,libero_goal,23,3,43,1,43,7,7,0,300
ablation,validation,1500,shuffled,libero_goal,23,3,44,20,44,7,7,0,300
ablation,validation,1500,shuffled,libero_goal,23,3,45,45,45,7,7,0,300
ablation,validation,1500,shuffled,libero_goal,23,3,46,10,46,7,7,0,300
ablation,validation,1500,shuffled,libero_goal,23,3,47,47,47,7,7,0,300
ablation,validation,1500,shuffled,libero_goal,23,3,48,43,48,7,7,0,300
ablation,validation,1500,shuffled,libero_goal,23,3,49,25,49,7,7,0,300
ablation,validation,1500,shuffled,libero_goal,26,6,0,45,0,7,7,1,115
ablation,validation,1500,shuffled,libero_goal,26,6,1,8,1,7,7,1,105
ablation,validation,1500,shuffled,libero_goal,26,6,2,22,2,7,7,1,137
ablation,validation,1500,shuffled,libero_goal,26,6,3,34,3,7,7,0,300
ablation,validation,1500,shuffled,libero_goal,26,6,4,49,4,7,7,1,102
ablation,validation,1500,shuffled,libero_goal,26,6,5,41,5,7,7,1,131
ablation,validation,1500,shuffled,libero_goal,26,6,6,9,6,7,7,1,114
ablation,validation,1500,shuffled,libero_goal,26,6,7,40,7,7,7,1,121
ablation,validation,1500,shuffled,libero_goal,26,6,8,29,8,7,7,1,171
ablation,validation,1500,shuffled,libero_goal,26,6,9,26,9,7,7,1,91
ablation,validation,1500,shuffled,libero_goal,26,6,10,7,10,7,7,1,94
ablation,validation,1500,shuffled,libero_goal,26,6,11,10,11,7,7,0,300
ablation,validation,1500,shuffled,libero_goal,26,6,12,44,12,7,7,1,104
ablation,validation,1500,shuffled,libero_goal,26,6,13,1,13,7,7,0,300
ablation,validation,1500,shuffled,libero_goal,26,6,14,35,14,7,7,1,118
ablation,validation,1500,shuffled,libero_goal,26,6,15,20,15,7,7,1,107
ablation,validation,1500,shuffled,libero_goal,26,6,16,2,16,7,7,1,160
ablation,validation,1500,shuffled,libero_goal,26,6,17,0,17,7,7,1,212
ablation,validation,1500,shuffled,libero_goal,26,6,18,23,18,7,7,1,182
ablation,validation,1500,shuffled,libero_goal,26,6,19,36,19,7,7,1,162
ablation,validation,1500,shuffled,libero_goal,26,6,20,43,20,7,7,0,300
ablation,validation,1500,shuffled,libero_goal,26,6,21,21,21,7,7,1,95
ablation,validation,1500,shuffled,libero_goal,26,6,22,31,22,7,7,1,133
ablation,validation,1500,shuffled,libero_goal,26,6,23,27,23,7,7,1,138
ablation,validation,1500,shuffled,libero_goal,26,6,24,47,24,7,7,0,300
ablation,validation,1500,shuffled,libero_goal,26,6,25,5,25,7,7,1,157
ablation,validation,1500,shuffled,libero_goal,26,6,26,11,26,7,7,1,142
ablation,validation,1500,shuffled,libero_goal,26,6,27,24,27,7,7,1,131
ablation,validation,1500,shuffled,libero_goal,26,6,28,38,28,7,7,0,300
ablation,validation,1500,shuffled,libero_goal,26,6,29,16,29,7,7,0,300
ablation,validation,1500,shuffled,libero_goal,26,6,30,39,30,7,7,1,93
ablation,validation,1500,shuffled,libero_goal,26,6,31,12,31,7,7,1,85
ablation,validation,1500,shuffled,libero_goal,26,6,32,42,32,7,7,0,300
ablation,validation,1500,shuffled,libero_goal,26,6,33,48,33,7,7,1,75
ablation,validation,1500,shuffled,libero_goal,26,6,34,32,34,7,7,1,125
ablation,validation,1500,shuffled,libero_goal,26,6,35,13,35,7,7,0,300
ablation,validation,1500,shuffled,libero_goal,26,6,36,4,36,7,7,1,107
ablation,validation,1500,shuffled,libero_goal,26,6,37,30,37,7,7,0,300
ablation,validation,1500,shuffled,libero_goal,26,6,38,3,38,7,7,1,88
ablation,validation,1500,shuffled,libero_goal,26,6,39,46,39,7,7,1,124
ablation,validation,1500,shuffled,libero_goal,26,6,40,14,40,7,7,1,148
ablation,validation,1500,shuffled,libero_goal,26,6,41,28,41,7,7,1,142
ablation,validation,1500,shuffled,libero_goal,26,6,42,19,42,7,7,1,136
ablation,validation,1500,shuffled,libero_goal,26,6,43,17,43,7,7,0,300
ablation,validation,1500,shuffled,libero_goal,26,6,44,33,44,7,7,1,131
ablation,validation,1500,shuffled,libero_goal,26,6,45,37,45,7,7,1,102
ablation,validation,1500,shuffled,libero_goal,26,6,46,15,46,7,7,0,300
ablation,validation,1500,shuffled,libero_goal,26,6,47,25,47,7,7,1,75
ablation,validation,1500,shuffled,libero_goal,26,6,48,6,48,7,7,0,300
ablation,validation,1500,shuffled,libero_goal,26,6,49,18,49,7,7,1,232
ablation,validation,1500,shuffled,libero_object,11,1,0,34,0,7,7,1,162
ablation,validation,1500,shuffled,libero_object,11,1,1,10,1,7,7,0,280
ablation,validation,1500,shuffled,libero_object,11,1,2,12,2,7,7,1,233
ablation,validation,1500,shuffled,libero_object,11,1,3,2,3,7,7,0,280
ablation,validation,1500,shuffled,libero_object,11,1,4,39,4,7,7,1,140
ablation,validation,1500,shuffled,libero_object,11,1,5,8,5,7,7,0,280
ablation,validation,1500,shuffled,libero_object,11,1,6,35,6,7,7,0,280
ablation,validation,1500,shuffled,libero_object,11,1,7,41,7,7,7,1,238
ablation,validation,1500,shuffled,libero_object,11,1,8,45,8,7,7,1,145
ablation,validation,1500,shuffled,libero_object,11,1,9,16,9,7,7,1,160
ablation,validation,1500,shuffled,libero_object,11,1,10,4,10,7,7,0,280
ablation,validation,1500,shuffled,libero_object,11,1,11,3,11,7,7,0,280
ablation,validation,1500,shuffled,libero_object,11,1,12,30,12,7,7,1,228
ablation,validation,1500,shuffled,libero_object,11,1,13,23,13,7,7,1,213
ablation,validation,1500,shuffled,libero_object,11,1,14,14,14,7,7,0,280
ablation,validation,1500,shuffled,libero_object,11,1,15,48,15,7,7,1,248
ablation,validation,1500,shuffled,libero_object,11,1,16,33,16,7,7,1,204
ablation,validation,1500,shuffled,libero_object,11,1,17,18,17,7,7,0,280
ablation,validation,1500,shuffled,libero_object,11,1,18,13,18,7,7,0,280
ablation,validation,1500,shuffled,libero_object,11,1,19,46,19,7,7,0,280
ablation,validation,1500,shuffled,libero_object,11,1,20,43,20,7,7,1,185
ablation,validation,1500,shuffled,libero_object,11,1,21,28,21,7,7,0,280
ablation,validation,1500,shuffled,libero_object,11,1,22,29,22,7,7,1,193
ablation,validation,1500,shuffled,libero_object,11,1,23,17,23,7,7,0,280
ablation,validation,1500,shuffled,libero_object,11,1,24,37,24,7,7,1,212
ablation,validation,1500,shuffled,libero_object,11,1,25,31,25,7,7,0,280
ablation,validation,1500,shuffled,libero_object,11,1,26,26,26,7,7,0,280
ablation,validation,1500,shuffled,libero_object,11,1,27,40,27,7,7,0,280
ablation,validation,1500,shuffled,libero_object,11,1,28,42,28,7,7,1,243
ablation,validation,1500,shuffled,libero_object,11,1,29,32,29,7,7,0,280
ablation,validation,1500,shuffled,libero_object,11,1,30,24,30,7,7,0,280
ablation,validation,1500,shuffled,libero_object,11,1,31,19,31,7,7,1,190
ablation,validation,1500,shuffled,libero_object,11,1,32,47,32,7,7,0,280
ablation,validation,1500,shuffled,libero_object,11,1,33,38,33,7,7,0,280
ablation,validation,1500,shuffled,libero_object,11,1,34,11,34,7,7,0,280
ablation,validation,1500,shuffled,libero_object,11,1,35,22,35,7,7,1,263
ablation,validation,1500,shuffled,libero_object,11,1,36,25,36,7,7,0,280
ablation,validation,1500,shuffled,libero_object,11,1,37,15,37,7,7,0,280
ablation,validation,1500,shuffled,libero_object,11,1,38,9,38,7,7,1,174
ablation,validation,1500,shuffled,libero_object,11,1,39,5,39,7,7,1,222
ablation,validation,1500,shuffled,libero_object,11,1,40,7,40,7,7,0,280
ablation,validation,1500,shuffled,libero_object,11,1,41,1,41,7,7,0,280
ablation,validation,1500,shuffled,libero_object,11,1,42,27,42,7,7,0,280
ablation,validation,1500,shuffled,libero_object,11,1,43,20,43,7,7,1,238
ablation,validation,1500,shuffled,libero_object,11,1,44,0,44,7,7,1,142
ablation,validation,1500,shuffled,libero_object,11,1,45,49,45,7,7,1,218
ablation,validation,1500,shuffled,libero_object,11,1,46,44,46,7,7,1,157
ablation,validation,1500,shuffled,libero_object,11,1,47,36,47,7,7,1,215
ablation,validation,1500,shuffled,libero_object,11,1,48,6,48,7,7,0,280
ablation,validation,1500,shuffled,libero_object,11,1,49,21,49,7,7,1,172
ablation,validation,1500,shuffled,libero_object,13,3,0,33,0,7,7,0,280
ablation,validation,1500,shuffled,libero_object,13,3,1,20,1,7,7,0,280
ablation,validation,1500,shuffled,libero_object,13,3,2,18,2,7,7,0,280
ablation,validation,1500,shuffled,libero_object,13,3,3,9,3,7,7,1,191
ablation,validation,1500,shuffled,libero_object,13,3,4,42,4,7,7,0,280
ablation,validation,1500,shuffled,libero_object,13,3,5,34,5,7,7,0,280
ablation,validation,1500,shuffled,libero_object,13,3,6,24,6,7,7,1,140
ablation,validation,1500,shuffled,libero_object,13,3,7,28,7,7,7,0,280
ablation,validation,1500,shuffled,libero_object,13,3,8,25,8,7,7,0,280
ablation,validation,1500,shuffled,libero_object,13,3,9,3,9,7,7,0,280
ablation,validation,1500,shuffled,libero_object,13,3,10,16,10,7,7,1,120
ablation,validation,1500,shuffled,libero_object,13,3,11,14,11,7,7,0,280
ablation,validation,1500,shuffled,libero_object,13,3,12,44,12,7,7,0,280
ablation,validation,1500,shuffled,libero_object,13,3,13,8,13,7,7,0,280
ablation,validation,1500,shuffled,libero_object,13,3,14,48,14,7,7,1,136
ablation,validation,1500,shuffled,libero_object,13,3,15,2,15,7,7,1,236
ablation,validation,1500,shuffled,libero_object,13,3,16,36,16,7,7,0,280
ablation,validation,1500,shuffled,libero_object,13,3,17,35,17,7,7,0,280
ablation,validation,1500,shuffled,libero_object,13,3,18,0,18,7,7,0,280
ablation,validation,1500,shuffled,libero_object,13,3,19,47,19,7,7,0,280
ablation,validation,1500,shuffled,libero_object,13,3,20,30,20,7,7,1,140
ablation,validation,1500,shuffled,libero_object,13,3,21,4,21,7,7,0,280
ablation,validation,1500,shuffled,libero_object,13,3,22,13,22,7,7,1,209
ablation,validation,1500,shuffled,libero_object,13,3,23,45,23,7,7,1,180
ablation,validation,1500,shuffled,libero_object,13,3,24,43,24,7,7,1,128
ablation,validation,1500,shuffled,libero_object,13,3,25,5,25,7,7,0,280
ablation,validation,1500,shuffled,libero_object,13,3,26,7,26,7,7,0,280
ablation,validation,1500,shuffled,libero_object,13,3,27,46,27,7,7,0,280
ablation,validation,1500,shuffled,libero_object,13,3,28,15,28,7,7,0,280
ablation,validation,1500,shuffled,libero_object,13,3,29,49,29,7,7,0,280
ablation,validation,1500,shuffled,libero_object,13,3,30,26,30,7,7,0,280
ablation,validation,1500,shuffled,libero_object,13,3,31,10,31,7,7,0,280
ablation,validation,1500,shuffled,libero_object,13,3,32,23,32,7,7,0,280
ablation,validation,1500,shuffled,libero_object,13,3,33,17,33,7,7,0,280
ablation,validation,1500,shuffled,libero_object,13,3,34,1,34,7,7,1,141
ablation,validation,1500,shuffled,libero_object,13,3,35,21,35,7,7,0,280
ablation,validation,1500,shuffled,libero_object,13,3,36,12,36,7,7,0,280
ablation,validation,1500,shuffled,libero_object,13,3,37,11,37,7,7,0,280
ablation,validation,1500,shuffled,libero_object,13,3,38,40,38,7,7,0,280
ablation,validation,1500,shuffled,libero_object,13,3,39,41,39,7,7,0,280
ablation,validation,1500,shuffled,libero_object,13,3,40,19,40,7,7,0,280
ablation,validation,1500,shuffled,libero_object,13,3,41,32,41,7,7,0,280
ablation,validation,1500,shuffled,libero_object,13,3,42,38,42,7,7,0,280
ablation,validation,1500,shuffled,libero_object,13,3,43,22,43,7,7,0,280
ablation,validation,1500,shuffled,libero_object,13,3,44,29,44,7,7,0,280
ablation,validation,1500,shuffled,libero_object,13,3,45,37,45,7,7,0,280
ablation,validation,1500,shuffled,libero_object,13,3,46,31,46,7,7,0,280
ablation,validation,1500,shuffled,libero_object,13,3,47,6,47,7,7,0,280
ablation,validation,1500,shuffled,libero_object,13,3,48,27,48,7,7,0,280
ablation,validation,1500,shuffled,libero_object,13,3,49,39,49,7,7,0,280
ablation,validation,1500,shuffled,libero_spatial,1,1,0,1,0,7,7,0,220
ablation,validation,1500,shuffled,libero_spatial,1,1,1,21,1,7,7,0,220
ablation,validation,1500,shuffled,libero_spatial,1,1,2,39,2,7,7,0,220
ablation,validation,1500,shuffled,libero_spatial,1,1,3,14,3,7,7,0,220
ablation,validation,1500,shuffled,libero_spatial,1,1,4,2,4,7,7,0,220
ablation,validation,1500,shuffled,libero_spatial,1,1,5,34,5,7,7,0,220
ablation,validation,1500,shuffled,libero_spatial,1,1,6,40,6,7,7,0,220
ablation,validation,1500,shuffled,libero_spatial,1,1,7,8,7,7,7,0,220
ablation,validation,1500,shuffled,libero_spatial,1,1,8,4,8,7,7,0,220
ablation,validation,1500,shuffled,libero_spatial,1,1,9,42,9,7,7,0,220
ablation,validation,1500,shuffled,libero_spatial,1,1,10,44,10,7,7,0,220
ablation,validation,1500,shuffled,libero_spatial,1,1,11,24,11,7,7,0,220
ablation,validation,1500,shuffled,libero_spatial,1,1,12,36,12,7,7,0,220
ablation,validation,1500,shuffled,libero_spatial,1,1,13,37,13,7,7,0,220
ablation,validation,1500,shuffled,libero_spatial,1,1,14,18,14,7,7,0,220
ablation,validation,1500,shuffled,libero_spatial,1,1,15,31,15,7,7,0,220
ablation,validation,1500,shuffled,libero_spatial,1,1,16,33,16,7,7,0,220
ablation,validation,1500,shuffled,libero_spatial,1,1,17,9,17,7,7,0,220
ablation,validation,1500,shuffled,libero_spatial,1,1,18,6,18,7,7,0,220
ablation,validation,1500,shuffled,libero_spatial,1,1,19,7,19,7,7,0,220
ablation,validation,1500,shuffled,libero_spatial,1,1,20,27,20,7,7,0,220
ablation,validation,1500,shuffled,libero_spatial,1,1,21,20,21,7,7,0,220
ablation,validation,1500,shuffled,libero_spatial,1,1,22,38,22,7,7,0,220
ablation,validation,1500,shuffled,libero_spatial,1,1,23,46,23,7,7,0,220
ablation,validation,1500,shuffled,libero_spatial,1,1,24,17,24,7,7,0,220
ablation,validation,1500,shuffled,libero_spatial,1,1,25,41,25,7,7,0,220
ablation,validation,1500,shuffled,libero_spatial,1,1,26,0,26,7,7,0,220
ablation,validation,1500,shuffled,libero_spatial,1,1,27,30,27,7,7,0,220
ablation,validation,1500,shuffled,libero_spatial,1,1,28,22,28,7,7,0,220
ablation,validation,1500,shuffled,libero_spatial,1,1,29,12,29,7,7,0,220
ablation,validation,1500,shuffled,libero_spatial,1,1,30,47,30,7,7,0,220
ablation,validation,1500,shuffled,libero_spatial,1,1,31,45,31,7,7,0,220
ablation,validation,1500,shuffled,libero_spatial,1,1,32,32,32,7,7,0,220
ablation,validation,1500,shuffled,libero_spatial,1,1,33,43,33,7,7,0,220
ablation,validation,1500,shuffled,libero_spatial,1,1,34,3,34,7,7,0,220
ablation,validation,1500,shuffled,libero_spatial,1,1,35,11,35,7,7,0,220
ablation,validation,1500,shuffled,libero_spatial,1,1,36,48,36,7,7,0,220
ablation,validation,1500,shuffled,libero_spatial,1,1,37,28,37,7,7,0,220
ablation,validation,1500,shuffled,libero_spatial,1,1,38,35,38,7,7,0,220
ablation,validation,1500,shuffled,libero_spatial,1,1,39,29,39,7,7,0,220
ablation,validation,1500,shuffled,libero_spatial,1,1,40,15,40,7,7,0,220
ablation,validation,1500,shuffled,libero_spatial,1,1,41,5,41,7,7,0,220
ablation,validation,1500,shuffled,libero_spatial,1,1,42,26,42,7,7,0,220
ablation,validation,1500,shuffled,libero_spatial,1,1,43,19,43,7,7,0,220
ablation,validation,1500,shuffled,libero_spatial,1,1,44,23,44,7,7,0,220
ablation,validation,1500,shuffled,libero_spatial,1,1,45,10,45,7,7,0,220
ablation,validation,1500,shuffled,libero_spatial,1,1,46,16,46,7,7,0,220
ablation,validation,1500,shuffled,libero_spatial,1,1,47,25,47,7,7,0,220
ablation,validation,1500,shuffled,libero_spatial,1,1,48,49,48,7,7,0,220
ablation,validation,1500,shuffled,libero_spatial,1,1,49,13,49,7,7,0,220
ablation,validation,1500,shuffled,libero_spatial,3,3,0,2,0,7,7,0,220
ablation,validation,1500,shuffled,libero_spatial,3,3,1,36,1,7,7,0,220
ablation,validation,1500,shuffled,libero_spatial,3,3,2,43,2,7,7,1,105
ablation,validation,1500,shuffled,libero_spatial,3,3,3,16,3,7,7,1,100
ablation,validation,1500,shuffled,libero_spatial,3,3,4,7,4,7,7,0,220
ablation,validation,1500,shuffled,libero_spatial,3,3,5,8,5,7,7,0,220
ablation,validation,1500,shuffled,libero_spatial,3,3,6,14,6,7,7,1,148
ablation,validation,1500,shuffled,libero_spatial,3,3,7,38,7,7,7,1,114
ablation,validation,1500,shuffled,libero_spatial,3,3,8,33,8,7,7,0,220
ablation,validation,1500,shuffled,libero_spatial,3,3,9,1,9,7,7,0,220
ablation,validation,1500,shuffled,libero_spatial,3,3,10,21,10,7,7,1,125
ablation,validation,1500,shuffled,libero_spatial,3,3,11,5,11,7,7,0,220
ablation,validation,1500,shuffled,libero_spatial,3,3,12,49,12,7,7,0,220
ablation,validation,1500,shuffled,libero_spatial,3,3,13,29,13,7,7,0,220
ablation,validation,1500,shuffled,libero_spatial,3,3,14,24,14,7,7,0,220
ablation,validation,1500,shuffled,libero_spatial,3,3,15,10,15,7,7,0,220
ablation,validation,1500,shuffled,libero_spatial,3,3,16,44,16,7,7,1,88
ablation,validation,1500,shuffled,libero_spatial,3,3,17,15,17,7,7,0,220
ablation,validation,1500,shuffled,libero_spatial,3,3,18,19,18,7,7,0,220
ablation,validation,1500,shuffled,libero_spatial,3,3,19,39,19,7,7,0,220
ablation,validation,1500,shuffled,libero_spatial,3,3,20,6,20,7,7,1,189
ablation,validation,1500,shuffled,libero_spatial,3,3,21,30,21,7,7,0,220
ablation,validation,1500,shuffled,libero_spatial,3,3,22,28,22,7,7,0,220
ablation,validation,1500,shuffled,libero_spatial,3,3,23,34,23,7,7,1,110
ablation,validation,1500,shuffled,libero_spatial,3,3,24,3,24,7,7,0,220
ablation,validation,1500,shuffled,libero_spatial,3,3,25,45,25,7,7,0,220
ablation,validation,1500,shuffled,libero_spatial,3,3,26,32,26,7,7,0,220
ablation,validation,1500,shuffled,libero_spatial,3,3,27,22,27,7,7,0,220
ablation,validation,1500,shuffled,libero_spatial,3,3,28,20,28,7,7,0,220
ablation,validation,1500,shuffled,libero_spatial,3,3,29,23,29,7,7,0,220
ablation,validation,1500,shuffled,libero_spatial,3,3,30,9,30,7,7,0,220
ablation,validation,1500,shuffled,libero_spatial,3,3,31,0,31,7,7,0,220
ablation,validation,1500,shuffled,libero_spatial,3,3,32,4,32,7,7,1,78
ablation,validation,1500,shuffled,libero_spatial,3,3,33,47,33,7,7,0,220
ablation,validation,1500,shuffled,libero_spatial,3,3,34,31,34,7,7,1,164
ablation,validation,1500,shuffled,libero_spatial,3,3,35,27,35,7,7,0,220
ablation,validation,1500,shuffled,libero_spatial,3,3,36,17,36,7,7,0,220
ablation,validation,1500,shuffled,libero_spatial,3,3,37,41,37,7,7,1,187
ablation,validation,1500,shuffled,libero_spatial,3,3,38,25,38,7,7,0,220
ablation,validation,1500,shuffled,libero_spatial,3,3,39,35,39,7,7,0,220
ablation,validation,1500,shuffled,libero_spatial,3,3,40,46,40,7,7,0,220
ablation,validation,1500,shuffled,libero_spatial,3,3,41,40,41,7,7,0,220
ablation,validation,1500,shuffled,libero_spatial,3,3,42,42,42,7,7,1,95
ablation,validation,1500,shuffled,libero_spatial,3,3,43,48,43,7,7,1,117
ablation,validation,1500,shuffled,libero_spatial,3,3,44,26,44,7,7,0,220
ablation,validation,1500,shuffled,libero_spatial,3,3,45,11,45,7,7,0,220
ablation,validation,1500,shuffled,libero_spatial,3,3,46,18,46,7,7,0,220
ablation,validation,1500,shuffled,libero_spatial,3,3,47,13,47,7,7,1,139
ablation,validation,1500,shuffled,libero_spatial,3,3,48,12,48,7,7,1,113
ablation,validation,1500,shuffled,libero_spatial,3,3,49,37,49,7,7,0,220
ablation,validation,1500,reversed,libero_10,31,1,0,47,0,7,7,0,520
ablation,validation,1500,reversed,libero_10,31,1,1,9,1,7,7,0,520
ablation,validation,1500,reversed,libero_10,31,1,2,3,2,7,7,0,520
ablation,validation,1500,reversed,libero_10,31,1,3,32,3,7,7,0,520
ablation,validation,1500,reversed,libero_10,31,1,4,15,4,7,7,0,520
ablation,validation,1500,reversed,libero_10,31,1,5,18,5,7,7,0,520
ablation,validation,1500,reversed,libero_10,31,1,6,34,6,7,7,0,520
ablation,validation,1500,reversed,libero_10,31,1,7,11,7,7,7,0,520
ablation,validation,1500,reversed,libero_10,31,1,8,31,8,7,7,0,520
ablation,validation,1500,reversed,libero_10,31,1,9,45,9,7,7,1,468
ablation,validation,1500,reversed,libero_10,31,1,10,49,10,7,7,0,520
ablation,validation,1500,reversed,libero_10,31,1,11,28,11,7,7,1,347
ablation,validation,1500,reversed,libero_10,31,1,12,39,12,7,7,0,520
ablation,validation,1500,reversed,libero_10,31,1,13,43,13,7,7,1,347
ablation,validation,1500,reversed,libero_10,31,1,14,12,14,7,7,0,520
ablation,validation,1500,reversed,libero_10,31,1,15,38,15,7,7,0,520
ablation,validation,1500,reversed,libero_10,31,1,16,35,16,7,7,1,299
ablation,validation,1500,reversed,libero_10,31,1,17,33,17,7,7,0,520
ablation,validation,1500,reversed,libero_10,31,1,18,42,18,7,7,0,520
ablation,validation,1500,reversed,libero_10,31,1,19,24,19,7,7,1,458
ablation,validation,1500,reversed,libero_10,31,1,20,21,20,7,7,1,302
ablation,validation,1500,reversed,libero_10,31,1,21,23,21,7,7,0,520
ablation,validation,1500,reversed,libero_10,31,1,22,2,22,7,7,0,520
ablation,validation,1500,reversed,libero_10,31,1,23,48,23,7,7,0,520
ablation,validation,1500,reversed,libero_10,31,1,24,0,24,7,7,1,398
ablation,validation,1500,reversed,libero_10,31,1,25,7,25,7,7,0,520
ablation,validation,1500,reversed,libero_10,31,1,26,37,26,7,7,1,491
ablation,validation,1500,reversed,libero_10,31,1,27,4,27,7,7,1,347
ablation,validation,1500,reversed,libero_10,31,1,28,20,28,7,7,0,520
ablation,validation,1500,reversed,libero_10,31,1,29,25,29,7,7,1,507
ablation,validation,1500,reversed,libero_10,31,1,30,46,30,7,7,0,520
ablation,validation,1500,reversed,libero_10,31,1,31,22,31,7,7,0,520
ablation,validation,1500,reversed,libero_10,31,1,32,41,32,7,7,0,520
ablation,validation,1500,reversed,libero_10,31,1,33,40,33,7,7,0,520
ablation,validation,1500,reversed,libero_10,31,1,34,13,34,7,7,1,282
ablation,validation,1500,reversed,libero_10,31,1,35,16,35,7,7,1,448
ablation,validation,1500,reversed,libero_10,31,1,36,10,36,7,7,0,520
ablation,validation,1500,reversed,libero_10,31,1,37,17,37,7,7,0,520
ablation,validation,1500,reversed,libero_10,31,1,38,6,38,7,7,0,520
ablation,validation,1500,reversed,libero_10,31,1,39,27,39,7,7,0,520
ablation,validation,1500,reversed,libero_10,31,1,40,36,40,7,7,0,520
ablation,validation,1500,reversed,libero_10,31,1,41,26,41,7,7,0,520
ablation,validation,1500,reversed,libero_10,31,1,42,44,42,7,7,0,520
ablation,validation,1500,reversed,libero_10,31,1,43,19,43,7,7,1,472
ablation,validation,1500,reversed,libero_10,31,1,44,14,44,7,7,1,393
ablation,validation,1500,reversed,libero_10,31,1,45,8,45,7,7,0,520
ablation,validation,1500,reversed,libero_10,31,1,46,5,46,7,7,1,507
ablation,validation,1500,reversed,libero_10,31,1,47,30,47,7,7,0,520
ablation,validation,1500,reversed,libero_10,31,1,48,29,48,7,7,0,520
ablation,validation,1500,reversed,libero_10,31,1,49,1,49,7,7,0,520
ablation,validation,1500,reversed,libero_10,32,2,0,16,0,7,7,0,520
ablation,validation,1500,reversed,libero_10,32,2,1,35,1,7,7,0,520
ablation,validation,1500,reversed,libero_10,32,2,2,12,2,7,7,0,520
ablation,validation,1500,reversed,libero_10,32,2,3,8,3,7,7,0,520
ablation,validation,1500,reversed,libero_10,32,2,4,37,4,7,7,0,520
ablation,validation,1500,reversed,libero_10,32,2,5,42,5,7,7,0,520
ablation,validation,1500,reversed,libero_10,32,2,6,15,6,7,7,0,520
ablation,validation,1500,reversed,libero_10,32,2,7,43,7,7,7,0,520
ablation,validation,1500,reversed,libero_10,32,2,8,33,8,7,7,0,520
ablation,validation,1500,reversed,libero_10,32,2,9,25,9,7,7,0,520
ablation,validation,1500,reversed,libero_10,32,2,10,3,10,7,7,0,520
ablation,validation,1500,reversed,libero_10,32,2,11,29,11,7,7,0,520
ablation,validation,1500,reversed,libero_10,32,2,12,24,12,7,7,0,520
ablation,validation,1500,reversed,libero_10,32,2,13,28,13,7,7,0,520
ablation,validation,1500,reversed,libero_10,32,2,14,47,14,7,7,0,520
ablation,validation,1500,reversed,libero_10,32,2,15,36,15,7,7,0,520
ablation,validation,1500,reversed,libero_10,32,2,16,18,16,7,7,0,520
ablation,validation,1500,reversed,libero_10,32,2,17,46,17,7,7,0,520
ablation,validation,1500,reversed,libero_10,32,2,18,39,18,7,7,0,520
ablation,validation,1500,reversed,libero_10,32,2,19,31,19,7,7,0,520
ablation,validation,1500,reversed,libero_10,32,2,20,32,20,7,7,0,520
ablation,validation,1500,reversed,libero_10,32,2,21,34,21,7,7,0,520
ablation,validation,1500,reversed,libero_10,32,2,22,19,22,7,7,0,520
ablation,validation,1500,reversed,libero_10,32,2,23,49,23,7,7,0,520
ablation,validation,1500,reversed,libero_10,32,2,24,45,24,7,7,0,520
ablation,validation,1500,reversed,libero_10,32,2,25,21,25,7,7,0,520
ablation,validation,1500,reversed,libero_10,32,2,26,44,26,7,7,0,520
ablation,validation,1500,reversed,libero_10,32,2,27,2,27,7,7,0,520
ablation,validation,1500,reversed,libero_10,32,2,28,38,28,7,7,0,520
ablation,validation,1500,reversed,libero_10,32,2,29,5,29,7,7,0,520
ablation,validation,1500,reversed,libero_10,32,2,30,1,30,7,7,0,520
ablation,validation,1500,reversed,libero_10,32,2,31,27,31,7,7,0,520
ablation,validation,1500,reversed,libero_10,32,2,32,7,32,7,7,0,520
ablation,validation,1500,reversed,libero_10,32,2,33,13,33,7,7,0,520
ablation,validation,1500,reversed,libero_10,32,2,34,23,34,7,7,0,520
ablation,validation,1500,reversed,libero_10,32,2,35,11,35,7,7,0,520
ablation,validation,1500,reversed,libero_10,32,2,36,9,36,7,7,0,520
ablation,validation,1500,reversed,libero_10,32,2,37,0,37,7,7,0,520
ablation,validation,1500,reversed,libero_10,32,2,38,10,38,7,7,0,520
ablation,validation,1500,reversed,libero_10,32,2,39,26,39,7,7,0,520
ablation,validation,1500,reversed,libero_10,32,2,40,4,40,7,7,0,520
ablation,validation,1500,reversed,libero_10,32,2,41,30,41,7,7,0,520
ablation,validation,1500,reversed,libero_10,32,2,42,40,42,7,7,0,520
ablation,validation,1500,reversed,libero_10,32,2,43,22,43,7,7,0,520
ablation,validation,1500,reversed,libero_10,32,2,44,41,44,7,7,0,520
ablation,validation,1500,reversed,libero_10,32,2,45,17,45,7,7,0,520
ablation,validation,1500,reversed,libero_10,32,2,46,20,46,7,7,0,520
ablation,validation,1500,reversed,libero_10,32,2,47,14,47,7,7,0,520
ablation,validation,1500,reversed,libero_10,32,2,48,48,48,7,7,0,520
ablation,validation,1500,reversed,libero_10,32,2,49,6,49,7,7,0,520
ablation,validation,1500,reversed,libero_goal,23,3,0,35,0,7,7,0,300
ablation,validation,1500,reversed,libero_goal,23,3,1,13,1,7,7,0,300
ablation,validation,1500,reversed,libero_goal,23,3,2,15,2,7,7,0,300
ablation,validation,1500,reversed,libero_goal,23,3,3,8,3,7,7,0,300
ablation,validation,1500,reversed,libero_goal,23,3,4,34,4,7,7,0,300
ablation,validation,1500,reversed,libero_goal,23,3,5,28,5,7,7,0,300
ablation,validation,1500,reversed,libero_goal,23,3,6,29,6,7,7,0,300
ablation,validation,1500,reversed,libero_goal,23,3,7,19,7,7,7,0,300
ablation,validation,1500,reversed,libero_goal,23,3,8,17,8,7,7,0,300
ablation,validation,1500,reversed,libero_goal,23,3,9,2,9,7,7,0,300
ablation,validation,1500,reversed,libero_goal,23,3,10,0,10,7,7,0,300
ablation,validation,1500,reversed,libero_goal,23,3,11,31,11,7,7,0,300
ablation,validation,1500,reversed,libero_goal,23,3,12,3,12,7,7,0,300
ablation,validation,1500,reversed,libero_goal,23,3,13,30,13,7,7,0,300
ablation,validation,1500,reversed,libero_goal,23,3,14,5,14,7,7,0,300
ablation,validation,1500,reversed,libero_goal,23,3,15,26,15,7,7,0,300
ablation,validation,1500,reversed,libero_goal,23,3,16,4,16,7,7,0,300
ablation,validation,1500,reversed,libero_goal,23,3,17,9,17,7,7,0,300
ablation,validation,1500,reversed,libero_goal,23,3,18,14,18,7,7,0,300
ablation,validation,1500,reversed,libero_goal,23,3,19,12,19,7,7,0,300
ablation,validation,1500,reversed,libero_goal,23,3,20,27,20,7,7,0,300
ablation,validation,1500,reversed,libero_goal,23,3,21,32,21,7,7,0,300
ablation,validation,1500,reversed,libero_goal,23,3,22,36,22,7,7,0,300
ablation,validation,1500,reversed,libero_goal,23,3,23,44,23,7,7,0,300
ablation,validation,1500,reversed,libero_goal,23,3,24,46,24,7,7,0,300
ablation,validation,1500,reversed,libero_goal,23,3,25,11,25,7,7,0,300
ablation,validation,1500,reversed,libero_goal,23,3,26,41,26,7,7,0,300
ablation,validation,1500,reversed,libero_goal,23,3,27,16,27,7,7,0,300
ablation,validation,1500,reversed,libero_goal,23,3,28,48,28,7,7,0,300
ablation,validation,1500,reversed,libero_goal,23,3,29,23,29,7,7,0,300
ablation,validation,1500,reversed,libero_goal,23,3,30,21,30,7,7,0,300
ablation,validation,1500,reversed,libero_goal,23,3,31,38,31,7,7,0,300
ablation,validation,1500,reversed,libero_goal,23,3,32,22,32,7,7,0,300
ablation,validation,1500,reversed,libero_goal,23,3,33,39,33,7,7,0,300
ablation,validation,1500,reversed,libero_goal,23,3,34,42,34,7,7,0,300
ablation,validation,1500,reversed,libero_goal,23,3,35,18,35,7,7,0,300
ablation,validation,1500,reversed,libero_goal,23,3,36,6,36,7,7,0,300
ablation,validation,1500,reversed,libero_goal,23,3,37,49,37,7,7,0,300
ablation,validation,1500,reversed,libero_goal,23,3,38,33,38,7,7,0,300
ablation,validation,1500,reversed,libero_goal,23,3,39,37,39,7,7,0,300
ablation,validation,1500,reversed,libero_goal,23,3,40,24,40,7,7,0,300
ablation,validation,1500,reversed,libero_goal,23,3,41,7,41,7,7,0,300
ablation,validation,1500,reversed,libero_goal,23,3,42,40,42,7,7,0,300
ablation,validation,1500,reversed,libero_goal,23,3,43,1,43,7,7,0,300
ablation,validation,1500,reversed,libero_goal,23,3,44,20,44,7,7,0,300
ablation,validation,1500,reversed,libero_goal,23,3,45,45,45,7,7,0,300
ablation,validation,1500,reversed,libero_goal,23,3,46,10,46,7,7,0,300
ablation,validation,1500,reversed,libero_goal,23,3,47,47,47,7,7,0,300
ablation,validation,1500,reversed,libero_goal,23,3,48,43,48,7,7,0,300
ablation,validation,1500,reversed,libero_goal,23,3,49,25,49,7,7,0,300
ablation,validation,1500,reversed,libero_goal,26,6,0,45,0,7,7,1,116
ablation,validation,1500,reversed,libero_goal,26,6,1,8,1,7,7,1,151
ablation,validation,1500,reversed,libero_goal,26,6,2,22,2,7,7,1,136
ablation,validation,1500,reversed,libero_goal,26,6,3,34,3,7,7,1,134
ablation,validation,1500,reversed,libero_goal,26,6,4,49,4,7,7,1,107
ablation,validation,1500,reversed,libero_goal,26,6,5,41,5,7,7,0,300
ablation,validation,1500,reversed,libero_goal,26,6,6,9,6,7,7,1,138
ablation,validation,1500,reversed,libero_goal,26,6,7,40,7,7,7,1,139
ablation,validation,1500,reversed,libero_goal,26,6,8,29,8,7,7,1,122
ablation,validation,1500,reversed,libero_goal,26,6,9,26,9,7,7,1,91
ablation,validation,1500,reversed,libero_goal,26,6,10,7,10,7,7,0,300
ablation,validation,1500,reversed,libero_goal,26,6,11,10,11,7,7,0,300
ablation,validation,1500,reversed,libero_goal,26,6,12,44,12,7,7,1,127
ablation,validation,1500,reversed,libero_goal,26,6,13,1,13,7,7,0,300
ablation,validation,1500,reversed,libero_goal,26,6,14,35,14,7,7,1,120
ablation,validation,1500,reversed,libero_goal,26,6,15,20,15,7,7,0,300
ablation,validation,1500,reversed,libero_goal,26,6,16,2,16,7,7,0,300
ablation,validation,1500,reversed,libero_goal,26,6,17,0,17,7,7,0,300
ablation,validation,1500,reversed,libero_goal,26,6,18,23,18,7,7,1,121
ablation,validation,1500,reversed,libero_goal,26,6,19,36,19,7,7,0,300
ablation,validation,1500,reversed,libero_goal,26,6,20,43,20,7,7,1,127
ablation,validation,1500,reversed,libero_goal,26,6,21,21,21,7,7,1,191
ablation,validation,1500,reversed,libero_goal,26,6,22,31,22,7,7,1,135
ablation,validation,1500,reversed,libero_goal,26,6,23,27,23,7,7,1,183
ablation,validation,1500,reversed,libero_goal,26,6,24,47,24,7,7,1,137
ablation,validation,1500,reversed,libero_goal,26,6,25,5,25,7,7,0,300
ablation,validation,1500,reversed,libero_goal,26,6,26,11,26,7,7,1,132
ablation,validation,1500,reversed,libero_goal,26,6,27,24,27,7,7,1,110
ablation,validation,1500,reversed,libero_goal,26,6,28,38,28,7,7,1,116
ablation,validation,1500,reversed,libero_goal,26,6,29,16,29,7,7,0,300
ablation,validation,1500,reversed,libero_goal,26,6,30,39,30,7,7,1,122
ablation,validation,1500,reversed,libero_goal,26,6,31,12,31,7,7,1,152
ablation,validation,1500,reversed,libero_goal,26,6,32,42,32,7,7,1,131
ablation,validation,1500,reversed,libero_goal,26,6,33,48,33,7,7,1,122
ablation,validation,1500,reversed,libero_goal,26,6,34,32,34,7,7,0,300
ablation,validation,1500,reversed,libero_goal,26,6,35,13,35,7,7,1,146
ablation,validation,1500,reversed,libero_goal,26,6,36,4,36,7,7,1,131
ablation,validation,1500,reversed,libero_goal,26,6,37,30,37,7,7,1,116
ablation,validation,1500,reversed,libero_goal,26,6,38,3,38,7,7,0,300
ablation,validation,1500,reversed,libero_goal,26,6,39,46,39,7,7,1,135
ablation,validation,1500,reversed,libero_goal,26,6,40,14,40,7,7,1,140
ablation,validation,1500,reversed,libero_goal,26,6,41,28,41,7,7,1,130
ablation,validation,1500,reversed,libero_goal,26,6,42,19,42,7,7,0,300
ablation,validation,1500,reversed,libero_goal,26,6,43,17,43,7,7,0,300
ablation,validation,1500,reversed,libero_goal,26,6,44,33,44,7,7,1,166
ablation,validation,1500,reversed,libero_goal,26,6,45,37,45,7,7,1,120
ablation,validation,1500,reversed,libero_goal,26,6,46,15,46,7,7,0,300
ablation,validation,1500,reversed,libero_goal,26,6,47,25,47,7,7,1,156
ablation,validation,1500,reversed,libero_goal,26,6,48,6,48,7,7,0,300
ablation,validation,1500,reversed,libero_goal,26,6,49,18,49,7,7,0,300
ablation,validation,1500,reversed,libero_object,11,1,0,34,0,7,7,0,280
ablation,validation,1500,reversed,libero_object,11,1,1,10,1,7,7,0,280
ablation,validation,1500,reversed,libero_object,11,1,2,12,2,7,7,0,280
ablation,validation,1500,reversed,libero_object,11,1,3,2,3,7,7,0,280
ablation,validation,1500,reversed,libero_object,11,1,4,39,4,7,7,1,174
ablation,validation,1500,reversed,libero_object,11,1,5,8,5,7,7,0,280
ablation,validation,1500,reversed,libero_object,11,1,6,35,6,7,7,1,173
ablation,validation,1500,reversed,libero_object,11,1,7,41,7,7,7,0,280
ablation,validation,1500,reversed,libero_object,11,1,8,45,8,7,7,1,184
ablation,validation,1500,reversed,libero_object,11,1,9,16,9,7,7,1,200
ablation,validation,1500,reversed,libero_object,11,1,10,4,10,7,7,0,280
ablation,validation,1500,reversed,libero_object,11,1,11,3,11,7,7,1,141
ablation,validation,1500,reversed,libero_object,11,1,12,30,12,7,7,0,280
ablation,validation,1500,reversed,libero_object,11,1,13,23,13,7,7,1,202
ablation,validation,1500,reversed,libero_object,11,1,14,14,14,7,7,0,280
ablation,validation,1500,reversed,libero_object,11,1,15,48,15,7,7,1,139
ablation,validation,1500,reversed,libero_object,11,1,16,33,16,7,7,1,173
ablation,validation,1500,reversed,libero_object,11,1,17,18,17,7,7,0,280
ablation,validation,1500,reversed,libero_object,11,1,18,13,18,7,7,1,264
ablation,validation,1500,reversed,libero_object,11,1,19,46,19,7,7,0,280
ablation,validation,1500,reversed,libero_object,11,1,20,43,20,7,7,0,280
ablation,validation,1500,reversed,libero_object,11,1,21,28,21,7,7,0,280
ablation,validation,1500,reversed,libero_object,11,1,22,29,22,7,7,1,196
ablation,validation,1500,reversed,libero_object,11,1,23,17,23,7,7,0,280
ablation,validation,1500,reversed,libero_object,11,1,24,37,24,7,7,1,136
ablation,validation,1500,reversed,libero_object,11,1,25,31,25,7,7,0,280
ablation,validation,1500,reversed,libero_object,11,1,26,26,26,7,7,0,280
ablation,validation,1500,reversed,libero_object,11,1,27,40,27,7,7,0,280
ablation,validation,1500,reversed,libero_object,11,1,28,42,28,7,7,0,280
ablation,validation,1500,reversed,libero_object,11,1,29,32,29,7,7,1,153
ablation,validation,1500,reversed,libero_object,11,1,30,24,30,7,7,0,280
ablation,validation,1500,reversed,libero_object,11,1,31,19,31,7,7,0,280
ablation,validation,1500,reversed,libero_object,11,1,32,47,32,7,7,0,280
ablation,validation,1500,reversed,libero_object,11,1,33,38,33,7,7,1,198
ablation,validation,1500,reversed,libero_object,11,1,34,11,34,7,7,0,280
ablation,validation,1500,reversed,libero_object,11,1,35,22,35,7,7,0,280
ablation,validation,1500,reversed,libero_object,11,1,36,25,36,7,7,1,203
ablation,validation,1500,reversed,libero_object,11,1,37,15,37,7,7,1,178
ablation,validation,1500,reversed,libero_object,11,1,38,9,38,7,7,0,280
ablation,validation,1500,reversed,libero_object,11,1,39,5,39,7,7,0,280
ablation,validation,1500,reversed,libero_object,11,1,40,7,40,7,7,0,280
ablation,validation,1500,reversed,libero_object,11,1,41,1,41,7,7,1,219
ablation,validation,1500,reversed,libero_object,11,1,42,27,42,7,7,1,208
ablation,validation,1500,reversed,libero_object,11,1,43,20,43,7,7,0,280
ablation,validation,1500,reversed,libero_object,11,1,44,0,44,7,7,1,148
ablation,validation,1500,reversed,libero_object,11,1,45,49,45,7,7,1,197
ablation,validation,1500,reversed,libero_object,11,1,46,44,46,7,7,1,242
ablation,validation,1500,reversed,libero_object,11,1,47,36,47,7,7,1,170
ablation,validation,1500,reversed,libero_object,11,1,48,6,48,7,7,1,214
ablation,validation,1500,reversed,libero_object,11,1,49,21,49,7,7,0,280
ablation,validation,1500,reversed,libero_object,13,3,0,33,0,7,7,0,280
ablation,validation,1500,reversed,libero_object,13,3,1,20,1,7,7,0,280
ablation,validation,1500,reversed,libero_object,13,3,2,18,2,7,7,1,136
ablation,validation,1500,reversed,libero_object,13,3,3,9,3,7,7,0,280
ablation,validation,1500,reversed,libero_object,13,3,4,42,4,7,7,0,280
ablation,validation,1500,reversed,libero_object,13,3,5,34,5,7,7,0,280
ablation,validation,1500,reversed,libero_object,13,3,6,24,6,7,7,1,140
ablation,validation,1500,reversed,libero_object,13,3,7,28,7,7,7,0,280
ablation,validation,1500,reversed,libero_object,13,3,8,25,8,7,7,0,280
ablation,validation,1500,reversed,libero_object,13,3,9,3,9,7,7,1,137
ablation,validation,1500,reversed,libero_object,13,3,10,16,10,7,7,1,141
ablation,validation,1500,reversed,libero_object,13,3,11,14,11,7,7,0,280
ablation,validation,1500,reversed,libero_object,13,3,12,44,12,7,7,1,152
ablation,validation,1500,reversed,libero_object,13,3,13,8,13,7,7,0,280
ablation,validation,1500,reversed,libero_object,13,3,14,48,14,7,7,1,127
ablation,validation,1500,reversed,libero_object,13,3,15,2,15,7,7,0,280
ablation,validation,1500,reversed,libero_object,13,3,16,36,16,7,7,0,280
ablation,validation,1500,reversed,libero_object,13,3,17,35,17,7,7,1,268
ablation,validation,1500,reversed,libero_object,13,3,18,0,18,7,7,0,280
ablation,validation,1500,reversed,libero_object,13,3,19,47,19,7,7,0,280
ablation,validation,1500,reversed,libero_object,13,3,20,30,20,7,7,0,280
ablation,validation,1500,reversed,libero_object,13,3,21,4,21,7,7,0,280
ablation,validation,1500,reversed,libero_object,13,3,22,13,22,7,7,0,280
ablation,validation,1500,reversed,libero_object,13,3,23,45,23,7,7,1,177
ablation,validation,1500,reversed,libero_object,13,3,24,43,24,7,7,1,128
ablation,validation,1500,reversed,libero_object,13,3,25,5,25,7,7,0,280
ablation,validation,1500,reversed,libero_object,13,3,26,7,26,7,7,0,280
ablation,validation,1500,reversed,libero_object,13,3,27,46,27,7,7,0,280
ablation,validation,1500,reversed,libero_object,13,3,28,15,28,7,7,0,280
ablation,validation,1500,reversed,libero_object,13,3,29,49,29,7,7,0,280
ablation,validation,1500,reversed,libero_object,13,3,30,26,30,7,7,1,137
ablation,validation,1500,reversed,libero_object,13,3,31,10,31,7,7,1,127
ablation,validation,1500,reversed,libero_object,13,3,32,23,32,7,7,0,280
ablation,validation,1500,reversed,libero_object,13,3,33,17,33,7,7,0,280
ablation,validation,1500,reversed,libero_object,13,3,34,1,34,7,7,1,115
ablation,validation,1500,reversed,libero_object,13,3,35,21,35,7,7,0,280
ablation,validation,1500,reversed,libero_object,13,3,36,12,36,7,7,0,280
ablation,validation,1500,reversed,libero_object,13,3,37,11,37,7,7,0,280
ablation,validation,1500,reversed,libero_object,13,3,38,40,38,7,7,1,136
ablation,validation,1500,reversed,libero_object,13,3,39,41,39,7,7,0,280
ablation,validation,1500,reversed,libero_object,13,3,40,19,40,7,7,0,280
ablation,validation,1500,reversed,libero_object,13,3,41,32,41,7,7,0,280
ablation,validation,1500,reversed,libero_object,13,3,42,38,42,7,7,0,280
ablation,validation,1500,reversed,libero_object,13,3,43,22,43,7,7,0,280
ablation,validation,1500,reversed,libero_object,13,3,44,29,44,7,7,0,280
ablation,validation,1500,reversed,libero_object,13,3,45,37,45,7,7,1,159
ablation,validation,1500,reversed,libero_object,13,3,46,31,46,7,7,0,280
ablation,validation,1500,reversed,libero_object,13,3,47,6,47,7,7,0,280
ablation,validation,1500,reversed,libero_object,13,3,48,27,48,7,7,1,145
ablation,validation,1500,reversed,libero_object,13,3,49,39,49,7,7,0,280
ablation,validation,1500,reversed,libero_spatial,1,1,0,1,0,7,7,0,220
ablation,validation,1500,reversed,libero_spatial,1,1,1,21,1,7,7,0,220
ablation,validation,1500,reversed,libero_spatial,1,1,2,39,2,7,7,0,220
ablation,validation,1500,reversed,libero_spatial,1,1,3,14,3,7,7,0,220
ablation,validation,1500,reversed,libero_spatial,1,1,4,2,4,7,7,0,220
ablation,validation,1500,reversed,libero_spatial,1,1,5,34,5,7,7,0,220
ablation,validation,1500,reversed,libero_spatial,1,1,6,40,6,7,7,0,220
ablation,validation,1500,reversed,libero_spatial,1,1,7,8,7,7,7,0,220
ablation,validation,1500,reversed,libero_spatial,1,1,8,4,8,7,7,0,220
ablation,validation,1500,reversed,libero_spatial,1,1,9,42,9,7,7,0,220
ablation,validation,1500,reversed,libero_spatial,1,1,10,44,10,7,7,0,220
ablation,validation,1500,reversed,libero_spatial,1,1,11,24,11,7,7,0,220
ablation,validation,1500,reversed,libero_spatial,1,1,12,36,12,7,7,0,220
ablation,validation,1500,reversed,libero_spatial,1,1,13,37,13,7,7,0,220
ablation,validation,1500,reversed,libero_spatial,1,1,14,18,14,7,7,0,220
ablation,validation,1500,reversed,libero_spatial,1,1,15,31,15,7,7,0,220
ablation,validation,1500,reversed,libero_spatial,1,1,16,33,16,7,7,0,220
ablation,validation,1500,reversed,libero_spatial,1,1,17,9,17,7,7,0,220
ablation,validation,1500,reversed,libero_spatial,1,1,18,6,18,7,7,0,220
ablation,validation,1500,reversed,libero_spatial,1,1,19,7,19,7,7,0,220
ablation,validation,1500,reversed,libero_spatial,1,1,20,27,20,7,7,0,220
ablation,validation,1500,reversed,libero_spatial,1,1,21,20,21,7,7,0,220
ablation,validation,1500,reversed,libero_spatial,1,1,22,38,22,7,7,0,220
ablation,validation,1500,reversed,libero_spatial,1,1,23,46,23,7,7,0,220
ablation,validation,1500,reversed,libero_spatial,1,1,24,17,24,7,7,0,220
ablation,validation,1500,reversed,libero_spatial,1,1,25,41,25,7,7,0,220
ablation,validation,1500,reversed,libero_spatial,1,1,26,0,26,7,7,0,220
ablation,validation,1500,reversed,libero_spatial,1,1,27,30,27,7,7,0,220
ablation,validation,1500,reversed,libero_spatial,1,1,28,22,28,7,7,0,220
ablation,validation,1500,reversed,libero_spatial,1,1,29,12,29,7,7,0,220
ablation,validation,1500,reversed,libero_spatial,1,1,30,47,30,7,7,0,220
ablation,validation,1500,reversed,libero_spatial,1,1,31,45,31,7,7,0,220
ablation,validation,1500,reversed,libero_spatial,1,1,32,32,32,7,7,0,220
ablation,validation,1500,reversed,libero_spatial,1,1,33,43,33,7,7,0,220
ablation,validation,1500,reversed,libero_spatial,1,1,34,3,34,7,7,0,220
ablation,validation,1500,reversed,libero_spatial,1,1,35,11,35,7,7,0,220
ablation,validation,1500,reversed,libero_spatial,1,1,36,48,36,7,7,0,220
ablation,validation,1500,reversed,libero_spatial,1,1,37,28,37,7,7,0,220
ablation,validation,1500,reversed,libero_spatial,1,1,38,35,38,7,7,0,220
ablation,validation,1500,reversed,libero_spatial,1,1,39,29,39,7,7,0,220
ablation,validation,1500,reversed,libero_spatial,1,1,40,15,40,7,7,0,220
ablation,validation,1500,reversed,libero_spatial,1,1,41,5,41,7,7,0,220
ablation,validation,1500,reversed,libero_spatial,1,1,42,26,42,7,7,0,220
ablation,validation,1500,reversed,libero_spatial,1,1,43,19,43,7,7,0,220
ablation,validation,1500,reversed,libero_spatial,1,1,44,23,44,7,7,0,220
ablation,validation,1500,reversed,libero_spatial,1,1,45,10,45,7,7,0,220
ablation,validation,1500,reversed,libero_spatial,1,1,46,16,46,7,7,0,220
ablation,validation,1500,reversed,libero_spatial,1,1,47,25,47,7,7,0,220
ablation,validation,1500,reversed,libero_spatial,1,1,48,49,48,7,7,0,220
ablation,validation,1500,reversed,libero_spatial,1,1,49,13,49,7,7,0,220
ablation,validation,1500,reversed,libero_spatial,3,3,0,2,0,7,7,0,220
ablation,validation,1500,reversed,libero_spatial,3,3,1,36,1,7,7,0,220
ablation,validation,1500,reversed,libero_spatial,3,3,2,43,2,7,7,0,220
ablation,validation,1500,reversed,libero_spatial,3,3,3,16,3,7,7,0,220
ablation,validation,1500,reversed,libero_spatial,3,3,4,7,4,7,7,0,220
ablation,validation,1500,reversed,libero_spatial,3,3,5,8,5,7,7,0,220
ablation,validation,1500,reversed,libero_spatial,3,3,6,14,6,7,7,0,220
ablation,validation,1500,reversed,libero_spatial,3,3,7,38,7,7,7,0,220
ablation,validation,1500,reversed,libero_spatial,3,3,8,33,8,7,7,0,220
ablation,validation,1500,reversed,libero_spatial,3,3,9,1,9,7,7,0,220
ablation,validation,1500,reversed,libero_spatial,3,3,10,21,10,7,7,0,220
ablation,validation,1500,reversed,libero_spatial,3,3,11,5,11,7,7,0,220
ablation,validation,1500,reversed,libero_spatial,3,3,12,49,12,7,7,0,220
ablation,validation,1500,reversed,libero_spatial,3,3,13,29,13,7,7,0,220
ablation,validation,1500,reversed,libero_spatial,3,3,14,24,14,7,7,0,220
ablation,validation,1500,reversed,libero_spatial,3,3,15,10,15,7,7,0,220
ablation,validation,1500,reversed,libero_spatial,3,3,16,44,16,7,7,0,220
ablation,validation,1500,reversed,libero_spatial,3,3,17,15,17,7,7,0,220
ablation,validation,1500,reversed,libero_spatial,3,3,18,19,18,7,7,0,220
ablation,validation,1500,reversed,libero_spatial,3,3,19,39,19,7,7,0,220
ablation,validation,1500,reversed,libero_spatial,3,3,20,6,20,7,7,0,220
ablation,validation,1500,reversed,libero_spatial,3,3,21,30,21,7,7,0,220
ablation,validation,1500,reversed,libero_spatial,3,3,22,28,22,7,7,0,220
ablation,validation,1500,reversed,libero_spatial,3,3,23,34,23,7,7,0,220
ablation,validation,1500,reversed,libero_spatial,3,3,24,3,24,7,7,0,220
ablation,validation,1500,reversed,libero_spatial,3,3,25,45,25,7,7,0,220
ablation,validation,1500,reversed,libero_spatial,3,3,26,32,26,7,7,0,220
ablation,validation,1500,reversed,libero_spatial,3,3,27,22,27,7,7,0,220
ablation,validation,1500,reversed,libero_spatial,3,3,28,20,28,7,7,0,220
ablation,validation,1500,reversed,libero_spatial,3,3,29,23,29,7,7,0,220
ablation,validation,1500,reversed,libero_spatial,3,3,30,9,30,7,7,0,220
ablation,validation,1500,reversed,libero_spatial,3,3,31,0,31,7,7,0,220
ablation,validation,1500,reversed,libero_spatial,3,3,32,4,32,7,7,1,134
ablation,validation,1500,reversed,libero_spatial,3,3,33,47,33,7,7,0,220
ablation,validation,1500,reversed,libero_spatial,3,3,34,31,34,7,7,0,220
ablation,validation,1500,reversed,libero_spatial,3,3,35,27,35,7,7,0,220
ablation,validation,1500,reversed,libero_spatial,3,3,36,17,36,7,7,0,220
ablation,validation,1500,reversed,libero_spatial,3,3,37,41,37,7,7,0,220
ablation,validation,1500,reversed,libero_spatial,3,3,38,25,38,7,7,0,220
ablation,validation,1500,reversed,libero_spatial,3,3,39,35,39,7,7,0,220
ablation,validation,1500,reversed,libero_spatial,3,3,40,46,40,7,7,0,220
ablation,validation,1500,reversed,libero_spatial,3,3,41,40,41,7,7,0,220
ablation,validation,1500,reversed,libero_spatial,3,3,42,42,42,7,7,0,220
ablation,validation,1500,reversed,libero_spatial,3,3,43,48,43,7,7,0,220
ablation,validation,1500,reversed,libero_spatial,3,3,44,26,44,7,7,0,220
ablation,validation,1500,reversed,libero_spatial,3,3,45,11,45,7,7,0,220
ablation,validation,1500,reversed,libero_spatial,3,3,46,18,46,7,7,0,220
ablation,validation,1500,reversed,libero_spatial,3,3,47,13,47,7,7,0,220
ablation,validation,1500,reversed,libero_spatial,3,3,48,12,48,7,7,0,220
ablation,validation,1500,reversed,libero_spatial,3,3,49,37,49,7,7,0,220
dual_camera,validation,900,correct,libero_10,31,1,0,47,0,7,7,1,294
dual_camera,validation,900,correct,libero_10,31,1,1,9,1,7,7,1,513
dual_camera,validation,900,correct,libero_10,31,1,2,3,2,7,7,1,273
dual_camera,validation,900,correct,libero_10,31,1,3,32,3,7,7,0,520
dual_camera,validation,900,correct,libero_10,31,1,4,15,4,7,7,0,520
dual_camera,validation,900,correct,libero_10,31,1,5,18,5,7,7,0,520
dual_camera,validation,900,correct,libero_10,31,1,6,34,6,7,7,1,496
dual_camera,validation,900,correct,libero_10,31,1,7,11,7,7,7,0,520
dual_camera,validation,900,correct,libero_10,31,1,8,31,8,7,7,1,370
dual_camera,validation,900,correct,libero_10,31,1,9,45,9,7,7,0,520
dual_camera,validation,900,correct,libero_10,31,1,10,49,10,7,7,1,456
dual_camera,validation,900,correct,libero_10,31,1,11,28,11,7,7,1,399
dual_camera,validation,900,correct,libero_10,31,1,12,39,12,7,7,1,287
dual_camera,validation,900,correct,libero_10,31,1,13,43,13,7,7,0,520
dual_camera,validation,900,correct,libero_10,31,1,14,12,14,7,7,1,451
dual_camera,validation,900,correct,libero_10,31,1,15,38,15,7,7,0,520
dual_camera,validation,900,correct,libero_10,31,1,16,35,16,7,7,0,520
dual_camera,validation,900,correct,libero_10,31,1,17,33,17,7,7,0,520
dual_camera,validation,900,correct,libero_10,31,1,18,42,18,7,7,1,350
dual_camera,validation,900,correct,libero_10,31,1,19,24,19,7,7,0,520
dual_camera,validation,900,correct,libero_10,31,1,20,21,20,7,7,1,373
dual_camera,validation,900,correct,libero_10,31,1,21,23,21,7,7,1,318
dual_camera,validation,900,correct,libero_10,31,1,22,2,22,7,7,0,520
dual_camera,validation,900,correct,libero_10,31,1,23,48,23,7,7,0,520
dual_camera,validation,900,correct,libero_10,31,1,24,0,24,7,7,0,520
dual_camera,validation,900,correct,libero_10,31,1,25,7,25,7,7,0,520
dual_camera,validation,900,correct,libero_10,31,1,26,37,26,7,7,1,348
dual_camera,validation,900,correct,libero_10,31,1,27,4,27,7,7,0,520
dual_camera,validation,900,correct,libero_10,31,1,28,20,28,7,7,0,520
dual_camera,validation,900,correct,libero_10,31,1,29,25,29,7,7,1,298
dual_camera,validation,900,correct,libero_10,31,1,30,46,30,7,7,1,265
dual_camera,validation,900,correct,libero_10,31,1,31,22,31,7,7,0,520
dual_camera,validation,900,correct,libero_10,31,1,32,41,32,7,7,0,520
dual_camera,validation,900,correct,libero_10,31,1,33,40,33,7,7,0,520
dual_camera,validation,900,correct,libero_10,31,1,34,13,34,7,7,1,399
dual_camera,validation,900,correct,libero_10,31,1,35,16,35,7,7,0,520
dual_camera,validation,900,correct,libero_10,31,1,36,10,36,7,7,1,433
dual_camera,validation,900,correct,libero_10,31,1,37,17,37,7,7,1,380
dual_camera,validation,900,correct,libero_10,31,1,38,6,38,7,7,0,520
dual_camera,validation,900,correct,libero_10,31,1,39,27,39,7,7,1,393
dual_camera,validation,900,correct,libero_10,31,1,40,36,40,7,7,0,520
dual_camera,validation,900,correct,libero_10,31,1,41,26,41,7,7,1,417
dual_camera,validation,900,correct,libero_10,31,1,42,44,42,7,7,0,520
dual_camera,validation,900,correct,libero_10,31,1,43,19,43,7,7,0,520
dual_camera,validation,900,correct,libero_10,31,1,44,14,44,7,7,0,520
dual_camera,validation,900,correct,libero_10,31,1,45,8,45,7,7,1,483
dual_camera,validation,900,correct,libero_10,31,1,46,5,46,7,7,1,408
dual_camera,validation,900,correct,libero_10,31,1,47,30,47,7,7,0,520
dual_camera,validation,900,correct,libero_10,31,1,48,29,48,7,7,0,520
dual_camera,validation,900,correct,libero_10,31,1,49,1,49,7,7,0,520
dual_camera,validation,900,correct,libero_10,32,2,0,16,0,7,7,0,520
dual_camera,validation,900,correct,libero_10,32,2,1,35,1,7,7,0,520
dual_camera,validation,900,correct,libero_10,32,2,2,12,2,7,7,0,520
dual_camera,validation,900,correct,libero_10,32,2,3,8,3,7,7,0,520
dual_camera,validation,900,correct,libero_10,32,2,4,37,4,7,7,0,520
dual_camera,validation,900,correct,libero_10,32,2,5,42,5,7,7,0,520
dual_camera,validation,900,correct,libero_10,32,2,6,15,6,7,7,0,520
dual_camera,validation,900,correct,libero_10,32,2,7,43,7,7,7,0,520
dual_camera,validation,900,correct,libero_10,32,2,8,33,8,7,7,0,520
dual_camera,validation,900,correct,libero_10,32,2,9,25,9,7,7,0,520
dual_camera,validation,900,correct,libero_10,32,2,10,3,10,7,7,0,520
dual_camera,validation,900,correct,libero_10,32,2,11,29,11,7,7,0,520
dual_camera,validation,900,correct,libero_10,32,2,12,24,12,7,7,0,520
dual_camera,validation,900,correct,libero_10,32,2,13,28,13,7,7,0,520
dual_camera,validation,900,correct,libero_10,32,2,14,47,14,7,7,0,520
dual_camera,validation,900,correct,libero_10,32,2,15,36,15,7,7,0,520
dual_camera,validation,900,correct,libero_10,32,2,16,18,16,7,7,0,520
dual_camera,validation,900,correct,libero_10,32,2,17,46,17,7,7,0,520
dual_camera,validation,900,correct,libero_10,32,2,18,39,18,7,7,0,520
dual_camera,validation,900,correct,libero_10,32,2,19,31,19,7,7,0,520
dual_camera,validation,900,correct,libero_10,32,2,20,32,20,7,7,0,520
dual_camera,validation,900,correct,libero_10,32,2,21,34,21,7,7,0,520
dual_camera,validation,900,correct,libero_10,32,2,22,19,22,7,7,0,520
dual_camera,validation,900,correct,libero_10,32,2,23,49,23,7,7,0,520
dual_camera,validation,900,correct,libero_10,32,2,24,45,24,7,7,0,520
dual_camera,validation,900,correct,libero_10,32,2,25,21,25,7,7,0,520
dual_camera,validation,900,correct,libero_10,32,2,26,44,26,7,7,0,520
dual_camera,validation,900,correct,libero_10,32,2,27,2,27,7,7,0,520
dual_camera,validation,900,correct,libero_10,32,2,28,38,28,7,7,0,520
dual_camera,validation,900,correct,libero_10,32,2,29,5,29,7,7,0,520
dual_camera,validation,900,correct,libero_10,32,2,30,1,30,7,7,0,520
dual_camera,validation,900,correct,libero_10,32,2,31,27,31,7,7,0,520
dual_camera,validation,900,correct,libero_10,32,2,32,7,32,7,7,0,520
dual_camera,validation,900,correct,libero_10,32,2,33,13,33,7,7,0,520
dual_camera,validation,900,correct,libero_10,32,2,34,23,34,7,7,0,520
dual_camera,validation,900,correct,libero_10,32,2,35,11,35,7,7,0,520
dual_camera,validation,900,correct,libero_10,32,2,36,9,36,7,7,0,520
dual_camera,validation,900,correct,libero_10,32,2,37,0,37,7,7,0,520
dual_camera,validation,900,correct,libero_10,32,2,38,10,38,7,7,0,520
dual_camera,validation,900,correct,libero_10,32,2,39,26,39,7,7,0,520
dual_camera,validation,900,correct,libero_10,32,2,40,4,40,7,7,0,520
dual_camera,validation,900,correct,libero_10,32,2,41,30,41,7,7,0,520
dual_camera,validation,900,correct,libero_10,32,2,42,40,42,7,7,0,520
dual_camera,validation,900,correct,libero_10,32,2,43,22,43,7,7,0,520
dual_camera,validation,900,correct,libero_10,32,2,44,41,44,7,7,0,520
dual_camera,validation,900,correct,libero_10,32,2,45,17,45,7,7,0,520
dual_camera,validation,900,correct,libero_10,32,2,46,20,46,7,7,0,520
dual_camera,validation,900,correct,libero_10,32,2,47,14,47,7,7,0,520
dual_camera,validation,900,correct,libero_10,32,2,48,48,48,7,7,0,520
dual_camera,validation,900,correct,libero_10,32,2,49,6,49,7,7,0,520
dual_camera,validation,900,correct,libero_goal,23,3,0,35,0,7,7,0,300
dual_camera,validation,900,correct,libero_goal,23,3,1,13,1,7,7,0,300
dual_camera,validation,900,correct,libero_goal,23,3,2,15,2,7,7,0,300
dual_camera,validation,900,correct,libero_goal,23,3,3,8,3,7,7,0,300
dual_camera,validation,900,correct,libero_goal,23,3,4,34,4,7,7,0,300
dual_camera,validation,900,correct,libero_goal,23,3,5,28,5,7,7,0,300
dual_camera,validation,900,correct,libero_goal,23,3,6,29,6,7,7,0,300
dual_camera,validation,900,correct,libero_goal,23,3,7,19,7,7,7,0,300
dual_camera,validation,900,correct,libero_goal,23,3,8,17,8,7,7,0,300
dual_camera,validation,900,correct,libero_goal,23,3,9,2,9,7,7,0,300
dual_camera,validation,900,correct,libero_goal,23,3,10,0,10,7,7,0,300
dual_camera,validation,900,correct,libero_goal,23,3,11,31,11,7,7,0,300
dual_camera,validation,900,correct,libero_goal,23,3,12,3,12,7,7,0,300
dual_camera,validation,900,correct,libero_goal,23,3,13,30,13,7,7,0,300
dual_camera,validation,900,correct,libero_goal,23,3,14,5,14,7,7,0,300
dual_camera,validation,900,correct,libero_goal,23,3,15,26,15,7,7,0,300
dual_camera,validation,900,correct,libero_goal,23,3,16,4,16,7,7,0,300
dual_camera,validation,900,correct,libero_goal,23,3,17,9,17,7,7,0,300
dual_camera,validation,900,correct,libero_goal,23,3,18,14,18,7,7,0,300
dual_camera,validation,900,correct,libero_goal,23,3,19,12,19,7,7,0,300
dual_camera,validation,900,correct,libero_goal,23,3,20,27,20,7,7,0,300
dual_camera,validation,900,correct,libero_goal,23,3,21,32,21,7,7,0,300
dual_camera,validation,900,correct,libero_goal,23,3,22,36,22,7,7,0,300
dual_camera,validation,900,correct,libero_goal,23,3,23,44,23,7,7,0,300
dual_camera,validation,900,correct,libero_goal,23,3,24,46,24,7,7,0,300
dual_camera,validation,900,correct,libero_goal,23,3,25,11,25,7,7,0,300
dual_camera,validation,900,correct,libero_goal,23,3,26,41,26,7,7,0,300
dual_camera,validation,900,correct,libero_goal,23,3,27,16,27,7,7,0,300
dual_camera,validation,900,correct,libero_goal,23,3,28,48,28,7,7,0,300
dual_camera,validation,900,correct,libero_goal,23,3,29,23,29,7,7,0,300
dual_camera,validation,900,correct,libero_goal,23,3,30,21,30,7,7,0,300
dual_camera,validation,900,correct,libero_goal,23,3,31,38,31,7,7,0,300
dual_camera,validation,900,correct,libero_goal,23,3,32,22,32,7,7,0,300
dual_camera,validation,900,correct,libero_goal,23,3,33,39,33,7,7,0,300
dual_camera,validation,900,correct,libero_goal,23,3,34,42,34,7,7,0,300
dual_camera,validation,900,correct,libero_goal,23,3,35,18,35,7,7,0,300
dual_camera,validation,900,correct,libero_goal,23,3,36,6,36,7,7,0,300
dual_camera,validation,900,correct,libero_goal,23,3,37,49,37,7,7,0,300
dual_camera,validation,900,correct,libero_goal,23,3,38,33,38,7,7,0,300
dual_camera,validation,900,correct,libero_goal,23,3,39,37,39,7,7,0,300
dual_camera,validation,900,correct,libero_goal,23,3,40,24,40,7,7,0,300
dual_camera,validation,900,correct,libero_goal,23,3,41,7,41,7,7,0,300
dual_camera,validation,900,correct,libero_goal,23,3,42,40,42,7,7,0,300
dual_camera,validation,900,correct,libero_goal,23,3,43,1,43,7,7,0,300
dual_camera,validation,900,correct,libero_goal,23,3,44,20,44,7,7,0,300
dual_camera,validation,900,correct,libero_goal,23,3,45,45,45,7,7,0,300
dual_camera,validation,900,correct,libero_goal,23,3,46,10,46,7,7,0,300
dual_camera,validation,900,correct,libero_goal,23,3,47,47,47,7,7,0,300
dual_camera,validation,900,correct,libero_goal,23,3,48,43,48,7,7,0,300
dual_camera,validation,900,correct,libero_goal,23,3,49,25,49,7,7,0,300
dual_camera,validation,900,correct,libero_goal,26,6,0,45,0,7,7,1,116
dual_camera,validation,900,correct,libero_goal,26,6,1,8,1,7,7,0,300
dual_camera,validation,900,correct,libero_goal,26,6,2,22,2,7,7,1,137
dual_camera,validation,900,correct,libero_goal,26,6,3,34,3,7,7,0,300
dual_camera,validation,900,correct,libero_goal,26,6,4,49,4,7,7,1,109
dual_camera,validation,900,correct,libero_goal,26,6,5,41,5,7,7,0,300
dual_camera,validation,900,correct,libero_goal,26,6,6,9,6,7,7,1,117
dual_camera,validation,900,correct,libero_goal,26,6,7,40,7,7,7,1,111
dual_camera,validation,900,correct,libero_goal,26,6,8,29,8,7,7,1,122
dual_camera,validation,900,correct,libero_goal,26,6,9,26,9,7,7,1,142
dual_camera,validation,900,correct,libero_goal,26,6,10,7,10,7,7,0,300
dual_camera,validation,900,correct,libero_goal,26,6,11,10,11,7,7,1,122
dual_camera,validation,900,correct,libero_goal,26,6,12,44,12,7,7,0,300
dual_camera,validation,900,correct,libero_goal,26,6,13,1,13,7,7,1,112
dual_camera,validation,900,correct,libero_goal,26,6,14,35,14,7,7,1,120
dual_camera,validation,900,correct,libero_goal,26,6,15,20,15,7,7,1,178
dual_camera,validation,900,correct,libero_goal,26,6,16,2,16,7,7,0,300
dual_camera,validation,900,correct,libero_goal,26,6,17,0,17,7,7,0,300
dual_camera,validation,900,correct,libero_goal,26,6,18,23,18,7,7,1,114
dual_camera,validation,900,correct,libero_goal,26,6,19,36,19,7,7,0,300
dual_camera,validation,900,correct,libero_goal,26,6,20,43,20,7,7,1,127
dual_camera,validation,900,correct,libero_goal,26,6,21,21,21,7,7,1,138
dual_camera,validation,900,correct,libero_goal,26,6,22,31,22,7,7,1,122
dual_camera,validation,900,correct,libero_goal,26,6,23,27,23,7,7,1,147
dual_camera,validation,900,correct,libero_goal,26,6,24,47,24,7,7,0,300
dual_camera,validation,900,correct,libero_goal,26,6,25,5,25,7,7,1,127
dual_camera,validation,900,correct,libero_goal,26,6,26,11,26,7,7,0,300
dual_camera,validation,900,correct,libero_goal,26,6,27,24,27,7,7,0,300
dual_camera,validation,900,correct,libero_goal,26,6,28,38,28,7,7,1,116
dual_camera,validation,900,correct,libero_goal,26,6,29,16,29,7,7,1,131
dual_camera,validation,900,correct,libero_goal,26,6,30,39,30,7,7,1,117
dual_camera,validation,900,correct,libero_goal,26,6,31,12,31,7,7,1,142
dual_camera,validation,900,correct,libero_goal,26,6,32,42,32,7,7,0,300
dual_camera,validation,900,correct,libero_goal,26,6,33,48,33,7,7,1,114
dual_camera,validation,900,correct,libero_goal,26,6,34,32,34,7,7,1,115
dual_camera,validation,900,correct,libero_goal,26,6,35,13,35,7,7,1,123
dual_camera,validation,900,correct,libero_goal,26,6,36,4,36,7,7,1,113
dual_camera,validation,900,correct,libero_goal,26,6,37,30,37,7,7,1,123
dual_camera,validation,900,correct,libero_goal,26,6,38,3,38,7,7,1,102
dual_camera,validation,900,correct,libero_goal,26,6,39,46,39,7,7,1,121
dual_camera,validation,900,correct,libero_goal,26,6,40,14,40,7,7,0,300
dual_camera,validation,900,correct,libero_goal,26,6,41,28,41,7,7,1,142
dual_camera,validation,900,correct,libero_goal,26,6,42,19,42,7,7,1,136
dual_camera,validation,900,correct,libero_goal,26,6,43,17,43,7,7,0,300
dual_camera,validation,900,correct,libero_goal,26,6,44,33,44,7,7,1,125
dual_camera,validation,900,correct,libero_goal,26,6,45,37,45,7,7,1,120
dual_camera,validation,900,correct,libero_goal,26,6,46,15,46,7,7,1,192
dual_camera,validation,900,correct,libero_goal,26,6,47,25,47,7,7,1,117
dual_camera,validation,900,correct,libero_goal,26,6,48,6,48,7,7,0,300
dual_camera,validation,900,correct,libero_goal,26,6,49,18,49,7,7,0,300
dual_camera,validation,900,correct,libero_object,11,1,0,34,0,7,7,1,251
dual_camera,validation,900,correct,libero_object,11,1,1,10,1,7,7,0,280
dual_camera,validation,900,correct,libero_object,11,1,2,12,2,7,7,1,247
dual_camera,validation,900,correct,libero_object,11,1,3,2,3,7,7,1,149
dual_camera,validation,900,correct,libero_object,11,1,4,39,4,7,7,1,230
dual_camera,validation,900,correct,libero_object,11,1,5,8,5,7,7,1,222
dual_camera,validation,900,correct,libero_object,11,1,6,35,6,7,7,0,280
dual_camera,validation,900,correct,libero_object,11,1,7,41,7,7,7,1,147
dual_camera,validation,900,correct,libero_object,11,1,8,45,8,7,7,0,280
dual_camera,validation,900,correct,libero_object,11,1,9,16,9,7,7,0,280
dual_camera,validation,900,correct,libero_object,11,1,10,4,10,7,7,1,242
dual_camera,validation,900,correct,libero_object,11,1,11,3,11,7,7,1,139
dual_camera,validation,900,correct,libero_object,11,1,12,30,12,7,7,0,280
dual_camera,validation,900,correct,libero_object,11,1,13,23,13,7,7,1,173
dual_camera,validation,900,correct,libero_object,11,1,14,14,14,7,7,0,280
dual_camera,validation,900,correct,libero_object,11,1,15,48,15,7,7,1,137
dual_camera,validation,900,correct,libero_object,11,1,16,33,16,7,7,1,194
dual_camera,validation,900,correct,libero_object,11,1,17,18,17,7,7,1,243
dual_camera,validation,900,correct,libero_object,11,1,18,13,18,7,7,1,225
dual_camera,validation,900,correct,libero_object,11,1,19,46,19,7,7,1,157
dual_camera,validation,900,correct,libero_object,11,1,20,43,20,7,7,0,280
dual_camera,validation,900,correct,libero_object,11,1,21,28,21,7,7,0,280
dual_camera,validation,900,correct,libero_object,11,1,22,29,22,7,7,1,195
dual_camera,validation,900,correct,libero_object,11,1,23,17,23,7,7,1,217
dual_camera,validation,900,correct,libero_object,11,1,24,37,24,7,7,1,132
dual_camera,validation,900,correct,libero_object,11,1,25,31,25,7,7,0,280
dual_camera,validation,900,correct,libero_object,11,1,26,26,26,7,7,1,133
dual_camera,validation,900,correct,libero_object,11,1,27,40,27,7,7,1,148
dual_camera,validation,900,correct,libero_object,11,1,28,42,28,7,7,1,222
dual_camera,validation,900,correct,libero_object,11,1,29,32,29,7,7,1,152
dual_camera,validation,900,correct,libero_object,11,1,30,24,30,7,7,1,205
dual_camera,validation,900,correct,libero_object,11,1,31,19,31,7,7,0,280
dual_camera,validation,900,correct,libero_object,11,1,32,47,32,7,7,1,248
dual_camera,validation,900,correct,libero_object,11,1,33,38,33,7,7,1,127
dual_camera,validation,900,correct,libero_object,11,1,34,11,34,7,7,0,280
dual_camera,validation,900,correct,libero_object,11,1,35,22,35,7,7,1,237
dual_camera,validation,900,correct,libero_object,11,1,36,25,36,7,7,1,202
dual_camera,validation,900,correct,libero_object,11,1,37,15,37,7,7,1,171
dual_camera,validation,900,correct,libero_object,11,1,38,9,38,7,7,0,280
dual_camera,validation,900,correct,libero_object,11,1,39,5,39,7,7,1,140
dual_camera,validation,900,correct,libero_object,11,1,40,7,40,7,7,1,205
dual_camera,validation,900,correct,libero_object,11,1,41,1,41,7,7,1,223
dual_camera,validation,900,correct,libero_object,11,1,42,27,42,7,7,1,133
dual_camera,validation,900,correct,libero_object,11,1,43,20,43,7,7,0,280
dual_camera,validation,900,correct,libero_object,11,1,44,0,44,7,7,1,143
dual_camera,validation,900,correct,libero_object,11,1,45,49,45,7,7,1,183
dual_camera,validation,900,correct,libero_object,11,1,46,44,46,7,7,1,180
dual_camera,validation,900,correct,libero_object,11,1,47,36,47,7,7,1,149
dual_camera,validation,900,correct,libero_object,11,1,48,6,48,7,7,1,219
dual_camera,validation,900,correct,libero_object,11,1,49,21,49,7,7,0,280
dual_camera,validation,900,correct,libero_object,13,3,0,33,0,7,7,0,280
dual_camera,validation,900,correct,libero_object,13,3,1,20,1,7,7,0,280
dual_camera,validation,900,correct,libero_object,13,3,2,18,2,7,7,0,280
dual_camera,validation,900,correct,libero_object,13,3,3,9,3,7,7,0,280
dual_camera,validation,900,correct,libero_object,13,3,4,42,4,7,7,0,280
dual_camera,validation,900,correct,libero_object,13,3,5,34,5,7,7,0,280
dual_camera,validation,900,correct,libero_object,13,3,6,24,6,7,7,0,280
dual_camera,validation,900,correct,libero_object,13,3,7,28,7,7,7,0,280
dual_camera,validation,900,correct,libero_object,13,3,8,25,8,7,7,0,280
dual_camera,validation,900,correct,libero_object,13,3,9,3,9,7,7,1,137
dual_camera,validation,900,correct,libero_object,13,3,10,16,10,7,7,1,144
dual_camera,validation,900,correct,libero_object,13,3,11,14,11,7,7,0,280
dual_camera,validation,900,correct,libero_object,13,3,12,44,12,7,7,0,280
dual_camera,validation,900,correct,libero_object,13,3,13,8,13,7,7,0,280
dual_camera,validation,900,correct,libero_object,13,3,14,48,14,7,7,1,203
dual_camera,validation,900,correct,libero_object,13,3,15,2,15,7,7,1,208
dual_camera,validation,900,correct,libero_object,13,3,16,36,16,7,7,1,128
dual_camera,validation,900,correct,libero_object,13,3,17,35,17,7,7,1,137
dual_camera,validation,900,correct,libero_object,13,3,18,0,18,7,7,1,112
dual_camera,validation,900,correct,libero_object,13,3,19,47,19,7,7,0,280
dual_camera,validation,900,correct,libero_object,13,3,20,30,20,7,7,1,141
dual_camera,validation,900,correct,libero_object,13,3,21,4,21,7,7,0,280
dual_camera,validation,900,correct,libero_object,13,3,22,13,22,7,7,1,194
dual_camera,validation,900,correct,libero_object,13,3,23,45,23,7,7,0,280
dual_camera,validation,900,correct,libero_object,13,3,24,43,24,7,7,1,133
dual_camera,validation,900,correct,libero_object,13,3,25,5,25,7,7,0,280
dual_camera,validation,900,correct,libero_object,13,3,26,7,26,7,7,0,280
dual_camera,validation,900,correct,libero_object,13,3,27,46,27,7,7,0,280
dual_camera,validation,900,correct,libero_object,13,3,28,15,28,7,7,0,280
dual_camera,validation,900,correct,libero_object,13,3,29,49,29,7,7,0,280
dual_camera,validation,900,correct,libero_object,13,3,30,26,30,7,7,0,280
dual_camera,validation,900,correct,libero_object,13,3,31,10,31,7,7,0,280
dual_camera,validation,900,correct,libero_object,13,3,32,23,32,7,7,0,280
dual_camera,validation,900,correct,libero_object,13,3,33,17,33,7,7,0,280
dual_camera,validation,900,correct,libero_object,13,3,34,1,34,7,7,1,124
dual_camera,validation,900,correct,libero_object,13,3,35,21,35,7,7,0,280
dual_camera,validation,900,correct,libero_object,13,3,36,12,36,7,7,0,280
dual_camera,validation,900,correct,libero_object,13,3,37,11,37,7,7,1,135
dual_camera,validation,900,correct,libero_object,13,3,38,40,38,7,7,1,137
dual_camera,validation,900,correct,libero_object,13,3,39,41,39,7,7,1,127
dual_camera,validation,900,correct,libero_object,13,3,40,19,40,7,7,1,118
dual_camera,validation,900,correct,libero_object,13,3,41,32,41,7,7,0,280
dual_camera,validation,900,correct,libero_object,13,3,42,38,42,7,7,0,280
dual_camera,validation,900,correct,libero_object,13,3,43,22,43,7,7,0,280
dual_camera,validation,900,correct,libero_object,13,3,44,29,44,7,7,0,280
dual_camera,validation,900,correct,libero_object,13,3,45,37,45,7,7,0,280
dual_camera,validation,900,correct,libero_object,13,3,46,31,46,7,7,1,130
dual_camera,validation,900,correct,libero_object,13,3,47,6,47,7,7,0,280
dual_camera,validation,900,correct,libero_object,13,3,48,27,48,7,7,0,280
dual_camera,validation,900,correct,libero_object,13,3,49,39,49,7,7,0,280
dual_camera,validation,900,correct,libero_spatial,1,1,0,1,0,7,7,0,220
dual_camera,validation,900,correct,libero_spatial,1,1,1,21,1,7,7,0,220
dual_camera,validation,900,correct,libero_spatial,1,1,2,39,2,7,7,0,220
dual_camera,validation,900,correct,libero_spatial,1,1,3,14,3,7,7,0,220
dual_camera,validation,900,correct,libero_spatial,1,1,4,2,4,7,7,0,220
dual_camera,validation,900,correct,libero_spatial,1,1,5,34,5,7,7,0,220
dual_camera,validation,900,correct,libero_spatial,1,1,6,40,6,7,7,0,220
dual_camera,validation,900,correct,libero_spatial,1,1,7,8,7,7,7,0,220
dual_camera,validation,900,correct,libero_spatial,1,1,8,4,8,7,7,0,220
dual_camera,validation,900,correct,libero_spatial,1,1,9,42,9,7,7,0,220
dual_camera,validation,900,correct,libero_spatial,1,1,10,44,10,7,7,0,220
dual_camera,validation,900,correct,libero_spatial,1,1,11,24,11,7,7,0,220
dual_camera,validation,900,correct,libero_spatial,1,1,12,36,12,7,7,0,220
dual_camera,validation,900,correct,libero_spatial,1,1,13,37,13,7,7,0,220
dual_camera,validation,900,correct,libero_spatial,1,1,14,18,14,7,7,0,220
dual_camera,validation,900,correct,libero_spatial,1,1,15,31,15,7,7,0,220
dual_camera,validation,900,correct,libero_spatial,1,1,16,33,16,7,7,0,220
dual_camera,validation,900,correct,libero_spatial,1,1,17,9,17,7,7,0,220
dual_camera,validation,900,correct,libero_spatial,1,1,18,6,18,7,7,0,220
dual_camera,validation,900,correct,libero_spatial,1,1,19,7,19,7,7,0,220
dual_camera,validation,900,correct,libero_spatial,1,1,20,27,20,7,7,0,220
dual_camera,validation,900,correct,libero_spatial,1,1,21,20,21,7,7,0,220
dual_camera,validation,900,correct,libero_spatial,1,1,22,38,22,7,7,0,220
dual_camera,validation,900,correct,libero_spatial,1,1,23,46,23,7,7,0,220
dual_camera,validation,900,correct,libero_spatial,1,1,24,17,24,7,7,0,220
dual_camera,validation,900,correct,libero_spatial,1,1,25,41,25,7,7,0,220
dual_camera,validation,900,correct,libero_spatial,1,1,26,0,26,7,7,0,220
dual_camera,validation,900,correct,libero_spatial,1,1,27,30,27,7,7,0,220
dual_camera,validation,900,correct,libero_spatial,1,1,28,22,28,7,7,0,220
dual_camera,validation,900,correct,libero_spatial,1,1,29,12,29,7,7,0,220
dual_camera,validation,900,correct,libero_spatial,1,1,30,47,30,7,7,0,220
dual_camera,validation,900,correct,libero_spatial,1,1,31,45,31,7,7,0,220
dual_camera,validation,900,correct,libero_spatial,1,1,32,32,32,7,7,0,220
dual_camera,validation,900,correct,libero_spatial,1,1,33,43,33,7,7,0,220
dual_camera,validation,900,correct,libero_spatial,1,1,34,3,34,7,7,0,220
dual_camera,validation,900,correct,libero_spatial,1,1,35,11,35,7,7,0,220
dual_camera,validation,900,correct,libero_spatial,1,1,36,48,36,7,7,0,220
dual_camera,validation,900,correct,libero_spatial,1,1,37,28,37,7,7,0,220
dual_camera,validation,900,correct,libero_spatial,1,1,38,35,38,7,7,0,220
dual_camera,validation,900,correct,libero_spatial,1,1,39,29,39,7,7,0,220
dual_camera,validation,900,correct,libero_spatial,1,1,40,15,40,7,7,0,220
dual_camera,validation,900,correct,libero_spatial,1,1,41,5,41,7,7,0,220
dual_camera,validation,900,correct,libero_spatial,1,1,42,26,42,7,7,0,220
dual_camera,validation,900,correct,libero_spatial,1,1,43,19,43,7,7,0,220
dual_camera,validation,900,correct,libero_spatial,1,1,44,23,44,7,7,0,220
dual_camera,validation,900,correct,libero_spatial,1,1,45,10,45,7,7,0,220
dual_camera,validation,900,correct,libero_spatial,1,1,46,16,46,7,7,0,220
dual_camera,validation,900,correct,libero_spatial,1,1,47,25,47,7,7,0,220
dual_camera,validation,900,correct,libero_spatial,1,1,48,49,48,7,7,0,220
dual_camera,validation,900,correct,libero_spatial,1,1,49,13,49,7,7,0,220
dual_camera,validation,900,correct,libero_spatial,3,3,0,2,0,7,7,0,220
dual_camera,validation,900,correct,libero_spatial,3,3,1,36,1,7,7,0,220
dual_camera,validation,900,correct,libero_spatial,3,3,2,43,2,7,7,0,220
dual_camera,validation,900,correct,libero_spatial,3,3,3,16,3,7,7,0,220
dual_camera,validation,900,correct,libero_spatial,3,3,4,7,4,7,7,0,220
dual_camera,validation,900,correct,libero_spatial,3,3,5,8,5,7,7,0,220
dual_camera,validation,900,correct,libero_spatial,3,3,6,14,6,7,7,0,220
dual_camera,validation,900,correct,libero_spatial,3,3,7,38,7,7,7,0,220
dual_camera,validation,900,correct,libero_spatial,3,3,8,33,8,7,7,0,220
dual_camera,validation,900,correct,libero_spatial,3,3,9,1,9,7,7,0,220
dual_camera,validation,900,correct,libero_spatial,3,3,10,21,10,7,7,0,220
dual_camera,validation,900,correct,libero_spatial,3,3,11,5,11,7,7,0,220
dual_camera,validation,900,correct,libero_spatial,3,3,12,49,12,7,7,0,220
dual_camera,validation,900,correct,libero_spatial,3,3,13,29,13,7,7,0,220
dual_camera,validation,900,correct,libero_spatial,3,3,14,24,14,7,7,1,106
dual_camera,validation,900,correct,libero_spatial,3,3,15,10,15,7,7,1,94
dual_camera,validation,900,correct,libero_spatial,3,3,16,44,16,7,7,0,220
dual_camera,validation,900,correct,libero_spatial,3,3,17,15,17,7,7,0,220
dual_camera,validation,900,correct,libero_spatial,3,3,18,19,18,7,7,0,220
dual_camera,validation,900,correct,libero_spatial,3,3,19,39,19,7,7,0,220
dual_camera,validation,900,correct,libero_spatial,3,3,20,6,20,7,7,0,220
dual_camera,validation,900,correct,libero_spatial,3,3,21,30,21,7,7,1,98
dual_camera,validation,900,correct,libero_spatial,3,3,22,28,22,7,7,0,220
dual_camera,validation,900,correct,libero_spatial,3,3,23,34,23,7,7,0,220
dual_camera,validation,900,correct,libero_spatial,3,3,24,3,24,7,7,0,220
dual_camera,validation,900,correct,libero_spatial,3,3,25,45,25,7,7,0,220
dual_camera,validation,900,correct,libero_spatial,3,3,26,32,26,7,7,0,220
dual_camera,validation,900,correct,libero_spatial,3,3,27,22,27,7,7,0,220
dual_camera,validation,900,correct,libero_spatial,3,3,28,20,28,7,7,1,196
dual_camera,validation,900,correct,libero_spatial,3,3,29,23,29,7,7,0,220
dual_camera,validation,900,correct,libero_spatial,3,3,30,9,30,7,7,0,220
dual_camera,validation,900,correct,libero_spatial,3,3,31,0,31,7,7,0,220
dual_camera,validation,900,correct,libero_spatial,3,3,32,4,32,7,7,1,88
dual_camera,validation,900,correct,libero_spatial,3,3,33,47,33,7,7,0,220
dual_camera,validation,900,correct,libero_spatial,3,3,34,31,34,7,7,1,100
dual_camera,validation,900,correct,libero_spatial,3,3,35,27,35,7,7,0,220
dual_camera,validation,900,correct,libero_spatial,3,3,36,17,36,7,7,0,220
dual_camera,validation,900,correct,libero_spatial,3,3,37,41,37,7,7,0,220
dual_camera,validation,900,correct,libero_spatial,3,3,38,25,38,7,7,1,149
dual_camera,validation,900,correct,libero_spatial,3,3,39,35,39,7,7,0,220
dual_camera,validation,900,correct,libero_spatial,3,3,40,46,40,7,7,0,220
dual_camera,validation,900,correct,libero_spatial,3,3,41,40,41,7,7,0,220
dual_camera,validation,900,correct,libero_spatial,3,3,42,42,42,7,7,0,220
dual_camera,validation,900,correct,libero_spatial,3,3,43,48,43,7,7,1,201
dual_camera,validation,900,correct,libero_spatial,3,3,44,26,44,7,7,0,220
dual_camera,validation,900,correct,libero_spatial,3,3,45,11,45,7,7,1,104
dual_camera,validation,900,correct,libero_spatial,3,3,46,18,46,7,7,0,220
dual_camera,validation,900,correct,libero_spatial,3,3,47,13,47,7,7,0,220
dual_camera,validation,900,correct,libero_spatial,3,3,48,12,48,7,7,0,220
dual_camera,validation,900,correct,libero_spatial,3,3,49,37,49,7,7,0,220
dual_camera,train,900,correct,libero_10,34,4,32,48,32,7,7,0,520
dual_camera,train,900,correct,libero_10,34,4,33,49,33,7,7,0,520
dual_camera,train,900,correct,libero_10,34,4,34,47,34,7,7,0,520
dual_camera,train,900,correct,libero_10,34,4,35,46,35,7,7,0,520
dual_camera,train,900,correct,libero_10,35,5,32,48,32,7,7,0,520
dual_camera,train,900,correct,libero_10,35,5,33,46,33,7,7,0,520
dual_camera,train,900,correct,libero_10,35,5,34,49,34,7,7,1,210
dual_camera,train,900,correct,libero_10,35,5,35,47,35,7,7,1,211
dual_camera,train,900,correct,libero_10,36,6,32,49,32,7,7,0,520
dual_camera,train,900,correct,libero_10,36,6,33,48,33,7,7,1,425
dual_camera,train,900,correct,libero_10,36,6,34,46,34,7,7,1,276
dual_camera,train,900,correct,libero_10,36,6,35,47,35,7,7,0,520
dual_camera,train,900,correct,libero_10,37,7,32,49,32,7,7,0,520
dual_camera,train,900,correct,libero_10,37,7,33,47,33,7,7,0,520
dual_camera,train,900,correct,libero_10,37,7,34,46,34,7,7,0,520
dual_camera,train,900,correct,libero_10,37,7,35,48,35,7,7,0,520
dual_camera,train,900,correct,libero_10,38,8,32,48,32,7,7,0,520
dual_camera,train,900,correct,libero_10,38,8,33,49,33,7,7,0,520
dual_camera,train,900,correct,libero_10,38,8,34,46,34,7,7,0,520
dual_camera,train,900,correct,libero_10,38,8,35,47,35,7,7,0,520
dual_camera,train,900,correct,libero_10,39,9,32,47,32,7,7,0,520
dual_camera,train,900,correct,libero_10,39,9,33,48,33,7,7,0,520
dual_camera,train,900,correct,libero_10,39,9,34,46,34,7,7,0,520
dual_camera,train,900,correct,libero_10,39,9,35,49,35,7,7,0,520
dual_camera,train,900,correct,libero_goal,20,0,32,47,32,7,7,1,132
dual_camera,train,900,correct,libero_goal,20,0,33,48,33,7,7,0,300
dual_camera,train,900,correct,libero_goal,20,0,34,46,34,7,7,1,201
dual_camera,train,900,correct,libero_goal,20,0,35,49,35,7,7,1,128
dual_camera,train,900,correct,libero_goal,21,1,32,47,32,7,7,1,81
dual_camera,train,900,correct,libero_goal,21,1,33,48,33,7,7,1,93
dual_camera,train,900,correct,libero_goal,21,1,34,46,34,7,7,1,85
dual_camera,train,900,correct,libero_goal,21,1,35,49,35,7,7,1,84
dual_camera,train,900,correct,libero_goal,22,2,32,46,32,7,7,1,116
dual_camera,train,900,correct,libero_goal,22,2,33,48,33,7,7,0,300
dual_camera,train,900,correct,libero_goal,22,2,34,49,34,7,7,0,300
dual_camera,train,900,correct,libero_goal,22,2,35,47,35,7,7,1,129
dual_camera,train,900,correct,libero_goal,25,5,32,48,32,7,7,0,300
dual_camera,train,900,correct,libero_goal,25,5,33,47,33,7,7,0,300
dual_camera,train,900,correct,libero_goal,25,5,34,49,34,7,7,0,300
dual_camera,train,900,correct,libero_goal,25,5,35,46,35,7,7,0,300
dual_camera,train,900,correct,libero_goal,28,8,32,49,32,7,7,1,89
dual_camera,train,900,correct,libero_goal,28,8,33,47,33,7,7,1,91
dual_camera,train,900,correct,libero_goal,28,8,34,46,34,7,7,1,86
dual_camera,train,900,correct,libero_goal,28,8,35,48,35,7,7,1,80
dual_camera,train,900,correct,libero_goal,29,9,32,46,32,7,7,0,300
dual_camera,train,900,correct,libero_goal,29,9,33,48,33,7,7,0,300
dual_camera,train,900,correct,libero_goal,29,9,34,49,34,7,7,0,300
dual_camera,train,900,correct,libero_goal,29,9,35,47,35,7,7,0,300
dual_camera,train,900,correct,libero_object,12,2,32,48,32,7,7,1,129
dual_camera,train,900,correct,libero_object,12,2,33,49,33,7,7,0,280
dual_camera,train,900,correct,libero_object,12,2,34,47,34,7,7,1,122
dual_camera,train,900,correct,libero_object,12,2,35,46,35,7,7,1,128
dual_camera,train,900,correct,libero_object,14,4,32,47,32,7,7,1,147
dual_camera,train,900,correct,libero_object,14,4,33,46,33,7,7,1,166
dual_camera,train,900,correct,libero_object,14,4,34,49,34,7,7,1,127
dual_camera,train,900,correct,libero_object,14,4,35,48,35,7,7,1,141
dual_camera,train,900,correct,libero_object,15,5,32,48,32,7,7,0,280
dual_camera,train,900,correct,libero_object,15,5,33,47,33,7,7,0,280
dual_camera,train,900,correct,libero_object,15,5,34,46,34,7,7,0,280
dual_camera,train,900,correct,libero_object,15,5,35,49,35,7,7,1,144
dual_camera,train,900,correct,libero_object,16,6,32,48,32,7,7,0,280
dual_camera,train,900,correct,libero_object,16,6,33,46,33,7,7,0,280
dual_camera,train,900,correct,libero_object,16,6,34,47,34,7,7,1,137
dual_camera,train,900,correct,libero_object,16,6,35,49,35,7,7,1,134
dual_camera,train,900,correct,libero_object,18,8,32,47,32,7,7,1,154
dual_camera,train,900,correct,libero_object,18,8,33,49,33,7,7,1,146
dual_camera,train,900,correct,libero_object,18,8,34,46,34,7,7,1,151
dual_camera,train,900,correct,libero_object,18,8,35,48,35,7,7,1,142
dual_camera,train,900,correct,libero_object,19,9,32,46,32,7,7,1,123
dual_camera,train,900,correct,libero_object,19,9,33,47,33,7,7,1,255
dual_camera,train,900,correct,libero_object,19,9,34,49,34,7,7,1,122
dual_camera,train,900,correct,libero_object,19,9,35,48,35,7,7,1,120
dual_camera,train,900,correct,libero_spatial,0,0,32,48,32,7,7,1,87
dual_camera,train,900,correct,libero_spatial,0,0,33,46,33,7,7,1,91
dual_camera,train,900,correct,libero_spatial,0,0,34,47,34,7,7,1,83
dual_camera,train,900,correct,libero_spatial,0,0,35,49,35,7,7,1,98
dual_camera,train,900,correct,libero_spatial,2,2,32,49,32,7,7,1,100
dual_camera,train,900,correct,libero_spatial,2,2,33,47,33,7,7,0,220
dual_camera,train,900,correct,libero_spatial,2,2,34,48,34,7,7,1,117
dual_camera,train,900,correct,libero_spatial,2,2,35,46,35,7,7,1,98
dual_camera,train,900,correct,libero_spatial,4,4,32,46,32,7,7,1,133
dual_camera,train,900,correct,libero_spatial,4,4,33,49,33,7,7,0,220
dual_camera,train,900,correct,libero_spatial,4,4,34,48,34,7,7,0,220
dual_camera,train,900,correct,libero_spatial,4,4,35,47,35,7,7,1,139
dual_camera,train,900,correct,libero_spatial,5,5,32,49,32,7,7,0,220
dual_camera,train,900,correct,libero_spatial,5,5,33,47,33,7,7,1,149
dual_camera,train,900,correct,libero_spatial,5,5,34,46,34,7,7,0,220
dual_camera,train,900,correct,libero_spatial,5,5,35,48,35,7,7,1,92
dual_camera,train,900,correct,libero_spatial,7,7,32,49,32,7,7,1,181
dual_camera,train,900,correct,libero_spatial,7,7,33,46,33,7,7,1,157
dual_camera,train,900,correct,libero_spatial,7,7,34,48,34,7,7,1,198
dual_camera,train,900,correct,libero_spatial,7,7,35,47,35,7,7,1,160
dual_camera,train,900,correct,libero_spatial,9,9,32,46,32,7,7,0,220
dual_camera,train,900,correct,libero_spatial,9,9,33,47,33,7,7,1,131
dual_camera,train,900,correct,libero_spatial,9,9,34,48,34,7,7,0,220
dual_camera,train,900,correct,libero_spatial,9,9,35,49,35,7,7,1,129
dual_camera,validation,1200,correct,libero_10,31,1,0,47,0,7,7,0,520
dual_camera,validation,1200,correct,libero_10,31,1,1,9,1,7,7,0,520
dual_camera,validation,1200,correct,libero_10,31,1,2,3,2,7,7,0,520
dual_camera,validation,1200,correct,libero_10,31,1,3,32,3,7,7,1,338
dual_camera,validation,1200,correct,libero_10,31,1,4,15,4,7,7,0,520
dual_camera,validation,1200,correct,libero_10,31,1,5,18,5,7,7,0,520
dual_camera,validation,1200,correct,libero_10,31,1,6,34,6,7,7,0,520
dual_camera,validation,1200,correct,libero_10,31,1,7,11,7,7,7,0,520
dual_camera,validation,1200,correct,libero_10,31,1,8,31,8,7,7,1,341
dual_camera,validation,1200,correct,libero_10,31,1,9,45,9,7,7,0,520
dual_camera,validation,1200,correct,libero_10,31,1,10,49,10,7,7,0,520
dual_camera,validation,1200,correct,libero_10,31,1,11,28,11,7,7,1,359
dual_camera,validation,1200,correct,libero_10,31,1,12,39,12,7,7,0,520
dual_camera,validation,1200,correct,libero_10,31,1,13,43,13,7,7,1,326
dual_camera,validation,1200,correct,libero_10,31,1,14,12,14,7,7,1,438
dual_camera,validation,1200,correct,libero_10,31,1,15,38,15,7,7,0,520
dual_camera,validation,1200,correct,libero_10,31,1,16,35,16,7,7,0,520
dual_camera,validation,1200,correct,libero_10,31,1,17,33,17,7,7,0,520
dual_camera,validation,1200,correct,libero_10,31,1,18,42,18,7,7,0,520
dual_camera,validation,1200,correct,libero_10,31,1,19,24,19,7,7,0,520
dual_camera,validation,1200,correct,libero_10,31,1,20,21,20,7,7,1,336
dual_camera,validation,1200,correct,libero_10,31,1,21,23,21,7,7,0,520
dual_camera,validation,1200,correct,libero_10,31,1,22,2,22,7,7,0,520
dual_camera,validation,1200,correct,libero_10,31,1,23,48,23,7,7,0,520
dual_camera,validation,1200,correct,libero_10,31,1,24,0,24,7,7,1,475
dual_camera,validation,1200,correct,libero_10,31,1,25,7,25,7,7,0,520
dual_camera,validation,1200,correct,libero_10,31,1,26,37,26,7,7,1,382
dual_camera,validation,1200,correct,libero_10,31,1,27,4,27,7,7,0,520
dual_camera,validation,1200,correct,libero_10,31,1,28,20,28,7,7,0,520
dual_camera,validation,1200,correct,libero_10,31,1,29,25,29,7,7,1,357
dual_camera,validation,1200,correct,libero_10,31,1,30,46,30,7,7,0,520
dual_camera,validation,1200,correct,libero_10,31,1,31,22,31,7,7,1,483
dual_camera,validation,1200,correct,libero_10,31,1,32,41,32,7,7,0,520
dual_camera,validation,1200,correct,libero_10,31,1,33,40,33,7,7,0,520
dual_camera,validation,1200,correct,libero_10,31,1,34,13,34,7,7,0,520
dual_camera,validation,1200,correct,libero_10,31,1,35,16,35,7,7,0,520
dual_camera,validation,1200,correct,libero_10,31,1,36,10,36,7,7,0,520
dual_camera,validation,1200,correct,libero_10,31,1,37,17,37,7,7,1,282
dual_camera,validation,1200,correct,libero_10,31,1,38,6,38,7,7,0,520
dual_camera,validation,1200,correct,libero_10,31,1,39,27,39,7,7,1,475
dual_camera,validation,1200,correct,libero_10,31,1,40,36,40,7,7,0,520
dual_camera,validation,1200,correct,libero_10,31,1,41,26,41,7,7,1,315
dual_camera,validation,1200,correct,libero_10,31,1,42,44,42,7,7,0,520
dual_camera,validation,1200,correct,libero_10,31,1,43,19,43,7,7,1,365
dual_camera,validation,1200,correct,libero_10,31,1,44,14,44,7,7,0,520
dual_camera,validation,1200,correct,libero_10,31,1,45,8,45,7,7,0,520
dual_camera,validation,1200,correct,libero_10,31,1,46,5,46,7,7,0,520
dual_camera,validation,1200,correct,libero_10,31,1,47,30,47,7,7,1,515
dual_camera,validation,1200,correct,libero_10,31,1,48,29,48,7,7,1,304
dual_camera,validation,1200,correct,libero_10,31,1,49,1,49,7,7,0,520
dual_camera,validation,1200,correct,libero_10,32,2,0,16,0,7,7,0,520
dual_camera,validation,1200,correct,libero_10,32,2,1,35,1,7,7,0,520
dual_camera,validation,1200,correct,libero_10,32,2,2,12,2,7,7,0,520
dual_camera,validation,1200,correct,libero_10,32,2,3,8,3,7,7,0,520
dual_camera,validation,1200,correct,libero_10,32,2,4,37,4,7,7,0,520
dual_camera,validation,1200,correct,libero_10,32,2,5,42,5,7,7,0,520
dual_camera,validation,1200,correct,libero_10,32,2,6,15,6,7,7,0,520
dual_camera,validation,1200,correct,libero_10,32,2,7,43,7,7,7,0,520
dual_camera,validation,1200,correct,libero_10,32,2,8,33,8,7,7,0,520
dual_camera,validation,1200,correct,libero_10,32,2,9,25,9,7,7,0,520
dual_camera,validation,1200,correct,libero_10,32,2,10,3,10,7,7,0,520
dual_camera,validation,1200,correct,libero_10,32,2,11,29,11,7,7,0,520
dual_camera,validation,1200,correct,libero_10,32,2,12,24,12,7,7,0,520
dual_camera,validation,1200,correct,libero_10,32,2,13,28,13,7,7,0,520
dual_camera,validation,1200,correct,libero_10,32,2,14,47,14,7,7,0,520
dual_camera,validation,1200,correct,libero_10,32,2,15,36,15,7,7,0,520
dual_camera,validation,1200,correct,libero_10,32,2,16,18,16,7,7,0,520
dual_camera,validation,1200,correct,libero_10,32,2,17,46,17,7,7,0,520
dual_camera,validation,1200,correct,libero_10,32,2,18,39,18,7,7,0,520
dual_camera,validation,1200,correct,libero_10,32,2,19,31,19,7,7,0,520
dual_camera,validation,1200,correct,libero_10,32,2,20,32,20,7,7,0,520
dual_camera,validation,1200,correct,libero_10,32,2,21,34,21,7,7,0,520
dual_camera,validation,1200,correct,libero_10,32,2,22,19,22,7,7,0,520
dual_camera,validation,1200,correct,libero_10,32,2,23,49,23,7,7,0,520
dual_camera,validation,1200,correct,libero_10,32,2,24,45,24,7,7,0,520
dual_camera,validation,1200,correct,libero_10,32,2,25,21,25,7,7,0,520
dual_camera,validation,1200,correct,libero_10,32,2,26,44,26,7,7,0,520
dual_camera,validation,1200,correct,libero_10,32,2,27,2,27,7,7,0,520
dual_camera,validation,1200,correct,libero_10,32,2,28,38,28,7,7,0,520
dual_camera,validation,1200,correct,libero_10,32,2,29,5,29,7,7,0,520
dual_camera,validation,1200,correct,libero_10,32,2,30,1,30,7,7,0,520
dual_camera,validation,1200,correct,libero_10,32,2,31,27,31,7,7,0,520
dual_camera,validation,1200,correct,libero_10,32,2,32,7,32,7,7,0,520
dual_camera,validation,1200,correct,libero_10,32,2,33,13,33,7,7,0,520
dual_camera,validation,1200,correct,libero_10,32,2,34,23,34,7,7,0,520
dual_camera,validation,1200,correct,libero_10,32,2,35,11,35,7,7,0,520
dual_camera,validation,1200,correct,libero_10,32,2,36,9,36,7,7,0,520
dual_camera,validation,1200,correct,libero_10,32,2,37,0,37,7,7,0,520
dual_camera,validation,1200,correct,libero_10,32,2,38,10,38,7,7,0,520
dual_camera,validation,1200,correct,libero_10,32,2,39,26,39,7,7,0,520
dual_camera,validation,1200,correct,libero_10,32,2,40,4,40,7,7,0,520
dual_camera,validation,1200,correct,libero_10,32,2,41,30,41,7,7,0,520
dual_camera,validation,1200,correct,libero_10,32,2,42,40,42,7,7,0,520
dual_camera,validation,1200,correct,libero_10,32,2,43,22,43,7,7,0,520
dual_camera,validation,1200,correct,libero_10,32,2,44,41,44,7,7,0,520
dual_camera,validation,1200,correct,libero_10,32,2,45,17,45,7,7,0,520
dual_camera,validation,1200,correct,libero_10,32,2,46,20,46,7,7,0,520
dual_camera,validation,1200,correct,libero_10,32,2,47,14,47,7,7,0,520
dual_camera,validation,1200,correct,libero_10,32,2,48,48,48,7,7,0,520
dual_camera,validation,1200,correct,libero_10,32,2,49,6,49,7,7,0,520
dual_camera,validation,1200,correct,libero_goal,23,3,0,35,0,7,7,0,300
dual_camera,validation,1200,correct,libero_goal,23,3,1,13,1,7,7,0,300
dual_camera,validation,1200,correct,libero_goal,23,3,2,15,2,7,7,0,300
dual_camera,validation,1200,correct,libero_goal,23,3,3,8,3,7,7,0,300
dual_camera,validation,1200,correct,libero_goal,23,3,4,34,4,7,7,0,300
dual_camera,validation,1200,correct,libero_goal,23,3,5,28,5,7,7,0,300
dual_camera,validation,1200,correct,libero_goal,23,3,6,29,6,7,7,0,300
dual_camera,validation,1200,correct,libero_goal,23,3,7,19,7,7,7,0,300
dual_camera,validation,1200,correct,libero_goal,23,3,8,17,8,7,7,0,300
dual_camera,validation,1200,correct,libero_goal,23,3,9,2,9,7,7,0,300
dual_camera,validation,1200,correct,libero_goal,23,3,10,0,10,7,7,0,300
dual_camera,validation,1200,correct,libero_goal,23,3,11,31,11,7,7,0,300
dual_camera,validation,1200,correct,libero_goal,23,3,12,3,12,7,7,0,300
dual_camera,validation,1200,correct,libero_goal,23,3,13,30,13,7,7,0,300
dual_camera,validation,1200,correct,libero_goal,23,3,14,5,14,7,7,0,300
dual_camera,validation,1200,correct,libero_goal,23,3,15,26,15,7,7,0,300
dual_camera,validation,1200,correct,libero_goal,23,3,16,4,16,7,7,0,300
dual_camera,validation,1200,correct,libero_goal,23,3,17,9,17,7,7,0,300
dual_camera,validation,1200,correct,libero_goal,23,3,18,14,18,7,7,0,300
dual_camera,validation,1200,correct,libero_goal,23,3,19,12,19,7,7,0,300
dual_camera,validation,1200,correct,libero_goal,23,3,20,27,20,7,7,0,300
dual_camera,validation,1200,correct,libero_goal,23,3,21,32,21,7,7,0,300
dual_camera,validation,1200,correct,libero_goal,23,3,22,36,22,7,7,0,300
dual_camera,validation,1200,correct,libero_goal,23,3,23,44,23,7,7,0,300
dual_camera,validation,1200,correct,libero_goal,23,3,24,46,24,7,7,0,300
dual_camera,validation,1200,correct,libero_goal,23,3,25,11,25,7,7,0,300
dual_camera,validation,1200,correct,libero_goal,23,3,26,41,26,7,7,0,300
dual_camera,validation,1200,correct,libero_goal,23,3,27,16,27,7,7,0,300
dual_camera,validation,1200,correct,libero_goal,23,3,28,48,28,7,7,0,300
dual_camera,validation,1200,correct,libero_goal,23,3,29,23,29,7,7,0,300
dual_camera,validation,1200,correct,libero_goal,23,3,30,21,30,7,7,0,300
dual_camera,validation,1200,correct,libero_goal,23,3,31,38,31,7,7,0,300
dual_camera,validation,1200,correct,libero_goal,23,3,32,22,32,7,7,0,300
dual_camera,validation,1200,correct,libero_goal,23,3,33,39,33,7,7,0,300
dual_camera,validation,1200,correct,libero_goal,23,3,34,42,34,7,7,0,300
dual_camera,validation,1200,correct,libero_goal,23,3,35,18,35,7,7,0,300
dual_camera,validation,1200,correct,libero_goal,23,3,36,6,36,7,7,0,300
dual_camera,validation,1200,correct,libero_goal,23,3,37,49,37,7,7,0,300
dual_camera,validation,1200,correct,libero_goal,23,3,38,33,38,7,7,0,300
dual_camera,validation,1200,correct,libero_goal,23,3,39,37,39,7,7,0,300
dual_camera,validation,1200,correct,libero_goal,23,3,40,24,40,7,7,0,300
dual_camera,validation,1200,correct,libero_goal,23,3,41,7,41,7,7,0,300
dual_camera,validation,1200,correct,libero_goal,23,3,42,40,42,7,7,0,300
dual_camera,validation,1200,correct,libero_goal,23,3,43,1,43,7,7,0,300
dual_camera,validation,1200,correct,libero_goal,23,3,44,20,44,7,7,0,300
dual_camera,validation,1200,correct,libero_goal,23,3,45,45,45,7,7,0,300
dual_camera,validation,1200,correct,libero_goal,23,3,46,10,46,7,7,0,300
dual_camera,validation,1200,correct,libero_goal,23,3,47,47,47,7,7,0,300
dual_camera,validation,1200,correct,libero_goal,23,3,48,43,48,7,7,0,300
dual_camera,validation,1200,correct,libero_goal,23,3,49,25,49,7,7,0,300
dual_camera,validation,1200,correct,libero_goal,26,6,0,45,0,7,7,1,116
dual_camera,validation,1200,correct,libero_goal,26,6,1,8,1,7,7,1,136
dual_camera,validation,1200,correct,libero_goal,26,6,2,22,2,7,7,1,162
dual_camera,validation,1200,correct,libero_goal,26,6,3,34,3,7,7,0,300
dual_camera,validation,1200,correct,libero_goal,26,6,4,49,4,7,7,1,111
dual_camera,validation,1200,correct,libero_goal,26,6,5,41,5,7,7,0,300
dual_camera,validation,1200,correct,libero_goal,26,6,6,9,6,7,7,1,131
dual_camera,validation,1200,correct,libero_goal,26,6,7,40,7,7,7,1,111
dual_camera,validation,1200,correct,libero_goal,26,6,8,29,8,7,7,1,122
dual_camera,validation,1200,correct,libero_goal,26,6,9,26,9,7,7,1,97
dual_camera,validation,1200,correct,libero_goal,26,6,10,7,10,7,7,0,300
dual_camera,validation,1200,correct,libero_goal,26,6,11,10,11,7,7,1,127
dual_camera,validation,1200,correct,libero_goal,26,6,12,44,12,7,7,1,127
dual_camera,validation,1200,correct,libero_goal,26,6,13,1,13,7,7,1,105
dual_camera,validation,1200,correct,libero_goal,26,6,14,35,14,7,7,1,130
dual_camera,validation,1200,correct,libero_goal,26,6,15,20,15,7,7,1,161
dual_camera,validation,1200,correct,libero_goal,26,6,16,2,16,7,7,0,300
dual_camera,validation,1200,correct,libero_goal,26,6,17,0,17,7,7,1,131
dual_camera,validation,1200,correct,libero_goal,26,6,18,23,18,7,7,0,300
dual_camera,validation,1200,correct,libero_goal,26,6,19,36,19,7,7,0,300
dual_camera,validation,1200,correct,libero_goal,26,6,20,43,20,7,7,1,117
dual_camera,validation,1200,correct,libero_goal,26,6,21,21,21,7,7,1,137
dual_camera,validation,1200,correct,libero_goal,26,6,22,31,22,7,7,1,136
dual_camera,validation,1200,correct,libero_goal,26,6,23,27,23,7,7,1,157
dual_camera,validation,1200,correct,libero_goal,26,6,24,47,24,7,7,0,300
dual_camera,validation,1200,correct,libero_goal,26,6,25,5,25,7,7,1,111
dual_camera,validation,1200,correct,libero_goal,26,6,26,11,26,7,7,1,132
dual_camera,validation,1200,correct,libero_goal,26,6,27,24,27,7,7,1,128
dual_camera,validation,1200,correct,libero_goal,26,6,28,38,28,7,7,1,117
dual_camera,validation,1200,correct,libero_goal,26,6,29,16,29,7,7,0,300
dual_camera,validation,1200,correct,libero_goal,26,6,30,39,30,7,7,1,121
dual_camera,validation,1200,correct,libero_goal,26,6,31,12,31,7,7,1,116
dual_camera,validation,1200,correct,libero_goal,26,6,32,42,32,7,7,0,300
dual_camera,validation,1200,correct,libero_goal,26,6,33,48,33,7,7,1,122
dual_camera,validation,1200,correct,libero_goal,26,6,34,32,34,7,7,1,127
dual_camera,validation,1200,correct,libero_goal,26,6,35,13,35,7,7,1,136
dual_camera,validation,1200,correct,libero_goal,26,6,36,4,36,7,7,1,129
dual_camera,validation,1200,correct,libero_goal,26,6,37,30,37,7,7,1,131
dual_camera,validation,1200,correct,libero_goal,26,6,38,3,38,7,7,1,97
dual_camera,validation,1200,correct,libero_goal,26,6,39,46,39,7,7,1,116
dual_camera,validation,1200,correct,libero_goal,26,6,40,14,40,7,7,0,300
dual_camera,validation,1200,correct,libero_goal,26,6,41,28,41,7,7,0,300
dual_camera,validation,1200,correct,libero_goal,26,6,42,19,42,7,7,1,135
dual_camera,validation,1200,correct,libero_goal,26,6,43,17,43,7,7,1,132
dual_camera,validation,1200,correct,libero_goal,26,6,44,33,44,7,7,1,125
dual_camera,validation,1200,correct,libero_goal,26,6,45,37,45,7,7,1,122
dual_camera,validation,1200,correct,libero_goal,26,6,46,15,46,7,7,1,118
dual_camera,validation,1200,correct,libero_goal,26,6,47,25,47,7,7,1,129
dual_camera,validation,1200,correct,libero_goal,26,6,48,6,48,7,7,1,119
dual_camera,validation,1200,correct,libero_goal,26,6,49,18,49,7,7,1,197
dual_camera,validation,1200,correct,libero_object,11,1,0,34,0,7,7,1,252
dual_camera,validation,1200,correct,libero_object,11,1,1,10,1,7,7,0,280
dual_camera,validation,1200,correct,libero_object,11,1,2,12,2,7,7,1,154
dual_camera,validation,1200,correct,libero_object,11,1,3,2,3,7,7,1,146
dual_camera,validation,1200,correct,libero_object,11,1,4,39,4,7,7,0,280
dual_camera,validation,1200,correct,libero_object,11,1,5,8,5,7,7,0,280
dual_camera,validation,1200,correct,libero_object,11,1,6,35,6,7,7,1,250
dual_camera,validation,1200,correct,libero_object,11,1,7,41,7,7,7,0,280
dual_camera,validation,1200,correct,libero_object,11,1,8,45,8,7,7,0,280
dual_camera,validation,1200,correct,libero_object,11,1,9,16,9,7,7,1,201
dual_camera,validation,1200,correct,libero_object,11,1,10,4,10,7,7,1,238
dual_camera,validation,1200,correct,libero_object,11,1,11,3,11,7,7,1,132
dual_camera,validation,1200,correct,libero_object,11,1,12,30,12,7,7,1,229
dual_camera,validation,1200,correct,libero_object,11,1,13,23,13,7,7,1,172
dual_camera,validation,1200,correct,libero_object,11,1,14,14,14,7,7,0,280
dual_camera,validation,1200,correct,libero_object,11,1,15,48,15,7,7,1,132
dual_camera,validation,1200,correct,libero_object,11,1,16,33,16,7,7,1,171
dual_camera,validation,1200,correct,libero_object,11,1,17,18,17,7,7,1,218
dual_camera,validation,1200,correct,libero_object,11,1,18,13,18,7,7,1,257
dual_camera,validation,1200,correct,libero_object,11,1,19,46,19,7,7,1,137
dual_camera,validation,1200,correct,libero_object,11,1,20,43,20,7,7,0,280
dual_camera,validation,1200,correct,libero_object,11,1,21,28,21,7,7,0,280
dual_camera,validation,1200,correct,libero_object,11,1,22,29,22,7,7,1,160
dual_camera,validation,1200,correct,libero_object,11,1,23,17,23,7,7,0,280
dual_camera,validation,1200,correct,libero_object,11,1,24,37,24,7,7,1,118
dual_camera,validation,1200,correct,libero_object,11,1,25,31,25,7,7,0,280
dual_camera,validation,1200,correct,libero_object,11,1,26,26,26,7,7,1,192
dual_camera,validation,1200,correct,libero_object,11,1,27,40,27,7,7,1,192
dual_camera,validation,1200,correct,libero_object,11,1,28,42,28,7,7,0,280
dual_camera,validation,1200,correct,libero_object,11,1,29,32,29,7,7,1,263
dual_camera,validation,1200,correct,libero_object,11,1,30,24,30,7,7,1,190
dual_camera,validation,1200,correct,libero_object,11,1,31,19,31,7,7,1,204
dual_camera,validation,1200,correct,libero_object,11,1,32,47,32,7,7,1,232
dual_camera,validation,1200,correct,libero_object,11,1,33,38,33,7,7,1,122
dual_camera,validation,1200,correct,libero_object,11,1,34,11,34,7,7,0,280
dual_camera,validation,1200,correct,libero_object,11,1,35,22,35,7,7,1,262
dual_camera,validation,1200,correct,libero_object,11,1,36,25,36,7,7,1,129
dual_camera,validation,1200,correct,libero_object,11,1,37,15,37,7,7,1,170
dual_camera,validation,1200,correct,libero_object,11,1,38,9,38,7,7,1,172
dual_camera,validation,1200,correct,libero_object,11,1,39,5,39,7,7,1,196
dual_camera,validation,1200,correct,libero_object,11,1,40,7,40,7,7,1,205
dual_camera,validation,1200,correct,libero_object,11,1,41,1,41,7,7,1,259
dual_camera,validation,1200,correct,libero_object,11,1,42,27,42,7,7,1,117
dual_camera,validation,1200,correct,libero_object,11,1,43,20,43,7,7,0,280
dual_camera,validation,1200,correct,libero_object,11,1,44,0,44,7,7,1,244
dual_camera,validation,1200,correct,libero_object,11,1,45,49,45,7,7,1,183
dual_camera,validation,1200,correct,libero_object,11,1,46,44,46,7,7,1,160
dual_camera,validation,1200,correct,libero_object,11,1,47,36,47,7,7,1,125
dual_camera,validation,1200,correct,libero_object,11,1,48,6,48,7,7,0,280
dual_camera,validation,1200,correct,libero_object,11,1,49,21,49,7,7,0,280
dual_camera,validation,1200,correct,libero_object,13,3,0,33,0,7,7,0,280
dual_camera,validation,1200,correct,libero_object,13,3,1,20,1,7,7,0,280
dual_camera,validation,1200,correct,libero_object,13,3,2,18,2,7,7,1,112
dual_camera,validation,1200,correct,libero_object,13,3,3,9,3,7,7,0,280
dual_camera,validation,1200,correct,libero_object,13,3,4,42,4,7,7,0,280
dual_camera,validation,1200,correct,libero_object,13,3,5,34,5,7,7,0,280
dual_camera,validation,1200,correct,libero_object,13,3,6,24,6,7,7,1,137
dual_camera,validation,1200,correct,libero_object,13,3,7,28,7,7,7,0,280
dual_camera,validation,1200,correct,libero_object,13,3,8,25,8,7,7,0,280
dual_camera,validation,1200,correct,libero_object,13,3,9,3,9,7,7,0,280
dual_camera,validation,1200,correct,libero_object,13,3,10,16,10,7,7,1,129
dual_camera,validation,1200,correct,libero_object,13,3,11,14,11,7,7,0,280
dual_camera,validation,1200,correct,libero_object,13,3,12,44,12,7,7,0,280
dual_camera,validation,1200,correct,libero_object,13,3,13,8,13,7,7,0,280
dual_camera,validation,1200,correct,libero_object,13,3,14,48,14,7,7,0,280
dual_camera,validation,1200,correct,libero_object,13,3,15,2,15,7,7,0,280
dual_camera,validation,1200,correct,libero_object,13,3,16,36,16,7,7,1,121
dual_camera,validation,1200,correct,libero_object,13,3,17,35,17,7,7,0,280
dual_camera,validation,1200,correct,libero_object,13,3,18,0,18,7,7,1,111
dual_camera,validation,1200,correct,libero_object,13,3,19,47,19,7,7,0,280
dual_camera,validation,1200,correct,libero_object,13,3,20,30,20,7,7,0,280
dual_camera,validation,1200,correct,libero_object,13,3,21,4,21,7,7,0,280
dual_camera,validation,1200,correct,libero_object,13,3,22,13,22,7,7,0,280
dual_camera,validation,1200,correct,libero_object,13,3,23,45,23,7,7,0,280
dual_camera,validation,1200,correct,libero_object,13,3,24,43,24,7,7,0,280
dual_camera,validation,1200,correct,libero_object,13,3,25,5,25,7,7,0,280
dual_camera,validation,1200,correct,libero_object,13,3,26,7,26,7,7,0,280
dual_camera,validation,1200,correct,libero_object,13,3,27,46,27,7,7,0,280
dual_camera,validation,1200,correct,libero_object,13,3,28,15,28,7,7,0,280
dual_camera,validation,1200,correct,libero_object,13,3,29,49,29,7,7,0,280
dual_camera,validation,1200,correct,libero_object,13,3,30,26,30,7,7,0,280
dual_camera,validation,1200,correct,libero_object,13,3,31,10,31,7,7,1,136
dual_camera,validation,1200,correct,libero_object,13,3,32,23,32,7,7,0,280
dual_camera,validation,1200,correct,libero_object,13,3,33,17,33,7,7,1,117
dual_camera,validation,1200,correct,libero_object,13,3,34,1,34,7,7,0,280
dual_camera,validation,1200,correct,libero_object,13,3,35,21,35,7,7,1,124
dual_camera,validation,1200,correct,libero_object,13,3,36,12,36,7,7,1,126
dual_camera,validation,1200,correct,libero_object,13,3,37,11,37,7,7,0,280
dual_camera,validation,1200,correct,libero_object,13,3,38,40,38,7,7,0,280
dual_camera,validation,1200,correct,libero_object,13,3,39,41,39,7,7,0,280
dual_camera,validation,1200,correct,libero_object,13,3,40,19,40,7,7,0,280
dual_camera,validation,1200,correct,libero_object,13,3,41,32,41,7,7,1,117
dual_camera,validation,1200,correct,libero_object,13,3,42,38,42,7,7,1,162
dual_camera,validation,1200,correct,libero_object,13,3,43,22,43,7,7,0,280
dual_camera,validation,1200,correct,libero_object,13,3,44,29,44,7,7,0,280
dual_camera,validation,1200,correct,libero_object,13,3,45,37,45,7,7,1,162
dual_camera,validation,1200,correct,libero_object,13,3,46,31,46,7,7,0,280
dual_camera,validation,1200,correct,libero_object,13,3,47,6,47,7,7,0,280
dual_camera,validation,1200,correct,libero_object,13,3,48,27,48,7,7,0,280
dual_camera,validation,1200,correct,libero_object,13,3,49,39,49,7,7,0,280
dual_camera,validation,1200,correct,libero_spatial,1,1,0,1,0,7,7,0,220
dual_camera,validation,1200,correct,libero_spatial,1,1,1,21,1,7,7,0,220
dual_camera,validation,1200,correct,libero_spatial,1,1,2,39,2,7,7,0,220
dual_camera,validation,1200,correct,libero_spatial,1,1,3,14,3,7,7,0,220
dual_camera,validation,1200,correct,libero_spatial,1,1,4,2,4,7,7,0,220
dual_camera,validation,1200,correct,libero_spatial,1,1,5,34,5,7,7,0,220
dual_camera,validation,1200,correct,libero_spatial,1,1,6,40,6,7,7,0,220
dual_camera,validation,1200,correct,libero_spatial,1,1,7,8,7,7,7,0,220
dual_camera,validation,1200,correct,libero_spatial,1,1,8,4,8,7,7,0,220
dual_camera,validation,1200,correct,libero_spatial,1,1,9,42,9,7,7,0,220
dual_camera,validation,1200,correct,libero_spatial,1,1,10,44,10,7,7,0,220
dual_camera,validation,1200,correct,libero_spatial,1,1,11,24,11,7,7,0,220
dual_camera,validation,1200,correct,libero_spatial,1,1,12,36,12,7,7,0,220
dual_camera,validation,1200,correct,libero_spatial,1,1,13,37,13,7,7,0,220
dual_camera,validation,1200,correct,libero_spatial,1,1,14,18,14,7,7,0,220
dual_camera,validation,1200,correct,libero_spatial,1,1,15,31,15,7,7,0,220
dual_camera,validation,1200,correct,libero_spatial,1,1,16,33,16,7,7,0,220
dual_camera,validation,1200,correct,libero_spatial,1,1,17,9,17,7,7,0,220
dual_camera,validation,1200,correct,libero_spatial,1,1,18,6,18,7,7,0,220
dual_camera,validation,1200,correct,libero_spatial,1,1,19,7,19,7,7,0,220
dual_camera,validation,1200,correct,libero_spatial,1,1,20,27,20,7,7,0,220
dual_camera,validation,1200,correct,libero_spatial,1,1,21,20,21,7,7,0,220
dual_camera,validation,1200,correct,libero_spatial,1,1,22,38,22,7,7,0,220
dual_camera,validation,1200,correct,libero_spatial,1,1,23,46,23,7,7,0,220
dual_camera,validation,1200,correct,libero_spatial,1,1,24,17,24,7,7,0,220
dual_camera,validation,1200,correct,libero_spatial,1,1,25,41,25,7,7,0,220
dual_camera,validation,1200,correct,libero_spatial,1,1,26,0,26,7,7,0,220
dual_camera,validation,1200,correct,libero_spatial,1,1,27,30,27,7,7,0,220
dual_camera,validation,1200,correct,libero_spatial,1,1,28,22,28,7,7,0,220
dual_camera,validation,1200,correct,libero_spatial,1,1,29,12,29,7,7,0,220
dual_camera,validation,1200,correct,libero_spatial,1,1,30,47,30,7,7,0,220
dual_camera,validation,1200,correct,libero_spatial,1,1,31,45,31,7,7,0,220
dual_camera,validation,1200,correct,libero_spatial,1,1,32,32,32,7,7,0,220
dual_camera,validation,1200,correct,libero_spatial,1,1,33,43,33,7,7,0,220
dual_camera,validation,1200,correct,libero_spatial,1,1,34,3,34,7,7,0,220
dual_camera,validation,1200,correct,libero_spatial,1,1,35,11,35,7,7,0,220
dual_camera,validation,1200,correct,libero_spatial,1,1,36,48,36,7,7,0,220
dual_camera,validation,1200,correct,libero_spatial,1,1,37,28,37,7,7,0,220
dual_camera,validation,1200,correct,libero_spatial,1,1,38,35,38,7,7,0,220
dual_camera,validation,1200,correct,libero_spatial,1,1,39,29,39,7,7,0,220
dual_camera,validation,1200,correct,libero_spatial,1,1,40,15,40,7,7,0,220
dual_camera,validation,1200,correct,libero_spatial,1,1,41,5,41,7,7,0,220
dual_camera,validation,1200,correct,libero_spatial,1,1,42,26,42,7,7,0,220
dual_camera,validation,1200,correct,libero_spatial,1,1,43,19,43,7,7,0,220
dual_camera,validation,1200,correct,libero_spatial,1,1,44,23,44,7,7,0,220
dual_camera,validation,1200,correct,libero_spatial,1,1,45,10,45,7,7,0,220
dual_camera,validation,1200,correct,libero_spatial,1,1,46,16,46,7,7,0,220
dual_camera,validation,1200,correct,libero_spatial,1,1,47,25,47,7,7,0,220
dual_camera,validation,1200,correct,libero_spatial,1,1,48,49,48,7,7,0,220
dual_camera,validation,1200,correct,libero_spatial,1,1,49,13,49,7,7,0,220
dual_camera,validation,1200,correct,libero_spatial,3,3,0,2,0,7,7,0,220
dual_camera,validation,1200,correct,libero_spatial,3,3,1,36,1,7,7,0,220
dual_camera,validation,1200,correct,libero_spatial,3,3,2,43,2,7,7,0,220
dual_camera,validation,1200,correct,libero_spatial,3,3,3,16,3,7,7,0,220
dual_camera,validation,1200,correct,libero_spatial,3,3,4,7,4,7,7,0,220
dual_camera,validation,1200,correct,libero_spatial,3,3,5,8,5,7,7,0,220
dual_camera,validation,1200,correct,libero_spatial,3,3,6,14,6,7,7,0,220
dual_camera,validation,1200,correct,libero_spatial,3,3,7,38,7,7,7,1,180
dual_camera,validation,1200,correct,libero_spatial,3,3,8,33,8,7,7,0,220
dual_camera,validation,1200,correct,libero_spatial,3,3,9,1,9,7,7,0,220
dual_camera,validation,1200,correct,libero_spatial,3,3,10,21,10,7,7,0,220
dual_camera,validation,1200,correct,libero_spatial,3,3,11,5,11,7,7,0,220
dual_camera,validation,1200,correct,libero_spatial,3,3,12,49,12,7,7,0,220
dual_camera,validation,1200,correct,libero_spatial,3,3,13,29,13,7,7,0,220
dual_camera,validation,1200,correct,libero_spatial,3,3,14,24,14,7,7,0,220
dual_camera,validation,1200,correct,libero_spatial,3,3,15,10,15,7,7,1,114
dual_camera,validation,1200,correct,libero_spatial,3,3,16,44,16,7,7,0,220
dual_camera,validation,1200,correct,libero_spatial,3,3,17,15,17,7,7,0,220
dual_camera,validation,1200,correct,libero_spatial,3,3,18,19,18,7,7,0,220
dual_camera,validation,1200,correct,libero_spatial,3,3,19,39,19,7,7,0,220
dual_camera,validation,1200,correct,libero_spatial,3,3,20,6,20,7,7,0,220
dual_camera,validation,1200,correct,libero_spatial,3,3,21,30,21,7,7,0,220
dual_camera,validation,1200,correct,libero_spatial,3,3,22,28,22,7,7,0,220
dual_camera,validation,1200,correct,libero_spatial,3,3,23,34,23,7,7,0,220
dual_camera,validation,1200,correct,libero_spatial,3,3,24,3,24,7,7,0,220
dual_camera,validation,1200,correct,libero_spatial,3,3,25,45,25,7,7,0,220
dual_camera,validation,1200,correct,libero_spatial,3,3,26,32,26,7,7,0,220
dual_camera,validation,1200,correct,libero_spatial,3,3,27,22,27,7,7,0,220
dual_camera,validation,1200,correct,libero_spatial,3,3,28,20,28,7,7,0,220
dual_camera,validation,1200,correct,libero_spatial,3,3,29,23,29,7,7,0,220
dual_camera,validation,1200,correct,libero_spatial,3,3,30,9,30,7,7,0,220
dual_camera,validation,1200,correct,libero_spatial,3,3,31,0,31,7,7,0,220
dual_camera,validation,1200,correct,libero_spatial,3,3,32,4,32,7,7,1,104
dual_camera,validation,1200,correct,libero_spatial,3,3,33,47,33,7,7,0,220
dual_camera,validation,1200,correct,libero_spatial,3,3,34,31,34,7,7,1,115
dual_camera,validation,1200,correct,libero_spatial,3,3,35,27,35,7,7,0,220
dual_camera,validation,1200,correct,libero_spatial,3,3,36,17,36,7,7,0,220
dual_camera,validation,1200,correct,libero_spatial,3,3,37,41,37,7,7,1,119
dual_camera,validation,1200,correct,libero_spatial,3,3,38,25,38,7,7,1,158
dual_camera,validation,1200,correct,libero_spatial,3,3,39,35,39,7,7,0,220
dual_camera,validation,1200,correct,libero_spatial,3,3,40,46,40,7,7,0,220
dual_camera,validation,1200,correct,libero_spatial,3,3,41,40,41,7,7,0,220
dual_camera,validation,1200,correct,libero_spatial,3,3,42,42,42,7,7,0,220
dual_camera,validation,1200,correct,libero_spatial,3,3,43,48,43,7,7,0,220
dual_camera,validation,1200,correct,libero_spatial,3,3,44,26,44,7,7,0,220
dual_camera,validation,1200,correct,libero_spatial,3,3,45,11,45,7,7,0,220
dual_camera,validation,1200,correct,libero_spatial,3,3,46,18,46,7,7,0,220
dual_camera,validation,1200,correct,libero_spatial,3,3,47,13,47,7,7,0,220
dual_camera,validation,1200,correct,libero_spatial,3,3,48,12,48,7,7,0,220
dual_camera,validation,1200,correct,libero_spatial,3,3,49,37,49,7,7,0,220
dual_camera,train,1200,correct,libero_10,34,4,32,48,32,7,7,0,520
dual_camera,train,1200,correct,libero_10,34,4,33,49,33,7,7,1,243
dual_camera,train,1200,correct,libero_10,34,4,34,47,34,7,7,1,299
dual_camera,train,1200,correct,libero_10,34,4,35,46,35,7,7,0,520
dual_camera,train,1200,correct,libero_10,35,5,32,48,32,7,7,0,520
dual_camera,train,1200,correct,libero_10,35,5,33,46,33,7,7,0,520
dual_camera,train,1200,correct,libero_10,35,5,34,49,34,7,7,1,191
dual_camera,train,1200,correct,libero_10,35,5,35,47,35,7,7,1,159
dual_camera,train,1200,correct,libero_10,36,6,32,49,32,7,7,1,492
dual_camera,train,1200,correct,libero_10,36,6,33,48,33,7,7,0,520
dual_camera,train,1200,correct,libero_10,36,6,34,46,34,7,7,1,289
dual_camera,train,1200,correct,libero_10,36,6,35,47,35,7,7,1,284
dual_camera,train,1200,correct,libero_10,37,7,32,49,32,7,7,0,520
dual_camera,train,1200,correct,libero_10,37,7,33,47,33,7,7,1,307
dual_camera,train,1200,correct,libero_10,37,7,34,46,34,7,7,1,296
dual_camera,train,1200,correct,libero_10,37,7,35,48,35,7,7,0,520
dual_camera,train,1200,correct,libero_10,38,8,32,48,32,7,7,0,520
dual_camera,train,1200,correct,libero_10,38,8,33,49,33,7,7,1,458
dual_camera,train,1200,correct,libero_10,38,8,34,46,34,7,7,0,520
dual_camera,train,1200,correct,libero_10,38,8,35,47,35,7,7,0,520
dual_camera,train,1200,correct,libero_10,39,9,32,47,32,7,7,0,520
dual_camera,train,1200,correct,libero_10,39,9,33,48,33,7,7,0,520
dual_camera,train,1200,correct,libero_10,39,9,34,46,34,7,7,0,520
dual_camera,train,1200,correct,libero_10,39,9,35,49,35,7,7,0,520
dual_camera,train,1200,correct,libero_goal,20,0,32,47,32,7,7,1,135
dual_camera,train,1200,correct,libero_goal,20,0,33,48,33,7,7,1,134
dual_camera,train,1200,correct,libero_goal,20,0,34,46,34,7,7,0,300
dual_camera,train,1200,correct,libero_goal,20,0,35,49,35,7,7,1,170
dual_camera,train,1200,correct,libero_goal,21,1,32,47,32,7,7,1,79
dual_camera,train,1200,correct,libero_goal,21,1,33,48,33,7,7,1,94
dual_camera,train,1200,correct,libero_goal,21,1,34,46,34,7,7,1,84
dual_camera,train,1200,correct,libero_goal,21,1,35,49,35,7,7,1,84
dual_camera,train,1200,correct,libero_goal,22,2,32,46,32,7,7,1,104
dual_camera,train,1200,correct,libero_goal,22,2,33,48,33,7,7,0,300
dual_camera,train,1200,correct,libero_goal,22,2,34,49,34,7,7,1,101
dual_camera,train,1200,correct,libero_goal,22,2,35,47,35,7,7,1,165
dual_camera,train,1200,correct,libero_goal,25,5,32,48,32,7,7,1,131
dual_camera,train,1200,correct,libero_goal,25,5,33,47,33,7,7,0,300
dual_camera,train,1200,correct,libero_goal,25,5,34,49,34,7,7,0,300
dual_camera,train,1200,correct,libero_goal,25,5,35,46,35,7,7,0,300
dual_camera,train,1200,correct,libero_goal,28,8,32,49,32,7,7,1,92
dual_camera,train,1200,correct,libero_goal,28,8,33,47,33,7,7,1,90
dual_camera,train,1200,correct,libero_goal,28,8,34,46,34,7,7,1,84
dual_camera,train,1200,correct,libero_goal,28,8,35,48,35,7,7,1,73
dual_camera,train,1200,correct,libero_goal,29,9,32,46,32,7,7,0,300
dual_camera,train,1200,correct,libero_goal,29,9,33,48,33,7,7,0,300
dual_camera,train,1200,correct,libero_goal,29,9,34,49,34,7,7,0,300
dual_camera,train,1200,correct,libero_goal,29,9,35,47,35,7,7,0,300
dual_camera,train,1200,correct,libero_object,12,2,32,48,32,7,7,1,186
dual_camera,train,1200,correct,libero_object,12,2,33,49,33,7,7,1,130
dual_camera,train,1200,correct,libero_object,12,2,34,47,34,7,7,1,126
dual_camera,train,1200,correct,libero_object,12,2,35,46,35,7,7,1,127
dual_camera,train,1200,correct,libero_object,14,4,32,47,32,7,7,1,147
dual_camera,train,1200,correct,libero_object,14,4,33,46,33,7,7,0,280
dual_camera,train,1200,correct,libero_object,14,4,34,49,34,7,7,1,130
dual_camera,train,1200,correct,libero_object,14,4,35,48,35,7,7,1,146
dual_camera,train,1200,correct,libero_object,15,5,32,48,32,7,7,1,172
dual_camera,train,1200,correct,libero_object,15,5,33,47,33,7,7,1,170
dual_camera,train,1200,correct,libero_object,15,5,34,46,34,7,7,0,280
dual_camera,train,1200,correct,libero_object,15,5,35,49,35,7,7,0,280
dual_camera,train,1200,correct,libero_object,16,6,32,48,32,7,7,1,176
dual_camera,train,1200,correct,libero_object,16,6,33,46,33,7,7,1,172
dual_camera,train,1200,correct,libero_object,16,6,34,47,34,7,7,1,128
dual_camera,train,1200,correct,libero_object,16,6,35,49,35,7,7,1,135
dual_camera,train,1200,correct,libero_object,18,8,32,47,32,7,7,0,280
dual_camera,train,1200,correct,libero_object,18,8,33,49,33,7,7,1,145
dual_camera,train,1200,correct,libero_object,18,8,34,46,34,7,7,1,137
dual_camera,train,1200,correct,libero_object,18,8,35,48,35,7,7,1,152
dual_camera,train,1200,correct,libero_object,19,9,32,46,32,7,7,1,203
dual_camera,train,1200,correct,libero_object,19,9,33,47,33,7,7,1,154
dual_camera,train,1200,correct,libero_object,19,9,34,49,34,7,7,1,105
dual_camera,train,1200,correct,libero_object,19,9,35,48,35,7,7,1,109
dual_camera,train,1200,correct,libero_spatial,0,0,32,48,32,7,7,1,75
dual_camera,train,1200,correct,libero_spatial,0,0,33,46,33,7,7,0,220
dual_camera,train,1200,correct,libero_spatial,0,0,34,47,34,7,7,0,220
dual_camera,train,1200,correct,libero_spatial,0,0,35,49,35,7,7,1,92
dual_camera,train,1200,correct,libero_spatial,2,2,32,49,32,7,7,1,100
dual_camera,train,1200,correct,libero_spatial,2,2,33,47,33,7,7,1,99
dual_camera,train,1200,correct,libero_spatial,2,2,34,48,34,7,7,1,96
dual_camera,train,1200,correct,libero_spatial,2,2,35,46,35,7,7,0,220
dual_camera,train,1200,correct,libero_spatial,4,4,32,46,32,7,7,1,132
dual_camera,train,1200,correct,libero_spatial,4,4,33,49,33,7,7,1,166
dual_camera,train,1200,correct,libero_spatial,4,4,34,48,34,7,7,1,146
dual_camera,train,1200,correct,libero_spatial,4,4,35,47,35,7,7,1,134
dual_camera,train,1200,correct,libero_spatial,5,5,32,49,32,7,7,0,220
dual_camera,train,1200,correct,libero_spatial,5,5,33,47,33,7,7,1,86
dual_camera,train,1200,correct,libero_spatial,5,5,34,46,34,7,7,1,89
dual_camera,train,1200,correct,libero_spatial,5,5,35,48,35,7,7,1,87
dual_camera,train,1200,correct,libero_spatial,7,7,32,49,32,7,7,1,138
dual_camera,train,1200,correct,libero_spatial,7,7,33,46,33,7,7,1,134
dual_camera,train,1200,correct,libero_spatial,7,7,34,48,34,7,7,1,157
dual_camera,train,1200,correct,libero_spatial,7,7,35,47,35,7,7,1,136
dual_camera,train,1200,correct,libero_spatial,9,9,32,46,32,7,7,1,112
dual_camera,train,1200,correct,libero_spatial,9,9,33,47,33,7,7,1,127
dual_camera,train,1200,correct,libero_spatial,9,9,34,48,34,7,7,1,136
dual_camera,train,1200,correct,libero_spatial,9,9,35,49,35,7,7,0,220
dual_camera,validation,1500,correct,libero_10,31,1,0,47,0,7,7,0,520
dual_camera,validation,1500,correct,libero_10,31,1,1,9,1,7,7,0,520
dual_camera,validation,1500,correct,libero_10,31,1,2,3,2,7,7,0,520
dual_camera,validation,1500,correct,libero_10,31,1,3,32,3,7,7,1,267
dual_camera,validation,1500,correct,libero_10,31,1,4,15,4,7,7,0,520
dual_camera,validation,1500,correct,libero_10,31,1,5,18,5,7,7,0,520
dual_camera,validation,1500,correct,libero_10,31,1,6,34,6,7,7,0,520
dual_camera,validation,1500,correct,libero_10,31,1,7,11,7,7,7,0,520
dual_camera,validation,1500,correct,libero_10,31,1,8,31,8,7,7,0,520
dual_camera,validation,1500,correct,libero_10,31,1,9,45,9,7,7,0,520
dual_camera,validation,1500,correct,libero_10,31,1,10,49,10,7,7,1,483
dual_camera,validation,1500,correct,libero_10,31,1,11,28,11,7,7,1,297
dual_camera,validation,1500,correct,libero_10,31,1,12,39,12,7,7,1,462
dual_camera,validation,1500,correct,libero_10,31,1,13,43,13,7,7,1,374
dual_camera,validation,1500,correct,libero_10,31,1,14,12,14,7,7,1,338
dual_camera,validation,1500,correct,libero_10,31,1,15,38,15,7,7,0,520
dual_camera,validation,1500,correct,libero_10,31,1,16,35,16,7,7,1,259
dual_camera,validation,1500,correct,libero_10,31,1,17,33,17,7,7,0,520
dual_camera,validation,1500,correct,libero_10,31,1,18,42,18,7,7,0,520
dual_camera,validation,1500,correct,libero_10,31,1,19,24,19,7,7,0,520
dual_camera,validation,1500,correct,libero_10,31,1,20,21,20,7,7,1,287
dual_camera,validation,1500,correct,libero_10,31,1,21,23,21,7,7,0,520
dual_camera,validation,1500,correct,libero_10,31,1,22,2,22,7,7,0,520
dual_camera,validation,1500,correct,libero_10,31,1,23,48,23,7,7,0,520
dual_camera,validation,1500,correct,libero_10,31,1,24,0,24,7,7,1,455
dual_camera,validation,1500,correct,libero_10,31,1,25,7,25,7,7,1,460
dual_camera,validation,1500,correct,libero_10,31,1,26,37,26,7,7,0,520
dual_camera,validation,1500,correct,libero_10,31,1,27,4,27,7,7,0,520
dual_camera,validation,1500,correct,libero_10,31,1,28,20,28,7,7,1,397
dual_camera,validation,1500,correct,libero_10,31,1,29,25,29,7,7,0,520
dual_camera,validation,1500,correct,libero_10,31,1,30,46,30,7,7,0,520
dual_camera,validation,1500,correct,libero_10,31,1,31,22,31,7,7,0,520
dual_camera,validation,1500,correct,libero_10,31,1,32,41,32,7,7,0,520
dual_camera,validation,1500,correct,libero_10,31,1,33,40,33,7,7,0,520
dual_camera,validation,1500,correct,libero_10,31,1,34,13,34,7,7,0,520
dual_camera,validation,1500,correct,libero_10,31,1,35,16,35,7,7,0,520
dual_camera,validation,1500,correct,libero_10,31,1,36,10,36,7,7,0,520
dual_camera,validation,1500,correct,libero_10,31,1,37,17,37,7,7,1,282
dual_camera,validation,1500,correct,libero_10,31,1,38,6,38,7,7,1,306
dual_camera,validation,1500,correct,libero_10,31,1,39,27,39,7,7,0,520
dual_camera,validation,1500,correct,libero_10,31,1,40,36,40,7,7,0,520
dual_camera,validation,1500,correct,libero_10,31,1,41,26,41,7,7,1,341
dual_camera,validation,1500,correct,libero_10,31,1,42,44,42,7,7,0,520
dual_camera,validation,1500,correct,libero_10,31,1,43,19,43,7,7,1,291
dual_camera,validation,1500,correct,libero_10,31,1,44,14,44,7,7,0,520
dual_camera,validation,1500,correct,libero_10,31,1,45,8,45,7,7,1,375
dual_camera,validation,1500,correct,libero_10,31,1,46,5,46,7,7,1,356
dual_camera,validation,1500,correct,libero_10,31,1,47,30,47,7,7,1,410
dual_camera,validation,1500,correct,libero_10,31,1,48,29,48,7,7,1,292
dual_camera,validation,1500,correct,libero_10,31,1,49,1,49,7,7,0,520
dual_camera,validation,1500,correct,libero_10,32,2,0,16,0,7,7,0,520
dual_camera,validation,1500,correct,libero_10,32,2,1,35,1,7,7,0,520
dual_camera,validation,1500,correct,libero_10,32,2,2,12,2,7,7,0,520
dual_camera,validation,1500,correct,libero_10,32,2,3,8,3,7,7,0,520
dual_camera,validation,1500,correct,libero_10,32,2,4,37,4,7,7,0,520
dual_camera,validation,1500,correct,libero_10,32,2,5,42,5,7,7,0,520
dual_camera,validation,1500,correct,libero_10,32,2,6,15,6,7,7,0,520
dual_camera,validation,1500,correct,libero_10,32,2,7,43,7,7,7,0,520
dual_camera,validation,1500,correct,libero_10,32,2,8,33,8,7,7,0,520
dual_camera,validation,1500,correct,libero_10,32,2,9,25,9,7,7,0,520
dual_camera,validation,1500,correct,libero_10,32,2,10,3,10,7,7,0,520
dual_camera,validation,1500,correct,libero_10,32,2,11,29,11,7,7,0,520
dual_camera,validation,1500,correct,libero_10,32,2,12,24,12,7,7,0,520
dual_camera,validation,1500,correct,libero_10,32,2,13,28,13,7,7,0,520
dual_camera,validation,1500,correct,libero_10,32,2,14,47,14,7,7,0,520
dual_camera,validation,1500,correct,libero_10,32,2,15,36,15,7,7,0,520
dual_camera,validation,1500,correct,libero_10,32,2,16,18,16,7,7,0,520
dual_camera,validation,1500,correct,libero_10,32,2,17,46,17,7,7,0,520
dual_camera,validation,1500,correct,libero_10,32,2,18,39,18,7,7,0,520
dual_camera,validation,1500,correct,libero_10,32,2,19,31,19,7,7,0,520
dual_camera,validation,1500,correct,libero_10,32,2,20,32,20,7,7,0,520
dual_camera,validation,1500,correct,libero_10,32,2,21,34,21,7,7,0,520
dual_camera,validation,1500,correct,libero_10,32,2,22,19,22,7,7,0,520
dual_camera,validation,1500,correct,libero_10,32,2,23,49,23,7,7,0,520
dual_camera,validation,1500,correct,libero_10,32,2,24,45,24,7,7,0,520
dual_camera,validation,1500,correct,libero_10,32,2,25,21,25,7,7,0,520
dual_camera,validation,1500,correct,libero_10,32,2,26,44,26,7,7,0,520
dual_camera,validation,1500,correct,libero_10,32,2,27,2,27,7,7,0,520
dual_camera,validation,1500,correct,libero_10,32,2,28,38,28,7,7,0,520
dual_camera,validation,1500,correct,libero_10,32,2,29,5,29,7,7,0,520
dual_camera,validation,1500,correct,libero_10,32,2,30,1,30,7,7,0,520
dual_camera,validation,1500,correct,libero_10,32,2,31,27,31,7,7,0,520
dual_camera,validation,1500,correct,libero_10,32,2,32,7,32,7,7,0,520
dual_camera,validation,1500,correct,libero_10,32,2,33,13,33,7,7,0,520
dual_camera,validation,1500,correct,libero_10,32,2,34,23,34,7,7,0,520
dual_camera,validation,1500,correct,libero_10,32,2,35,11,35,7,7,0,520
dual_camera,validation,1500,correct,libero_10,32,2,36,9,36,7,7,0,520
dual_camera,validation,1500,correct,libero_10,32,2,37,0,37,7,7,0,520
dual_camera,validation,1500,correct,libero_10,32,2,38,10,38,7,7,0,520
dual_camera,validation,1500,correct,libero_10,32,2,39,26,39,7,7,0,520
dual_camera,validation,1500,correct,libero_10,32,2,40,4,40,7,7,0,520
dual_camera,validation,1500,correct,libero_10,32,2,41,30,41,7,7,0,520
dual_camera,validation,1500,correct,libero_10,32,2,42,40,42,7,7,0,520
dual_camera,validation,1500,correct,libero_10,32,2,43,22,43,7,7,0,520
dual_camera,validation,1500,correct,libero_10,32,2,44,41,44,7,7,0,520
dual_camera,validation,1500,correct,libero_10,32,2,45,17,45,7,7,0,520
dual_camera,validation,1500,correct,libero_10,32,2,46,20,46,7,7,0,520
dual_camera,validation,1500,correct,libero_10,32,2,47,14,47,7,7,0,520
dual_camera,validation,1500,correct,libero_10,32,2,48,48,48,7,7,0,520
dual_camera,validation,1500,correct,libero_10,32,2,49,6,49,7,7,0,520
dual_camera,validation,1500,correct,libero_goal,23,3,0,35,0,7,7,0,300
dual_camera,validation,1500,correct,libero_goal,23,3,1,13,1,7,7,0,300
dual_camera,validation,1500,correct,libero_goal,23,3,2,15,2,7,7,0,300
dual_camera,validation,1500,correct,libero_goal,23,3,3,8,3,7,7,0,300
dual_camera,validation,1500,correct,libero_goal,23,3,4,34,4,7,7,0,300
dual_camera,validation,1500,correct,libero_goal,23,3,5,28,5,7,7,0,300
dual_camera,validation,1500,correct,libero_goal,23,3,6,29,6,7,7,0,300
dual_camera,validation,1500,correct,libero_goal,23,3,7,19,7,7,7,0,300
dual_camera,validation,1500,correct,libero_goal,23,3,8,17,8,7,7,0,300
dual_camera,validation,1500,correct,libero_goal,23,3,9,2,9,7,7,0,300
dual_camera,validation,1500,correct,libero_goal,23,3,10,0,10,7,7,0,300
dual_camera,validation,1500,correct,libero_goal,23,3,11,31,11,7,7,0,300
dual_camera,validation,1500,correct,libero_goal,23,3,12,3,12,7,7,0,300
dual_camera,validation,1500,correct,libero_goal,23,3,13,30,13,7,7,0,300
dual_camera,validation,1500,correct,libero_goal,23,3,14,5,14,7,7,0,300
dual_camera,validation,1500,correct,libero_goal,23,3,15,26,15,7,7,0,300
dual_camera,validation,1500,correct,libero_goal,23,3,16,4,16,7,7,0,300
dual_camera,validation,1500,correct,libero_goal,23,3,17,9,17,7,7,0,300
dual_camera,validation,1500,correct,libero_goal,23,3,18,14,18,7,7,0,300
dual_camera,validation,1500,correct,libero_goal,23,3,19,12,19,7,7,0,300
dual_camera,validation,1500,correct,libero_goal,23,3,20,27,20,7,7,0,300
dual_camera,validation,1500,correct,libero_goal,23,3,21,32,21,7,7,0,300
dual_camera,validation,1500,correct,libero_goal,23,3,22,36,22,7,7,0,300
dual_camera,validation,1500,correct,libero_goal,23,3,23,44,23,7,7,0,300
dual_camera,validation,1500,correct,libero_goal,23,3,24,46,24,7,7,0,300
dual_camera,validation,1500,correct,libero_goal,23,3,25,11,25,7,7,0,300
dual_camera,validation,1500,correct,libero_goal,23,3,26,41,26,7,7,0,300
dual_camera,validation,1500,correct,libero_goal,23,3,27,16,27,7,7,0,300
dual_camera,validation,1500,correct,libero_goal,23,3,28,48,28,7,7,0,300
dual_camera,validation,1500,correct,libero_goal,23,3,29,23,29,7,7,0,300
dual_camera,validation,1500,correct,libero_goal,23,3,30,21,30,7,7,0,300
dual_camera,validation,1500,correct,libero_goal,23,3,31,38,31,7,7,0,300
dual_camera,validation,1500,correct,libero_goal,23,3,32,22,32,7,7,0,300
dual_camera,validation,1500,correct,libero_goal,23,3,33,39,33,7,7,0,300
dual_camera,validation,1500,correct,libero_goal,23,3,34,42,34,7,7,0,300
dual_camera,validation,1500,correct,libero_goal,23,3,35,18,35,7,7,0,300
dual_camera,validation,1500,correct,libero_goal,23,3,36,6,36,7,7,0,300
dual_camera,validation,1500,correct,libero_goal,23,3,37,49,37,7,7,0,300
dual_camera,validation,1500,correct,libero_goal,23,3,38,33,38,7,7,0,300
dual_camera,validation,1500,correct,libero_goal,23,3,39,37,39,7,7,0,300
dual_camera,validation,1500,correct,libero_goal,23,3,40,24,40,7,7,0,300
dual_camera,validation,1500,correct,libero_goal,23,3,41,7,41,7,7,0,300
dual_camera,validation,1500,correct,libero_goal,23,3,42,40,42,7,7,0,300
dual_camera,validation,1500,correct,libero_goal,23,3,43,1,43,7,7,0,300
dual_camera,validation,1500,correct,libero_goal,23,3,44,20,44,7,7,0,300
dual_camera,validation,1500,correct,libero_goal,23,3,45,45,45,7,7,0,300
dual_camera,validation,1500,correct,libero_goal,23,3,46,10,46,7,7,0,300
dual_camera,validation,1500,correct,libero_goal,23,3,47,47,47,7,7,0,300
dual_camera,validation,1500,correct,libero_goal,23,3,48,43,48,7,7,0,300
dual_camera,validation,1500,correct,libero_goal,23,3,49,25,49,7,7,0,300
dual_camera,validation,1500,correct,libero_goal,26,6,0,45,0,7,7,0,300
dual_camera,validation,1500,correct,libero_goal,26,6,1,8,1,7,7,1,128
dual_camera,validation,1500,correct,libero_goal,26,6,2,22,2,7,7,1,121
dual_camera,validation,1500,correct,libero_goal,26,6,3,34,3,7,7,0,300
dual_camera,validation,1500,correct,libero_goal,26,6,4,49,4,7,7,1,111
dual_camera,validation,1500,correct,libero_goal,26,6,5,41,5,7,7,0,300
dual_camera,validation,1500,correct,libero_goal,26,6,6,9,6,7,7,1,122
dual_camera,validation,1500,correct,libero_goal,26,6,7,40,7,7,7,1,96
dual_camera,validation,1500,correct,libero_goal,26,6,8,29,8,7,7,1,123
dual_camera,validation,1500,correct,libero_goal,26,6,9,26,9,7,7,1,97
dual_camera,validation,1500,correct,libero_goal,26,6,10,7,10,7,7,0,300
dual_camera,validation,1500,correct,libero_goal,26,6,11,10,11,7,7,1,127
dual_camera,validation,1500,correct,libero_goal,26,6,12,44,12,7,7,1,127
dual_camera,validation,1500,correct,libero_goal,26,6,13,1,13,7,7,0,300
dual_camera,validation,1500,correct,libero_goal,26,6,14,35,14,7,7,1,123
dual_camera,validation,1500,correct,libero_goal,26,6,15,20,15,7,7,0,300
dual_camera,validation,1500,correct,libero_goal,26,6,16,2,16,7,7,0,300
dual_camera,validation,1500,correct,libero_goal,26,6,17,0,17,7,7,0,300
dual_camera,validation,1500,correct,libero_goal,26,6,18,23,18,7,7,1,112
dual_camera,validation,1500,correct,libero_goal,26,6,19,36,19,7,7,1,126
dual_camera,validation,1500,correct,libero_goal,26,6,20,43,20,7,7,0,300
dual_camera,validation,1500,correct,libero_goal,26,6,21,21,21,7,7,1,116
dual_camera,validation,1500,correct,libero_goal,26,6,22,31,22,7,7,1,113
dual_camera,validation,1500,correct,libero_goal,26,6,23,27,23,7,7,1,141
dual_camera,validation,1500,correct,libero_goal,26,6,24,47,24,7,7,0,300
dual_camera,validation,1500,correct,libero_goal,26,6,25,5,25,7,7,1,117
dual_camera,validation,1500,correct,libero_goal,26,6,26,11,26,7,7,1,131
dual_camera,validation,1500,correct,libero_goal,26,6,27,24,27,7,7,1,149
dual_camera,validation,1500,correct,libero_goal,26,6,28,38,28,7,7,1,107
dual_camera,validation,1500,correct,libero_goal,26,6,29,16,29,7,7,1,215
dual_camera,validation,1500,correct,libero_goal,26,6,30,39,30,7,7,1,112
dual_camera,validation,1500,correct,libero_goal,26,6,31,12,31,7,7,1,116
dual_camera,validation,1500,correct,libero_goal,26,6,32,42,32,7,7,0,300
dual_camera,validation,1500,correct,libero_goal,26,6,33,48,33,7,7,1,114
dual_camera,validation,1500,correct,libero_goal,26,6,34,32,34,7,7,1,126
dual_camera,validation,1500,correct,libero_goal,26,6,35,13,35,7,7,0,300
dual_camera,validation,1500,correct,libero_goal,26,6,36,4,36,7,7,1,122
dual_camera,validation,1500,correct,libero_goal,26,6,37,30,37,7,7,1,127
dual_camera,validation,1500,correct,libero_goal,26,6,38,3,38,7,7,1,107
dual_camera,validation,1500,correct,libero_goal,26,6,39,46,39,7,7,0,300
dual_camera,validation,1500,correct,libero_goal,26,6,40,14,40,7,7,1,166
dual_camera,validation,1500,correct,libero_goal,26,6,41,28,41,7,7,1,133
dual_camera,validation,1500,correct,libero_goal,26,6,42,19,42,7,7,1,136
dual_camera,validation,1500,correct,libero_goal,26,6,43,17,43,7,7,1,144
dual_camera,validation,1500,correct,libero_goal,26,6,44,33,44,7,7,1,122
dual_camera,validation,1500,correct,libero_goal,26,6,45,37,45,7,7,1,119
dual_camera,validation,1500,correct,libero_goal,26,6,46,15,46,7,7,1,118
dual_camera,validation,1500,correct,libero_goal,26,6,47,25,47,7,7,1,125
dual_camera,validation,1500,correct,libero_goal,26,6,48,6,48,7,7,0,300
dual_camera,validation,1500,correct,libero_goal,26,6,49,18,49,7,7,1,136
dual_camera,validation,1500,correct,libero_object,11,1,0,34,0,7,7,0,280
dual_camera,validation,1500,correct,libero_object,11,1,1,10,1,7,7,0,280
dual_camera,validation,1500,correct,libero_object,11,1,2,12,2,7,7,1,243
dual_camera,validation,1500,correct,libero_object,11,1,3,2,3,7,7,1,138
dual_camera,validation,1500,correct,libero_object,11,1,4,39,4,7,7,1,171
dual_camera,validation,1500,correct,libero_object,11,1,5,8,5,7,7,1,234
dual_camera,validation,1500,correct,libero_object,11,1,6,35,6,7,7,0,280
dual_camera,validation,1500,correct,libero_object,11,1,7,41,7,7,7,1,145
dual_camera,validation,1500,correct,libero_object,11,1,8,45,8,7,7,0,280
dual_camera,validation,1500,correct,libero_object,11,1,9,16,9,7,7,1,177
dual_camera,validation,1500,correct,libero_object,11,1,10,4,10,7,7,1,242
dual_camera,validation,1500,correct,libero_object,11,1,11,3,11,7,7,1,132
dual_camera,validation,1500,correct,libero_object,11,1,12,30,12,7,7,0,280
dual_camera,validation,1500,correct,libero_object,11,1,13,23,13,7,7,1,200
dual_camera,validation,1500,correct,libero_object,11,1,14,14,14,7,7,0,280
dual_camera,validation,1500,correct,libero_object,11,1,15,48,15,7,7,1,172
dual_camera,validation,1500,correct,libero_object,11,1,16,33,16,7,7,1,172
dual_camera,validation,1500,correct,libero_object,11,1,17,18,17,7,7,1,188
dual_camera,validation,1500,correct,libero_object,11,1,18,13,18,7,7,0,280
dual_camera,validation,1500,correct,libero_object,11,1,19,46,19,7,7,1,137
dual_camera,validation,1500,correct,libero_object,11,1,20,43,20,7,7,0,280
dual_camera,validation,1500,correct,libero_object,11,1,21,28,21,7,7,0,280
dual_camera,validation,1500,correct,libero_object,11,1,22,29,22,7,7,1,172
dual_camera,validation,1500,correct,libero_object,11,1,23,17,23,7,7,1,187
dual_camera,validation,1500,correct,libero_object,11,1,24,37,24,7,7,1,131
dual_camera,validation,1500,correct,libero_object,11,1,25,31,25,7,7,0,280
dual_camera,validation,1500,correct,libero_object,11,1,26,26,26,7,7,1,192
dual_camera,validation,1500,correct,libero_object,11,1,27,40,27,7,7,1,180
dual_camera,validation,1500,correct,libero_object,11,1,28,42,28,7,7,1,248
dual_camera,validation,1500,correct,libero_object,11,1,29,32,29,7,7,1,145
dual_camera,validation,1500,correct,libero_object,11,1,30,24,30,7,7,0,280
dual_camera,validation,1500,correct,libero_object,11,1,31,19,31,7,7,0,280
dual_camera,validation,1500,correct,libero_object,11,1,32,47,32,7,7,0,280
dual_camera,validation,1500,correct,libero_object,11,1,33,38,33,7,7,1,138
dual_camera,validation,1500,correct,libero_object,11,1,34,11,34,7,7,0,280
dual_camera,validation,1500,correct,libero_object,11,1,35,22,35,7,7,1,142
dual_camera,validation,1500,correct,libero_object,11,1,36,25,36,7,7,1,140
dual_camera,validation,1500,correct,libero_object,11,1,37,15,37,7,7,1,171
dual_camera,validation,1500,correct,libero_object,11,1,38,9,38,7,7,0,280
dual_camera,validation,1500,correct,libero_object,11,1,39,5,39,7,7,0,280
dual_camera,validation,1500,correct,libero_object,11,1,40,7,40,7,7,0,280
dual_camera,validation,1500,correct,libero_object,11,1,41,1,41,7,7,1,258
dual_camera,validation,1500,correct,libero_object,11,1,42,27,42,7,7,1,118
dual_camera,validation,1500,correct,libero_object,11,1,43,20,43,7,7,1,277
dual_camera,validation,1500,correct,libero_object,11,1,44,0,44,7,7,1,130
dual_camera,validation,1500,correct,libero_object,11,1,45,49,45,7,7,1,182
dual_camera,validation,1500,correct,libero_object,11,1,46,44,46,7,7,1,232
dual_camera,validation,1500,correct,libero_object,11,1,47,36,47,7,7,1,143
dual_camera,validation,1500,correct,libero_object,11,1,48,6,48,7,7,0,280
dual_camera,validation,1500,correct,libero_object,11,1,49,21,49,7,7,0,280
dual_camera,validation,1500,correct,libero_object,13,3,0,33,0,7,7,0,280
dual_camera,validation,1500,correct,libero_object,13,3,1,20,1,7,7,1,127
dual_camera,validation,1500,correct,libero_object,13,3,2,18,2,7,7,0,280
dual_camera,validation,1500,correct,libero_object,13,3,3,9,3,7,7,0,280
dual_camera,validation,1500,correct,libero_object,13,3,4,42,4,7,7,0,280
dual_camera,validation,1500,correct,libero_object,13,3,5,34,5,7,7,0,280
dual_camera,validation,1500,correct,libero_object,13,3,6,24,6,7,7,1,242
dual_camera,validation,1500,correct,libero_object,13,3,7,28,7,7,7,0,280
dual_camera,validation,1500,correct,libero_object,13,3,8,25,8,7,7,0,280
dual_camera,validation,1500,correct,libero_object,13,3,9,3,9,7,7,0,280
dual_camera,validation,1500,correct,libero_object,13,3,10,16,10,7,7,0,280
dual_camera,validation,1500,correct,libero_object,13,3,11,14,11,7,7,0,280
dual_camera,validation,1500,correct,libero_object,13,3,12,44,12,7,7,0,280
dual_camera,validation,1500,correct,libero_object,13,3,13,8,13,7,7,0,280
dual_camera,validation,1500,correct,libero_object,13,3,14,48,14,7,7,0,280
dual_camera,validation,1500,correct,libero_object,13,3,15,2,15,7,7,0,280
dual_camera,validation,1500,correct,libero_object,13,3,16,36,16,7,7,1,198
dual_camera,validation,1500,correct,libero_object,13,3,17,35,17,7,7,0,280
dual_camera,validation,1500,correct,libero_object,13,3,18,0,18,7,7,0,280
dual_camera,validation,1500,correct,libero_object,13,3,19,47,19,7,7,0,280
dual_camera,validation,1500,correct,libero_object,13,3,20,30,20,7,7,0,280
dual_camera,validation,1500,correct,libero_object,13,3,21,4,21,7,7,0,280
dual_camera,validation,1500,correct,libero_object,13,3,22,13,22,7,7,0,280
dual_camera,validation,1500,correct,libero_object,13,3,23,45,23,7,7,0,280
dual_camera,validation,1500,correct,libero_object,13,3,24,43,24,7,7,0,280
dual_camera,validation,1500,correct,libero_object,13,3,25,5,25,7,7,1,140
dual_camera,validation,1500,correct,libero_object,13,3,26,7,26,7,7,0,280
dual_camera,validation,1500,correct,libero_object,13,3,27,46,27,7,7,1,112
dual_camera,validation,1500,correct,libero_object,13,3,28,15,28,7,7,1,147
dual_camera,validation,1500,correct,libero_object,13,3,29,49,29,7,7,0,280
dual_camera,validation,1500,correct,libero_object,13,3,30,26,30,7,7,0,280
dual_camera,validation,1500,correct,libero_object,13,3,31,10,31,7,7,1,132
dual_camera,validation,1500,correct,libero_object,13,3,32,23,32,7,7,0,280
dual_camera,validation,1500,correct,libero_object,13,3,33,17,33,7,7,1,136
dual_camera,validation,1500,correct,libero_object,13,3,34,1,34,7,7,0,280
dual_camera,validation,1500,correct,libero_object,13,3,35,21,35,7,7,0,280
dual_camera,validation,1500,correct,libero_object,13,3,36,12,36,7,7,1,136
dual_camera,validation,1500,correct,libero_object,13,3,37,11,37,7,7,0,280
dual_camera,validation,1500,correct,libero_object,13,3,38,40,38,7,7,0,280
dual_camera,validation,1500,correct,libero_object,13,3,39,41,39,7,7,0,280
dual_camera,validation,1500,correct,libero_object,13,3,40,19,40,7,7,0,280
dual_camera,validation,1500,correct,libero_object,13,3,41,32,41,7,7,1,122
dual_camera,validation,1500,correct,libero_object,13,3,42,38,42,7,7,1,192
dual_camera,validation,1500,correct,libero_object,13,3,43,22,43,7,7,1,135
dual_camera,validation,1500,correct,libero_object,13,3,44,29,44,7,7,0,280
dual_camera,validation,1500,correct,libero_object,13,3,45,37,45,7,7,0,280
dual_camera,validation,1500,correct,libero_object,13,3,46,31,46,7,7,0,280
dual_camera,validation,1500,correct,libero_object,13,3,47,6,47,7,7,0,280
dual_camera,validation,1500,correct,libero_object,13,3,48,27,48,7,7,0,280
dual_camera,validation,1500,correct,libero_object,13,3,49,39,49,7,7,0,280
dual_camera,validation,1500,correct,libero_spatial,1,1,0,1,0,7,7,0,220
dual_camera,validation,1500,correct,libero_spatial,1,1,1,21,1,7,7,0,220
dual_camera,validation,1500,correct,libero_spatial,1,1,2,39,2,7,7,0,220
dual_camera,validation,1500,correct,libero_spatial,1,1,3,14,3,7,7,0,220
dual_camera,validation,1500,correct,libero_spatial,1,1,4,2,4,7,7,0,220
dual_camera,validation,1500,correct,libero_spatial,1,1,5,34,5,7,7,0,220
dual_camera,validation,1500,correct,libero_spatial,1,1,6,40,6,7,7,0,220
dual_camera,validation,1500,correct,libero_spatial,1,1,7,8,7,7,7,0,220
dual_camera,validation,1500,correct,libero_spatial,1,1,8,4,8,7,7,0,220
dual_camera,validation,1500,correct,libero_spatial,1,1,9,42,9,7,7,0,220
dual_camera,validation,1500,correct,libero_spatial,1,1,10,44,10,7,7,0,220
dual_camera,validation,1500,correct,libero_spatial,1,1,11,24,11,7,7,0,220
dual_camera,validation,1500,correct,libero_spatial,1,1,12,36,12,7,7,0,220
dual_camera,validation,1500,correct,libero_spatial,1,1,13,37,13,7,7,0,220
dual_camera,validation,1500,correct,libero_spatial,1,1,14,18,14,7,7,0,220
dual_camera,validation,1500,correct,libero_spatial,1,1,15,31,15,7,7,0,220
dual_camera,validation,1500,correct,libero_spatial,1,1,16,33,16,7,7,0,220
dual_camera,validation,1500,correct,libero_spatial,1,1,17,9,17,7,7,0,220
dual_camera,validation,1500,correct,libero_spatial,1,1,18,6,18,7,7,0,220
dual_camera,validation,1500,correct,libero_spatial,1,1,19,7,19,7,7,0,220
dual_camera,validation,1500,correct,libero_spatial,1,1,20,27,20,7,7,0,220
dual_camera,validation,1500,correct,libero_spatial,1,1,21,20,21,7,7,0,220
dual_camera,validation,1500,correct,libero_spatial,1,1,22,38,22,7,7,0,220
dual_camera,validation,1500,correct,libero_spatial,1,1,23,46,23,7,7,0,220
dual_camera,validation,1500,correct,libero_spatial,1,1,24,17,24,7,7,0,220
dual_camera,validation,1500,correct,libero_spatial,1,1,25,41,25,7,7,0,220
dual_camera,validation,1500,correct,libero_spatial,1,1,26,0,26,7,7,0,220
dual_camera,validation,1500,correct,libero_spatial,1,1,27,30,27,7,7,0,220
dual_camera,validation,1500,correct,libero_spatial,1,1,28,22,28,7,7,0,220
dual_camera,validation,1500,correct,libero_spatial,1,1,29,12,29,7,7,0,220
dual_camera,validation,1500,correct,libero_spatial,1,1,30,47,30,7,7,0,220
dual_camera,validation,1500,correct,libero_spatial,1,1,31,45,31,7,7,0,220
dual_camera,validation,1500,correct,libero_spatial,1,1,32,32,32,7,7,0,220
dual_camera,validation,1500,correct,libero_spatial,1,1,33,43,33,7,7,0,220
dual_camera,validation,1500,correct,libero_spatial,1,1,34,3,34,7,7,1,216
dual_camera,validation,1500,correct,libero_spatial,1,1,35,11,35,7,7,0,220
dual_camera,validation,1500,correct,libero_spatial,1,1,36,48,36,7,7,0,220
dual_camera,validation,1500,correct,libero_spatial,1,1,37,28,37,7,7,0,220
dual_camera,validation,1500,correct,libero_spatial,1,1,38,35,38,7,7,0,220
dual_camera,validation,1500,correct,libero_spatial,1,1,39,29,39,7,7,0,220
dual_camera,validation,1500,correct,libero_spatial,1,1,40,15,40,7,7,0,220
dual_camera,validation,1500,correct,libero_spatial,1,1,41,5,41,7,7,0,220
dual_camera,validation,1500,correct,libero_spatial,1,1,42,26,42,7,7,0,220
dual_camera,validation,1500,correct,libero_spatial,1,1,43,19,43,7,7,0,220
dual_camera,validation,1500,correct,libero_spatial,1,1,44,23,44,7,7,0,220
dual_camera,validation,1500,correct,libero_spatial,1,1,45,10,45,7,7,0,220
dual_camera,validation,1500,correct,libero_spatial,1,1,46,16,46,7,7,0,220
dual_camera,validation,1500,correct,libero_spatial,1,1,47,25,47,7,7,0,220
dual_camera,validation,1500,correct,libero_spatial,1,1,48,49,48,7,7,0,220
dual_camera,validation,1500,correct,libero_spatial,1,1,49,13,49,7,7,0,220
dual_camera,validation,1500,correct,libero_spatial,3,3,0,2,0,7,7,0,220
dual_camera,validation,1500,correct,libero_spatial,3,3,1,36,1,7,7,0,220
dual_camera,validation,1500,correct,libero_spatial,3,3,2,43,2,7,7,0,220
dual_camera,validation,1500,correct,libero_spatial,3,3,3,16,3,7,7,0,220
dual_camera,validation,1500,correct,libero_spatial,3,3,4,7,4,7,7,0,220
dual_camera,validation,1500,correct,libero_spatial,3,3,5,8,5,7,7,0,220
dual_camera,validation,1500,correct,libero_spatial,3,3,6,14,6,7,7,1,202
dual_camera,validation,1500,correct,libero_spatial,3,3,7,38,7,7,7,1,210
dual_camera,validation,1500,correct,libero_spatial,3,3,8,33,8,7,7,0,220
dual_camera,validation,1500,correct,libero_spatial,3,3,9,1,9,7,7,0,220
dual_camera,validation,1500,correct,libero_spatial,3,3,10,21,10,7,7,0,220
dual_camera,validation,1500,correct,libero_spatial,3,3,11,5,11,7,7,1,182
dual_camera,validation,1500,correct,libero_spatial,3,3,12,49,12,7,7,0,220
dual_camera,validation,1500,correct,libero_spatial,3,3,13,29,13,7,7,0,220
dual_camera,validation,1500,correct,libero_spatial,3,3,14,24,14,7,7,0,220
dual_camera,validation,1500,correct,libero_spatial,3,3,15,10,15,7,7,1,103
dual_camera,validation,1500,correct,libero_spatial,3,3,16,44,16,7,7,0,220
dual_camera,validation,1500,correct,libero_spatial,3,3,17,15,17,7,7,0,220
dual_camera,validation,1500,correct,libero_spatial,3,3,18,19,18,7,7,0,220
dual_camera,validation,1500,correct,libero_spatial,3,3,19,39,19,7,7,0,220
dual_camera,validation,1500,correct,libero_spatial,3,3,20,6,20,7,7,0,220
dual_camera,validation,1500,correct,libero_spatial,3,3,21,30,21,7,7,0,220
dual_camera,validation,1500,correct,libero_spatial,3,3,22,28,22,7,7,0,220
dual_camera,validation,1500,correct,libero_spatial,3,3,23,34,23,7,7,0,220
dual_camera,validation,1500,correct,libero_spatial,3,3,24,3,24,7,7,0,220
dual_camera,validation,1500,correct,libero_spatial,3,3,25,45,25,7,7,1,219
dual_camera,validation,1500,correct,libero_spatial,3,3,26,32,26,7,7,0,220
dual_camera,validation,1500,correct,libero_spatial,3,3,27,22,27,7,7,0,220
dual_camera,validation,1500,correct,libero_spatial,3,3,28,20,28,7,7,0,220
dual_camera,validation,1500,correct,libero_spatial,3,3,29,23,29,7,7,0,220
dual_camera,validation,1500,correct,libero_spatial,3,3,30,9,30,7,7,0,220
dual_camera,validation,1500,correct,libero_spatial,3,3,31,0,31,7,7,0,220
dual_camera,validation,1500,correct,libero_spatial,3,3,32,4,32,7,7,1,98
dual_camera,validation,1500,correct,libero_spatial,3,3,33,47,33,7,7,0,220
dual_camera,validation,1500,correct,libero_spatial,3,3,34,31,34,7,7,1,106
dual_camera,validation,1500,correct,libero_spatial,3,3,35,27,35,7,7,0,220
dual_camera,validation,1500,correct,libero_spatial,3,3,36,17,36,7,7,0,220
dual_camera,validation,1500,correct,libero_spatial,3,3,37,41,37,7,7,0,220
dual_camera,validation,1500,correct,libero_spatial,3,3,38,25,38,7,7,0,220
dual_camera,validation,1500,correct,libero_spatial,3,3,39,35,39,7,7,0,220
dual_camera,validation,1500,correct,libero_spatial,3,3,40,46,40,7,7,0,220
dual_camera,validation,1500,correct,libero_spatial,3,3,41,40,41,7,7,0,220
dual_camera,validation,1500,correct,libero_spatial,3,3,42,42,42,7,7,1,137
dual_camera,validation,1500,correct,libero_spatial,3,3,43,48,43,7,7,0,220
dual_camera,validation,1500,correct,libero_spatial,3,3,44,26,44,7,7,0,220
dual_camera,validation,1500,correct,libero_spatial,3,3,45,11,45,7,7,1,111
dual_camera,validation,1500,correct,libero_spatial,3,3,46,18,46,7,7,0,220
dual_camera,validation,1500,correct,libero_spatial,3,3,47,13,47,7,7,0,220
dual_camera,validation,1500,correct,libero_spatial,3,3,48,12,48,7,7,0,220
dual_camera,validation,1500,correct,libero_spatial,3,3,49,37,49,7,7,0,220
dual_camera,train,1500,correct,libero_10,34,4,32,48,32,7,7,1,275
dual_camera,train,1500,correct,libero_10,34,4,33,49,33,7,7,1,306
dual_camera,train,1500,correct,libero_10,34,4,34,47,34,7,7,1,248
dual_camera,train,1500,correct,libero_10,34,4,35,46,35,7,7,0,520
dual_camera,train,1500,correct,libero_10,35,5,32,48,32,7,7,1,207
dual_camera,train,1500,correct,libero_10,35,5,33,46,33,7,7,0,520
dual_camera,train,1500,correct,libero_10,35,5,34,49,34,7,7,1,189
dual_camera,train,1500,correct,libero_10,35,5,35,47,35,7,7,1,149
dual_camera,train,1500,correct,libero_10,36,6,32,49,32,7,7,1,279
dual_camera,train,1500,correct,libero_10,36,6,33,48,33,7,7,1,319
dual_camera,train,1500,correct,libero_10,36,6,34,46,34,7,7,1,299
dual_camera,train,1500,correct,libero_10,36,6,35,47,35,7,7,1,280
dual_camera,train,1500,correct,libero_10,37,7,32,49,32,7,7,0,520
dual_camera,train,1500,correct,libero_10,37,7,33,47,33,7,7,1,307
dual_camera,train,1500,correct,libero_10,37,7,34,46,34,7,7,1,272
dual_camera,train,1500,correct,libero_10,37,7,35,48,35,7,7,0,520
dual_camera,train,1500,correct,libero_10,38,8,32,48,32,7,7,0,520
dual_camera,train,1500,correct,libero_10,38,8,33,49,33,7,7,1,434
dual_camera,train,1500,correct,libero_10,38,8,34,46,34,7,7,0,520
dual_camera,train,1500,correct,libero_10,38,8,35,47,35,7,7,0,520
dual_camera,train,1500,correct,libero_10,39,9,32,47,32,7,7,0,520
dual_camera,train,1500,correct,libero_10,39,9,33,48,33,7,7,0,520
dual_camera,train,1500,correct,libero_10,39,9,34,46,34,7,7,0,520
dual_camera,train,1500,correct,libero_10,39,9,35,49,35,7,7,0,520
dual_camera,train,1500,correct,libero_goal,20,0,32,47,32,7,7,1,143
dual_camera,train,1500,correct,libero_goal,20,0,33,48,33,7,7,0,300
dual_camera,train,1500,correct,libero_goal,20,0,34,46,34,7,7,0,300
dual_camera,train,1500,correct,libero_goal,20,0,35,49,35,7,7,1,296
dual_camera,train,1500,correct,libero_goal,21,1,32,47,32,7,7,1,80
dual_camera,train,1500,correct,libero_goal,21,1,33,48,33,7,7,1,85
dual_camera,train,1500,correct,libero_goal,21,1,34,46,34,7,7,1,82
dual_camera,train,1500,correct,libero_goal,21,1,35,49,35,7,7,1,79
dual_camera,train,1500,correct,libero_goal,22,2,32,46,32,7,7,1,101
dual_camera,train,1500,correct,libero_goal,22,2,33,48,33,7,7,1,136
dual_camera,train,1500,correct,libero_goal,22,2,34,49,34,7,7,1,125
dual_camera,train,1500,correct,libero_goal,22,2,35,47,35,7,7,1,95
dual_camera,train,1500,correct,libero_goal,25,5,32,48,32,7,7,0,300
dual_camera,train,1500,correct,libero_goal,25,5,33,47,33,7,7,0,300
dual_camera,train,1500,correct,libero_goal,25,5,34,49,34,7,7,0,300
dual_camera,train,1500,correct,libero_goal,25,5,35,46,35,7,7,0,300
dual_camera,train,1500,correct,libero_goal,28,8,32,49,32,7,7,1,79
dual_camera,train,1500,correct,libero_goal,28,8,33,47,33,7,7,1,87
dual_camera,train,1500,correct,libero_goal,28,8,34,46,34,7,7,1,77
dual_camera,train,1500,correct,libero_goal,28,8,35,48,35,7,7,1,65
dual_camera,train,1500,correct,libero_goal,29,9,32,46,32,7,7,0,300
dual_camera,train,1500,correct,libero_goal,29,9,33,48,33,7,7,0,300
dual_camera,train,1500,correct,libero_goal,29,9,34,49,34,7,7,0,300
dual_camera,train,1500,correct,libero_goal,29,9,35,47,35,7,7,0,300
dual_camera,train,1500,correct,libero_object,12,2,32,48,32,7,7,0,280
dual_camera,train,1500,correct,libero_object,12,2,33,49,33,7,7,1,111
dual_camera,train,1500,correct,libero_object,12,2,34,47,34,7,7,1,123
dual_camera,train,1500,correct,libero_object,12,2,35,46,35,7,7,1,130
dual_camera,train,1500,correct,libero_object,14,4,32,47,32,7,7,1,153
dual_camera,train,1500,correct,libero_object,14,4,33,46,33,7,7,0,280
dual_camera,train,1500,correct,libero_object,14,4,34,49,34,7,7,1,126
dual_camera,train,1500,correct,libero_object,14,4,35,48,35,7,7,1,137
dual_camera,train,1500,correct,libero_object,15,5,32,48,32,7,7,1,174
dual_camera,train,1500,correct,libero_object,15,5,33,47,33,7,7,1,170
dual_camera,train,1500,correct,libero_object,15,5,34,46,34,7,7,0,280
dual_camera,train,1500,correct,libero_object,15,5,35,49,35,7,7,1,201
dual_camera,train,1500,correct,libero_object,16,6,32,48,32,7,7,1,141
dual_camera,train,1500,correct,libero_object,16,6,33,46,33,7,7,1,162
dual_camera,train,1500,correct,libero_object,16,6,34,47,34,7,7,1,138
dual_camera,train,1500,correct,libero_object,16,6,35,49,35,7,7,1,142
dual_camera,train,1500,correct,libero_object,18,8,32,47,32,7,7,0,280
dual_camera,train,1500,correct,libero_object,18,8,33,49,33,7,7,1,145
dual_camera,train,1500,correct,libero_object,18,8,34,46,34,7,7,1,137
dual_camera,train,1500,correct,libero_object,18,8,35,48,35,7,7,1,152
dual_camera,train,1500,correct,libero_object,19,9,32,46,32,7,7,1,120
dual_camera,train,1500,correct,libero_object,19,9,33,47,33,7,7,1,106
dual_camera,train,1500,correct,libero_object,19,9,34,49,34,7,7,1,109
dual_camera,train,1500,correct,libero_object,19,9,35,48,35,7,7,1,122
dual_camera,train,1500,correct,libero_spatial,0,0,32,48,32,7,7,1,76
dual_camera,train,1500,correct,libero_spatial,0,0,33,46,33,7,7,0,220
dual_camera,train,1500,correct,libero_spatial,0,0,34,47,34,7,7,1,83
dual_camera,train,1500,correct,libero_spatial,0,0,35,49,35,7,7,1,91
dual_camera,train,1500,correct,libero_spatial,2,2,32,49,32,7,7,1,94
dual_camera,train,1500,correct,libero_spatial,2,2,33,47,33,7,7,1,97
dual_camera,train,1500,correct,libero_spatial,2,2,34,48,34,7,7,1,98
dual_camera,train,1500,correct,libero_spatial,2,2,35,46,35,7,7,1,95
dual_camera,train,1500,correct,libero_spatial,4,4,32,46,32,7,7,1,125
dual_camera,train,1500,correct,libero_spatial,4,4,33,49,33,7,7,1,166
dual_camera,train,1500,correct,libero_spatial,4,4,34,48,34,7,7,0,220
dual_camera,train,1500,correct,libero_spatial,4,4,35,47,35,7,7,1,135
dual_camera,train,1500,correct,libero_spatial,5,5,32,49,32,7,7,0,220
dual_camera,train,1500,correct,libero_spatial,5,5,33,47,33,7,7,1,85
dual_camera,train,1500,correct,libero_spatial,5,5,34,46,34,7,7,1,93
dual_camera,train,1500,correct,libero_spatial,5,5,35,48,35,7,7,1,80
dual_camera,train,1500,correct,libero_spatial,7,7,32,49,32,7,7,1,150
dual_camera,train,1500,correct,libero_spatial,7,7,33,46,33,7,7,1,194
dual_camera,train,1500,correct,libero_spatial,7,7,34,48,34,7,7,1,183
dual_camera,train,1500,correct,libero_spatial,7,7,35,47,35,7,7,1,163
dual_camera,train,1500,correct,libero_spatial,9,9,32,46,32,7,7,1,112
dual_camera,train,1500,correct,libero_spatial,9,9,33,47,33,7,7,1,118
dual_camera,train,1500,correct,libero_spatial,9,9,34,48,34,7,7,1,132
dual_camera,train,1500,correct,libero_spatial,9,9,35,49,35,7,7,0,220
dual_camera,validation,1500,same_task_other,libero_10,31,1,0,14,0,7,7,0,520
dual_camera,validation,1500,same_task_other,libero_10,31,1,1,26,1,7,7,0,520
dual_camera,validation,1500,same_task_other,libero_10,31,1,2,20,2,7,7,1,307
dual_camera,validation,1500,same_task_other,libero_10,31,1,3,49,3,7,7,1,255
dual_camera,validation,1500,same_task_other,libero_10,31,1,4,32,4,7,7,1,367
dual_camera,validation,1500,same_task_other,libero_10,31,1,5,35,5,7,7,1,386
dual_camera,validation,1500,same_task_other,libero_10,31,1,6,1,6,7,7,1,323
dual_camera,validation,1500,same_task_other,libero_10,31,1,7,28,7,7,7,1,260
dual_camera,validation,1500,same_task_other,libero_10,31,1,8,48,8,7,7,1,331
dual_camera,validation,1500,same_task_other,libero_10,31,1,9,12,9,7,7,0,520
dual_camera,validation,1500,same_task_other,libero_10,31,1,10,16,10,7,7,0,520
dual_camera,validation,1500,same_task_other,libero_10,31,1,11,45,11,7,7,1,312
dual_camera,validation,1500,same_task_other,libero_10,31,1,12,6,12,7,7,0,520
dual_camera,validation,1500,same_task_other,libero_10,31,1,13,10,13,7,7,0,520
dual_camera,validation,1500,same_task_other,libero_10,31,1,14,29,14,7,7,1,391
dual_camera,validation,1500,same_task_other,libero_10,31,1,15,5,15,7,7,0,520
dual_camera,validation,1500,same_task_other,libero_10,31,1,16,2,16,7,7,1,280
dual_camera,validation,1500,same_task_other,libero_10,31,1,17,0,17,7,7,0,520
dual_camera,validation,1500,same_task_other,libero_10,31,1,18,9,18,7,7,0,520
dual_camera,validation,1500,same_task_other,libero_10,31,1,19,41,19,7,7,0,520
dual_camera,validation,1500,same_task_other,libero_10,31,1,20,38,20,7,7,1,301
dual_camera,validation,1500,same_task_other,libero_10,31,1,21,40,21,7,7,1,366
dual_camera,validation,1500,same_task_other,libero_10,31,1,22,19,22,7,7,1,331
dual_camera,validation,1500,same_task_other,libero_10,31,1,23,15,23,7,7,0,520
dual_camera,validation,1500,same_task_other,libero_10,31,1,24,17,24,7,7,0,520
dual_camera,validation,1500,same_task_other,libero_10,31,1,25,24,25,7,7,0,520
dual_camera,validation,1500,same_task_other,libero_10,31,1,26,4,26,7,7,0,520
dual_camera,validation,1500,same_task_other,libero_10,31,1,27,21,27,7,7,0,520
dual_camera,validation,1500,same_task_other,libero_10,31,1,28,37,28,7,7,0,520
dual_camera,validation,1500,same_task_other,libero_10,31,1,29,42,29,7,7,1,331
dual_camera,validation,1500,same_task_other,libero_10,31,1,30,13,30,7,7,0,520
dual_camera,validation,1500,same_task_other,libero_10,31,1,31,39,31,7,7,1,442
dual_camera,validation,1500,same_task_other,libero_10,31,1,32,8,32,7,7,0,520
dual_camera,validation,1500,same_task_other,libero_10,31,1,33,7,33,7,7,0,520
dual_camera,validation,1500,same_task_other,libero_10,31,1,34,30,34,7,7,0,520
dual_camera,validation,1500,same_task_other,libero_10,31,1,35,33,35,7,7,1,436
dual_camera,validation,1500,same_task_other,libero_10,31,1,36,27,36,7,7,1,352
dual_camera,validation,1500,same_task_other,libero_10,31,1,37,34,37,7,7,1,282
dual_camera,validation,1500,same_task_other,libero_10,31,1,38,23,38,7,7,1,337
dual_camera,validation,1500,same_task_other,libero_10,31,1,39,44,39,7,7,1,416
dual_camera,validation,1500,same_task_other,libero_10,31,1,40,3,40,7,7,0,520
dual_camera,validation,1500,same_task_other,libero_10,31,1,41,43,41,7,7,0,520
dual_camera,validation,1500,same_task_other,libero_10,31,1,42,11,42,7,7,0,520
dual_camera,validation,1500,same_task_other,libero_10,31,1,43,36,43,7,7,0,520
dual_camera,validation,1500,same_task_other,libero_10,31,1,44,31,44,7,7,0,520
dual_camera,validation,1500,same_task_other,libero_10,31,1,45,25,45,7,7,0,520
dual_camera,validation,1500,same_task_other,libero_10,31,1,46,22,46,7,7,0,520
dual_camera,validation,1500,same_task_other,libero_10,31,1,47,47,47,7,7,1,421
dual_camera,validation,1500,same_task_other,libero_10,31,1,48,46,48,7,7,1,292
dual_camera,validation,1500,same_task_other,libero_10,31,1,49,18,49,7,7,0,520
dual_camera,validation,1500,same_task_other,libero_10,32,2,0,33,0,7,7,0,520
dual_camera,validation,1500,same_task_other,libero_10,32,2,1,2,1,7,7,0,520
dual_camera,validation,1500,same_task_other,libero_10,32,2,2,29,2,7,7,0,520
dual_camera,validation,1500,same_task_other,libero_10,32,2,3,25,3,7,7,0,520
dual_camera,validation,1500,same_task_other,libero_10,32,2,4,4,4,7,7,0,520
dual_camera,validation,1500,same_task_other,libero_10,32,2,5,9,5,7,7,0,520
dual_camera,validation,1500,same_task_other,libero_10,32,2,6,32,6,7,7,0,520
dual_camera,validation,1500,same_task_other,libero_10,32,2,7,10,7,7,7,0,520
dual_camera,validation,1500,same_task_other,libero_10,32,2,8,0,8,7,7,0,520
dual_camera,validation,1500,same_task_other,libero_10,32,2,9,42,9,7,7,0,520
dual_camera,validation,1500,same_task_other,libero_10,32,2,10,20,10,7,7,0,520
dual_camera,validation,1500,same_task_other,libero_10,32,2,11,46,11,7,7,0,520
dual_camera,validation,1500,same_task_other,libero_10,32,2,12,41,12,7,7,0,520
dual_camera,validation,1500,same_task_other,libero_10,32,2,13,45,13,7,7,0,520
dual_camera,validation,1500,same_task_other,libero_10,32,2,14,14,14,7,7,0,520
dual_camera,validation,1500,same_task_other,libero_10,32,2,15,3,15,7,7,0,520
dual_camera,validation,1500,same_task_other,libero_10,32,2,16,35,16,7,7,0,520
dual_camera,validation,1500,same_task_other,libero_10,32,2,17,13,17,7,7,0,520
dual_camera,validation,1500,same_task_other,libero_10,32,2,18,6,18,7,7,0,520
dual_camera,validation,1500,same_task_other,libero_10,32,2,19,48,19,7,7,0,520
dual_camera,validation,1500,same_task_other,libero_10,32,2,20,49,20,7,7,0,520
dual_camera,validation,1500,same_task_other,libero_10,32,2,21,1,21,7,7,0,520
dual_camera,validation,1500,same_task_other,libero_10,32,2,22,36,22,7,7,0,520
dual_camera,validation,1500,same_task_other,libero_10,32,2,23,16,23,7,7,0,520
dual_camera,validation,1500,same_task_other,libero_10,32,2,24,12,24,7,7,0,520
dual_camera,validation,1500,same_task_other,libero_10,32,2,25,38,25,7,7,0,520
dual_camera,validation,1500,same_task_other,libero_10,32,2,26,11,26,7,7,0,520
dual_camera,validation,1500,same_task_other,libero_10,32,2,27,19,27,7,7,0,520
dual_camera,validation,1500,same_task_other,libero_10,32,2,28,5,28,7,7,0,520
dual_camera,validation,1500,same_task_other,libero_10,32,2,29,22,29,7,7,0,520
dual_camera,validation,1500,same_task_other,libero_10,32,2,30,18,30,7,7,0,520
dual_camera,validation,1500,same_task_other,libero_10,32,2,31,44,31,7,7,0,520
dual_camera,validation,1500,same_task_other,libero_10,32,2,32,24,32,7,7,0,520
dual_camera,validation,1500,same_task_other,libero_10,32,2,33,30,33,7,7,0,520
dual_camera,validation,1500,same_task_other,libero_10,32,2,34,40,34,7,7,0,520
dual_camera,validation,1500,same_task_other,libero_10,32,2,35,28,35,7,7,0,520
dual_camera,validation,1500,same_task_other,libero_10,32,2,36,26,36,7,7,0,520
dual_camera,validation,1500,same_task_other,libero_10,32,2,37,17,37,7,7,0,520
dual_camera,validation,1500,same_task_other,libero_10,32,2,38,27,38,7,7,0,520
dual_camera,validation,1500,same_task_other,libero_10,32,2,39,43,39,7,7,0,520
dual_camera,validation,1500,same_task_other,libero_10,32,2,40,21,40,7,7,0,520
dual_camera,validation,1500,same_task_other,libero_10,32,2,41,47,41,7,7,0,520
dual_camera,validation,1500,same_task_other,libero_10,32,2,42,7,42,7,7,0,520
dual_camera,validation,1500,same_task_other,libero_10,32,2,43,39,43,7,7,0,520
dual_camera,validation,1500,same_task_other,libero_10,32,2,44,8,44,7,7,0,520
dual_camera,validation,1500,same_task_other,libero_10,32,2,45,34,45,7,7,0,520
dual_camera,validation,1500,same_task_other,libero_10,32,2,46,37,46,7,7,0,520
dual_camera,validation,1500,same_task_other,libero_10,32,2,47,31,47,7,7,0,520
dual_camera,validation,1500,same_task_other,libero_10,32,2,48,15,48,7,7,0,520
dual_camera,validation,1500,same_task_other,libero_10,32,2,49,23,49,7,7,0,520
dual_camera,validation,1500,same_task_other,libero_goal,23,3,0,2,0,7,7,0,300
dual_camera,validation,1500,same_task_other,libero_goal,23,3,1,30,1,7,7,0,300
dual_camera,validation,1500,same_task_other,libero_goal,23,3,2,32,2,7,7,0,300
dual_camera,validation,1500,same_task_other,libero_goal,23,3,3,25,3,7,7,0,300
dual_camera,validation,1500,same_task_other,libero_goal,23,3,4,1,4,7,7,0,300
dual_camera,validation,1500,same_task_other,libero_goal,23,3,5,45,5,7,7,0,300
dual_camera,validation,1500,same_task_other,libero_goal,23,3,6,46,6,7,7,0,300
dual_camera,validation,1500,same_task_other,libero_goal,23,3,7,36,7,7,7,0,300
dual_camera,validation,1500,same_task_other,libero_goal,23,3,8,34,8,7,7,0,300
dual_camera,validation,1500,same_task_other,libero_goal,23,3,9,19,9,7,7,0,300
dual_camera,validation,1500,same_task_other,libero_goal,23,3,10,17,10,7,7,0,300
dual_camera,validation,1500,same_task_other,libero_goal,23,3,11,48,11,7,7,0,300
dual_camera,validation,1500,same_task_other,libero_goal,23,3,12,20,12,7,7,0,300
dual_camera,validation,1500,same_task_other,libero_goal,23,3,13,47,13,7,7,0,300
dual_camera,validation,1500,same_task_other,libero_goal,23,3,14,22,14,7,7,0,300
dual_camera,validation,1500,same_task_other,libero_goal,23,3,15,43,15,7,7,0,300
dual_camera,validation,1500,same_task_other,libero_goal,23,3,16,21,16,7,7,1,183
dual_camera,validation,1500,same_task_other,libero_goal,23,3,17,26,17,7,7,0,300
dual_camera,validation,1500,same_task_other,libero_goal,23,3,18,31,18,7,7,0,300
dual_camera,validation,1500,same_task_other,libero_goal,23,3,19,29,19,7,7,0,300
dual_camera,validation,1500,same_task_other,libero_goal,23,3,20,44,20,7,7,0,300
dual_camera,validation,1500,same_task_other,libero_goal,23,3,21,49,21,7,7,0,300
dual_camera,validation,1500,same_task_other,libero_goal,23,3,22,3,22,7,7,0,300
dual_camera,validation,1500,same_task_other,libero_goal,23,3,23,11,23,7,7,0,300
dual_camera,validation,1500,same_task_other,libero_goal,23,3,24,13,24,7,7,0,300
dual_camera,validation,1500,same_task_other,libero_goal,23,3,25,28,25,7,7,0,300
dual_camera,validation,1500,same_task_other,libero_goal,23,3,26,8,26,7,7,0,300
dual_camera,validation,1500,same_task_other,libero_goal,23,3,27,33,27,7,7,0,300
dual_camera,validation,1500,same_task_other,libero_goal,23,3,28,15,28,7,7,0,300
dual_camera,validation,1500,same_task_other,libero_goal,23,3,29,40,29,7,7,0,300
dual_camera,validation,1500,same_task_other,libero_goal,23,3,30,38,30,7,7,0,300
dual_camera,validation,1500,same_task_other,libero_goal,23,3,31,5,31,7,7,0,300
dual_camera,validation,1500,same_task_other,libero_goal,23,3,32,39,32,7,7,0,300
dual_camera,validation,1500,same_task_other,libero_goal,23,3,33,6,33,7,7,0,300
dual_camera,validation,1500,same_task_other,libero_goal,23,3,34,9,34,7,7,0,300
dual_camera,validation,1500,same_task_other,libero_goal,23,3,35,35,35,7,7,0,300
dual_camera,validation,1500,same_task_other,libero_goal,23,3,36,23,36,7,7,0,300
dual_camera,validation,1500,same_task_other,libero_goal,23,3,37,16,37,7,7,0,300
dual_camera,validation,1500,same_task_other,libero_goal,23,3,38,0,38,7,7,0,300
dual_camera,validation,1500,same_task_other,libero_goal,23,3,39,4,39,7,7,0,300
dual_camera,validation,1500,same_task_other,libero_goal,23,3,40,41,40,7,7,0,300
dual_camera,validation,1500,same_task_other,libero_goal,23,3,41,24,41,7,7,0,300
dual_camera,validation,1500,same_task_other,libero_goal,23,3,42,7,42,7,7,0,300
dual_camera,validation,1500,same_task_other,libero_goal,23,3,43,18,43,7,7,0,300
dual_camera,validation,1500,same_task_other,libero_goal,23,3,44,37,44,7,7,0,300
dual_camera,validation,1500,same_task_other,libero_goal,23,3,45,12,45,7,7,0,300
dual_camera,validation,1500,same_task_other,libero_goal,23,3,46,27,46,7,7,0,300
dual_camera,validation,1500,same_task_other,libero_goal,23,3,47,14,47,7,7,0,300
dual_camera,validation,1500,same_task_other,libero_goal,23,3,48,10,48,7,7,0,300
dual_camera,validation,1500,same_task_other,libero_goal,23,3,49,42,49,7,7,0,300
dual_camera,validation,1500,same_task_other,libero_goal,26,6,0,12,0,7,7,0,300
dual_camera,validation,1500,same_task_other,libero_goal,26,6,1,25,1,7,7,0,300
dual_camera,validation,1500,same_task_other,libero_goal,26,6,2,39,2,7,7,1,121
dual_camera,validation,1500,same_task_other,libero_goal,26,6,3,1,3,7,7,0,300
dual_camera,validation,1500,same_task_other,libero_goal,26,6,4,16,4,7,7,1,114
dual_camera,validation,1500,same_task_other,libero_goal,26,6,5,8,5,7,7,0,300
dual_camera,validation,1500,same_task_other,libero_goal,26,6,6,26,6,7,7,1,117
dual_camera,validation,1500,same_task_other,libero_goal,26,6,7,7,7,7,7,1,111
dual_camera,validation,1500,same_task_other,libero_goal,26,6,8,46,8,7,7,1,120
dual_camera,validation,1500,same_task_other,libero_goal,26,6,9,43,9,7,7,1,97
dual_camera,validation,1500,same_task_other,libero_goal,26,6,10,24,10,7,7,0,300
dual_camera,validation,1500,same_task_other,libero_goal,26,6,11,27,11,7,7,1,127
dual_camera,validation,1500,same_task_other,libero_goal,26,6,12,11,12,7,7,1,127
dual_camera,validation,1500,same_task_other,libero_goal,26,6,13,18,13,7,7,1,111
dual_camera,validation,1500,same_task_other,libero_goal,26,6,14,2,14,7,7,1,125
dual_camera,validation,1500,same_task_other,libero_goal,26,6,15,37,15,7,7,0,300
dual_camera,validation,1500,same_task_other,libero_goal,26,6,16,19,16,7,7,0,300
dual_camera,validation,1500,same_task_other,libero_goal,26,6,17,17,17,7,7,0,300
dual_camera,validation,1500,same_task_other,libero_goal,26,6,18,40,18,7,7,0,300
dual_camera,validation,1500,same_task_other,libero_goal,26,6,19,3,19,7,7,1,126
dual_camera,validation,1500,same_task_other,libero_goal,26,6,20,10,20,7,7,0,300
dual_camera,validation,1500,same_task_other,libero_goal,26,6,21,38,21,7,7,1,116
dual_camera,validation,1500,same_task_other,libero_goal,26,6,22,48,22,7,7,1,112
dual_camera,validation,1500,same_task_other,libero_goal,26,6,23,44,23,7,7,1,147
dual_camera,validation,1500,same_task_other,libero_goal,26,6,24,14,24,7,7,1,148
dual_camera,validation,1500,same_task_other,libero_goal,26,6,25,22,25,7,7,1,127
dual_camera,validation,1500,same_task_other,libero_goal,26,6,26,28,26,7,7,1,131
dual_camera,validation,1500,same_task_other,libero_goal,26,6,27,41,27,7,7,0,300
dual_camera,validation,1500,same_task_other,libero_goal,26,6,28,5,28,7,7,1,116
dual_camera,validation,1500,same_task_other,libero_goal,26,6,29,33,29,7,7,1,117
dual_camera,validation,1500,same_task_other,libero_goal,26,6,30,6,30,7,7,0,300
dual_camera,validation,1500,same_task_other,libero_goal,26,6,31,29,31,7,7,1,116
dual_camera,validation,1500,same_task_other,libero_goal,26,6,32,9,32,7,7,0,300
dual_camera,validation,1500,same_task_other,libero_goal,26,6,33,15,33,7,7,1,114
dual_camera,validation,1500,same_task_other,libero_goal,26,6,34,49,34,7,7,1,127
dual_camera,validation,1500,same_task_other,libero_goal,26,6,35,30,35,7,7,0,300
dual_camera,validation,1500,same_task_other,libero_goal,26,6,36,21,36,7,7,1,121
dual_camera,validation,1500,same_task_other,libero_goal,26,6,37,47,37,7,7,1,123
dual_camera,validation,1500,same_task_other,libero_goal,26,6,38,20,38,7,7,1,107
dual_camera,validation,1500,same_task_other,libero_goal,26,6,39,13,39,7,7,0,300
dual_camera,validation,1500,same_task_other,libero_goal,26,6,40,31,40,7,7,1,147
dual_camera,validation,1500,same_task_other,libero_goal,26,6,41,45,41,7,7,1,130
dual_camera,validation,1500,same_task_other,libero_goal,26,6,42,36,42,7,7,1,137
dual_camera,validation,1500,same_task_other,libero_goal,26,6,43,34,43,7,7,1,132
dual_camera,validation,1500,same_task_other,libero_goal,26,6,44,0,44,7,7,1,122
dual_camera,validation,1500,same_task_other,libero_goal,26,6,45,4,45,7,7,1,119
dual_camera,validation,1500,same_task_other,libero_goal,26,6,46,32,46,7,7,1,117
dual_camera,validation,1500,same_task_other,libero_goal,26,6,47,42,47,7,7,0,300
dual_camera,validation,1500,same_task_other,libero_goal,26,6,48,23,48,7,7,0,300
dual_camera,validation,1500,same_task_other,libero_goal,26,6,49,35,49,7,7,1,135
dual_camera,validation,1500,same_task_other,libero_object,11,1,0,1,0,7,7,0,280
dual_camera,validation,1500,same_task_other,libero_object,11,1,1,27,1,7,7,0,280
dual_camera,validation,1500,same_task_other,libero_object,11,1,2,29,2,7,7,0,280
dual_camera,validation,1500,same_task_other,libero_object,11,1,3,19,3,7,7,1,134
dual_camera,validation,1500,same_task_other,libero_object,11,1,4,6,4,7,7,1,171
dual_camera,validation,1500,same_task_other,libero_object,11,1,5,25,5,7,7,1,234
dual_camera,validation,1500,same_task_other,libero_object,11,1,6,2,6,7,7,0,280
dual_camera,validation,1500,same_task_other,libero_object,11,1,7,8,7,7,7,1,208
dual_camera,validation,1500,same_task_other,libero_object,11,1,8,12,8,7,7,1,183
dual_camera,validation,1500,same_task_other,libero_object,11,1,9,33,9,7,7,0,280
dual_camera,validation,1500,same_task_other,libero_object,11,1,10,21,10,7,7,0,280
dual_camera,validation,1500,same_task_other,libero_object,11,1,11,20,11,7,7,1,133
dual_camera,validation,1500,same_task_other,libero_object,11,1,12,47,12,7,7,0,280
dual_camera,validation,1500,same_task_other,libero_object,11,1,13,40,13,7,7,1,200
dual_camera,validation,1500,same_task_other,libero_object,11,1,14,31,14,7,7,0,280
dual_camera,validation,1500,same_task_other,libero_object,11,1,15,15,15,7,7,1,172
dual_camera,validation,1500,same_task_other,libero_object,11,1,16,0,16,7,7,0,280
dual_camera,validation,1500,same_task_other,libero_object,11,1,17,35,17,7,7,1,242
dual_camera,validation,1500,same_task_other,libero_object,11,1,18,30,18,7,7,0,280
dual_camera,validation,1500,same_task_other,libero_object,11,1,19,13,19,7,7,1,256
dual_camera,validation,1500,same_task_other,libero_object,11,1,20,10,20,7,7,0,280
dual_camera,validation,1500,same_task_other,libero_object,11,1,21,45,21,7,7,0,280
dual_camera,validation,1500,same_task_other,libero_object,11,1,22,46,22,7,7,1,234
dual_camera,validation,1500,same_task_other,libero_object,11,1,23,34,23,7,7,1,142
dual_camera,validation,1500,same_task_other,libero_object,11,1,24,4,24,7,7,1,130
dual_camera,validation,1500,same_task_other,libero_object,11,1,25,48,25,7,7,1,267
dual_camera,validation,1500,same_task_other,libero_object,11,1,26,43,26,7,7,1,250
dual_camera,validation,1500,same_task_other,libero_object,11,1,27,7,27,7,7,1,130
dual_camera,validation,1500,same_task_other,libero_object,11,1,28,9,28,7,7,0,280
dual_camera,validation,1500,same_task_other,libero_object,11,1,29,49,29,7,7,1,144
dual_camera,validation,1500,same_task_other,libero_object,11,1,30,41,30,7,7,0,280
dual_camera,validation,1500,same_task_other,libero_object,11,1,31,36,31,7,7,0,280
dual_camera,validation,1500,same_task_other,libero_object,11,1,32,14,32,7,7,0,280
dual_camera,validation,1500,same_task_other,libero_object,11,1,33,5,33,7,7,1,123
dual_camera,validation,1500,same_task_other,libero_object,11,1,34,28,34,7,7,0,280
dual_camera,validation,1500,same_task_other,libero_object,11,1,35,39,35,7,7,1,262
dual_camera,validation,1500,same_task_other,libero_object,11,1,36,42,36,7,7,1,202
dual_camera,validation,1500,same_task_other,libero_object,11,1,37,32,37,7,7,1,171
dual_camera,validation,1500,same_task_other,libero_object,11,1,38,26,38,7,7,1,188
dual_camera,validation,1500,same_task_other,libero_object,11,1,39,22,39,7,7,1,130
dual_camera,validation,1500,same_task_other,libero_object,11,1,40,24,40,7,7,1,205
dual_camera,validation,1500,same_task_other,libero_object,11,1,41,18,41,7,7,0,280
dual_camera,validation,1500,same_task_other,libero_object,11,1,42,44,42,7,7,1,118
dual_camera,validation,1500,same_task_other,libero_object,11,1,43,37,43,7,7,0,280
dual_camera,validation,1500,same_task_other,libero_object,11,1,44,17,44,7,7,1,141
dual_camera,validation,1500,same_task_other,libero_object,11,1,45,16,45,7,7,1,180
dual_camera,validation,1500,same_task_other,libero_object,11,1,46,11,46,7,7,0,280
dual_camera,validation,1500,same_task_other,libero_object,11,1,47,3,47,7,7,1,122
dual_camera,validation,1500,same_task_other,libero_object,11,1,48,23,48,7,7,0,280
dual_camera,validation,1500,same_task_other,libero_object,11,1,49,38,49,7,7,0,280
dual_camera,validation,1500,same_task_other,libero_object,13,3,0,0,0,7,7,0,280
dual_camera,validation,1500,same_task_other,libero_object,13,3,1,37,1,7,7,1,127
dual_camera,validation,1500,same_task_other,libero_object,13,3,2,35,2,7,7,0,280
dual_camera,validation,1500,same_task_other,libero_object,13,3,3,26,3,7,7,0,280
dual_camera,validation,1500,same_task_other,libero_object,13,3,4,9,4,7,7,0,280
dual_camera,validation,1500,same_task_other,libero_object,13,3,5,1,5,7,7,0,280
dual_camera,validation,1500,same_task_other,libero_object,13,3,6,41,6,7,7,1,139
dual_camera,validation,1500,same_task_other,libero_object,13,3,7,45,7,7,7,0,280
dual_camera,validation,1500,same_task_other,libero_object,13,3,8,42,8,7,7,0,280
dual_camera,validation,1500,same_task_other,libero_object,13,3,9,20,9,7,7,1,210
dual_camera,validation,1500,same_task_other,libero_object,13,3,10,33,10,7,7,1,119
dual_camera,validation,1500,same_task_other,libero_object,13,3,11,31,11,7,7,0,280
dual_camera,validation,1500,same_task_other,libero_object,13,3,12,11,12,7,7,0,280
dual_camera,validation,1500,same_task_other,libero_object,13,3,13,25,13,7,7,0,280
dual_camera,validation,1500,same_task_other,libero_object,13,3,14,15,14,7,7,1,120
dual_camera,validation,1500,same_task_other,libero_object,13,3,15,19,15,7,7,0,280
dual_camera,validation,1500,same_task_other,libero_object,13,3,16,3,16,7,7,0,280
dual_camera,validation,1500,same_task_other,libero_object,13,3,17,2,17,7,7,0,280
dual_camera,validation,1500,same_task_other,libero_object,13,3,18,17,18,7,7,0,280
dual_camera,validation,1500,same_task_other,libero_object,13,3,19,14,19,7,7,0,280
dual_camera,validation,1500,same_task_other,libero_object,13,3,20,47,20,7,7,0,280
dual_camera,validation,1500,same_task_other,libero_object,13,3,21,21,21,7,7,0,280
dual_camera,validation,1500,same_task_other,libero_object,13,3,22,30,22,7,7,0,280
dual_camera,validation,1500,same_task_other,libero_object,13,3,23,12,23,7,7,0,280
dual_camera,validation,1500,same_task_other,libero_object,13,3,24,10,24,7,7,0,280
dual_camera,validation,1500,same_task_other,libero_object,13,3,25,22,25,7,7,1,139
dual_camera,validation,1500,same_task_other,libero_object,13,3,26,24,26,7,7,0,280
dual_camera,validation,1500,same_task_other,libero_object,13,3,27,13,27,7,7,0,280
dual_camera,validation,1500,same_task_other,libero_object,13,3,28,32,28,7,7,1,139
dual_camera,validation,1500,same_task_other,libero_object,13,3,29,16,29,7,7,0,280
dual_camera,validation,1500,same_task_other,libero_object,13,3,30,43,30,7,7,0,280
dual_camera,validation,1500,same_task_other,libero_object,13,3,31,27,31,7,7,0,280
dual_camera,validation,1500,same_task_other,libero_object,13,3,32,40,32,7,7,0,280
dual_camera,validation,1500,same_task_other,libero_object,13,3,33,34,33,7,7,1,227
dual_camera,validation,1500,same_task_other,libero_object,13,3,34,18,34,7,7,0,280
dual_camera,validation,1500,same_task_other,libero_object,13,3,35,38,35,7,7,0,280
dual_camera,validation,1500,same_task_other,libero_object,13,3,36,29,36,7,7,0,280
dual_camera,validation,1500,same_task_other,libero_object,13,3,37,28,37,7,7,1,130
dual_camera,validation,1500,same_task_other,libero_object,13,3,38,7,38,7,7,0,280
dual_camera,validation,1500,same_task_other,libero_object,13,3,39,8,39,7,7,0,280
dual_camera,validation,1500,same_task_other,libero_object,13,3,40,36,40,7,7,0,280
dual_camera,validation,1500,same_task_other,libero_object,13,3,41,49,41,7,7,0,280
dual_camera,validation,1500,same_task_other,libero_object,13,3,42,5,42,7,7,1,193
dual_camera,validation,1500,same_task_other,libero_object,13,3,43,39,43,7,7,1,122
dual_camera,validation,1500,same_task_other,libero_object,13,3,44,46,44,7,7,0,280
dual_camera,validation,1500,same_task_other,libero_object,13,3,45,4,45,7,7,0,280
dual_camera,validation,1500,same_task_other,libero_object,13,3,46,48,46,7,7,0,280
dual_camera,validation,1500,same_task_other,libero_object,13,3,47,23,47,7,7,0,280
dual_camera,validation,1500,same_task_other,libero_object,13,3,48,44,48,7,7,1,205
dual_camera,validation,1500,same_task_other,libero_object,13,3,49,6,49,7,7,0,280
dual_camera,validation,1500,same_task_other,libero_spatial,1,1,0,18,0,7,7,0,220
dual_camera,validation,1500,same_task_other,libero_spatial,1,1,1,38,1,7,7,0,220
dual_camera,validation,1500,same_task_other,libero_spatial,1,1,2,6,2,7,7,0,220
dual_camera,validation,1500,same_task_other,libero_spatial,1,1,3,31,3,7,7,0,220
dual_camera,validation,1500,same_task_other,libero_spatial,1,1,4,19,4,7,7,0,220
dual_camera,validation,1500,same_task_other,libero_spatial,1,1,5,1,5,7,7,0,220
dual_camera,validation,1500,same_task_other,libero_spatial,1,1,6,7,6,7,7,0,220
dual_camera,validation,1500,same_task_other,libero_spatial,1,1,7,25,7,7,7,0,220
dual_camera,validation,1500,same_task_other,libero_spatial,1,1,8,21,8,7,7,0,220
dual_camera,validation,1500,same_task_other,libero_spatial,1,1,9,9,9,7,7,0,220
dual_camera,validation,1500,same_task_other,libero_spatial,1,1,10,11,10,7,7,0,220
dual_camera,validation,1500,same_task_other,libero_spatial,1,1,11,41,11,7,7,0,220
dual_camera,validation,1500,same_task_other,libero_spatial,1,1,12,3,12,7,7,0,220
dual_camera,validation,1500,same_task_other,libero_spatial,1,1,13,4,13,7,7,0,220
dual_camera,validation,1500,same_task_other,libero_spatial,1,1,14,35,14,7,7,0,220
dual_camera,validation,1500,same_task_other,libero_spatial,1,1,15,48,15,7,7,0,220
dual_camera,validation,1500,same_task_other,libero_spatial,1,1,16,0,16,7,7,0,220
dual_camera,validation,1500,same_task_other,libero_spatial,1,1,17,26,17,7,7,0,220
dual_camera,validation,1500,same_task_other,libero_spatial,1,1,18,23,18,7,7,0,220
dual_camera,validation,1500,same_task_other,libero_spatial,1,1,19,24,19,7,7,0,220
dual_camera,validation,1500,same_task_other,libero_spatial,1,1,20,44,20,7,7,0,220
dual_camera,validation,1500,same_task_other,libero_spatial,1,1,21,37,21,7,7,0,220
dual_camera,validation,1500,same_task_other,libero_spatial,1,1,22,5,22,7,7,0,220
dual_camera,validation,1500,same_task_other,libero_spatial,1,1,23,13,23,7,7,0,220
dual_camera,validation,1500,same_task_other,libero_spatial,1,1,24,34,24,7,7,0,220
dual_camera,validation,1500,same_task_other,libero_spatial,1,1,25,8,25,7,7,0,220
dual_camera,validation,1500,same_task_other,libero_spatial,1,1,26,17,26,7,7,0,220
dual_camera,validation,1500,same_task_other,libero_spatial,1,1,27,47,27,7,7,0,220
dual_camera,validation,1500,same_task_other,libero_spatial,1,1,28,39,28,7,7,0,220
dual_camera,validation,1500,same_task_other,libero_spatial,1,1,29,29,29,7,7,0,220
dual_camera,validation,1500,same_task_other,libero_spatial,1,1,30,14,30,7,7,0,220
dual_camera,validation,1500,same_task_other,libero_spatial,1,1,31,12,31,7,7,0,220
dual_camera,validation,1500,same_task_other,libero_spatial,1,1,32,49,32,7,7,0,220
dual_camera,validation,1500,same_task_other,libero_spatial,1,1,33,10,33,7,7,0,220
dual_camera,validation,1500,same_task_other,libero_spatial,1,1,34,20,34,7,7,1,194
dual_camera,validation,1500,same_task_other,libero_spatial,1,1,35,28,35,7,7,0,220
dual_camera,validation,1500,same_task_other,libero_spatial,1,1,36,15,36,7,7,0,220
dual_camera,validation,1500,same_task_other,libero_spatial,1,1,37,45,37,7,7,0,220
dual_camera,validation,1500,same_task_other,libero_spatial,1,1,38,2,38,7,7,0,220
dual_camera,validation,1500,same_task_other,libero_spatial,1,1,39,46,39,7,7,0,220
dual_camera,validation,1500,same_task_other,libero_spatial,1,1,40,32,40,7,7,0,220
dual_camera,validation,1500,same_task_other,libero_spatial,1,1,41,22,41,7,7,0,220
dual_camera,validation,1500,same_task_other,libero_spatial,1,1,42,43,42,7,7,0,220
dual_camera,validation,1500,same_task_other,libero_spatial,1,1,43,36,43,7,7,0,220
dual_camera,validation,1500,same_task_other,libero_spatial,1,1,44,40,44,7,7,0,220
dual_camera,validation,1500,same_task_other,libero_spatial,1,1,45,27,45,7,7,0,220
dual_camera,validation,1500,same_task_other,libero_spatial,1,1,46,33,46,7,7,0,220
dual_camera,validation,1500,same_task_other,libero_spatial,1,1,47,42,47,7,7,0,220
dual_camera,validation,1500,same_task_other,libero_spatial,1,1,48,16,48,7,7,0,220
dual_camera,validation,1500,same_task_other,libero_spatial,1,1,49,30,49,7,7,0,220
dual_camera,validation,1500,same_task_other,libero_spatial,3,3,0,19,0,7,7,0,220
dual_camera,validation,1500,same_task_other,libero_spatial,3,3,1,3,1,7,7,0,220
dual_camera,validation,1500,same_task_other,libero_spatial,3,3,2,10,2,7,7,0,220
dual_camera,validation,1500,same_task_other,libero_spatial,3,3,3,33,3,7,7,0,220
dual_camera,validation,1500,same_task_other,libero_spatial,3,3,4,24,4,7,7,0,220
dual_camera,validation,1500,same_task_other,libero_spatial,3,3,5,25,5,7,7,0,220
dual_camera,validation,1500,same_task_other,libero_spatial,3,3,6,31,6,7,7,0,220
dual_camera,validation,1500,same_task_other,libero_spatial,3,3,7,5,7,7,7,0,220
dual_camera,validation,1500,same_task_other,libero_spatial,3,3,8,0,8,7,7,0,220
dual_camera,validation,1500,same_task_other,libero_spatial,3,3,9,18,9,7,7,0,220
dual_camera,validation,1500,same_task_other,libero_spatial,3,3,10,38,10,7,7,0,220
dual_camera,validation,1500,same_task_other,libero_spatial,3,3,11,22,11,7,7,0,220
dual_camera,validation,1500,same_task_other,libero_spatial,3,3,12,16,12,7,7,0,220
dual_camera,validation,1500,same_task_other,libero_spatial,3,3,13,46,13,7,7,0,220
dual_camera,validation,1500,same_task_other,libero_spatial,3,3,14,41,14,7,7,1,122
dual_camera,validation,1500,same_task_other,libero_spatial,3,3,15,27,15,7,7,1,99
dual_camera,validation,1500,same_task_other,libero_spatial,3,3,16,11,16,7,7,0,220
dual_camera,validation,1500,same_task_other,libero_spatial,3,3,17,32,17,7,7,0,220
dual_camera,validation,1500,same_task_other,libero_spatial,3,3,18,36,18,7,7,0,220
dual_camera,validation,1500,same_task_other,libero_spatial,3,3,19,6,19,7,7,0,220
dual_camera,validation,1500,same_task_other,libero_spatial,3,3,20,23,20,7,7,0,220
dual_camera,validation,1500,same_task_other,libero_spatial,3,3,21,47,21,7,7,1,141
dual_camera,validation,1500,same_task_other,libero_spatial,3,3,22,45,22,7,7,0,220
dual_camera,validation,1500,same_task_other,libero_spatial,3,3,23,1,23,7,7,0,220
dual_camera,validation,1500,same_task_other,libero_spatial,3,3,24,20,24,7,7,0,220
dual_camera,validation,1500,same_task_other,libero_spatial,3,3,25,12,25,7,7,0,220
dual_camera,validation,1500,same_task_other,libero_spatial,3,3,26,49,26,7,7,0,220
dual_camera,validation,1500,same_task_other,libero_spatial,3,3,27,39,27,7,7,0,220
dual_camera,validation,1500,same_task_other,libero_spatial,3,3,28,37,28,7,7,0,220
dual_camera,validation,1500,same_task_other,libero_spatial,3,3,29,40,29,7,7,0,220
dual_camera,validation,1500,same_task_other,libero_spatial,3,3,30,26,30,7,7,0,220
dual_camera,validation,1500,same_task_other,libero_spatial,3,3,31,17,31,7,7,0,220
dual_camera,validation,1500,same_task_other,libero_spatial,3,3,32,21,32,7,7,1,96
dual_camera,validation,1500,same_task_other,libero_spatial,3,3,33,14,33,7,7,0,220
dual_camera,validation,1500,same_task_other,libero_spatial,3,3,34,48,34,7,7,1,109
dual_camera,validation,1500,same_task_other,libero_spatial,3,3,35,44,35,7,7,0,220
dual_camera,validation,1500,same_task_other,libero_spatial,3,3,36,34,36,7,7,0,220
dual_camera,validation,1500,same_task_other,libero_spatial,3,3,37,8,37,7,7,1,119
dual_camera,validation,1500,same_task_other,libero_spatial,3,3,38,42,38,7,7,0,220
dual_camera,validation,1500,same_task_other,libero_spatial,3,3,39,2,39,7,7,0,220
dual_camera,validation,1500,same_task_other,libero_spatial,3,3,40,13,40,7,7,0,220
dual_camera,validation,1500,same_task_other,libero_spatial,3,3,41,7,41,7,7,0,220
dual_camera,validation,1500,same_task_other,libero_spatial,3,3,42,9,42,7,7,1,139
dual_camera,validation,1500,same_task_other,libero_spatial,3,3,43,15,43,7,7,0,220
dual_camera,validation,1500,same_task_other,libero_spatial,3,3,44,43,44,7,7,0,220
dual_camera,validation,1500,same_task_other,libero_spatial,3,3,45,28,45,7,7,1,115
dual_camera,validation,1500,same_task_other,libero_spatial,3,3,46,35,46,7,7,0,220
dual_camera,validation,1500,same_task_other,libero_spatial,3,3,47,30,47,7,7,0,220
dual_camera,validation,1500,same_task_other,libero_spatial,3,3,48,29,48,7,7,0,220
dual_camera,validation,1500,same_task_other,libero_spatial,3,3,49,4,49,7,7,0,220
