arm,panel,step,condition,global_task_id,init_state_id,teacher_demo,video_ordinal,env_seed,policy_seed_root,success,steps
main,validation,1800,correct,31,0,47,0,7,7,1,456
main,validation,1800,correct,31,1,9,1,7,7,0,520
main,validation,1800,correct,31,2,3,2,7,7,0,520
main,validation,1800,correct,31,3,32,3,7,7,1,377
main,validation,1800,correct,31,4,15,4,7,7,0,520
main,validation,1800,correct,31,5,18,5,7,7,0,520
main,validation,1800,correct,31,6,34,6,7,7,1,266
main,validation,1800,correct,31,7,11,7,7,7,0,520
main,validation,1800,correct,31,8,31,8,7,7,1,370
main,validation,1800,correct,31,9,45,9,7,7,0,520
main,validation,1800,correct,31,10,49,10,7,7,1,321
main,validation,1800,correct,31,11,28,11,7,7,0,520
main,validation,1800,correct,31,12,39,12,7,7,1,430
main,validation,1800,correct,31,13,43,13,7,7,0,520
main,validation,1800,correct,31,14,12,14,7,7,1,456
main,validation,1800,correct,31,15,38,15,7,7,0,520
main,validation,1800,correct,31,16,35,16,7,7,1,282
main,validation,1800,correct,31,17,33,17,7,7,1,309
main,validation,1800,correct,31,18,42,18,7,7,1,297
main,validation,1800,correct,31,19,24,19,7,7,1,269
main,validation,1800,correct,31,20,21,20,7,7,0,520
main,validation,1800,correct,31,21,23,21,7,7,1,310
main,validation,1800,correct,31,22,2,22,7,7,0,520
main,validation,1800,correct,31,23,48,23,7,7,1,362
main,validation,1800,correct,31,24,0,24,7,7,0,520
main,validation,1800,correct,31,25,7,25,7,7,0,520
main,validation,1800,correct,31,26,37,26,7,7,0,520
main,validation,1800,correct,31,27,4,27,7,7,0,520
main,validation,1800,correct,31,28,20,28,7,7,0,520
main,validation,1800,correct,31,29,25,29,7,7,1,297
main,validation,1800,correct,31,30,46,30,7,7,1,250
main,validation,1800,correct,31,31,22,31,7,7,0,520
main,validation,1800,correct,31,32,41,32,7,7,0,520
main,validation,1800,correct,31,33,40,33,7,7,0,520
main,validation,1800,correct,31,34,13,34,7,7,1,306
main,validation,1800,correct,31,35,16,35,7,7,0,520
main,validation,1800,correct,31,36,10,36,7,7,1,464
main,validation,1800,correct,31,37,17,37,7,7,1,282
main,validation,1800,correct,31,38,6,38,7,7,1,339
main,validation,1800,correct,31,39,27,39,7,7,1,297
main,validation,1800,correct,31,40,36,40,7,7,0,520
main,validation,1800,correct,31,41,26,41,7,7,1,365
main,validation,1800,correct,31,42,44,42,7,7,0,520
main,validation,1800,correct,31,43,19,43,7,7,1,242
main,validation,1800,correct,31,44,14,44,7,7,0,520
main,validation,1800,correct,31,45,8,45,7,7,1,400
main,validation,1800,correct,31,46,5,46,7,7,0,520
main,validation,1800,correct,31,47,30,47,7,7,1,507
main,validation,1800,correct,31,48,29,48,7,7,0,520
main,validation,1800,correct,31,49,1,49,7,7,0,520
main,validation,1800,correct,32,0,16,0,7,7,0,520
main,validation,1800,correct,32,1,35,1,7,7,0,520
main,validation,1800,correct,32,2,12,2,7,7,0,520
main,validation,1800,correct,32,3,8,3,7,7,0,520
main,validation,1800,correct,32,4,37,4,7,7,0,520
main,validation,1800,correct,32,5,42,5,7,7,0,520
main,validation,1800,correct,32,6,15,6,7,7,0,520
main,validation,1800,correct,32,7,43,7,7,7,0,520
main,validation,1800,correct,32,8,33,8,7,7,0,520
main,validation,1800,correct,32,9,25,9,7,7,0,520
main,validation,1800,correct,32,10,3,10,7,7,0,520
main,validation,1800,correct,32,11,29,11,7,7,0,520
main,validation,1800,correct,32,12,24,12,7,7,0,520
main,validation,1800,correct,32,13,28,13,7,7,0,520
main,validation,1800,correct,32,14,47,14,7,7,0,520
main,validation,1800,correct,32,15,36,15,7,7,0,520
main,validation,1800,correct,32,16,18,16,7,7,0,520
main,validation,1800,correct,32,17,46,17,7,7,0,520
main,validation,1800,correct,32,18,39,18,7,7,0,520
main,validation,1800,correct,32,19,31,19,7,7,0,520
main,validation,1800,correct,32,20,32,20,7,7,0,520
main,validation,1800,correct,32,21,34,21,7,7,0,520
main,validation,1800,correct,32,22,19,22,7,7,0,520
main,validation,1800,correct,32,23,49,23,7,7,0,520
main,validation,1800,correct,32,24,45,24,7,7,0,520
main,validation,1800,correct,32,25,21,25,7,7,0,520
main,validation,1800,correct,32,26,44,26,7,7,0,520
main,validation,1800,correct,32,27,2,27,7,7,0,520
main,validation,1800,correct,32,28,38,28,7,7,0,520
main,validation,1800,correct,32,29,5,29,7,7,0,520
main,validation,1800,correct,32,30,1,30,7,7,0,520
main,validation,1800,correct,32,31,27,31,7,7,0,520
main,validation,1800,correct,32,32,7,32,7,7,0,520
main,validation,1800,correct,32,33,13,33,7,7,0,520
main,validation,1800,correct,32,34,23,34,7,7,0,520
main,validation,1800,correct,32,35,11,35,7,7,0,520
main,validation,1800,correct,32,36,9,36,7,7,0,520
main,validation,1800,correct,32,37,0,37,7,7,0,520
main,validation,1800,correct,32,38,10,38,7,7,0,520
main,validation,1800,correct,32,39,26,39,7,7,0,520
main,validation,1800,correct,32,40,4,40,7,7,0,520
main,validation,1800,correct,32,41,30,41,7,7,0,520
main,validation,1800,correct,32,42,40,42,7,7,0,520
main,validation,1800,correct,32,43,22,43,7,7,0,520
main,validation,1800,correct,32,44,41,44,7,7,0,520
main,validation,1800,correct,32,45,17,45,7,7,0,520
main,validation,1800,correct,32,46,20,46,7,7,0,520
main,validation,1800,correct,32,47,14,47,7,7,0,520
main,validation,1800,correct,32,48,48,48,7,7,0,520
main,validation,1800,correct,32,49,6,49,7,7,0,520
main,validation,1800,correct,23,0,35,0,7,7,0,300
main,validation,1800,correct,23,1,13,1,7,7,0,300
main,validation,1800,correct,23,2,15,2,7,7,0,300
main,validation,1800,correct,23,3,8,3,7,7,0,300
main,validation,1800,correct,23,4,34,4,7,7,0,300
main,validation,1800,correct,23,5,28,5,7,7,0,300
main,validation,1800,correct,23,6,29,6,7,7,0,300
main,validation,1800,correct,23,7,19,7,7,7,0,300
main,validation,1800,correct,23,8,17,8,7,7,0,300
main,validation,1800,correct,23,9,2,9,7,7,0,300
main,validation,1800,correct,23,10,0,10,7,7,0,300
main,validation,1800,correct,23,11,31,11,7,7,0,300
main,validation,1800,correct,23,12,3,12,7,7,0,300
main,validation,1800,correct,23,13,30,13,7,7,0,300
main,validation,1800,correct,23,14,5,14,7,7,0,300
main,validation,1800,correct,23,15,26,15,7,7,0,300
main,validation,1800,correct,23,16,4,16,7,7,0,300
main,validation,1800,correct,23,17,9,17,7,7,0,300
main,validation,1800,correct,23,18,14,18,7,7,0,300
main,validation,1800,correct,23,19,12,19,7,7,0,300
main,validation,1800,correct,23,20,27,20,7,7,0,300
main,validation,1800,correct,23,21,32,21,7,7,0,300
main,validation,1800,correct,23,22,36,22,7,7,0,300
main,validation,1800,correct,23,23,44,23,7,7,0,300
main,validation,1800,correct,23,24,46,24,7,7,0,300
main,validation,1800,correct,23,25,11,25,7,7,0,300
main,validation,1800,correct,23,26,41,26,7,7,0,300
main,validation,1800,correct,23,27,16,27,7,7,0,300
main,validation,1800,correct,23,28,48,28,7,7,0,300
main,validation,1800,correct,23,29,23,29,7,7,0,300
main,validation,1800,correct,23,30,21,30,7,7,0,300
main,validation,1800,correct,23,31,38,31,7,7,0,300
main,validation,1800,correct,23,32,22,32,7,7,0,300
main,validation,1800,correct,23,33,39,33,7,7,0,300
main,validation,1800,correct,23,34,42,34,7,7,0,300
main,validation,1800,correct,23,35,18,35,7,7,0,300
main,validation,1800,correct,23,36,6,36,7,7,0,300
main,validation,1800,correct,23,37,49,37,7,7,0,300
main,validation,1800,correct,23,38,33,38,7,7,0,300
main,validation,1800,correct,23,39,37,39,7,7,0,300
main,validation,1800,correct,23,40,24,40,7,7,0,300
main,validation,1800,correct,23,41,7,41,7,7,0,300
main,validation,1800,correct,23,42,40,42,7,7,0,300
main,validation,1800,correct,23,43,1,43,7,7,0,300
main,validation,1800,correct,23,44,20,44,7,7,0,300
main,validation,1800,correct,23,45,45,45,7,7,0,300
main,validation,1800,correct,23,46,10,46,7,7,0,300
main,validation,1800,correct,23,47,47,47,7,7,0,300
main,validation,1800,correct,23,48,43,48,7,7,0,300
main,validation,1800,correct,23,49,25,49,7,7,0,300
main,validation,1800,correct,26,0,45,0,7,7,1,97
main,validation,1800,correct,26,1,8,1,7,7,1,103
main,validation,1800,correct,26,2,22,2,7,7,1,99
main,validation,1800,correct,26,3,34,3,7,7,1,102
main,validation,1800,correct,26,4,49,4,7,7,1,102
main,validation,1800,correct,26,5,41,5,7,7,1,115
main,validation,1800,correct,26,6,9,6,7,7,1,114
main,validation,1800,correct,26,7,40,7,7,7,1,84
main,validation,1800,correct,26,8,29,8,7,7,1,98
main,validation,1800,correct,26,9,26,9,7,7,1,95
main,validation,1800,correct,26,10,7,10,7,7,1,102
main,validation,1800,correct,26,11,10,11,7,7,1,95
main,validation,1800,correct,26,12,44,12,7,7,1,107
main,validation,1800,correct,26,13,1,13,7,7,1,84
main,validation,1800,correct,26,14,35,14,7,7,1,100
main,validation,1800,correct,26,15,20,15,7,7,1,96
main,validation,1800,correct,26,16,2,16,7,7,1,92
main,validation,1800,correct,26,17,0,17,7,7,1,99
main,validation,1800,correct,26,18,23,18,7,7,1,97
main,validation,1800,correct,26,19,36,19,7,7,1,147
main,validation,1800,correct,26,20,43,20,7,7,0,300
main,validation,1800,correct,26,21,21,21,7,7,1,103
main,validation,1800,correct,26,22,31,22,7,7,1,105
main,validation,1800,correct,26,23,27,23,7,7,1,119
main,validation,1800,correct,26,24,47,24,7,7,1,94
main,validation,1800,correct,26,25,5,25,7,7,1,81
main,validation,1800,correct,26,26,11,26,7,7,0,300
main,validation,1800,correct,26,27,24,27,7,7,1,92
main,validation,1800,correct,26,28,38,28,7,7,1,95
main,validation,1800,correct,26,29,16,29,7,7,1,90
main,validation,1800,correct,26,30,39,30,7,7,1,97
main,validation,1800,correct,26,31,12,31,7,7,1,152
main,validation,1800,correct,26,32,42,32,7,7,1,101
main,validation,1800,correct,26,33,48,33,7,7,1,92
main,validation,1800,correct,26,34,32,34,7,7,1,87
main,validation,1800,correct,26,35,13,35,7,7,0,300
main,validation,1800,correct,26,36,4,36,7,7,1,103
main,validation,1800,correct,26,37,30,37,7,7,0,300
main,validation,1800,correct,26,38,3,38,7,7,1,85
main,validation,1800,correct,26,39,46,39,7,7,0,300
main,validation,1800,correct,26,40,14,40,7,7,0,300
main,validation,1800,correct,26,41,28,41,7,7,1,99
main,validation,1800,correct,26,42,19,42,7,7,1,127
main,validation,1800,correct,26,43,17,43,7,7,1,97
main,validation,1800,correct,26,44,33,44,7,7,0,300
main,validation,1800,correct,26,45,37,45,7,7,1,101
main,validation,1800,correct,26,46,15,46,7,7,1,100
main,validation,1800,correct,26,47,25,47,7,7,1,79
main,validation,1800,correct,26,48,6,48,7,7,0,300
main,validation,1800,correct,26,49,18,49,7,7,1,101
main,validation,1800,correct,11,0,34,0,7,7,1,157
main,validation,1800,correct,11,1,10,1,7,7,0,280
main,validation,1800,correct,11,2,12,2,7,7,1,243
main,validation,1800,correct,11,3,2,3,7,7,1,258
main,validation,1800,correct,11,4,39,4,7,7,1,188
main,validation,1800,correct,11,5,8,5,7,7,1,203
main,validation,1800,correct,11,6,35,6,7,7,1,170
main,validation,1800,correct,11,7,41,7,7,7,1,112
main,validation,1800,correct,11,8,45,8,7,7,1,197
main,validation,1800,correct,11,9,16,9,7,7,1,184
main,validation,1800,correct,11,10,4,10,7,7,1,280
main,validation,1800,correct,11,11,3,11,7,7,1,151
main,validation,1800,correct,11,12,30,12,7,7,0,280
main,validation,1800,correct,11,13,23,13,7,7,1,166
main,validation,1800,correct,11,14,14,14,7,7,0,280
main,validation,1800,correct,11,15,48,15,7,7,1,172
main,validation,1800,correct,11,16,33,16,7,7,1,153
main,validation,1800,correct,11,17,18,17,7,7,0,280
main,validation,1800,correct,11,18,13,18,7,7,0,280
main,validation,1800,correct,11,19,46,19,7,7,1,253
main,validation,1800,correct,11,20,43,20,7,7,0,280
main,validation,1800,correct,11,21,28,21,7,7,0,280
main,validation,1800,correct,11,22,29,22,7,7,1,131
main,validation,1800,correct,11,23,17,23,7,7,1,122
main,validation,1800,correct,11,24,37,24,7,7,1,211
main,validation,1800,correct,11,25,31,25,7,7,1,198
main,validation,1800,correct,11,26,26,26,7,7,1,253
main,validation,1800,correct,11,27,40,27,7,7,1,123
main,validation,1800,correct,11,28,42,28,7,7,1,128
main,validation,1800,correct,11,29,32,29,7,7,1,132
main,validation,1800,correct,11,30,24,30,7,7,1,187
main,validation,1800,correct,11,31,19,31,7,7,1,124
main,validation,1800,correct,11,32,47,32,7,7,0,280
main,validation,1800,correct,11,33,38,33,7,7,0,280
main,validation,1800,correct,11,34,11,34,7,7,0,280
main,validation,1800,correct,11,35,22,35,7,7,0,280
main,validation,1800,correct,11,36,25,36,7,7,1,123
main,validation,1800,correct,11,37,15,37,7,7,1,170
main,validation,1800,correct,11,38,9,38,7,7,1,180
main,validation,1800,correct,11,39,5,39,7,7,1,120
main,validation,1800,correct,11,40,7,40,7,7,1,171
main,validation,1800,correct,11,41,1,41,7,7,1,128
main,validation,1800,correct,11,42,27,42,7,7,0,280
main,validation,1800,correct,11,43,20,43,7,7,1,129
main,validation,1800,correct,11,44,0,44,7,7,1,121
main,validation,1800,correct,11,45,49,45,7,7,1,167
main,validation,1800,correct,11,46,44,46,7,7,1,107
main,validation,1800,correct,11,47,36,47,7,7,1,121
main,validation,1800,correct,11,48,6,48,7,7,0,280
main,validation,1800,correct,11,49,21,49,7,7,0,280
main,validation,1800,correct,13,0,33,0,7,7,1,123
main,validation,1800,correct,13,1,20,1,7,7,1,126
main,validation,1800,correct,13,2,18,2,7,7,0,280
main,validation,1800,correct,13,3,9,3,7,7,1,131
main,validation,1800,correct,13,4,42,4,7,7,1,190
main,validation,1800,correct,13,5,34,5,7,7,1,142
main,validation,1800,correct,13,6,24,6,7,7,1,197
main,validation,1800,correct,13,7,28,7,7,7,0,280
main,validation,1800,correct,13,8,25,8,7,7,0,280
main,validation,1800,correct,13,9,3,9,7,7,0,280
main,validation,1800,correct,13,10,16,10,7,7,0,280
main,validation,1800,correct,13,11,14,11,7,7,0,280
main,validation,1800,correct,13,12,44,12,7,7,1,162
main,validation,1800,correct,13,13,8,13,7,7,0,280
main,validation,1800,correct,13,14,48,14,7,7,1,121
main,validation,1800,correct,13,15,2,15,7,7,1,123
main,validation,1800,correct,13,16,36,16,7,7,1,130
main,validation,1800,correct,13,17,35,17,7,7,0,280
main,validation,1800,correct,13,18,0,18,7,7,1,167
main,validation,1800,correct,13,19,47,19,7,7,0,280
main,validation,1800,correct,13,20,30,20,7,7,0,280
main,validation,1800,correct,13,21,4,21,7,7,1,222
main,validation,1800,correct,13,22,13,22,7,7,1,257
main,validation,1800,correct,13,23,45,23,7,7,1,262
main,validation,1800,correct,13,24,43,24,7,7,1,122
main,validation,1800,correct,13,25,5,25,7,7,0,280
main,validation,1800,correct,13,26,7,26,7,7,0,280
main,validation,1800,correct,13,27,46,27,7,7,0,280
main,validation,1800,correct,13,28,15,28,7,7,0,280
main,validation,1800,correct,13,29,49,29,7,7,1,131
main,validation,1800,correct,13,30,26,30,7,7,0,280
main,validation,1800,correct,13,31,10,31,7,7,1,113
main,validation,1800,correct,13,32,23,32,7,7,0,280
main,validation,1800,correct,13,33,17,33,7,7,1,138
main,validation,1800,correct,13,34,1,34,7,7,1,167
main,validation,1800,correct,13,35,21,35,7,7,0,280
main,validation,1800,correct,13,36,12,36,7,7,1,126
main,validation,1800,correct,13,37,11,37,7,7,0,280
main,validation,1800,correct,13,38,40,38,7,7,1,136
main,validation,1800,correct,13,39,41,39,7,7,0,280
main,validation,1800,correct,13,40,19,40,7,7,1,247
main,validation,1800,correct,13,41,32,41,7,7,1,135
main,validation,1800,correct,13,42,38,42,7,7,0,280
main,validation,1800,correct,13,43,22,43,7,7,0,280
main,validation,1800,correct,13,44,29,44,7,7,0,280
main,validation,1800,correct,13,45,37,45,7,7,0,280
main,validation,1800,correct,13,46,31,46,7,7,1,127
main,validation,1800,correct,13,47,6,47,7,7,1,225
main,validation,1800,correct,13,48,27,48,7,7,0,280
main,validation,1800,correct,13,49,39,49,7,7,0,280
main,validation,1800,correct,1,0,1,0,7,7,0,220
main,validation,1800,correct,1,1,21,1,7,7,0,220
main,validation,1800,correct,1,2,39,2,7,7,0,220
main,validation,1800,correct,1,3,14,3,7,7,0,220
main,validation,1800,correct,1,4,2,4,7,7,0,220
main,validation,1800,correct,1,5,34,5,7,7,0,220
main,validation,1800,correct,1,6,40,6,7,7,0,220
main,validation,1800,correct,1,7,8,7,7,7,0,220
main,validation,1800,correct,1,8,4,8,7,7,0,220
main,validation,1800,correct,1,9,42,9,7,7,0,220
main,validation,1800,correct,1,10,44,10,7,7,0,220
main,validation,1800,correct,1,11,24,11,7,7,0,220
main,validation,1800,correct,1,12,36,12,7,7,0,220
main,validation,1800,correct,1,13,37,13,7,7,0,220
main,validation,1800,correct,1,14,18,14,7,7,0,220
main,validation,1800,correct,1,15,31,15,7,7,0,220
main,validation,1800,correct,1,16,33,16,7,7,0,220
main,validation,1800,correct,1,17,9,17,7,7,0,220
main,validation,1800,correct,1,18,6,18,7,7,0,220
main,validation,1800,correct,1,19,7,19,7,7,0,220
main,validation,1800,correct,1,20,27,20,7,7,0,220
main,validation,1800,correct,1,21,20,21,7,7,0,220
main,validation,1800,correct,1,22,38,22,7,7,0,220
main,validation,1800,correct,1,23,46,23,7,7,0,220
main,validation,1800,correct,1,24,17,24,7,7,0,220
main,validation,1800,correct,1,25,41,25,7,7,0,220
main,validation,1800,correct,1,26,0,26,7,7,0,220
main,validation,1800,correct,1,27,30,27,7,7,0,220
main,validation,1800,correct,1,28,22,28,7,7,0,220
main,validation,1800,correct,1,29,12,29,7,7,0,220
main,validation,1800,correct,1,30,47,30,7,7,0,220
main,validation,1800,correct,1,31,45,31,7,7,0,220
main,validation,1800,correct,1,32,32,32,7,7,0,220
main,validation,1800,correct,1,33,43,33,7,7,0,220
main,validation,1800,correct,1,34,3,34,7,7,0,220
main,validation,1800,correct,1,35,11,35,7,7,0,220
main,validation,1800,correct,1,36,48,36,7,7,0,220
main,validation,1800,correct,1,37,28,37,7,7,0,220
main,validation,1800,correct,1,38,35,38,7,7,0,220
main,validation,1800,correct,1,39,29,39,7,7,0,220
main,validation,1800,correct,1,40,15,40,7,7,0,220
main,validation,1800,correct,1,41,5,41,7,7,0,220
main,validation,1800,correct,1,42,26,42,7,7,0,220
main,validation,1800,correct,1,43,19,43,7,7,0,220
main,validation,1800,correct,1,44,23,44,7,7,0,220
main,validation,1800,correct,1,45,10,45,7,7,0,220
main,validation,1800,correct,1,46,16,46,7,7,0,220
main,validation,1800,correct,1,47,25,47,7,7,0,220
main,validation,1800,correct,1,48,49,48,7,7,0,220
main,validation,1800,correct,1,49,13,49,7,7,0,220
main,validation,1800,correct,3,0,2,0,7,7,1,102
main,validation,1800,correct,3,1,36,1,7,7,0,220
main,validation,1800,correct,3,2,43,2,7,7,1,117
main,validation,1800,correct,3,3,16,3,7,7,1,99
main,validation,1800,correct,3,4,7,4,7,7,1,170
main,validation,1800,correct,3,5,8,5,7,7,1,213
main,validation,1800,correct,3,6,14,6,7,7,0,220
main,validation,1800,correct,3,7,38,7,7,7,1,106
main,validation,1800,correct,3,8,33,8,7,7,0,220
main,validation,1800,correct,3,9,1,9,7,7,1,150
main,validation,1800,correct,3,10,21,10,7,7,1,140
main,validation,1800,correct,3,11,5,11,7,7,1,111
main,validation,1800,correct,3,12,49,12,7,7,1,114
main,validation,1800,correct,3,13,29,13,7,7,0,220
main,validation,1800,correct,3,14,24,14,7,7,1,144
main,validation,1800,correct,3,15,10,15,7,7,1,88
main,validation,1800,correct,3,16,44,16,7,7,0,220
main,validation,1800,correct,3,17,15,17,7,7,1,109
main,validation,1800,correct,3,18,19,18,7,7,1,113
main,validation,1800,correct,3,19,39,19,7,7,1,92
main,validation,1800,correct,3,20,6,20,7,7,0,220
main,validation,1800,correct,3,21,30,21,7,7,1,93
main,validation,1800,correct,3,22,28,22,7,7,1,120
main,validation,1800,correct,3,23,34,23,7,7,1,102
main,validation,1800,correct,3,24,3,24,7,7,1,114
main,validation,1800,correct,3,25,45,25,7,7,0,220
main,validation,1800,correct,3,26,32,26,7,7,1,112
main,validation,1800,correct,3,27,22,27,7,7,0,220
main,validation,1800,correct,3,28,20,28,7,7,0,220
main,validation,1800,correct,3,29,23,29,7,7,1,102
main,validation,1800,correct,3,30,9,30,7,7,0,220
main,validation,1800,correct,3,31,0,31,7,7,0,220
main,validation,1800,correct,3,32,4,32,7,7,0,220
main,validation,1800,correct,3,33,47,33,7,7,0,220
main,validation,1800,correct,3,34,31,34,7,7,1,197
main,validation,1800,correct,3,35,27,35,7,7,0,220
main,validation,1800,correct,3,36,17,36,7,7,1,100
main,validation,1800,correct,3,37,41,37,7,7,1,116
main,validation,1800,correct,3,38,25,38,7,7,1,95
main,validation,1800,correct,3,39,35,39,7,7,1,101
main,validation,1800,correct,3,40,46,40,7,7,0,220
main,validation,1800,correct,3,41,40,41,7,7,0,220
main,validation,1800,correct,3,42,42,42,7,7,1,104
main,validation,1800,correct,3,43,48,43,7,7,1,95
main,validation,1800,correct,3,44,26,44,7,7,1,98
main,validation,1800,correct,3,45,11,45,7,7,1,96
main,validation,1800,correct,3,46,18,46,7,7,0,220
main,validation,1800,correct,3,47,13,47,7,7,1,138
main,validation,1800,correct,3,48,12,48,7,7,1,128
main,validation,1800,correct,3,49,37,49,7,7,1,107
main,validation,2100,correct,31,0,47,0,7,7,0,520
main,validation,2100,correct,31,1,9,1,7,7,0,520
main,validation,2100,correct,31,2,3,2,7,7,0,520
main,validation,2100,correct,31,3,32,3,7,7,0,520
main,validation,2100,correct,31,4,15,4,7,7,1,338
main,validation,2100,correct,31,5,18,5,7,7,0,520
main,validation,2100,correct,31,6,34,6,7,7,1,321
main,validation,2100,correct,31,7,11,7,7,7,0,520
main,validation,2100,correct,31,8,31,8,7,7,0,520
main,validation,2100,correct,31,9,45,9,7,7,0,520
main,validation,2100,correct,31,10,49,10,7,7,1,485
main,validation,2100,correct,31,11,28,11,7,7,0,520
main,validation,2100,correct,31,12,39,12,7,7,1,501
main,validation,2100,correct,31,13,43,13,7,7,1,420
main,validation,2100,correct,31,14,12,14,7,7,0,520
main,validation,2100,correct,31,15,38,15,7,7,0,520
main,validation,2100,correct,31,16,35,16,7,7,1,348
main,validation,2100,correct,31,17,33,17,7,7,1,342
main,validation,2100,correct,31,18,42,18,7,7,0,520
main,validation,2100,correct,31,19,24,19,7,7,0,520
main,validation,2100,correct,31,20,21,20,7,7,1,295
main,validation,2100,correct,31,21,23,21,7,7,0,520
main,validation,2100,correct,31,22,2,22,7,7,1,408
main,validation,2100,correct,31,23,48,23,7,7,1,353
main,validation,2100,correct,31,24,0,24,7,7,0,520
main,validation,2100,correct,31,25,7,25,7,7,0,520
main,validation,2100,correct,31,26,37,26,7,7,1,431
main,validation,2100,correct,31,27,4,27,7,7,1,505
main,validation,2100,correct,31,28,20,28,7,7,0,520
main,validation,2100,correct,31,29,25,29,7,7,0,520
main,validation,2100,correct,31,30,46,30,7,7,0,520
main,validation,2100,correct,31,31,22,31,7,7,1,334
main,validation,2100,correct,31,32,41,32,7,7,0,520
main,validation,2100,correct,31,33,40,33,7,7,0,520
main,validation,2100,correct,31,34,13,34,7,7,1,256
main,validation,2100,correct,31,35,16,35,7,7,0,520
main,validation,2100,correct,31,36,10,36,7,7,1,331
main,validation,2100,correct,31,37,17,37,7,7,1,282
main,validation,2100,correct,31,38,6,38,7,7,1,337
main,validation,2100,correct,31,39,27,39,7,7,0,520
main,validation,2100,correct,31,40,36,40,7,7,0,520
main,validation,2100,correct,31,41,26,41,7,7,0,520
main,validation,2100,correct,31,42,44,42,7,7,0,520
main,validation,2100,correct,31,43,19,43,7,7,1,293
main,validation,2100,correct,31,44,14,44,7,7,0,520
main,validation,2100,correct,31,45,8,45,7,7,0,520
main,validation,2100,correct,31,46,5,46,7,7,1,390
main,validation,2100,correct,31,47,30,47,7,7,0,520
main,validation,2100,correct,31,48,29,48,7,7,0,520
main,validation,2100,correct,31,49,1,49,7,7,0,520
main,validation,2100,correct,32,0,16,0,7,7,0,520
main,validation,2100,correct,32,1,35,1,7,7,0,520
main,validation,2100,correct,32,2,12,2,7,7,0,520
main,validation,2100,correct,32,3,8,3,7,7,0,520
main,validation,2100,correct,32,4,37,4,7,7,0,520
main,validation,2100,correct,32,5,42,5,7,7,0,520
main,validation,2100,correct,32,6,15,6,7,7,0,520
main,validation,2100,correct,32,7,43,7,7,7,0,520
main,validation,2100,correct,32,8,33,8,7,7,0,520
main,validation,2100,correct,32,9,25,9,7,7,0,520
main,validation,2100,correct,32,10,3,10,7,7,0,520
main,validation,2100,correct,32,11,29,11,7,7,0,520
main,validation,2100,correct,32,12,24,12,7,7,0,520
main,validation,2100,correct,32,13,28,13,7,7,0,520
main,validation,2100,correct,32,14,47,14,7,7,0,520
main,validation,2100,correct,32,15,36,15,7,7,0,520
main,validation,2100,correct,32,16,18,16,7,7,0,520
main,validation,2100,correct,32,17,46,17,7,7,0,520
main,validation,2100,correct,32,18,39,18,7,7,0,520
main,validation,2100,correct,32,19,31,19,7,7,0,520
main,validation,2100,correct,32,20,32,20,7,7,0,520
main,validation,2100,correct,32,21,34,21,7,7,0,520
main,validation,2100,correct,32,22,19,22,7,7,0,520
main,validation,2100,correct,32,23,49,23,7,7,0,520
main,validation,2100,correct,32,24,45,24,7,7,0,520
main,validation,2100,correct,32,25,21,25,7,7,0,520
main,validation,2100,correct,32,26,44,26,7,7,0,520
main,validation,2100,correct,32,27,2,27,7,7,0,520
main,validation,2100,correct,32,28,38,28,7,7,0,520
main,validation,2100,correct,32,29,5,29,7,7,0,520
main,validation,2100,correct,32,30,1,30,7,7,0,520
main,validation,2100,correct,32,31,27,31,7,7,0,520
main,validation,2100,correct,32,32,7,32,7,7,0,520
main,validation,2100,correct,32,33,13,33,7,7,0,520
main,validation,2100,correct,32,34,23,34,7,7,0,520
main,validation,2100,correct,32,35,11,35,7,7,0,520
main,validation,2100,correct,32,36,9,36,7,7,0,520
main,validation,2100,correct,32,37,0,37,7,7,0,520
main,validation,2100,correct,32,38,10,38,7,7,0,520
main,validation,2100,correct,32,39,26,39,7,7,0,520
main,validation,2100,correct,32,40,4,40,7,7,0,520
main,validation,2100,correct,32,41,30,41,7,7,0,520
main,validation,2100,correct,32,42,40,42,7,7,0,520
main,validation,2100,correct,32,43,22,43,7,7,0,520
main,validation,2100,correct,32,44,41,44,7,7,0,520
main,validation,2100,correct,32,45,17,45,7,7,0,520
main,validation,2100,correct,32,46,20,46,7,7,0,520
main,validation,2100,correct,32,47,14,47,7,7,0,520
main,validation,2100,correct,32,48,48,48,7,7,0,520
main,validation,2100,correct,32,49,6,49,7,7,0,520
main,validation,2100,correct,23,0,35,0,7,7,0,300
main,validation,2100,correct,23,1,13,1,7,7,0,300
main,validation,2100,correct,23,2,15,2,7,7,0,300
main,validation,2100,correct,23,3,8,3,7,7,0,300
main,validation,2100,correct,23,4,34,4,7,7,0,300
main,validation,2100,correct,23,5,28,5,7,7,0,300
main,validation,2100,correct,23,6,29,6,7,7,0,300
main,validation,2100,correct,23,7,19,7,7,7,0,300
main,validation,2100,correct,23,8,17,8,7,7,0,300
main,validation,2100,correct,23,9,2,9,7,7,0,300
main,validation,2100,correct,23,10,0,10,7,7,0,300
main,validation,2100,correct,23,11,31,11,7,7,0,300
main,validation,2100,correct,23,12,3,12,7,7,0,300
main,validation,2100,correct,23,13,30,13,7,7,0,300
main,validation,2100,correct,23,14,5,14,7,7,0,300
main,validation,2100,correct,23,15,26,15,7,7,0,300
main,validation,2100,correct,23,16,4,16,7,7,0,300
main,validation,2100,correct,23,17,9,17,7,7,0,300
main,validation,2100,correct,23,18,14,18,7,7,0,300
main,validation,2100,correct,23,19,12,19,7,7,0,300
main,validation,2100,correct,23,20,27,20,7,7,0,300
main,validation,2100,correct,23,21,32,21,7,7,0,300
main,validation,2100,correct,23,22,36,22,7,7,0,300
main,validation,2100,correct,23,23,44,23,7,7,0,300
main,validation,2100,correct,23,24,46,24,7,7,0,300
main,validation,2100,correct,23,25,11,25,7,7,0,300
main,validation,2100,correct,23,26,41,26,7,7,0,300
main,validation,2100,correct,23,27,16,27,7,7,0,300
main,validation,2100,correct,23,28,48,28,7,7,0,300
main,validation,2100,correct,23,29,23,29,7,7,0,300
main,validation,2100,correct,23,30,21,30,7,7,0,300
main,validation,2100,correct,23,31,38,31,7,7,0,300
main,validation,2100,correct,23,32,22,32,7,7,0,300
main,validation,2100,correct,23,33,39,33,7,7,0,300
main,validation,2100,correct,23,34,42,34,7,7,0,300
main,validation,2100,correct,23,35,18,35,7,7,0,300
main,validation,2100,correct,23,36,6,36,7,7,0,300
main,validation,2100,correct,23,37,49,37,7,7,0,300
main,validation,2100,correct,23,38,33,38,7,7,0,300
main,validation,2100,correct,23,39,37,39,7,7,0,300
main,validation,2100,correct,23,40,24,40,7,7,0,300
main,validation,2100,correct,23,41,7,41,7,7,0,300
main,validation,2100,correct,23,42,40,42,7,7,0,300
main,validation,2100,correct,23,43,1,43,7,7,0,300
main,validation,2100,correct,23,44,20,44,7,7,0,300
main,validation,2100,correct,23,45,45,45,7,7,0,300
main,validation,2100,correct,23,46,10,46,7,7,0,300
main,validation,2100,correct,23,47,47,47,7,7,0,300
main,validation,2100,correct,23,48,43,48,7,7,0,300
main,validation,2100,correct,23,49,25,49,7,7,0,300
main,validation,2100,correct,26,0,45,0,7,7,1,98
main,validation,2100,correct,26,1,8,1,7,7,1,99
main,validation,2100,correct,26,2,22,2,7,7,1,98
main,validation,2100,correct,26,3,34,3,7,7,1,96
main,validation,2100,correct,26,4,49,4,7,7,1,95
main,validation,2100,correct,26,5,41,5,7,7,1,115
main,validation,2100,correct,26,6,9,6,7,7,1,113
main,validation,2100,correct,26,7,40,7,7,7,1,84
main,validation,2100,correct,26,8,29,8,7,7,1,98
main,validation,2100,correct,26,9,26,9,7,7,1,92
main,validation,2100,correct,26,10,7,10,7,7,1,101
main,validation,2100,correct,26,11,10,11,7,7,1,101
main,validation,2100,correct,26,12,44,12,7,7,1,106
main,validation,2100,correct,26,13,1,13,7,7,1,87
main,validation,2100,correct,26,14,35,14,7,7,1,99
main,validation,2100,correct,26,15,20,15,7,7,1,95
main,validation,2100,correct,26,16,2,16,7,7,1,96
main,validation,2100,correct,26,17,0,17,7,7,1,101
main,validation,2100,correct,26,18,23,18,7,7,1,97
main,validation,2100,correct,26,19,36,19,7,7,1,147
main,validation,2100,correct,26,20,43,20,7,7,0,300
main,validation,2100,correct,26,21,21,21,7,7,1,103
main,validation,2100,correct,26,22,31,22,7,7,1,102
main,validation,2100,correct,26,23,27,23,7,7,1,136
main,validation,2100,correct,26,24,47,24,7,7,1,95
main,validation,2100,correct,26,25,5,25,7,7,1,81
main,validation,2100,correct,26,26,11,26,7,7,1,112
main,validation,2100,correct,26,27,24,27,7,7,1,91
main,validation,2100,correct,26,28,38,28,7,7,1,97
main,validation,2100,correct,26,29,16,29,7,7,1,99
main,validation,2100,correct,26,30,39,30,7,7,1,97
main,validation,2100,correct,26,31,12,31,7,7,1,146
main,validation,2100,correct,26,32,42,32,7,7,1,101
main,validation,2100,correct,26,33,48,33,7,7,0,300
main,validation,2100,correct,26,34,32,34,7,7,1,85
main,validation,2100,correct,26,35,13,35,7,7,1,124
main,validation,2100,correct,26,36,4,36,7,7,1,102
main,validation,2100,correct,26,37,30,37,7,7,0,300
main,validation,2100,correct,26,38,3,38,7,7,1,87
main,validation,2100,correct,26,39,46,39,7,7,0,300
main,validation,2100,correct,26,40,14,40,7,7,0,300
main,validation,2100,correct,26,41,28,41,7,7,1,93
main,validation,2100,correct,26,42,19,42,7,7,1,122
main,validation,2100,correct,26,43,17,43,7,7,1,105
main,validation,2100,correct,26,44,33,44,7,7,1,97
main,validation,2100,correct,26,45,37,45,7,7,1,97
main,validation,2100,correct,26,46,15,46,7,7,1,102
main,validation,2100,correct,26,47,25,47,7,7,1,89
main,validation,2100,correct,26,48,6,48,7,7,0,300
main,validation,2100,correct,26,49,18,49,7,7,1,101
main,validation,2100,correct,11,0,34,0,7,7,1,253
main,validation,2100,correct,11,1,10,1,7,7,0,280
main,validation,2100,correct,11,2,12,2,7,7,1,201
main,validation,2100,correct,11,3,2,3,7,7,1,268
main,validation,2100,correct,11,4,39,4,7,7,1,258
main,validation,2100,correct,11,5,8,5,7,7,1,132
main,validation,2100,correct,11,6,35,6,7,7,1,170
main,validation,2100,correct,11,7,41,7,7,7,1,112
main,validation,2100,correct,11,8,45,8,7,7,1,251
main,validation,2100,correct,11,9,16,9,7,7,1,161
main,validation,2100,correct,11,10,4,10,7,7,0,280
main,validation,2100,correct,11,11,3,11,7,7,1,139
main,validation,2100,correct,11,12,30,12,7,7,1,237
main,validation,2100,correct,11,13,23,13,7,7,1,193
main,validation,2100,correct,11,14,14,14,7,7,1,265
main,validation,2100,correct,11,15,48,15,7,7,1,172
main,validation,2100,correct,11,16,33,16,7,7,1,153
main,validation,2100,correct,11,17,18,17,7,7,0,280
main,validation,2100,correct,11,18,13,18,7,7,1,202
main,validation,2100,correct,11,19,46,19,7,7,1,197
main,validation,2100,correct,11,20,43,20,7,7,0,280
main,validation,2100,correct,11,21,28,21,7,7,0,280
main,validation,2100,correct,11,22,29,22,7,7,1,133
main,validation,2100,correct,11,23,17,23,7,7,1,124
main,validation,2100,correct,11,24,37,24,7,7,1,212
main,validation,2100,correct,11,25,31,25,7,7,1,277
main,validation,2100,correct,11,26,26,26,7,7,1,248
main,validation,2100,correct,11,27,40,27,7,7,1,123
main,validation,2100,correct,11,28,42,28,7,7,1,137
main,validation,2100,correct,11,29,32,29,7,7,1,134
main,validation,2100,correct,11,30,24,30,7,7,0,280
main,validation,2100,correct,11,31,19,31,7,7,0,280
main,validation,2100,correct,11,32,47,32,7,7,0,280
main,validation,2100,correct,11,33,38,33,7,7,0,280
main,validation,2100,correct,11,34,11,34,7,7,0,280
main,validation,2100,correct,11,35,22,35,7,7,1,132
main,validation,2100,correct,11,36,25,36,7,7,1,123
main,validation,2100,correct,11,37,15,37,7,7,1,125
main,validation,2100,correct,11,38,9,38,7,7,1,187
main,validation,2100,correct,11,39,5,39,7,7,1,119
main,validation,2100,correct,11,40,7,40,7,7,1,204
main,validation,2100,correct,11,41,1,41,7,7,1,127
main,validation,2100,correct,11,42,27,42,7,7,1,242
main,validation,2100,correct,11,43,20,43,7,7,1,132
main,validation,2100,correct,11,44,0,44,7,7,1,122
main,validation,2100,correct,11,45,49,45,7,7,1,164
main,validation,2100,correct,11,46,44,46,7,7,1,117
main,validation,2100,correct,11,47,36,47,7,7,1,121
main,validation,2100,correct,11,48,6,48,7,7,0,280
main,validation,2100,correct,11,49,21,49,7,7,0,280
main,validation,2100,correct,13,0,33,0,7,7,1,218
main,validation,2100,correct,13,1,20,1,7,7,1,123
main,validation,2100,correct,13,2,18,2,7,7,0,280
main,validation,2100,correct,13,3,9,3,7,7,1,182
main,validation,2100,correct,13,4,42,4,7,7,1,183
main,validation,2100,correct,13,5,34,5,7,7,0,280
main,validation,2100,correct,13,6,24,6,7,7,1,228
main,validation,2100,correct,13,7,28,7,7,7,0,280
main,validation,2100,correct,13,8,25,8,7,7,0,280
main,validation,2100,correct,13,9,3,9,7,7,1,209
main,validation,2100,correct,13,10,16,10,7,7,1,142
main,validation,2100,correct,13,11,14,11,7,7,1,139
main,validation,2100,correct,13,12,44,12,7,7,1,279
main,validation,2100,correct,13,13,8,13,7,7,0,280
main,validation,2100,correct,13,14,48,14,7,7,1,122
main,validation,2100,correct,13,15,2,15,7,7,1,125
main,validation,2100,correct,13,16,36,16,7,7,1,130
main,validation,2100,correct,13,17,35,17,7,7,0,280
main,validation,2100,correct,13,18,0,18,7,7,1,209
main,validation,2100,correct,13,19,47,19,7,7,0,280
main,validation,2100,correct,13,20,30,20,7,7,0,280
main,validation,2100,correct,13,21,4,21,7,7,0,280
main,validation,2100,correct,13,22,13,22,7,7,0,280
main,validation,2100,correct,13,23,45,23,7,7,0,280
main,validation,2100,correct,13,24,43,24,7,7,1,134
main,validation,2100,correct,13,25,5,25,7,7,0,280
main,validation,2100,correct,13,26,7,26,7,7,0,280
main,validation,2100,correct,13,27,46,27,7,7,0,280
main,validation,2100,correct,13,28,15,28,7,7,0,280
main,validation,2100,correct,13,29,49,29,7,7,1,141
main,validation,2100,correct,13,30,26,30,7,7,0,280
main,validation,2100,correct,13,31,10,31,7,7,1,116
main,validation,2100,correct,13,32,23,32,7,7,1,168
main,validation,2100,correct,13,33,17,33,7,7,1,132
main,validation,2100,correct,13,34,1,34,7,7,1,116
main,validation,2100,correct,13,35,21,35,7,7,1,112
main,validation,2100,correct,13,36,12,36,7,7,1,136
main,validation,2100,correct,13,37,11,37,7,7,0,280
main,validation,2100,correct,13,38,40,38,7,7,0,280
main,validation,2100,correct,13,39,41,39,7,7,0,280
main,validation,2100,correct,13,40,19,40,7,7,0,280
main,validation,2100,correct,13,41,32,41,7,7,1,117
main,validation,2100,correct,13,42,38,42,7,7,0,280
main,validation,2100,correct,13,43,22,43,7,7,0,280
main,validation,2100,correct,13,44,29,44,7,7,0,280
main,validation,2100,correct,13,45,37,45,7,7,0,280
main,validation,2100,correct,13,46,31,46,7,7,0,280
main,validation,2100,correct,13,47,6,47,7,7,1,128
main,validation,2100,correct,13,48,27,48,7,7,0,280
main,validation,2100,correct,13,49,39,49,7,7,0,280
main,validation,2100,correct,1,0,1,0,7,7,0,220
main,validation,2100,correct,1,1,21,1,7,7,0,220
main,validation,2100,correct,1,2,39,2,7,7,0,220
main,validation,2100,correct,1,3,14,3,7,7,0,220
main,validation,2100,correct,1,4,2,4,7,7,0,220
main,validation,2100,correct,1,5,34,5,7,7,0,220
main,validation,2100,correct,1,6,40,6,7,7,0,220
main,validation,2100,correct,1,7,8,7,7,7,0,220
main,validation,2100,correct,1,8,4,8,7,7,0,220
main,validation,2100,correct,1,9,42,9,7,7,0,220
main,validation,2100,correct,1,10,44,10,7,7,0,220
main,validation,2100,correct,1,11,24,11,7,7,0,220
main,validation,2100,correct,1,12,36,12,7,7,0,220
main,validation,2100,correct,1,13,37,13,7,7,0,220
main,validation,2100,correct,1,14,18,14,7,7,0,220
main,validation,2100,correct,1,15,31,15,7,7,0,220
main,validation,2100,correct,1,16,33,16,7,7,0,220
main,validation,2100,correct,1,17,9,17,7,7,0,220
main,validation,2100,correct,1,18,6,18,7,7,0,220
main,validation,2100,correct,1,19,7,19,7,7,0,220
main,validation,2100,correct,1,20,27,20,7,7,0,220
main,validation,2100,correct,1,21,20,21,7,7,0,220
main,validation,2100,correct,1,22,38,22,7,7,0,220
main,validation,2100,correct,1,23,46,23,7,7,0,220
main,validation,2100,correct,1,24,17,24,7,7,0,220
main,validation,2100,correct,1,25,41,25,7,7,0,220
main,validation,2100,correct,1,26,0,26,7,7,0,220
main,validation,2100,correct,1,27,30,27,7,7,0,220
main,validation,2100,correct,1,28,22,28,7,7,0,220
main,validation,2100,correct,1,29,12,29,7,7,0,220
main,validation,2100,correct,1,30,47,30,7,7,0,220
main,validation,2100,correct,1,31,45,31,7,7,0,220
main,validation,2100,correct,1,32,32,32,7,7,0,220
main,validation,2100,correct,1,33,43,33,7,7,0,220
main,validation,2100,correct,1,34,3,34,7,7,1,163
main,validation,2100,correct,1,35,11,35,7,7,0,220
main,validation,2100,correct,1,36,48,36,7,7,0,220
main,validation,2100,correct,1,37,28,37,7,7,0,220
main,validation,2100,correct,1,38,35,38,7,7,0,220
main,validation,2100,correct,1,39,29,39,7,7,0,220
main,validation,2100,correct,1,40,15,40,7,7,0,220
main,validation,2100,correct,1,41,5,41,7,7,0,220
main,validation,2100,correct,1,42,26,42,7,7,0,220
main,validation,2100,correct,1,43,19,43,7,7,0,220
main,validation,2100,correct,1,44,23,44,7,7,0,220
main,validation,2100,correct,1,45,10,45,7,7,0,220
main,validation,2100,correct,1,46,16,46,7,7,0,220
main,validation,2100,correct,1,47,25,47,7,7,0,220
main,validation,2100,correct,1,48,49,48,7,7,0,220
main,validation,2100,correct,1,49,13,49,7,7,0,220
main,validation,2100,correct,3,0,2,0,7,7,1,125
main,validation,2100,correct,3,1,36,1,7,7,1,112
main,validation,2100,correct,3,2,43,2,7,7,1,127
main,validation,2100,correct,3,3,16,3,7,7,1,99
main,validation,2100,correct,3,4,7,4,7,7,0,220
main,validation,2100,correct,3,5,8,5,7,7,1,113
main,validation,2100,correct,3,6,14,6,7,7,1,148
main,validation,2100,correct,3,7,38,7,7,7,1,128
main,validation,2100,correct,3,8,33,8,7,7,0,220
main,validation,2100,correct,3,9,1,9,7,7,1,158
main,validation,2100,correct,3,10,21,10,7,7,1,149
main,validation,2100,correct,3,11,5,11,7,7,1,111
main,validation,2100,correct,3,12,49,12,7,7,1,119
main,validation,2100,correct,3,13,29,13,7,7,0,220
main,validation,2100,correct,3,14,24,14,7,7,1,106
main,validation,2100,correct,3,15,10,15,7,7,1,87
main,validation,2100,correct,3,16,44,16,7,7,0,220
main,validation,2100,correct,3,17,15,17,7,7,1,101
main,validation,2100,correct,3,18,19,18,7,7,1,119
main,validation,2100,correct,3,19,39,19,7,7,1,133
main,validation,2100,correct,3,20,6,20,7,7,0,220
main,validation,2100,correct,3,21,30,21,7,7,1,127
main,validation,2100,correct,3,22,28,22,7,7,1,213
main,validation,2100,correct,3,23,34,23,7,7,1,103
main,validation,2100,correct,3,24,3,24,7,7,1,125
main,validation,2100,correct,3,25,45,25,7,7,0,220
main,validation,2100,correct,3,26,32,26,7,7,1,153
main,validation,2100,correct,3,27,22,27,7,7,0,220
main,validation,2100,correct,3,28,20,28,7,7,0,220
main,validation,2100,correct,3,29,23,29,7,7,1,104
main,validation,2100,correct,3,30,9,30,7,7,0,220
main,validation,2100,correct,3,31,0,31,7,7,0,220
main,validation,2100,correct,3,32,4,32,7,7,1,151
main,validation,2100,correct,3,33,47,33,7,7,0,220
main,validation,2100,correct,3,34,31,34,7,7,0,220
main,validation,2100,correct,3,35,27,35,7,7,0,220
main,validation,2100,correct,3,36,17,36,7,7,1,99
main,validation,2100,correct,3,37,41,37,7,7,1,110
main,validation,2100,correct,3,38,25,38,7,7,1,107
main,validation,2100,correct,3,39,35,39,7,7,1,107
main,validation,2100,correct,3,40,46,40,7,7,0,220
main,validation,2100,correct,3,41,40,41,7,7,0,220
main,validation,2100,correct,3,42,42,42,7,7,1,104
main,validation,2100,correct,3,43,48,43,7,7,1,97
main,validation,2100,correct,3,44,26,44,7,7,1,98
main,validation,2100,correct,3,45,11,45,7,7,1,99
main,validation,2100,correct,3,46,18,46,7,7,0,220
main,validation,2100,correct,3,47,13,47,7,7,1,183
main,validation,2100,correct,3,48,12,48,7,7,0,220
main,validation,2100,correct,3,49,37,49,7,7,1,216
ablation,validation,1800,correct,31,0,47,0,7,7,0,520
ablation,validation,1800,correct,31,1,9,1,7,7,0,520
ablation,validation,1800,correct,31,2,3,2,7,7,0,520
ablation,validation,1800,correct,31,3,32,3,7,7,0,520
ablation,validation,1800,correct,31,4,15,4,7,7,0,520
ablation,validation,1800,correct,31,5,18,5,7,7,0,520
ablation,validation,1800,correct,31,6,34,6,7,7,0,520
ablation,validation,1800,correct,31,7,11,7,7,7,0,520
ablation,validation,1800,correct,31,8,31,8,7,7,0,520
ablation,validation,1800,correct,31,9,45,9,7,7,0,520
ablation,validation,1800,correct,31,10,49,10,7,7,0,520
ablation,validation,1800,correct,31,11,28,11,7,7,1,493
ablation,validation,1800,correct,31,12,39,12,7,7,0,520
ablation,validation,1800,correct,31,13,43,13,7,7,0,520
ablation,validation,1800,correct,31,14,12,14,7,7,1,340
ablation,validation,1800,correct,31,15,38,15,7,7,0,520
ablation,validation,1800,correct,31,16,35,16,7,7,0,520
ablation,validation,1800,correct,31,17,33,17,7,7,0,520
ablation,validation,1800,correct,31,18,42,18,7,7,0,520
ablation,validation,1800,correct,31,19,24,19,7,7,0,520
ablation,validation,1800,correct,31,20,21,20,7,7,1,404
ablation,validation,1800,correct,31,21,23,21,7,7,0,520
ablation,validation,1800,correct,31,22,2,22,7,7,1,512
ablation,validation,1800,correct,31,23,48,23,7,7,0,520
ablation,validation,1800,correct,31,24,0,24,7,7,0,520
ablation,validation,1800,correct,31,25,7,25,7,7,0,520
ablation,validation,1800,correct,31,26,37,26,7,7,1,475
ablation,validation,1800,correct,31,27,4,27,7,7,1,513
ablation,validation,1800,correct,31,28,20,28,7,7,0,520
ablation,validation,1800,correct,31,29,25,29,7,7,1,442
ablation,validation,1800,correct,31,30,46,30,7,7,1,452
ablation,validation,1800,correct,31,31,22,31,7,7,0,520
ablation,validation,1800,correct,31,32,41,32,7,7,0,520
ablation,validation,1800,correct,31,33,40,33,7,7,0,520
ablation,validation,1800,correct,31,34,13,34,7,7,1,397
ablation,validation,1800,correct,31,35,16,35,7,7,0,520
ablation,validation,1800,correct,31,36,10,36,7,7,1,407
ablation,validation,1800,correct,31,37,17,37,7,7,0,520
ablation,validation,1800,correct,31,38,6,38,7,7,0,520
ablation,validation,1800,correct,31,39,27,39,7,7,0,520
ablation,validation,1800,correct,31,40,36,40,7,7,0,520
ablation,validation,1800,correct,31,41,26,41,7,7,0,520
ablation,validation,1800,correct,31,42,44,42,7,7,0,520
ablation,validation,1800,correct,31,43,19,43,7,7,1,362
ablation,validation,1800,correct,31,44,14,44,7,7,0,520
ablation,validation,1800,correct,31,45,8,45,7,7,0,520
ablation,validation,1800,correct,31,46,5,46,7,7,0,520
ablation,validation,1800,correct,31,47,30,47,7,7,1,437
ablation,validation,1800,correct,31,48,29,48,7,7,0,520
ablation,validation,1800,correct,31,49,1,49,7,7,0,520
ablation,validation,1800,correct,32,0,16,0,7,7,0,520
ablation,validation,1800,correct,32,1,35,1,7,7,0,520
ablation,validation,1800,correct,32,2,12,2,7,7,0,520
ablation,validation,1800,correct,32,3,8,3,7,7,0,520
ablation,validation,1800,correct,32,4,37,4,7,7,0,520
ablation,validation,1800,correct,32,5,42,5,7,7,0,520
ablation,validation,1800,correct,32,6,15,6,7,7,0,520
ablation,validation,1800,correct,32,7,43,7,7,7,0,520
ablation,validation,1800,correct,32,8,33,8,7,7,0,520
ablation,validation,1800,correct,32,9,25,9,7,7,0,520
ablation,validation,1800,correct,32,10,3,10,7,7,0,520
ablation,validation,1800,correct,32,11,29,11,7,7,0,520
ablation,validation,1800,correct,32,12,24,12,7,7,0,520
ablation,validation,1800,correct,32,13,28,13,7,7,0,520
ablation,validation,1800,correct,32,14,47,14,7,7,0,520
ablation,validation,1800,correct,32,15,36,15,7,7,0,520
ablation,validation,1800,correct,32,16,18,16,7,7,0,520
ablation,validation,1800,correct,32,17,46,17,7,7,0,520
ablation,validation,1800,correct,32,18,39,18,7,7,0,520
ablation,validation,1800,correct,32,19,31,19,7,7,0,520
ablation,validation,1800,correct,32,20,32,20,7,7,0,520
ablation,validation,1800,correct,32,21,34,21,7,7,0,520
ablation,validation,1800,correct,32,22,19,22,7,7,0,520
ablation,validation,1800,correct,32,23,49,23,7,7,0,520
ablation,validation,1800,correct,32,24,45,24,7,7,0,520
ablation,validation,1800,correct,32,25,21,25,7,7,0,520
ablation,validation,1800,correct,32,26,44,26,7,7,0,520
ablation,validation,1800,correct,32,27,2,27,7,7,0,520
ablation,validation,1800,correct,32,28,38,28,7,7,0,520
ablation,validation,1800,correct,32,29,5,29,7,7,0,520
ablation,validation,1800,correct,32,30,1,30,7,7,0,520
ablation,validation,1800,correct,32,31,27,31,7,7,0,520
ablation,validation,1800,correct,32,32,7,32,7,7,0,520
ablation,validation,1800,correct,32,33,13,33,7,7,0,520
ablation,validation,1800,correct,32,34,23,34,7,7,0,520
ablation,validation,1800,correct,32,35,11,35,7,7,0,520
ablation,validation,1800,correct,32,36,9,36,7,7,0,520
ablation,validation,1800,correct,32,37,0,37,7,7,0,520
ablation,validation,1800,correct,32,38,10,38,7,7,0,520
ablation,validation,1800,correct,32,39,26,39,7,7,0,520
ablation,validation,1800,correct,32,40,4,40,7,7,0,520
ablation,validation,1800,correct,32,41,30,41,7,7,0,520
ablation,validation,1800,correct,32,42,40,42,7,7,0,520
ablation,validation,1800,correct,32,43,22,43,7,7,0,520
ablation,validation,1800,correct,32,44,41,44,7,7,0,520
ablation,validation,1800,correct,32,45,17,45,7,7,0,520
ablation,validation,1800,correct,32,46,20,46,7,7,0,520
ablation,validation,1800,correct,32,47,14,47,7,7,0,520
ablation,validation,1800,correct,32,48,48,48,7,7,0,520
ablation,validation,1800,correct,32,49,6,49,7,7,0,520
ablation,validation,1800,correct,23,0,35,0,7,7,0,300
ablation,validation,1800,correct,23,1,13,1,7,7,0,300
ablation,validation,1800,correct,23,2,15,2,7,7,0,300
ablation,validation,1800,correct,23,3,8,3,7,7,0,300
ablation,validation,1800,correct,23,4,34,4,7,7,0,300
ablation,validation,1800,correct,23,5,28,5,7,7,0,300
ablation,validation,1800,correct,23,6,29,6,7,7,0,300
ablation,validation,1800,correct,23,7,19,7,7,7,0,300
ablation,validation,1800,correct,23,8,17,8,7,7,0,300
ablation,validation,1800,correct,23,9,2,9,7,7,0,300
ablation,validation,1800,correct,23,10,0,10,7,7,0,300
ablation,validation,1800,correct,23,11,31,11,7,7,0,300
ablation,validation,1800,correct,23,12,3,12,7,7,0,300
ablation,validation,1800,correct,23,13,30,13,7,7,0,300
ablation,validation,1800,correct,23,14,5,14,7,7,0,300
ablation,validation,1800,correct,23,15,26,15,7,7,0,300
ablation,validation,1800,correct,23,16,4,16,7,7,0,300
ablation,validation,1800,correct,23,17,9,17,7,7,0,300
ablation,validation,1800,correct,23,18,14,18,7,7,0,300
ablation,validation,1800,correct,23,19,12,19,7,7,0,300
ablation,validation,1800,correct,23,20,27,20,7,7,0,300
ablation,validation,1800,correct,23,21,32,21,7,7,0,300
ablation,validation,1800,correct,23,22,36,22,7,7,0,300
ablation,validation,1800,correct,23,23,44,23,7,7,0,300
ablation,validation,1800,correct,23,24,46,24,7,7,0,300
ablation,validation,1800,correct,23,25,11,25,7,7,0,300
ablation,validation,1800,correct,23,26,41,26,7,7,0,300
ablation,validation,1800,correct,23,27,16,27,7,7,0,300
ablation,validation,1800,correct,23,28,48,28,7,7,0,300
ablation,validation,1800,correct,23,29,23,29,7,7,0,300
ablation,validation,1800,correct,23,30,21,30,7,7,0,300
ablation,validation,1800,correct,23,31,38,31,7,7,0,300
ablation,validation,1800,correct,23,32,22,32,7,7,0,300
ablation,validation,1800,correct,23,33,39,33,7,7,0,300
ablation,validation,1800,correct,23,34,42,34,7,7,0,300
ablation,validation,1800,correct,23,35,18,35,7,7,0,300
ablation,validation,1800,correct,23,36,6,36,7,7,0,300
ablation,validation,1800,correct,23,37,49,37,7,7,0,300
ablation,validation,1800,correct,23,38,33,38,7,7,0,300
ablation,validation,1800,correct,23,39,37,39,7,7,0,300
ablation,validation,1800,correct,23,40,24,40,7,7,0,300
ablation,validation,1800,correct,23,41,7,41,7,7,0,300
ablation,validation,1800,correct,23,42,40,42,7,7,0,300
ablation,validation,1800,correct,23,43,1,43,7,7,0,300
ablation,validation,1800,correct,23,44,20,44,7,7,0,300
ablation,validation,1800,correct,23,45,45,45,7,7,0,300
ablation,validation,1800,correct,23,46,10,46,7,7,0,300
ablation,validation,1800,correct,23,47,47,47,7,7,0,300
ablation,validation,1800,correct,23,48,43,48,7,7,0,300
ablation,validation,1800,correct,23,49,25,49,7,7,0,300
ablation,validation,1800,correct,26,0,45,0,7,7,1,98
ablation,validation,1800,correct,26,1,8,1,7,7,1,122
ablation,validation,1800,correct,26,2,22,2,7,7,1,109
ablation,validation,1800,correct,26,3,34,3,7,7,1,126
ablation,validation,1800,correct,26,4,49,4,7,7,1,101
ablation,validation,1800,correct,26,5,41,5,7,7,1,121
ablation,validation,1800,correct,26,6,9,6,7,7,1,113
ablation,validation,1800,correct,26,7,40,7,7,7,1,91
ablation,validation,1800,correct,26,8,29,8,7,7,1,99
ablation,validation,1800,correct,26,9,26,9,7,7,1,138
ablation,validation,1800,correct,26,10,7,10,7,7,1,95
ablation,validation,1800,correct,26,11,10,11,7,7,1,102
ablation,validation,1800,correct,26,12,44,12,7,7,1,104
ablation,validation,1800,correct,26,13,1,13,7,7,0,300
ablation,validation,1800,correct,26,14,35,14,7,7,1,107
ablation,validation,1800,correct,26,15,20,15,7,7,1,106
ablation,validation,1800,correct,26,16,2,16,7,7,0,300
ablation,validation,1800,correct,26,17,0,17,7,7,1,102
ablation,validation,1800,correct,26,18,23,18,7,7,0,300
ablation,validation,1800,correct,26,19,36,19,7,7,1,104
ablation,validation,1800,correct,26,20,43,20,7,7,1,105
ablation,validation,1800,correct,26,21,21,21,7,7,1,105
ablation,validation,1800,correct,26,22,31,22,7,7,1,107
ablation,validation,1800,correct,26,23,27,23,7,7,1,100
ablation,validation,1800,correct,26,24,47,24,7,7,1,94
ablation,validation,1800,correct,26,25,5,25,7,7,1,91
ablation,validation,1800,correct,26,26,11,26,7,7,1,131
ablation,validation,1800,correct,26,27,24,27,7,7,0,300
ablation,validation,1800,correct,26,28,38,28,7,7,1,91
ablation,validation,1800,correct,26,29,16,29,7,7,1,91
ablation,validation,1800,correct,26,30,39,30,7,7,0,300
ablation,validation,1800,correct,26,31,12,31,7,7,1,116
ablation,validation,1800,correct,26,32,42,32,7,7,0,300
ablation,validation,1800,correct,26,33,48,33,7,7,1,95
ablation,validation,1800,correct,26,34,32,34,7,7,1,105
ablation,validation,1800,correct,26,35,13,35,7,7,1,114
ablation,validation,1800,correct,26,36,4,36,7,7,1,107
ablation,validation,1800,correct,26,37,30,37,7,7,1,115
ablation,validation,1800,correct,26,38,3,38,7,7,1,90
ablation,validation,1800,correct,26,39,46,39,7,7,0,300
ablation,validation,1800,correct,26,40,14,40,7,7,1,125
ablation,validation,1800,correct,26,41,28,41,7,7,1,130
ablation,validation,1800,correct,26,42,19,42,7,7,1,91
ablation,validation,1800,correct,26,43,17,43,7,7,1,91
ablation,validation,1800,correct,26,44,33,44,7,7,1,106
ablation,validation,1800,correct,26,45,37,45,7,7,1,102
ablation,validation,1800,correct,26,46,15,46,7,7,1,128
ablation,validation,1800,correct,26,47,25,47,7,7,1,75
ablation,validation,1800,correct,26,48,6,48,7,7,1,117
ablation,validation,1800,correct,26,49,18,49,7,7,1,112
ablation,validation,1800,correct,11,0,34,0,7,7,1,162
ablation,validation,1800,correct,11,1,10,1,7,7,0,280
ablation,validation,1800,correct,11,2,12,2,7,7,1,243
ablation,validation,1800,correct,11,3,2,3,7,7,1,139
ablation,validation,1800,correct,11,4,39,4,7,7,1,228
ablation,validation,1800,correct,11,5,8,5,7,7,1,233
ablation,validation,1800,correct,11,6,35,6,7,7,0,280
ablation,validation,1800,correct,11,7,41,7,7,7,0,280
ablation,validation,1800,correct,11,8,45,8,7,7,1,133
ablation,validation,1800,correct,11,9,16,9,7,7,1,270
ablation,validation,1800,correct,11,10,4,10,7,7,0,280
ablation,validation,1800,correct,11,11,3,11,7,7,1,133
ablation,validation,1800,correct,11,12,30,12,7,7,1,228
ablation,validation,1800,correct,11,13,23,13,7,7,1,173
ablation,validation,1800,correct,11,14,14,14,7,7,0,280
ablation,validation,1800,correct,11,15,48,15,7,7,1,137
ablation,validation,1800,correct,11,16,33,16,7,7,1,153
ablation,validation,1800,correct,11,17,18,17,7,7,1,243
ablation,validation,1800,correct,11,18,13,18,7,7,0,280
ablation,validation,1800,correct,11,19,46,19,7,7,1,153
ablation,validation,1800,correct,11,20,43,20,7,7,0,280
ablation,validation,1800,correct,11,21,28,21,7,7,0,280
ablation,validation,1800,correct,11,22,29,22,7,7,1,177
ablation,validation,1800,correct,11,23,17,23,7,7,1,213
ablation,validation,1800,correct,11,24,37,24,7,7,1,133
ablation,validation,1800,correct,11,25,31,25,7,7,0,280
ablation,validation,1800,correct,11,26,26,26,7,7,1,133
ablation,validation,1800,correct,11,27,40,27,7,7,1,192
ablation,validation,1800,correct,11,28,42,28,7,7,1,159
ablation,validation,1800,correct,11,29,32,29,7,7,1,147
ablation,validation,1800,correct,11,30,24,30,7,7,0,280
ablation,validation,1800,correct,11,31,19,31,7,7,0,280
ablation,validation,1800,correct,11,32,47,32,7,7,0,280
ablation,validation,1800,correct,11,33,38,33,7,7,1,122
ablation,validation,1800,correct,11,34,11,34,7,7,0,280
ablation,validation,1800,correct,11,35,22,35,7,7,1,149
ablation,validation,1800,correct,11,36,25,36,7,7,1,139
ablation,validation,1800,correct,11,37,15,37,7,7,1,172
ablation,validation,1800,correct,11,38,9,38,7,7,1,262
ablation,validation,1800,correct,11,39,5,39,7,7,1,139
ablation,validation,1800,correct,11,40,7,40,7,7,1,206
ablation,validation,1800,correct,11,41,1,41,7,7,1,171
ablation,validation,1800,correct,11,42,27,42,7,7,1,124
ablation,validation,1800,correct,11,43,20,43,7,7,1,228
ablation,validation,1800,correct,11,44,0,44,7,7,1,129
ablation,validation,1800,correct,11,45,49,45,7,7,1,126
ablation,validation,1800,correct,11,46,44,46,7,7,1,132
ablation,validation,1800,correct,11,47,36,47,7,7,1,156
ablation,validation,1800,correct,11,48,6,48,7,7,1,212
ablation,validation,1800,correct,11,49,21,49,7,7,0,280
ablation,validation,1800,correct,13,0,33,0,7,7,1,159
ablation,validation,1800,correct,13,1,20,1,7,7,1,266
ablation,validation,1800,correct,13,2,18,2,7,7,1,122
ablation,validation,1800,correct,13,3,9,3,7,7,0,280
ablation,validation,1800,correct,13,4,42,4,7,7,1,132
ablation,validation,1800,correct,13,5,34,5,7,7,0,280
ablation,validation,1800,correct,13,6,24,6,7,7,0,280
ablation,validation,1800,correct,13,7,28,7,7,7,0,280
ablation,validation,1800,correct,13,8,25,8,7,7,0,280
ablation,validation,1800,correct,13,9,3,9,7,7,0,280
ablation,validation,1800,correct,13,10,16,10,7,7,1,128
ablation,validation,1800,correct,13,11,14,11,7,7,0,280
ablation,validation,1800,correct,13,12,44,12,7,7,0,280
ablation,validation,1800,correct,13,13,8,13,7,7,0,280
ablation,validation,1800,correct,13,14,48,14,7,7,0,280
ablation,validation,1800,correct,13,15,2,15,7,7,1,138
ablation,validation,1800,correct,13,16,36,16,7,7,0,280
ablation,validation,1800,correct,13,17,35,17,7,7,0,280
ablation,validation,1800,correct,13,18,0,18,7,7,0,280
ablation,validation,1800,correct,13,19,47,19,7,7,0,280
ablation,validation,1800,correct,13,20,30,20,7,7,0,280
ablation,validation,1800,correct,13,21,4,21,7,7,0,280
ablation,validation,1800,correct,13,22,13,22,7,7,1,137
ablation,validation,1800,correct,13,23,45,23,7,7,0,280
ablation,validation,1800,correct,13,24,43,24,7,7,0,280
ablation,validation,1800,correct,13,25,5,25,7,7,0,280
ablation,validation,1800,correct,13,26,7,26,7,7,1,136
ablation,validation,1800,correct,13,27,46,27,7,7,0,280
ablation,validation,1800,correct,13,28,15,28,7,7,1,134
ablation,validation,1800,correct,13,29,49,29,7,7,0,280
ablation,validation,1800,correct,13,30,26,30,7,7,1,118
ablation,validation,1800,correct,13,31,10,31,7,7,1,136
ablation,validation,1800,correct,13,32,23,32,7,7,1,136
ablation,validation,1800,correct,13,33,17,33,7,7,1,247
ablation,validation,1800,correct,13,34,1,34,7,7,1,162
ablation,validation,1800,correct,13,35,21,35,7,7,1,124
ablation,validation,1800,correct,13,36,12,36,7,7,1,127
ablation,validation,1800,correct,13,37,11,37,7,7,1,130
ablation,validation,1800,correct,13,38,40,38,7,7,0,280
ablation,validation,1800,correct,13,39,41,39,7,7,0,280
ablation,validation,1800,correct,13,40,19,40,7,7,0,280
ablation,validation,1800,correct,13,41,32,41,7,7,0,280
ablation,validation,1800,correct,13,42,38,42,7,7,0,280
ablation,validation,1800,correct,13,43,22,43,7,7,1,147
ablation,validation,1800,correct,13,44,29,44,7,7,0,280
ablation,validation,1800,correct,13,45,37,45,7,7,1,161
ablation,validation,1800,correct,13,46,31,46,7,7,0,280
ablation,validation,1800,correct,13,47,6,47,7,7,0,280
ablation,validation,1800,correct,13,48,27,48,7,7,0,280
ablation,validation,1800,correct,13,49,39,49,7,7,0,280
ablation,validation,1800,correct,1,0,1,0,7,7,0,220
ablation,validation,1800,correct,1,1,21,1,7,7,0,220
ablation,validation,1800,correct,1,2,39,2,7,7,0,220
ablation,validation,1800,correct,1,3,14,3,7,7,0,220
ablation,validation,1800,correct,1,4,2,4,7,7,0,220
ablation,validation,1800,correct,1,5,34,5,7,7,0,220
ablation,validation,1800,correct,1,6,40,6,7,7,0,220
ablation,validation,1800,correct,1,7,8,7,7,7,0,220
ablation,validation,1800,correct,1,8,4,8,7,7,0,220
ablation,validation,1800,correct,1,9,42,9,7,7,0,220
ablation,validation,1800,correct,1,10,44,10,7,7,0,220
ablation,validation,1800,correct,1,11,24,11,7,7,0,220
ablation,validation,1800,correct,1,12,36,12,7,7,0,220
ablation,validation,1800,correct,1,13,37,13,7,7,0,220
ablation,validation,1800,correct,1,14,18,14,7,7,0,220
ablation,validation,1800,correct,1,15,31,15,7,7,0,220
ablation,validation,1800,correct,1,16,33,16,7,7,0,220
ablation,validation,1800,correct,1,17,9,17,7,7,0,220
ablation,validation,1800,correct,1,18,6,18,7,7,0,220
ablation,validation,1800,correct,1,19,7,19,7,7,0,220
ablation,validation,1800,correct,1,20,27,20,7,7,0,220
ablation,validation,1800,correct,1,21,20,21,7,7,0,220
ablation,validation,1800,correct,1,22,38,22,7,7,0,220
ablation,validation,1800,correct,1,23,46,23,7,7,0,220
ablation,validation,1800,correct,1,24,17,24,7,7,0,220
ablation,validation,1800,correct,1,25,41,25,7,7,0,220
ablation,validation,1800,correct,1,26,0,26,7,7,0,220
ablation,validation,1800,correct,1,27,30,27,7,7,0,220
ablation,validation,1800,correct,1,28,22,28,7,7,0,220
ablation,validation,1800,correct,1,29,12,29,7,7,0,220
ablation,validation,1800,correct,1,30,47,30,7,7,0,220
ablation,validation,1800,correct,1,31,45,31,7,7,0,220
ablation,validation,1800,correct,1,32,32,32,7,7,0,220
ablation,validation,1800,correct,1,33,43,33,7,7,0,220
ablation,validation,1800,correct,1,34,3,34,7,7,0,220
ablation,validation,1800,correct,1,35,11,35,7,7,0,220
ablation,validation,1800,correct,1,36,48,36,7,7,0,220
ablation,validation,1800,correct,1,37,28,37,7,7,0,220
ablation,validation,1800,correct,1,38,35,38,7,7,0,220
ablation,validation,1800,correct,1,39,29,39,7,7,0,220
ablation,validation,1800,correct,1,40,15,40,7,7,0,220
ablation,validation,1800,correct,1,41,5,41,7,7,0,220
ablation,validation,1800,correct,1,42,26,42,7,7,0,220
ablation,validation,1800,correct,1,43,19,43,7,7,0,220
ablation,validation,1800,correct,1,44,23,44,7,7,0,220
ablation,validation,1800,correct,1,45,10,45,7,7,0,220
ablation,validation,1800,correct,1,46,16,46,7,7,0,220
ablation,validation,1800,correct,1,47,25,47,7,7,0,220
ablation,validation,1800,correct,1,48,49,48,7,7,0,220
ablation,validation,1800,correct,1,49,13,49,7,7,0,220
ablation,validation,1800,correct,3,0,2,0,7,7,1,105
ablation,validation,1800,correct,3,1,36,1,7,7,0,220
ablation,validation,1800,correct,3,2,43,2,7,7,0,220
ablation,validation,1800,correct,3,3,16,3,7,7,1,102
ablation,validation,1800,correct,3,4,7,4,7,7,0,220
ablation,validation,1800,correct,3,5,8,5,7,7,0,220
ablation,validation,1800,correct,3,6,14,6,7,7,0,220
ablation,validation,1800,correct,3,7,38,7,7,7,1,219
ablation,validation,1800,correct,3,8,33,8,7,7,0,220
ablation,validation,1800,correct,3,9,1,9,7,7,1,106
ablation,validation,1800,correct,3,10,21,10,7,7,1,129
ablation,validation,1800,correct,3,11,5,11,7,7,1,98
ablation,validation,1800,correct,3,12,49,12,7,7,0,220
ablation,validation,1800,correct,3,13,29,13,7,7,0,220
ablation,validation,1800,correct,3,14,24,14,7,7,1,112
ablation,validation,1800,correct,3,15,10,15,7,7,1,85
ablation,validation,1800,correct,3,16,44,16,7,7,1,103
ablation,validation,1800,correct,3,17,15,17,7,7,1,99
ablation,validation,1800,correct,3,18,19,18,7,7,0,220
ablation,validation,1800,correct,3,19,39,19,7,7,1,94
ablation,validation,1800,correct,3,20,6,20,7,7,0,220
ablation,validation,1800,correct,3,21,30,21,7,7,1,97
ablation,validation,1800,correct,3,22,28,22,7,7,1,106
ablation,validation,1800,correct,3,23,34,23,7,7,1,110
ablation,validation,1800,correct,3,24,3,24,7,7,1,103
ablation,validation,1800,correct,3,25,45,25,7,7,0,220
ablation,validation,1800,correct,3,26,32,26,7,7,1,114
ablation,validation,1800,correct,3,27,22,27,7,7,0,220
ablation,validation,1800,correct,3,28,20,28,7,7,0,220
ablation,validation,1800,correct,3,29,23,29,7,7,1,103
ablation,validation,1800,correct,3,30,9,30,7,7,0,220
ablation,validation,1800,correct,3,31,0,31,7,7,1,125
ablation,validation,1800,correct,3,32,4,32,7,7,1,78
ablation,validation,1800,correct,3,33,47,33,7,7,0,220
ablation,validation,1800,correct,3,34,31,34,7,7,0,220
ablation,validation,1800,correct,3,35,27,35,7,7,0,220
ablation,validation,1800,correct,3,36,17,36,7,7,0,220
ablation,validation,1800,correct,3,37,41,37,7,7,1,104
ablation,validation,1800,correct,3,38,25,38,7,7,1,110
ablation,validation,1800,correct,3,39,35,39,7,7,0,220
ablation,validation,1800,correct,3,40,46,40,7,7,0,220
ablation,validation,1800,correct,3,41,40,41,7,7,0,220
ablation,validation,1800,correct,3,42,42,42,7,7,1,98
ablation,validation,1800,correct,3,43,48,43,7,7,1,118
ablation,validation,1800,correct,3,44,26,44,7,7,0,220
ablation,validation,1800,correct,3,45,11,45,7,7,1,96
ablation,validation,1800,correct,3,46,18,46,7,7,0,220
ablation,validation,1800,correct,3,47,13,47,7,7,1,138
ablation,validation,1800,correct,3,48,12,48,7,7,1,143
ablation,validation,1800,correct,3,49,37,49,7,7,0,220
ablation,validation,2100,correct,31,0,47,0,7,7,0,520
ablation,validation,2100,correct,31,1,9,1,7,7,0,520
ablation,validation,2100,correct,31,2,3,2,7,7,0,520
ablation,validation,2100,correct,31,3,32,3,7,7,1,354
ablation,validation,2100,correct,31,4,15,4,7,7,0,520
ablation,validation,2100,correct,31,5,18,5,7,7,0,520
ablation,validation,2100,correct,31,6,34,6,7,7,0,520
ablation,validation,2100,correct,31,7,11,7,7,7,1,477
ablation,validation,2100,correct,31,8,31,8,7,7,0,520
ablation,validation,2100,correct,31,9,45,9,7,7,0,520
ablation,validation,2100,correct,31,10,49,10,7,7,1,484
ablation,validation,2100,correct,31,11,28,11,7,7,0,520
ablation,validation,2100,correct,31,12,39,12,7,7,0,520
ablation,validation,2100,correct,31,13,43,13,7,7,1,263
ablation,validation,2100,correct,31,14,12,14,7,7,1,356
ablation,validation,2100,correct,31,15,38,15,7,7,0,520
ablation,validation,2100,correct,31,16,35,16,7,7,0,520
ablation,validation,2100,correct,31,17,33,17,7,7,0,520
ablation,validation,2100,correct,31,18,42,18,7,7,0,520
ablation,validation,2100,correct,31,19,24,19,7,7,1,323
ablation,validation,2100,correct,31,20,21,20,7,7,1,312
ablation,validation,2100,correct,31,21,23,21,7,7,1,328
ablation,validation,2100,correct,31,22,2,22,7,7,1,372
ablation,validation,2100,correct,31,23,48,23,7,7,0,520
ablation,validation,2100,correct,31,24,0,24,7,7,0,520
ablation,validation,2100,correct,31,25,7,25,7,7,0,520
ablation,validation,2100,correct,31,26,37,26,7,7,1,485
ablation,validation,2100,correct,31,27,4,27,7,7,0,520
ablation,validation,2100,correct,31,28,20,28,7,7,1,397
ablation,validation,2100,correct,31,29,25,29,7,7,0,520
ablation,validation,2100,correct,31,30,46,30,7,7,1,372
ablation,validation,2100,correct,31,31,22,31,7,7,0,520
ablation,validation,2100,correct,31,32,41,32,7,7,0,520
ablation,validation,2100,correct,31,33,40,33,7,7,0,520
ablation,validation,2100,correct,31,34,13,34,7,7,0,520
ablation,validation,2100,correct,31,35,16,35,7,7,0,520
ablation,validation,2100,correct,31,36,10,36,7,7,0,520
ablation,validation,2100,correct,31,37,17,37,7,7,1,372
ablation,validation,2100,correct,31,38,6,38,7,7,0,520
ablation,validation,2100,correct,31,39,27,39,7,7,0,520
ablation,validation,2100,correct,31,40,36,40,7,7,0,520
ablation,validation,2100,correct,31,41,26,41,7,7,0,520
ablation,validation,2100,correct,31,42,44,42,7,7,0,520
ablation,validation,2100,correct,31,43,19,43,7,7,1,362
ablation,validation,2100,correct,31,44,14,44,7,7,0,520
ablation,validation,2100,correct,31,45,8,45,7,7,1,423
ablation,validation,2100,correct,31,46,5,46,7,7,1,301
ablation,validation,2100,correct,31,47,30,47,7,7,1,452
ablation,validation,2100,correct,31,48,29,48,7,7,1,311
ablation,validation,2100,correct,31,49,1,49,7,7,1,362
ablation,validation,2100,correct,32,0,16,0,7,7,0,520
ablation,validation,2100,correct,32,1,35,1,7,7,0,520
ablation,validation,2100,correct,32,2,12,2,7,7,0,520
ablation,validation,2100,correct,32,3,8,3,7,7,0,520
ablation,validation,2100,correct,32,4,37,4,7,7,1,374
ablation,validation,2100,correct,32,5,42,5,7,7,0,520
ablation,validation,2100,correct,32,6,15,6,7,7,0,520
ablation,validation,2100,correct,32,7,43,7,7,7,0,520
ablation,validation,2100,correct,32,8,33,8,7,7,0,520
ablation,validation,2100,correct,32,9,25,9,7,7,0,520
ablation,validation,2100,correct,32,10,3,10,7,7,0,520
ablation,validation,2100,correct,32,11,29,11,7,7,0,520
ablation,validation,2100,correct,32,12,24,12,7,7,0,520
ablation,validation,2100,correct,32,13,28,13,7,7,0,520
ablation,validation,2100,correct,32,14,47,14,7,7,0,520
ablation,validation,2100,correct,32,15,36,15,7,7,0,520
ablation,validation,2100,correct,32,16,18,16,7,7,0,520
ablation,validation,2100,correct,32,17,46,17,7,7,0,520
ablation,validation,2100,correct,32,18,39,18,7,7,0,520
ablation,validation,2100,correct,32,19,31,19,7,7,0,520
ablation,validation,2100,correct,32,20,32,20,7,7,0,520
ablation,validation,2100,correct,32,21,34,21,7,7,0,520
ablation,validation,2100,correct,32,22,19,22,7,7,0,520
ablation,validation,2100,correct,32,23,49,23,7,7,0,520
ablation,validation,2100,correct,32,24,45,24,7,7,0,520
ablation,validation,2100,correct,32,25,21,25,7,7,0,520
ablation,validation,2100,correct,32,26,44,26,7,7,0,520
ablation,validation,2100,correct,32,27,2,27,7,7,0,520
ablation,validation,2100,correct,32,28,38,28,7,7,0,520
ablation,validation,2100,correct,32,29,5,29,7,7,0,520
ablation,validation,2100,correct,32,30,1,30,7,7,0,520
ablation,validation,2100,correct,32,31,27,31,7,7,0,520
ablation,validation,2100,correct,32,32,7,32,7,7,0,520
ablation,validation,2100,correct,32,33,13,33,7,7,0,520
ablation,validation,2100,correct,32,34,23,34,7,7,0,520
ablation,validation,2100,correct,32,35,11,35,7,7,0,520
ablation,validation,2100,correct,32,36,9,36,7,7,0,520
ablation,validation,2100,correct,32,37,0,37,7,7,0,520
ablation,validation,2100,correct,32,38,10,38,7,7,0,520
ablation,validation,2100,correct,32,39,26,39,7,7,0,520
ablation,validation,2100,correct,32,40,4,40,7,7,0,520
ablation,validation,2100,correct,32,41,30,41,7,7,0,520
ablation,validation,2100,correct,32,42,40,42,7,7,0,520
ablation,validation,2100,correct,32,43,22,43,7,7,0,520
ablation,validation,2100,correct,32,44,41,44,7,7,0,520
ablation,validation,2100,correct,32,45,17,45,7,7,0,520
ablation,validation,2100,correct,32,46,20,46,7,7,0,520
ablation,validation,2100,correct,32,47,14,47,7,7,0,520
ablation,validation,2100,correct,32,48,48,48,7,7,0,520
ablation,validation,2100,correct,32,49,6,49,7,7,0,520
ablation,validation,2100,correct,23,0,35,0,7,7,0,300
ablation,validation,2100,correct,23,1,13,1,7,7,0,300
ablation,validation,2100,correct,23,2,15,2,7,7,0,300
ablation,validation,2100,correct,23,3,8,3,7,7,0,300
ablation,validation,2100,correct,23,4,34,4,7,7,0,300
ablation,validation,2100,correct,23,5,28,5,7,7,0,300
ablation,validation,2100,correct,23,6,29,6,7,7,0,300
ablation,validation,2100,correct,23,7,19,7,7,7,0,300
ablation,validation,2100,correct,23,8,17,8,7,7,0,300
ablation,validation,2100,correct,23,9,2,9,7,7,0,300
ablation,validation,2100,correct,23,10,0,10,7,7,0,300
ablation,validation,2100,correct,23,11,31,11,7,7,0,300
ablation,validation,2100,correct,23,12,3,12,7,7,0,300
ablation,validation,2100,correct,23,13,30,13,7,7,0,300
ablation,validation,2100,correct,23,14,5,14,7,7,0,300
ablation,validation,2100,correct,23,15,26,15,7,7,0,300
ablation,validation,2100,correct,23,16,4,16,7,7,0,300
ablation,validation,2100,correct,23,17,9,17,7,7,0,300
ablation,validation,2100,correct,23,18,14,18,7,7,0,300
ablation,validation,2100,correct,23,19,12,19,7,7,0,300
ablation,validation,2100,correct,23,20,27,20,7,7,0,300
ablation,validation,2100,correct,23,21,32,21,7,7,0,300
ablation,validation,2100,correct,23,22,36,22,7,7,0,300
ablation,validation,2100,correct,23,23,44,23,7,7,0,300
ablation,validation,2100,correct,23,24,46,24,7,7,0,300
ablation,validation,2100,correct,23,25,11,25,7,7,0,300
ablation,validation,2100,correct,23,26,41,26,7,7,0,300
ablation,validation,2100,correct,23,27,16,27,7,7,0,300
ablation,validation,2100,correct,23,28,48,28,7,7,0,300
ablation,validation,2100,correct,23,29,23,29,7,7,0,300
ablation,validation,2100,correct,23,30,21,30,7,7,0,300
ablation,validation,2100,correct,23,31,38,31,7,7,0,300
ablation,validation,2100,correct,23,32,22,32,7,7,0,300
ablation,validation,2100,correct,23,33,39,33,7,7,0,300
ablation,validation,2100,correct,23,34,42,34,7,7,0,300
ablation,validation,2100,correct,23,35,18,35,7,7,0,300
ablation,validation,2100,correct,23,36,6,36,7,7,0,300
ablation,validation,2100,correct,23,37,49,37,7,7,0,300
ablation,validation,2100,correct,23,38,33,38,7,7,0,300
ablation,validation,2100,correct,23,39,37,39,7,7,0,300
ablation,validation,2100,correct,23,40,24,40,7,7,0,300
ablation,validation,2100,correct,23,41,7,41,7,7,0,300
ablation,validation,2100,correct,23,42,40,42,7,7,0,300
ablation,validation,2100,correct,23,43,1,43,7,7,0,300
ablation,validation,2100,correct,23,44,20,44,7,7,0,300
ablation,validation,2100,correct,23,45,45,45,7,7,0,300
ablation,validation,2100,correct,23,46,10,46,7,7,0,300
ablation,validation,2100,correct,23,47,47,47,7,7,0,300
ablation,validation,2100,correct,23,48,43,48,7,7,0,300
ablation,validation,2100,correct,23,49,25,49,7,7,0,300
ablation,validation,2100,correct,26,0,45,0,7,7,1,97
ablation,validation,2100,correct,26,1,8,1,7,7,1,122
ablation,validation,2100,correct,26,2,22,2,7,7,0,300
ablation,validation,2100,correct,26,3,34,3,7,7,0,300
ablation,validation,2100,correct,26,4,49,4,7,7,1,105
ablation,validation,2100,correct,26,5,41,5,7,7,1,132
ablation,validation,2100,correct,26,6,9,6,7,7,1,113
ablation,validation,2100,correct,26,7,40,7,7,7,1,91
ablation,validation,2100,correct,26,8,29,8,7,7,1,105
ablation,validation,2100,correct,26,9,26,9,7,7,1,145
ablation,validation,2100,correct,26,10,7,10,7,7,1,101
ablation,validation,2100,correct,26,11,10,11,7,7,1,102
ablation,validation,2100,correct,26,12,44,12,7,7,1,104
ablation,validation,2100,correct,26,13,1,13,7,7,0,300
ablation,validation,2100,correct,26,14,35,14,7,7,0,300
ablation,validation,2100,correct,26,15,20,15,7,7,1,107
ablation,validation,2100,correct,26,16,2,16,7,7,0,300
ablation,validation,2100,correct,26,17,0,17,7,7,1,100
ablation,validation,2100,correct,26,18,23,18,7,7,1,97
ablation,validation,2100,correct,26,19,36,19,7,7,1,104
ablation,validation,2100,correct,26,20,43,20,7,7,1,105
ablation,validation,2100,correct,26,21,21,21,7,7,1,106
ablation,validation,2100,correct,26,22,31,22,7,7,1,108
ablation,validation,2100,correct,26,23,27,23,7,7,1,136
ablation,validation,2100,correct,26,24,47,24,7,7,1,93
ablation,validation,2100,correct,26,25,5,25,7,7,1,91
ablation,validation,2100,correct,26,26,11,26,7,7,1,131
ablation,validation,2100,correct,26,27,24,27,7,7,0,300
ablation,validation,2100,correct,26,28,38,28,7,7,0,300
ablation,validation,2100,correct,26,29,16,29,7,7,1,96
ablation,validation,2100,correct,26,30,39,30,7,7,0,300
ablation,validation,2100,correct,26,31,12,31,7,7,0,300
ablation,validation,2100,correct,26,32,42,32,7,7,0,300
ablation,validation,2100,correct,26,33,48,33,7,7,1,94
ablation,validation,2100,correct,26,34,32,34,7,7,1,113
ablation,validation,2100,correct,26,35,13,35,7,7,1,115
ablation,validation,2100,correct,26,36,4,36,7,7,1,107
ablation,validation,2100,correct,26,37,30,37,7,7,1,121
ablation,validation,2100,correct,26,38,3,38,7,7,1,87
ablation,validation,2100,correct,26,39,46,39,7,7,0,300
ablation,validation,2100,correct,26,40,14,40,7,7,1,124
ablation,validation,2100,correct,26,41,28,41,7,7,0,300
ablation,validation,2100,correct,26,42,19,42,7,7,1,91
ablation,validation,2100,correct,26,43,17,43,7,7,1,103
ablation,validation,2100,correct,26,44,33,44,7,7,1,105
ablation,validation,2100,correct,26,45,37,45,7,7,1,97
ablation,validation,2100,correct,26,46,15,46,7,7,1,124
ablation,validation,2100,correct,26,47,25,47,7,7,1,78
ablation,validation,2100,correct,26,48,6,48,7,7,1,118
ablation,validation,2100,correct,26,49,18,49,7,7,1,112
ablation,validation,2100,correct,11,0,34,0,7,7,1,163
ablation,validation,2100,correct,11,1,10,1,7,7,1,143
ablation,validation,2100,correct,11,2,12,2,7,7,1,153
ablation,validation,2100,correct,11,3,2,3,7,7,1,139
ablation,validation,2100,correct,11,4,39,4,7,7,1,144
ablation,validation,2100,correct,11,5,8,5,7,7,1,133
ablation,validation,2100,correct,11,6,35,6,7,7,0,280
ablation,validation,2100,correct,11,7,41,7,7,7,1,127
ablation,validation,2100,correct,11,8,45,8,7,7,1,137
ablation,validation,2100,correct,11,9,16,9,7,7,1,187
ablation,validation,2100,correct,11,10,4,10,7,7,1,232
ablation,validation,2100,correct,11,11,3,11,7,7,1,132
ablation,validation,2100,correct,11,12,30,12,7,7,1,242
ablation,validation,2100,correct,11,13,23,13,7,7,1,188
ablation,validation,2100,correct,11,14,14,14,7,7,1,242
ablation,validation,2100,correct,11,15,48,15,7,7,1,132
ablation,validation,2100,correct,11,16,33,16,7,7,1,172
ablation,validation,2100,correct,11,17,18,17,7,7,1,188
ablation,validation,2100,correct,11,18,13,18,7,7,0,280
ablation,validation,2100,correct,11,19,46,19,7,7,1,143
ablation,validation,2100,correct,11,20,43,20,7,7,1,272
ablation,validation,2100,correct,11,21,28,21,7,7,1,214
ablation,validation,2100,correct,11,22,29,22,7,7,1,172
ablation,validation,2100,correct,11,23,17,23,7,7,0,280
ablation,validation,2100,correct,11,24,37,24,7,7,1,132
ablation,validation,2100,correct,11,25,31,25,7,7,1,140
ablation,validation,2100,correct,11,26,26,26,7,7,1,123
ablation,validation,2100,correct,11,27,40,27,7,7,1,180
ablation,validation,2100,correct,11,28,42,28,7,7,1,128
ablation,validation,2100,correct,11,29,32,29,7,7,1,144
ablation,validation,2100,correct,11,30,24,30,7,7,1,278
ablation,validation,2100,correct,11,31,19,31,7,7,0,280
ablation,validation,2100,correct,11,32,47,32,7,7,1,129
ablation,validation,2100,correct,11,33,38,33,7,7,1,157
ablation,validation,2100,correct,11,34,11,34,7,7,1,143
ablation,validation,2100,correct,11,35,22,35,7,7,1,162
ablation,validation,2100,correct,11,36,25,36,7,7,1,138
ablation,validation,2100,correct,11,37,15,37,7,7,1,137
ablation,validation,2100,correct,11,38,9,38,7,7,1,201
ablation,validation,2100,correct,11,39,5,39,7,7,1,138
ablation,validation,2100,correct,11,40,7,40,7,7,1,136
ablation,validation,2100,correct,11,41,1,41,7,7,1,170
ablation,validation,2100,correct,11,42,27,42,7,7,1,128
ablation,validation,2100,correct,11,43,20,43,7,7,1,197
ablation,validation,2100,correct,11,44,0,44,7,7,1,129
ablation,validation,2100,correct,11,45,49,45,7,7,1,126
ablation,validation,2100,correct,11,46,44,46,7,7,1,118
ablation,validation,2100,correct,11,47,36,47,7,7,1,217
ablation,validation,2100,correct,11,48,6,48,7,7,1,188
ablation,validation,2100,correct,11,49,21,49,7,7,1,168
ablation,validation,2100,correct,13,0,33,0,7,7,1,126
ablation,validation,2100,correct,13,1,20,1,7,7,0,280
ablation,validation,2100,correct,13,2,18,2,7,7,1,120
ablation,validation,2100,correct,13,3,9,3,7,7,1,180
ablation,validation,2100,correct,13,4,42,4,7,7,0,280
ablation,validation,2100,correct,13,5,34,5,7,7,0,280
ablation,validation,2100,correct,13,6,24,6,7,7,1,137
ablation,validation,2100,correct,13,7,28,7,7,7,0,280
ablation,validation,2100,correct,13,8,25,8,7,7,1,147
ablation,validation,2100,correct,13,9,3,9,7,7,1,136
ablation,validation,2100,correct,13,10,16,10,7,7,1,130
ablation,validation,2100,correct,13,11,14,11,7,7,0,280
ablation,validation,2100,correct,13,12,44,12,7,7,0,280
ablation,validation,2100,correct,13,13,8,13,7,7,0,280
ablation,validation,2100,correct,13,14,48,14,7,7,1,148
ablation,validation,2100,correct,13,15,2,15,7,7,1,132
ablation,validation,2100,correct,13,16,36,16,7,7,1,128
ablation,validation,2100,correct,13,17,35,17,7,7,0,280
ablation,validation,2100,correct,13,18,0,18,7,7,1,133
ablation,validation,2100,correct,13,19,47,19,7,7,1,156
ablation,validation,2100,correct,13,20,30,20,7,7,0,280
ablation,validation,2100,correct,13,21,4,21,7,7,0,280
ablation,validation,2100,correct,13,22,13,22,7,7,1,161
ablation,validation,2100,correct,13,23,45,23,7,7,1,170
ablation,validation,2100,correct,13,24,43,24,7,7,1,121
ablation,validation,2100,correct,13,25,5,25,7,7,0,280
ablation,validation,2100,correct,13,26,7,26,7,7,0,280
ablation,validation,2100,correct,13,27,46,27,7,7,0,280
ablation,validation,2100,correct,13,28,15,28,7,7,0,280
ablation,validation,2100,correct,13,29,49,29,7,7,0,280
ablation,validation,2100,correct,13,30,26,30,7,7,0,280
ablation,validation,2100,correct,13,31,10,31,7,7,1,128
ablation,validation,2100,correct,13,32,23,32,7,7,1,213
ablation,validation,2100,correct,13,33,17,33,7,7,1,136
ablation,validation,2100,correct,13,34,1,34,7,7,0,280
ablation,validation,2100,correct,13,35,21,35,7,7,0,280
ablation,validation,2100,correct,13,36,12,36,7,7,0,280
ablation,validation,2100,correct,13,37,11,37,7,7,0,280
ablation,validation,2100,correct,13,38,40,38,7,7,1,136
ablation,validation,2100,correct,13,39,41,39,7,7,1,191
ablation,validation,2100,correct,13,40,19,40,7,7,0,280
ablation,validation,2100,correct,13,41,32,41,7,7,0,280
ablation,validation,2100,correct,13,42,38,42,7,7,0,280
ablation,validation,2100,correct,13,43,22,43,7,7,0,280
ablation,validation,2100,correct,13,44,29,44,7,7,0,280
ablation,validation,2100,correct,13,45,37,45,7,7,1,137
ablation,validation,2100,correct,13,46,31,46,7,7,0,280
ablation,validation,2100,correct,13,47,6,47,7,7,1,263
ablation,validation,2100,correct,13,48,27,48,7,7,0,280
ablation,validation,2100,correct,13,49,39,49,7,7,0,280
ablation,validation,2100,correct,1,0,1,0,7,7,0,220
ablation,validation,2100,correct,1,1,21,1,7,7,0,220
ablation,validation,2100,correct,1,2,39,2,7,7,0,220
ablation,validation,2100,correct,1,3,14,3,7,7,0,220
ablation,validation,2100,correct,1,4,2,4,7,7,0,220
ablation,validation,2100,correct,1,5,34,5,7,7,0,220
ablation,validation,2100,correct,1,6,40,6,7,7,0,220
ablation,validation,2100,correct,1,7,8,7,7,7,0,220
ablation,validation,2100,correct,1,8,4,8,7,7,0,220
ablation,validation,2100,correct,1,9,42,9,7,7,0,220
ablation,validation,2100,correct,1,10,44,10,7,7,0,220
ablation,validation,2100,correct,1,11,24,11,7,7,0,220
ablation,validation,2100,correct,1,12,36,12,7,7,0,220
ablation,validation,2100,correct,1,13,37,13,7,7,0,220
ablation,validation,2100,correct,1,14,18,14,7,7,0,220
ablation,validation,2100,correct,1,15,31,15,7,7,0,220
ablation,validation,2100,correct,1,16,33,16,7,7,0,220
ablation,validation,2100,correct,1,17,9,17,7,7,0,220
ablation,validation,2100,correct,1,18,6,18,7,7,0,220
ablation,validation,2100,correct,1,19,7,19,7,7,0,220
ablation,validation,2100,correct,1,20,27,20,7,7,0,220
ablation,validation,2100,correct,1,21,20,21,7,7,0,220
ablation,validation,2100,correct,1,22,38,22,7,7,0,220
ablation,validation,2100,correct,1,23,46,23,7,7,0,220
ablation,validation,2100,correct,1,24,17,24,7,7,0,220
ablation,validation,2100,correct,1,25,41,25,7,7,0,220
ablation,validation,2100,correct,1,26,0,26,7,7,0,220
ablation,validation,2100,correct,1,27,30,27,7,7,0,220
ablation,validation,2100,correct,1,28,22,28,7,7,0,220
ablation,validation,2100,correct,1,29,12,29,7,7,0,220
ablation,validation,2100,correct,1,30,47,30,7,7,0,220
ablation,validation,2100,correct,1,31,45,31,7,7,0,220
ablation,validation,2100,correct,1,32,32,32,7,7,0,220
ablation,validation,2100,correct,1,33,43,33,7,7,0,220
ablation,validation,2100,correct,1,34,3,34,7,7,0,220
ablation,validation,2100,correct,1,35,11,35,7,7,0,220
ablation,validation,2100,correct,1,36,48,36,7,7,0,220
ablation,validation,2100,correct,1,37,28,37,7,7,0,220
ablation,validation,2100,correct,1,38,35,38,7,7,0,220
ablation,validation,2100,correct,1,39,29,39,7,7,0,220
ablation,validation,2100,correct,1,40,15,40,7,7,0,220
ablation,validation,2100,correct,1,41,5,41,7,7,0,220
ablation,validation,2100,correct,1,42,26,42,7,7,0,220
ablation,validation,2100,correct,1,43,19,43,7,7,0,220
ablation,validation,2100,correct,1,44,23,44,7,7,0,220
ablation,validation,2100,correct,1,45,10,45,7,7,0,220
ablation,validation,2100,correct,1,46,16,46,7,7,0,220
ablation,validation,2100,correct,1,47,25,47,7,7,0,220
ablation,validation,2100,correct,1,48,49,48,7,7,0,220
ablation,validation,2100,correct,1,49,13,49,7,7,0,220
ablation,validation,2100,correct,3,0,2,0,7,7,1,113
ablation,validation,2100,correct,3,1,36,1,7,7,1,119
ablation,validation,2100,correct,3,2,43,2,7,7,1,104
ablation,validation,2100,correct,3,3,16,3,7,7,1,98
ablation,validation,2100,correct,3,4,7,4,7,7,0,220
ablation,validation,2100,correct,3,5,8,5,7,7,0,220
ablation,validation,2100,correct,3,6,14,6,7,7,0,220
ablation,validation,2100,correct,3,7,38,7,7,7,1,94
ablation,validation,2100,correct,3,8,33,8,7,7,0,220
ablation,validation,2100,correct,3,9,1,9,7,7,1,97
ablation,validation,2100,correct,3,10,21,10,7,7,1,139
ablation,validation,2100,correct,3,11,5,11,7,7,1,100
ablation,validation,2100,correct,3,12,49,12,7,7,1,110
ablation,validation,2100,correct,3,13,29,13,7,7,0,220
ablation,validation,2100,correct,3,14,24,14,7,7,1,101
ablation,validation,2100,correct,3,15,10,15,7,7,1,81
ablation,validation,2100,correct,3,16,44,16,7,7,1,82
ablation,validation,2100,correct,3,17,15,17,7,7,1,103
ablation,validation,2100,correct,3,18,19,18,7,7,1,111
ablation,validation,2100,correct,3,19,39,19,7,7,1,90
ablation,validation,2100,correct,3,20,6,20,7,7,0,220
ablation,validation,2100,correct,3,21,30,21,7,7,1,103
ablation,validation,2100,correct,3,22,28,22,7,7,0,220
ablation,validation,2100,correct,3,23,34,23,7,7,1,120
ablation,validation,2100,correct,3,24,3,24,7,7,1,103
ablation,validation,2100,correct,3,25,45,25,7,7,0,220
ablation,validation,2100,correct,3,26,32,26,7,7,1,111
ablation,validation,2100,correct,3,27,22,27,7,7,0,220
ablation,validation,2100,correct,3,28,20,28,7,7,0,220
ablation,validation,2100,correct,3,29,23,29,7,7,1,99
ablation,validation,2100,correct,3,30,9,30,7,7,0,220
ablation,validation,2100,correct,3,31,0,31,7,7,1,109
ablation,validation,2100,correct,3,32,4,32,7,7,1,77
ablation,validation,2100,correct,3,33,47,33,7,7,1,110
ablation,validation,2100,correct,3,34,31,34,7,7,1,94
ablation,validation,2100,correct,3,35,27,35,7,7,0,220
ablation,validation,2100,correct,3,36,17,36,7,7,0,220
ablation,validation,2100,correct,3,37,41,37,7,7,1,102
ablation,validation,2100,correct,3,38,25,38,7,7,1,114
ablation,validation,2100,correct,3,39,35,39,7,7,1,107
ablation,validation,2100,correct,3,40,46,40,7,7,1,105
ablation,validation,2100,correct,3,41,40,41,7,7,0,220
ablation,validation,2100,correct,3,42,42,42,7,7,1,117
ablation,validation,2100,correct,3,43,48,43,7,7,1,99
ablation,validation,2100,correct,3,44,26,44,7,7,0,220
ablation,validation,2100,correct,3,45,11,45,7,7,1,95
ablation,validation,2100,correct,3,46,18,46,7,7,0,220
ablation,validation,2100,correct,3,47,13,47,7,7,0,220
ablation,validation,2100,correct,3,48,12,48,7,7,1,108
ablation,validation,2100,correct,3,49,37,49,7,7,1,111
main,train,1800,correct,34,32,48,32,7,7,0,520
main,train,1800,correct,34,33,49,33,7,7,1,309
main,train,1800,correct,34,34,47,34,7,7,1,248
main,train,1800,correct,34,35,46,35,7,7,1,354
main,train,1800,correct,35,32,48,32,7,7,0,520
main,train,1800,correct,35,33,46,33,7,7,0,520
main,train,1800,correct,35,34,49,34,7,7,1,173
main,train,1800,correct,35,35,47,35,7,7,1,151
main,train,1800,correct,36,32,49,32,7,7,0,520
main,train,1800,correct,36,33,48,33,7,7,1,230
main,train,1800,correct,36,34,46,34,7,7,1,292
main,train,1800,correct,36,35,47,35,7,7,1,311
main,train,1800,correct,37,32,49,32,7,7,0,520
main,train,1800,correct,37,33,47,33,7,7,1,463
main,train,1800,correct,37,34,46,34,7,7,0,520
main,train,1800,correct,37,35,48,35,7,7,0,520
main,train,1800,correct,38,32,48,32,7,7,0,520
main,train,1800,correct,38,33,49,33,7,7,0,520
main,train,1800,correct,38,34,46,34,7,7,0,520
main,train,1800,correct,38,35,47,35,7,7,0,520
main,train,1800,correct,39,32,47,32,7,7,0,520
main,train,1800,correct,39,33,48,33,7,7,0,520
main,train,1800,correct,39,34,46,34,7,7,0,520
main,train,1800,correct,39,35,49,35,7,7,0,520
main,train,1800,correct,20,32,47,32,7,7,1,119
main,train,1800,correct,20,33,48,33,7,7,0,300
main,train,1800,correct,20,34,46,34,7,7,0,300
main,train,1800,correct,20,35,49,35,7,7,0,300
main,train,1800,correct,21,32,47,32,7,7,1,78
main,train,1800,correct,21,33,48,33,7,7,1,92
main,train,1800,correct,21,34,46,34,7,7,1,78
main,train,1800,correct,21,35,49,35,7,7,1,80
main,train,1800,correct,22,32,46,32,7,7,1,98
main,train,1800,correct,22,33,48,33,7,7,1,132
main,train,1800,correct,22,34,49,34,7,7,1,104
main,train,1800,correct,22,35,47,35,7,7,1,87
main,train,1800,correct,25,32,48,32,7,7,1,118
main,train,1800,correct,25,33,47,33,7,7,0,300
main,train,1800,correct,25,34,49,34,7,7,0,300
main,train,1800,correct,25,35,46,35,7,7,0,300
main,train,1800,correct,28,32,49,32,7,7,1,78
main,train,1800,correct,28,33,47,33,7,7,1,85
main,train,1800,correct,28,34,46,34,7,7,1,137
main,train,1800,correct,28,35,48,35,7,7,1,67
main,train,1800,correct,29,32,46,32,7,7,0,300
main,train,1800,correct,29,33,48,33,7,7,0,300
main,train,1800,correct,29,34,49,34,7,7,0,300
main,train,1800,correct,29,35,47,35,7,7,0,300
main,train,1800,correct,12,32,48,32,7,7,1,188
main,train,1800,correct,12,33,49,33,7,7,1,134
main,train,1800,correct,12,34,47,34,7,7,1,117
main,train,1800,correct,12,35,46,35,7,7,1,130
main,train,1800,correct,14,32,47,32,7,7,1,147
main,train,1800,correct,14,33,46,33,7,7,0,280
main,train,1800,correct,14,34,49,34,7,7,1,136
main,train,1800,correct,14,35,48,35,7,7,1,150
main,train,1800,correct,15,32,48,32,7,7,1,229
main,train,1800,correct,15,33,47,33,7,7,1,157
main,train,1800,correct,15,34,46,34,7,7,1,215
main,train,1800,correct,15,35,49,35,7,7,1,144
main,train,1800,correct,16,32,48,32,7,7,1,175
main,train,1800,correct,16,33,46,33,7,7,1,172
main,train,1800,correct,16,34,47,34,7,7,1,139
main,train,1800,correct,16,35,49,35,7,7,1,141
main,train,1800,correct,18,32,47,32,7,7,0,280
main,train,1800,correct,18,33,49,33,7,7,1,147
main,train,1800,correct,18,34,46,34,7,7,1,137
main,train,1800,correct,18,35,48,35,7,7,1,151
main,train,1800,correct,19,32,46,32,7,7,1,118
main,train,1800,correct,19,33,47,33,7,7,1,112
main,train,1800,correct,19,34,49,34,7,7,1,123
main,train,1800,correct,19,35,48,35,7,7,1,121
main,train,1800,correct,0,32,48,32,7,7,1,78
main,train,1800,correct,0,33,46,33,7,7,0,220
main,train,1800,correct,0,34,47,34,7,7,0,220
main,train,1800,correct,0,35,49,35,7,7,1,100
main,train,1800,correct,2,32,49,32,7,7,1,84
main,train,1800,correct,2,33,47,33,7,7,1,87
main,train,1800,correct,2,34,48,34,7,7,1,101
main,train,1800,correct,2,35,46,35,7,7,1,94
main,train,1800,correct,4,32,46,32,7,7,1,125
main,train,1800,correct,4,33,49,33,7,7,1,151
main,train,1800,correct,4,34,48,34,7,7,1,152
main,train,1800,correct,4,35,47,35,7,7,1,142
main,train,1800,correct,5,32,49,32,7,7,0,220
main,train,1800,correct,5,33,47,33,7,7,1,95
main,train,1800,correct,5,34,46,34,7,7,1,97
main,train,1800,correct,5,35,48,35,7,7,1,91
main,train,1800,correct,7,32,49,32,7,7,1,157
main,train,1800,correct,7,33,46,33,7,7,1,153
main,train,1800,correct,7,34,48,34,7,7,1,144
main,train,1800,correct,7,35,47,35,7,7,1,157
main,train,1800,correct,9,32,46,32,7,7,0,220
main,train,1800,correct,9,33,47,33,7,7,0,220
main,train,1800,correct,9,34,48,34,7,7,1,106
main,train,1800,correct,9,35,49,35,7,7,1,119
main,train,2100,correct,34,32,48,32,7,7,1,274
main,train,2100,correct,34,33,49,33,7,7,1,306
main,train,2100,correct,34,34,47,34,7,7,1,256
main,train,2100,correct,34,35,46,35,7,7,0,520
main,train,2100,correct,35,32,48,32,7,7,0,520
main,train,2100,correct,35,33,46,33,7,7,0,520
main,train,2100,correct,35,34,49,34,7,7,1,175
main,train,2100,correct,35,35,47,35,7,7,1,155
main,train,2100,correct,36,32,49,32,7,7,1,350
main,train,2100,correct,36,33,48,33,7,7,1,202
main,train,2100,correct,36,34,46,34,7,7,1,284
main,train,2100,correct,36,35,47,35,7,7,1,284
main,train,2100,correct,37,32,49,32,7,7,0,520
main,train,2100,correct,37,33,47,33,7,7,0,520
main,train,2100,correct,37,34,46,34,7,7,0,520
main,train,2100,correct,37,35,48,35,7,7,0,520
main,train,2100,correct,38,32,48,32,7,7,0,520
main,train,2100,correct,38,33,49,33,7,7,0,520
main,train,2100,correct,38,34,46,34,7,7,0,520
main,train,2100,correct,38,35,47,35,7,7,1,431
main,train,2100,correct,39,32,47,32,7,7,0,520
main,train,2100,correct,39,33,48,33,7,7,0,520
main,train,2100,correct,39,34,46,34,7,7,0,520
main,train,2100,correct,39,35,49,35,7,7,0,520
main,train,2100,correct,20,32,47,32,7,7,0,300
main,train,2100,correct,20,33,48,33,7,7,0,300
main,train,2100,correct,20,34,46,34,7,7,0,300
main,train,2100,correct,20,35,49,35,7,7,0,300
main,train,2100,correct,21,32,47,32,7,7,1,80
main,train,2100,correct,21,33,48,33,7,7,1,84
main,train,2100,correct,21,34,46,34,7,7,1,73
main,train,2100,correct,21,35,49,35,7,7,1,78
main,train,2100,correct,22,32,46,32,7,7,0,300
main,train,2100,correct,22,33,48,33,7,7,1,114
main,train,2100,correct,22,34,49,34,7,7,1,102
main,train,2100,correct,22,35,47,35,7,7,1,84
main,train,2100,correct,25,32,48,32,7,7,1,118
main,train,2100,correct,25,33,47,33,7,7,0,300
main,train,2100,correct,25,34,49,34,7,7,0,300
main,train,2100,correct,25,35,46,35,7,7,0,300
main,train,2100,correct,28,32,49,32,7,7,1,81
main,train,2100,correct,28,33,47,33,7,7,1,87
main,train,2100,correct,28,34,46,34,7,7,1,81
main,train,2100,correct,28,35,48,35,7,7,1,70
main,train,2100,correct,29,32,46,32,7,7,0,300
main,train,2100,correct,29,33,48,33,7,7,0,300
main,train,2100,correct,29,34,49,34,7,7,0,300
main,train,2100,correct,29,35,47,35,7,7,0,300
main,train,2100,correct,12,32,48,32,7,7,1,187
main,train,2100,correct,12,33,49,33,7,7,1,134
main,train,2100,correct,12,34,47,34,7,7,1,122
main,train,2100,correct,12,35,46,35,7,7,1,129
main,train,2100,correct,14,32,47,32,7,7,1,148
main,train,2100,correct,14,33,46,33,7,7,1,274
main,train,2100,correct,14,34,49,34,7,7,1,136
main,train,2100,correct,14,35,48,35,7,7,1,136
main,train,2100,correct,15,32,48,32,7,7,1,173
main,train,2100,correct,15,33,47,33,7,7,1,136
main,train,2100,correct,15,34,46,34,7,7,1,275
main,train,2100,correct,15,35,49,35,7,7,1,143
main,train,2100,correct,16,32,48,32,7,7,1,197
main,train,2100,correct,16,33,46,33,7,7,1,165
main,train,2100,correct,16,34,47,34,7,7,1,147
main,train,2100,correct,16,35,49,35,7,7,1,141
main,train,2100,correct,18,32,47,32,7,7,1,155
main,train,2100,correct,18,33,49,33,7,7,1,147
main,train,2100,correct,18,34,46,34,7,7,1,137
main,train,2100,correct,18,35,48,35,7,7,1,151
main,train,2100,correct,19,32,46,32,7,7,1,121
main,train,2100,correct,19,33,47,33,7,7,1,117
main,train,2100,correct,19,34,49,34,7,7,1,127
main,train,2100,correct,19,35,48,35,7,7,1,124
main,train,2100,correct,0,32,48,32,7,7,1,78
main,train,2100,correct,0,33,46,33,7,7,0,220
main,train,2100,correct,0,34,47,34,7,7,1,77
main,train,2100,correct,0,35,49,35,7,7,1,83
main,train,2100,correct,2,32,49,32,7,7,1,91
main,train,2100,correct,2,33,47,33,7,7,1,90
main,train,2100,correct,2,34,48,34,7,7,1,95
main,train,2100,correct,2,35,46,35,7,7,1,93
main,train,2100,correct,4,32,46,32,7,7,1,124
main,train,2100,correct,4,33,49,33,7,7,1,147
main,train,2100,correct,4,34,48,34,7,7,1,152
main,train,2100,correct,4,35,47,35,7,7,1,137
main,train,2100,correct,5,32,49,32,7,7,0,220
main,train,2100,correct,5,33,47,33,7,7,1,92
main,train,2100,correct,5,34,46,34,7,7,1,98
main,train,2100,correct,5,35,48,35,7,7,1,107
main,train,2100,correct,7,32,49,32,7,7,1,142
main,train,2100,correct,7,33,46,33,7,7,1,137
main,train,2100,correct,7,34,48,34,7,7,0,220
main,train,2100,correct,7,35,47,35,7,7,1,120
main,train,2100,correct,9,32,46,32,7,7,1,110
main,train,2100,correct,9,33,47,33,7,7,1,122
main,train,2100,correct,9,34,48,34,7,7,1,125
main,train,2100,correct,9,35,49,35,7,7,1,118
ablation,train,1800,correct,34,32,48,32,7,7,0,520
ablation,train,1800,correct,34,33,49,33,7,7,1,240
ablation,train,1800,correct,34,34,47,34,7,7,1,247
ablation,train,1800,correct,34,35,46,35,7,7,0,520
ablation,train,1800,correct,35,32,48,32,7,7,0,520
ablation,train,1800,correct,35,33,46,33,7,7,0,520
ablation,train,1800,correct,35,34,49,34,7,7,1,201
ablation,train,1800,correct,35,35,47,35,7,7,1,162
ablation,train,1800,correct,36,32,49,32,7,7,0,520
ablation,train,1800,correct,36,33,48,33,7,7,1,301
ablation,train,1800,correct,36,34,46,34,7,7,1,299
ablation,train,1800,correct,36,35,47,35,7,7,1,282
ablation,train,1800,correct,37,32,49,32,7,7,0,520
ablation,train,1800,correct,37,33,47,33,7,7,0,520
ablation,train,1800,correct,37,34,46,34,7,7,1,293
ablation,train,1800,correct,37,35,48,35,7,7,0,520
ablation,train,1800,correct,38,32,48,32,7,7,0,520
ablation,train,1800,correct,38,33,49,33,7,7,1,495
ablation,train,1800,correct,38,34,46,34,7,7,0,520
ablation,train,1800,correct,38,35,47,35,7,7,0,520
ablation,train,1800,correct,39,32,47,32,7,7,0,520
ablation,train,1800,correct,39,33,48,33,7,7,0,520
ablation,train,1800,correct,39,34,46,34,7,7,0,520
ablation,train,1800,correct,39,35,49,35,7,7,1,374
ablation,train,1800,correct,20,32,47,32,7,7,1,106
ablation,train,1800,correct,20,33,48,33,7,7,0,300
ablation,train,1800,correct,20,34,46,34,7,7,0,300
ablation,train,1800,correct,20,35,49,35,7,7,0,300
ablation,train,1800,correct,21,32,47,32,7,7,1,80
ablation,train,1800,correct,21,33,48,33,7,7,1,84
ablation,train,1800,correct,21,34,46,34,7,7,1,80
ablation,train,1800,correct,21,35,49,35,7,7,1,83
ablation,train,1800,correct,22,32,46,32,7,7,1,99
ablation,train,1800,correct,22,33,48,33,7,7,1,134
ablation,train,1800,correct,22,34,49,34,7,7,1,105
ablation,train,1800,correct,22,35,47,35,7,7,1,96
ablation,train,1800,correct,25,32,48,32,7,7,0,300
ablation,train,1800,correct,25,33,47,33,7,7,0,300
ablation,train,1800,correct,25,34,49,34,7,7,1,112
ablation,train,1800,correct,25,35,46,35,7,7,0,300
ablation,train,1800,correct,28,32,49,32,7,7,1,79
ablation,train,1800,correct,28,33,47,33,7,7,1,88
ablation,train,1800,correct,28,34,46,34,7,7,1,81
ablation,train,1800,correct,28,35,48,35,7,7,1,67
ablation,train,1800,correct,29,32,46,32,7,7,0,300
ablation,train,1800,correct,29,33,48,33,7,7,0,300
ablation,train,1800,correct,29,34,49,34,7,7,0,300
ablation,train,1800,correct,29,35,47,35,7,7,0,300
ablation,train,1800,correct,12,32,48,32,7,7,1,205
ablation,train,1800,correct,12,33,49,33,7,7,1,137
ablation,train,1800,correct,12,34,47,34,7,7,1,197
ablation,train,1800,correct,12,35,46,35,7,7,1,130
ablation,train,1800,correct,14,32,47,32,7,7,1,155
ablation,train,1800,correct,14,33,46,33,7,7,1,152
ablation,train,1800,correct,14,34,49,34,7,7,1,127
ablation,train,1800,correct,14,35,48,35,7,7,1,137
ablation,train,1800,correct,15,32,48,32,7,7,0,280
ablation,train,1800,correct,15,33,47,33,7,7,0,280
ablation,train,1800,correct,15,34,46,34,7,7,0,280
ablation,train,1800,correct,15,35,49,35,7,7,1,144
ablation,train,1800,correct,16,32,48,32,7,7,1,138
ablation,train,1800,correct,16,33,46,33,7,7,1,173
ablation,train,1800,correct,16,34,47,34,7,7,1,137
ablation,train,1800,correct,16,35,49,35,7,7,1,142
ablation,train,1800,correct,18,32,47,32,7,7,1,153
ablation,train,1800,correct,18,33,49,33,7,7,1,147
ablation,train,1800,correct,18,34,46,34,7,7,1,133
ablation,train,1800,correct,18,35,48,35,7,7,1,151
ablation,train,1800,correct,19,32,46,32,7,7,1,120
ablation,train,1800,correct,19,33,47,33,7,7,1,115
ablation,train,1800,correct,19,34,49,34,7,7,1,133
ablation,train,1800,correct,19,35,48,35,7,7,1,122
ablation,train,1800,correct,0,32,48,32,7,7,1,78
ablation,train,1800,correct,0,33,46,33,7,7,0,220
ablation,train,1800,correct,0,34,47,34,7,7,1,76
ablation,train,1800,correct,0,35,49,35,7,7,1,100
ablation,train,1800,correct,2,32,49,32,7,7,1,100
ablation,train,1800,correct,2,33,47,33,7,7,1,99
ablation,train,1800,correct,2,34,48,34,7,7,1,96
ablation,train,1800,correct,2,35,46,35,7,7,1,98
ablation,train,1800,correct,4,32,46,32,7,7,1,125
ablation,train,1800,correct,4,33,49,33,7,7,0,220
ablation,train,1800,correct,4,34,48,34,7,7,1,146
ablation,train,1800,correct,4,35,47,35,7,7,1,133
ablation,train,1800,correct,5,32,49,32,7,7,0,220
ablation,train,1800,correct,5,33,47,33,7,7,1,100
ablation,train,1800,correct,5,34,46,34,7,7,1,98
ablation,train,1800,correct,5,35,48,35,7,7,1,101
ablation,train,1800,correct,7,32,49,32,7,7,1,144
ablation,train,1800,correct,7,33,46,33,7,7,1,145
ablation,train,1800,correct,7,34,48,34,7,7,1,176
ablation,train,1800,correct,7,35,47,35,7,7,1,200
ablation,train,1800,correct,9,32,46,32,7,7,1,110
ablation,train,1800,correct,9,33,47,33,7,7,1,114
ablation,train,1800,correct,9,34,48,34,7,7,0,220
ablation,train,1800,correct,9,35,49,35,7,7,1,118
ablation,train,2100,correct,34,32,48,32,7,7,0,520
ablation,train,2100,correct,34,33,49,33,7,7,1,366
ablation,train,2100,correct,34,34,47,34,7,7,1,288
ablation,train,2100,correct,34,35,46,35,7,7,0,520
ablation,train,2100,correct,35,32,48,32,7,7,0,520
ablation,train,2100,correct,35,33,46,33,7,7,0,520
ablation,train,2100,correct,35,34,49,34,7,7,1,210
ablation,train,2100,correct,35,35,47,35,7,7,1,206
ablation,train,2100,correct,36,32,49,32,7,7,1,351
ablation,train,2100,correct,36,33,48,33,7,7,1,335
ablation,train,2100,correct,36,34,46,34,7,7,1,275
ablation,train,2100,correct,36,35,47,35,7,7,1,284
ablation,train,2100,correct,37,32,49,32,7,7,0,520
ablation,train,2100,correct,37,33,47,33,7,7,1,430
ablation,train,2100,correct,37,34,46,34,7,7,0,520
ablation,train,2100,correct,37,35,48,35,7,7,0,520
ablation,train,2100,correct,38,32,48,32,7,7,0,520
ablation,train,2100,correct,38,33,49,33,7,7,0,520
ablation,train,2100,correct,38,34,46,34,7,7,0,520
ablation,train,2100,correct,38,35,47,35,7,7,0,520
ablation,train,2100,correct,39,32,47,32,7,7,0,520
ablation,train,2100,correct,39,33,48,33,7,7,0,520
ablation,train,2100,correct,39,34,46,34,7,7,0,520
ablation,train,2100,correct,39,35,49,35,7,7,1,379
ablation,train,2100,correct,20,32,47,32,7,7,0,300
ablation,train,2100,correct,20,33,48,33,7,7,0,300
ablation,train,2100,correct,20,34,46,34,7,7,1,296
ablation,train,2100,correct,20,35,49,35,7,7,1,215
ablation,train,2100,correct,21,32,47,32,7,7,1,79
ablation,train,2100,correct,21,33,48,33,7,7,1,85
ablation,train,2100,correct,21,34,46,34,7,7,1,78
ablation,train,2100,correct,21,35,49,35,7,7,1,82
ablation,train,2100,correct,22,32,46,32,7,7,1,101
ablation,train,2100,correct,22,33,48,33,7,7,1,115
ablation,train,2100,correct,22,34,49,34,7,7,1,102
ablation,train,2100,correct,22,35,47,35,7,7,1,94
ablation,train,2100,correct,25,32,48,32,7,7,0,300
ablation,train,2100,correct,25,33,47,33,7,7,0,300
ablation,train,2100,correct,25,34,49,34,7,7,0,300
ablation,train,2100,correct,25,35,46,35,7,7,0,300
ablation,train,2100,correct,28,32,49,32,7,7,1,80
ablation,train,2100,correct,28,33,47,33,7,7,1,90
ablation,train,2100,correct,28,34,46,34,7,7,1,81
ablation,train,2100,correct,28,35,48,35,7,7,1,70
ablation,train,2100,correct,29,32,46,32,7,7,0,300
ablation,train,2100,correct,29,33,48,33,7,7,1,148
ablation,train,2100,correct,29,34,49,34,7,7,0,300
ablation,train,2100,correct,29,35,47,35,7,7,0,300
ablation,train,2100,correct,12,32,48,32,7,7,1,171
ablation,train,2100,correct,12,33,49,33,7,7,1,135
ablation,train,2100,correct,12,34,47,34,7,7,1,116
ablation,train,2100,correct,12,35,46,35,7,7,1,128
ablation,train,2100,correct,14,32,47,32,7,7,1,155
ablation,train,2100,correct,14,33,46,33,7,7,1,152
ablation,train,2100,correct,14,34,49,34,7,7,1,127
ablation,train,2100,correct,14,35,48,35,7,7,1,137
ablation,train,2100,correct,15,32,48,32,7,7,1,136
ablation,train,2100,correct,15,33,47,33,7,7,0,280
ablation,train,2100,correct,15,34,46,34,7,7,0,280
ablation,train,2100,correct,15,35,49,35,7,7,1,144
ablation,train,2100,correct,16,32,48,32,7,7,1,180
ablation,train,2100,correct,16,33,46,33,7,7,1,181
ablation,train,2100,correct,16,34,47,34,7,7,1,136
ablation,train,2100,correct,16,35,49,35,7,7,1,132
ablation,train,2100,correct,18,32,47,32,7,7,1,155
ablation,train,2100,correct,18,33,49,33,7,7,1,145
ablation,train,2100,correct,18,34,46,34,7,7,1,136
ablation,train,2100,correct,18,35,48,35,7,7,1,151
ablation,train,2100,correct,19,32,46,32,7,7,1,119
ablation,train,2100,correct,19,33,47,33,7,7,1,134
ablation,train,2100,correct,19,34,49,34,7,7,1,141
ablation,train,2100,correct,19,35,48,35,7,7,1,122
ablation,train,2100,correct,0,32,48,32,7,7,1,81
ablation,train,2100,correct,0,33,46,33,7,7,1,88
ablation,train,2100,correct,0,34,47,34,7,7,1,161
ablation,train,2100,correct,0,35,49,35,7,7,1,127
ablation,train,2100,correct,2,32,49,32,7,7,1,94
ablation,train,2100,correct,2,33,47,33,7,7,1,98
ablation,train,2100,correct,2,34,48,34,7,7,1,98
ablation,train,2100,correct,2,35,46,35,7,7,1,98
ablation,train,2100,correct,4,32,46,32,7,7,1,147
ablation,train,2100,correct,4,33,49,33,7,7,0,220
ablation,train,2100,correct,4,34,48,34,7,7,1,143
ablation,train,2100,correct,4,35,47,35,7,7,1,136
ablation,train,2100,correct,5,32,49,32,7,7,0,220
ablation,train,2100,correct,5,33,47,33,7,7,1,96
ablation,train,2100,correct,5,34,46,34,7,7,1,97
ablation,train,2100,correct,5,35,48,35,7,7,1,101
ablation,train,2100,correct,7,32,49,32,7,7,1,131
ablation,train,2100,correct,7,33,46,33,7,7,1,138
ablation,train,2100,correct,7,34,48,34,7,7,1,173
ablation,train,2100,correct,7,35,47,35,7,7,1,135
ablation,train,2100,correct,9,32,46,32,7,7,1,108
ablation,train,2100,correct,9,33,47,33,7,7,0,220
ablation,train,2100,correct,9,34,48,34,7,7,1,134
ablation,train,2100,correct,9,35,49,35,7,7,0,220
main,validation,2100,same_task_other,31,0,14,0,7,7,0,520
main,validation,2100,same_task_other,31,1,26,1,7,7,0,520
main,validation,2100,same_task_other,31,2,20,2,7,7,0,520
main,validation,2100,same_task_other,31,3,49,3,7,7,1,356
main,validation,2100,same_task_other,31,4,32,4,7,7,0,520
main,validation,2100,same_task_other,31,5,35,5,7,7,0,520
main,validation,2100,same_task_other,31,6,1,6,7,7,1,266
main,validation,2100,same_task_other,31,7,28,7,7,7,0,520
main,validation,2100,same_task_other,31,8,48,8,7,7,0,520
main,validation,2100,same_task_other,31,9,12,9,7,7,0,520
main,validation,2100,same_task_other,31,10,16,10,7,7,1,386
main,validation,2100,same_task_other,31,11,45,11,7,7,0,520
main,validation,2100,same_task_other,31,12,6,12,7,7,0,520
main,validation,2100,same_task_other,31,13,10,13,7,7,0,520
main,validation,2100,same_task_other,31,14,29,14,7,7,0,520
main,validation,2100,same_task_other,31,15,5,15,7,7,0,520
main,validation,2100,same_task_other,31,16,2,16,7,7,1,243
main,validation,2100,same_task_other,31,17,0,17,7,7,1,316
main,validation,2100,same_task_other,31,18,9,18,7,7,0,520
main,validation,2100,same_task_other,31,19,41,19,7,7,0,520
main,validation,2100,same_task_other,31,20,38,20,7,7,1,299
main,validation,2100,same_task_other,31,21,40,21,7,7,0,520
main,validation,2100,same_task_other,31,22,19,22,7,7,0,520
main,validation,2100,same_task_other,31,23,15,23,7,7,1,458
main,validation,2100,same_task_other,31,24,17,24,7,7,0,520
main,validation,2100,same_task_other,31,25,24,25,7,7,0,520
main,validation,2100,same_task_other,31,26,4,26,7,7,0,520
main,validation,2100,same_task_other,31,27,21,27,7,7,0,520
main,validation,2100,same_task_other,31,28,37,28,7,7,0,520
main,validation,2100,same_task_other,31,29,42,29,7,7,0,520
main,validation,2100,same_task_other,31,30,13,30,7,7,0,520
main,validation,2100,same_task_other,31,31,39,31,7,7,0,520
main,validation,2100,same_task_other,31,32,8,32,7,7,0,520
main,validation,2100,same_task_other,31,33,7,33,7,7,0,520
main,validation,2100,same_task_other,31,34,30,34,7,7,1,252
main,validation,2100,same_task_other,31,35,33,35,7,7,0,520
main,validation,2100,same_task_other,31,36,27,36,7,7,0,520
main,validation,2100,same_task_other,31,37,34,37,7,7,1,282
main,validation,2100,same_task_other,31,38,23,38,7,7,0,520
main,validation,2100,same_task_other,31,39,44,39,7,7,1,408
main,validation,2100,same_task_other,31,40,3,40,7,7,0,520
main,validation,2100,same_task_other,31,41,43,41,7,7,1,397
main,validation,2100,same_task_other,31,42,11,42,7,7,0,520
main,validation,2100,same_task_other,31,43,36,43,7,7,1,293
main,validation,2100,same_task_other,31,44,31,44,7,7,0,520
main,validation,2100,same_task_other,31,45,25,45,7,7,1,400
main,validation,2100,same_task_other,31,46,22,46,7,7,1,421
main,validation,2100,same_task_other,31,47,47,47,7,7,1,471
main,validation,2100,same_task_other,31,48,46,48,7,7,1,337
main,validation,2100,same_task_other,31,49,18,49,7,7,0,520
main,validation,2100,same_task_other,32,0,33,0,7,7,0,520
main,validation,2100,same_task_other,32,1,2,1,7,7,0,520
main,validation,2100,same_task_other,32,2,29,2,7,7,0,520
main,validation,2100,same_task_other,32,3,25,3,7,7,0,520
main,validation,2100,same_task_other,32,4,4,4,7,7,0,520
main,validation,2100,same_task_other,32,5,9,5,7,7,0,520
main,validation,2100,same_task_other,32,6,32,6,7,7,0,520
main,validation,2100,same_task_other,32,7,10,7,7,7,0,520
main,validation,2100,same_task_other,32,8,0,8,7,7,0,520
main,validation,2100,same_task_other,32,9,42,9,7,7,0,520
main,validation,2100,same_task_other,32,10,20,10,7,7,0,520
main,validation,2100,same_task_other,32,11,46,11,7,7,0,520
main,validation,2100,same_task_other,32,12,41,12,7,7,0,520
main,validation,2100,same_task_other,32,13,45,13,7,7,0,520
main,validation,2100,same_task_other,32,14,14,14,7,7,0,520
main,validation,2100,same_task_other,32,15,3,15,7,7,0,520
main,validation,2100,same_task_other,32,16,35,16,7,7,0,520
main,validation,2100,same_task_other,32,17,13,17,7,7,0,520
main,validation,2100,same_task_other,32,18,6,18,7,7,0,520
main,validation,2100,same_task_other,32,19,48,19,7,7,0,520
main,validation,2100,same_task_other,32,20,49,20,7,7,0,520
main,validation,2100,same_task_other,32,21,1,21,7,7,0,520
main,validation,2100,same_task_other,32,22,36,22,7,7,0,520
main,validation,2100,same_task_other,32,23,16,23,7,7,0,520
main,validation,2100,same_task_other,32,24,12,24,7,7,0,520
main,validation,2100,same_task_other,32,25,38,25,7,7,0,520
main,validation,2100,same_task_other,32,26,11,26,7,7,0,520
main,validation,2100,same_task_other,32,27,19,27,7,7,0,520
main,validation,2100,same_task_other,32,28,5,28,7,7,0,520
main,validation,2100,same_task_other,32,29,22,29,7,7,0,520
main,validation,2100,same_task_other,32,30,18,30,7,7,0,520
main,validation,2100,same_task_other,32,31,44,31,7,7,0,520
main,validation,2100,same_task_other,32,32,24,32,7,7,0,520
main,validation,2100,same_task_other,32,33,30,33,7,7,0,520
main,validation,2100,same_task_other,32,34,40,34,7,7,0,520
main,validation,2100,same_task_other,32,35,28,35,7,7,0,520
main,validation,2100,same_task_other,32,36,26,36,7,7,0,520
main,validation,2100,same_task_other,32,37,17,37,7,7,0,520
main,validation,2100,same_task_other,32,38,27,38,7,7,0,520
main,validation,2100,same_task_other,32,39,43,39,7,7,0,520
main,validation,2100,same_task_other,32,40,21,40,7,7,0,520
main,validation,2100,same_task_other,32,41,47,41,7,7,0,520
main,validation,2100,same_task_other,32,42,7,42,7,7,0,520
main,validation,2100,same_task_other,32,43,39,43,7,7,0,520
main,validation,2100,same_task_other,32,44,8,44,7,7,0,520
main,validation,2100,same_task_other,32,45,34,45,7,7,0,520
main,validation,2100,same_task_other,32,46,37,46,7,7,0,520
main,validation,2100,same_task_other,32,47,31,47,7,7,0,520
main,validation,2100,same_task_other,32,48,15,48,7,7,0,520
main,validation,2100,same_task_other,32,49,23,49,7,7,0,520
main,validation,2100,same_task_other,23,0,2,0,7,7,0,300
main,validation,2100,same_task_other,23,1,30,1,7,7,0,300
main,validation,2100,same_task_other,23,2,32,2,7,7,0,300
main,validation,2100,same_task_other,23,3,25,3,7,7,0,300
main,validation,2100,same_task_other,23,4,1,4,7,7,0,300
main,validation,2100,same_task_other,23,5,45,5,7,7,0,300
main,validation,2100,same_task_other,23,6,46,6,7,7,0,300
main,validation,2100,same_task_other,23,7,36,7,7,7,0,300
main,validation,2100,same_task_other,23,8,34,8,7,7,0,300
main,validation,2100,same_task_other,23,9,19,9,7,7,0,300
main,validation,2100,same_task_other,23,10,17,10,7,7,0,300
main,validation,2100,same_task_other,23,11,48,11,7,7,0,300
main,validation,2100,same_task_other,23,12,20,12,7,7,0,300
main,validation,2100,same_task_other,23,13,47,13,7,7,0,300
main,validation,2100,same_task_other,23,14,22,14,7,7,0,300
main,validation,2100,same_task_other,23,15,43,15,7,7,0,300
main,validation,2100,same_task_other,23,16,21,16,7,7,0,300
main,validation,2100,same_task_other,23,17,26,17,7,7,0,300
main,validation,2100,same_task_other,23,18,31,18,7,7,0,300
main,validation,2100,same_task_other,23,19,29,19,7,7,0,300
main,validation,2100,same_task_other,23,20,44,20,7,7,0,300
main,validation,2100,same_task_other,23,21,49,21,7,7,0,300
main,validation,2100,same_task_other,23,22,3,22,7,7,0,300
main,validation,2100,same_task_other,23,23,11,23,7,7,0,300
main,validation,2100,same_task_other,23,24,13,24,7,7,0,300
main,validation,2100,same_task_other,23,25,28,25,7,7,0,300
main,validation,2100,same_task_other,23,26,8,26,7,7,0,300
main,validation,2100,same_task_other,23,27,33,27,7,7,0,300
main,validation,2100,same_task_other,23,28,15,28,7,7,0,300
main,validation,2100,same_task_other,23,29,40,29,7,7,0,300
main,validation,2100,same_task_other,23,30,38,30,7,7,0,300
main,validation,2100,same_task_other,23,31,5,31,7,7,0,300
main,validation,2100,same_task_other,23,32,39,32,7,7,0,300
main,validation,2100,same_task_other,23,33,6,33,7,7,0,300
main,validation,2100,same_task_other,23,34,9,34,7,7,0,300
main,validation,2100,same_task_other,23,35,35,35,7,7,0,300
main,validation,2100,same_task_other,23,36,23,36,7,7,0,300
main,validation,2100,same_task_other,23,37,16,37,7,7,0,300
main,validation,2100,same_task_other,23,38,0,38,7,7,0,300
main,validation,2100,same_task_other,23,39,4,39,7,7,0,300
main,validation,2100,same_task_other,23,40,41,40,7,7,0,300
main,validation,2100,same_task_other,23,41,24,41,7,7,0,300
main,validation,2100,same_task_other,23,42,7,42,7,7,0,300
main,validation,2100,same_task_other,23,43,18,43,7,7,0,300
main,validation,2100,same_task_other,23,44,37,44,7,7,0,300
main,validation,2100,same_task_other,23,45,12,45,7,7,0,300
main,validation,2100,same_task_other,23,46,27,46,7,7,0,300
main,validation,2100,same_task_other,23,47,14,47,7,7,0,300
main,validation,2100,same_task_other,23,48,10,48,7,7,0,300
main,validation,2100,same_task_other,23,49,42,49,7,7,0,300
main,validation,2100,same_task_other,26,0,12,0,7,7,1,98
main,validation,2100,same_task_other,26,1,25,1,7,7,1,101
main,validation,2100,same_task_other,26,2,39,2,7,7,1,99
main,validation,2100,same_task_other,26,3,1,3,7,7,1,97
main,validation,2100,same_task_other,26,4,16,4,7,7,1,92
main,validation,2100,same_task_other,26,5,8,5,7,7,1,114
main,validation,2100,same_task_other,26,6,26,6,7,7,1,114
main,validation,2100,same_task_other,26,7,7,7,7,7,1,85
main,validation,2100,same_task_other,26,8,46,8,7,7,1,99
main,validation,2100,same_task_other,26,9,43,9,7,7,1,82
main,validation,2100,same_task_other,26,10,24,10,7,7,1,102
main,validation,2100,same_task_other,26,11,27,11,7,7,1,101
main,validation,2100,same_task_other,26,12,11,12,7,7,1,106
main,validation,2100,same_task_other,26,13,18,13,7,7,1,87
main,validation,2100,same_task_other,26,14,2,14,7,7,1,98
main,validation,2100,same_task_other,26,15,37,15,7,7,1,96
main,validation,2100,same_task_other,26,16,19,16,7,7,1,101
main,validation,2100,same_task_other,26,17,17,17,7,7,1,100
main,validation,2100,same_task_other,26,18,40,18,7,7,1,98
main,validation,2100,same_task_other,26,19,3,19,7,7,1,91
main,validation,2100,same_task_other,26,20,10,20,7,7,0,300
main,validation,2100,same_task_other,26,21,38,21,7,7,1,97
main,validation,2100,same_task_other,26,22,48,22,7,7,1,117
main,validation,2100,same_task_other,26,23,44,23,7,7,1,120
main,validation,2100,same_task_other,26,24,14,24,7,7,1,95
main,validation,2100,same_task_other,26,25,22,25,7,7,1,87
main,validation,2100,same_task_other,26,26,28,26,7,7,1,113
main,validation,2100,same_task_other,26,27,41,27,7,7,1,91
main,validation,2100,same_task_other,26,28,5,28,7,7,1,97
main,validation,2100,same_task_other,26,29,33,29,7,7,1,98
main,validation,2100,same_task_other,26,30,6,30,7,7,1,97
main,validation,2100,same_task_other,26,31,29,31,7,7,1,297
main,validation,2100,same_task_other,26,32,9,32,7,7,1,100
main,validation,2100,same_task_other,26,33,15,33,7,7,1,92
main,validation,2100,same_task_other,26,34,49,34,7,7,1,86
main,validation,2100,same_task_other,26,35,30,35,7,7,1,125
main,validation,2100,same_task_other,26,36,21,36,7,7,1,108
main,validation,2100,same_task_other,26,37,47,37,7,7,1,112
main,validation,2100,same_task_other,26,38,20,38,7,7,1,87
main,validation,2100,same_task_other,26,39,13,39,7,7,0,300
main,validation,2100,same_task_other,26,40,31,40,7,7,0,300
main,validation,2100,same_task_other,26,41,45,41,7,7,1,99
main,validation,2100,same_task_other,26,42,36,42,7,7,1,129
main,validation,2100,same_task_other,26,43,34,43,7,7,1,90
main,validation,2100,same_task_other,26,44,0,44,7,7,1,107
main,validation,2100,same_task_other,26,45,4,45,7,7,1,97
main,validation,2100,same_task_other,26,46,32,46,7,7,1,94
main,validation,2100,same_task_other,26,47,42,47,7,7,1,86
main,validation,2100,same_task_other,26,48,23,48,7,7,0,300
main,validation,2100,same_task_other,26,49,35,49,7,7,1,97
main,validation,2100,same_task_other,11,0,1,0,7,7,1,157
main,validation,2100,same_task_other,11,1,27,1,7,7,0,280
main,validation,2100,same_task_other,11,2,29,2,7,7,1,243
main,validation,2100,same_task_other,11,3,19,3,7,7,1,258
main,validation,2100,same_task_other,11,4,6,4,7,7,1,171
main,validation,2100,same_task_other,11,5,25,5,7,7,1,132
main,validation,2100,same_task_other,11,6,2,6,7,7,1,131
main,validation,2100,same_task_other,11,7,8,7,7,7,1,126
main,validation,2100,same_task_other,11,8,12,8,7,7,1,197
main,validation,2100,same_task_other,11,9,33,9,7,7,1,239
main,validation,2100,same_task_other,11,10,21,10,7,7,0,280
main,validation,2100,same_task_other,11,11,20,11,7,7,1,139
main,validation,2100,same_task_other,11,12,47,12,7,7,1,228
main,validation,2100,same_task_other,11,13,40,13,7,7,1,170
main,validation,2100,same_task_other,11,14,31,14,7,7,1,266
main,validation,2100,same_task_other,11,15,15,15,7,7,1,172
main,validation,2100,same_task_other,11,16,0,16,7,7,1,153
main,validation,2100,same_task_other,11,17,35,17,7,7,0,280
main,validation,2100,same_task_other,11,18,30,18,7,7,1,203
main,validation,2100,same_task_other,11,19,13,19,7,7,1,198
main,validation,2100,same_task_other,11,20,10,20,7,7,0,280
main,validation,2100,same_task_other,11,21,45,21,7,7,0,280
main,validation,2100,same_task_other,11,22,46,22,7,7,1,133
main,validation,2100,same_task_other,11,23,34,23,7,7,1,123
main,validation,2100,same_task_other,11,24,4,24,7,7,1,212
main,validation,2100,same_task_other,11,25,48,25,7,7,1,154
main,validation,2100,same_task_other,11,26,43,26,7,7,1,249
main,validation,2100,same_task_other,11,27,7,27,7,7,1,123
main,validation,2100,same_task_other,11,28,9,28,7,7,1,137
main,validation,2100,same_task_other,11,29,49,29,7,7,1,133
main,validation,2100,same_task_other,11,30,41,30,7,7,1,178
main,validation,2100,same_task_other,11,31,36,31,7,7,0,280
main,validation,2100,same_task_other,11,32,14,32,7,7,0,280
main,validation,2100,same_task_other,11,33,5,33,7,7,0,280
main,validation,2100,same_task_other,11,34,28,34,7,7,0,280
main,validation,2100,same_task_other,11,35,39,35,7,7,1,132
main,validation,2100,same_task_other,11,36,42,36,7,7,1,123
main,validation,2100,same_task_other,11,37,32,37,7,7,1,186
main,validation,2100,same_task_other,11,38,26,38,7,7,1,187
main,validation,2100,same_task_other,11,39,22,39,7,7,1,119
main,validation,2100,same_task_other,11,40,24,40,7,7,1,205
main,validation,2100,same_task_other,11,41,18,41,7,7,1,140
main,validation,2100,same_task_other,11,42,44,42,7,7,1,148
main,validation,2100,same_task_other,11,43,37,43,7,7,1,129
main,validation,2100,same_task_other,11,44,17,44,7,7,1,122
main,validation,2100,same_task_other,11,45,16,45,7,7,1,167
main,validation,2100,same_task_other,11,46,11,46,7,7,1,117
main,validation,2100,same_task_other,11,47,3,47,7,7,1,121
main,validation,2100,same_task_other,11,48,23,48,7,7,0,280
main,validation,2100,same_task_other,11,49,38,49,7,7,1,251
main,validation,2100,same_task_other,13,0,0,0,7,7,0,280
main,validation,2100,same_task_other,13,1,37,1,7,7,1,118
main,validation,2100,same_task_other,13,2,35,2,7,7,0,280
main,validation,2100,same_task_other,13,3,26,3,7,7,1,207
main,validation,2100,same_task_other,13,4,9,4,7,7,1,191
main,validation,2100,same_task_other,13,5,1,5,7,7,0,280
main,validation,2100,same_task_other,13,6,41,6,7,7,1,226
main,validation,2100,same_task_other,13,7,45,7,7,7,0,280
main,validation,2100,same_task_other,13,8,42,8,7,7,0,280
main,validation,2100,same_task_other,13,9,20,9,7,7,1,127
main,validation,2100,same_task_other,13,10,33,10,7,7,1,141
main,validation,2100,same_task_other,13,11,31,11,7,7,1,169
main,validation,2100,same_task_other,13,12,11,12,7,7,0,280
main,validation,2100,same_task_other,13,13,25,13,7,7,0,280
main,validation,2100,same_task_other,13,14,15,14,7,7,1,122
main,validation,2100,same_task_other,13,15,19,15,7,7,0,280
main,validation,2100,same_task_other,13,16,3,16,7,7,1,156
main,validation,2100,same_task_other,13,17,2,17,7,7,0,280
main,validation,2100,same_task_other,13,18,17,18,7,7,1,165
main,validation,2100,same_task_other,13,19,14,19,7,7,0,280
main,validation,2100,same_task_other,13,20,47,20,7,7,0,280
main,validation,2100,same_task_other,13,21,21,21,7,7,0,280
main,validation,2100,same_task_other,13,22,30,22,7,7,0,280
main,validation,2100,same_task_other,13,23,12,23,7,7,0,280
main,validation,2100,same_task_other,13,24,10,24,7,7,1,131
main,validation,2100,same_task_other,13,25,22,25,7,7,0,280
main,validation,2100,same_task_other,13,26,24,26,7,7,0,280
main,validation,2100,same_task_other,13,27,13,27,7,7,0,280
main,validation,2100,same_task_other,13,28,32,28,7,7,0,280
main,validation,2100,same_task_other,13,29,16,29,7,7,1,130
main,validation,2100,same_task_other,13,30,43,30,7,7,1,121
main,validation,2100,same_task_other,13,31,27,31,7,7,1,116
main,validation,2100,same_task_other,13,32,40,32,7,7,0,280
main,validation,2100,same_task_other,13,33,34,33,7,7,1,133
main,validation,2100,same_task_other,13,34,18,34,7,7,1,126
main,validation,2100,same_task_other,13,35,38,35,7,7,1,112
main,validation,2100,same_task_other,13,36,29,36,7,7,1,142
main,validation,2100,same_task_other,13,37,28,37,7,7,0,280
main,validation,2100,same_task_other,13,38,7,38,7,7,0,280
main,validation,2100,same_task_other,13,39,8,39,7,7,0,280
main,validation,2100,same_task_other,13,40,36,40,7,7,0,280
main,validation,2100,same_task_other,13,41,49,41,7,7,1,135
main,validation,2100,same_task_other,13,42,5,42,7,7,0,280
main,validation,2100,same_task_other,13,43,39,43,7,7,0,280
main,validation,2100,same_task_other,13,44,46,44,7,7,0,280
main,validation,2100,same_task_other,13,45,4,45,7,7,1,181
main,validation,2100,same_task_other,13,46,48,46,7,7,1,264
main,validation,2100,same_task_other,13,47,23,47,7,7,1,127
main,validation,2100,same_task_other,13,48,44,48,7,7,0,280
main,validation,2100,same_task_other,13,49,6,49,7,7,0,280
main,validation,2100,same_task_other,1,0,18,0,7,7,0,220
main,validation,2100,same_task_other,1,1,38,1,7,7,0,220
main,validation,2100,same_task_other,1,2,6,2,7,7,0,220
main,validation,2100,same_task_other,1,3,31,3,7,7,0,220
main,validation,2100,same_task_other,1,4,19,4,7,7,0,220
main,validation,2100,same_task_other,1,5,1,5,7,7,0,220
main,validation,2100,same_task_other,1,6,7,6,7,7,0,220
main,validation,2100,same_task_other,1,7,25,7,7,7,0,220
main,validation,2100,same_task_other,1,8,21,8,7,7,0,220
main,validation,2100,same_task_other,1,9,9,9,7,7,0,220
main,validation,2100,same_task_other,1,10,11,10,7,7,0,220
main,validation,2100,same_task_other,1,11,41,11,7,7,0,220
main,validation,2100,same_task_other,1,12,3,12,7,7,0,220
main,validation,2100,same_task_other,1,13,4,13,7,7,0,220
main,validation,2100,same_task_other,1,14,35,14,7,7,0,220
main,validation,2100,same_task_other,1,15,48,15,7,7,0,220
main,validation,2100,same_task_other,1,16,0,16,7,7,0,220
main,validation,2100,same_task_other,1,17,26,17,7,7,0,220
main,validation,2100,same_task_other,1,18,23,18,7,7,0,220
main,validation,2100,same_task_other,1,19,24,19,7,7,0,220
main,validation,2100,same_task_other,1,20,44,20,7,7,0,220
main,validation,2100,same_task_other,1,21,37,21,7,7,0,220
main,validation,2100,same_task_other,1,22,5,22,7,7,0,220
main,validation,2100,same_task_other,1,23,13,23,7,7,0,220
main,validation,2100,same_task_other,1,24,34,24,7,7,0,220
main,validation,2100,same_task_other,1,25,8,25,7,7,0,220
main,validation,2100,same_task_other,1,26,17,26,7,7,0,220
main,validation,2100,same_task_other,1,27,47,27,7,7,0,220
main,validation,2100,same_task_other,1,28,39,28,7,7,0,220
main,validation,2100,same_task_other,1,29,29,29,7,7,0,220
main,validation,2100,same_task_other,1,30,14,30,7,7,0,220
main,validation,2100,same_task_other,1,31,12,31,7,7,0,220
main,validation,2100,same_task_other,1,32,49,32,7,7,0,220
main,validation,2100,same_task_other,1,33,10,33,7,7,0,220
main,validation,2100,same_task_other,1,34,20,34,7,7,0,220
main,validation,2100,same_task_other,1,35,28,35,7,7,0,220
main,validation,2100,same_task_other,1,36,15,36,7,7,0,220
main,validation,2100,same_task_other,1,37,45,37,7,7,0,220
main,validation,2100,same_task_other,1,38,2,38,7,7,0,220
main,validation,2100,same_task_other,1,39,46,39,7,7,0,220
main,validation,2100,same_task_other,1,40,32,40,7,7,0,220
main,validation,2100,same_task_other,1,41,22,41,7,7,0,220
main,validation,2100,same_task_other,1,42,43,42,7,7,0,220
main,validation,2100,same_task_other,1,43,36,43,7,7,0,220
main,validation,2100,same_task_other,1,44,40,44,7,7,0,220
main,validation,2100,same_task_other,1,45,27,45,7,7,0,220
main,validation,2100,same_task_other,1,46,33,46,7,7,0,220
main,validation,2100,same_task_other,1,47,42,47,7,7,0,220
main,validation,2100,same_task_other,1,48,16,48,7,7,0,220
main,validation,2100,same_task_other,1,49,30,49,7,7,0,220
main,validation,2100,same_task_other,3,0,19,0,7,7,1,129
main,validation,2100,same_task_other,3,1,3,1,7,7,1,107
main,validation,2100,same_task_other,3,2,10,2,7,7,1,102
main,validation,2100,same_task_other,3,3,33,3,7,7,1,113
main,validation,2100,same_task_other,3,4,24,4,7,7,0,220
main,validation,2100,same_task_other,3,5,25,5,7,7,1,118
main,validation,2100,same_task_other,3,6,31,6,7,7,0,220
main,validation,2100,same_task_other,3,7,5,7,7,7,1,108
main,validation,2100,same_task_other,3,8,0,8,7,7,0,220
main,validation,2100,same_task_other,3,9,18,9,7,7,1,151
main,validation,2100,same_task_other,3,10,38,10,7,7,1,140
main,validation,2100,same_task_other,3,11,22,11,7,7,1,102
main,validation,2100,same_task_other,3,12,16,12,7,7,1,120
main,validation,2100,same_task_other,3,13,46,13,7,7,0,220
main,validation,2100,same_task_other,3,14,41,14,7,7,1,133
main,validation,2100,same_task_other,3,15,27,15,7,7,1,92
main,validation,2100,same_task_other,3,16,11,16,7,7,0,220
main,validation,2100,same_task_other,3,17,32,17,7,7,1,105
main,validation,2100,same_task_other,3,18,36,18,7,7,1,110
main,validation,2100,same_task_other,3,19,6,19,7,7,1,94
main,validation,2100,same_task_other,3,20,23,20,7,7,0,220
main,validation,2100,same_task_other,3,21,47,21,7,7,1,133
main,validation,2100,same_task_other,3,22,45,22,7,7,0,220
main,validation,2100,same_task_other,3,23,1,23,7,7,1,155
main,validation,2100,same_task_other,3,24,20,24,7,7,1,113
main,validation,2100,same_task_other,3,25,12,25,7,7,0,220
main,validation,2100,same_task_other,3,26,49,26,7,7,1,112
main,validation,2100,same_task_other,3,27,39,27,7,7,1,144
main,validation,2100,same_task_other,3,28,37,28,7,7,0,220
main,validation,2100,same_task_other,3,29,40,29,7,7,1,103
main,validation,2100,same_task_other,3,30,26,30,7,7,1,136
main,validation,2100,same_task_other,3,31,17,31,7,7,0,220
main,validation,2100,same_task_other,3,32,21,32,7,7,1,107
main,validation,2100,same_task_other,3,33,14,33,7,7,0,220
main,validation,2100,same_task_other,3,34,48,34,7,7,1,149
main,validation,2100,same_task_other,3,35,44,35,7,7,0,220
main,validation,2100,same_task_other,3,36,34,36,7,7,1,122
main,validation,2100,same_task_other,3,37,8,37,7,7,1,109
main,validation,2100,same_task_other,3,38,42,38,7,7,1,115
main,validation,2100,same_task_other,3,39,2,39,7,7,1,102
main,validation,2100,same_task_other,3,40,13,40,7,7,0,220
main,validation,2100,same_task_other,3,41,7,41,7,7,0,220
main,validation,2100,same_task_other,3,42,9,42,7,7,1,106
main,validation,2100,same_task_other,3,43,15,43,7,7,1,107
main,validation,2100,same_task_other,3,44,43,44,7,7,0,220
main,validation,2100,same_task_other,3,45,28,45,7,7,1,95
main,validation,2100,same_task_other,3,46,35,46,7,7,0,220
main,validation,2100,same_task_other,3,47,30,47,7,7,0,220
main,validation,2100,same_task_other,3,48,29,48,7,7,0,220
main,validation,2100,same_task_other,3,49,4,49,7,7,1,141
ablation,validation,2100,same_task_other,31,0,14,0,7,7,0,520
ablation,validation,2100,same_task_other,31,1,26,1,7,7,0,520
ablation,validation,2100,same_task_other,31,2,20,2,7,7,0,520
ablation,validation,2100,same_task_other,31,3,49,3,7,7,1,412
ablation,validation,2100,same_task_other,31,4,32,4,7,7,0,520
ablation,validation,2100,same_task_other,31,5,35,5,7,7,0,520
ablation,validation,2100,same_task_other,31,6,1,6,7,7,1,307
ablation,validation,2100,same_task_other,31,7,28,7,7,7,0,520
ablation,validation,2100,same_task_other,31,8,48,8,7,7,1,480
ablation,validation,2100,same_task_other,31,9,12,9,7,7,0,520
ablation,validation,2100,same_task_other,31,10,16,10,7,7,1,434
ablation,validation,2100,same_task_other,31,11,45,11,7,7,1,302
ablation,validation,2100,same_task_other,31,12,6,12,7,7,0,520
ablation,validation,2100,same_task_other,31,13,10,13,7,7,1,374
ablation,validation,2100,same_task_other,31,14,29,14,7,7,0,520
ablation,validation,2100,same_task_other,31,15,5,15,7,7,0,520
ablation,validation,2100,same_task_other,31,16,2,16,7,7,1,308
ablation,validation,2100,same_task_other,31,17,0,17,7,7,0,520
ablation,validation,2100,same_task_other,31,18,9,18,7,7,0,520
ablation,validation,2100,same_task_other,31,19,41,19,7,7,0,520
ablation,validation,2100,same_task_other,31,20,38,20,7,7,0,520
ablation,validation,2100,same_task_other,31,21,40,21,7,7,0,520
ablation,validation,2100,same_task_other,31,22,19,22,7,7,1,410
ablation,validation,2100,same_task_other,31,23,15,23,7,7,0,520
ablation,validation,2100,same_task_other,31,24,17,24,7,7,0,520
ablation,validation,2100,same_task_other,31,25,24,25,7,7,0,520
ablation,validation,2100,same_task_other,31,26,4,26,7,7,1,362
ablation,validation,2100,same_task_other,31,27,21,27,7,7,1,375
ablation,validation,2100,same_task_other,31,28,37,28,7,7,0,520
ablation,validation,2100,same_task_other,31,29,42,29,7,7,1,349
ablation,validation,2100,same_task_other,31,30,13,30,7,7,0,520
ablation,validation,2100,same_task_other,31,31,39,31,7,7,0,520
ablation,validation,2100,same_task_other,31,32,8,32,7,7,0,520
ablation,validation,2100,same_task_other,31,33,7,33,7,7,0,520
ablation,validation,2100,same_task_other,31,34,30,34,7,7,1,472
ablation,validation,2100,same_task_other,31,35,33,35,7,7,0,520
ablation,validation,2100,same_task_other,31,36,27,36,7,7,1,410
ablation,validation,2100,same_task_other,31,37,34,37,7,7,1,307
ablation,validation,2100,same_task_other,31,38,23,38,7,7,0,520
ablation,validation,2100,same_task_other,31,39,44,39,7,7,0,520
ablation,validation,2100,same_task_other,31,40,3,40,7,7,1,430
ablation,validation,2100,same_task_other,31,41,43,41,7,7,0,520
ablation,validation,2100,same_task_other,31,42,11,42,7,7,0,520
ablation,validation,2100,same_task_other,31,43,36,43,7,7,1,356
ablation,validation,2100,same_task_other,31,44,31,44,7,7,0,520
ablation,validation,2100,same_task_other,31,45,25,45,7,7,1,404
ablation,validation,2100,same_task_other,31,46,22,46,7,7,1,332
ablation,validation,2100,same_task_other,31,47,47,47,7,7,1,509
ablation,validation,2100,same_task_other,31,48,46,48,7,7,1,312
ablation,validation,2100,same_task_other,31,49,18,49,7,7,0,520
ablation,validation,2100,same_task_other,32,0,33,0,7,7,0,520
ablation,validation,2100,same_task_other,32,1,2,1,7,7,0,520
ablation,validation,2100,same_task_other,32,2,29,2,7,7,0,520
ablation,validation,2100,same_task_other,32,3,25,3,7,7,0,520
ablation,validation,2100,same_task_other,32,4,4,4,7,7,0,520
ablation,validation,2100,same_task_other,32,5,9,5,7,7,0,520
ablation,validation,2100,same_task_other,32,6,32,6,7,7,0,520
ablation,validation,2100,same_task_other,32,7,10,7,7,7,0,520
ablation,validation,2100,same_task_other,32,8,0,8,7,7,0,520
ablation,validation,2100,same_task_other,32,9,42,9,7,7,0,520
ablation,validation,2100,same_task_other,32,10,20,10,7,7,0,520
ablation,validation,2100,same_task_other,32,11,46,11,7,7,0,520
ablation,validation,2100,same_task_other,32,12,41,12,7,7,0,520
ablation,validation,2100,same_task_other,32,13,45,13,7,7,0,520
ablation,validation,2100,same_task_other,32,14,14,14,7,7,0,520
ablation,validation,2100,same_task_other,32,15,3,15,7,7,0,520
ablation,validation,2100,same_task_other,32,16,35,16,7,7,0,520
ablation,validation,2100,same_task_other,32,17,13,17,7,7,0,520
ablation,validation,2100,same_task_other,32,18,6,18,7,7,0,520
ablation,validation,2100,same_task_other,32,19,48,19,7,7,0,520
ablation,validation,2100,same_task_other,32,20,49,20,7,7,0,520
ablation,validation,2100,same_task_other,32,21,1,21,7,7,0,520
ablation,validation,2100,same_task_other,32,22,36,22,7,7,0,520
ablation,validation,2100,same_task_other,32,23,16,23,7,7,0,520
ablation,validation,2100,same_task_other,32,24,12,24,7,7,0,520
ablation,validation,2100,same_task_other,32,25,38,25,7,7,0,520
ablation,validation,2100,same_task_other,32,26,11,26,7,7,0,520
ablation,validation,2100,same_task_other,32,27,19,27,7,7,0,520
ablation,validation,2100,same_task_other,32,28,5,28,7,7,0,520
ablation,validation,2100,same_task_other,32,29,22,29,7,7,0,520
ablation,validation,2100,same_task_other,32,30,18,30,7,7,0,520
ablation,validation,2100,same_task_other,32,31,44,31,7,7,0,520
ablation,validation,2100,same_task_other,32,32,24,32,7,7,0,520
ablation,validation,2100,same_task_other,32,33,30,33,7,7,0,520
ablation,validation,2100,same_task_other,32,34,40,34,7,7,0,520
ablation,validation,2100,same_task_other,32,35,28,35,7,7,0,520
ablation,validation,2100,same_task_other,32,36,26,36,7,7,0,520
ablation,validation,2100,same_task_other,32,37,17,37,7,7,0,520
ablation,validation,2100,same_task_other,32,38,27,38,7,7,0,520
ablation,validation,2100,same_task_other,32,39,43,39,7,7,0,520
ablation,validation,2100,same_task_other,32,40,21,40,7,7,0,520
ablation,validation,2100,same_task_other,32,41,47,41,7,7,0,520
ablation,validation,2100,same_task_other,32,42,7,42,7,7,0,520
ablation,validation,2100,same_task_other,32,43,39,43,7,7,0,520
ablation,validation,2100,same_task_other,32,44,8,44,7,7,0,520
ablation,validation,2100,same_task_other,32,45,34,45,7,7,0,520
ablation,validation,2100,same_task_other,32,46,37,46,7,7,0,520
ablation,validation,2100,same_task_other,32,47,31,47,7,7,0,520
ablation,validation,2100,same_task_other,32,48,15,48,7,7,0,520
ablation,validation,2100,same_task_other,32,49,23,49,7,7,0,520
ablation,validation,2100,same_task_other,23,0,2,0,7,7,0,300
ablation,validation,2100,same_task_other,23,1,30,1,7,7,0,300
ablation,validation,2100,same_task_other,23,2,32,2,7,7,0,300
ablation,validation,2100,same_task_other,23,3,25,3,7,7,0,300
ablation,validation,2100,same_task_other,23,4,1,4,7,7,0,300
ablation,validation,2100,same_task_other,23,5,45,5,7,7,0,300
ablation,validation,2100,same_task_other,23,6,46,6,7,7,0,300
ablation,validation,2100,same_task_other,23,7,36,7,7,7,0,300
ablation,validation,2100,same_task_other,23,8,34,8,7,7,0,300
ablation,validation,2100,same_task_other,23,9,19,9,7,7,0,300
ablation,validation,2100,same_task_other,23,10,17,10,7,7,0,300
ablation,validation,2100,same_task_other,23,11,48,11,7,7,0,300
ablation,validation,2100,same_task_other,23,12,20,12,7,7,0,300
ablation,validation,2100,same_task_other,23,13,47,13,7,7,0,300
ablation,validation,2100,same_task_other,23,14,22,14,7,7,0,300
ablation,validation,2100,same_task_other,23,15,43,15,7,7,0,300
ablation,validation,2100,same_task_other,23,16,21,16,7,7,0,300
ablation,validation,2100,same_task_other,23,17,26,17,7,7,0,300
ablation,validation,2100,same_task_other,23,18,31,18,7,7,0,300
ablation,validation,2100,same_task_other,23,19,29,19,7,7,0,300
ablation,validation,2100,same_task_other,23,20,44,20,7,7,0,300
ablation,validation,2100,same_task_other,23,21,49,21,7,7,0,300
ablation,validation,2100,same_task_other,23,22,3,22,7,7,0,300
ablation,validation,2100,same_task_other,23,23,11,23,7,7,0,300
ablation,validation,2100,same_task_other,23,24,13,24,7,7,0,300
ablation,validation,2100,same_task_other,23,25,28,25,7,7,0,300
ablation,validation,2100,same_task_other,23,26,8,26,7,7,0,300
ablation,validation,2100,same_task_other,23,27,33,27,7,7,0,300
ablation,validation,2100,same_task_other,23,28,15,28,7,7,0,300
ablation,validation,2100,same_task_other,23,29,40,29,7,7,0,300
ablation,validation,2100,same_task_other,23,30,38,30,7,7,0,300
ablation,validation,2100,same_task_other,23,31,5,31,7,7,0,300
ablation,validation,2100,same_task_other,23,32,39,32,7,7,0,300
ablation,validation,2100,same_task_other,23,33,6,33,7,7,0,300
ablation,validation,2100,same_task_other,23,34,9,34,7,7,0,300
ablation,validation,2100,same_task_other,23,35,35,35,7,7,0,300
ablation,validation,2100,same_task_other,23,36,23,36,7,7,0,300
ablation,validation,2100,same_task_other,23,37,16,37,7,7,0,300
ablation,validation,2100,same_task_other,23,38,0,38,7,7,0,300
ablation,validation,2100,same_task_other,23,39,4,39,7,7,0,300
ablation,validation,2100,same_task_other,23,40,41,40,7,7,0,300
ablation,validation,2100,same_task_other,23,41,24,41,7,7,0,300
ablation,validation,2100,same_task_other,23,42,7,42,7,7,0,300
ablation,validation,2100,same_task_other,23,43,18,43,7,7,0,300
ablation,validation,2100,same_task_other,23,44,37,44,7,7,0,300
ablation,validation,2100,same_task_other,23,45,12,45,7,7,0,300
ablation,validation,2100,same_task_other,23,46,27,46,7,7,0,300
ablation,validation,2100,same_task_other,23,47,14,47,7,7,0,300
ablation,validation,2100,same_task_other,23,48,10,48,7,7,0,300
ablation,validation,2100,same_task_other,23,49,42,49,7,7,0,300
ablation,validation,2100,same_task_other,26,0,12,0,7,7,1,98
ablation,validation,2100,same_task_other,26,1,25,1,7,7,1,128
ablation,validation,2100,same_task_other,26,2,39,2,7,7,1,118
ablation,validation,2100,same_task_other,26,3,1,3,7,7,0,300
ablation,validation,2100,same_task_other,26,4,16,4,7,7,1,101
ablation,validation,2100,same_task_other,26,5,8,5,7,7,1,122
ablation,validation,2100,same_task_other,26,6,26,6,7,7,1,113
ablation,validation,2100,same_task_other,26,7,7,7,7,7,1,91
ablation,validation,2100,same_task_other,26,8,46,8,7,7,1,101
ablation,validation,2100,same_task_other,26,9,43,9,7,7,0,300
ablation,validation,2100,same_task_other,26,10,24,10,7,7,1,101
ablation,validation,2100,same_task_other,26,11,27,11,7,7,1,102
ablation,validation,2100,same_task_other,26,12,11,12,7,7,1,104
ablation,validation,2100,same_task_other,26,13,18,13,7,7,1,157
ablation,validation,2100,same_task_other,26,14,2,14,7,7,1,94
ablation,validation,2100,same_task_other,26,15,37,15,7,7,1,97
ablation,validation,2100,same_task_other,26,16,19,16,7,7,0,300
ablation,validation,2100,same_task_other,26,17,17,17,7,7,1,100
ablation,validation,2100,same_task_other,26,18,40,18,7,7,1,81
ablation,validation,2100,same_task_other,26,19,3,19,7,7,1,104
ablation,validation,2100,same_task_other,26,20,10,20,7,7,1,105
ablation,validation,2100,same_task_other,26,21,38,21,7,7,1,103
ablation,validation,2100,same_task_other,26,22,48,22,7,7,1,108
ablation,validation,2100,same_task_other,26,23,44,23,7,7,1,137
ablation,validation,2100,same_task_other,26,24,14,24,7,7,1,93
ablation,validation,2100,same_task_other,26,25,22,25,7,7,1,91
ablation,validation,2100,same_task_other,26,26,28,26,7,7,1,131
ablation,validation,2100,same_task_other,26,27,41,27,7,7,0,300
ablation,validation,2100,same_task_other,26,28,5,28,7,7,1,98
ablation,validation,2100,same_task_other,26,29,33,29,7,7,1,96
ablation,validation,2100,same_task_other,26,30,6,30,7,7,0,300
ablation,validation,2100,same_task_other,26,31,29,31,7,7,1,116
ablation,validation,2100,same_task_other,26,32,9,32,7,7,0,300
ablation,validation,2100,same_task_other,26,33,15,33,7,7,1,94
ablation,validation,2100,same_task_other,26,34,49,34,7,7,1,106
ablation,validation,2100,same_task_other,26,35,30,35,7,7,1,117
ablation,validation,2100,same_task_other,26,36,21,36,7,7,1,108
ablation,validation,2100,same_task_other,26,37,47,37,7,7,1,167
ablation,validation,2100,same_task_other,26,38,20,38,7,7,1,90
ablation,validation,2100,same_task_other,26,39,13,39,7,7,0,300
ablation,validation,2100,same_task_other,26,40,31,40,7,7,1,128
ablation,validation,2100,same_task_other,26,41,45,41,7,7,1,130
ablation,validation,2100,same_task_other,26,42,36,42,7,7,1,90
ablation,validation,2100,same_task_other,26,43,34,43,7,7,0,300
ablation,validation,2100,same_task_other,26,44,0,44,7,7,1,106
ablation,validation,2100,same_task_other,26,45,4,45,7,7,1,97
ablation,validation,2100,same_task_other,26,46,32,46,7,7,1,119
ablation,validation,2100,same_task_other,26,47,42,47,7,7,1,79
ablation,validation,2100,same_task_other,26,48,23,48,7,7,0,300
ablation,validation,2100,same_task_other,26,49,35,49,7,7,1,111
ablation,validation,2100,same_task_other,11,0,1,0,7,7,1,161
ablation,validation,2100,same_task_other,11,1,27,1,7,7,1,150
ablation,validation,2100,same_task_other,11,2,29,2,7,7,1,142
ablation,validation,2100,same_task_other,11,3,19,3,7,7,1,150
ablation,validation,2100,same_task_other,11,4,6,4,7,7,1,144
ablation,validation,2100,same_task_other,11,5,25,5,7,7,1,131
ablation,validation,2100,same_task_other,11,6,2,6,7,7,1,143
ablation,validation,2100,same_task_other,11,7,8,7,7,7,1,127
ablation,validation,2100,same_task_other,11,8,12,8,7,7,1,138
ablation,validation,2100,same_task_other,11,9,33,9,7,7,1,254
ablation,validation,2100,same_task_other,11,10,21,10,7,7,0,280
ablation,validation,2100,same_task_other,11,11,20,11,7,7,1,217
ablation,validation,2100,same_task_other,11,12,47,12,7,7,0,280
ablation,validation,2100,same_task_other,11,13,40,13,7,7,1,172
ablation,validation,2100,same_task_other,11,14,31,14,7,7,1,142
ablation,validation,2100,same_task_other,11,15,15,15,7,7,1,132
ablation,validation,2100,same_task_other,11,16,0,16,7,7,1,172
ablation,validation,2100,same_task_other,11,17,35,17,7,7,1,194
ablation,validation,2100,same_task_other,11,18,30,18,7,7,1,259
ablation,validation,2100,same_task_other,11,19,13,19,7,7,1,143
ablation,validation,2100,same_task_other,11,20,10,20,7,7,1,181
ablation,validation,2100,same_task_other,11,21,45,21,7,7,1,223
ablation,validation,2100,same_task_other,11,22,46,22,7,7,1,143
ablation,validation,2100,same_task_other,11,23,34,23,7,7,1,136
ablation,validation,2100,same_task_other,11,24,4,24,7,7,1,132
ablation,validation,2100,same_task_other,11,25,48,25,7,7,1,118
ablation,validation,2100,same_task_other,11,26,43,26,7,7,1,133
ablation,validation,2100,same_task_other,11,27,7,27,7,7,1,146
ablation,validation,2100,same_task_other,11,28,9,28,7,7,1,128
ablation,validation,2100,same_task_other,11,29,49,29,7,7,1,144
ablation,validation,2100,same_task_other,11,30,41,30,7,7,1,257
ablation,validation,2100,same_task_other,11,31,36,31,7,7,1,188
ablation,validation,2100,same_task_other,11,32,14,32,7,7,1,129
ablation,validation,2100,same_task_other,11,33,5,33,7,7,1,138
ablation,validation,2100,same_task_other,11,34,28,34,7,7,1,142
ablation,validation,2100,same_task_other,11,35,39,35,7,7,1,200
ablation,validation,2100,same_task_other,11,36,42,36,7,7,1,137
ablation,validation,2100,same_task_other,11,37,32,37,7,7,1,137
ablation,validation,2100,same_task_other,11,38,26,38,7,7,0,280
ablation,validation,2100,same_task_other,11,39,22,39,7,7,1,204
ablation,validation,2100,same_task_other,11,40,24,40,7,7,1,136
ablation,validation,2100,same_task_other,11,41,18,41,7,7,1,171
ablation,validation,2100,same_task_other,11,42,44,42,7,7,1,127
ablation,validation,2100,same_task_other,11,43,37,43,7,7,1,197
ablation,validation,2100,same_task_other,11,44,17,44,7,7,1,130
ablation,validation,2100,same_task_other,11,45,16,45,7,7,1,126
ablation,validation,2100,same_task_other,11,46,11,46,7,7,1,132
ablation,validation,2100,same_task_other,11,47,3,47,7,7,1,155
ablation,validation,2100,same_task_other,11,48,23,48,7,7,1,205
ablation,validation,2100,same_task_other,11,49,38,49,7,7,1,172
ablation,validation,2100,same_task_other,13,0,0,0,7,7,1,136
ablation,validation,2100,same_task_other,13,1,37,1,7,7,0,280
ablation,validation,2100,same_task_other,13,2,35,2,7,7,0,280
ablation,validation,2100,same_task_other,13,3,26,3,7,7,1,190
ablation,validation,2100,same_task_other,13,4,9,4,7,7,0,280
ablation,validation,2100,same_task_other,13,5,1,5,7,7,0,280
ablation,validation,2100,same_task_other,13,6,41,6,7,7,1,232
ablation,validation,2100,same_task_other,13,7,45,7,7,7,0,280
ablation,validation,2100,same_task_other,13,8,42,8,7,7,0,280
ablation,validation,2100,same_task_other,13,9,20,9,7,7,0,280
ablation,validation,2100,same_task_other,13,10,33,10,7,7,0,280
ablation,validation,2100,same_task_other,13,11,31,11,7,7,0,280
ablation,validation,2100,same_task_other,13,12,11,12,7,7,1,146
ablation,validation,2100,same_task_other,13,13,25,13,7,7,0,280
ablation,validation,2100,same_task_other,13,14,15,14,7,7,1,148
ablation,validation,2100,same_task_other,13,15,19,15,7,7,0,280
ablation,validation,2100,same_task_other,13,16,3,16,7,7,1,128
ablation,validation,2100,same_task_other,13,17,2,17,7,7,1,133
ablation,validation,2100,same_task_other,13,18,17,18,7,7,1,167
ablation,validation,2100,same_task_other,13,19,14,19,7,7,1,166
ablation,validation,2100,same_task_other,13,20,47,20,7,7,1,232
ablation,validation,2100,same_task_other,13,21,21,21,7,7,0,280
ablation,validation,2100,same_task_other,13,22,30,22,7,7,0,280
ablation,validation,2100,same_task_other,13,23,12,23,7,7,1,177
ablation,validation,2100,same_task_other,13,24,10,24,7,7,0,280
ablation,validation,2100,same_task_other,13,25,22,25,7,7,0,280
ablation,validation,2100,same_task_other,13,26,24,26,7,7,1,136
ablation,validation,2100,same_task_other,13,27,13,27,7,7,0,280
ablation,validation,2100,same_task_other,13,28,32,28,7,7,0,280
ablation,validation,2100,same_task_other,13,29,16,29,7,7,0,280
ablation,validation,2100,same_task_other,13,30,43,30,7,7,0,280
ablation,validation,2100,same_task_other,13,31,27,31,7,7,1,113
ablation,validation,2100,same_task_other,13,32,40,32,7,7,0,280
ablation,validation,2100,same_task_other,13,33,34,33,7,7,1,134
ablation,validation,2100,same_task_other,13,34,18,34,7,7,1,123
ablation,validation,2100,same_task_other,13,35,38,35,7,7,0,280
ablation,validation,2100,same_task_other,13,36,29,36,7,7,0,280
ablation,validation,2100,same_task_other,13,37,28,37,7,7,0,280
ablation,validation,2100,same_task_other,13,38,7,38,7,7,0,280
ablation,validation,2100,same_task_other,13,39,8,39,7,7,0,280
ablation,validation,2100,same_task_other,13,40,36,40,7,7,0,280
ablation,validation,2100,same_task_other,13,41,49,41,7,7,0,280
ablation,validation,2100,same_task_other,13,42,5,42,7,7,0,280
ablation,validation,2100,same_task_other,13,43,39,43,7,7,0,280
ablation,validation,2100,same_task_other,13,44,46,44,7,7,1,194
ablation,validation,2100,same_task_other,13,45,4,45,7,7,0,280
ablation,validation,2100,same_task_other,13,46,48,46,7,7,1,217
ablation,validation,2100,same_task_other,13,47,23,47,7,7,1,121
ablation,validation,2100,same_task_other,13,48,44,48,7,7,0,280
ablation,validation,2100,same_task_other,13,49,6,49,7,7,1,127
ablation,validation,2100,same_task_other,1,0,18,0,7,7,0,220
ablation,validation,2100,same_task_other,1,1,38,1,7,7,0,220
ablation,validation,2100,same_task_other,1,2,6,2,7,7,0,220
ablation,validation,2100,same_task_other,1,3,31,3,7,7,0,220
ablation,validation,2100,same_task_other,1,4,19,4,7,7,0,220
ablation,validation,2100,same_task_other,1,5,1,5,7,7,0,220
ablation,validation,2100,same_task_other,1,6,7,6,7,7,0,220
ablation,validation,2100,same_task_other,1,7,25,7,7,7,0,220
ablation,validation,2100,same_task_other,1,8,21,8,7,7,0,220
ablation,validation,2100,same_task_other,1,9,9,9,7,7,0,220
ablation,validation,2100,same_task_other,1,10,11,10,7,7,0,220
ablation,validation,2100,same_task_other,1,11,41,11,7,7,0,220
ablation,validation,2100,same_task_other,1,12,3,12,7,7,0,220
ablation,validation,2100,same_task_other,1,13,4,13,7,7,0,220
ablation,validation,2100,same_task_other,1,14,35,14,7,7,0,220
ablation,validation,2100,same_task_other,1,15,48,15,7,7,0,220
ablation,validation,2100,same_task_other,1,16,0,16,7,7,0,220
ablation,validation,2100,same_task_other,1,17,26,17,7,7,0,220
ablation,validation,2100,same_task_other,1,18,23,18,7,7,0,220
ablation,validation,2100,same_task_other,1,19,24,19,7,7,0,220
ablation,validation,2100,same_task_other,1,20,44,20,7,7,0,220
ablation,validation,2100,same_task_other,1,21,37,21,7,7,0,220
ablation,validation,2100,same_task_other,1,22,5,22,7,7,0,220
ablation,validation,2100,same_task_other,1,23,13,23,7,7,0,220
ablation,validation,2100,same_task_other,1,24,34,24,7,7,0,220
ablation,validation,2100,same_task_other,1,25,8,25,7,7,0,220
ablation,validation,2100,same_task_other,1,26,17,26,7,7,0,220
ablation,validation,2100,same_task_other,1,27,47,27,7,7,0,220
ablation,validation,2100,same_task_other,1,28,39,28,7,7,0,220
ablation,validation,2100,same_task_other,1,29,29,29,7,7,0,220
ablation,validation,2100,same_task_other,1,30,14,30,7,7,0,220
ablation,validation,2100,same_task_other,1,31,12,31,7,7,0,220
ablation,validation,2100,same_task_other,1,32,49,32,7,7,0,220
ablation,validation,2100,same_task_other,1,33,10,33,7,7,0,220
ablation,validation,2100,same_task_other,1,34,20,34,7,7,0,220
ablation,validation,2100,same_task_other,1,35,28,35,7,7,0,220
ablation,validation,2100,same_task_other,1,36,15,36,7,7,0,220
ablation,validation,2100,same_task_other,1,37,45,37,7,7,0,220
ablation,validation,2100,same_task_other,1,38,2,38,7,7,0,220
ablation,validation,2100,same_task_other,1,39,46,39,7,7,0,220
ablation,validation,2100,same_task_other,1,40,32,40,7,7,0,220
ablation,validation,2100,same_task_other,1,41,22,41,7,7,0,220
ablation,validation,2100,same_task_other,1,42,43,42,7,7,0,220
ablation,validation,2100,same_task_other,1,43,36,43,7,7,0,220
ablation,validation,2100,same_task_other,1,44,40,44,7,7,0,220
ablation,validation,2100,same_task_other,1,45,27,45,7,7,0,220
ablation,validation,2100,same_task_other,1,46,33,46,7,7,0,220
ablation,validation,2100,same_task_other,1,47,42,47,7,7,0,220
ablation,validation,2100,same_task_other,1,48,16,48,7,7,0,220
ablation,validation,2100,same_task_other,1,49,30,49,7,7,0,220
ablation,validation,2100,same_task_other,3,0,19,0,7,7,1,114
ablation,validation,2100,same_task_other,3,1,3,1,7,7,1,120
ablation,validation,2100,same_task_other,3,2,10,2,7,7,0,220
ablation,validation,2100,same_task_other,3,3,33,3,7,7,1,97
ablation,validation,2100,same_task_other,3,4,24,4,7,7,0,220
ablation,validation,2100,same_task_other,3,5,25,5,7,7,0,220
ablation,validation,2100,same_task_other,3,6,31,6,7,7,1,132
ablation,validation,2100,same_task_other,3,7,5,7,7,7,1,94
ablation,validation,2100,same_task_other,3,8,0,8,7,7,0,220
ablation,validation,2100,same_task_other,3,9,18,9,7,7,1,97
ablation,validation,2100,same_task_other,3,10,38,10,7,7,1,133
ablation,validation,2100,same_task_other,3,11,22,11,7,7,1,98
ablation,validation,2100,same_task_other,3,12,16,12,7,7,1,108
ablation,validation,2100,same_task_other,3,13,46,13,7,7,1,116
ablation,validation,2100,same_task_other,3,14,41,14,7,7,1,154
ablation,validation,2100,same_task_other,3,15,27,15,7,7,1,87
ablation,validation,2100,same_task_other,3,16,11,16,7,7,0,220
ablation,validation,2100,same_task_other,3,17,32,17,7,7,1,103
ablation,validation,2100,same_task_other,3,18,36,18,7,7,0,220
ablation,validation,2100,same_task_other,3,19,6,19,7,7,1,90
ablation,validation,2100,same_task_other,3,20,23,20,7,7,0,220
ablation,validation,2100,same_task_other,3,21,47,21,7,7,1,97
ablation,validation,2100,same_task_other,3,22,45,22,7,7,1,98
ablation,validation,2100,same_task_other,3,23,1,23,7,7,1,110
ablation,validation,2100,same_task_other,3,24,20,24,7,7,1,105
ablation,validation,2100,same_task_other,3,25,12,25,7,7,0,220
ablation,validation,2100,same_task_other,3,26,49,26,7,7,1,112
ablation,validation,2100,same_task_other,3,27,39,27,7,7,0,220
ablation,validation,2100,same_task_other,3,28,37,28,7,7,0,220
ablation,validation,2100,same_task_other,3,29,40,29,7,7,1,93
ablation,validation,2100,same_task_other,3,30,26,30,7,7,0,220
ablation,validation,2100,same_task_other,3,31,17,31,7,7,1,128
ablation,validation,2100,same_task_other,3,32,21,32,7,7,1,77
ablation,validation,2100,same_task_other,3,33,14,33,7,7,0,220
ablation,validation,2100,same_task_other,3,34,48,34,7,7,1,96
ablation,validation,2100,same_task_other,3,35,44,35,7,7,1,147
ablation,validation,2100,same_task_other,3,36,34,36,7,7,0,220
ablation,validation,2100,same_task_other,3,37,8,37,7,7,1,103
ablation,validation,2100,same_task_other,3,38,42,38,7,7,1,115
ablation,validation,2100,same_task_other,3,39,2,39,7,7,1,93
ablation,validation,2100,same_task_other,3,40,13,40,7,7,1,111
ablation,validation,2100,same_task_other,3,41,7,41,7,7,0,220
ablation,validation,2100,same_task_other,3,42,9,42,7,7,1,94
ablation,validation,2100,same_task_other,3,43,15,43,7,7,1,90
ablation,validation,2100,same_task_other,3,44,43,44,7,7,0,220
ablation,validation,2100,same_task_other,3,45,28,45,7,7,1,96
ablation,validation,2100,same_task_other,3,46,35,46,7,7,0,220
ablation,validation,2100,same_task_other,3,47,30,47,7,7,1,133
ablation,validation,2100,same_task_other,3,48,29,48,7,7,1,107
ablation,validation,2100,same_task_other,3,49,4,49,7,7,1,111
