panel,step,condition,suite,task_id,init_state_id,env_seed,policy_seed_root,global_task_id,teacher_demo,video_ordinal,agentview_success,dual_success,agentview_steps,dual_steps
validation,900,correct,libero_10,1,0,7,7,31,47,0,0,1,520,294
validation,900,correct,libero_10,1,1,7,7,31,9,1,1,1,354,513
validation,900,correct,libero_10,1,2,7,7,31,3,2,0,1,520,273
validation,900,correct,libero_10,1,3,7,7,31,32,3,0,0,520,520
validation,900,correct,libero_10,1,4,7,7,31,15,4,1,0,348,520
validation,900,correct,libero_10,1,5,7,7,31,18,5,1,0,314,520
validation,900,correct,libero_10,1,6,7,7,31,34,6,1,1,366,496
validation,900,correct,libero_10,1,7,7,7,31,11,7,1,0,351,520
validation,900,correct,libero_10,1,8,7,7,31,31,8,1,1,333,370
validation,900,correct,libero_10,1,9,7,7,31,45,9,1,0,321,520
validation,900,correct,libero_10,1,10,7,7,31,49,10,1,1,323,456
validation,900,correct,libero_10,1,11,7,7,31,28,11,1,1,302,399
validation,900,correct,libero_10,1,12,7,7,31,39,12,0,1,520,287
validation,900,correct,libero_10,1,13,7,7,31,43,13,1,0,282,520
validation,900,correct,libero_10,1,14,7,7,31,12,14,1,1,458,451
validation,900,correct,libero_10,1,15,7,7,31,38,15,0,0,520,520
validation,900,correct,libero_10,1,16,7,7,31,35,16,1,0,281,520
validation,900,correct,libero_10,1,17,7,7,31,33,17,0,0,520,520
validation,900,correct,libero_10,1,18,7,7,31,42,18,1,1,481,350
validation,900,correct,libero_10,1,19,7,7,31,24,19,1,0,272,520
validation,900,correct,libero_10,1,20,7,7,31,21,20,1,1,365,373
validation,900,correct,libero_10,1,21,7,7,31,23,21,1,1,313,318
validation,900,correct,libero_10,1,22,7,7,31,2,22,1,0,326,520
validation,900,correct,libero_10,1,23,7,7,31,48,23,1,0,347,520
validation,900,correct,libero_10,1,24,7,7,31,0,24,1,0,396,520
validation,900,correct,libero_10,1,25,7,7,31,7,25,1,0,347,520
validation,900,correct,libero_10,1,26,7,7,31,37,26,0,1,520,348
validation,900,correct,libero_10,1,27,7,7,31,4,27,1,0,317,520
validation,900,correct,libero_10,1,28,7,7,31,20,28,0,0,520,520
validation,900,correct,libero_10,1,29,7,7,31,25,29,1,1,353,298
validation,900,correct,libero_10,1,30,7,7,31,46,30,1,1,261,265
validation,900,correct,libero_10,1,31,7,7,31,22,31,1,0,421,520
validation,900,correct,libero_10,1,32,7,7,31,41,32,1,0,511,520
validation,900,correct,libero_10,1,33,7,7,31,40,33,0,0,520,520
validation,900,correct,libero_10,1,34,7,7,31,13,34,1,1,354,399
validation,900,correct,libero_10,1,35,7,7,31,16,35,1,0,330,520
validation,900,correct,libero_10,1,36,7,7,31,10,36,0,1,520,433
validation,900,correct,libero_10,1,37,7,7,31,17,37,1,1,282,380
validation,900,correct,libero_10,1,38,7,7,31,6,38,0,0,520,520
validation,900,correct,libero_10,1,39,7,7,31,27,39,1,1,319,393
validation,900,correct,libero_10,1,40,7,7,31,36,40,0,0,520,520
validation,900,correct,libero_10,1,41,7,7,31,26,41,0,1,520,417
validation,900,correct,libero_10,1,42,7,7,31,44,42,0,0,520,520
validation,900,correct,libero_10,1,43,7,7,31,19,43,1,0,289,520
validation,900,correct,libero_10,1,44,7,7,31,14,44,1,0,279,520
validation,900,correct,libero_10,1,45,7,7,31,8,45,0,1,520,483
validation,900,correct,libero_10,1,46,7,7,31,5,46,0,1,520,408
validation,900,correct,libero_10,1,47,7,7,31,30,47,0,0,520,520
validation,900,correct,libero_10,1,48,7,7,31,29,48,0,0,520,520
validation,900,correct,libero_10,1,49,7,7,31,1,49,1,0,397,520
validation,900,correct,libero_10,2,0,7,7,32,16,0,0,0,520,520
validation,900,correct,libero_10,2,1,7,7,32,35,1,0,0,520,520
validation,900,correct,libero_10,2,2,7,7,32,12,2,0,0,520,520
validation,900,correct,libero_10,2,3,7,7,32,8,3,0,0,520,520
validation,900,correct,libero_10,2,4,7,7,32,37,4,0,0,520,520
validation,900,correct,libero_10,2,5,7,7,32,42,5,0,0,520,520
validation,900,correct,libero_10,2,6,7,7,32,15,6,0,0,520,520
validation,900,correct,libero_10,2,7,7,7,32,43,7,0,0,520,520
validation,900,correct,libero_10,2,8,7,7,32,33,8,0,0,520,520
validation,900,correct,libero_10,2,9,7,7,32,25,9,0,0,520,520
validation,900,correct,libero_10,2,10,7,7,32,3,10,0,0,520,520
validation,900,correct,libero_10,2,11,7,7,32,29,11,0,0,520,520
validation,900,correct,libero_10,2,12,7,7,32,24,12,0,0,520,520
validation,900,correct,libero_10,2,13,7,7,32,28,13,0,0,520,520
validation,900,correct,libero_10,2,14,7,7,32,47,14,0,0,520,520
validation,900,correct,libero_10,2,15,7,7,32,36,15,0,0,520,520
validation,900,correct,libero_10,2,16,7,7,32,18,16,0,0,520,520
validation,900,correct,libero_10,2,17,7,7,32,46,17,0,0,520,520
validation,900,correct,libero_10,2,18,7,7,32,39,18,0,0,520,520
validation,900,correct,libero_10,2,19,7,7,32,31,19,0,0,520,520
validation,900,correct,libero_10,2,20,7,7,32,32,20,0,0,520,520
validation,900,correct,libero_10,2,21,7,7,32,34,21,0,0,520,520
validation,900,correct,libero_10,2,22,7,7,32,19,22,0,0,520,520
validation,900,correct,libero_10,2,23,7,7,32,49,23,0,0,520,520
validation,900,correct,libero_10,2,24,7,7,32,45,24,0,0,520,520
validation,900,correct,libero_10,2,25,7,7,32,21,25,0,0,520,520
validation,900,correct,libero_10,2,26,7,7,32,44,26,0,0,520,520
validation,900,correct,libero_10,2,27,7,7,32,2,27,0,0,520,520
validation,900,correct,libero_10,2,28,7,7,32,38,28,0,0,520,520
validation,900,correct,libero_10,2,29,7,7,32,5,29,0,0,520,520
validation,900,correct,libero_10,2,30,7,7,32,1,30,0,0,520,520
validation,900,correct,libero_10,2,31,7,7,32,27,31,0,0,520,520
validation,900,correct,libero_10,2,32,7,7,32,7,32,0,0,520,520
validation,900,correct,libero_10,2,33,7,7,32,13,33,0,0,520,520
validation,900,correct,libero_10,2,34,7,7,32,23,34,0,0,520,520
validation,900,correct,libero_10,2,35,7,7,32,11,35,0,0,520,520
validation,900,correct,libero_10,2,36,7,7,32,9,36,0,0,520,520
validation,900,correct,libero_10,2,37,7,7,32,0,37,0,0,520,520
validation,900,correct,libero_10,2,38,7,7,32,10,38,0,0,520,520
validation,900,correct,libero_10,2,39,7,7,32,26,39,0,0,520,520
validation,900,correct,libero_10,2,40,7,7,32,4,40,0,0,520,520
validation,900,correct,libero_10,2,41,7,7,32,30,41,0,0,520,520
validation,900,correct,libero_10,2,42,7,7,32,40,42,0,0,520,520
validation,900,correct,libero_10,2,43,7,7,32,22,43,0,0,520,520
validation,900,correct,libero_10,2,44,7,7,32,41,44,0,0,520,520
validation,900,correct,libero_10,2,45,7,7,32,17,45,0,0,520,520
validation,900,correct,libero_10,2,46,7,7,32,20,46,0,0,520,520
validation,900,correct,libero_10,2,47,7,7,32,14,47,0,0,520,520
validation,900,correct,libero_10,2,48,7,7,32,48,48,0,0,520,520
validation,900,correct,libero_10,2,49,7,7,32,6,49,0,0,520,520
validation,900,correct,libero_goal,3,0,7,7,23,35,0,0,0,300,300
validation,900,correct,libero_goal,3,1,7,7,23,13,1,0,0,300,300
validation,900,correct,libero_goal,3,2,7,7,23,15,2,0,0,300,300
validation,900,correct,libero_goal,3,3,7,7,23,8,3,0,0,300,300
validation,900,correct,libero_goal,3,4,7,7,23,34,4,0,0,300,300
validation,900,correct,libero_goal,3,5,7,7,23,28,5,0,0,300,300
validation,900,correct,libero_goal,3,6,7,7,23,29,6,0,0,300,300
validation,900,correct,libero_goal,3,7,7,7,23,19,7,0,0,300,300
validation,900,correct,libero_goal,3,8,7,7,23,17,8,0,0,300,300
validation,900,correct,libero_goal,3,9,7,7,23,2,9,0,0,300,300
validation,900,correct,libero_goal,3,10,7,7,23,0,10,0,0,300,300
validation,900,correct,libero_goal,3,11,7,7,23,31,11,0,0,300,300
validation,900,correct,libero_goal,3,12,7,7,23,3,12,0,0,300,300
validation,900,correct,libero_goal,3,13,7,7,23,30,13,0,0,300,300
validation,900,correct,libero_goal,3,14,7,7,23,5,14,0,0,300,300
validation,900,correct,libero_goal,3,15,7,7,23,26,15,0,0,300,300
validation,900,correct,libero_goal,3,16,7,7,23,4,16,0,0,300,300
validation,900,correct,libero_goal,3,17,7,7,23,9,17,0,0,300,300
validation,900,correct,libero_goal,3,18,7,7,23,14,18,0,0,300,300
validation,900,correct,libero_goal,3,19,7,7,23,12,19,0,0,300,300
validation,900,correct,libero_goal,3,20,7,7,23,27,20,0,0,300,300
validation,900,correct,libero_goal,3,21,7,7,23,32,21,0,0,300,300
validation,900,correct,libero_goal,3,22,7,7,23,36,22,0,0,300,300
validation,900,correct,libero_goal,3,23,7,7,23,44,23,0,0,300,300
validation,900,correct,libero_goal,3,24,7,7,23,46,24,0,0,300,300
validation,900,correct,libero_goal,3,25,7,7,23,11,25,0,0,300,300
validation,900,correct,libero_goal,3,26,7,7,23,41,26,0,0,300,300
validation,900,correct,libero_goal,3,27,7,7,23,16,27,0,0,300,300
validation,900,correct,libero_goal,3,28,7,7,23,48,28,0,0,300,300
validation,900,correct,libero_goal,3,29,7,7,23,23,29,0,0,300,300
validation,900,correct,libero_goal,3,30,7,7,23,21,30,0,0,300,300
validation,900,correct,libero_goal,3,31,7,7,23,38,31,0,0,300,300
validation,900,correct,libero_goal,3,32,7,7,23,22,32,0,0,300,300
validation,900,correct,libero_goal,3,33,7,7,23,39,33,0,0,300,300
validation,900,correct,libero_goal,3,34,7,7,23,42,34,0,0,300,300
validation,900,correct,libero_goal,3,35,7,7,23,18,35,0,0,300,300
validation,900,correct,libero_goal,3,36,7,7,23,6,36,0,0,300,300
validation,900,correct,libero_goal,3,37,7,7,23,49,37,0,0,300,300
validation,900,correct,libero_goal,3,38,7,7,23,33,38,0,0,300,300
validation,900,correct,libero_goal,3,39,7,7,23,37,39,0,0,300,300
validation,900,correct,libero_goal,3,40,7,7,23,24,40,0,0,300,300
validation,900,correct,libero_goal,3,41,7,7,23,7,41,0,0,300,300
validation,900,correct,libero_goal,3,42,7,7,23,40,42,0,0,300,300
validation,900,correct,libero_goal,3,43,7,7,23,1,43,0,0,300,300
validation,900,correct,libero_goal,3,44,7,7,23,20,44,0,0,300,300
validation,900,correct,libero_goal,3,45,7,7,23,45,45,0,0,300,300
validation,900,correct,libero_goal,3,46,7,7,23,10,46,0,0,300,300
validation,900,correct,libero_goal,3,47,7,7,23,47,47,0,0,300,300
validation,900,correct,libero_goal,3,48,7,7,23,43,48,0,0,300,300
validation,900,correct,libero_goal,3,49,7,7,23,25,49,0,0,300,300
validation,900,correct,libero_goal,6,0,7,7,26,45,0,1,1,97,116
validation,900,correct,libero_goal,6,1,7,7,26,8,1,1,0,91,300
validation,900,correct,libero_goal,6,2,7,7,26,22,2,0,1,300,137
validation,900,correct,libero_goal,6,3,7,7,26,34,3,1,0,94,300
validation,900,correct,libero_goal,6,4,7,7,26,49,4,1,1,84,109
validation,900,correct,libero_goal,6,5,7,7,26,41,5,1,0,100,300
validation,900,correct,libero_goal,6,6,7,7,26,9,6,1,1,107,117
validation,900,correct,libero_goal,6,7,7,7,26,40,7,1,1,73,111
validation,900,correct,libero_goal,6,8,7,7,26,29,8,1,1,101,122
validation,900,correct,libero_goal,6,9,7,7,26,26,9,1,1,92,142
validation,900,correct,libero_goal,6,10,7,7,26,7,10,0,0,300,300
validation,900,correct,libero_goal,6,11,7,7,26,10,11,1,1,100,122
validation,900,correct,libero_goal,6,12,7,7,26,44,12,1,0,92,300
validation,900,correct,libero_goal,6,13,7,7,26,1,13,1,1,75,112
validation,900,correct,libero_goal,6,14,7,7,26,35,14,1,1,142,120
validation,900,correct,libero_goal,6,15,7,7,26,20,15,1,1,90,178
validation,900,correct,libero_goal,6,16,7,7,26,2,16,0,0,300,300
validation,900,correct,libero_goal,6,17,7,7,26,0,17,1,0,94,300
validation,900,correct,libero_goal,6,18,7,7,26,23,18,1,1,98,114
validation,900,correct,libero_goal,6,19,7,7,26,36,19,1,0,151,300
validation,900,correct,libero_goal,6,20,7,7,26,43,20,1,1,97,127
validation,900,correct,libero_goal,6,21,7,7,26,21,21,1,1,103,138
validation,900,correct,libero_goal,6,22,7,7,26,31,22,1,1,95,122
validation,900,correct,libero_goal,6,23,7,7,26,27,23,0,1,300,147
validation,900,correct,libero_goal,6,24,7,7,26,47,24,1,0,90,300
validation,900,correct,libero_goal,6,25,7,7,26,5,25,0,1,300,127
validation,900,correct,libero_goal,6,26,7,7,26,11,26,1,0,114,300
validation,900,correct,libero_goal,6,27,7,7,26,24,27,1,0,82,300
validation,900,correct,libero_goal,6,28,7,7,26,38,28,1,1,85,116
validation,900,correct,libero_goal,6,29,7,7,26,16,29,1,1,83,131
validation,900,correct,libero_goal,6,30,7,7,26,39,30,1,1,88,117
validation,900,correct,libero_goal,6,31,7,7,26,12,31,0,1,300,142
validation,900,correct,libero_goal,6,32,7,7,26,42,32,1,0,97,300
validation,900,correct,libero_goal,6,33,7,7,26,48,33,1,1,81,114
validation,900,correct,libero_goal,6,34,7,7,26,32,34,1,1,151,115
validation,900,correct,libero_goal,6,35,7,7,26,13,35,1,1,118,123
validation,900,correct,libero_goal,6,36,7,7,26,4,36,1,1,92,113
validation,900,correct,libero_goal,6,37,7,7,26,30,37,1,1,107,123
validation,900,correct,libero_goal,6,38,7,7,26,3,38,1,1,80,102
validation,900,correct,libero_goal,6,39,7,7,26,46,39,1,1,95,121
validation,900,correct,libero_goal,6,40,7,7,26,14,40,1,0,292,300
validation,900,correct,libero_goal,6,41,7,7,26,28,41,1,1,97,142
validation,900,correct,libero_goal,6,42,7,7,26,19,42,1,1,83,136
validation,900,correct,libero_goal,6,43,7,7,26,17,43,1,0,90,300
validation,900,correct,libero_goal,6,44,7,7,26,33,44,1,1,95,125
validation,900,correct,libero_goal,6,45,7,7,26,37,45,1,1,95,120
validation,900,correct,libero_goal,6,46,7,7,26,15,46,1,1,95,192
validation,900,correct,libero_goal,6,47,7,7,26,25,47,0,1,300,117
validation,900,correct,libero_goal,6,48,7,7,26,6,48,0,0,300,300
validation,900,correct,libero_goal,6,49,7,7,26,18,49,1,0,99,300
validation,900,correct,libero_object,1,0,7,7,11,34,0,1,1,113,251
validation,900,correct,libero_object,1,1,7,7,11,10,1,1,0,150,280
validation,900,correct,libero_object,1,2,7,7,11,12,2,1,1,211,247
validation,900,correct,libero_object,1,3,7,7,11,2,3,1,1,134,149
validation,900,correct,libero_object,1,4,7,7,11,39,4,1,1,139,230
validation,900,correct,libero_object,1,5,7,7,11,8,5,1,1,132,222
validation,900,correct,libero_object,1,6,7,7,11,35,6,1,0,225,280
validation,900,correct,libero_object,1,7,7,7,11,41,7,1,1,111,147
validation,900,correct,libero_object,1,8,7,7,11,45,8,1,0,132,280
validation,900,correct,libero_object,1,9,7,7,11,16,9,1,0,128,280
validation,900,correct,libero_object,1,10,7,7,11,4,10,1,1,224,242
validation,900,correct,libero_object,1,11,7,7,11,3,11,1,1,141,139
validation,900,correct,libero_object,1,12,7,7,11,30,12,0,0,280,280
validation,900,correct,libero_object,1,13,7,7,11,23,13,1,1,205,173
validation,900,correct,libero_object,1,14,7,7,11,14,14,1,0,187,280
validation,900,correct,libero_object,1,15,7,7,11,48,15,1,1,127,137
validation,900,correct,libero_object,1,16,7,7,11,33,16,1,1,133,194
validation,900,correct,libero_object,1,17,7,7,11,18,17,1,1,214,243
validation,900,correct,libero_object,1,18,7,7,11,13,18,1,1,188,225
validation,900,correct,libero_object,1,19,7,7,11,46,19,1,1,127,157
validation,900,correct,libero_object,1,20,7,7,11,43,20,1,0,271,280
validation,900,correct,libero_object,1,21,7,7,11,28,21,1,0,188,280
validation,900,correct,libero_object,1,22,7,7,11,29,22,1,1,134,195
validation,900,correct,libero_object,1,23,7,7,11,17,23,1,1,124,217
validation,900,correct,libero_object,1,24,7,7,11,37,24,1,1,117,132
validation,900,correct,libero_object,1,25,7,7,11,31,25,1,0,117,280
validation,900,correct,libero_object,1,26,7,7,11,26,26,1,1,120,133
validation,900,correct,libero_object,1,27,7,7,11,40,27,1,1,152,148
validation,900,correct,libero_object,1,28,7,7,11,42,28,1,1,193,222
validation,900,correct,libero_object,1,29,7,7,11,32,29,1,1,139,152
validation,900,correct,libero_object,1,30,7,7,11,24,30,1,1,192,205
validation,900,correct,libero_object,1,31,7,7,11,19,31,1,0,197,280
validation,900,correct,libero_object,1,32,7,7,11,47,32,1,1,123,248
validation,900,correct,libero_object,1,33,7,7,11,38,33,1,1,122,127
validation,900,correct,libero_object,1,34,7,7,11,11,34,1,0,142,280
validation,900,correct,libero_object,1,35,7,7,11,22,35,1,1,148,237
validation,900,correct,libero_object,1,36,7,7,11,25,36,1,1,124,202
validation,900,correct,libero_object,1,37,7,7,11,15,37,1,1,171,171
validation,900,correct,libero_object,1,38,7,7,11,9,38,0,0,280,280
validation,900,correct,libero_object,1,39,7,7,11,5,39,1,1,137,140
validation,900,correct,libero_object,1,40,7,7,11,7,40,1,1,133,205
validation,900,correct,libero_object,1,41,7,7,11,1,41,1,1,127,223
validation,900,correct,libero_object,1,42,7,7,11,27,42,1,1,117,133
validation,900,correct,libero_object,1,43,7,7,11,20,43,0,0,280,280
validation,900,correct,libero_object,1,44,7,7,11,0,44,1,1,129,143
validation,900,correct,libero_object,1,45,7,7,11,49,45,1,1,124,183
validation,900,correct,libero_object,1,46,7,7,11,44,46,1,1,113,180
validation,900,correct,libero_object,1,47,7,7,11,36,47,1,1,122,149
validation,900,correct,libero_object,1,48,7,7,11,6,48,0,1,280,219
validation,900,correct,libero_object,1,49,7,7,11,21,49,1,0,263,280
validation,900,correct,libero_object,3,0,7,7,13,33,0,0,0,280,280
validation,900,correct,libero_object,3,1,7,7,13,20,1,1,0,127,280
validation,900,correct,libero_object,3,2,7,7,13,18,2,0,0,280,280
validation,900,correct,libero_object,3,3,7,7,13,9,3,0,0,280,280
validation,900,correct,libero_object,3,4,7,7,13,42,4,0,0,280,280
validation,900,correct,libero_object,3,5,7,7,13,34,5,0,0,280,280
validation,900,correct,libero_object,3,6,7,7,13,24,6,0,0,280,280
validation,900,correct,libero_object,3,7,7,7,13,28,7,0,0,280,280
validation,900,correct,libero_object,3,8,7,7,13,25,8,0,0,280,280
validation,900,correct,libero_object,3,9,7,7,13,3,9,1,1,127,137
validation,900,correct,libero_object,3,10,7,7,13,16,10,0,1,280,144
validation,900,correct,libero_object,3,11,7,7,13,14,11,0,0,280,280
validation,900,correct,libero_object,3,12,7,7,13,44,12,1,0,133,280
validation,900,correct,libero_object,3,13,7,7,13,8,13,0,0,280,280
validation,900,correct,libero_object,3,14,7,7,13,48,14,0,1,280,203
validation,900,correct,libero_object,3,15,7,7,13,2,15,1,1,123,208
validation,900,correct,libero_object,3,16,7,7,13,36,16,0,1,280,128
validation,900,correct,libero_object,3,17,7,7,13,35,17,0,1,280,137
validation,900,correct,libero_object,3,18,7,7,13,0,18,1,1,105,112
validation,900,correct,libero_object,3,19,7,7,13,47,19,0,0,280,280
validation,900,correct,libero_object,3,20,7,7,13,30,20,0,1,280,141
validation,900,correct,libero_object,3,21,7,7,13,4,21,1,0,131,280
validation,900,correct,libero_object,3,22,7,7,13,13,22,1,1,197,194
validation,900,correct,libero_object,3,23,7,7,13,45,23,1,0,155,280
validation,900,correct,libero_object,3,24,7,7,13,43,24,0,1,280,133
validation,900,correct,libero_object,3,25,7,7,13,5,25,0,0,280,280
validation,900,correct,libero_object,3,26,7,7,13,7,26,0,0,280,280
validation,900,correct,libero_object,3,27,7,7,13,46,27,0,0,280,280
validation,900,correct,libero_object,3,28,7,7,13,15,28,0,0,280,280
validation,900,correct,libero_object,3,29,7,7,13,49,29,0,0,280,280
validation,900,correct,libero_object,3,30,7,7,13,26,30,0,0,280,280
validation,900,correct,libero_object,3,31,7,7,13,10,31,1,0,246,280
validation,900,correct,libero_object,3,32,7,7,13,23,32,0,0,280,280
validation,900,correct,libero_object,3,33,7,7,13,17,33,0,0,280,280
validation,900,correct,libero_object,3,34,7,7,13,1,34,1,1,230,124
validation,900,correct,libero_object,3,35,7,7,13,21,35,0,0,280,280
validation,900,correct,libero_object,3,36,7,7,13,12,36,0,0,280,280
validation,900,correct,libero_object,3,37,7,7,13,11,37,0,1,280,135
validation,900,correct,libero_object,3,38,7,7,13,40,38,1,1,131,137
validation,900,correct,libero_object,3,39,7,7,13,41,39,0,1,280,127
validation,900,correct,libero_object,3,40,7,7,13,19,40,0,1,280,118
validation,900,correct,libero_object,3,41,7,7,13,32,41,0,0,280,280
validation,900,correct,libero_object,3,42,7,7,13,38,42,0,0,280,280
validation,900,correct,libero_object,3,43,7,7,13,22,43,0,0,280,280
validation,900,correct,libero_object,3,44,7,7,13,29,44,1,0,142,280
validation,900,correct,libero_object,3,45,7,7,13,37,45,1,0,271,280
validation,900,correct,libero_object,3,46,7,7,13,31,46,0,1,280,130
validation,900,correct,libero_object,3,47,7,7,13,6,47,0,0,280,280
validation,900,correct,libero_object,3,48,7,7,13,27,48,0,0,280,280
validation,900,correct,libero_object,3,49,7,7,13,39,49,1,0,118,280
validation,900,correct,libero_spatial,1,0,7,7,1,1,0,0,0,220,220
validation,900,correct,libero_spatial,1,1,7,7,1,21,1,0,0,220,220
validation,900,correct,libero_spatial,1,2,7,7,1,39,2,0,0,220,220
validation,900,correct,libero_spatial,1,3,7,7,1,14,3,0,0,220,220
validation,900,correct,libero_spatial,1,4,7,7,1,2,4,0,0,220,220
validation,900,correct,libero_spatial,1,5,7,7,1,34,5,0,0,220,220
validation,900,correct,libero_spatial,1,6,7,7,1,40,6,0,0,220,220
validation,900,correct,libero_spatial,1,7,7,7,1,8,7,0,0,220,220
validation,900,correct,libero_spatial,1,8,7,7,1,4,8,0,0,220,220
validation,900,correct,libero_spatial,1,9,7,7,1,42,9,0,0,220,220
validation,900,correct,libero_spatial,1,10,7,7,1,44,10,0,0,220,220
validation,900,correct,libero_spatial,1,11,7,7,1,24,11,0,0,220,220
validation,900,correct,libero_spatial,1,12,7,7,1,36,12,0,0,220,220
validation,900,correct,libero_spatial,1,13,7,7,1,37,13,0,0,220,220
validation,900,correct,libero_spatial,1,14,7,7,1,18,14,0,0,220,220
validation,900,correct,libero_spatial,1,15,7,7,1,31,15,0,0,220,220
validation,900,correct,libero_spatial,1,16,7,7,1,33,16,0,0,220,220
validation,900,correct,libero_spatial,1,17,7,7,1,9,17,0,0,220,220
validation,900,correct,libero_spatial,1,18,7,7,1,6,18,0,0,220,220
validation,900,correct,libero_spatial,1,19,7,7,1,7,19,0,0,220,220
validation,900,correct,libero_spatial,1,20,7,7,1,27,20,0,0,220,220
validation,900,correct,libero_spatial,1,21,7,7,1,20,21,0,0,220,220
validation,900,correct,libero_spatial,1,22,7,7,1,38,22,0,0,220,220
validation,900,correct,libero_spatial,1,23,7,7,1,46,23,0,0,220,220
validation,900,correct,libero_spatial,1,24,7,7,1,17,24,0,0,220,220
validation,900,correct,libero_spatial,1,25,7,7,1,41,25,0,0,220,220
validation,900,correct,libero_spatial,1,26,7,7,1,0,26,0,0,220,220
validation,900,correct,libero_spatial,1,27,7,7,1,30,27,0,0,220,220
validation,900,correct,libero_spatial,1,28,7,7,1,22,28,0,0,220,220
validation,900,correct,libero_spatial,1,29,7,7,1,12,29,0,0,220,220
validation,900,correct,libero_spatial,1,30,7,7,1,47,30,0,0,220,220
validation,900,correct,libero_spatial,1,31,7,7,1,45,31,0,0,220,220
validation,900,correct,libero_spatial,1,32,7,7,1,32,32,0,0,220,220
validation,900,correct,libero_spatial,1,33,7,7,1,43,33,0,0,220,220
validation,900,correct,libero_spatial,1,34,7,7,1,3,34,0,0,220,220
validation,900,correct,libero_spatial,1,35,7,7,1,11,35,0,0,220,220
validation,900,correct,libero_spatial,1,36,7,7,1,48,36,0,0,220,220
validation,900,correct,libero_spatial,1,37,7,7,1,28,37,0,0,220,220
validation,900,correct,libero_spatial,1,38,7,7,1,35,38,0,0,220,220
validation,900,correct,libero_spatial,1,39,7,7,1,29,39,0,0,220,220
validation,900,correct,libero_spatial,1,40,7,7,1,15,40,0,0,220,220
validation,900,correct,libero_spatial,1,41,7,7,1,5,41,0,0,220,220
validation,900,correct,libero_spatial,1,42,7,7,1,26,42,0,0,220,220
validation,900,correct,libero_spatial,1,43,7,7,1,19,43,0,0,220,220
validation,900,correct,libero_spatial,1,44,7,7,1,23,44,0,0,220,220
validation,900,correct,libero_spatial,1,45,7,7,1,10,45,0,0,220,220
validation,900,correct,libero_spatial,1,46,7,7,1,16,46,0,0,220,220
validation,900,correct,libero_spatial,1,47,7,7,1,25,47,0,0,220,220
validation,900,correct,libero_spatial,1,48,7,7,1,49,48,0,0,220,220
validation,900,correct,libero_spatial,1,49,7,7,1,13,49,0,0,220,220
validation,900,correct,libero_spatial,3,0,7,7,3,2,0,1,0,118,220
validation,900,correct,libero_spatial,3,1,7,7,3,36,1,1,0,137,220
validation,900,correct,libero_spatial,3,2,7,7,3,43,2,1,0,133,220
validation,900,correct,libero_spatial,3,3,7,7,3,16,3,0,0,220,220
validation,900,correct,libero_spatial,3,4,7,7,3,7,4,0,0,220,220
validation,900,correct,libero_spatial,3,5,7,7,3,8,5,0,0,220,220
validation,900,correct,libero_spatial,3,6,7,7,3,14,6,0,0,220,220
validation,900,correct,libero_spatial,3,7,7,7,3,38,7,0,0,220,220
validation,900,correct,libero_spatial,3,8,7,7,3,33,8,0,0,220,220
validation,900,correct,libero_spatial,3,9,7,7,3,1,9,0,0,220,220
validation,900,correct,libero_spatial,3,10,7,7,3,21,10,0,0,220,220
validation,900,correct,libero_spatial,3,11,7,7,3,5,11,1,0,112,220
validation,900,correct,libero_spatial,3,12,7,7,3,49,12,0,0,220,220
validation,900,correct,libero_spatial,3,13,7,7,3,29,13,0,0,220,220
validation,900,correct,libero_spatial,3,14,7,7,3,24,14,1,1,102,106
validation,900,correct,libero_spatial,3,15,7,7,3,10,15,1,1,87,94
validation,900,correct,libero_spatial,3,16,7,7,3,44,16,0,0,220,220
validation,900,correct,libero_spatial,3,17,7,7,3,15,17,0,0,220,220
validation,900,correct,libero_spatial,3,18,7,7,3,19,18,0,0,220,220
validation,900,correct,libero_spatial,3,19,7,7,3,39,19,0,0,220,220
validation,900,correct,libero_spatial,3,20,7,7,3,6,20,0,0,220,220
validation,900,correct,libero_spatial,3,21,7,7,3,30,21,1,1,108,98
validation,900,correct,libero_spatial,3,22,7,7,3,28,22,0,0,220,220
validation,900,correct,libero_spatial,3,23,7,7,3,34,23,0,0,220,220
validation,900,correct,libero_spatial,3,24,7,7,3,3,24,1,0,111,220
validation,900,correct,libero_spatial,3,25,7,7,3,45,25,0,0,220,220
validation,900,correct,libero_spatial,3,26,7,7,3,32,26,0,0,220,220
validation,900,correct,libero_spatial,3,27,7,7,3,22,27,0,0,220,220
validation,900,correct,libero_spatial,3,28,7,7,3,20,28,0,1,220,196
validation,900,correct,libero_spatial,3,29,7,7,3,23,29,0,0,220,220
validation,900,correct,libero_spatial,3,30,7,7,3,9,30,1,0,196,220
validation,900,correct,libero_spatial,3,31,7,7,3,0,31,0,0,220,220
validation,900,correct,libero_spatial,3,32,7,7,3,4,32,0,1,220,88
validation,900,correct,libero_spatial,3,33,7,7,3,47,33,0,0,220,220
validation,900,correct,libero_spatial,3,34,7,7,3,31,34,1,1,119,100
validation,900,correct,libero_spatial,3,35,7,7,3,27,35,0,0,220,220
validation,900,correct,libero_spatial,3,36,7,7,3,17,36,0,0,220,220
validation,900,correct,libero_spatial,3,37,7,7,3,41,37,1,0,112,220
validation,900,correct,libero_spatial,3,38,7,7,3,25,38,1,1,109,149
validation,900,correct,libero_spatial,3,39,7,7,3,35,39,0,0,220,220
validation,900,correct,libero_spatial,3,40,7,7,3,46,40,0,0,220,220
validation,900,correct,libero_spatial,3,41,7,7,3,40,41,0,0,220,220
validation,900,correct,libero_spatial,3,42,7,7,3,42,42,0,0,220,220
validation,900,correct,libero_spatial,3,43,7,7,3,48,43,1,1,197,201
validation,900,correct,libero_spatial,3,44,7,7,3,26,44,1,0,116,220
validation,900,correct,libero_spatial,3,45,7,7,3,11,45,1,1,104,104
validation,900,correct,libero_spatial,3,46,7,7,3,18,46,0,0,220,220
validation,900,correct,libero_spatial,3,47,7,7,3,13,47,0,0,220,220
validation,900,correct,libero_spatial,3,48,7,7,3,12,48,0,0,220,220
validation,900,correct,libero_spatial,3,49,7,7,3,37,49,0,0,220,220
validation,1200,correct,libero_10,1,0,7,7,31,47,0,0,0,520,520
validation,1200,correct,libero_10,1,1,7,7,31,9,1,0,0,520,520
validation,1200,correct,libero_10,1,2,7,7,31,3,2,0,0,520,520
validation,1200,correct,libero_10,1,3,7,7,31,32,3,0,1,520,338
validation,1200,correct,libero_10,1,4,7,7,31,15,4,1,0,493,520
validation,1200,correct,libero_10,1,5,7,7,31,18,5,0,0,520,520
validation,1200,correct,libero_10,1,6,7,7,31,34,6,1,0,425,520
validation,1200,correct,libero_10,1,7,7,7,31,11,7,0,0,520,520
validation,1200,correct,libero_10,1,8,7,7,31,31,8,0,1,520,341
validation,1200,correct,libero_10,1,9,7,7,31,45,9,0,0,520,520
validation,1200,correct,libero_10,1,10,7,7,31,49,10,0,0,520,520
validation,1200,correct,libero_10,1,11,7,7,31,28,11,1,1,393,359
validation,1200,correct,libero_10,1,12,7,7,31,39,12,0,0,520,520
validation,1200,correct,libero_10,1,13,7,7,31,43,13,0,1,520,326
validation,1200,correct,libero_10,1,14,7,7,31,12,14,1,1,502,438
validation,1200,correct,libero_10,1,15,7,7,31,38,15,0,0,520,520
validation,1200,correct,libero_10,1,16,7,7,31,35,16,1,0,298,520
validation,1200,correct,libero_10,1,17,7,7,31,33,17,0,0,520,520
validation,1200,correct,libero_10,1,18,7,7,31,42,18,0,0,520,520
validation,1200,correct,libero_10,1,19,7,7,31,24,19,0,0,520,520
validation,1200,correct,libero_10,1,20,7,7,31,21,20,0,1,520,336
validation,1200,correct,libero_10,1,21,7,7,31,23,21,0,0,520,520
validation,1200,correct,libero_10,1,22,7,7,31,2,22,1,0,495,520
validation,1200,correct,libero_10,1,23,7,7,31,48,23,1,0,441,520
validation,1200,correct,libero_10,1,24,7,7,31,0,24,1,1,410,475
validation,1200,correct,libero_10,1,25,7,7,31,7,25,1,0,277,520
validation,1200,correct,libero_10,1,26,7,7,31,37,26,1,1,354,382
validation,1200,correct,libero_10,1,27,7,7,31,4,27,0,0,520,520
validation,1200,correct,libero_10,1,28,7,7,31,20,28,0,0,520,520
validation,1200,correct,libero_10,1,29,7,7,31,25,29,0,1,520,357
validation,1200,correct,libero_10,1,30,7,7,31,46,30,1,0,398,520
validation,1200,correct,libero_10,1,31,7,7,31,22,31,1,1,312,483
validation,1200,correct,libero_10,1,32,7,7,31,41,32,0,0,520,520
validation,1200,correct,libero_10,1,33,7,7,31,40,33,0,0,520,520
validation,1200,correct,libero_10,1,34,7,7,31,13,34,1,0,430,520
validation,1200,correct,libero_10,1,35,7,7,31,16,35,0,0,520,520
validation,1200,correct,libero_10,1,36,7,7,31,10,36,1,0,261,520
validation,1200,correct,libero_10,1,37,7,7,31,17,37,1,1,246,282
validation,1200,correct,libero_10,1,38,7,7,31,6,38,0,0,520,520
validation,1200,correct,libero_10,1,39,7,7,31,27,39,0,1,520,475
validation,1200,correct,libero_10,1,40,7,7,31,36,40,0,0,520,520
validation,1200,correct,libero_10,1,41,7,7,31,26,41,1,1,264,315
validation,1200,correct,libero_10,1,42,7,7,31,44,42,0,0,520,520
validation,1200,correct,libero_10,1,43,7,7,31,19,43,1,1,240,365
validation,1200,correct,libero_10,1,44,7,7,31,14,44,0,0,520,520
validation,1200,correct,libero_10,1,45,7,7,31,8,45,0,0,520,520
validation,1200,correct,libero_10,1,46,7,7,31,5,46,0,0,520,520
validation,1200,correct,libero_10,1,47,7,7,31,30,47,0,1,520,515
validation,1200,correct,libero_10,1,48,7,7,31,29,48,0,1,520,304
validation,1200,correct,libero_10,1,49,7,7,31,1,49,0,0,520,520
validation,1200,correct,libero_10,2,0,7,7,32,16,0,0,0,520,520
validation,1200,correct,libero_10,2,1,7,7,32,35,1,0,0,520,520
validation,1200,correct,libero_10,2,2,7,7,32,12,2,0,0,520,520
validation,1200,correct,libero_10,2,3,7,7,32,8,3,0,0,520,520
validation,1200,correct,libero_10,2,4,7,7,32,37,4,0,0,520,520
validation,1200,correct,libero_10,2,5,7,7,32,42,5,0,0,520,520
validation,1200,correct,libero_10,2,6,7,7,32,15,6,0,0,520,520
validation,1200,correct,libero_10,2,7,7,7,32,43,7,0,0,520,520
validation,1200,correct,libero_10,2,8,7,7,32,33,8,0,0,520,520
validation,1200,correct,libero_10,2,9,7,7,32,25,9,0,0,520,520
validation,1200,correct,libero_10,2,10,7,7,32,3,10,0,0,520,520
validation,1200,correct,libero_10,2,11,7,7,32,29,11,0,0,520,520
validation,1200,correct,libero_10,2,12,7,7,32,24,12,0,0,520,520
validation,1200,correct,libero_10,2,13,7,7,32,28,13,0,0,520,520
validation,1200,correct,libero_10,2,14,7,7,32,47,14,0,0,520,520
validation,1200,correct,libero_10,2,15,7,7,32,36,15,0,0,520,520
validation,1200,correct,libero_10,2,16,7,7,32,18,16,0,0,520,520
validation,1200,correct,libero_10,2,17,7,7,32,46,17,0,0,520,520
validation,1200,correct,libero_10,2,18,7,7,32,39,18,0,0,520,520
validation,1200,correct,libero_10,2,19,7,7,32,31,19,0,0,520,520
validation,1200,correct,libero_10,2,20,7,7,32,32,20,0,0,520,520
validation,1200,correct,libero_10,2,21,7,7,32,34,21,0,0,520,520
validation,1200,correct,libero_10,2,22,7,7,32,19,22,0,0,520,520
validation,1200,correct,libero_10,2,23,7,7,32,49,23,0,0,520,520
validation,1200,correct,libero_10,2,24,7,7,32,45,24,0,0,520,520
validation,1200,correct,libero_10,2,25,7,7,32,21,25,0,0,520,520
validation,1200,correct,libero_10,2,26,7,7,32,44,26,0,0,520,520
validation,1200,correct,libero_10,2,27,7,7,32,2,27,0,0,520,520
validation,1200,correct,libero_10,2,28,7,7,32,38,28,0,0,520,520
validation,1200,correct,libero_10,2,29,7,7,32,5,29,0,0,520,520
validation,1200,correct,libero_10,2,30,7,7,32,1,30,0,0,520,520
validation,1200,correct,libero_10,2,31,7,7,32,27,31,0,0,520,520
validation,1200,correct,libero_10,2,32,7,7,32,7,32,0,0,520,520
validation,1200,correct,libero_10,2,33,7,7,32,13,33,0,0,520,520
validation,1200,correct,libero_10,2,34,7,7,32,23,34,0,0,520,520
validation,1200,correct,libero_10,2,35,7,7,32,11,35,0,0,520,520
validation,1200,correct,libero_10,2,36,7,7,32,9,36,0,0,520,520
validation,1200,correct,libero_10,2,37,7,7,32,0,37,0,0,520,520
validation,1200,correct,libero_10,2,38,7,7,32,10,38,0,0,520,520
validation,1200,correct,libero_10,2,39,7,7,32,26,39,0,0,520,520
validation,1200,correct,libero_10,2,40,7,7,32,4,40,0,0,520,520
validation,1200,correct,libero_10,2,41,7,7,32,30,41,0,0,520,520
validation,1200,correct,libero_10,2,42,7,7,32,40,42,0,0,520,520
validation,1200,correct,libero_10,2,43,7,7,32,22,43,0,0,520,520
validation,1200,correct,libero_10,2,44,7,7,32,41,44,0,0,520,520
validation,1200,correct,libero_10,2,45,7,7,32,17,45,0,0,520,520
validation,1200,correct,libero_10,2,46,7,7,32,20,46,0,0,520,520
validation,1200,correct,libero_10,2,47,7,7,32,14,47,0,0,520,520
validation,1200,correct,libero_10,2,48,7,7,32,48,48,0,0,520,520
validation,1200,correct,libero_10,2,49,7,7,32,6,49,0,0,520,520
validation,1200,correct,libero_goal,3,0,7,7,23,35,0,0,0,300,300
validation,1200,correct,libero_goal,3,1,7,7,23,13,1,0,0,300,300
validation,1200,correct,libero_goal,3,2,7,7,23,15,2,0,0,300,300
validation,1200,correct,libero_goal,3,3,7,7,23,8,3,0,0,300,300
validation,1200,correct,libero_goal,3,4,7,7,23,34,4,0,0,300,300
validation,1200,correct,libero_goal,3,5,7,7,23,28,5,0,0,300,300
validation,1200,correct,libero_goal,3,6,7,7,23,29,6,0,0,300,300
validation,1200,correct,libero_goal,3,7,7,7,23,19,7,0,0,300,300
validation,1200,correct,libero_goal,3,8,7,7,23,17,8,0,0,300,300
validation,1200,correct,libero_goal,3,9,7,7,23,2,9,0,0,300,300
validation,1200,correct,libero_goal,3,10,7,7,23,0,10,0,0,300,300
validation,1200,correct,libero_goal,3,11,7,7,23,31,11,0,0,300,300
validation,1200,correct,libero_goal,3,12,7,7,23,3,12,0,0,300,300
validation,1200,correct,libero_goal,3,13,7,7,23,30,13,0,0,300,300
validation,1200,correct,libero_goal,3,14,7,7,23,5,14,0,0,300,300
validation,1200,correct,libero_goal,3,15,7,7,23,26,15,0,0,300,300
validation,1200,correct,libero_goal,3,16,7,7,23,4,16,0,0,300,300
validation,1200,correct,libero_goal,3,17,7,7,23,9,17,0,0,300,300
validation,1200,correct,libero_goal,3,18,7,7,23,14,18,0,0,300,300
validation,1200,correct,libero_goal,3,19,7,7,23,12,19,0,0,300,300
validation,1200,correct,libero_goal,3,20,7,7,23,27,20,0,0,300,300
validation,1200,correct,libero_goal,3,21,7,7,23,32,21,0,0,300,300
validation,1200,correct,libero_goal,3,22,7,7,23,36,22,0,0,300,300
validation,1200,correct,libero_goal,3,23,7,7,23,44,23,0,0,300,300
validation,1200,correct,libero_goal,3,24,7,7,23,46,24,0,0,300,300
validation,1200,correct,libero_goal,3,25,7,7,23,11,25,0,0,300,300
validation,1200,correct,libero_goal,3,26,7,7,23,41,26,0,0,300,300
validation,1200,correct,libero_goal,3,27,7,7,23,16,27,0,0,300,300
validation,1200,correct,libero_goal,3,28,7,7,23,48,28,0,0,300,300
validation,1200,correct,libero_goal,3,29,7,7,23,23,29,0,0,300,300
validation,1200,correct,libero_goal,3,30,7,7,23,21,30,0,0,300,300
validation,1200,correct,libero_goal,3,31,7,7,23,38,31,0,0,300,300
validation,1200,correct,libero_goal,3,32,7,7,23,22,32,0,0,300,300
validation,1200,correct,libero_goal,3,33,7,7,23,39,33,0,0,300,300
validation,1200,correct,libero_goal,3,34,7,7,23,42,34,0,0,300,300
validation,1200,correct,libero_goal,3,35,7,7,23,18,35,0,0,300,300
validation,1200,correct,libero_goal,3,36,7,7,23,6,36,0,0,300,300
validation,1200,correct,libero_goal,3,37,7,7,23,49,37,0,0,300,300
validation,1200,correct,libero_goal,3,38,7,7,23,33,38,0,0,300,300
validation,1200,correct,libero_goal,3,39,7,7,23,37,39,0,0,300,300
validation,1200,correct,libero_goal,3,40,7,7,23,24,40,0,0,300,300
validation,1200,correct,libero_goal,3,41,7,7,23,7,41,0,0,300,300
validation,1200,correct,libero_goal,3,42,7,7,23,40,42,0,0,300,300
validation,1200,correct,libero_goal,3,43,7,7,23,1,43,0,0,300,300
validation,1200,correct,libero_goal,3,44,7,7,23,20,44,0,0,300,300
validation,1200,correct,libero_goal,3,45,7,7,23,45,45,0,0,300,300
validation,1200,correct,libero_goal,3,46,7,7,23,10,46,0,0,300,300
validation,1200,correct,libero_goal,3,47,7,7,23,47,47,0,0,300,300
validation,1200,correct,libero_goal,3,48,7,7,23,43,48,0,0,300,300
validation,1200,correct,libero_goal,3,49,7,7,23,25,49,0,0,300,300
validation,1200,correct,libero_goal,6,0,7,7,26,45,0,1,1,106,116
validation,1200,correct,libero_goal,6,1,7,7,26,8,1,1,1,118,136
validation,1200,correct,libero_goal,6,2,7,7,26,22,2,1,1,106,162
validation,1200,correct,libero_goal,6,3,7,7,26,34,3,1,0,103,300
validation,1200,correct,libero_goal,6,4,7,7,26,49,4,1,1,102,111
validation,1200,correct,libero_goal,6,5,7,7,26,41,5,1,0,113,300
validation,1200,correct,libero_goal,6,6,7,7,26,9,6,1,1,114,131
validation,1200,correct,libero_goal,6,7,7,7,26,40,7,1,1,89,111
validation,1200,correct,libero_goal,6,8,7,7,26,29,8,1,1,107,122
validation,1200,correct,libero_goal,6,9,7,7,26,26,9,1,1,96,97
validation,1200,correct,libero_goal,6,10,7,7,26,7,10,1,0,101,300
validation,1200,correct,libero_goal,6,11,7,7,26,10,11,1,1,101,127
validation,1200,correct,libero_goal,6,12,7,7,26,44,12,1,1,103,127
validation,1200,correct,libero_goal,6,13,7,7,26,1,13,1,1,84,105
validation,1200,correct,libero_goal,6,14,7,7,26,35,14,1,1,96,130
validation,1200,correct,libero_goal,6,15,7,7,26,20,15,1,1,97,161
validation,1200,correct,libero_goal,6,16,7,7,26,2,16,1,0,96,300
validation,1200,correct,libero_goal,6,17,7,7,26,0,17,1,1,100,131
validation,1200,correct,libero_goal,6,18,7,7,26,23,18,1,0,98,300
validation,1200,correct,libero_goal,6,19,7,7,26,36,19,1,0,100,300
validation,1200,correct,libero_goal,6,20,7,7,26,43,20,0,1,300,117
validation,1200,correct,libero_goal,6,21,7,7,26,21,21,1,1,104,137
validation,1200,correct,libero_goal,6,22,7,7,26,31,22,1,1,106,136
validation,1200,correct,libero_goal,6,23,7,7,26,27,23,1,1,118,157
validation,1200,correct,libero_goal,6,24,7,7,26,47,24,0,0,300,300
validation,1200,correct,libero_goal,6,25,7,7,26,5,25,1,1,93,111
validation,1200,correct,libero_goal,6,26,7,7,26,11,26,1,1,107,132
validation,1200,correct,libero_goal,6,27,7,7,26,24,27,1,1,94,128
validation,1200,correct,libero_goal,6,28,7,7,26,38,28,1,1,96,117
validation,1200,correct,libero_goal,6,29,7,7,26,16,29,1,0,97,300
validation,1200,correct,libero_goal,6,30,7,7,26,39,30,1,1,97,121
validation,1200,correct,libero_goal,6,31,7,7,26,12,31,1,1,116,116
validation,1200,correct,libero_goal,6,32,7,7,26,42,32,0,0,300,300
validation,1200,correct,libero_goal,6,33,7,7,26,48,33,1,1,102,122
validation,1200,correct,libero_goal,6,34,7,7,26,32,34,1,1,95,127
validation,1200,correct,libero_goal,6,35,7,7,26,13,35,1,1,124,136
validation,1200,correct,libero_goal,6,36,7,7,26,4,36,1,1,109,129
validation,1200,correct,libero_goal,6,37,7,7,26,30,37,1,1,117,131
validation,1200,correct,libero_goal,6,38,7,7,26,3,38,1,1,90,97
validation,1200,correct,libero_goal,6,39,7,7,26,46,39,0,1,300,116
validation,1200,correct,libero_goal,6,40,7,7,26,14,40,1,0,113,300
validation,1200,correct,libero_goal,6,41,7,7,26,28,41,1,0,111,300
validation,1200,correct,libero_goal,6,42,7,7,26,19,42,1,1,89,135
validation,1200,correct,libero_goal,6,43,7,7,26,17,43,1,1,96,132
validation,1200,correct,libero_goal,6,44,7,7,26,33,44,1,1,104,125
validation,1200,correct,libero_goal,6,45,7,7,26,37,45,1,1,102,122
validation,1200,correct,libero_goal,6,46,7,7,26,15,46,1,1,107,118
validation,1200,correct,libero_goal,6,47,7,7,26,25,47,1,1,76,129
validation,1200,correct,libero_goal,6,48,7,7,26,6,48,0,1,300,119
validation,1200,correct,libero_goal,6,49,7,7,26,18,49,1,1,100,197
validation,1200,correct,libero_object,1,0,7,7,11,34,0,0,1,280,252
validation,1200,correct,libero_object,1,1,7,7,11,10,1,1,0,132,280
validation,1200,correct,libero_object,1,2,7,7,11,12,2,1,1,237,154
validation,1200,correct,libero_object,1,3,7,7,11,2,3,1,1,122,146
validation,1200,correct,libero_object,1,4,7,7,11,39,4,1,0,118,280
validation,1200,correct,libero_object,1,5,7,7,11,8,5,1,0,130,280
validation,1200,correct,libero_object,1,6,7,7,11,35,6,1,1,131,250
validation,1200,correct,libero_object,1,7,7,7,11,41,7,1,0,111,280
validation,1200,correct,libero_object,1,8,7,7,11,45,8,1,0,128,280
validation,1200,correct,libero_object,1,9,7,7,11,16,9,1,1,177,201
validation,1200,correct,libero_object,1,10,7,7,11,4,10,1,1,242,238
validation,1200,correct,libero_object,1,11,7,7,11,3,11,1,1,108,132
validation,1200,correct,libero_object,1,12,7,7,11,30,12,1,1,253,229
validation,1200,correct,libero_object,1,13,7,7,11,23,13,1,1,135,172
validation,1200,correct,libero_object,1,14,7,7,11,14,14,1,0,131,280
validation,1200,correct,libero_object,1,15,7,7,11,48,15,1,1,212,132
validation,1200,correct,libero_object,1,16,7,7,11,33,16,1,1,153,171
validation,1200,correct,libero_object,1,17,7,7,11,18,17,1,1,162,218
validation,1200,correct,libero_object,1,18,7,7,11,13,18,1,1,202,257
validation,1200,correct,libero_object,1,19,7,7,11,46,19,1,1,113,137
validation,1200,correct,libero_object,1,20,7,7,11,43,20,1,0,182,280
validation,1200,correct,libero_object,1,21,7,7,11,28,21,0,0,280,280
validation,1200,correct,libero_object,1,22,7,7,11,29,22,1,1,117,160
validation,1200,correct,libero_object,1,23,7,7,11,17,23,1,0,121,280
validation,1200,correct,libero_object,1,24,7,7,11,37,24,1,1,117,118
validation,1200,correct,libero_object,1,25,7,7,11,31,25,1,0,117,280
validation,1200,correct,libero_object,1,26,7,7,11,26,26,1,1,189,192
validation,1200,correct,libero_object,1,27,7,7,11,40,27,1,1,124,192
validation,1200,correct,libero_object,1,28,7,7,11,42,28,1,0,123,280
validation,1200,correct,libero_object,1,29,7,7,11,32,29,1,1,135,263
validation,1200,correct,libero_object,1,30,7,7,11,24,30,1,1,179,190
validation,1200,correct,libero_object,1,31,7,7,11,19,31,1,1,124,204
validation,1200,correct,libero_object,1,32,7,7,11,47,32,1,1,173,232
validation,1200,correct,libero_object,1,33,7,7,11,38,33,1,1,138,122
validation,1200,correct,libero_object,1,34,7,7,11,11,34,1,0,132,280
validation,1200,correct,libero_object,1,35,7,7,11,22,35,1,1,125,262
validation,1200,correct,libero_object,1,36,7,7,11,25,36,1,1,124,129
validation,1200,correct,libero_object,1,37,7,7,11,15,37,1,1,125,170
validation,1200,correct,libero_object,1,38,7,7,11,9,38,0,1,280,172
validation,1200,correct,libero_object,1,39,7,7,11,5,39,1,1,116,196
validation,1200,correct,libero_object,1,40,7,7,11,7,40,1,1,136,205
validation,1200,correct,libero_object,1,41,7,7,11,1,41,1,1,113,259
validation,1200,correct,libero_object,1,42,7,7,11,27,42,1,1,117,117
validation,1200,correct,libero_object,1,43,7,7,11,20,43,1,0,270,280
validation,1200,correct,libero_object,1,44,7,7,11,0,44,1,1,122,244
validation,1200,correct,libero_object,1,45,7,7,11,49,45,1,1,123,183
validation,1200,correct,libero_object,1,46,7,7,11,44,46,1,1,107,160
validation,1200,correct,libero_object,1,47,7,7,11,36,47,1,1,140,125
validation,1200,correct,libero_object,1,48,7,7,11,6,48,1,0,172,280
validation,1200,correct,libero_object,1,49,7,7,11,21,49,0,0,280,280
validation,1200,correct,libero_object,3,0,7,7,13,33,0,1,0,122,280
validation,1200,correct,libero_object,3,1,7,7,13,20,1,0,0,280,280
validation,1200,correct,libero_object,3,2,7,7,13,18,2,1,1,112,112
validation,1200,correct,libero_object,3,3,7,7,13,9,3,1,0,127,280
validation,1200,correct,libero_object,3,4,7,7,13,42,4,1,0,132,280
validation,1200,correct,libero_object,3,5,7,7,13,34,5,1,0,121,280
validation,1200,correct,libero_object,3,6,7,7,13,24,6,0,1,280,137
validation,1200,correct,libero_object,3,7,7,7,13,28,7,1,0,126,280
validation,1200,correct,libero_object,3,8,7,7,13,25,8,1,0,127,280
validation,1200,correct,libero_object,3,9,7,7,13,3,9,1,0,127,280
validation,1200,correct,libero_object,3,10,7,7,13,16,10,1,1,116,129
validation,1200,correct,libero_object,3,11,7,7,13,14,11,1,0,124,280
validation,1200,correct,libero_object,3,12,7,7,13,44,12,1,0,127,280
validation,1200,correct,libero_object,3,13,7,7,13,8,13,0,0,280,280
validation,1200,correct,libero_object,3,14,7,7,13,48,14,1,0,148,280
validation,1200,correct,libero_object,3,15,7,7,13,2,15,1,0,116,280
validation,1200,correct,libero_object,3,16,7,7,13,36,16,1,1,123,121
validation,1200,correct,libero_object,3,17,7,7,13,35,17,0,0,280,280
validation,1200,correct,libero_object,3,18,7,7,13,0,18,1,1,120,111
validation,1200,correct,libero_object,3,19,7,7,13,47,19,0,0,280,280
validation,1200,correct,libero_object,3,20,7,7,13,30,20,0,0,280,280
validation,1200,correct,libero_object,3,21,7,7,13,4,21,1,0,177,280
validation,1200,correct,libero_object,3,22,7,7,13,13,22,1,0,161,280
validation,1200,correct,libero_object,3,23,7,7,13,45,23,0,0,280,280
validation,1200,correct,libero_object,3,24,7,7,13,43,24,1,0,121,280
validation,1200,correct,libero_object,3,25,7,7,13,5,25,0,0,280,280
validation,1200,correct,libero_object,3,26,7,7,13,7,26,1,0,127,280
validation,1200,correct,libero_object,3,27,7,7,13,46,27,0,0,280,280
validation,1200,correct,libero_object,3,28,7,7,13,15,28,0,0,280,280
validation,1200,correct,libero_object,3,29,7,7,13,49,29,1,0,130,280
validation,1200,correct,libero_object,3,30,7,7,13,26,30,0,0,280,280
validation,1200,correct,libero_object,3,31,7,7,13,10,31,1,1,116,136
validation,1200,correct,libero_object,3,32,7,7,13,23,32,1,0,162,280
validation,1200,correct,libero_object,3,33,7,7,13,17,33,1,1,116,117
validation,1200,correct,libero_object,3,34,7,7,13,1,34,1,0,121,280
validation,1200,correct,libero_object,3,35,7,7,13,21,35,0,1,280,124
validation,1200,correct,libero_object,3,36,7,7,13,12,36,1,1,121,126
validation,1200,correct,libero_object,3,37,7,7,13,11,37,0,0,280,280
validation,1200,correct,libero_object,3,38,7,7,13,40,38,1,0,268,280
validation,1200,correct,libero_object,3,39,7,7,13,41,39,1,0,125,280
validation,1200,correct,libero_object,3,40,7,7,13,19,40,0,0,280,280
validation,1200,correct,libero_object,3,41,7,7,13,32,41,1,1,102,117
validation,1200,correct,libero_object,3,42,7,7,13,38,42,0,1,280,162
validation,1200,correct,libero_object,3,43,7,7,13,22,43,0,0,280,280
validation,1200,correct,libero_object,3,44,7,7,13,29,44,0,0,280,280
validation,1200,correct,libero_object,3,45,7,7,13,37,45,0,1,280,162
validation,1200,correct,libero_object,3,46,7,7,13,31,46,1,0,122,280
validation,1200,correct,libero_object,3,47,7,7,13,6,47,1,0,206,280
validation,1200,correct,libero_object,3,48,7,7,13,27,48,0,0,280,280
validation,1200,correct,libero_object,3,49,7,7,13,39,49,0,0,280,280
validation,1200,correct,libero_spatial,1,0,7,7,1,1,0,0,0,220,220
validation,1200,correct,libero_spatial,1,1,7,7,1,21,1,0,0,220,220
validation,1200,correct,libero_spatial,1,2,7,7,1,39,2,0,0,220,220
validation,1200,correct,libero_spatial,1,3,7,7,1,14,3,0,0,220,220
validation,1200,correct,libero_spatial,1,4,7,7,1,2,4,0,0,220,220
validation,1200,correct,libero_spatial,1,5,7,7,1,34,5,0,0,220,220
validation,1200,correct,libero_spatial,1,6,7,7,1,40,6,0,0,220,220
validation,1200,correct,libero_spatial,1,7,7,7,1,8,7,0,0,220,220
validation,1200,correct,libero_spatial,1,8,7,7,1,4,8,0,0,220,220
validation,1200,correct,libero_spatial,1,9,7,7,1,42,9,0,0,220,220
validation,1200,correct,libero_spatial,1,10,7,7,1,44,10,0,0,220,220
validation,1200,correct,libero_spatial,1,11,7,7,1,24,11,0,0,220,220
validation,1200,correct,libero_spatial,1,12,7,7,1,36,12,0,0,220,220
validation,1200,correct,libero_spatial,1,13,7,7,1,37,13,0,0,220,220
validation,1200,correct,libero_spatial,1,14,7,7,1,18,14,0,0,220,220
validation,1200,correct,libero_spatial,1,15,7,7,1,31,15,0,0,220,220
validation,1200,correct,libero_spatial,1,16,7,7,1,33,16,0,0,220,220
validation,1200,correct,libero_spatial,1,17,7,7,1,9,17,0,0,220,220
validation,1200,correct,libero_spatial,1,18,7,7,1,6,18,0,0,220,220
validation,1200,correct,libero_spatial,1,19,7,7,1,7,19,0,0,220,220
validation,1200,correct,libero_spatial,1,20,7,7,1,27,20,0,0,220,220
validation,1200,correct,libero_spatial,1,21,7,7,1,20,21,0,0,220,220
validation,1200,correct,libero_spatial,1,22,7,7,1,38,22,0,0,220,220
validation,1200,correct,libero_spatial,1,23,7,7,1,46,23,0,0,220,220
validation,1200,correct,libero_spatial,1,24,7,7,1,17,24,0,0,220,220
validation,1200,correct,libero_spatial,1,25,7,7,1,41,25,0,0,220,220
validation,1200,correct,libero_spatial,1,26,7,7,1,0,26,0,0,220,220
validation,1200,correct,libero_spatial,1,27,7,7,1,30,27,0,0,220,220
validation,1200,correct,libero_spatial,1,28,7,7,1,22,28,0,0,220,220
validation,1200,correct,libero_spatial,1,29,7,7,1,12,29,0,0,220,220
validation,1200,correct,libero_spatial,1,30,7,7,1,47,30,0,0,220,220
validation,1200,correct,libero_spatial,1,31,7,7,1,45,31,0,0,220,220
validation,1200,correct,libero_spatial,1,32,7,7,1,32,32,0,0,220,220
validation,1200,correct,libero_spatial,1,33,7,7,1,43,33,0,0,220,220
validation,1200,correct,libero_spatial,1,34,7,7,1,3,34,0,0,220,220
validation,1200,correct,libero_spatial,1,35,7,7,1,11,35,0,0,220,220
validation,1200,correct,libero_spatial,1,36,7,7,1,48,36,0,0,220,220
validation,1200,correct,libero_spatial,1,37,7,7,1,28,37,0,0,220,220
validation,1200,correct,libero_spatial,1,38,7,7,1,35,38,0,0,220,220
validation,1200,correct,libero_spatial,1,39,7,7,1,29,39,0,0,220,220
validation,1200,correct,libero_spatial,1,40,7,7,1,15,40,0,0,220,220
validation,1200,correct,libero_spatial,1,41,7,7,1,5,41,0,0,220,220
validation,1200,correct,libero_spatial,1,42,7,7,1,26,42,0,0,220,220
validation,1200,correct,libero_spatial,1,43,7,7,1,19,43,0,0,220,220
validation,1200,correct,libero_spatial,1,44,7,7,1,23,44,0,0,220,220
validation,1200,correct,libero_spatial,1,45,7,7,1,10,45,0,0,220,220
validation,1200,correct,libero_spatial,1,46,7,7,1,16,46,0,0,220,220
validation,1200,correct,libero_spatial,1,47,7,7,1,25,47,0,0,220,220
validation,1200,correct,libero_spatial,1,48,7,7,1,49,48,0,0,220,220
validation,1200,correct,libero_spatial,1,49,7,7,1,13,49,0,0,220,220
validation,1200,correct,libero_spatial,3,0,7,7,3,2,0,1,0,102,220
validation,1200,correct,libero_spatial,3,1,7,7,3,36,1,1,0,114,220
validation,1200,correct,libero_spatial,3,2,7,7,3,43,2,0,0,220,220
validation,1200,correct,libero_spatial,3,3,7,7,3,16,3,1,0,95,220
validation,1200,correct,libero_spatial,3,4,7,7,3,7,4,0,0,220,220
validation,1200,correct,libero_spatial,3,5,7,7,3,8,5,0,0,220,220
validation,1200,correct,libero_spatial,3,6,7,7,3,14,6,0,0,220,220
validation,1200,correct,libero_spatial,3,7,7,7,3,38,7,1,1,95,180
validation,1200,correct,libero_spatial,3,8,7,7,3,33,8,0,0,220,220
validation,1200,correct,libero_spatial,3,9,7,7,3,1,9,1,0,99,220
validation,1200,correct,libero_spatial,3,10,7,7,3,21,10,1,0,111,220
validation,1200,correct,libero_spatial,3,11,7,7,3,5,11,1,0,102,220
validation,1200,correct,libero_spatial,3,12,7,7,3,49,12,1,0,121,220
validation,1200,correct,libero_spatial,3,13,7,7,3,29,13,0,0,220,220
validation,1200,correct,libero_spatial,3,14,7,7,3,24,14,1,0,143,220
validation,1200,correct,libero_spatial,3,15,7,7,3,10,15,1,1,84,114
validation,1200,correct,libero_spatial,3,16,7,7,3,44,16,1,0,105,220
validation,1200,correct,libero_spatial,3,17,7,7,3,15,17,1,0,112,220
validation,1200,correct,libero_spatial,3,18,7,7,3,19,18,1,0,107,220
validation,1200,correct,libero_spatial,3,19,7,7,3,39,19,1,0,96,220
validation,1200,correct,libero_spatial,3,20,7,7,3,6,20,0,0,220,220
validation,1200,correct,libero_spatial,3,21,7,7,3,30,21,1,0,137,220
validation,1200,correct,libero_spatial,3,22,7,7,3,28,22,1,0,115,220
validation,1200,correct,libero_spatial,3,23,7,7,3,34,23,1,0,104,220
validation,1200,correct,libero_spatial,3,24,7,7,3,3,24,1,0,103,220
validation,1200,correct,libero_spatial,3,25,7,7,3,45,25,0,0,220,220
validation,1200,correct,libero_spatial,3,26,7,7,3,32,26,1,0,104,220
validation,1200,correct,libero_spatial,3,27,7,7,3,22,27,0,0,220,220
validation,1200,correct,libero_spatial,3,28,7,7,3,20,28,0,0,220,220
validation,1200,correct,libero_spatial,3,29,7,7,3,23,29,1,0,104,220
validation,1200,correct,libero_spatial,3,30,7,7,3,9,30,1,0,193,220
validation,1200,correct,libero_spatial,3,31,7,7,3,0,31,0,0,220,220
validation,1200,correct,libero_spatial,3,32,7,7,3,4,32,1,1,78,104
validation,1200,correct,libero_spatial,3,33,7,7,3,47,33,0,0,220,220
validation,1200,correct,libero_spatial,3,34,7,7,3,31,34,1,1,159,115
validation,1200,correct,libero_spatial,3,35,7,7,3,27,35,1,0,138,220
validation,1200,correct,libero_spatial,3,36,7,7,3,17,36,1,0,154,220
validation,1200,correct,libero_spatial,3,37,7,7,3,41,37,1,1,105,119
validation,1200,correct,libero_spatial,3,38,7,7,3,25,38,1,1,93,158
validation,1200,correct,libero_spatial,3,39,7,7,3,35,39,1,0,106,220
validation,1200,correct,libero_spatial,3,40,7,7,3,46,40,1,0,106,220
validation,1200,correct,libero_spatial,3,41,7,7,3,40,41,0,0,220,220
validation,1200,correct,libero_spatial,3,42,7,7,3,42,42,1,0,101,220
validation,1200,correct,libero_spatial,3,43,7,7,3,48,43,1,0,93,220
validation,1200,correct,libero_spatial,3,44,7,7,3,26,44,1,0,96,220
validation,1200,correct,libero_spatial,3,45,7,7,3,11,45,1,0,94,220
validation,1200,correct,libero_spatial,3,46,7,7,3,18,46,0,0,220,220
validation,1200,correct,libero_spatial,3,47,7,7,3,13,47,1,0,214,220
validation,1200,correct,libero_spatial,3,48,7,7,3,12,48,1,0,114,220
validation,1200,correct,libero_spatial,3,49,7,7,3,37,49,1,0,106,220
validation,1500,correct,libero_10,1,0,7,7,31,47,0,0,0,520,520
validation,1500,correct,libero_10,1,1,7,7,31,9,1,1,0,392,520
validation,1500,correct,libero_10,1,2,7,7,31,3,2,0,0,520,520
validation,1500,correct,libero_10,1,3,7,7,31,32,3,1,1,376,267
validation,1500,correct,libero_10,1,4,7,7,31,15,4,1,0,325,520
validation,1500,correct,libero_10,1,5,7,7,31,18,5,0,0,520,520
validation,1500,correct,libero_10,1,6,7,7,31,34,6,1,0,316,520
validation,1500,correct,libero_10,1,7,7,7,31,11,7,0,0,520,520
validation,1500,correct,libero_10,1,8,7,7,31,31,8,1,0,342,520
validation,1500,correct,libero_10,1,9,7,7,31,45,9,1,0,314,520
validation,1500,correct,libero_10,1,10,7,7,31,49,10,1,1,295,483
validation,1500,correct,libero_10,1,11,7,7,31,28,11,0,1,520,297
validation,1500,correct,libero_10,1,12,7,7,31,39,12,0,1,520,462
validation,1500,correct,libero_10,1,13,7,7,31,43,13,1,1,324,374
validation,1500,correct,libero_10,1,14,7,7,31,12,14,0,1,520,338
validation,1500,correct,libero_10,1,15,7,7,31,38,15,0,0,520,520
validation,1500,correct,libero_10,1,16,7,7,31,35,16,1,1,246,259
validation,1500,correct,libero_10,1,17,7,7,31,33,17,0,0,520,520
validation,1500,correct,libero_10,1,18,7,7,31,42,18,0,0,520,520
validation,1500,correct,libero_10,1,19,7,7,31,24,19,1,0,440,520
validation,1500,correct,libero_10,1,20,7,7,31,21,20,1,1,243,287
validation,1500,correct,libero_10,1,21,7,7,31,23,21,0,0,520,520
validation,1500,correct,libero_10,1,22,7,7,31,2,22,0,0,520,520
validation,1500,correct,libero_10,1,23,7,7,31,48,23,1,0,455,520
validation,1500,correct,libero_10,1,24,7,7,31,0,24,0,1,520,455
validation,1500,correct,libero_10,1,25,7,7,31,7,25,1,1,391,460
validation,1500,correct,libero_10,1,26,7,7,31,37,26,1,0,349,520
validation,1500,correct,libero_10,1,27,7,7,31,4,27,0,0,520,520
validation,1500,correct,libero_10,1,28,7,7,31,20,28,0,1,520,397
validation,1500,correct,libero_10,1,29,7,7,31,25,29,1,0,505,520
validation,1500,correct,libero_10,1,30,7,7,31,46,30,0,0,520,520
validation,1500,correct,libero_10,1,31,7,7,31,22,31,0,0,520,520
validation,1500,correct,libero_10,1,32,7,7,31,41,32,0,0,520,520
validation,1500,correct,libero_10,1,33,7,7,31,40,33,0,0,520,520
validation,1500,correct,libero_10,1,34,7,7,31,13,34,0,0,520,520
validation,1500,correct,libero_10,1,35,7,7,31,16,35,1,0,332,520
validation,1500,correct,libero_10,1,36,7,7,31,10,36,0,0,520,520
validation,1500,correct,libero_10,1,37,7,7,31,17,37,1,1,282,282
validation,1500,correct,libero_10,1,38,7,7,31,6,38,0,1,520,306
validation,1500,correct,libero_10,1,39,7,7,31,27,39,0,0,520,520
validation,1500,correct,libero_10,1,40,7,7,31,36,40,0,0,520,520
validation,1500,correct,libero_10,1,41,7,7,31,26,41,1,1,390,341
validation,1500,correct,libero_10,1,42,7,7,31,44,42,0,0,520,520
validation,1500,correct,libero_10,1,43,7,7,31,19,43,1,1,292,291
validation,1500,correct,libero_10,1,44,7,7,31,14,44,1,0,367,520
validation,1500,correct,libero_10,1,45,7,7,31,8,45,1,1,475,375
validation,1500,correct,libero_10,1,46,7,7,31,5,46,0,1,520,356
validation,1500,correct,libero_10,1,47,7,7,31,30,47,1,1,336,410
validation,1500,correct,libero_10,1,48,7,7,31,29,48,1,1,292,292
validation,1500,correct,libero_10,1,49,7,7,31,1,49,0,0,520,520
validation,1500,correct,libero_10,2,0,7,7,32,16,0,0,0,520,520
validation,1500,correct,libero_10,2,1,7,7,32,35,1,0,0,520,520
validation,1500,correct,libero_10,2,2,7,7,32,12,2,0,0,520,520
validation,1500,correct,libero_10,2,3,7,7,32,8,3,0,0,520,520
validation,1500,correct,libero_10,2,4,7,7,32,37,4,0,0,520,520
validation,1500,correct,libero_10,2,5,7,7,32,42,5,0,0,520,520
validation,1500,correct,libero_10,2,6,7,7,32,15,6,0,0,520,520
validation,1500,correct,libero_10,2,7,7,7,32,43,7,0,0,520,520
validation,1500,correct,libero_10,2,8,7,7,32,33,8,0,0,520,520
validation,1500,correct,libero_10,2,9,7,7,32,25,9,0,0,520,520
validation,1500,correct,libero_10,2,10,7,7,32,3,10,0,0,520,520
validation,1500,correct,libero_10,2,11,7,7,32,29,11,0,0,520,520
validation,1500,correct,libero_10,2,12,7,7,32,24,12,0,0,520,520
validation,1500,correct,libero_10,2,13,7,7,32,28,13,0,0,520,520
validation,1500,correct,libero_10,2,14,7,7,32,47,14,0,0,520,520
validation,1500,correct,libero_10,2,15,7,7,32,36,15,0,0,520,520
validation,1500,correct,libero_10,2,16,7,7,32,18,16,0,0,520,520
validation,1500,correct,libero_10,2,17,7,7,32,46,17,0,0,520,520
validation,1500,correct,libero_10,2,18,7,7,32,39,18,0,0,520,520
validation,1500,correct,libero_10,2,19,7,7,32,31,19,0,0,520,520
validation,1500,correct,libero_10,2,20,7,7,32,32,20,0,0,520,520
validation,1500,correct,libero_10,2,21,7,7,32,34,21,0,0,520,520
validation,1500,correct,libero_10,2,22,7,7,32,19,22,0,0,520,520
validation,1500,correct,libero_10,2,23,7,7,32,49,23,0,0,520,520
validation,1500,correct,libero_10,2,24,7,7,32,45,24,0,0,520,520
validation,1500,correct,libero_10,2,25,7,7,32,21,25,0,0,520,520
validation,1500,correct,libero_10,2,26,7,7,32,44,26,0,0,520,520
validation,1500,correct,libero_10,2,27,7,7,32,2,27,0,0,520,520
validation,1500,correct,libero_10,2,28,7,7,32,38,28,0,0,520,520
validation,1500,correct,libero_10,2,29,7,7,32,5,29,0,0,520,520
validation,1500,correct,libero_10,2,30,7,7,32,1,30,0,0,520,520
validation,1500,correct,libero_10,2,31,7,7,32,27,31,0,0,520,520
validation,1500,correct,libero_10,2,32,7,7,32,7,32,0,0,520,520
validation,1500,correct,libero_10,2,33,7,7,32,13,33,0,0,520,520
validation,1500,correct,libero_10,2,34,7,7,32,23,34,0,0,520,520
validation,1500,correct,libero_10,2,35,7,7,32,11,35,0,0,520,520
validation,1500,correct,libero_10,2,36,7,7,32,9,36,0,0,520,520
validation,1500,correct,libero_10,2,37,7,7,32,0,37,0,0,520,520
validation,1500,correct,libero_10,2,38,7,7,32,10,38,0,0,520,520
validation,1500,correct,libero_10,2,39,7,7,32,26,39,0,0,520,520
validation,1500,correct,libero_10,2,40,7,7,32,4,40,0,0,520,520
validation,1500,correct,libero_10,2,41,7,7,32,30,41,0,0,520,520
validation,1500,correct,libero_10,2,42,7,7,32,40,42,0,0,520,520
validation,1500,correct,libero_10,2,43,7,7,32,22,43,0,0,520,520
validation,1500,correct,libero_10,2,44,7,7,32,41,44,0,0,520,520
validation,1500,correct,libero_10,2,45,7,7,32,17,45,0,0,520,520
validation,1500,correct,libero_10,2,46,7,7,32,20,46,0,0,520,520
validation,1500,correct,libero_10,2,47,7,7,32,14,47,0,0,520,520
validation,1500,correct,libero_10,2,48,7,7,32,48,48,0,0,520,520
validation,1500,correct,libero_10,2,49,7,7,32,6,49,0,0,520,520
validation,1500,correct,libero_goal,3,0,7,7,23,35,0,0,0,300,300
validation,1500,correct,libero_goal,3,1,7,7,23,13,1,0,0,300,300
validation,1500,correct,libero_goal,3,2,7,7,23,15,2,0,0,300,300
validation,1500,correct,libero_goal,3,3,7,7,23,8,3,0,0,300,300
validation,1500,correct,libero_goal,3,4,7,7,23,34,4,0,0,300,300
validation,1500,correct,libero_goal,3,5,7,7,23,28,5,0,0,300,300
validation,1500,correct,libero_goal,3,6,7,7,23,29,6,0,0,300,300
validation,1500,correct,libero_goal,3,7,7,7,23,19,7,0,0,300,300
validation,1500,correct,libero_goal,3,8,7,7,23,17,8,0,0,300,300
validation,1500,correct,libero_goal,3,9,7,7,23,2,9,0,0,300,300
validation,1500,correct,libero_goal,3,10,7,7,23,0,10,0,0,300,300
validation,1500,correct,libero_goal,3,11,7,7,23,31,11,0,0,300,300
validation,1500,correct,libero_goal,3,12,7,7,23,3,12,0,0,300,300
validation,1500,correct,libero_goal,3,13,7,7,23,30,13,0,0,300,300
validation,1500,correct,libero_goal,3,14,7,7,23,5,14,0,0,300,300
validation,1500,correct,libero_goal,3,15,7,7,23,26,15,0,0,300,300
validation,1500,correct,libero_goal,3,16,7,7,23,4,16,0,0,300,300
validation,1500,correct,libero_goal,3,17,7,7,23,9,17,0,0,300,300
validation,1500,correct,libero_goal,3,18,7,7,23,14,18,0,0,300,300
validation,1500,correct,libero_goal,3,19,7,7,23,12,19,0,0,300,300
validation,1500,correct,libero_goal,3,20,7,7,23,27,20,0,0,300,300
validation,1500,correct,libero_goal,3,21,7,7,23,32,21,0,0,300,300
validation,1500,correct,libero_goal,3,22,7,7,23,36,22,0,0,300,300
validation,1500,correct,libero_goal,3,23,7,7,23,44,23,0,0,300,300
validation,1500,correct,libero_goal,3,24,7,7,23,46,24,0,0,300,300
validation,1500,correct,libero_goal,3,25,7,7,23,11,25,0,0,300,300
validation,1500,correct,libero_goal,3,26,7,7,23,41,26,0,0,300,300
validation,1500,correct,libero_goal,3,27,7,7,23,16,27,0,0,300,300
validation,1500,correct,libero_goal,3,28,7,7,23,48,28,0,0,300,300
validation,1500,correct,libero_goal,3,29,7,7,23,23,29,0,0,300,300
validation,1500,correct,libero_goal,3,30,7,7,23,21,30,0,0,300,300
validation,1500,correct,libero_goal,3,31,7,7,23,38,31,0,0,300,300
validation,1500,correct,libero_goal,3,32,7,7,23,22,32,0,0,300,300
validation,1500,correct,libero_goal,3,33,7,7,23,39,33,0,0,300,300
validation,1500,correct,libero_goal,3,34,7,7,23,42,34,0,0,300,300
validation,1500,correct,libero_goal,3,35,7,7,23,18,35,0,0,300,300
validation,1500,correct,libero_goal,3,36,7,7,23,6,36,0,0,300,300
validation,1500,correct,libero_goal,3,37,7,7,23,49,37,0,0,300,300
validation,1500,correct,libero_goal,3,38,7,7,23,33,38,0,0,300,300
validation,1500,correct,libero_goal,3,39,7,7,23,37,39,0,0,300,300
validation,1500,correct,libero_goal,3,40,7,7,23,24,40,0,0,300,300
validation,1500,correct,libero_goal,3,41,7,7,23,7,41,0,0,300,300
validation,1500,correct,libero_goal,3,42,7,7,23,40,42,0,0,300,300
validation,1500,correct,libero_goal,3,43,7,7,23,1,43,0,0,300,300
validation,1500,correct,libero_goal,3,44,7,7,23,20,44,0,0,300,300
validation,1500,correct,libero_goal,3,45,7,7,23,45,45,0,0,300,300
validation,1500,correct,libero_goal,3,46,7,7,23,10,46,0,0,300,300
validation,1500,correct,libero_goal,3,47,7,7,23,47,47,0,0,300,300
validation,1500,correct,libero_goal,3,48,7,7,23,43,48,0,0,300,300
validation,1500,correct,libero_goal,3,49,7,7,23,25,49,0,0,300,300
validation,1500,correct,libero_goal,6,0,7,7,26,45,0,1,0,97,300
validation,1500,correct,libero_goal,6,1,7,7,26,8,1,1,1,102,128
validation,1500,correct,libero_goal,6,2,7,7,26,22,2,1,1,97,121
validation,1500,correct,libero_goal,6,3,7,7,26,34,3,1,0,98,300
validation,1500,correct,libero_goal,6,4,7,7,26,49,4,1,1,95,111
validation,1500,correct,libero_goal,6,5,7,7,26,41,5,1,0,131,300
validation,1500,correct,libero_goal,6,6,7,7,26,9,6,1,1,113,122
validation,1500,correct,libero_goal,6,7,7,7,26,40,7,1,1,81,96
validation,1500,correct,libero_goal,6,8,7,7,26,29,8,1,1,98,123
validation,1500,correct,libero_goal,6,9,7,7,26,26,9,1,1,86,97
validation,1500,correct,libero_goal,6,10,7,7,26,7,10,1,0,106,300
validation,1500,correct,libero_goal,6,11,7,7,26,10,11,1,1,100,127
validation,1500,correct,libero_goal,6,12,7,7,26,44,12,1,1,99,127
validation,1500,correct,libero_goal,6,13,7,7,26,1,13,1,0,85,300
validation,1500,correct,libero_goal,6,14,7,7,26,35,14,1,1,95,123
validation,1500,correct,libero_goal,6,15,7,7,26,20,15,1,0,97,300
validation,1500,correct,libero_goal,6,16,7,7,26,2,16,1,0,89,300
validation,1500,correct,libero_goal,6,17,7,7,26,0,17,1,0,98,300
validation,1500,correct,libero_goal,6,18,7,7,26,23,18,1,1,97,112
validation,1500,correct,libero_goal,6,19,7,7,26,36,19,1,1,94,126
validation,1500,correct,libero_goal,6,20,7,7,26,43,20,1,0,105,300
validation,1500,correct,libero_goal,6,21,7,7,26,21,21,1,1,104,116
validation,1500,correct,libero_goal,6,22,7,7,26,31,22,1,1,99,113
validation,1500,correct,libero_goal,6,23,7,7,26,27,23,1,1,152,141
validation,1500,correct,libero_goal,6,24,7,7,26,47,24,1,0,95,300
validation,1500,correct,libero_goal,6,25,7,7,26,5,25,1,1,86,117
validation,1500,correct,libero_goal,6,26,7,7,26,11,26,1,1,112,131
validation,1500,correct,libero_goal,6,27,7,7,26,24,27,1,1,93,149
validation,1500,correct,libero_goal,6,28,7,7,26,38,28,1,1,95,107
validation,1500,correct,libero_goal,6,29,7,7,26,16,29,1,1,89,215
validation,1500,correct,libero_goal,6,30,7,7,26,39,30,1,1,97,112
validation,1500,correct,libero_goal,6,31,7,7,26,12,31,1,1,164,116
validation,1500,correct,libero_goal,6,32,7,7,26,42,32,1,0,102,300
validation,1500,correct,libero_goal,6,33,7,7,26,48,33,1,1,91,114
validation,1500,correct,libero_goal,6,34,7,7,26,32,34,1,1,84,126
validation,1500,correct,libero_goal,6,35,7,7,26,13,35,1,0,125,300
validation,1500,correct,libero_goal,6,36,7,7,26,4,36,1,1,102,122
validation,1500,correct,libero_goal,6,37,7,7,26,30,37,1,1,141,127
validation,1500,correct,libero_goal,6,38,7,7,26,3,38,1,1,87,107
validation,1500,correct,libero_goal,6,39,7,7,26,46,39,1,0,105,300
validation,1500,correct,libero_goal,6,40,7,7,26,14,40,0,1,300,166
validation,1500,correct,libero_goal,6,41,7,7,26,28,41,1,1,98,133
validation,1500,correct,libero_goal,6,42,7,7,26,19,42,1,1,88,136
validation,1500,correct,libero_goal,6,43,7,7,26,17,43,1,1,96,144
validation,1500,correct,libero_goal,6,44,7,7,26,33,44,1,1,97,122
validation,1500,correct,libero_goal,6,45,7,7,26,37,45,1,1,98,119
validation,1500,correct,libero_goal,6,46,7,7,26,15,46,1,1,107,118
validation,1500,correct,libero_goal,6,47,7,7,26,25,47,1,1,77,125
validation,1500,correct,libero_goal,6,48,7,7,26,6,48,0,0,300,300
validation,1500,correct,libero_goal,6,49,7,7,26,18,49,1,1,98,136
validation,1500,correct,libero_object,1,0,7,7,11,34,0,1,0,157,280
validation,1500,correct,libero_object,1,1,7,7,11,10,1,1,0,137,280
validation,1500,correct,libero_object,1,2,7,7,11,12,2,1,1,197,243
validation,1500,correct,libero_object,1,3,7,7,11,2,3,1,1,122,138
validation,1500,correct,libero_object,1,4,7,7,11,39,4,1,1,138,171
validation,1500,correct,libero_object,1,5,7,7,11,8,5,1,1,130,234
validation,1500,correct,libero_object,1,6,7,7,11,35,6,1,0,170,280
validation,1500,correct,libero_object,1,7,7,7,11,41,7,1,1,112,145
validation,1500,correct,libero_object,1,8,7,7,11,45,8,1,0,129,280
validation,1500,correct,libero_object,1,9,7,7,11,16,9,1,1,177,177
validation,1500,correct,libero_object,1,10,7,7,11,4,10,1,1,215,242
validation,1500,correct,libero_object,1,11,7,7,11,3,11,1,1,122,132
validation,1500,correct,libero_object,1,12,7,7,11,30,12,1,0,226,280
validation,1500,correct,libero_object,1,13,7,7,11,23,13,1,1,202,200
validation,1500,correct,libero_object,1,14,7,7,11,14,14,1,0,264,280
validation,1500,correct,libero_object,1,15,7,7,11,48,15,1,1,172,172
validation,1500,correct,libero_object,1,16,7,7,11,33,16,1,1,153,172
validation,1500,correct,libero_object,1,17,7,7,11,18,17,0,1,280,188
validation,1500,correct,libero_object,1,18,7,7,11,13,18,1,0,199,280
validation,1500,correct,libero_object,1,19,7,7,11,46,19,1,1,137,137
validation,1500,correct,libero_object,1,20,7,7,11,43,20,1,0,227,280
validation,1500,correct,libero_object,1,21,7,7,11,28,21,0,0,280,280
validation,1500,correct,libero_object,1,22,7,7,11,29,22,1,1,133,172
validation,1500,correct,libero_object,1,23,7,7,11,17,23,1,1,121,187
validation,1500,correct,libero_object,1,24,7,7,11,37,24,1,1,154,131
validation,1500,correct,libero_object,1,25,7,7,11,31,25,1,0,117,280
validation,1500,correct,libero_object,1,26,7,7,11,26,26,1,1,191,192
validation,1500,correct,libero_object,1,27,7,7,11,40,27,1,1,124,180
validation,1500,correct,libero_object,1,28,7,7,11,42,28,1,1,162,248
validation,1500,correct,libero_object,1,29,7,7,11,32,29,1,1,138,145
validation,1500,correct,libero_object,1,30,7,7,11,24,30,0,0,280,280
validation,1500,correct,libero_object,1,31,7,7,11,19,31,1,0,109,280
validation,1500,correct,libero_object,1,32,7,7,11,47,32,0,0,280,280
validation,1500,correct,libero_object,1,33,7,7,11,38,33,0,1,280,138
validation,1500,correct,libero_object,1,34,7,7,11,11,34,1,0,132,280
validation,1500,correct,libero_object,1,35,7,7,11,22,35,1,1,132,142
validation,1500,correct,libero_object,1,36,7,7,11,25,36,1,1,123,140
validation,1500,correct,libero_object,1,37,7,7,11,15,37,1,1,125,171
validation,1500,correct,libero_object,1,38,7,7,11,9,38,0,0,280,280
validation,1500,correct,libero_object,1,39,7,7,11,5,39,1,0,119,280
validation,1500,correct,libero_object,1,40,7,7,11,7,40,1,0,173,280
validation,1500,correct,libero_object,1,41,7,7,11,1,41,1,1,127,258
validation,1500,correct,libero_object,1,42,7,7,11,27,42,1,1,117,118
validation,1500,correct,libero_object,1,43,7,7,11,20,43,1,1,188,277
validation,1500,correct,libero_object,1,44,7,7,11,0,44,1,1,121,130
validation,1500,correct,libero_object,1,45,7,7,11,49,45,1,1,164,182
validation,1500,correct,libero_object,1,46,7,7,11,44,46,1,1,117,232
validation,1500,correct,libero_object,1,47,7,7,11,36,47,1,1,121,143
validation,1500,correct,libero_object,1,48,7,7,11,6,48,0,0,280,280
validation,1500,correct,libero_object,1,49,7,7,11,21,49,0,0,280,280
validation,1500,correct,libero_object,3,0,7,7,13,33,0,0,0,280,280
validation,1500,correct,libero_object,3,1,7,7,13,20,1,1,1,164,127
validation,1500,correct,libero_object,3,2,7,7,13,18,2,0,0,280,280
validation,1500,correct,libero_object,3,3,7,7,13,9,3,0,0,280,280
validation,1500,correct,libero_object,3,4,7,7,13,42,4,0,0,280,280
validation,1500,correct,libero_object,3,5,7,7,13,34,5,0,0,280,280
validation,1500,correct,libero_object,3,6,7,7,13,24,6,1,1,214,242
validation,1500,correct,libero_object,3,7,7,7,13,28,7,0,0,280,280
validation,1500,correct,libero_object,3,8,7,7,13,25,8,0,0,280,280
validation,1500,correct,libero_object,3,9,7,7,13,3,9,0,0,280,280
validation,1500,correct,libero_object,3,10,7,7,13,16,10,1,0,140,280
validation,1500,correct,libero_object,3,11,7,7,13,14,11,0,0,280,280
validation,1500,correct,libero_object,3,12,7,7,13,44,12,0,0,280,280
validation,1500,correct,libero_object,3,13,7,7,13,8,13,0,0,280,280
validation,1500,correct,libero_object,3,14,7,7,13,48,14,1,0,121,280
validation,1500,correct,libero_object,3,15,7,7,13,2,15,0,0,280,280
validation,1500,correct,libero_object,3,16,7,7,13,36,16,0,1,280,198
validation,1500,correct,libero_object,3,17,7,7,13,35,17,0,0,280,280
validation,1500,correct,libero_object,3,18,7,7,13,0,18,1,0,121,280
validation,1500,correct,libero_object,3,19,7,7,13,47,19,0,0,280,280
validation,1500,correct,libero_object,3,20,7,7,13,30,20,0,0,280,280
validation,1500,correct,libero_object,3,21,7,7,13,4,21,0,0,280,280
validation,1500,correct,libero_object,3,22,7,7,13,13,22,1,0,182,280
validation,1500,correct,libero_object,3,23,7,7,13,45,23,0,0,280,280
validation,1500,correct,libero_object,3,24,7,7,13,43,24,0,0,280,280
validation,1500,correct,libero_object,3,25,7,7,13,5,25,1,1,138,140
validation,1500,correct,libero_object,3,26,7,7,13,7,26,0,0,280,280
validation,1500,correct,libero_object,3,27,7,7,13,46,27,1,1,160,112
validation,1500,correct,libero_object,3,28,7,7,13,15,28,0,1,280,147
validation,1500,correct,libero_object,3,29,7,7,13,49,29,0,0,280,280
validation,1500,correct,libero_object,3,30,7,7,13,26,30,1,0,112,280
validation,1500,correct,libero_object,3,31,7,7,13,10,31,1,1,136,132
validation,1500,correct,libero_object,3,32,7,7,13,23,32,1,0,169,280
validation,1500,correct,libero_object,3,33,7,7,13,17,33,1,1,111,136
validation,1500,correct,libero_object,3,34,7,7,13,1,34,0,0,280,280
validation,1500,correct,libero_object,3,35,7,7,13,21,35,1,0,208,280
validation,1500,correct,libero_object,3,36,7,7,13,12,36,1,1,133,136
validation,1500,correct,libero_object,3,37,7,7,13,11,37,0,0,280,280
validation,1500,correct,libero_object,3,38,7,7,13,40,38,0,0,280,280
validation,1500,correct,libero_object,3,39,7,7,13,41,39,0,0,280,280
validation,1500,correct,libero_object,3,40,7,7,13,19,40,0,0,280,280
validation,1500,correct,libero_object,3,41,7,7,13,32,41,1,1,122,122
validation,1500,correct,libero_object,3,42,7,7,13,38,42,0,1,280,192
validation,1500,correct,libero_object,3,43,7,7,13,22,43,1,1,133,135
validation,1500,correct,libero_object,3,44,7,7,13,29,44,0,0,280,280
validation,1500,correct,libero_object,3,45,7,7,13,37,45,0,0,280,280
validation,1500,correct,libero_object,3,46,7,7,13,31,46,0,0,280,280
validation,1500,correct,libero_object,3,47,7,7,13,6,47,0,0,280,280
validation,1500,correct,libero_object,3,48,7,7,13,27,48,1,0,138,280
validation,1500,correct,libero_object,3,49,7,7,13,39,49,0,0,280,280
validation,1500,correct,libero_spatial,1,0,7,7,1,1,0,0,0,220,220
validation,1500,correct,libero_spatial,1,1,7,7,1,21,1,0,0,220,220
validation,1500,correct,libero_spatial,1,2,7,7,1,39,2,0,0,220,220
validation,1500,correct,libero_spatial,1,3,7,7,1,14,3,0,0,220,220
validation,1500,correct,libero_spatial,1,4,7,7,1,2,4,0,0,220,220
validation,1500,correct,libero_spatial,1,5,7,7,1,34,5,0,0,220,220
validation,1500,correct,libero_spatial,1,6,7,7,1,40,6,0,0,220,220
validation,1500,correct,libero_spatial,1,7,7,7,1,8,7,0,0,220,220
validation,1500,correct,libero_spatial,1,8,7,7,1,4,8,0,0,220,220
validation,1500,correct,libero_spatial,1,9,7,7,1,42,9,0,0,220,220
validation,1500,correct,libero_spatial,1,10,7,7,1,44,10,0,0,220,220
validation,1500,correct,libero_spatial,1,11,7,7,1,24,11,0,0,220,220
validation,1500,correct,libero_spatial,1,12,7,7,1,36,12,0,0,220,220
validation,1500,correct,libero_spatial,1,13,7,7,1,37,13,0,0,220,220
validation,1500,correct,libero_spatial,1,14,7,7,1,18,14,0,0,220,220
validation,1500,correct,libero_spatial,1,15,7,7,1,31,15,0,0,220,220
validation,1500,correct,libero_spatial,1,16,7,7,1,33,16,0,0,220,220
validation,1500,correct,libero_spatial,1,17,7,7,1,9,17,0,0,220,220
validation,1500,correct,libero_spatial,1,18,7,7,1,6,18,0,0,220,220
validation,1500,correct,libero_spatial,1,19,7,7,1,7,19,0,0,220,220
validation,1500,correct,libero_spatial,1,20,7,7,1,27,20,0,0,220,220
validation,1500,correct,libero_spatial,1,21,7,7,1,20,21,0,0,220,220
validation,1500,correct,libero_spatial,1,22,7,7,1,38,22,0,0,220,220
validation,1500,correct,libero_spatial,1,23,7,7,1,46,23,0,0,220,220
validation,1500,correct,libero_spatial,1,24,7,7,1,17,24,0,0,220,220
validation,1500,correct,libero_spatial,1,25,7,7,1,41,25,0,0,220,220
validation,1500,correct,libero_spatial,1,26,7,7,1,0,26,0,0,220,220
validation,1500,correct,libero_spatial,1,27,7,7,1,30,27,0,0,220,220
validation,1500,correct,libero_spatial,1,28,7,7,1,22,28,0,0,220,220
validation,1500,correct,libero_spatial,1,29,7,7,1,12,29,0,0,220,220
validation,1500,correct,libero_spatial,1,30,7,7,1,47,30,0,0,220,220
validation,1500,correct,libero_spatial,1,31,7,7,1,45,31,0,0,220,220
validation,1500,correct,libero_spatial,1,32,7,7,1,32,32,0,0,220,220
validation,1500,correct,libero_spatial,1,33,7,7,1,43,33,0,0,220,220
validation,1500,correct,libero_spatial,1,34,7,7,1,3,34,0,1,220,216
validation,1500,correct,libero_spatial,1,35,7,7,1,11,35,0,0,220,220
validation,1500,correct,libero_spatial,1,36,7,7,1,48,36,0,0,220,220
validation,1500,correct,libero_spatial,1,37,7,7,1,28,37,0,0,220,220
validation,1500,correct,libero_spatial,1,38,7,7,1,35,38,0,0,220,220
validation,1500,correct,libero_spatial,1,39,7,7,1,29,39,0,0,220,220
validation,1500,correct,libero_spatial,1,40,7,7,1,15,40,0,0,220,220
validation,1500,correct,libero_spatial,1,41,7,7,1,5,41,0,0,220,220
validation,1500,correct,libero_spatial,1,42,7,7,1,26,42,0,0,220,220
validation,1500,correct,libero_spatial,1,43,7,7,1,19,43,0,0,220,220
validation,1500,correct,libero_spatial,1,44,7,7,1,23,44,0,0,220,220
validation,1500,correct,libero_spatial,1,45,7,7,1,10,45,0,0,220,220
validation,1500,correct,libero_spatial,1,46,7,7,1,16,46,0,0,220,220
validation,1500,correct,libero_spatial,1,47,7,7,1,25,47,0,0,220,220
validation,1500,correct,libero_spatial,1,48,7,7,1,49,48,0,0,220,220
validation,1500,correct,libero_spatial,1,49,7,7,1,13,49,0,0,220,220
validation,1500,correct,libero_spatial,3,0,7,7,3,2,0,1,0,99,220
validation,1500,correct,libero_spatial,3,1,7,7,3,36,1,1,0,119,220
validation,1500,correct,libero_spatial,3,2,7,7,3,43,2,1,0,104,220
validation,1500,correct,libero_spatial,3,3,7,7,3,16,3,1,0,121,220
validation,1500,correct,libero_spatial,3,4,7,7,3,7,4,0,0,220,220
validation,1500,correct,libero_spatial,3,5,7,7,3,8,5,0,0,220,220
validation,1500,correct,libero_spatial,3,6,7,7,3,14,6,1,1,157,202
validation,1500,correct,libero_spatial,3,7,7,7,3,38,7,1,1,99,210
validation,1500,correct,libero_spatial,3,8,7,7,3,33,8,0,0,220,220
validation,1500,correct,libero_spatial,3,9,7,7,3,1,9,1,0,116,220
validation,1500,correct,libero_spatial,3,10,7,7,3,21,10,1,0,137,220
validation,1500,correct,libero_spatial,3,11,7,7,3,5,11,1,1,114,182
validation,1500,correct,libero_spatial,3,12,7,7,3,49,12,1,0,113,220
validation,1500,correct,libero_spatial,3,13,7,7,3,29,13,0,0,220,220
validation,1500,correct,libero_spatial,3,14,7,7,3,24,14,1,0,137,220
validation,1500,correct,libero_spatial,3,15,7,7,3,10,15,1,1,86,103
validation,1500,correct,libero_spatial,3,16,7,7,3,44,16,0,0,220,220
validation,1500,correct,libero_spatial,3,17,7,7,3,15,17,1,0,107,220
validation,1500,correct,libero_spatial,3,18,7,7,3,19,18,1,0,119,220
validation,1500,correct,libero_spatial,3,19,7,7,3,39,19,1,0,129,220
validation,1500,correct,libero_spatial,3,20,7,7,3,6,20,0,0,220,220
validation,1500,correct,libero_spatial,3,21,7,7,3,30,21,1,0,94,220
validation,1500,correct,libero_spatial,3,22,7,7,3,28,22,0,0,220,220
validation,1500,correct,libero_spatial,3,23,7,7,3,34,23,1,0,102,220
validation,1500,correct,libero_spatial,3,24,7,7,3,3,24,1,0,114,220
validation,1500,correct,libero_spatial,3,25,7,7,3,45,25,0,1,220,219
validation,1500,correct,libero_spatial,3,26,7,7,3,32,26,1,0,106,220
validation,1500,correct,libero_spatial,3,27,7,7,3,22,27,1,0,143,220
validation,1500,correct,libero_spatial,3,28,7,7,3,20,28,0,0,220,220
validation,1500,correct,libero_spatial,3,29,7,7,3,23,29,1,0,100,220
validation,1500,correct,libero_spatial,3,30,7,7,3,9,30,1,0,164,220
validation,1500,correct,libero_spatial,3,31,7,7,3,0,31,0,0,220,220
validation,1500,correct,libero_spatial,3,32,7,7,3,4,32,1,1,122,98
validation,1500,correct,libero_spatial,3,33,7,7,3,47,33,0,0,220,220
validation,1500,correct,libero_spatial,3,34,7,7,3,31,34,1,1,95,106
validation,1500,correct,libero_spatial,3,35,7,7,3,27,35,1,0,137,220
validation,1500,correct,libero_spatial,3,36,7,7,3,17,36,1,0,110,220
validation,1500,correct,libero_spatial,3,37,7,7,3,41,37,1,0,110,220
validation,1500,correct,libero_spatial,3,38,7,7,3,25,38,1,0,94,220
validation,1500,correct,libero_spatial,3,39,7,7,3,35,39,1,0,101,220
validation,1500,correct,libero_spatial,3,40,7,7,3,46,40,0,0,220,220
validation,1500,correct,libero_spatial,3,41,7,7,3,40,41,0,0,220,220
validation,1500,correct,libero_spatial,3,42,7,7,3,42,42,1,1,104,137
validation,1500,correct,libero_spatial,3,43,7,7,3,48,43,1,0,94,220
validation,1500,correct,libero_spatial,3,44,7,7,3,26,44,1,0,102,220
validation,1500,correct,libero_spatial,3,45,7,7,3,11,45,1,1,99,111
validation,1500,correct,libero_spatial,3,46,7,7,3,18,46,0,0,220,220
validation,1500,correct,libero_spatial,3,47,7,7,3,13,47,0,0,220,220
validation,1500,correct,libero_spatial,3,48,7,7,3,12,48,1,0,115,220
validation,1500,correct,libero_spatial,3,49,7,7,3,37,49,1,0,107,220
train,900,correct,libero_10,4,32,7,7,34,48,32,0,0,520,520
train,900,correct,libero_10,4,33,7,7,34,49,33,1,0,281,520
train,900,correct,libero_10,4,34,7,7,34,47,34,1,0,290,520
train,900,correct,libero_10,4,35,7,7,34,46,35,0,0,520,520
train,900,correct,libero_10,5,32,7,7,35,48,32,1,0,220,520
train,900,correct,libero_10,5,33,7,7,35,46,33,0,0,520,520
train,900,correct,libero_10,5,34,7,7,35,49,34,1,1,203,210
train,900,correct,libero_10,5,35,7,7,35,47,35,1,1,213,211
train,900,correct,libero_10,6,32,7,7,36,49,32,0,0,520,520
train,900,correct,libero_10,6,33,7,7,36,48,33,0,1,520,425
train,900,correct,libero_10,6,34,7,7,36,46,34,0,1,520,276
train,900,correct,libero_10,6,35,7,7,36,47,35,0,0,520,520
train,900,correct,libero_10,7,32,7,7,37,49,32,0,0,520,520
train,900,correct,libero_10,7,33,7,7,37,47,33,0,0,520,520
train,900,correct,libero_10,7,34,7,7,37,46,34,0,0,520,520
train,900,correct,libero_10,7,35,7,7,37,48,35,0,0,520,520
train,900,correct,libero_10,8,32,7,7,38,48,32,0,0,520,520
train,900,correct,libero_10,8,33,7,7,38,49,33,0,0,520,520
train,900,correct,libero_10,8,34,7,7,38,46,34,0,0,520,520
train,900,correct,libero_10,8,35,7,7,38,47,35,0,0,520,520
train,900,correct,libero_10,9,32,7,7,39,47,32,0,0,520,520
train,900,correct,libero_10,9,33,7,7,39,48,33,0,0,520,520
train,900,correct,libero_10,9,34,7,7,39,46,34,0,0,520,520
train,900,correct,libero_10,9,35,7,7,39,49,35,0,0,520,520
train,900,correct,libero_goal,0,32,7,7,20,47,32,0,1,300,132
train,900,correct,libero_goal,0,33,7,7,20,48,33,1,0,141,300
train,900,correct,libero_goal,0,34,7,7,20,46,34,1,1,198,201
train,900,correct,libero_goal,0,35,7,7,20,49,35,1,1,264,128
train,900,correct,libero_goal,1,32,7,7,21,47,32,1,1,77,81
train,900,correct,libero_goal,1,33,7,7,21,48,33,1,1,88,93
train,900,correct,libero_goal,1,34,7,7,21,46,34,1,1,79,85
train,900,correct,libero_goal,1,35,7,7,21,49,35,1,1,79,84
train,900,correct,libero_goal,2,32,7,7,22,46,32,0,1,300,116
train,900,correct,libero_goal,2,33,7,7,22,48,33,1,0,178,300
train,900,correct,libero_goal,2,34,7,7,22,49,34,1,0,168,300
train,900,correct,libero_goal,2,35,7,7,22,47,35,1,1,127,129
train,900,correct,libero_goal,5,32,7,7,25,48,32,0,0,300,300
train,900,correct,libero_goal,5,33,7,7,25,47,33,0,0,300,300
train,900,correct,libero_goal,5,34,7,7,25,49,34,0,0,300,300
train,900,correct,libero_goal,5,35,7,7,25,46,35,0,0,300,300
train,900,correct,libero_goal,8,32,7,7,28,49,32,1,1,90,89
train,900,correct,libero_goal,8,33,7,7,28,47,33,1,1,87,91
train,900,correct,libero_goal,8,34,7,7,28,46,34,1,1,79,86
train,900,correct,libero_goal,8,35,7,7,28,48,35,1,1,96,80
train,900,correct,libero_goal,9,32,7,7,29,46,32,0,0,300,300
train,900,correct,libero_goal,9,33,7,7,29,48,33,0,0,300,300
train,900,correct,libero_goal,9,34,7,7,29,49,34,0,0,300,300
train,900,correct,libero_goal,9,35,7,7,29,47,35,0,0,300,300
train,900,correct,libero_object,2,32,7,7,12,48,32,0,1,280,129
train,900,correct,libero_object,2,33,7,7,12,49,33,1,0,141,280
train,900,correct,libero_object,2,34,7,7,12,47,34,0,1,280,122
train,900,correct,libero_object,2,35,7,7,12,46,35,1,1,181,128
train,900,correct,libero_object,4,32,7,7,14,47,32,1,1,147,147
train,900,correct,libero_object,4,33,7,7,14,46,33,0,1,280,166
train,900,correct,libero_object,4,34,7,7,14,49,34,0,1,280,127
train,900,correct,libero_object,4,35,7,7,14,48,35,1,1,141,141
train,900,correct,libero_object,5,32,7,7,15,48,32,0,0,280,280
train,900,correct,libero_object,5,33,7,7,15,47,33,0,0,280,280
train,900,correct,libero_object,5,34,7,7,15,46,34,0,0,280,280
train,900,correct,libero_object,5,35,7,7,15,49,35,1,1,106,144
train,900,correct,libero_object,6,32,7,7,16,48,32,1,0,165,280
train,900,correct,libero_object,6,33,7,7,16,46,33,0,0,280,280
train,900,correct,libero_object,6,34,7,7,16,47,34,1,1,127,137
train,900,correct,libero_object,6,35,7,7,16,49,35,1,1,118,134
train,900,correct,libero_object,8,32,7,7,18,47,32,1,1,154,154
train,900,correct,libero_object,8,33,7,7,18,49,33,1,1,141,146
train,900,correct,libero_object,8,34,7,7,18,46,34,1,1,151,151
train,900,correct,libero_object,8,35,7,7,18,48,35,1,1,141,142
train,900,correct,libero_object,9,32,7,7,19,46,32,0,1,280,123
train,900,correct,libero_object,9,33,7,7,19,47,33,1,1,134,255
train,900,correct,libero_object,9,34,7,7,19,49,34,1,1,117,122
train,900,correct,libero_object,9,35,7,7,19,48,35,1,1,137,120
train,900,correct,libero_spatial,0,32,7,7,0,48,32,1,1,84,87
train,900,correct,libero_spatial,0,33,7,7,0,46,33,1,1,87,91
train,900,correct,libero_spatial,0,34,7,7,0,47,34,0,1,220,83
train,900,correct,libero_spatial,0,35,7,7,0,49,35,1,1,82,98
train,900,correct,libero_spatial,2,32,7,7,2,49,32,1,1,168,100
train,900,correct,libero_spatial,2,33,7,7,2,47,33,1,0,100,220
train,900,correct,libero_spatial,2,34,7,7,2,48,34,1,1,96,117
train,900,correct,libero_spatial,2,35,7,7,2,46,35,1,1,92,98
train,900,correct,libero_spatial,4,32,7,7,4,46,32,1,1,127,133
train,900,correct,libero_spatial,4,33,7,7,4,49,33,0,0,220,220
train,900,correct,libero_spatial,4,34,7,7,4,48,34,0,0,220,220
train,900,correct,libero_spatial,4,35,7,7,4,47,35,1,1,137,139
train,900,correct,libero_spatial,5,32,7,7,5,49,32,0,0,220,220
train,900,correct,libero_spatial,5,33,7,7,5,47,33,0,1,220,149
train,900,correct,libero_spatial,5,34,7,7,5,46,34,1,0,101,220
train,900,correct,libero_spatial,5,35,7,7,5,48,35,1,1,107,92
train,900,correct,libero_spatial,7,32,7,7,7,49,32,1,1,154,181
train,900,correct,libero_spatial,7,33,7,7,7,46,33,1,1,163,157
train,900,correct,libero_spatial,7,34,7,7,7,48,34,1,1,179,198
train,900,correct,libero_spatial,7,35,7,7,7,47,35,1,1,139,160
train,900,correct,libero_spatial,9,32,7,7,9,46,32,0,0,220,220
train,900,correct,libero_spatial,9,33,7,7,9,47,33,1,1,141,131
train,900,correct,libero_spatial,9,34,7,7,9,48,34,0,0,220,220
train,900,correct,libero_spatial,9,35,7,7,9,49,35,0,1,220,129
train,1200,correct,libero_10,4,32,7,7,34,48,32,1,0,212,520
train,1200,correct,libero_10,4,33,7,7,34,49,33,1,1,230,243
train,1200,correct,libero_10,4,34,7,7,34,47,34,1,1,235,299
train,1200,correct,libero_10,4,35,7,7,34,46,35,0,0,520,520
train,1200,correct,libero_10,5,32,7,7,35,48,32,0,0,520,520
train,1200,correct,libero_10,5,33,7,7,35,46,33,0,0,520,520
train,1200,correct,libero_10,5,34,7,7,35,49,34,1,1,165,191
train,1200,correct,libero_10,5,35,7,7,35,47,35,1,1,141,159
train,1200,correct,libero_10,6,32,7,7,36,49,32,1,1,273,492
train,1200,correct,libero_10,6,33,7,7,36,48,33,1,0,476,520
train,1200,correct,libero_10,6,34,7,7,36,46,34,1,1,296,289
train,1200,correct,libero_10,6,35,7,7,36,47,35,1,1,439,284
train,1200,correct,libero_10,7,32,7,7,37,49,32,0,0,520,520
train,1200,correct,libero_10,7,33,7,7,37,47,33,1,1,474,307
train,1200,correct,libero_10,7,34,7,7,37,46,34,0,1,520,296
train,1200,correct,libero_10,7,35,7,7,37,48,35,0,0,520,520
train,1200,correct,libero_10,8,32,7,7,38,48,32,0,0,520,520
train,1200,correct,libero_10,8,33,7,7,38,49,33,0,1,520,458
train,1200,correct,libero_10,8,34,7,7,38,46,34,0,0,520,520
train,1200,correct,libero_10,8,35,7,7,38,47,35,0,0,520,520
train,1200,correct,libero_10,9,32,7,7,39,47,32,0,0,520,520
train,1200,correct,libero_10,9,33,7,7,39,48,33,0,0,520,520
train,1200,correct,libero_10,9,34,7,7,39,46,34,0,0,520,520
train,1200,correct,libero_10,9,35,7,7,39,49,35,0,0,520,520
train,1200,correct,libero_goal,0,32,7,7,20,47,32,1,1,105,135
train,1200,correct,libero_goal,0,33,7,7,20,48,33,0,1,300,134
train,1200,correct,libero_goal,0,34,7,7,20,46,34,1,0,104,300
train,1200,correct,libero_goal,0,35,7,7,20,49,35,0,1,300,170
train,1200,correct,libero_goal,1,32,7,7,21,47,32,1,1,81,79
train,1200,correct,libero_goal,1,33,7,7,21,48,33,1,1,93,94
train,1200,correct,libero_goal,1,34,7,7,21,46,34,1,1,84,84
train,1200,correct,libero_goal,1,35,7,7,21,49,35,1,1,84,84
train,1200,correct,libero_goal,2,32,7,7,22,46,32,1,1,106,104
train,1200,correct,libero_goal,2,33,7,7,22,48,33,0,0,300,300
train,1200,correct,libero_goal,2,34,7,7,22,49,34,1,1,118,101
train,1200,correct,libero_goal,2,35,7,7,22,47,35,1,1,96,165
train,1200,correct,libero_goal,5,32,7,7,25,48,32,0,1,300,131
train,1200,correct,libero_goal,5,33,7,7,25,47,33,0,0,300,300
train,1200,correct,libero_goal,5,34,7,7,25,49,34,1,0,127,300
train,1200,correct,libero_goal,5,35,7,7,25,46,35,0,0,300,300
train,1200,correct,libero_goal,8,32,7,7,28,49,32,1,1,90,92
train,1200,correct,libero_goal,8,33,7,7,28,47,33,1,1,93,90
train,1200,correct,libero_goal,8,34,7,7,28,46,34,1,1,86,84
train,1200,correct,libero_goal,8,35,7,7,28,48,35,0,1,300,73
train,1200,correct,libero_goal,9,32,7,7,29,46,32,0,0,300,300
train,1200,correct,libero_goal,9,33,7,7,29,48,33,0,0,300,300
train,1200,correct,libero_goal,9,34,7,7,29,49,34,0,0,300,300
train,1200,correct,libero_goal,9,35,7,7,29,47,35,0,0,300,300
train,1200,correct,libero_object,2,32,7,7,12,48,32,1,1,182,186
train,1200,correct,libero_object,2,33,7,7,12,49,33,0,1,280,130
train,1200,correct,libero_object,2,34,7,7,12,47,34,1,1,106,126
train,1200,correct,libero_object,2,35,7,7,12,46,35,1,1,121,127
train,1200,correct,libero_object,4,32,7,7,14,47,32,1,1,146,147
train,1200,correct,libero_object,4,33,7,7,14,46,33,0,0,280,280
train,1200,correct,libero_object,4,34,7,7,14,49,34,1,1,135,130
train,1200,correct,libero_object,4,35,7,7,14,48,35,1,1,147,146
train,1200,correct,libero_object,5,32,7,7,15,48,32,1,1,132,172
train,1200,correct,libero_object,5,33,7,7,15,47,33,1,1,220,170
train,1200,correct,libero_object,5,34,7,7,15,46,34,1,0,189,280
train,1200,correct,libero_object,5,35,7,7,15,49,35,1,0,143,280
train,1200,correct,libero_object,6,32,7,7,16,48,32,1,1,171,176
train,1200,correct,libero_object,6,33,7,7,16,46,33,1,1,171,172
train,1200,correct,libero_object,6,34,7,7,16,47,34,1,1,129,128
train,1200,correct,libero_object,6,35,7,7,16,49,35,1,1,119,135
train,1200,correct,libero_object,8,32,7,7,18,47,32,1,0,153,280
train,1200,correct,libero_object,8,33,7,7,18,49,33,1,1,145,145
train,1200,correct,libero_object,8,34,7,7,18,46,34,1,1,133,137
train,1200,correct,libero_object,8,35,7,7,18,48,35,1,1,141,152
train,1200,correct,libero_object,9,32,7,7,19,46,32,1,1,114,203
train,1200,correct,libero_object,9,33,7,7,19,47,33,1,1,106,154
train,1200,correct,libero_object,9,34,7,7,19,49,34,1,1,107,105
train,1200,correct,libero_object,9,35,7,7,19,48,35,1,1,103,109
train,1200,correct,libero_spatial,0,32,7,7,0,48,32,1,1,81,75
train,1200,correct,libero_spatial,0,33,7,7,0,46,33,0,0,220,220
train,1200,correct,libero_spatial,0,34,7,7,0,47,34,1,0,82,220
train,1200,correct,libero_spatial,0,35,7,7,0,49,35,1,1,100,92
train,1200,correct,libero_spatial,2,32,7,7,2,49,32,1,1,98,100
train,1200,correct,libero_spatial,2,33,7,7,2,47,33,1,1,103,99
train,1200,correct,libero_spatial,2,34,7,7,2,48,34,1,1,98,96
train,1200,correct,libero_spatial,2,35,7,7,2,46,35,1,0,100,220
train,1200,correct,libero_spatial,4,32,7,7,4,46,32,1,1,195,132
train,1200,correct,libero_spatial,4,33,7,7,4,49,33,1,1,172,166
train,1200,correct,libero_spatial,4,34,7,7,4,48,34,1,1,142,146
train,1200,correct,libero_spatial,4,35,7,7,4,47,35,1,1,147,134
train,1200,correct,libero_spatial,5,32,7,7,5,49,32,0,0,220,220
train,1200,correct,libero_spatial,5,33,7,7,5,47,33,1,1,94,86
train,1200,correct,libero_spatial,5,34,7,7,5,46,34,1,1,100,89
train,1200,correct,libero_spatial,5,35,7,7,5,48,35,1,1,89,87
train,1200,correct,libero_spatial,7,32,7,7,7,49,32,1,1,130,138
train,1200,correct,libero_spatial,7,33,7,7,7,46,33,1,1,115,134
train,1200,correct,libero_spatial,7,34,7,7,7,48,34,1,1,139,157
train,1200,correct,libero_spatial,7,35,7,7,7,47,35,1,1,144,136
train,1200,correct,libero_spatial,9,32,7,7,9,46,32,1,1,108,112
train,1200,correct,libero_spatial,9,33,7,7,9,47,33,1,1,119,127
train,1200,correct,libero_spatial,9,34,7,7,9,48,34,1,1,110,136
train,1200,correct,libero_spatial,9,35,7,7,9,49,35,1,0,115,220
train,1500,correct,libero_10,4,32,7,7,34,48,32,0,1,520,275
train,1500,correct,libero_10,4,33,7,7,34,49,33,1,1,343,306
train,1500,correct,libero_10,4,34,7,7,34,47,34,1,1,249,248
train,1500,correct,libero_10,4,35,7,7,34,46,35,1,0,509,520
train,1500,correct,libero_10,5,32,7,7,35,48,32,0,1,520,207
train,1500,correct,libero_10,5,33,7,7,35,46,33,0,0,520,520
train,1500,correct,libero_10,5,34,7,7,35,49,34,1,1,180,189
train,1500,correct,libero_10,5,35,7,7,35,47,35,1,1,157,149
train,1500,correct,libero_10,6,32,7,7,36,49,32,0,1,520,279
train,1500,correct,libero_10,6,33,7,7,36,48,33,0,1,520,319
train,1500,correct,libero_10,6,34,7,7,36,46,34,0,1,520,299
train,1500,correct,libero_10,6,35,7,7,36,47,35,1,1,308,280
train,1500,correct,libero_10,7,32,7,7,37,49,32,0,0,520,520
train,1500,correct,libero_10,7,33,7,7,37,47,33,1,1,307,307
train,1500,correct,libero_10,7,34,7,7,37,46,34,0,1,520,272
train,1500,correct,libero_10,7,35,7,7,37,48,35,0,0,520,520
train,1500,correct,libero_10,8,32,7,7,38,48,32,0,0,520,520
train,1500,correct,libero_10,8,33,7,7,38,49,33,0,1,520,434
train,1500,correct,libero_10,8,34,7,7,38,46,34,0,0,520,520
train,1500,correct,libero_10,8,35,7,7,38,47,35,0,0,520,520
train,1500,correct,libero_10,9,32,7,7,39,47,32,0,0,520,520
train,1500,correct,libero_10,9,33,7,7,39,48,33,1,0,394,520
train,1500,correct,libero_10,9,34,7,7,39,46,34,0,0,520,520
train,1500,correct,libero_10,9,35,7,7,39,49,35,0,0,520,520
train,1500,correct,libero_goal,0,32,7,7,20,47,32,1,1,115,143
train,1500,correct,libero_goal,0,33,7,7,20,48,33,0,0,300,300
train,1500,correct,libero_goal,0,34,7,7,20,46,34,1,0,199,300
train,1500,correct,libero_goal,0,35,7,7,20,49,35,0,1,300,296
train,1500,correct,libero_goal,1,32,7,7,21,47,32,1,1,77,80
train,1500,correct,libero_goal,1,33,7,7,21,48,33,1,1,84,85
train,1500,correct,libero_goal,1,34,7,7,21,46,34,1,1,74,82
train,1500,correct,libero_goal,1,35,7,7,21,49,35,1,1,76,79
train,1500,correct,libero_goal,2,32,7,7,22,46,32,1,1,82,101
train,1500,correct,libero_goal,2,33,7,7,22,48,33,1,1,118,136
train,1500,correct,libero_goal,2,34,7,7,22,49,34,1,1,103,125
train,1500,correct,libero_goal,2,35,7,7,22,47,35,1,1,85,95
train,1500,correct,libero_goal,5,32,7,7,25,48,32,0,0,300,300
train,1500,correct,libero_goal,5,33,7,7,25,47,33,0,0,300,300
train,1500,correct,libero_goal,5,34,7,7,25,49,34,1,0,108,300
train,1500,correct,libero_goal,5,35,7,7,25,46,35,0,0,300,300
train,1500,correct,libero_goal,8,32,7,7,28,49,32,1,1,82,79
train,1500,correct,libero_goal,8,33,7,7,28,47,33,1,1,86,87
train,1500,correct,libero_goal,8,34,7,7,28,46,34,1,1,83,77
train,1500,correct,libero_goal,8,35,7,7,28,48,35,1,1,68,65
train,1500,correct,libero_goal,9,32,7,7,29,46,32,0,0,300,300
train,1500,correct,libero_goal,9,33,7,7,29,48,33,0,0,300,300
train,1500,correct,libero_goal,9,34,7,7,29,49,34,0,0,300,300
train,1500,correct,libero_goal,9,35,7,7,29,47,35,0,0,300,300
train,1500,correct,libero_object,2,32,7,7,12,48,32,1,0,183,280
train,1500,correct,libero_object,2,33,7,7,12,49,33,1,1,135,111
train,1500,correct,libero_object,2,34,7,7,12,47,34,1,1,116,123
train,1500,correct,libero_object,2,35,7,7,12,46,35,1,1,129,130
train,1500,correct,libero_object,4,32,7,7,14,47,32,1,1,147,153
train,1500,correct,libero_object,4,33,7,7,14,46,33,0,0,280,280
train,1500,correct,libero_object,4,34,7,7,14,49,34,1,1,136,126
train,1500,correct,libero_object,4,35,7,7,14,48,35,1,1,136,137
train,1500,correct,libero_object,5,32,7,7,15,48,32,0,1,280,174
train,1500,correct,libero_object,5,33,7,7,15,47,33,1,1,129,170
train,1500,correct,libero_object,5,34,7,7,15,46,34,0,0,280,280
train,1500,correct,libero_object,5,35,7,7,15,49,35,0,1,280,201
train,1500,correct,libero_object,6,32,7,7,16,48,32,1,1,138,141
train,1500,correct,libero_object,6,33,7,7,16,46,33,1,1,167,162
train,1500,correct,libero_object,6,34,7,7,16,47,34,1,1,139,138
train,1500,correct,libero_object,6,35,7,7,16,49,35,1,1,141,142
train,1500,correct,libero_object,8,32,7,7,18,47,32,1,0,155,280
train,1500,correct,libero_object,8,33,7,7,18,49,33,1,1,145,145
train,1500,correct,libero_object,8,34,7,7,18,46,34,1,1,136,137
train,1500,correct,libero_object,8,35,7,7,18,48,35,1,1,151,152
train,1500,correct,libero_object,9,32,7,7,19,46,32,1,1,171,120
train,1500,correct,libero_object,9,33,7,7,19,47,33,1,1,115,106
train,1500,correct,libero_object,9,34,7,7,19,49,34,1,1,110,109
train,1500,correct,libero_object,9,35,7,7,19,48,35,1,1,122,122
train,1500,correct,libero_spatial,0,32,7,7,0,48,32,1,1,79,76
train,1500,correct,libero_spatial,0,33,7,7,0,46,33,0,0,220,220
train,1500,correct,libero_spatial,0,34,7,7,0,47,34,1,1,85,83
train,1500,correct,libero_spatial,0,35,7,7,0,49,35,1,1,100,91
train,1500,correct,libero_spatial,2,32,7,7,2,49,32,1,1,95,94
train,1500,correct,libero_spatial,2,33,7,7,2,47,33,1,1,99,97
train,1500,correct,libero_spatial,2,34,7,7,2,48,34,1,1,96,98
train,1500,correct,libero_spatial,2,35,7,7,2,46,35,1,1,98,95
train,1500,correct,libero_spatial,4,32,7,7,4,46,32,1,1,185,125
train,1500,correct,libero_spatial,4,33,7,7,4,49,33,1,1,170,166
train,1500,correct,libero_spatial,4,34,7,7,4,48,34,1,0,152,220
train,1500,correct,libero_spatial,4,35,7,7,4,47,35,1,1,149,135
train,1500,correct,libero_spatial,5,32,7,7,5,49,32,0,0,220,220
train,1500,correct,libero_spatial,5,33,7,7,5,47,33,1,1,90,85
train,1500,correct,libero_spatial,5,34,7,7,5,46,34,1,1,95,93
train,1500,correct,libero_spatial,5,35,7,7,5,48,35,1,1,89,80
train,1500,correct,libero_spatial,7,32,7,7,7,49,32,1,1,160,150
train,1500,correct,libero_spatial,7,33,7,7,7,46,33,1,1,183,194
train,1500,correct,libero_spatial,7,34,7,7,7,48,34,1,1,160,183
train,1500,correct,libero_spatial,7,35,7,7,7,47,35,1,1,135,163
train,1500,correct,libero_spatial,9,32,7,7,9,46,32,1,1,110,112
train,1500,correct,libero_spatial,9,33,7,7,9,47,33,1,1,118,118
train,1500,correct,libero_spatial,9,34,7,7,9,48,34,1,1,106,132
train,1500,correct,libero_spatial,9,35,7,7,9,49,35,1,0,118,220
validation,1500,same_task_other,libero_10,1,0,7,7,31,14,0,1,0,489,520
validation,1500,same_task_other,libero_10,1,1,7,7,31,26,1,0,0,520,520
validation,1500,same_task_other,libero_10,1,2,7,7,31,20,2,1,1,387,307
validation,1500,same_task_other,libero_10,1,3,7,7,31,49,3,1,1,377,255
validation,1500,same_task_other,libero_10,1,4,7,7,31,32,4,0,1,520,367
validation,1500,same_task_other,libero_10,1,5,7,7,31,35,5,0,1,520,386
validation,1500,same_task_other,libero_10,1,6,7,7,31,1,6,0,1,520,323
validation,1500,same_task_other,libero_10,1,7,7,7,31,28,7,0,1,520,260
validation,1500,same_task_other,libero_10,1,8,7,7,31,48,8,1,1,342,331
validation,1500,same_task_other,libero_10,1,9,7,7,31,12,9,0,0,520,520
validation,1500,same_task_other,libero_10,1,10,7,7,31,16,10,1,0,293,520
validation,1500,same_task_other,libero_10,1,11,7,7,31,45,11,0,1,520,312
validation,1500,same_task_other,libero_10,1,12,7,7,31,6,12,1,0,440,520
validation,1500,same_task_other,libero_10,1,13,7,7,31,10,13,1,0,283,520
validation,1500,same_task_other,libero_10,1,14,7,7,31,29,14,1,1,439,391
validation,1500,same_task_other,libero_10,1,15,7,7,31,5,15,0,0,520,520
validation,1500,same_task_other,libero_10,1,16,7,7,31,2,16,1,1,281,280
validation,1500,same_task_other,libero_10,1,17,7,7,31,0,17,0,0,520,520
validation,1500,same_task_other,libero_10,1,18,7,7,31,9,18,0,0,520,520
validation,1500,same_task_other,libero_10,1,19,7,7,31,41,19,0,0,520,520
validation,1500,same_task_other,libero_10,1,20,7,7,31,38,20,1,1,279,301
validation,1500,same_task_other,libero_10,1,21,7,7,31,40,21,0,1,520,366
validation,1500,same_task_other,libero_10,1,22,7,7,31,19,22,1,1,372,331
validation,1500,same_task_other,libero_10,1,23,7,7,31,15,23,0,0,520,520
validation,1500,same_task_other,libero_10,1,24,7,7,31,17,24,1,0,332,520
validation,1500,same_task_other,libero_10,1,25,7,7,31,24,25,0,0,520,520
validation,1500,same_task_other,libero_10,1,26,7,7,31,4,26,0,0,520,520
validation,1500,same_task_other,libero_10,1,27,7,7,31,21,27,1,0,483,520
validation,1500,same_task_other,libero_10,1,28,7,7,31,37,28,0,0,520,520
validation,1500,same_task_other,libero_10,1,29,7,7,31,42,29,1,1,297,331
validation,1500,same_task_other,libero_10,1,30,7,7,31,13,30,0,0,520,520
validation,1500,same_task_other,libero_10,1,31,7,7,31,39,31,1,1,308,442
validation,1500,same_task_other,libero_10,1,32,7,7,31,8,32,1,0,427,520
validation,1500,same_task_other,libero_10,1,33,7,7,31,7,33,0,0,520,520
validation,1500,same_task_other,libero_10,1,34,7,7,31,30,34,0,0,520,520
validation,1500,same_task_other,libero_10,1,35,7,7,31,33,35,0,1,520,436
validation,1500,same_task_other,libero_10,1,36,7,7,31,27,36,0,1,520,352
validation,1500,same_task_other,libero_10,1,37,7,7,31,34,37,1,1,282,282
validation,1500,same_task_other,libero_10,1,38,7,7,31,23,38,1,1,306,337
validation,1500,same_task_other,libero_10,1,39,7,7,31,44,39,0,1,520,416
validation,1500,same_task_other,libero_10,1,40,7,7,31,3,40,0,0,520,520
validation,1500,same_task_other,libero_10,1,41,7,7,31,43,41,1,0,361,520
validation,1500,same_task_other,libero_10,1,42,7,7,31,11,42,0,0,520,520
validation,1500,same_task_other,libero_10,1,43,7,7,31,36,43,1,0,363,520
validation,1500,same_task_other,libero_10,1,44,7,7,31,31,44,0,0,520,520
validation,1500,same_task_other,libero_10,1,45,7,7,31,25,45,0,0,520,520
validation,1500,same_task_other,libero_10,1,46,7,7,31,22,46,0,0,520,520
validation,1500,same_task_other,libero_10,1,47,7,7,31,47,47,0,1,520,421
validation,1500,same_task_other,libero_10,1,48,7,7,31,46,48,1,1,337,292
validation,1500,same_task_other,libero_10,1,49,7,7,31,18,49,0,0,520,520
validation,1500,same_task_other,libero_10,2,0,7,7,32,33,0,0,0,520,520
validation,1500,same_task_other,libero_10,2,1,7,7,32,2,1,0,0,520,520
validation,1500,same_task_other,libero_10,2,2,7,7,32,29,2,0,0,520,520
validation,1500,same_task_other,libero_10,2,3,7,7,32,25,3,0,0,520,520
validation,1500,same_task_other,libero_10,2,4,7,7,32,4,4,0,0,520,520
validation,1500,same_task_other,libero_10,2,5,7,7,32,9,5,0,0,520,520
validation,1500,same_task_other,libero_10,2,6,7,7,32,32,6,0,0,520,520
validation,1500,same_task_other,libero_10,2,7,7,7,32,10,7,0,0,520,520
validation,1500,same_task_other,libero_10,2,8,7,7,32,0,8,0,0,520,520
validation,1500,same_task_other,libero_10,2,9,7,7,32,42,9,0,0,520,520
validation,1500,same_task_other,libero_10,2,10,7,7,32,20,10,0,0,520,520
validation,1500,same_task_other,libero_10,2,11,7,7,32,46,11,0,0,520,520
validation,1500,same_task_other,libero_10,2,12,7,7,32,41,12,0,0,520,520
validation,1500,same_task_other,libero_10,2,13,7,7,32,45,13,0,0,520,520
validation,1500,same_task_other,libero_10,2,14,7,7,32,14,14,0,0,520,520
validation,1500,same_task_other,libero_10,2,15,7,7,32,3,15,0,0,520,520
validation,1500,same_task_other,libero_10,2,16,7,7,32,35,16,0,0,520,520
validation,1500,same_task_other,libero_10,2,17,7,7,32,13,17,0,0,520,520
validation,1500,same_task_other,libero_10,2,18,7,7,32,6,18,0,0,520,520
validation,1500,same_task_other,libero_10,2,19,7,7,32,48,19,0,0,520,520
validation,1500,same_task_other,libero_10,2,20,7,7,32,49,20,0,0,520,520
validation,1500,same_task_other,libero_10,2,21,7,7,32,1,21,0,0,520,520
validation,1500,same_task_other,libero_10,2,22,7,7,32,36,22,0,0,520,520
validation,1500,same_task_other,libero_10,2,23,7,7,32,16,23,0,0,520,520
validation,1500,same_task_other,libero_10,2,24,7,7,32,12,24,0,0,520,520
validation,1500,same_task_other,libero_10,2,25,7,7,32,38,25,0,0,520,520
validation,1500,same_task_other,libero_10,2,26,7,7,32,11,26,0,0,520,520
validation,1500,same_task_other,libero_10,2,27,7,7,32,19,27,0,0,520,520
validation,1500,same_task_other,libero_10,2,28,7,7,32,5,28,0,0,520,520
validation,1500,same_task_other,libero_10,2,29,7,7,32,22,29,0,0,520,520
validation,1500,same_task_other,libero_10,2,30,7,7,32,18,30,0,0,520,520
validation,1500,same_task_other,libero_10,2,31,7,7,32,44,31,0,0,520,520
validation,1500,same_task_other,libero_10,2,32,7,7,32,24,32,0,0,520,520
validation,1500,same_task_other,libero_10,2,33,7,7,32,30,33,0,0,520,520
validation,1500,same_task_other,libero_10,2,34,7,7,32,40,34,0,0,520,520
validation,1500,same_task_other,libero_10,2,35,7,7,32,28,35,0,0,520,520
validation,1500,same_task_other,libero_10,2,36,7,7,32,26,36,0,0,520,520
validation,1500,same_task_other,libero_10,2,37,7,7,32,17,37,0,0,520,520
validation,1500,same_task_other,libero_10,2,38,7,7,32,27,38,0,0,520,520
validation,1500,same_task_other,libero_10,2,39,7,7,32,43,39,0,0,520,520
validation,1500,same_task_other,libero_10,2,40,7,7,32,21,40,0,0,520,520
validation,1500,same_task_other,libero_10,2,41,7,7,32,47,41,0,0,520,520
validation,1500,same_task_other,libero_10,2,42,7,7,32,7,42,0,0,520,520
validation,1500,same_task_other,libero_10,2,43,7,7,32,39,43,0,0,520,520
validation,1500,same_task_other,libero_10,2,44,7,7,32,8,44,0,0,520,520
validation,1500,same_task_other,libero_10,2,45,7,7,32,34,45,0,0,520,520
validation,1500,same_task_other,libero_10,2,46,7,7,32,37,46,0,0,520,520
validation,1500,same_task_other,libero_10,2,47,7,7,32,31,47,0,0,520,520
validation,1500,same_task_other,libero_10,2,48,7,7,32,15,48,0,0,520,520
validation,1500,same_task_other,libero_10,2,49,7,7,32,23,49,0,0,520,520
validation,1500,same_task_other,libero_goal,3,0,7,7,23,2,0,0,0,300,300
validation,1500,same_task_other,libero_goal,3,1,7,7,23,30,1,0,0,300,300
validation,1500,same_task_other,libero_goal,3,2,7,7,23,32,2,0,0,300,300
validation,1500,same_task_other,libero_goal,3,3,7,7,23,25,3,0,0,300,300
validation,1500,same_task_other,libero_goal,3,4,7,7,23,1,4,0,0,300,300
validation,1500,same_task_other,libero_goal,3,5,7,7,23,45,5,0,0,300,300
validation,1500,same_task_other,libero_goal,3,6,7,7,23,46,6,0,0,300,300
validation,1500,same_task_other,libero_goal,3,7,7,7,23,36,7,0,0,300,300
validation,1500,same_task_other,libero_goal,3,8,7,7,23,34,8,0,0,300,300
validation,1500,same_task_other,libero_goal,3,9,7,7,23,19,9,0,0,300,300
validation,1500,same_task_other,libero_goal,3,10,7,7,23,17,10,0,0,300,300
validation,1500,same_task_other,libero_goal,3,11,7,7,23,48,11,0,0,300,300
validation,1500,same_task_other,libero_goal,3,12,7,7,23,20,12,0,0,300,300
validation,1500,same_task_other,libero_goal,3,13,7,7,23,47,13,0,0,300,300
validation,1500,same_task_other,libero_goal,3,14,7,7,23,22,14,0,0,300,300
validation,1500,same_task_other,libero_goal,3,15,7,7,23,43,15,0,0,300,300
validation,1500,same_task_other,libero_goal,3,16,7,7,23,21,16,0,1,300,183
validation,1500,same_task_other,libero_goal,3,17,7,7,23,26,17,0,0,300,300
validation,1500,same_task_other,libero_goal,3,18,7,7,23,31,18,0,0,300,300
validation,1500,same_task_other,libero_goal,3,19,7,7,23,29,19,0,0,300,300
validation,1500,same_task_other,libero_goal,3,20,7,7,23,44,20,0,0,300,300
validation,1500,same_task_other,libero_goal,3,21,7,7,23,49,21,0,0,300,300
validation,1500,same_task_other,libero_goal,3,22,7,7,23,3,22,0,0,300,300
validation,1500,same_task_other,libero_goal,3,23,7,7,23,11,23,0,0,300,300
validation,1500,same_task_other,libero_goal,3,24,7,7,23,13,24,0,0,300,300
validation,1500,same_task_other,libero_goal,3,25,7,7,23,28,25,0,0,300,300
validation,1500,same_task_other,libero_goal,3,26,7,7,23,8,26,0,0,300,300
validation,1500,same_task_other,libero_goal,3,27,7,7,23,33,27,0,0,300,300
validation,1500,same_task_other,libero_goal,3,28,7,7,23,15,28,0,0,300,300
validation,1500,same_task_other,libero_goal,3,29,7,7,23,40,29,0,0,300,300
validation,1500,same_task_other,libero_goal,3,30,7,7,23,38,30,0,0,300,300
validation,1500,same_task_other,libero_goal,3,31,7,7,23,5,31,0,0,300,300
validation,1500,same_task_other,libero_goal,3,32,7,7,23,39,32,0,0,300,300
validation,1500,same_task_other,libero_goal,3,33,7,7,23,6,33,0,0,300,300
validation,1500,same_task_other,libero_goal,3,34,7,7,23,9,34,0,0,300,300
validation,1500,same_task_other,libero_goal,3,35,7,7,23,35,35,0,0,300,300
validation,1500,same_task_other,libero_goal,3,36,7,7,23,23,36,0,0,300,300
validation,1500,same_task_other,libero_goal,3,37,7,7,23,16,37,0,0,300,300
validation,1500,same_task_other,libero_goal,3,38,7,7,23,0,38,0,0,300,300
validation,1500,same_task_other,libero_goal,3,39,7,7,23,4,39,0,0,300,300
validation,1500,same_task_other,libero_goal,3,40,7,7,23,41,40,0,0,300,300
validation,1500,same_task_other,libero_goal,3,41,7,7,23,24,41,0,0,300,300
validation,1500,same_task_other,libero_goal,3,42,7,7,23,7,42,0,0,300,300
validation,1500,same_task_other,libero_goal,3,43,7,7,23,18,43,0,0,300,300
validation,1500,same_task_other,libero_goal,3,44,7,7,23,37,44,0,0,300,300
validation,1500,same_task_other,libero_goal,3,45,7,7,23,12,45,0,0,300,300
validation,1500,same_task_other,libero_goal,3,46,7,7,23,27,46,0,0,300,300
validation,1500,same_task_other,libero_goal,3,47,7,7,23,14,47,0,0,300,300
validation,1500,same_task_other,libero_goal,3,48,7,7,23,10,48,0,0,300,300
validation,1500,same_task_other,libero_goal,3,49,7,7,23,42,49,0,0,300,300
validation,1500,same_task_other,libero_goal,6,0,7,7,26,12,0,1,0,102,300
validation,1500,same_task_other,libero_goal,6,1,7,7,26,25,1,1,0,103,300
validation,1500,same_task_other,libero_goal,6,2,7,7,26,39,2,1,1,100,121
validation,1500,same_task_other,libero_goal,6,3,7,7,26,1,3,1,0,98,300
validation,1500,same_task_other,libero_goal,6,4,7,7,26,16,4,1,1,94,114
validation,1500,same_task_other,libero_goal,6,5,7,7,26,8,5,1,0,116,300
validation,1500,same_task_other,libero_goal,6,6,7,7,26,26,6,1,1,114,117
validation,1500,same_task_other,libero_goal,6,7,7,7,26,7,7,1,1,86,111
validation,1500,same_task_other,libero_goal,6,8,7,7,26,46,8,1,1,101,120
validation,1500,same_task_other,libero_goal,6,9,7,7,26,43,9,1,1,82,97
validation,1500,same_task_other,libero_goal,6,10,7,7,26,24,10,1,0,101,300
validation,1500,same_task_other,libero_goal,6,11,7,7,26,27,11,1,1,102,127
validation,1500,same_task_other,libero_goal,6,12,7,7,26,11,12,1,1,103,127
validation,1500,same_task_other,libero_goal,6,13,7,7,26,18,13,1,1,84,111
validation,1500,same_task_other,libero_goal,6,14,7,7,26,2,14,1,1,98,125
validation,1500,same_task_other,libero_goal,6,15,7,7,26,37,15,1,0,97,300
validation,1500,same_task_other,libero_goal,6,16,7,7,26,19,16,1,0,94,300
validation,1500,same_task_other,libero_goal,6,17,7,7,26,17,17,1,0,101,300
validation,1500,same_task_other,libero_goal,6,18,7,7,26,40,18,1,0,90,300
validation,1500,same_task_other,libero_goal,6,19,7,7,26,3,19,1,1,89,126
validation,1500,same_task_other,libero_goal,6,20,7,7,26,10,20,0,0,300,300
validation,1500,same_task_other,libero_goal,6,21,7,7,26,38,21,1,1,102,116
validation,1500,same_task_other,libero_goal,6,22,7,7,26,48,22,1,1,112,112
validation,1500,same_task_other,libero_goal,6,23,7,7,26,44,23,1,1,141,147
validation,1500,same_task_other,libero_goal,6,24,7,7,26,14,24,1,1,93,148
validation,1500,same_task_other,libero_goal,6,25,7,7,26,22,25,1,1,79,127
validation,1500,same_task_other,libero_goal,6,26,7,7,26,28,26,1,1,120,131
validation,1500,same_task_other,libero_goal,6,27,7,7,26,41,27,1,0,90,300
validation,1500,same_task_other,libero_goal,6,28,7,7,26,5,28,1,1,95,116
validation,1500,same_task_other,libero_goal,6,29,7,7,26,33,29,1,1,90,117
validation,1500,same_task_other,libero_goal,6,30,7,7,26,6,30,1,0,89,300
validation,1500,same_task_other,libero_goal,6,31,7,7,26,29,31,1,1,119,116
validation,1500,same_task_other,libero_goal,6,32,7,7,26,9,32,1,0,101,300
validation,1500,same_task_other,libero_goal,6,33,7,7,26,15,33,1,1,90,114
validation,1500,same_task_other,libero_goal,6,34,7,7,26,49,34,1,1,88,127
validation,1500,same_task_other,libero_goal,6,35,7,7,26,30,35,0,0,300,300
validation,1500,same_task_other,libero_goal,6,36,7,7,26,21,36,1,1,108,121
validation,1500,same_task_other,libero_goal,6,37,7,7,26,47,37,1,1,113,123
validation,1500,same_task_other,libero_goal,6,38,7,7,26,20,38,1,1,88,107
validation,1500,same_task_other,libero_goal,6,39,7,7,26,13,39,1,0,107,300
validation,1500,same_task_other,libero_goal,6,40,7,7,26,31,40,1,1,172,147
validation,1500,same_task_other,libero_goal,6,41,7,7,26,45,41,1,1,99,130
validation,1500,same_task_other,libero_goal,6,42,7,7,26,36,42,1,1,87,137
validation,1500,same_task_other,libero_goal,6,43,7,7,26,34,43,1,1,97,132
validation,1500,same_task_other,libero_goal,6,44,7,7,26,0,44,1,1,98,122
validation,1500,same_task_other,libero_goal,6,45,7,7,26,4,45,1,1,95,119
validation,1500,same_task_other,libero_goal,6,46,7,7,26,32,46,1,1,107,117
validation,1500,same_task_other,libero_goal,6,47,7,7,26,42,47,1,0,77,300
validation,1500,same_task_other,libero_goal,6,48,7,7,26,23,48,0,0,300,300
validation,1500,same_task_other,libero_goal,6,49,7,7,26,35,49,1,1,95,135
validation,1500,same_task_other,libero_object,1,0,7,7,11,1,0,1,0,157,280
validation,1500,same_task_other,libero_object,1,1,7,7,11,27,1,1,0,276,280
validation,1500,same_task_other,libero_object,1,2,7,7,11,29,2,1,0,201,280
validation,1500,same_task_other,libero_object,1,3,7,7,11,19,3,1,1,122,134
validation,1500,same_task_other,libero_object,1,4,7,7,11,6,4,1,1,138,171
validation,1500,same_task_other,libero_object,1,5,7,7,11,25,5,1,1,221,234
validation,1500,same_task_other,libero_object,1,6,7,7,11,2,6,1,0,172,280
validation,1500,same_task_other,libero_object,1,7,7,7,11,8,7,1,1,112,208
validation,1500,same_task_other,libero_object,1,8,7,7,11,12,8,1,1,129,183
validation,1500,same_task_other,libero_object,1,9,7,7,11,33,9,1,0,177,280
validation,1500,same_task_other,libero_object,1,10,7,7,11,21,10,1,0,217,280
validation,1500,same_task_other,libero_object,1,11,7,7,11,20,11,1,1,132,133
validation,1500,same_task_other,libero_object,1,12,7,7,11,47,12,1,0,259,280
validation,1500,same_task_other,libero_object,1,13,7,7,11,40,13,1,1,172,200
validation,1500,same_task_other,libero_object,1,14,7,7,11,31,14,1,0,220,280
validation,1500,same_task_other,libero_object,1,15,7,7,11,15,15,1,1,172,172
validation,1500,same_task_other,libero_object,1,16,7,7,11,0,16,1,0,152,280
validation,1500,same_task_other,libero_object,1,17,7,7,11,35,17,0,1,280,242
validation,1500,same_task_other,libero_object,1,18,7,7,11,30,18,1,0,228,280
validation,1500,same_task_other,libero_object,1,19,7,7,11,13,19,1,1,137,256
validation,1500,same_task_other,libero_object,1,20,7,7,11,10,20,0,0,280,280
validation,1500,same_task_other,libero_object,1,21,7,7,11,45,21,0,0,280,280
validation,1500,same_task_other,libero_object,1,22,7,7,11,46,22,1,1,133,234
validation,1500,same_task_other,libero_object,1,23,7,7,11,34,23,1,1,121,142
validation,1500,same_task_other,libero_object,1,24,7,7,11,4,24,1,1,139,130
validation,1500,same_task_other,libero_object,1,25,7,7,11,48,25,1,1,117,267
validation,1500,same_task_other,libero_object,1,26,7,7,11,43,26,1,1,249,250
validation,1500,same_task_other,libero_object,1,27,7,7,11,7,27,1,1,123,130
validation,1500,same_task_other,libero_object,1,28,7,7,11,9,28,1,0,162,280
validation,1500,same_task_other,libero_object,1,29,7,7,11,49,29,1,1,135,144
validation,1500,same_task_other,libero_object,1,30,7,7,11,41,30,0,0,280,280
validation,1500,same_task_other,libero_object,1,31,7,7,11,36,31,1,0,146,280
validation,1500,same_task_other,libero_object,1,32,7,7,11,14,32,0,0,280,280
validation,1500,same_task_other,libero_object,1,33,7,7,11,5,33,0,1,280,123
validation,1500,same_task_other,libero_object,1,34,7,7,11,28,34,1,0,161,280
validation,1500,same_task_other,libero_object,1,35,7,7,11,39,35,1,1,132,262
validation,1500,same_task_other,libero_object,1,36,7,7,11,42,36,1,1,123,202
validation,1500,same_task_other,libero_object,1,37,7,7,11,32,37,1,1,171,171
validation,1500,same_task_other,libero_object,1,38,7,7,11,26,38,1,1,187,188
validation,1500,same_task_other,libero_object,1,39,7,7,11,22,39,1,1,117,130
validation,1500,same_task_other,libero_object,1,40,7,7,11,24,40,1,1,203,205
validation,1500,same_task_other,libero_object,1,41,7,7,11,18,41,1,0,127,280
validation,1500,same_task_other,libero_object,1,42,7,7,11,44,42,1,1,117,118
validation,1500,same_task_other,libero_object,1,43,7,7,11,37,43,0,0,280,280
validation,1500,same_task_other,libero_object,1,44,7,7,11,17,44,1,1,121,141
validation,1500,same_task_other,libero_object,1,45,7,7,11,16,45,1,1,164,180
validation,1500,same_task_other,libero_object,1,46,7,7,11,11,46,1,0,115,280
validation,1500,same_task_other,libero_object,1,47,7,7,11,3,47,1,1,120,122
validation,1500,same_task_other,libero_object,1,48,7,7,11,23,48,1,0,172,280
validation,1500,same_task_other,libero_object,1,49,7,7,11,38,49,1,0,207,280
validation,1500,same_task_other,libero_object,3,0,7,7,13,0,0,1,0,251,280
validation,1500,same_task_other,libero_object,3,1,7,7,13,37,1,1,1,148,127
validation,1500,same_task_other,libero_object,3,2,7,7,13,35,2,0,0,280,280
validation,1500,same_task_other,libero_object,3,3,7,7,13,26,3,0,0,280,280
validation,1500,same_task_other,libero_object,3,4,7,7,13,9,4,0,0,280,280
validation,1500,same_task_other,libero_object,3,5,7,7,13,1,5,0,0,280,280
validation,1500,same_task_other,libero_object,3,6,7,7,13,41,6,1,1,138,139
validation,1500,same_task_other,libero_object,3,7,7,7,13,45,7,0,0,280,280
validation,1500,same_task_other,libero_object,3,8,7,7,13,42,8,0,0,280,280
validation,1500,same_task_other,libero_object,3,9,7,7,13,20,9,1,1,136,210
validation,1500,same_task_other,libero_object,3,10,7,7,13,33,10,0,1,280,119
validation,1500,same_task_other,libero_object,3,11,7,7,13,31,11,0,0,280,280
validation,1500,same_task_other,libero_object,3,12,7,7,13,11,12,1,0,236,280
validation,1500,same_task_other,libero_object,3,13,7,7,13,25,13,0,0,280,280
validation,1500,same_task_other,libero_object,3,14,7,7,13,15,14,1,1,122,120
validation,1500,same_task_other,libero_object,3,15,7,7,13,19,15,0,0,280,280
validation,1500,same_task_other,libero_object,3,16,7,7,13,3,16,0,0,280,280
validation,1500,same_task_other,libero_object,3,17,7,7,13,2,17,0,0,280,280
validation,1500,same_task_other,libero_object,3,18,7,7,13,17,18,1,0,267,280
validation,1500,same_task_other,libero_object,3,19,7,7,13,14,19,0,0,280,280
validation,1500,same_task_other,libero_object,3,20,7,7,13,47,20,0,0,280,280
validation,1500,same_task_other,libero_object,3,21,7,7,13,21,21,0,0,280,280
validation,1500,same_task_other,libero_object,3,22,7,7,13,30,22,1,0,182,280
validation,1500,same_task_other,libero_object,3,23,7,7,13,12,23,0,0,280,280
validation,1500,same_task_other,libero_object,3,24,7,7,13,10,24,1,0,272,280
validation,1500,same_task_other,libero_object,3,25,7,7,13,22,25,1,1,138,139
validation,1500,same_task_other,libero_object,3,26,7,7,13,24,26,0,0,280,280
validation,1500,same_task_other,libero_object,3,27,7,7,13,13,27,1,0,146,280
validation,1500,same_task_other,libero_object,3,28,7,7,13,32,28,0,1,280,139
validation,1500,same_task_other,libero_object,3,29,7,7,13,16,29,1,0,132,280
validation,1500,same_task_other,libero_object,3,30,7,7,13,43,30,1,0,162,280
validation,1500,same_task_other,libero_object,3,31,7,7,13,27,31,1,0,154,280
validation,1500,same_task_other,libero_object,3,32,7,7,13,40,32,0,0,280,280
validation,1500,same_task_other,libero_object,3,33,7,7,13,34,33,1,1,112,227
validation,1500,same_task_other,libero_object,3,34,7,7,13,18,34,0,0,280,280
validation,1500,same_task_other,libero_object,3,35,7,7,13,38,35,1,0,181,280
validation,1500,same_task_other,libero_object,3,36,7,7,13,29,36,1,0,140,280
validation,1500,same_task_other,libero_object,3,37,7,7,13,28,37,1,1,129,130
validation,1500,same_task_other,libero_object,3,38,7,7,13,7,38,1,0,153,280
validation,1500,same_task_other,libero_object,3,39,7,7,13,8,39,0,0,280,280
validation,1500,same_task_other,libero_object,3,40,7,7,13,36,40,0,0,280,280
validation,1500,same_task_other,libero_object,3,41,7,7,13,49,41,1,0,122,280
validation,1500,same_task_other,libero_object,3,42,7,7,13,5,42,0,1,280,193
validation,1500,same_task_other,libero_object,3,43,7,7,13,39,43,1,1,136,122
validation,1500,same_task_other,libero_object,3,44,7,7,13,46,44,0,0,280,280
validation,1500,same_task_other,libero_object,3,45,7,7,13,4,45,0,0,280,280
validation,1500,same_task_other,libero_object,3,46,7,7,13,48,46,0,0,280,280
validation,1500,same_task_other,libero_object,3,47,7,7,13,23,47,0,0,280,280
validation,1500,same_task_other,libero_object,3,48,7,7,13,44,48,1,1,138,205
validation,1500,same_task_other,libero_object,3,49,7,7,13,6,49,0,0,280,280
validation,1500,same_task_other,libero_spatial,1,0,7,7,1,18,0,0,0,220,220
validation,1500,same_task_other,libero_spatial,1,1,7,7,1,38,1,0,0,220,220
validation,1500,same_task_other,libero_spatial,1,2,7,7,1,6,2,0,0,220,220
validation,1500,same_task_other,libero_spatial,1,3,7,7,1,31,3,0,0,220,220
validation,1500,same_task_other,libero_spatial,1,4,7,7,1,19,4,0,0,220,220
validation,1500,same_task_other,libero_spatial,1,5,7,7,1,1,5,0,0,220,220
validation,1500,same_task_other,libero_spatial,1,6,7,7,1,7,6,0,0,220,220
validation,1500,same_task_other,libero_spatial,1,7,7,7,1,25,7,0,0,220,220
validation,1500,same_task_other,libero_spatial,1,8,7,7,1,21,8,0,0,220,220
validation,1500,same_task_other,libero_spatial,1,9,7,7,1,9,9,0,0,220,220
validation,1500,same_task_other,libero_spatial,1,10,7,7,1,11,10,0,0,220,220
validation,1500,same_task_other,libero_spatial,1,11,7,7,1,41,11,0,0,220,220
validation,1500,same_task_other,libero_spatial,1,12,7,7,1,3,12,0,0,220,220
validation,1500,same_task_other,libero_spatial,1,13,7,7,1,4,13,0,0,220,220
validation,1500,same_task_other,libero_spatial,1,14,7,7,1,35,14,0,0,220,220
validation,1500,same_task_other,libero_spatial,1,15,7,7,1,48,15,0,0,220,220
validation,1500,same_task_other,libero_spatial,1,16,7,7,1,0,16,0,0,220,220
validation,1500,same_task_other,libero_spatial,1,17,7,7,1,26,17,0,0,220,220
validation,1500,same_task_other,libero_spatial,1,18,7,7,1,23,18,0,0,220,220
validation,1500,same_task_other,libero_spatial,1,19,7,7,1,24,19,0,0,220,220
validation,1500,same_task_other,libero_spatial,1,20,7,7,1,44,20,0,0,220,220
validation,1500,same_task_other,libero_spatial,1,21,7,7,1,37,21,0,0,220,220
validation,1500,same_task_other,libero_spatial,1,22,7,7,1,5,22,0,0,220,220
validation,1500,same_task_other,libero_spatial,1,23,7,7,1,13,23,0,0,220,220
validation,1500,same_task_other,libero_spatial,1,24,7,7,1,34,24,0,0,220,220
validation,1500,same_task_other,libero_spatial,1,25,7,7,1,8,25,0,0,220,220
validation,1500,same_task_other,libero_spatial,1,26,7,7,1,17,26,0,0,220,220
validation,1500,same_task_other,libero_spatial,1,27,7,7,1,47,27,0,0,220,220
validation,1500,same_task_other,libero_spatial,1,28,7,7,1,39,28,0,0,220,220
validation,1500,same_task_other,libero_spatial,1,29,7,7,1,29,29,0,0,220,220
validation,1500,same_task_other,libero_spatial,1,30,7,7,1,14,30,0,0,220,220
validation,1500,same_task_other,libero_spatial,1,31,7,7,1,12,31,0,0,220,220
validation,1500,same_task_other,libero_spatial,1,32,7,7,1,49,32,0,0,220,220
validation,1500,same_task_other,libero_spatial,1,33,7,7,1,10,33,0,0,220,220
validation,1500,same_task_other,libero_spatial,1,34,7,7,1,20,34,0,1,220,194
validation,1500,same_task_other,libero_spatial,1,35,7,7,1,28,35,0,0,220,220
validation,1500,same_task_other,libero_spatial,1,36,7,7,1,15,36,0,0,220,220
validation,1500,same_task_other,libero_spatial,1,37,7,7,1,45,37,0,0,220,220
validation,1500,same_task_other,libero_spatial,1,38,7,7,1,2,38,0,0,220,220
validation,1500,same_task_other,libero_spatial,1,39,7,7,1,46,39,0,0,220,220
validation,1500,same_task_other,libero_spatial,1,40,7,7,1,32,40,0,0,220,220
validation,1500,same_task_other,libero_spatial,1,41,7,7,1,22,41,0,0,220,220
validation,1500,same_task_other,libero_spatial,1,42,7,7,1,43,42,0,0,220,220
validation,1500,same_task_other,libero_spatial,1,43,7,7,1,36,43,0,0,220,220
validation,1500,same_task_other,libero_spatial,1,44,7,7,1,40,44,0,0,220,220
validation,1500,same_task_other,libero_spatial,1,45,7,7,1,27,45,0,0,220,220
validation,1500,same_task_other,libero_spatial,1,46,7,7,1,33,46,0,0,220,220
validation,1500,same_task_other,libero_spatial,1,47,7,7,1,42,47,0,0,220,220
validation,1500,same_task_other,libero_spatial,1,48,7,7,1,16,48,0,0,220,220
validation,1500,same_task_other,libero_spatial,1,49,7,7,1,30,49,0,0,220,220
validation,1500,same_task_other,libero_spatial,3,0,7,7,3,19,0,1,0,113,220
validation,1500,same_task_other,libero_spatial,3,1,7,7,3,3,1,1,0,120,220
validation,1500,same_task_other,libero_spatial,3,2,7,7,3,10,2,1,0,106,220
validation,1500,same_task_other,libero_spatial,3,3,7,7,3,33,3,1,0,120,220
validation,1500,same_task_other,libero_spatial,3,4,7,7,3,24,4,0,0,220,220
validation,1500,same_task_other,libero_spatial,3,5,7,7,3,25,5,1,0,118,220
validation,1500,same_task_other,libero_spatial,3,6,7,7,3,31,6,0,0,220,220
validation,1500,same_task_other,libero_spatial,3,7,7,7,3,5,7,1,0,105,220
validation,1500,same_task_other,libero_spatial,3,8,7,7,3,0,8,0,0,220,220
validation,1500,same_task_other,libero_spatial,3,9,7,7,3,18,9,1,0,110,220
validation,1500,same_task_other,libero_spatial,3,10,7,7,3,38,10,1,0,137,220
validation,1500,same_task_other,libero_spatial,3,11,7,7,3,22,11,1,0,110,220
validation,1500,same_task_other,libero_spatial,3,12,7,7,3,16,12,1,0,113,220
validation,1500,same_task_other,libero_spatial,3,13,7,7,3,46,13,0,0,220,220
validation,1500,same_task_other,libero_spatial,3,14,7,7,3,41,14,1,1,106,122
validation,1500,same_task_other,libero_spatial,3,15,7,7,3,27,15,1,1,88,99
validation,1500,same_task_other,libero_spatial,3,16,7,7,3,11,16,0,0,220,220
validation,1500,same_task_other,libero_spatial,3,17,7,7,3,32,17,1,0,98,220
validation,1500,same_task_other,libero_spatial,3,18,7,7,3,36,18,1,0,110,220
validation,1500,same_task_other,libero_spatial,3,19,7,7,3,6,19,1,0,94,220
validation,1500,same_task_other,libero_spatial,3,20,7,7,3,23,20,0,0,220,220
validation,1500,same_task_other,libero_spatial,3,21,7,7,3,47,21,1,1,128,141
validation,1500,same_task_other,libero_spatial,3,22,7,7,3,45,22,0,0,220,220
validation,1500,same_task_other,libero_spatial,3,23,7,7,3,1,23,1,0,102,220
validation,1500,same_task_other,libero_spatial,3,24,7,7,3,20,24,1,0,114,220
validation,1500,same_task_other,libero_spatial,3,25,7,7,3,12,25,0,0,220,220
validation,1500,same_task_other,libero_spatial,3,26,7,7,3,49,26,1,0,115,220
validation,1500,same_task_other,libero_spatial,3,27,7,7,3,39,27,1,0,201,220
validation,1500,same_task_other,libero_spatial,3,28,7,7,3,37,28,0,0,220,220
validation,1500,same_task_other,libero_spatial,3,29,7,7,3,40,29,1,0,100,220
validation,1500,same_task_other,libero_spatial,3,30,7,7,3,26,30,1,0,107,220
validation,1500,same_task_other,libero_spatial,3,31,7,7,3,17,31,0,0,220,220
validation,1500,same_task_other,libero_spatial,3,32,7,7,3,21,32,1,1,120,96
validation,1500,same_task_other,libero_spatial,3,33,7,7,3,14,33,0,0,220,220
validation,1500,same_task_other,libero_spatial,3,34,7,7,3,48,34,1,1,158,109
validation,1500,same_task_other,libero_spatial,3,35,7,7,3,44,35,0,0,220,220
validation,1500,same_task_other,libero_spatial,3,36,7,7,3,34,36,1,0,106,220
validation,1500,same_task_other,libero_spatial,3,37,7,7,3,8,37,1,1,109,119
validation,1500,same_task_other,libero_spatial,3,38,7,7,3,42,38,1,0,97,220
validation,1500,same_task_other,libero_spatial,3,39,7,7,3,2,39,1,0,110,220
validation,1500,same_task_other,libero_spatial,3,40,7,7,3,13,40,0,0,220,220
validation,1500,same_task_other,libero_spatial,3,41,7,7,3,7,41,0,0,220,220
validation,1500,same_task_other,libero_spatial,3,42,7,7,3,9,42,1,1,105,139
validation,1500,same_task_other,libero_spatial,3,43,7,7,3,15,43,1,0,107,220
validation,1500,same_task_other,libero_spatial,3,44,7,7,3,43,44,0,0,220,220
validation,1500,same_task_other,libero_spatial,3,45,7,7,3,28,45,1,1,99,115
validation,1500,same_task_other,libero_spatial,3,46,7,7,3,35,46,0,0,220,220
validation,1500,same_task_other,libero_spatial,3,47,7,7,3,30,47,0,0,220,220
validation,1500,same_task_other,libero_spatial,3,48,7,7,3,29,48,0,0,220,220
validation,1500,same_task_other,libero_spatial,3,49,7,7,3,4,49,1,0,105,220
