suite,task_id,init_state_id,language,reference_label,c600_success,reference_success,c600_steps,reference_steps,same_task_state,same_language,same_env_seed,same_policy_seed_root,policy_noise_prefix_equal,c600_policy_noise_draws,reference_policy_noise_draws,c600_panel_integrity_passed,reference_panel_integrity_passed,c600_arm,c600_suite,c600_task_id,c600_init_state_id,c600_language,c600_wall_seconds,c600_split_role,c600_env_seed,c600_policy_seed_root,c600_condition_id,c600_selection_mode,c600_selection_seed,c600_video_ordinal,c600_language_global_task_id,c600_used_video_global_task_id,c600_used_video_suite,c600_used_video_task_id,c600_teacher_demo_indices,c600_paired_correct_demos,c600_paired_other_demos,c600_video_raw_frame_count,c600_video_sampled_frame_count,c600_single_complete_rank16,c600_writer_invocations,reference_arm,reference_suite,reference_task_id,reference_init_state_id,reference_language,reference_wall_seconds,reference_split_role,reference_env_seed,reference_policy_seed_root,reference_condition_id,reference_selection_mode,reference_selection_seed,reference_video_ordinal,reference_language_global_task_id,reference_used_video_global_task_id,reference_used_video_suite,reference_used_video_task_id,reference_teacher_demo_indices,reference_paired_correct_demos,reference_paired_other_demos,reference_video_raw_frame_count,reference_video_sampled_frame_count,reference_single_complete_rank16,reference_writer_invocations
libero_10,1,0,put both the cream cheese box and the butter in the basket,cross_suite_wrong,0,0,520,520,True,True,True,True,True,104,104,True,True,correct,libero_10,1,0,put both the cream cheese box and the butter in the basket,184.09806050825864,validation,7,7,task_31_demos_47,per_init_ordinal,20260911,0,31,31,libero_10,1,[47],[47],[14],256,52,True,1,cross_suite_wrong,libero_10,1,0,put both the cream cheese box and the butter in the basket,183.7309510409832,validation,7,7,task_31_control_cross_suite_wrong_video_03_demos_47,per_init_ordinal,20260911,0,31,3,libero_spatial,3,[47],[47],[14],90,19,True,1
libero_10,1,1,put both the cream cheese box and the butter in the basket,cross_suite_wrong,0,1,520,509,True,True,True,True,True,104,102,True,True,correct,libero_10,1,1,put both the cream cheese box and the butter in the basket,190.38760935980827,validation,7,7,task_31_demos_09,per_init_ordinal,20260911,1,31,31,libero_10,1,[9],[9],[26],257,53,True,1,cross_suite_wrong,libero_10,1,1,put both the cream cheese box and the butter in the basket,187.9724202612415,validation,7,7,task_31_control_cross_suite_wrong_video_03_demos_09,per_init_ordinal,20260911,1,31,3,libero_spatial,3,[9],[9],[26],129,27,True,1
libero_10,1,2,put both the cream cheese box and the butter in the basket,cross_suite_wrong,1,0,336,520,True,True,True,True,True,68,104,True,True,correct,libero_10,1,2,put both the cream cheese box and the butter in the basket,112.59528587106615,validation,7,7,task_31_demos_03,per_init_ordinal,20260911,2,31,31,libero_10,1,[3],[3],[20],288,59,True,1,cross_suite_wrong,libero_10,1,2,put both the cream cheese box and the butter in the basket,153.52688241750002,validation,7,7,task_31_control_cross_suite_wrong_video_03_demos_03,per_init_ordinal,20260911,2,31,3,libero_spatial,3,[3],[3],[20],115,24,True,1
libero_10,1,3,put both the cream cheese box and the butter in the basket,cross_suite_wrong,1,1,271,267,True,True,True,True,True,55,54,True,True,correct,libero_10,1,3,put both the cream cheese box and the butter in the basket,84.89895335678011,validation,7,7,task_31_demos_32,per_init_ordinal,20260911,3,31,31,libero_10,1,[32],[32],[49],246,50,True,1,cross_suite_wrong,libero_10,1,3,put both the cream cheese box and the butter in the basket,82.68953547440469,validation,7,7,task_31_control_cross_suite_wrong_video_03_demos_32,per_init_ordinal,20260911,3,31,3,libero_spatial,3,[32],[32],[49],99,21,True,1
libero_10,1,4,put both the cream cheese box and the butter in the basket,cross_suite_wrong,0,0,520,520,True,True,True,True,True,104,104,True,True,correct,libero_10,1,4,put both the cream cheese box and the butter in the basket,160.9372600261122,validation,7,7,task_31_demos_15,per_init_ordinal,20260911,4,31,31,libero_10,1,[15],[15],[32],254,52,True,1,cross_suite_wrong,libero_10,1,4,put both the cream cheese box and the butter in the basket,160.19379190448672,validation,7,7,task_31_control_cross_suite_wrong_video_03_demos_15,per_init_ordinal,20260911,4,31,3,libero_spatial,3,[15],[15],[32],119,25,True,1
libero_10,1,5,put both the cream cheese box and the butter in the basket,cross_suite_wrong,1,0,480,520,True,True,True,True,True,96,104,True,True,correct,libero_10,1,5,put both the cream cheese box and the butter in the basket,151.99477200303227,validation,7,7,task_31_demos_18,per_init_ordinal,20260911,5,31,31,libero_10,1,[18],[18],[35],258,53,True,1,cross_suite_wrong,libero_10,1,5,put both the cream cheese box and the butter in the basket,164.95612939819694,validation,7,7,task_31_control_cross_suite_wrong_video_03_demos_18,per_init_ordinal,20260911,5,31,3,libero_spatial,3,[18],[18],[35],171,35,True,1
libero_10,1,6,put both the cream cheese box and the butter in the basket,cross_suite_wrong,1,0,276,520,True,True,True,True,True,56,104,True,True,correct,libero_10,1,6,put both the cream cheese box and the butter in the basket,85.17694646678865,validation,7,7,task_31_demos_34,per_init_ordinal,20260911,6,31,31,libero_10,1,[34],[34],[1],278,57,True,1,cross_suite_wrong,libero_10,1,6,put both the cream cheese box and the butter in the basket,164.47551923338324,validation,7,7,task_31_control_cross_suite_wrong_video_03_demos_34,per_init_ordinal,20260911,6,31,3,libero_spatial,3,[34],[34],[1],89,19,True,1
libero_10,1,7,put both the cream cheese box and the butter in the basket,cross_suite_wrong,0,0,520,520,True,True,True,True,True,104,104,True,True,correct,libero_10,1,7,put both the cream cheese box and the butter in the basket,163.46550362184644,validation,7,7,task_31_demos_11,per_init_ordinal,20260911,7,31,31,libero_10,1,[11],[11],[28],250,51,True,1,cross_suite_wrong,libero_10,1,7,put both the cream cheese box and the butter in the basket,149.05678562633693,validation,7,7,task_31_control_cross_suite_wrong_video_03_demos_11,per_init_ordinal,20260911,7,31,3,libero_spatial,3,[11],[11],[28],97,21,True,1
libero_10,1,8,put both the cream cheese box and the butter in the basket,cross_suite_wrong,0,1,520,364,True,True,True,True,True,104,73,True,True,correct,libero_10,1,8,put both the cream cheese box and the butter in the basket,139.3819111706689,validation,7,7,task_31_demos_31,per_init_ordinal,20260911,8,31,31,libero_10,1,[31],[31],[48],234,48,True,1,cross_suite_wrong,libero_10,1,8,put both the cream cheese box and the butter in the basket,112.59883543942124,validation,7,7,task_31_control_cross_suite_wrong_video_03_demos_31,per_init_ordinal,20260911,8,31,3,libero_spatial,3,[31],[31],[48],99,21,True,1
libero_10,1,9,put both the cream cheese box and the butter in the basket,cross_suite_wrong,1,1,305,248,True,True,True,True,True,61,50,True,True,correct,libero_10,1,9,put both the cream cheese box and the butter in the basket,93.56957251485437,validation,7,7,task_31_demos_45,per_init_ordinal,20260911,9,31,31,libero_10,1,[45],[45],[12],252,52,True,1,cross_suite_wrong,libero_10,1,9,put both the cream cheese box and the butter in the basket,75.43551057763398,validation,7,7,task_31_control_cross_suite_wrong_video_03_demos_45,per_init_ordinal,20260911,9,31,3,libero_spatial,3,[45],[45],[12],99,21,True,1
libero_10,1,10,put both the cream cheese box and the butter in the basket,cross_suite_wrong,1,0,338,520,True,True,True,True,True,68,104,True,True,correct,libero_10,1,10,put both the cream cheese box and the butter in the basket,112.35999350715429,validation,7,7,task_31_demos_49,per_init_ordinal,20260911,10,31,31,libero_10,1,[49],[49],[16],254,52,True,1,cross_suite_wrong,libero_10,1,10,put both the cream cheese box and the butter in the basket,148.2074208855629,validation,7,7,task_31_control_cross_suite_wrong_video_03_demos_49,per_init_ordinal,20260911,10,31,3,libero_spatial,3,[49],[49],[16],90,19,True,1
libero_10,1,11,put both the cream cheese box and the butter in the basket,cross_suite_wrong,0,1,520,288,True,True,True,True,True,104,58,True,True,correct,libero_10,1,11,put both the cream cheese box and the butter in the basket,168.80972575675696,validation,7,7,task_31_demos_28,per_init_ordinal,20260911,11,31,31,libero_10,1,[28],[28],[45],263,54,True,1,cross_suite_wrong,libero_10,1,11,put both the cream cheese box and the butter in the basket,89.96694267913699,validation,7,7,task_31_control_cross_suite_wrong_video_03_demos_28,per_init_ordinal,20260911,11,31,3,libero_spatial,3,[28],[28],[45],95,20,True,1
libero_10,1,12,put both the cream cheese box and the butter in the basket,cross_suite_wrong,0,0,520,520,True,True,True,True,True,104,104,True,True,correct,libero_10,1,12,put both the cream cheese box and the butter in the basket,182.7220871252939,validation,7,7,task_31_demos_39,per_init_ordinal,20260911,12,31,31,libero_10,1,[39],[39],[6],271,55,True,1,cross_suite_wrong,libero_10,1,12,put both the cream cheese box and the butter in the basket,182.42521841358393,validation,7,7,task_31_control_cross_suite_wrong_video_03_demos_39,per_init_ordinal,20260911,12,31,3,libero_spatial,3,[39],[39],[6],92,20,True,1
libero_10,1,13,put both the cream cheese box and the butter in the basket,cross_suite_wrong,0,1,520,312,True,True,True,True,True,104,63,True,True,correct,libero_10,1,13,put both the cream cheese box and the butter in the basket,188.82303437311202,validation,7,7,task_31_demos_43,per_init_ordinal,20260911,13,31,31,libero_10,1,[43],[43],[10],284,58,True,1,cross_suite_wrong,libero_10,1,13,put both the cream cheese box and the butter in the basket,130.6157916393131,validation,7,7,task_31_control_cross_suite_wrong_video_03_demos_43,per_init_ordinal,20260911,13,31,3,libero_spatial,3,[43],[43],[10],102,22,True,1
libero_10,1,14,put both the cream cheese box and the butter in the basket,cross_suite_wrong,1,1,353,391,True,True,True,True,True,71,79,True,True,correct,libero_10,1,14,put both the cream cheese box and the butter in the basket,114.30859788227826,validation,7,7,task_31_demos_12,per_init_ordinal,20260911,14,31,31,libero_10,1,[12],[12],[29],257,53,True,1,cross_suite_wrong,libero_10,1,14,put both the cream cheese box and the butter in the basket,127.49280121177435,validation,7,7,task_31_control_cross_suite_wrong_video_03_demos_12,per_init_ordinal,20260911,14,31,3,libero_spatial,3,[12],[12],[29],93,20,True,1
libero_10,1,15,put both the cream cheese box and the butter in the basket,cross_suite_wrong,0,1,520,369,True,True,True,True,True,104,74,True,True,correct,libero_10,1,15,put both the cream cheese box and the butter in the basket,148.29028536193073,validation,7,7,task_31_demos_38,per_init_ordinal,20260911,15,31,31,libero_10,1,[38],[38],[5],258,53,True,1,cross_suite_wrong,libero_10,1,15,put both the cream cheese box and the butter in the basket,110.0314170094207,validation,7,7,task_31_control_cross_suite_wrong_video_03_demos_38,per_init_ordinal,20260911,15,31,3,libero_spatial,3,[38],[38],[5],97,21,True,1
libero_10,1,16,put both the cream cheese box and the butter in the basket,cross_suite_wrong,1,1,306,306,True,True,True,True,True,62,62,True,True,correct,libero_10,1,16,put both the cream cheese box and the butter in the basket,102.19951527379453,validation,7,7,task_31_demos_35,per_init_ordinal,20260911,16,31,31,libero_10,1,[35],[35],[2],282,58,True,1,cross_suite_wrong,libero_10,1,16,put both the cream cheese box and the butter in the basket,102.56908871885389,validation,7,7,task_31_control_cross_suite_wrong_video_03_demos_35,per_init_ordinal,20260911,16,31,3,libero_spatial,3,[35],[35],[2],101,21,True,1
libero_10,1,17,put both the cream cheese box and the butter in the basket,cross_suite_wrong,0,0,520,520,True,True,True,True,True,104,104,True,True,correct,libero_10,1,17,put both the cream cheese box and the butter in the basket,162.5242070602253,validation,7,7,task_31_demos_33,per_init_ordinal,20260911,17,31,31,libero_10,1,[33],[33],[0],247,51,True,1,cross_suite_wrong,libero_10,1,17,put both the cream cheese box and the butter in the basket,163.3353287363425,validation,7,7,task_31_control_cross_suite_wrong_video_03_demos_33,per_init_ordinal,20260911,17,31,3,libero_spatial,3,[33],[33],[0],111,23,True,1
libero_10,1,18,put both the cream cheese box and the butter in the basket,cross_suite_wrong,1,0,286,520,True,True,True,True,True,58,104,True,True,correct,libero_10,1,18,put both the cream cheese box and the butter in the basket,86.93426809646189,validation,7,7,task_31_demos_42,per_init_ordinal,20260911,18,31,31,libero_10,1,[42],[42],[9],255,52,True,1,cross_suite_wrong,libero_10,1,18,put both the cream cheese box and the butter in the basket,163.0350521672517,validation,7,7,task_31_control_cross_suite_wrong_video_03_demos_42,per_init_ordinal,20260911,18,31,3,libero_spatial,3,[42],[42],[9],89,19,True,1
libero_10,1,19,put both the cream cheese box and the butter in the basket,cross_suite_wrong,1,1,328,459,True,True,True,True,True,66,92,True,True,correct,libero_10,1,19,put both the cream cheese box and the butter in the basket,110.51278461329639,validation,7,7,task_31_demos_24,per_init_ordinal,20260911,19,31,31,libero_10,1,[24],[24],[41],247,51,True,1,cross_suite_wrong,libero_10,1,19,put both the cream cheese box and the butter in the basket,139.9046001425013,validation,7,7,task_31_control_cross_suite_wrong_video_03_demos_24,per_init_ordinal,20260911,19,31,3,libero_spatial,3,[24],[24],[41],96,20,True,1
libero_10,1,20,put both the cream cheese box and the butter in the basket,cross_suite_wrong,1,0,367,520,True,True,True,True,True,74,104,True,True,correct,libero_10,1,20,put both the cream cheese box and the butter in the basket,108.09012685157359,validation,7,7,task_31_demos_21,per_init_ordinal,20260911,20,31,31,libero_10,1,[21],[21],[38],252,52,True,1,cross_suite_wrong,libero_10,1,20,put both the cream cheese box and the butter in the basket,141.30460099410266,validation,7,7,task_31_control_cross_suite_wrong_video_03_demos_21,per_init_ordinal,20260911,20,31,3,libero_spatial,3,[21],[21],[38],96,20,True,1
libero_10,1,21,put both the cream cheese box and the butter in the basket,cross_suite_wrong,1,1,356,375,True,True,True,True,True,72,75,True,True,correct,libero_10,1,21,put both the cream cheese box and the butter in the basket,108.05552811641246,validation,7,7,task_31_demos_23,per_init_ordinal,20260911,21,31,31,libero_10,1,[23],[23],[40],272,56,True,1,cross_suite_wrong,libero_10,1,21,put both the cream cheese box and the butter in the basket,101.32036449201405,validation,7,7,task_31_control_cross_suite_wrong_video_03_demos_23,per_init_ordinal,20260911,21,31,3,libero_spatial,3,[23],[23],[40],97,21,True,1
libero_10,1,22,put both the cream cheese box and the butter in the basket,cross_suite_wrong,1,0,416,520,True,True,True,True,True,84,104,True,True,correct,libero_10,1,22,put both the cream cheese box and the butter in the basket,121.82220425829291,validation,7,7,task_31_demos_02,per_init_ordinal,20260911,22,31,31,libero_10,1,[2],[2],[19],246,50,True,1,cross_suite_wrong,libero_10,1,22,put both the cream cheese box and the butter in the basket,146.79494972154498,validation,7,7,task_31_control_cross_suite_wrong_video_03_demos_02,per_init_ordinal,20260911,22,31,3,libero_spatial,3,[2],[2],[19],95,20,True,1
libero_10,1,23,put both the cream cheese box and the butter in the basket,cross_suite_wrong,0,1,520,355,True,True,True,True,True,104,71,True,True,correct,libero_10,1,23,put both the cream cheese box and the butter in the basket,167.39664966147393,validation,7,7,task_31_demos_48,per_init_ordinal,20260911,23,31,31,libero_10,1,[48],[48],[15],258,53,True,1,cross_suite_wrong,libero_10,1,23,put both the cream cheese box and the butter in the basket,106.69938528072089,validation,7,7,task_31_control_cross_suite_wrong_video_03_demos_48,per_init_ordinal,20260911,23,31,3,libero_spatial,3,[48],[48],[15],100,21,True,1
libero_10,1,24,put both the cream cheese box and the butter in the basket,cross_suite_wrong,1,1,273,316,True,True,True,True,True,55,64,True,True,correct,libero_10,1,24,put both the cream cheese box and the butter in the basket,102.99150796514004,validation,7,7,task_31_demos_00,per_init_ordinal,20260911,24,31,31,libero_10,1,[0],[0],[17],258,53,True,1,cross_suite_wrong,libero_10,1,24,put both the cream cheese box and the butter in the basket,121.63897092081606,validation,7,7,task_31_control_cross_suite_wrong_video_03_demos_00,per_init_ordinal,20260911,24,31,3,libero_spatial,3,[0],[0],[17],99,21,True,1
libero_10,1,25,put both the cream cheese box and the butter in the basket,cross_suite_wrong,0,0,520,520,True,True,True,True,True,104,104,True,True,correct,libero_10,1,25,put both the cream cheese box and the butter in the basket,187.39047310966998,validation,7,7,task_31_demos_07,per_init_ordinal,20260911,25,31,31,libero_10,1,[7],[7],[24],247,51,True,1,cross_suite_wrong,libero_10,1,25,put both the cream cheese box and the butter in the basket,186.8933479040861,validation,7,7,task_31_control_cross_suite_wrong_video_03_demos_07,per_init_ordinal,20260911,25,31,3,libero_spatial,3,[7],[7],[24],95,20,True,1
libero_10,1,26,put both the cream cheese box and the butter in the basket,cross_suite_wrong,0,0,520,520,True,True,True,True,True,104,104,True,True,correct,libero_10,1,26,put both the cream cheese box and the butter in the basket,136.52284736558795,validation,7,7,task_31_demos_37,per_init_ordinal,20260911,26,31,31,libero_10,1,[37],[37],[4],237,49,True,1,cross_suite_wrong,libero_10,1,26,put both the cream cheese box and the butter in the basket,150.52429675869644,validation,7,7,task_31_control_cross_suite_wrong_video_03_demos_37,per_init_ordinal,20260911,26,31,3,libero_spatial,3,[37],[37],[4],97,21,True,1
libero_10,1,27,put both the cream cheese box and the butter in the basket,cross_suite_wrong,1,1,422,425,True,True,True,True,True,85,85,True,True,correct,libero_10,1,27,put both the cream cheese box and the butter in the basket,126.48993903491646,validation,7,7,task_31_demos_04,per_init_ordinal,20260911,27,31,31,libero_10,1,[4],[4],[21],244,50,True,1,cross_suite_wrong,libero_10,1,27,put both the cream cheese box and the butter in the basket,119.8368961121887,validation,7,7,task_31_control_cross_suite_wrong_video_03_demos_04,per_init_ordinal,20260911,27,31,3,libero_spatial,3,[4],[4],[21],103,22,True,1
libero_10,1,28,put both the cream cheese box and the butter in the basket,cross_suite_wrong,0,1,520,512,True,True,True,True,True,104,103,True,True,correct,libero_10,1,28,put both the cream cheese box and the butter in the basket,158.0067532658577,validation,7,7,task_31_demos_20,per_init_ordinal,20260911,28,31,31,libero_10,1,[20],[20],[37],271,55,True,1,cross_suite_wrong,libero_10,1,28,put both the cream cheese box and the butter in the basket,156.33356378320605,validation,7,7,task_31_control_cross_suite_wrong_video_03_demos_20,per_init_ordinal,20260911,28,31,3,libero_spatial,3,[20],[20],[37],96,20,True,1
libero_10,1,29,put both the cream cheese box and the butter in the basket,cross_suite_wrong,0,0,520,520,True,True,True,True,True,104,104,True,True,correct,libero_10,1,29,put both the cream cheese box and the butter in the basket,161.02946295961738,validation,7,7,task_31_demos_25,per_init_ordinal,20260911,29,31,31,libero_10,1,[25],[25],[42],244,50,True,1,cross_suite_wrong,libero_10,1,29,put both the cream cheese box and the butter in the basket,161.84041085932404,validation,7,7,task_31_control_cross_suite_wrong_video_03_demos_25,per_init_ordinal,20260911,29,31,3,libero_spatial,3,[25],[25],[42],98,21,True,1
libero_10,1,30,put both the cream cheese box and the butter in the basket,cross_suite_wrong,0,0,520,520,True,True,True,True,True,104,104,True,True,correct,libero_10,1,30,put both the cream cheese box and the butter in the basket,130.12130836956203,validation,7,7,task_31_demos_46,per_init_ordinal,20260911,30,31,31,libero_10,1,[46],[46],[13],242,50,True,1,cross_suite_wrong,libero_10,1,30,put both the cream cheese box and the butter in the basket,161.66930960677564,validation,7,7,task_31_control_cross_suite_wrong_video_03_demos_46,per_init_ordinal,20260911,30,31,3,libero_spatial,3,[46],[46],[13],103,22,True,1
libero_10,1,31,put both the cream cheese box and the butter in the basket,cross_suite_wrong,0,1,520,355,True,True,True,True,True,104,71,True,True,correct,libero_10,1,31,put both the cream cheese box and the butter in the basket,160.7437799917534,validation,7,7,task_31_demos_22,per_init_ordinal,20260911,31,31,31,libero_10,1,[22],[22],[39],260,53,True,1,cross_suite_wrong,libero_10,1,31,put both the cream cheese box and the butter in the basket,117.32845911663026,validation,7,7,task_31_control_cross_suite_wrong_video_03_demos_22,per_init_ordinal,20260911,31,31,3,libero_spatial,3,[22],[22],[39],96,20,True,1
libero_10,1,32,put both the cream cheese box and the butter in the basket,cross_suite_wrong,0,0,520,520,True,True,True,True,True,104,104,True,True,correct,libero_10,1,32,put both the cream cheese box and the butter in the basket,136.42104483302683,validation,7,7,task_31_demos_41,per_init_ordinal,20260911,32,31,31,libero_10,1,[41],[41],[8],249,51,True,1,cross_suite_wrong,libero_10,1,32,put both the cream cheese box and the butter in the basket,139.72124628163874,validation,7,7,task_31_control_cross_suite_wrong_video_03_demos_41,per_init_ordinal,20260911,32,31,3,libero_spatial,3,[41],[41],[8],114,24,True,1
libero_10,1,33,put both the cream cheese box and the butter in the basket,cross_suite_wrong,0,0,520,520,True,True,True,True,True,104,104,True,True,correct,libero_10,1,33,put both the cream cheese box and the butter in the basket,140.64319320674986,validation,7,7,task_31_demos_40,per_init_ordinal,20260911,33,31,31,libero_10,1,[40],[40],[7],235,48,True,1,cross_suite_wrong,libero_10,1,33,put both the cream cheese box and the butter in the basket,121.31841152813286,validation,7,7,task_31_control_cross_suite_wrong_video_03_demos_40,per_init_ordinal,20260911,33,31,3,libero_spatial,3,[40],[40],[7],95,20,True,1
libero_10,1,34,put both the cream cheese box and the butter in the basket,cross_suite_wrong,1,1,307,286,True,True,True,True,True,62,58,True,True,correct,libero_10,1,34,put both the cream cheese box and the butter in the basket,101.8082803208381,validation,7,7,task_31_demos_13,per_init_ordinal,20260911,34,31,31,libero_10,1,[13],[13],[30],272,56,True,1,cross_suite_wrong,libero_10,1,34,put both the cream cheese box and the butter in the basket,94.06276577990502,validation,7,7,task_31_control_cross_suite_wrong_video_03_demos_13,per_init_ordinal,20260911,34,31,3,libero_spatial,3,[13],[13],[30],99,21,True,1
libero_10,1,35,put both the cream cheese box and the butter in the basket,cross_suite_wrong,0,0,520,520,True,True,True,True,True,104,104,True,True,correct,libero_10,1,35,put both the cream cheese box and the butter in the basket,165.9271778119728,validation,7,7,task_31_demos_16,per_init_ordinal,20260911,35,31,31,libero_10,1,[16],[16],[33],321,65,True,1,cross_suite_wrong,libero_10,1,35,put both the cream cheese box and the butter in the basket,132.57115304935724,validation,7,7,task_31_control_cross_suite_wrong_video_03_demos_16,per_init_ordinal,20260911,35,31,3,libero_spatial,3,[16],[16],[33],101,21,True,1
libero_10,1,36,put both the cream cheese box and the butter in the basket,cross_suite_wrong,0,0,520,520,True,True,True,True,True,104,104,True,True,correct,libero_10,1,36,put both the cream cheese box and the butter in the basket,180.0650156000629,validation,7,7,task_31_demos_10,per_init_ordinal,20260911,36,31,31,libero_10,1,[10],[10],[27],310,63,True,1,cross_suite_wrong,libero_10,1,36,put both the cream cheese box and the butter in the basket,179.66733555309474,validation,7,7,task_31_control_cross_suite_wrong_video_03_demos_10,per_init_ordinal,20260911,36,31,3,libero_spatial,3,[10],[10],[27],89,19,True,1
libero_10,1,37,put both the cream cheese box and the butter in the basket,cross_suite_wrong,1,1,295,282,True,True,True,True,True,59,57,True,True,correct,libero_10,1,37,put both the cream cheese box and the butter in the basket,120.50799519754946,validation,7,7,task_31_demos_17,per_init_ordinal,20260911,37,31,31,libero_10,1,[17],[17],[34],244,50,True,1,cross_suite_wrong,libero_10,1,37,put both the cream cheese box and the butter in the basket,116.86283254809678,validation,7,7,task_31_control_cross_suite_wrong_video_03_demos_17,per_init_ordinal,20260911,37,31,3,libero_spatial,3,[17],[17],[34],94,20,True,1
libero_10,1,38,put both the cream cheese box and the butter in the basket,cross_suite_wrong,1,1,311,313,True,True,True,True,True,63,63,True,True,correct,libero_10,1,38,put both the cream cheese box and the butter in the basket,100.83229013159871,validation,7,7,task_31_demos_06,per_init_ordinal,20260911,38,31,31,libero_10,1,[6],[6],[23],303,62,True,1,cross_suite_wrong,libero_10,1,38,put both the cream cheese box and the butter in the basket,101.70636592898518,validation,7,7,task_31_control_cross_suite_wrong_video_03_demos_06,per_init_ordinal,20260911,38,31,3,libero_spatial,3,[6],[6],[23],111,23,True,1
libero_10,1,39,put both the cream cheese box and the butter in the basket,cross_suite_wrong,0,0,520,520,True,True,True,True,True,104,104,True,True,correct,libero_10,1,39,put both the cream cheese box and the butter in the basket,145.34845062997192,validation,7,7,task_31_demos_27,per_init_ordinal,20260911,39,31,31,libero_10,1,[27],[27],[44],257,53,True,1,cross_suite_wrong,libero_10,1,39,put both the cream cheese box and the butter in the basket,131.45779185649008,validation,7,7,task_31_control_cross_suite_wrong_video_03_demos_27,per_init_ordinal,20260911,39,31,3,libero_spatial,3,[27],[27],[44],101,21,True,1
libero_10,1,40,put both the cream cheese box and the butter in the basket,cross_suite_wrong,0,0,520,520,True,True,True,True,True,104,104,True,True,correct,libero_10,1,40,put both the cream cheese box and the butter in the basket,156.67429879680276,validation,7,7,task_31_demos_36,per_init_ordinal,20260911,40,31,31,libero_10,1,[36],[36],[3],244,50,True,1,cross_suite_wrong,libero_10,1,40,put both the cream cheese box and the butter in the basket,156.1130848666653,validation,7,7,task_31_control_cross_suite_wrong_video_03_demos_36,per_init_ordinal,20260911,40,31,3,libero_spatial,3,[36],[36],[3],92,20,True,1
libero_10,1,41,put both the cream cheese box and the butter in the basket,cross_suite_wrong,0,0,520,520,True,True,True,True,True,104,104,True,True,correct,libero_10,1,41,put both the cream cheese box and the butter in the basket,159.55416164919734,validation,7,7,task_31_demos_26,per_init_ordinal,20260911,41,31,31,libero_10,1,[26],[26],[43],322,66,True,1,cross_suite_wrong,libero_10,1,41,put both the cream cheese box and the butter in the basket,160.3980927336961,validation,7,7,task_31_control_cross_suite_wrong_video_03_demos_26,per_init_ordinal,20260911,41,31,3,libero_spatial,3,[26],[26],[43],92,20,True,1
libero_10,1,42,put both the cream cheese box and the butter in the basket,cross_suite_wrong,0,0,520,520,True,True,True,True,True,104,104,True,True,correct,libero_10,1,42,put both the cream cheese box and the butter in the basket,128.7499890588224,validation,7,7,task_31_demos_44,per_init_ordinal,20260911,42,31,31,libero_10,1,[44],[44],[11],276,56,True,1,cross_suite_wrong,libero_10,1,42,put both the cream cheese box and the butter in the basket,160.30811740737408,validation,7,7,task_31_control_cross_suite_wrong_video_03_demos_44,per_init_ordinal,20260911,42,31,3,libero_spatial,3,[44],[44],[11],113,24,True,1
libero_10,1,43,put both the cream cheese box and the butter in the basket,cross_suite_wrong,0,1,520,355,True,True,True,True,True,104,71,True,True,correct,libero_10,1,43,put both the cream cheese box and the butter in the basket,158.9836734700948,validation,7,7,task_31_demos_19,per_init_ordinal,20260911,43,31,31,libero_10,1,[19],[19],[36],255,52,True,1,cross_suite_wrong,libero_10,1,43,put both the cream cheese box and the butter in the basket,115.93918008543551,validation,7,7,task_31_control_cross_suite_wrong_video_03_demos_19,per_init_ordinal,20260911,43,31,3,libero_spatial,3,[19],[19],[36],100,21,True,1
libero_10,1,44,put both the cream cheese box and the butter in the basket,cross_suite_wrong,1,1,268,275,True,True,True,True,True,54,55,True,True,correct,libero_10,1,44,put both the cream cheese box and the butter in the basket,76.90688860230148,validation,7,7,task_31_demos_14,per_init_ordinal,20260911,44,31,31,libero_10,1,[14],[14],[31],246,50,True,1,cross_suite_wrong,libero_10,1,44,put both the cream cheese box and the butter in the basket,82.4081722451374,validation,7,7,task_31_control_cross_suite_wrong_video_03_demos_14,per_init_ordinal,20260911,44,31,3,libero_spatial,3,[14],[14],[31],100,21,True,1
libero_10,1,45,put both the cream cheese box and the butter in the basket,cross_suite_wrong,0,1,520,276,True,True,True,True,True,104,56,True,True,correct,libero_10,1,45,put both the cream cheese box and the butter in the basket,139.2804864635691,validation,7,7,task_31_demos_08,per_init_ordinal,20260911,45,31,31,libero_10,1,[8],[8],[25],238,49,True,1,cross_suite_wrong,libero_10,1,45,put both the cream cheese box and the butter in the basket,79.58441805746406,validation,7,7,task_31_control_cross_suite_wrong_video_03_demos_08,per_init_ordinal,20260911,45,31,3,libero_spatial,3,[8],[8],[25],111,23,True,1
libero_10,1,46,put both the cream cheese box and the butter in the basket,cross_suite_wrong,1,1,327,363,True,True,True,True,True,66,73,True,True,correct,libero_10,1,46,put both the cream cheese box and the butter in the basket,106.00201807450503,validation,7,7,task_31_demos_05,per_init_ordinal,20260911,46,31,31,libero_10,1,[5],[5],[22],279,57,True,1,cross_suite_wrong,libero_10,1,46,put both the cream cheese box and the butter in the basket,112.35334821045399,validation,7,7,task_31_control_cross_suite_wrong_video_03_demos_05,per_init_ordinal,20260911,46,31,3,libero_spatial,3,[5],[5],[22],99,21,True,1
libero_10,1,47,put both the cream cheese box and the butter in the basket,cross_suite_wrong,0,1,520,410,True,True,True,True,True,104,82,True,True,correct,libero_10,1,47,put both the cream cheese box and the butter in the basket,164.50862396135926,validation,7,7,task_31_demos_30,per_init_ordinal,20260911,47,31,31,libero_10,1,[30],[30],[47],249,51,True,1,cross_suite_wrong,libero_10,1,47,put both the cream cheese box and the butter in the basket,114.85619905311614,validation,7,7,task_31_control_cross_suite_wrong_video_03_demos_30,per_init_ordinal,20260911,47,31,3,libero_spatial,3,[30],[30],[47],86,18,True,1
libero_10,1,48,put both the cream cheese box and the butter in the basket,cross_suite_wrong,1,1,384,311,True,True,True,True,True,77,63,True,True,correct,libero_10,1,48,put both the cream cheese box and the butter in the basket,138.09209258388728,validation,7,7,task_31_demos_29,per_init_ordinal,20260911,48,31,31,libero_10,1,[29],[29],[46],247,51,True,1,cross_suite_wrong,libero_10,1,48,put both the cream cheese box and the butter in the basket,116.59057201258838,validation,7,7,task_31_control_cross_suite_wrong_video_03_demos_29,per_init_ordinal,20260911,48,31,3,libero_spatial,3,[29],[29],[46],106,22,True,1
libero_10,1,49,put both the cream cheese box and the butter in the basket,cross_suite_wrong,1,0,312,520,True,True,True,True,True,63,104,True,True,correct,libero_10,1,49,put both the cream cheese box and the butter in the basket,126.10107806324959,validation,7,7,task_31_demos_01,per_init_ordinal,20260911,49,31,31,libero_10,1,[1],[1],[18],252,52,True,1,cross_suite_wrong,libero_10,1,49,put both the cream cheese box and the butter in the basket,184.18242913112044,validation,7,7,task_31_control_cross_suite_wrong_video_03_demos_01,per_init_ordinal,20260911,49,31,3,libero_spatial,3,[1],[1],[18],101,21,True,1
libero_10,9,0,put the yellow and white mug in the microwave and close it,cross_suite_wrong,0,0,520,520,True,True,True,True,True,104,104,True,True,correct,libero_10,9,0,put the yellow and white mug in the microwave and close it,195.51949795149267,validation,7,7,task_39_demos_47,per_init_ordinal,20260911,0,39,39,libero_10,9,[47],[47],[14],248,51,True,1,cross_suite_wrong,libero_10,9,0,put the yellow and white mug in the microwave and close it,193.9785379199311,validation,7,7,task_39_control_cross_suite_wrong_video_06_demos_47,per_init_ordinal,20260911,0,39,6,libero_spatial,6,[47],[47],[14],119,25,True,1
libero_10,9,1,put the yellow and white mug in the microwave and close it,cross_suite_wrong,0,0,520,520,True,True,True,True,True,104,104,True,True,correct,libero_10,9,1,put the yellow and white mug in the microwave and close it,187.31842342671007,validation,7,7,task_39_demos_48,per_init_ordinal,20260911,1,39,39,libero_10,9,[48],[48],[15],267,55,True,1,cross_suite_wrong,libero_10,9,1,put the yellow and white mug in the microwave and close it,187.25377863645554,validation,7,7,task_39_control_cross_suite_wrong_video_06_demos_48,per_init_ordinal,20260911,1,39,6,libero_spatial,6,[48],[48],[15],159,33,True,1
libero_10,9,2,put the yellow and white mug in the microwave and close it,cross_suite_wrong,0,0,520,520,True,True,True,True,True,104,104,True,True,correct,libero_10,9,2,put the yellow and white mug in the microwave and close it,180.25757620017976,validation,7,7,task_39_demos_04,per_init_ordinal,20260911,2,39,39,libero_10,9,[4],[4],[21],364,74,True,1,cross_suite_wrong,libero_10,9,2,put the yellow and white mug in the microwave and close it,184.15793988481164,validation,7,7,task_39_control_cross_suite_wrong_video_06_demos_04,per_init_ordinal,20260911,2,39,6,libero_spatial,6,[4],[4],[21],123,26,True,1
libero_10,9,3,put the yellow and white mug in the microwave and close it,cross_suite_wrong,0,0,520,520,True,True,True,True,True,104,104,True,True,correct,libero_10,9,3,put the yellow and white mug in the microwave and close it,159.08573926240206,validation,7,7,task_39_demos_27,per_init_ordinal,20260911,3,39,39,libero_10,9,[27],[27],[44],373,76,True,1,cross_suite_wrong,libero_10,9,3,put the yellow and white mug in the microwave and close it,161.07454723119736,validation,7,7,task_39_control_cross_suite_wrong_video_06_demos_27,per_init_ordinal,20260911,3,39,6,libero_spatial,6,[27],[27],[44],129,27,True,1
libero_10,9,4,put the yellow and white mug in the microwave and close it,cross_suite_wrong,0,0,520,520,True,True,True,True,True,104,104,True,True,correct,libero_10,9,4,put the yellow and white mug in the microwave and close it,161.05803969316185,validation,7,7,task_39_demos_17,per_init_ordinal,20260911,4,39,39,libero_10,9,[17],[17],[34],279,57,True,1,cross_suite_wrong,libero_10,9,4,put the yellow and white mug in the microwave and close it,160.38125657197088,validation,7,7,task_39_control_cross_suite_wrong_video_06_demos_17,per_init_ordinal,20260911,4,39,6,libero_spatial,6,[17],[17],[34],141,29,True,1
libero_10,9,5,put the yellow and white mug in the microwave and close it,cross_suite_wrong,0,0,520,520,True,True,True,True,True,104,104,True,True,correct,libero_10,9,5,put the yellow and white mug in the microwave and close it,164.42566309962422,validation,7,7,task_39_demos_26,per_init_ordinal,20260911,5,39,39,libero_10,9,[26],[26],[43],258,53,True,1,cross_suite_wrong,libero_10,9,5,put the yellow and white mug in the microwave and close it,166.65113885048777,validation,7,7,task_39_control_cross_suite_wrong_video_06_demos_26,per_init_ordinal,20260911,5,39,6,libero_spatial,6,[26],[26],[43],122,26,True,1
libero_10,9,6,put the yellow and white mug in the microwave and close it,cross_suite_wrong,0,0,520,520,True,True,True,True,True,104,104,True,True,correct,libero_10,9,6,put the yellow and white mug in the microwave and close it,163.76815752591938,validation,7,7,task_39_demos_11,per_init_ordinal,20260911,6,39,39,libero_10,9,[11],[11],[28],253,52,True,1,cross_suite_wrong,libero_10,9,6,put the yellow and white mug in the microwave and close it,164.82550858613104,validation,7,7,task_39_control_cross_suite_wrong_video_06_demos_11,per_init_ordinal,20260911,6,39,6,libero_spatial,6,[11],[11],[28],111,23,True,1
libero_10,9,7,put the yellow and white mug in the microwave and close it,cross_suite_wrong,0,0,520,520,True,True,True,True,True,104,104,True,True,correct,libero_10,9,7,put the yellow and white mug in the microwave and close it,160.63315929379314,validation,7,7,task_39_demos_45,per_init_ordinal,20260911,7,39,39,libero_10,9,[45],[45],[12],375,76,True,1,cross_suite_wrong,libero_10,9,7,put the yellow and white mug in the microwave and close it,167.75500541739166,validation,7,7,task_39_control_cross_suite_wrong_video_06_demos_45,per_init_ordinal,20260911,7,39,6,libero_spatial,6,[45],[45],[12],154,32,True,1
libero_10,9,8,put the yellow and white mug in the microwave and close it,cross_suite_wrong,0,0,520,520,True,True,True,True,True,104,104,True,True,correct,libero_10,9,8,put the yellow and white mug in the microwave and close it,167.5718965632841,validation,7,7,task_39_demos_41,per_init_ordinal,20260911,8,39,39,libero_10,9,[41],[41],[8],353,72,True,1,cross_suite_wrong,libero_10,9,8,put the yellow and white mug in the microwave and close it,162.5971474684775,validation,7,7,task_39_control_cross_suite_wrong_video_06_demos_41,per_init_ordinal,20260911,8,39,6,libero_spatial,6,[41],[41],[8],133,28,True,1
libero_10,9,9,put the yellow and white mug in the microwave and close it,cross_suite_wrong,0,0,520,520,True,True,True,True,True,104,104,True,True,correct,libero_10,9,9,put the yellow and white mug in the microwave and close it,156.45815790817142,validation,7,7,task_39_demos_21,per_init_ordinal,20260911,9,39,39,libero_10,9,[21],[21],[38],302,62,True,1,cross_suite_wrong,libero_10,9,9,put the yellow and white mug in the microwave and close it,161.53529700357467,validation,7,7,task_39_control_cross_suite_wrong_video_06_demos_21,per_init_ordinal,20260911,9,39,6,libero_spatial,6,[21],[21],[38],108,23,True,1
libero_10,9,10,put the yellow and white mug in the microwave and close it,cross_suite_wrong,0,0,520,520,True,True,True,True,True,104,104,True,True,correct,libero_10,9,10,put the yellow and white mug in the microwave and close it,168.15430404804647,validation,7,7,task_39_demos_18,per_init_ordinal,20260911,10,39,39,libero_10,9,[18],[18],[35],260,53,True,1,cross_suite_wrong,libero_10,9,10,put the yellow and white mug in the microwave and close it,169.09496146906167,validation,7,7,task_39_control_cross_suite_wrong_video_06_demos_18,per_init_ordinal,20260911,10,39,6,libero_spatial,6,[18],[18],[35],130,27,True,1
libero_10,9,11,put the yellow and white mug in the microwave and close it,cross_suite_wrong,0,0,520,520,True,True,True,True,True,104,104,True,True,correct,libero_10,9,11,put the yellow and white mug in the microwave and close it,164.89713960606605,validation,7,7,task_39_demos_32,per_init_ordinal,20260911,11,39,39,libero_10,9,[32],[32],[49],265,54,True,1,cross_suite_wrong,libero_10,9,11,put the yellow and white mug in the microwave and close it,163.00590936560184,validation,7,7,task_39_control_cross_suite_wrong_video_06_demos_32,per_init_ordinal,20260911,11,39,6,libero_spatial,6,[32],[32],[49],124,26,True,1
libero_10,9,12,put the yellow and white mug in the microwave and close it,cross_suite_wrong,0,0,520,520,True,True,True,True,True,104,104,True,True,correct,libero_10,9,12,put the yellow and white mug in the microwave and close it,194.0696471258998,validation,7,7,task_39_demos_02,per_init_ordinal,20260911,12,39,39,libero_10,9,[2],[2],[19],271,55,True,1,cross_suite_wrong,libero_10,9,12,put the yellow and white mug in the microwave and close it,192.8615107620135,validation,7,7,task_39_control_cross_suite_wrong_video_06_demos_02,per_init_ordinal,20260911,12,39,6,libero_spatial,6,[2],[2],[19],125,26,True,1
libero_10,9,13,put the yellow and white mug in the microwave and close it,cross_suite_wrong,0,0,520,520,True,True,True,True,True,104,104,True,True,correct,libero_10,9,13,put the yellow and white mug in the microwave and close it,186.23641077801585,validation,7,7,task_39_demos_05,per_init_ordinal,20260911,13,39,39,libero_10,9,[5],[5],[22],293,60,True,1,cross_suite_wrong,libero_10,9,13,put the yellow and white mug in the microwave and close it,186.10679246485233,validation,7,7,task_39_control_cross_suite_wrong_video_06_demos_05,per_init_ordinal,20260911,13,39,6,libero_spatial,6,[5],[5],[22],130,27,True,1
libero_10,9,14,put the yellow and white mug in the microwave and close it,cross_suite_wrong,0,0,520,520,True,True,True,True,True,104,104,True,True,correct,libero_10,9,14,put the yellow and white mug in the microwave and close it,178.68695016391575,validation,7,7,task_39_demos_23,per_init_ordinal,20260911,14,39,39,libero_10,9,[23],[23],[40],343,70,True,1,cross_suite_wrong,libero_10,9,14,put the yellow and white mug in the microwave and close it,182.87743692379445,validation,7,7,task_39_control_cross_suite_wrong_video_06_demos_23,per_init_ordinal,20260911,14,39,6,libero_spatial,6,[23],[23],[40],120,25,True,1
libero_10,9,15,put the yellow and white mug in the microwave and close it,cross_suite_wrong,0,0,520,520,True,True,True,True,True,104,104,True,True,correct,libero_10,9,15,put the yellow and white mug in the microwave and close it,158.00689063593745,validation,7,7,task_39_demos_10,per_init_ordinal,20260911,15,39,39,libero_10,9,[10],[10],[27],285,58,True,1,cross_suite_wrong,libero_10,9,15,put the yellow and white mug in the microwave and close it,159.61131189391017,validation,7,7,task_39_control_cross_suite_wrong_video_06_demos_10,per_init_ordinal,20260911,15,39,6,libero_spatial,6,[10],[10],[27],127,27,True,1
libero_10,9,16,put the yellow and white mug in the microwave and close it,cross_suite_wrong,0,0,520,520,True,True,True,True,True,104,104,True,True,correct,libero_10,9,16,put the yellow and white mug in the microwave and close it,159.89382208045572,validation,7,7,task_39_demos_44,per_init_ordinal,20260911,16,39,39,libero_10,9,[44],[44],[11],300,61,True,1,cross_suite_wrong,libero_10,9,16,put the yellow and white mug in the microwave and close it,159.19704599585384,validation,7,7,task_39_control_cross_suite_wrong_video_06_demos_44,per_init_ordinal,20260911,16,39,6,libero_spatial,6,[44],[44],[11],133,28,True,1
libero_10,9,17,put the yellow and white mug in the microwave and close it,cross_suite_wrong,0,0,520,520,True,True,True,True,True,104,104,True,True,correct,libero_10,9,17,put the yellow and white mug in the microwave and close it,163.1714085508138,validation,7,7,task_39_demos_30,per_init_ordinal,20260911,17,39,39,libero_10,9,[30],[30],[47],337,69,True,1,cross_suite_wrong,libero_10,9,17,put the yellow and white mug in the microwave and close it,165.32998299319297,validation,7,7,task_39_control_cross_suite_wrong_video_06_demos_30,per_init_ordinal,20260911,17,39,6,libero_spatial,6,[30],[30],[47],135,28,True,1
libero_10,9,18,put the yellow and white mug in the microwave and close it,cross_suite_wrong,0,0,520,520,True,True,True,True,True,104,104,True,True,correct,libero_10,9,18,put the yellow and white mug in the microwave and close it,162.68586097843945,validation,7,7,task_39_demos_08,per_init_ordinal,20260911,18,39,39,libero_10,9,[8],[8],[25],317,65,True,1,cross_suite_wrong,libero_10,9,18,put the yellow and white mug in the microwave and close it,163.4818040765822,validation,7,7,task_39_control_cross_suite_wrong_video_06_demos_08,per_init_ordinal,20260911,18,39,6,libero_spatial,6,[8],[8],[25],133,28,True,1
libero_10,9,19,put the yellow and white mug in the microwave and close it,cross_suite_wrong,0,0,520,520,True,True,True,True,True,104,104,True,True,correct,libero_10,9,19,put the yellow and white mug in the microwave and close it,159.46839642710984,validation,7,7,task_39_demos_25,per_init_ordinal,20260911,19,39,39,libero_10,9,[25],[25],[42],255,52,True,1,cross_suite_wrong,libero_10,9,19,put the yellow and white mug in the microwave and close it,166.25137102231383,validation,7,7,task_39_control_cross_suite_wrong_video_06_demos_25,per_init_ordinal,20260911,19,39,6,libero_spatial,6,[25],[25],[42],146,30,True,1
libero_10,9,20,put the yellow and white mug in the microwave and close it,cross_suite_wrong,0,0,520,520,True,True,True,True,True,104,104,True,True,correct,libero_10,9,20,put the yellow and white mug in the microwave and close it,166.2915286142379,validation,7,7,task_39_demos_29,per_init_ordinal,20260911,20,39,39,libero_10,9,[29],[29],[46],224,46,True,1,cross_suite_wrong,libero_10,9,20,put the yellow and white mug in the microwave and close it,161.3181913215667,validation,7,7,task_39_control_cross_suite_wrong_video_06_demos_29,per_init_ordinal,20260911,20,39,6,libero_spatial,6,[29],[29],[46],123,26,True,1
libero_10,9,21,put the yellow and white mug in the microwave and close it,cross_suite_wrong,0,0,520,520,True,True,True,True,True,104,104,True,True,correct,libero_10,9,21,put the yellow and white mug in the microwave and close it,154.83832847420126,validation,7,7,task_39_demos_37,per_init_ordinal,20260911,21,39,39,libero_10,9,[37],[37],[4],278,57,True,1,cross_suite_wrong,libero_10,9,21,put the yellow and white mug in the microwave and close it,159.86087780818343,validation,7,7,task_39_control_cross_suite_wrong_video_06_demos_37,per_init_ordinal,20260911,21,39,6,libero_spatial,6,[37],[37],[4],125,26,True,1
libero_10,9,22,put the yellow and white mug in the microwave and close it,cross_suite_wrong,0,0,520,520,True,True,True,True,True,104,104,True,True,correct,libero_10,9,22,put the yellow and white mug in the microwave and close it,166.77570040430874,validation,7,7,task_39_demos_16,per_init_ordinal,20260911,22,39,39,libero_10,9,[16],[16],[33],268,55,True,1,cross_suite_wrong,libero_10,9,22,put the yellow and white mug in the microwave and close it,167.7210614308715,validation,7,7,task_39_control_cross_suite_wrong_video_06_demos_16,per_init_ordinal,20260911,22,39,6,libero_spatial,6,[16],[16],[33],118,25,True,1
libero_10,9,23,put the yellow and white mug in the microwave and close it,cross_suite_wrong,0,0,520,520,True,True,True,True,True,104,104,True,True,correct,libero_10,9,23,put the yellow and white mug in the microwave and close it,163.51402459386736,validation,7,7,task_39_demos_28,per_init_ordinal,20260911,23,39,39,libero_10,9,[28],[28],[45],239,49,True,1,cross_suite_wrong,libero_10,9,23,put the yellow and white mug in the microwave and close it,161.81912851333618,validation,7,7,task_39_control_cross_suite_wrong_video_06_demos_28,per_init_ordinal,20260911,23,39,6,libero_spatial,6,[28],[28],[45],155,32,True,1
libero_10,9,24,put the yellow and white mug in the microwave and close it,cross_suite_wrong,0,0,520,520,True,True,True,True,True,104,104,True,True,correct,libero_10,9,24,put the yellow and white mug in the microwave and close it,192.81859882269055,validation,7,7,task_39_demos_07,per_init_ordinal,20260911,24,39,39,libero_10,9,[7],[7],[24],307,63,True,1,cross_suite_wrong,libero_10,9,24,put the yellow and white mug in the microwave and close it,191.8784730443731,validation,7,7,task_39_control_cross_suite_wrong_video_06_demos_07,per_init_ordinal,20260911,24,39,6,libero_spatial,6,[7],[7],[24],123,26,True,1
libero_10,9,25,put the yellow and white mug in the microwave and close it,cross_suite_wrong,0,0,520,520,True,True,True,True,True,104,104,True,True,correct,libero_10,9,25,put the yellow and white mug in the microwave and close it,185.03026339691132,validation,7,7,task_39_demos_46,per_init_ordinal,20260911,25,39,39,libero_10,9,[46],[46],[13],256,52,True,1,cross_suite_wrong,libero_10,9,25,put the yellow and white mug in the microwave and close it,184.9659093124792,validation,7,7,task_39_control_cross_suite_wrong_video_06_demos_46,per_init_ordinal,20260911,25,39,6,libero_spatial,6,[46],[46],[13],122,26,True,1
libero_10,9,26,put the yellow and white mug in the microwave and close it,cross_suite_wrong,0,0,520,520,True,True,True,True,True,104,104,True,True,correct,libero_10,9,26,put the yellow and white mug in the microwave and close it,177.40317651629448,validation,7,7,task_39_demos_03,per_init_ordinal,20260911,26,39,39,libero_10,9,[3],[3],[20],415,84,True,1,cross_suite_wrong,libero_10,9,26,put the yellow and white mug in the microwave and close it,181.68525098636746,validation,7,7,task_39_control_cross_suite_wrong_video_06_demos_03,per_init_ordinal,20260911,26,39,6,libero_spatial,6,[3],[3],[20],108,23,True,1
libero_10,9,27,put the yellow and white mug in the microwave and close it,cross_suite_wrong,0,0,520,520,True,True,True,True,True,104,104,True,True,correct,libero_10,9,27,put the yellow and white mug in the microwave and close it,156.82303107343614,validation,7,7,task_39_demos_34,per_init_ordinal,20260911,27,39,39,libero_10,9,[34],[34],[1],395,80,True,1,cross_suite_wrong,libero_10,9,27,put the yellow and white mug in the microwave and close it,158.62422096636146,validation,7,7,task_39_control_cross_suite_wrong_video_06_demos_34,per_init_ordinal,20260911,27,39,6,libero_spatial,6,[34],[34],[1],115,24,True,1
libero_10,9,28,put the yellow and white mug in the microwave and close it,cross_suite_wrong,0,0,520,520,True,True,True,True,True,104,104,True,True,correct,libero_10,9,28,put the yellow and white mug in the microwave and close it,158.4902480468154,validation,7,7,task_39_demos_49,per_init_ordinal,20260911,28,39,39,libero_10,9,[49],[49],[16],295,60,True,1,cross_suite_wrong,libero_10,9,28,put the yellow and white mug in the microwave and close it,158.06678737141192,validation,7,7,task_39_control_cross_suite_wrong_video_06_demos_49,per_init_ordinal,20260911,28,39,6,libero_spatial,6,[49],[49],[16],152,32,True,1
libero_10,9,29,put the yellow and white mug in the microwave and close it,cross_suite_wrong,0,0,520,520,True,True,True,True,True,104,104,True,True,correct,libero_10,9,29,put the yellow and white mug in the microwave and close it,161.86668586358428,validation,7,7,task_39_demos_36,per_init_ordinal,20260911,29,39,39,libero_10,9,[36],[36],[3],449,91,True,1,cross_suite_wrong,libero_10,9,29,put the yellow and white mug in the microwave and close it,163.90388750098646,validation,7,7,task_39_control_cross_suite_wrong_video_06_demos_36,per_init_ordinal,20260911,29,39,6,libero_spatial,6,[36],[36],[3],130,27,True,1
libero_10,9,30,put the yellow and white mug in the microwave and close it,cross_suite_wrong,0,0,520,520,True,True,True,True,True,104,104,True,True,correct,libero_10,9,30,put the yellow and white mug in the microwave and close it,161.44281000923365,validation,7,7,task_39_demos_01,per_init_ordinal,20260911,30,39,39,libero_10,9,[1],[1],[18],248,51,True,1,cross_suite_wrong,libero_10,9,30,put the yellow and white mug in the microwave and close it,162.0356167703867,validation,7,7,task_39_control_cross_suite_wrong_video_06_demos_01,per_init_ordinal,20260911,30,39,6,libero_spatial,6,[1],[1],[18],137,29,True,1
libero_10,9,31,put the yellow and white mug in the microwave and close it,cross_suite_wrong,0,0,520,520,True,True,True,True,True,104,104,True,True,correct,libero_10,9,31,put the yellow and white mug in the microwave and close it,158.31686669494957,validation,7,7,task_39_demos_35,per_init_ordinal,20260911,31,39,39,libero_10,9,[35],[35],[2],269,55,True,1,cross_suite_wrong,libero_10,9,31,put the yellow and white mug in the microwave and close it,164.95068564079702,validation,7,7,task_39_control_cross_suite_wrong_video_06_demos_35,per_init_ordinal,20260911,31,39,6,libero_spatial,6,[35],[35],[2],122,26,True,1
libero_10,9,32,put the yellow and white mug in the microwave and close it,cross_suite_wrong,0,0,520,520,True,True,True,True,True,104,104,True,True,correct,libero_10,9,32,put the yellow and white mug in the microwave and close it,165.01714306417853,validation,7,7,task_39_demos_24,per_init_ordinal,20260911,32,39,39,libero_10,9,[24],[24],[41],267,55,True,1,cross_suite_wrong,libero_10,9,32,put the yellow and white mug in the microwave and close it,160.1959500219673,validation,7,7,task_39_control_cross_suite_wrong_video_06_demos_24,per_init_ordinal,20260911,32,39,6,libero_spatial,6,[24],[24],[41],133,28,True,1
libero_10,9,33,put the yellow and white mug in the microwave and close it,cross_suite_wrong,0,0,520,520,True,True,True,True,True,104,104,True,True,correct,libero_10,9,33,put the yellow and white mug in the microwave and close it,153.35641094390303,validation,7,7,task_39_demos_38,per_init_ordinal,20260911,33,39,39,libero_10,9,[38],[38],[5],341,69,True,1,cross_suite_wrong,libero_10,9,33,put the yellow and white mug in the microwave and close it,158.45967660378665,validation,7,7,task_39_control_cross_suite_wrong_video_06_demos_38,per_init_ordinal,20260911,33,39,6,libero_spatial,6,[38],[38],[5],131,27,True,1
libero_10,9,34,put the yellow and white mug in the microwave and close it,cross_suite_wrong,0,0,520,520,True,True,True,True,True,104,104,True,True,correct,libero_10,9,34,put the yellow and white mug in the microwave and close it,165.2489848639816,validation,7,7,task_39_demos_31,per_init_ordinal,20260911,34,39,39,libero_10,9,[31],[31],[48],291,59,True,1,cross_suite_wrong,libero_10,9,34,put the yellow and white mug in the microwave and close it,166.1500841844827,validation,7,7,task_39_control_cross_suite_wrong_video_06_demos_31,per_init_ordinal,20260911,34,39,6,libero_spatial,6,[31],[31],[48],141,29,True,1
libero_10,9,35,put the yellow and white mug in the microwave and close it,cross_suite_wrong,0,0,520,520,True,True,True,True,True,104,104,True,True,correct,libero_10,9,35,put the yellow and white mug in the microwave and close it,162.1483996976167,validation,7,7,task_39_demos_33,per_init_ordinal,20260911,35,39,39,libero_10,9,[33],[33],[0],256,52,True,1,cross_suite_wrong,libero_10,9,35,put the yellow and white mug in the microwave and close it,160.56269376538694,validation,7,7,task_39_control_cross_suite_wrong_video_06_demos_33,per_init_ordinal,20260911,35,39,6,libero_spatial,6,[33],[33],[0],113,24,True,1
libero_10,9,36,put the yellow and white mug in the microwave and close it,cross_suite_wrong,0,0,520,520,True,True,True,True,True,104,104,True,True,correct,libero_10,9,36,put the yellow and white mug in the microwave and close it,191.63408022094518,validation,7,7,task_39_demos_13,per_init_ordinal,20260911,36,39,39,libero_10,9,[13],[13],[30],310,63,True,1,cross_suite_wrong,libero_10,9,36,put the yellow and white mug in the microwave and close it,190.60613220278174,validation,7,7,task_39_control_cross_suite_wrong_video_06_demos_13,per_init_ordinal,20260911,36,39,6,libero_spatial,6,[13],[13],[30],124,26,True,1
libero_10,9,37,put the yellow and white mug in the microwave and close it,cross_suite_wrong,0,0,520,520,True,True,True,True,True,104,104,True,True,correct,libero_10,9,37,put the yellow and white mug in the microwave and close it,183.99984324350953,validation,7,7,task_39_demos_19,per_init_ordinal,20260911,37,39,39,libero_10,9,[19],[19],[36],317,65,True,1,cross_suite_wrong,libero_10,9,37,put the yellow and white mug in the microwave and close it,183.95144613459706,validation,7,7,task_39_control_cross_suite_wrong_video_06_demos_19,per_init_ordinal,20260911,37,39,6,libero_spatial,6,[19],[19],[36],113,24,True,1
libero_10,9,38,put the yellow and white mug in the microwave and close it,cross_suite_wrong,0,0,520,520,True,True,True,True,True,104,104,True,True,correct,libero_10,9,38,put the yellow and white mug in the microwave and close it,176.10734384972602,validation,7,7,task_39_demos_40,per_init_ordinal,20260911,38,39,39,libero_10,9,[40],[40],[7],342,70,True,1,cross_suite_wrong,libero_10,9,38,put the yellow and white mug in the microwave and close it,180.39276645239443,validation,7,7,task_39_control_cross_suite_wrong_video_06_demos_40,per_init_ordinal,20260911,38,39,6,libero_spatial,6,[40],[40],[7],110,23,True,1
libero_10,9,39,put the yellow and white mug in the microwave and close it,cross_suite_wrong,0,0,520,520,True,True,True,True,True,104,104,True,True,correct,libero_10,9,39,put the yellow and white mug in the microwave and close it,155.2808772958815,validation,7,7,task_39_demos_09,per_init_ordinal,20260911,39,39,39,libero_10,9,[9],[9],[26],301,61,True,1,cross_suite_wrong,libero_10,9,39,put the yellow and white mug in the microwave and close it,157.37500042654574,validation,7,7,task_39_control_cross_suite_wrong_video_06_demos_09,per_init_ordinal,20260911,39,39,6,libero_spatial,6,[9],[9],[26],113,24,True,1
libero_10,9,40,put the yellow and white mug in the microwave and close it,cross_suite_wrong,0,0,520,520,True,True,True,True,True,104,104,True,True,correct,libero_10,9,40,put the yellow and white mug in the microwave and close it,157.34593504853547,validation,7,7,task_39_demos_12,per_init_ordinal,20260911,40,39,39,libero_10,9,[12],[12],[29],334,68,True,1,cross_suite_wrong,libero_10,9,40,put the yellow and white mug in the microwave and close it,157.0104403514415,validation,7,7,task_39_control_cross_suite_wrong_video_06_demos_12,per_init_ordinal,20260911,40,39,6,libero_spatial,6,[12],[12],[29],124,26,True,1
libero_10,9,41,put the yellow and white mug in the microwave and close it,cross_suite_wrong,0,0,520,520,True,True,True,True,True,104,104,True,True,correct,libero_10,9,41,put the yellow and white mug in the microwave and close it,160.56612577103078,validation,7,7,task_39_demos_42,per_init_ordinal,20260911,41,39,39,libero_10,9,[42],[42],[9],288,59,True,1,cross_suite_wrong,libero_10,9,41,put the yellow and white mug in the microwave and close it,162.60156267601997,validation,7,7,task_39_control_cross_suite_wrong_video_06_demos_42,per_init_ordinal,20260911,41,39,6,libero_spatial,6,[42],[42],[9],114,24,True,1
libero_10,9,42,put the yellow and white mug in the microwave and close it,cross_suite_wrong,0,0,520,520,True,True,True,True,True,104,104,True,True,correct,libero_10,9,42,put the yellow and white mug in the microwave and close it,160.25616890285164,validation,7,7,task_39_demos_14,per_init_ordinal,20260911,42,39,39,libero_10,9,[14],[14],[31],329,67,True,1,cross_suite_wrong,libero_10,9,42,put the yellow and white mug in the microwave and close it,160.66699689254165,validation,7,7,task_39_control_cross_suite_wrong_video_06_demos_14,per_init_ordinal,20260911,42,39,6,libero_spatial,6,[14],[14],[31],141,29,True,1
libero_10,9,43,put the yellow and white mug in the microwave and close it,cross_suite_wrong,0,0,520,520,True,True,True,True,True,104,104,True,True,correct,libero_10,9,43,put the yellow and white mug in the microwave and close it,157.23894856590778,validation,7,7,task_39_demos_22,per_init_ordinal,20260911,43,39,39,libero_10,9,[22],[22],[39],306,62,True,1,cross_suite_wrong,libero_10,9,43,put the yellow and white mug in the microwave and close it,163.50911031570286,validation,7,7,task_39_control_cross_suite_wrong_video_06_demos_22,per_init_ordinal,20260911,43,39,6,libero_spatial,6,[22],[22],[39],124,26,True,1
libero_10,9,44,put the yellow and white mug in the microwave and close it,cross_suite_wrong,0,0,520,520,True,True,True,True,True,104,104,True,True,correct,libero_10,9,44,put the yellow and white mug in the microwave and close it,163.7479587867856,validation,7,7,task_39_demos_15,per_init_ordinal,20260911,44,39,39,libero_10,9,[15],[15],[32],316,64,True,1,cross_suite_wrong,libero_10,9,44,put the yellow and white mug in the microwave and close it,159.10335587337613,validation,7,7,task_39_control_cross_suite_wrong_video_06_demos_15,per_init_ordinal,20260911,44,39,6,libero_spatial,6,[15],[15],[32],106,22,True,1
libero_10,9,45,put the yellow and white mug in the microwave and close it,cross_suite_wrong,0,0,520,520,True,True,True,True,True,104,104,True,True,correct,libero_10,9,45,put the yellow and white mug in the microwave and close it,152.25593429710716,validation,7,7,task_39_demos_43,per_init_ordinal,20260911,45,39,39,libero_10,9,[43],[43],[10],316,64,True,1,cross_suite_wrong,libero_10,9,45,put the yellow and white mug in the microwave and close it,157.45585526898503,validation,7,7,task_39_control_cross_suite_wrong_video_06_demos_43,per_init_ordinal,20260911,45,39,6,libero_spatial,6,[43],[43],[10],107,23,True,1
libero_10,9,46,put the yellow and white mug in the microwave and close it,cross_suite_wrong,0,0,520,520,True,True,True,True,True,104,104,True,True,correct,libero_10,9,46,put the yellow and white mug in the microwave and close it,163.9171014232561,validation,7,7,task_39_demos_00,per_init_ordinal,20260911,46,39,39,libero_10,9,[0],[0],[17],329,67,True,1,cross_suite_wrong,libero_10,9,46,put the yellow and white mug in the microwave and close it,164.7156696114689,validation,7,7,task_39_control_cross_suite_wrong_video_06_demos_00,per_init_ordinal,20260911,46,39,6,libero_spatial,6,[0],[0],[17],123,26,True,1
libero_10,9,47,put the yellow and white mug in the microwave and close it,cross_suite_wrong,0,0,520,520,True,True,True,True,True,104,104,True,True,correct,libero_10,9,47,put the yellow and white mug in the microwave and close it,161.07884085271508,validation,7,7,task_39_demos_20,per_init_ordinal,20260911,47,39,39,libero_10,9,[20],[20],[37],286,58,True,1,cross_suite_wrong,libero_10,9,47,put the yellow and white mug in the microwave and close it,159.5493035018444,validation,7,7,task_39_control_cross_suite_wrong_video_06_demos_20,per_init_ordinal,20260911,47,39,6,libero_spatial,6,[20],[20],[37],122,26,True,1
libero_10,9,48,put the yellow and white mug in the microwave and close it,cross_suite_wrong,0,0,520,520,True,True,True,True,True,104,104,True,True,correct,libero_10,9,48,put the yellow and white mug in the microwave and close it,190.50905976630747,validation,7,7,task_39_demos_39,per_init_ordinal,20260911,48,39,39,libero_10,9,[39],[39],[6],345,70,True,1,cross_suite_wrong,libero_10,9,48,put the yellow and white mug in the microwave and close it,189.23815178778023,validation,7,7,task_39_control_cross_suite_wrong_video_06_demos_39,per_init_ordinal,20260911,48,39,6,libero_spatial,6,[39],[39],[6],117,25,True,1
libero_10,9,49,put the yellow and white mug in the microwave and close it,cross_suite_wrong,0,0,520,520,True,True,True,True,True,104,104,True,True,correct,libero_10,9,49,put the yellow and white mug in the microwave and close it,182.80942092556506,validation,7,7,task_39_demos_06,per_init_ordinal,20260911,49,39,39,libero_10,9,[6],[6],[23],317,65,True,1,cross_suite_wrong,libero_10,9,49,put the yellow and white mug in the microwave and close it,182.87642471678555,validation,7,7,task_39_control_cross_suite_wrong_video_06_demos_06,per_init_ordinal,20260911,49,39,6,libero_spatial,6,[6],[6],[23],124,26,True,1
libero_goal,3,0,open the top drawer and put the bowl inside,cross_suite_wrong,0,0,300,300,True,True,True,True,True,60,60,True,True,correct,libero_goal,3,0,open the top drawer and put the bowl inside,157.34329655393958,validation,7,7,task_23_demos_35,per_init_ordinal,20260911,0,23,23,libero_goal,3,[35],[35],[2],186,38,True,1,cross_suite_wrong,libero_goal,3,0,open the top drawer and put the bowl inside,160.31111745536327,validation,7,7,task_23_control_cross_suite_wrong_video_31_demos_35,per_init_ordinal,20260911,0,23,31,libero_10,1,[35],[35],[2],282,58,True,1
libero_goal,3,1,open the top drawer and put the bowl inside,cross_suite_wrong,0,0,300,300,True,True,True,True,True,60,60,True,True,correct,libero_goal,3,1,open the top drawer and put the bowl inside,156.34679816477,validation,7,7,task_23_demos_13,per_init_ordinal,20260911,1,23,23,libero_goal,3,[13],[13],[30],190,39,True,1,cross_suite_wrong,libero_goal,3,1,open the top drawer and put the bowl inside,159.13853243086487,validation,7,7,task_23_control_cross_suite_wrong_video_31_demos_13,per_init_ordinal,20260911,1,23,31,libero_10,1,[13],[13],[30],272,56,True,1
libero_goal,3,2,open the top drawer and put the bowl inside,cross_suite_wrong,0,0,300,300,True,True,True,True,True,60,60,True,True,correct,libero_goal,3,2,open the top drawer and put the bowl inside,155.40591982286423,validation,7,7,task_23_demos_15,per_init_ordinal,20260911,2,23,23,libero_goal,3,[15],[15],[32],185,38,True,1,cross_suite_wrong,libero_goal,3,2,open the top drawer and put the bowl inside,158.21208642516285,validation,7,7,task_23_control_cross_suite_wrong_video_31_demos_15,per_init_ordinal,20260911,2,23,31,libero_10,1,[15],[15],[32],254,52,True,1
libero_goal,3,3,open the top drawer and put the bowl inside,cross_suite_wrong,0,0,300,300,True,True,True,True,True,60,60,True,True,correct,libero_goal,3,3,open the top drawer and put the bowl inside,154.35772839840502,validation,7,7,task_23_demos_08,per_init_ordinal,20260911,3,23,23,libero_goal,3,[8],[8],[25],184,38,True,1,cross_suite_wrong,libero_goal,3,3,open the top drawer and put the bowl inside,157.22429287992418,validation,7,7,task_23_control_cross_suite_wrong_video_31_demos_08,per_init_ordinal,20260911,3,23,31,libero_10,1,[8],[8],[25],238,49,True,1
libero_goal,3,4,open the top drawer and put the bowl inside,cross_suite_wrong,0,0,300,300,True,True,True,True,True,60,60,True,True,correct,libero_goal,3,4,open the top drawer and put the bowl inside,153.42294570803642,validation,7,7,task_23_demos_34,per_init_ordinal,20260911,4,23,23,libero_goal,3,[34],[34],[1],198,41,True,1,cross_suite_wrong,libero_goal,3,4,open the top drawer and put the bowl inside,156.32536884211004,validation,7,7,task_23_control_cross_suite_wrong_video_31_demos_34,per_init_ordinal,20260911,4,23,31,libero_10,1,[34],[34],[1],278,57,True,1
libero_goal,3,5,open the top drawer and put the bowl inside,cross_suite_wrong,0,0,300,300,True,True,True,True,True,60,60,True,True,correct,libero_goal,3,5,open the top drawer and put the bowl inside,152.35035042650998,validation,7,7,task_23_demos_28,per_init_ordinal,20260911,5,23,23,libero_goal,3,[28],[28],[45],270,55,True,1,cross_suite_wrong,libero_goal,3,5,open the top drawer and put the bowl inside,155.38413317874074,validation,7,7,task_23_control_cross_suite_wrong_video_31_demos_28,per_init_ordinal,20260911,5,23,31,libero_10,1,[28],[28],[45],263,54,True,1
libero_goal,3,6,open the top drawer and put the bowl inside,cross_suite_wrong,0,0,300,300,True,True,True,True,True,60,60,True,True,correct,libero_goal,3,6,open the top drawer and put the bowl inside,151.44858727417886,validation,7,7,task_23_demos_29,per_init_ordinal,20260911,6,23,23,libero_goal,3,[29],[29],[46],202,42,True,1,cross_suite_wrong,libero_goal,3,6,open the top drawer and put the bowl inside,154.54141837917268,validation,7,7,task_23_control_cross_suite_wrong_video_31_demos_29,per_init_ordinal,20260911,6,23,31,libero_10,1,[29],[29],[46],247,51,True,1
libero_goal,3,7,open the top drawer and put the bowl inside,cross_suite_wrong,0,0,300,300,True,True,True,True,True,60,60,True,True,correct,libero_goal,3,7,open the top drawer and put the bowl inside,150.60480062197894,validation,7,7,task_23_demos_19,per_init_ordinal,20260911,7,23,23,libero_goal,3,[19],[19],[36],196,40,True,1,cross_suite_wrong,libero_goal,3,7,open the top drawer and put the bowl inside,153.50569190178066,validation,7,7,task_23_control_cross_suite_wrong_video_31_demos_19,per_init_ordinal,20260911,7,23,31,libero_10,1,[19],[19],[36],255,52,True,1
libero_goal,3,8,open the top drawer and put the bowl inside,cross_suite_wrong,0,0,300,300,True,True,True,True,True,60,60,True,True,correct,libero_goal,3,8,open the top drawer and put the bowl inside,159.77438573539257,validation,7,7,task_23_demos_17,per_init_ordinal,20260911,8,23,23,libero_goal,3,[17],[17],[34],177,37,True,1,cross_suite_wrong,libero_goal,3,8,open the top drawer and put the bowl inside,158.99599740095437,validation,7,7,task_23_control_cross_suite_wrong_video_31_demos_17,per_init_ordinal,20260911,8,23,31,libero_10,1,[17],[17],[34],244,50,True,1
libero_goal,3,9,open the top drawer and put the bowl inside,cross_suite_wrong,0,0,300,300,True,True,True,True,True,60,60,True,True,correct,libero_goal,3,9,open the top drawer and put the bowl inside,158.7752473866567,validation,7,7,task_23_demos_02,per_init_ordinal,20260911,9,23,23,libero_goal,3,[2],[2],[19],284,58,True,1,cross_suite_wrong,libero_goal,3,9,open the top drawer and put the bowl inside,158.04587464407086,validation,7,7,task_23_control_cross_suite_wrong_video_31_demos_02,per_init_ordinal,20260911,9,23,31,libero_10,1,[2],[2],[19],246,50,True,1
libero_goal,3,10,open the top drawer and put the bowl inside,cross_suite_wrong,0,0,300,300,True,True,True,True,True,60,60,True,True,correct,libero_goal,3,10,open the top drawer and put the bowl inside,157.50644455756992,validation,7,7,task_23_demos_00,per_init_ordinal,20260911,10,23,23,libero_goal,3,[0],[0],[17],170,35,True,1,cross_suite_wrong,libero_goal,3,10,open the top drawer and put the bowl inside,157.02128537930548,validation,7,7,task_23_control_cross_suite_wrong_video_31_demos_00,per_init_ordinal,20260911,10,23,31,libero_10,1,[0],[0],[17],258,53,True,1
libero_goal,3,11,open the top drawer and put the bowl inside,cross_suite_wrong,0,0,300,300,True,True,True,True,True,60,60,True,True,correct,libero_goal,3,11,open the top drawer and put the bowl inside,156.4794701607898,validation,7,7,task_23_demos_31,per_init_ordinal,20260911,11,23,23,libero_goal,3,[31],[31],[48],206,42,True,1,cross_suite_wrong,libero_goal,3,11,open the top drawer and put the bowl inside,156.10579825937748,validation,7,7,task_23_control_cross_suite_wrong_video_31_demos_31,per_init_ordinal,20260911,11,23,31,libero_10,1,[31],[31],[48],234,48,True,1
libero_goal,3,12,open the top drawer and put the bowl inside,cross_suite_wrong,0,0,300,300,True,True,True,True,True,60,60,True,True,correct,libero_goal,3,12,open the top drawer and put the bowl inside,155.4476924724877,validation,7,7,task_23_demos_03,per_init_ordinal,20260911,12,23,23,libero_goal,3,[3],[3],[20],199,41,True,1,cross_suite_wrong,libero_goal,3,12,open the top drawer and put the bowl inside,155.13026564195752,validation,7,7,task_23_control_cross_suite_wrong_video_31_demos_03,per_init_ordinal,20260911,12,23,31,libero_10,1,[3],[3],[20],288,59,True,1
libero_goal,3,13,open the top drawer and put the bowl inside,cross_suite_wrong,0,0,300,300,True,True,True,True,True,60,60,True,True,correct,libero_goal,3,13,open the top drawer and put the bowl inside,154.31467541866004,validation,7,7,task_23_demos_30,per_init_ordinal,20260911,13,23,23,libero_goal,3,[30],[30],[47],199,41,True,1,cross_suite_wrong,libero_goal,3,13,open the top drawer and put the bowl inside,154.18094178568572,validation,7,7,task_23_control_cross_suite_wrong_video_31_demos_30,per_init_ordinal,20260911,13,23,31,libero_10,1,[30],[30],[47],249,51,True,1
libero_goal,3,14,open the top drawer and put the bowl inside,cross_suite_wrong,0,0,300,300,True,True,True,True,True,60,60,True,True,correct,libero_goal,3,14,open the top drawer and put the bowl inside,153.18467184249312,validation,7,7,task_23_demos_05,per_init_ordinal,20260911,14,23,23,libero_goal,3,[5],[5],[22],176,36,True,1,cross_suite_wrong,libero_goal,3,14,open the top drawer and put the bowl inside,153.3197617828846,validation,7,7,task_23_control_cross_suite_wrong_video_31_demos_05,per_init_ordinal,20260911,14,23,31,libero_10,1,[5],[5],[22],279,57,True,1
libero_goal,3,15,open the top drawer and put the bowl inside,cross_suite_wrong,0,0,300,300,True,True,True,True,True,60,60,True,True,correct,libero_goal,3,15,open the top drawer and put the bowl inside,152.22814618982375,validation,7,7,task_23_demos_26,per_init_ordinal,20260911,15,23,23,libero_goal,3,[26],[26],[43],229,47,True,1,cross_suite_wrong,libero_goal,3,15,open the top drawer and put the bowl inside,152.4765858175233,validation,7,7,task_23_control_cross_suite_wrong_video_31_demos_26,per_init_ordinal,20260911,15,23,31,libero_10,1,[26],[26],[43],322,66,True,1
libero_goal,3,16,open the top drawer and put the bowl inside,cross_suite_wrong,0,0,300,300,True,True,True,True,True,60,60,True,True,correct,libero_goal,3,16,open the top drawer and put the bowl inside,161.67736732307822,validation,7,7,task_23_demos_04,per_init_ordinal,20260911,16,23,23,libero_goal,3,[4],[4],[21],250,51,True,1,cross_suite_wrong,libero_goal,3,16,open the top drawer and put the bowl inside,164.66475113201886,validation,7,7,task_23_control_cross_suite_wrong_video_31_demos_04,per_init_ordinal,20260911,16,23,31,libero_10,1,[4],[4],[21],244,50,True,1
libero_goal,3,17,open the top drawer and put the bowl inside,cross_suite_wrong,0,0,300,300,True,True,True,True,True,60,60,True,True,correct,libero_goal,3,17,open the top drawer and put the bowl inside,160.31565188243985,validation,7,7,task_23_demos_09,per_init_ordinal,20260911,17,23,23,libero_goal,3,[9],[9],[26],173,36,True,1,cross_suite_wrong,libero_goal,3,17,open the top drawer and put the bowl inside,163.52603864017874,validation,7,7,task_23_control_cross_suite_wrong_video_31_demos_09,per_init_ordinal,20260911,17,23,31,libero_10,1,[9],[9],[26],257,53,True,1
libero_goal,3,18,open the top drawer and put the bowl inside,cross_suite_wrong,0,0,300,300,True,True,True,True,True,60,60,True,True,correct,libero_goal,3,18,open the top drawer and put the bowl inside,158.88322362676263,validation,7,7,task_23_demos_14,per_init_ordinal,20260911,18,23,23,libero_goal,3,[14],[14],[31],178,37,True,1,cross_suite_wrong,libero_goal,3,18,open the top drawer and put the bowl inside,162.4590588165447,validation,7,7,task_23_control_cross_suite_wrong_video_31_demos_14,per_init_ordinal,20260911,18,23,31,libero_10,1,[14],[14],[31],246,50,True,1
libero_goal,3,19,open the top drawer and put the bowl inside,cross_suite_wrong,0,0,300,300,True,True,True,True,True,60,60,True,True,correct,libero_goal,3,19,open the top drawer and put the bowl inside,157.82050855178386,validation,7,7,task_23_demos_12,per_init_ordinal,20260911,19,23,23,libero_goal,3,[12],[12],[29],215,44,True,1,cross_suite_wrong,libero_goal,3,19,open the top drawer and put the bowl inside,161.34998319670558,validation,7,7,task_23_control_cross_suite_wrong_video_31_demos_12,per_init_ordinal,20260911,19,23,31,libero_10,1,[12],[12],[29],257,53,True,1
libero_goal,3,20,open the top drawer and put the bowl inside,cross_suite_wrong,0,0,300,300,True,True,True,True,True,60,60,True,True,correct,libero_goal,3,20,open the top drawer and put the bowl inside,156.43449954036623,validation,7,7,task_23_demos_27,per_init_ordinal,20260911,20,23,23,libero_goal,3,[27],[27],[44],184,38,True,1,cross_suite_wrong,libero_goal,3,20,open the top drawer and put the bowl inside,160.28088536765426,validation,7,7,task_23_control_cross_suite_wrong_video_31_demos_27,per_init_ordinal,20260911,20,23,31,libero_10,1,[27],[27],[44],257,53,True,1
libero_goal,3,21,open the top drawer and put the bowl inside,cross_suite_wrong,0,0,300,300,True,True,True,True,True,60,60,True,True,correct,libero_goal,3,21,open the top drawer and put the bowl inside,155.08392201829702,validation,7,7,task_23_demos_32,per_init_ordinal,20260911,21,23,23,libero_goal,3,[32],[32],[49],199,41,True,1,cross_suite_wrong,libero_goal,3,21,open the top drawer and put the bowl inside,159.27432499080896,validation,7,7,task_23_control_cross_suite_wrong_video_31_demos_32,per_init_ordinal,20260911,21,23,31,libero_10,1,[32],[32],[49],246,50,True,1
libero_goal,3,22,open the top drawer and put the bowl inside,cross_suite_wrong,0,0,300,300,True,True,True,True,True,60,60,True,True,correct,libero_goal,3,22,open the top drawer and put the bowl inside,153.8906051358208,validation,7,7,task_23_demos_36,per_init_ordinal,20260911,22,23,23,libero_goal,3,[36],[36],[3],227,47,True,1,cross_suite_wrong,libero_goal,3,22,open the top drawer and put the bowl inside,158.13649578392506,validation,7,7,task_23_control_cross_suite_wrong_video_31_demos_36,per_init_ordinal,20260911,22,23,31,libero_10,1,[36],[36],[3],244,50,True,1
libero_goal,3,23,open the top drawer and put the bowl inside,cross_suite_wrong,0,0,300,300,True,True,True,True,True,60,60,True,True,correct,libero_goal,3,23,open the top drawer and put the bowl inside,152.68130648415536,validation,7,7,task_23_demos_44,per_init_ordinal,20260911,23,23,23,libero_goal,3,[44],[44],[11],195,40,True,1,cross_suite_wrong,libero_goal,3,23,open the top drawer and put the bowl inside,157.1855633435771,validation,7,7,task_23_control_cross_suite_wrong_video_31_demos_44,per_init_ordinal,20260911,23,23,31,libero_10,1,[44],[44],[11],276,56,True,1
libero_goal,3,24,open the top drawer and put the bowl inside,cross_suite_wrong,0,0,300,300,True,True,True,True,True,60,60,True,True,correct,libero_goal,3,24,open the top drawer and put the bowl inside,166.25096180289984,validation,7,7,task_23_demos_46,per_init_ordinal,20260911,24,23,23,libero_goal,3,[46],[46],[13],190,39,True,1,cross_suite_wrong,libero_goal,3,24,open the top drawer and put the bowl inside,159.2936542602256,validation,7,7,task_23_control_cross_suite_wrong_video_31_demos_46,per_init_ordinal,20260911,24,23,31,libero_10,1,[46],[46],[13],242,50,True,1
libero_goal,3,25,open the top drawer and put the bowl inside,cross_suite_wrong,0,0,300,300,True,True,True,True,True,60,60,True,True,correct,libero_goal,3,25,open the top drawer and put the bowl inside,165.07536193635315,validation,7,7,task_23_demos_11,per_init_ordinal,20260911,25,23,23,libero_goal,3,[11],[11],[28],228,47,True,1,cross_suite_wrong,libero_goal,3,25,open the top drawer and put the bowl inside,158.05549710150808,validation,7,7,task_23_control_cross_suite_wrong_video_31_demos_11,per_init_ordinal,20260911,25,23,31,libero_10,1,[11],[11],[28],250,51,True,1
libero_goal,3,26,open the top drawer and put the bowl inside,cross_suite_wrong,0,0,300,300,True,True,True,True,True,60,60,True,True,correct,libero_goal,3,26,open the top drawer and put the bowl inside,164.1701641175896,validation,7,7,task_23_demos_41,per_init_ordinal,20260911,26,23,23,libero_goal,3,[41],[41],[8],178,37,True,1,cross_suite_wrong,libero_goal,3,26,open the top drawer and put the bowl inside,157.1417836183682,validation,7,7,task_23_control_cross_suite_wrong_video_31_demos_41,per_init_ordinal,20260911,26,23,31,libero_10,1,[41],[41],[8],249,51,True,1
libero_goal,3,27,open the top drawer and put the bowl inside,cross_suite_wrong,0,0,300,300,True,True,True,True,True,60,60,True,True,correct,libero_goal,3,27,open the top drawer and put the bowl inside,162.91068000067025,validation,7,7,task_23_demos_16,per_init_ordinal,20260911,27,23,23,libero_goal,3,[16],[16],[33],249,51,True,1,cross_suite_wrong,libero_goal,3,27,open the top drawer and put the bowl inside,156.14810541272163,validation,7,7,task_23_control_cross_suite_wrong_video_31_demos_16,per_init_ordinal,20260911,27,23,31,libero_10,1,[16],[16],[33],321,65,True,1
libero_goal,3,28,open the top drawer and put the bowl inside,cross_suite_wrong,0,0,300,300,True,True,True,True,True,60,60,True,True,correct,libero_goal,3,28,open the top drawer and put the bowl inside,161.96682029496878,validation,7,7,task_23_demos_48,per_init_ordinal,20260911,28,23,23,libero_goal,3,[48],[48],[15],206,42,True,1,cross_suite_wrong,libero_goal,3,28,open the top drawer and put the bowl inside,155.21495532989502,validation,7,7,task_23_control_cross_suite_wrong_video_31_demos_48,per_init_ordinal,20260911,28,23,31,libero_10,1,[48],[48],[15],258,53,True,1
libero_goal,3,29,open the top drawer and put the bowl inside,cross_suite_wrong,0,0,300,300,True,True,True,True,True,60,60,True,True,correct,libero_goal,3,29,open the top drawer and put the bowl inside,160.6517926333472,validation,7,7,task_23_demos_23,per_init_ordinal,20260911,29,23,23,libero_goal,3,[23],[23],[40],200,41,True,1,cross_suite_wrong,libero_goal,3,29,open the top drawer and put the bowl inside,154.21161406487226,validation,7,7,task_23_control_cross_suite_wrong_video_31_demos_23,per_init_ordinal,20260911,29,23,31,libero_10,1,[23],[23],[40],272,56,True,1
libero_goal,3,30,open the top drawer and put the bowl inside,cross_suite_wrong,0,0,300,300,True,True,True,True,True,60,60,True,True,correct,libero_goal,3,30,open the top drawer and put the bowl inside,159.66743059735745,validation,7,7,task_23_demos_21,per_init_ordinal,20260911,30,23,23,libero_goal,3,[21],[21],[38],170,35,True,1,cross_suite_wrong,libero_goal,3,30,open the top drawer and put the bowl inside,153.17793708480895,validation,7,7,task_23_control_cross_suite_wrong_video_31_demos_21,per_init_ordinal,20260911,30,23,31,libero_10,1,[21],[21],[38],252,52,True,1
libero_goal,3,31,open the top drawer and put the bowl inside,cross_suite_wrong,0,0,300,300,True,True,True,True,True,60,60,True,True,correct,libero_goal,3,31,open the top drawer and put the bowl inside,158.70274617522955,validation,7,7,task_23_demos_38,per_init_ordinal,20260911,31,23,23,libero_goal,3,[38],[38],[5],183,38,True,1,cross_suite_wrong,libero_goal,3,31,open the top drawer and put the bowl inside,152.1436406308785,validation,7,7,task_23_control_cross_suite_wrong_video_31_demos_38,per_init_ordinal,20260911,31,23,31,libero_10,1,[38],[38],[5],258,53,True,1
libero_goal,3,32,open the top drawer and put the bowl inside,cross_suite_wrong,0,0,300,300,True,True,True,True,True,60,60,True,True,correct,libero_goal,3,32,open the top drawer and put the bowl inside,164.18293331377208,validation,7,7,task_23_demos_22,per_init_ordinal,20260911,32,23,23,libero_goal,3,[22],[22],[39],218,45,True,1,cross_suite_wrong,libero_goal,3,32,open the top drawer and put the bowl inside,165.28693582024425,validation,7,7,task_23_control_cross_suite_wrong_video_31_demos_22,per_init_ordinal,20260911,32,23,31,libero_10,1,[22],[22],[39],260,53,True,1
libero_goal,3,33,open the top drawer and put the bowl inside,cross_suite_wrong,0,0,300,300,True,True,True,True,True,60,60,True,True,correct,libero_goal,3,33,open the top drawer and put the bowl inside,162.88368939235806,validation,7,7,task_23_demos_39,per_init_ordinal,20260911,33,23,23,libero_goal,3,[39],[39],[6],184,38,True,1,cross_suite_wrong,libero_goal,3,33,open the top drawer and put the bowl inside,163.96844519954175,validation,7,7,task_23_control_cross_suite_wrong_video_31_demos_39,per_init_ordinal,20260911,33,23,31,libero_10,1,[39],[39],[6],271,55,True,1
libero_goal,3,34,open the top drawer and put the bowl inside,cross_suite_wrong,0,0,300,300,True,True,True,True,True,60,60,True,True,correct,libero_goal,3,34,open the top drawer and put the bowl inside,161.6469246475026,validation,7,7,task_23_demos_42,per_init_ordinal,20260911,34,23,23,libero_goal,3,[42],[42],[9],204,42,True,1,cross_suite_wrong,libero_goal,3,34,open the top drawer and put the bowl inside,162.63745268061757,validation,7,7,task_23_control_cross_suite_wrong_video_31_demos_42,per_init_ordinal,20260911,34,23,31,libero_10,1,[42],[42],[9],255,52,True,1
libero_goal,3,35,open the top drawer and put the bowl inside,cross_suite_wrong,0,0,300,300,True,True,True,True,True,60,60,True,True,correct,libero_goal,3,35,open the top drawer and put the bowl inside,160.29061842616647,validation,7,7,task_23_demos_18,per_init_ordinal,20260911,35,23,23,libero_goal,3,[18],[18],[35],184,38,True,1,cross_suite_wrong,libero_goal,3,35,open the top drawer and put the bowl inside,161.2730872007087,validation,7,7,task_23_control_cross_suite_wrong_video_31_demos_18,per_init_ordinal,20260911,35,23,31,libero_10,1,[18],[18],[35],258,53,True,1
libero_goal,3,36,open the top drawer and put the bowl inside,cross_suite_wrong,0,0,300,300,True,True,True,True,True,60,60,True,True,correct,libero_goal,3,36,open the top drawer and put the bowl inside,159.0085948286578,validation,7,7,task_23_demos_06,per_init_ordinal,20260911,36,23,23,libero_goal,3,[6],[6],[23],178,37,True,1,cross_suite_wrong,libero_goal,3,36,open the top drawer and put the bowl inside,159.67938901204616,validation,7,7,task_23_control_cross_suite_wrong_video_31_demos_06,per_init_ordinal,20260911,36,23,31,libero_10,1,[6],[6],[23],303,62,True,1
libero_goal,3,37,open the top drawer and put the bowl inside,cross_suite_wrong,0,0,300,300,True,True,True,True,True,60,60,True,True,correct,libero_goal,3,37,open the top drawer and put the bowl inside,157.53185598552227,validation,7,7,task_23_demos_49,per_init_ordinal,20260911,37,23,23,libero_goal,3,[49],[49],[16],209,43,True,1,cross_suite_wrong,libero_goal,3,37,open the top drawer and put the bowl inside,158.29218327440321,validation,7,7,task_23_control_cross_suite_wrong_video_31_demos_49,per_init_ordinal,20260911,37,23,31,libero_10,1,[49],[49],[16],254,52,True,1
libero_goal,3,38,open the top drawer and put the bowl inside,cross_suite_wrong,0,0,300,300,True,True,True,True,True,60,60,True,True,correct,libero_goal,3,38,open the top drawer and put the bowl inside,155.99896906781942,validation,7,7,task_23_demos_33,per_init_ordinal,20260911,38,23,23,libero_goal,3,[33],[33],[0],203,42,True,1,cross_suite_wrong,libero_goal,3,38,open the top drawer and put the bowl inside,156.99525166396052,validation,7,7,task_23_control_cross_suite_wrong_video_31_demos_33,per_init_ordinal,20260911,38,23,31,libero_10,1,[33],[33],[0],247,51,True,1
libero_goal,3,39,open the top drawer and put the bowl inside,cross_suite_wrong,0,0,300,300,True,True,True,True,True,60,60,True,True,correct,libero_goal,3,39,open the top drawer and put the bowl inside,154.71225779224187,validation,7,7,task_23_demos_37,per_init_ordinal,20260911,39,23,23,libero_goal,3,[37],[37],[4],221,45,True,1,cross_suite_wrong,libero_goal,3,39,open the top drawer and put the bowl inside,155.62597300112247,validation,7,7,task_23_control_cross_suite_wrong_video_31_demos_37,per_init_ordinal,20260911,39,23,31,libero_10,1,[37],[37],[4],237,49,True,1
libero_goal,3,40,open the top drawer and put the bowl inside,cross_suite_wrong,0,0,300,300,True,True,True,True,True,60,60,True,True,correct,libero_goal,3,40,open the top drawer and put the bowl inside,161.11745044682175,validation,7,7,task_23_demos_24,per_init_ordinal,20260911,40,23,23,libero_goal,3,[24],[24],[41],219,45,True,1,cross_suite_wrong,libero_goal,3,40,open the top drawer and put the bowl inside,159.6473718676716,validation,7,7,task_23_control_cross_suite_wrong_video_31_demos_24,per_init_ordinal,20260911,40,23,31,libero_10,1,[24],[24],[41],247,51,True,1
libero_goal,3,41,open the top drawer and put the bowl inside,cross_suite_wrong,0,0,300,300,True,True,True,True,True,60,60,True,True,correct,libero_goal,3,41,open the top drawer and put the bowl inside,160.18381844367832,validation,7,7,task_23_demos_07,per_init_ordinal,20260911,41,23,23,libero_goal,3,[7],[7],[24],202,42,True,1,cross_suite_wrong,libero_goal,3,41,open the top drawer and put the bowl inside,158.69073089305311,validation,7,7,task_23_control_cross_suite_wrong_video_31_demos_07,per_init_ordinal,20260911,41,23,31,libero_10,1,[7],[7],[24],247,51,True,1
libero_goal,3,42,open the top drawer and put the bowl inside,cross_suite_wrong,0,0,300,300,True,True,True,True,True,60,60,True,True,correct,libero_goal,3,42,open the top drawer and put the bowl inside,159.32778120599687,validation,7,7,task_23_demos_40,per_init_ordinal,20260911,42,23,23,libero_goal,3,[40],[40],[7],187,39,True,1,cross_suite_wrong,libero_goal,3,42,open the top drawer and put the bowl inside,157.78702009655535,validation,7,7,task_23_control_cross_suite_wrong_video_31_demos_40,per_init_ordinal,20260911,42,23,31,libero_10,1,[40],[40],[7],235,48,True,1
libero_goal,3,43,open the top drawer and put the bowl inside,cross_suite_wrong,0,0,300,300,True,True,True,True,True,60,60,True,True,correct,libero_goal,3,43,open the top drawer and put the bowl inside,158.42637430969626,validation,7,7,task_23_demos_01,per_init_ordinal,20260911,43,23,23,libero_goal,3,[1],[1],[18],187,39,True,1,cross_suite_wrong,libero_goal,3,43,open the top drawer and put the bowl inside,156.82911459635943,validation,7,7,task_23_control_cross_suite_wrong_video_31_demos_01,per_init_ordinal,20260911,43,23,31,libero_10,1,[1],[1],[18],252,52,True,1
libero_goal,3,44,open the top drawer and put the bowl inside,cross_suite_wrong,0,0,300,300,True,True,True,True,True,60,60,True,True,correct,libero_goal,3,44,open the top drawer and put the bowl inside,157.58691614493728,validation,7,7,task_23_demos_20,per_init_ordinal,20260911,44,23,23,libero_goal,3,[20],[20],[37],185,38,True,1,cross_suite_wrong,libero_goal,3,44,open the top drawer and put the bowl inside,155.80815661605448,validation,7,7,task_23_control_cross_suite_wrong_video_31_demos_20,per_init_ordinal,20260911,44,23,31,libero_10,1,[20],[20],[37],271,55,True,1
libero_goal,3,45,open the top drawer and put the bowl inside,cross_suite_wrong,0,0,300,300,True,True,True,True,True,60,60,True,True,correct,libero_goal,3,45,open the top drawer and put the bowl inside,156.68306910153478,validation,7,7,task_23_demos_45,per_init_ordinal,20260911,45,23,23,libero_goal,3,[45],[45],[12],219,45,True,1,cross_suite_wrong,libero_goal,3,45,open the top drawer and put the bowl inside,154.77341334801167,validation,7,7,task_23_control_cross_suite_wrong_video_31_demos_45,per_init_ordinal,20260911,45,23,31,libero_10,1,[45],[45],[12],252,52,True,1
libero_goal,3,46,open the top drawer and put the bowl inside,cross_suite_wrong,0,0,300,300,True,True,True,True,True,60,60,True,True,correct,libero_goal,3,46,open the top drawer and put the bowl inside,155.67749501671642,validation,7,7,task_23_demos_10,per_init_ordinal,20260911,46,23,23,libero_goal,3,[10],[10],[27],299,61,True,1,cross_suite_wrong,libero_goal,3,46,open the top drawer and put the bowl inside,153.85782414861023,validation,7,7,task_23_control_cross_suite_wrong_video_31_demos_10,per_init_ordinal,20260911,46,23,31,libero_10,1,[10],[10],[27],310,63,True,1
libero_goal,3,47,open the top drawer and put the bowl inside,cross_suite_wrong,0,0,300,300,True,True,True,True,True,60,60,True,True,correct,libero_goal,3,47,open the top drawer and put the bowl inside,154.73151568789035,validation,7,7,task_23_demos_47,per_init_ordinal,20260911,47,23,23,libero_goal,3,[47],[47],[14],251,51,True,1,cross_suite_wrong,libero_goal,3,47,open the top drawer and put the bowl inside,152.95510201249272,validation,7,7,task_23_control_cross_suite_wrong_video_31_demos_47,per_init_ordinal,20260911,47,23,31,libero_10,1,[47],[47],[14],256,52,True,1
libero_goal,3,48,open the top drawer and put the bowl inside,cross_suite_wrong,0,0,300,300,True,True,True,True,True,60,60,True,True,correct,libero_goal,3,48,open the top drawer and put the bowl inside,62.90705787204206,validation,7,7,task_23_demos_43,per_init_ordinal,20260911,48,23,23,libero_goal,3,[43],[43],[10],194,40,True,1,cross_suite_wrong,libero_goal,3,48,open the top drawer and put the bowl inside,68.9225639142096,validation,7,7,task_23_control_cross_suite_wrong_video_31_demos_43,per_init_ordinal,20260911,48,23,31,libero_10,1,[43],[43],[10],284,58,True,1
libero_goal,3,49,open the top drawer and put the bowl inside,cross_suite_wrong,0,0,300,300,True,True,True,True,True,60,60,True,True,correct,libero_goal,3,49,open the top drawer and put the bowl inside,61.89655211009085,validation,7,7,task_23_demos_25,per_init_ordinal,20260911,49,23,23,libero_goal,3,[25],[25],[42],188,39,True,1,cross_suite_wrong,libero_goal,3,49,open the top drawer and put the bowl inside,67.83615734241903,validation,7,7,task_23_control_cross_suite_wrong_video_31_demos_25,per_init_ordinal,20260911,49,23,31,libero_10,1,[25],[25],[42],244,50,True,1
libero_goal,6,0,put the cream cheese in the bowl,cross_suite_wrong,1,1,106,109,True,True,True,True,True,22,22,True,True,correct,libero_goal,6,0,put the cream cheese in the bowl,54.103404614143074,validation,7,7,task_26_demos_45,per_init_ordinal,20260911,0,26,26,libero_goal,6,[45],[45],[12],113,24,True,1,cross_suite_wrong,libero_goal,6,0,put the cream cheese in the bowl,59.76364437863231,validation,7,7,task_26_control_cross_suite_wrong_video_39_demos_45,per_init_ordinal,20260911,0,26,39,libero_10,9,[45],[45],[12],375,76,True,1
libero_goal,6,1,put the cream cheese in the bowl,cross_suite_wrong,1,1,124,122,True,True,True,True,True,25,25,True,True,correct,libero_goal,6,1,put the cream cheese in the bowl,58.19524233881384,validation,7,7,task_26_demos_08,per_init_ordinal,20260911,1,26,26,libero_goal,6,[8],[8],[25],99,21,True,1,cross_suite_wrong,libero_goal,6,1,put the cream cheese in the bowl,63.49343653488904,validation,7,7,task_26_control_cross_suite_wrong_video_39_demos_08,per_init_ordinal,20260911,1,26,39,libero_10,9,[8],[8],[25],317,65,True,1
libero_goal,6,2,put the cream cheese in the bowl,cross_suite_wrong,1,1,106,200,True,True,True,True,True,22,40,True,True,correct,libero_goal,6,2,put the cream cheese in the bowl,51.75285111926496,validation,7,7,task_26_demos_22,per_init_ordinal,20260911,2,26,26,libero_goal,6,[22],[22],[39],95,20,True,1,cross_suite_wrong,libero_goal,6,2,put the cream cheese in the bowl,83.62461375165731,validation,7,7,task_26_control_cross_suite_wrong_video_39_demos_22,per_init_ordinal,20260911,2,26,39,libero_10,9,[22],[22],[39],306,62,True,1
libero_goal,6,3,put the cream cheese in the bowl,cross_suite_wrong,1,0,110,300,True,True,True,True,True,22,60,True,True,correct,libero_goal,6,3,put the cream cheese in the bowl,51.0843152506277,validation,7,7,task_26_demos_34,per_init_ordinal,20260911,3,26,26,libero_goal,6,[34],[34],[1],107,23,True,1,cross_suite_wrong,libero_goal,6,3,put the cream cheese in the bowl,105.42676348704845,validation,7,7,task_26_control_cross_suite_wrong_video_39_demos_34,per_init_ordinal,20260911,3,26,39,libero_10,9,[34],[34],[1],395,80,True,1
libero_goal,6,4,put the cream cheese in the bowl,cross_suite_wrong,1,1,103,106,True,True,True,True,True,21,22,True,True,correct,libero_goal,6,4,put the cream cheese in the bowl,48.22321214620024,validation,7,7,task_26_demos_49,per_init_ordinal,20260911,4,26,26,libero_goal,6,[49],[49],[16],102,22,True,1,cross_suite_wrong,libero_goal,6,4,put the cream cheese in the bowl,55.27011947706342,validation,7,7,task_26_control_cross_suite_wrong_video_39_demos_49,per_init_ordinal,20260911,4,26,39,libero_10,9,[49],[49],[16],295,60,True,1
libero_goal,6,5,put the cream cheese in the bowl,cross_suite_wrong,0,0,300,300,True,True,True,True,True,60,60,True,True,correct,libero_goal,6,5,put the cream cheese in the bowl,80.02907705400139,validation,7,7,task_26_demos_41,per_init_ordinal,20260911,5,26,26,libero_goal,6,[41],[41],[8],90,19,True,1,cross_suite_wrong,libero_goal,6,5,put the cream cheese in the bowl,103.2935319589451,validation,7,7,task_26_control_cross_suite_wrong_video_39_demos_41,per_init_ordinal,20260911,5,26,39,libero_10,9,[41],[41],[8],353,72,True,1
libero_goal,6,6,put the cream cheese in the bowl,cross_suite_wrong,1,1,113,114,True,True,True,True,True,23,23,True,True,correct,libero_goal,6,6,put the cream cheese in the bowl,49.918563350103796,validation,7,7,task_26_demos_09,per_init_ordinal,20260911,6,26,26,libero_goal,6,[9],[9],[26],95,20,True,1,cross_suite_wrong,libero_goal,6,6,put the cream cheese in the bowl,55.22404592577368,validation,7,7,task_26_control_cross_suite_wrong_video_39_demos_09,per_init_ordinal,20260911,6,26,39,libero_10,9,[9],[9],[26],301,61,True,1
libero_goal,6,7,put the cream cheese in the bowl,cross_suite_wrong,1,1,89,116,True,True,True,True,True,18,24,True,True,correct,libero_goal,6,7,put the cream cheese in the bowl,39.562226607464254,validation,7,7,task_26_demos_40,per_init_ordinal,20260911,7,26,26,libero_goal,6,[40],[40],[7],135,28,True,1,cross_suite_wrong,libero_goal,6,7,put the cream cheese in the bowl,55.39379909913987,validation,7,7,task_26_control_cross_suite_wrong_video_39_demos_40,per_init_ordinal,20260911,7,26,39,libero_10,9,[40],[40],[7],342,70,True,1
libero_goal,6,8,put the cream cheese in the bowl,cross_suite_wrong,1,1,106,116,True,True,True,True,True,22,24,True,True,correct,libero_goal,6,8,put the cream cheese in the bowl,70.80063329450786,validation,7,7,task_26_demos_29,per_init_ordinal,20260911,8,26,26,libero_goal,6,[29],[29],[46],104,22,True,1,cross_suite_wrong,libero_goal,6,8,put the cream cheese in the bowl,65.36844633333385,validation,7,7,task_26_control_cross_suite_wrong_video_39_demos_29,per_init_ordinal,20260911,8,26,39,libero_10,9,[29],[29],[46],224,46,True,1
libero_goal,6,9,put the cream cheese in the bowl,cross_suite_wrong,1,1,95,102,True,True,True,True,True,19,21,True,True,correct,libero_goal,6,9,put the cream cheese in the bowl,62.72879767883569,validation,7,7,task_26_demos_26,per_init_ordinal,20260911,9,26,26,libero_goal,6,[26],[26],[43],147,31,True,1,cross_suite_wrong,libero_goal,6,9,put the cream cheese in the bowl,55.99042392894626,validation,7,7,task_26_control_cross_suite_wrong_video_39_demos_26,per_init_ordinal,20260911,9,26,39,libero_10,9,[26],[26],[43],258,53,True,1
libero_goal,6,10,put the cream cheese in the bowl,cross_suite_wrong,0,0,300,300,True,True,True,True,True,60,60,True,True,correct,libero_goal,6,10,put the cream cheese in the bowl,95.76645458303392,validation,7,7,task_26_demos_07,per_init_ordinal,20260911,10,26,26,libero_goal,6,[7],[7],[24],95,20,True,1,cross_suite_wrong,libero_goal,6,10,put the cream cheese in the bowl,115.44238934665918,validation,7,7,task_26_control_cross_suite_wrong_video_39_demos_07,per_init_ordinal,20260911,10,26,39,libero_10,9,[7],[7],[24],307,63,True,1
libero_goal,6,11,put the cream cheese in the bowl,cross_suite_wrong,1,1,113,123,True,True,True,True,True,23,25,True,True,correct,libero_goal,6,11,put the cream cheese in the bowl,68.04811433982104,validation,7,7,task_26_demos_10,per_init_ordinal,20260911,11,26,26,libero_goal,6,[10],[10],[27],107,23,True,1,cross_suite_wrong,libero_goal,6,11,put the cream cheese in the bowl,64.25955756008625,validation,7,7,task_26_control_cross_suite_wrong_video_39_demos_10,per_init_ordinal,20260911,11,26,39,libero_10,9,[10],[10],[27],285,58,True,1
libero_goal,6,12,put the cream cheese in the bowl,cross_suite_wrong,1,1,107,127,True,True,True,True,True,22,26,True,True,correct,libero_goal,6,12,put the cream cheese in the bowl,65.12431231047958,validation,7,7,task_26_demos_44,per_init_ordinal,20260911,12,26,26,libero_goal,6,[44],[44],[11],99,21,True,1,cross_suite_wrong,libero_goal,6,12,put the cream cheese in the bowl,65.27139129582793,validation,7,7,task_26_control_cross_suite_wrong_video_39_demos_44,per_init_ordinal,20260911,12,26,39,libero_10,9,[44],[44],[11],300,61,True,1
libero_goal,6,13,put the cream cheese in the bowl,cross_suite_wrong,1,0,93,300,True,True,True,True,True,19,60,True,True,correct,libero_goal,6,13,put the cream cheese in the bowl,56.77209218684584,validation,7,7,task_26_demos_01,per_init_ordinal,20260911,13,26,26,libero_goal,6,[1],[1],[18],113,24,True,1,cross_suite_wrong,libero_goal,6,13,put the cream cheese in the bowl,112.11279292032123,validation,7,7,task_26_control_cross_suite_wrong_video_39_demos_01,per_init_ordinal,20260911,13,26,39,libero_10,9,[1],[1],[18],248,51,True,1
libero_goal,6,14,put the cream cheese in the bowl,cross_suite_wrong,1,1,112,127,True,True,True,True,True,23,26,True,True,correct,libero_goal,6,14,put the cream cheese in the bowl,63.581983022391796,validation,7,7,task_26_demos_35,per_init_ordinal,20260911,14,26,26,libero_goal,6,[35],[35],[2],96,20,True,1,cross_suite_wrong,libero_goal,6,14,put the cream cheese in the bowl,63.130834500305355,validation,7,7,task_26_control_cross_suite_wrong_video_39_demos_35,per_init_ordinal,20260911,14,26,39,libero_10,9,[35],[35],[2],269,55,True,1
libero_goal,6,15,put the cream cheese in the bowl,cross_suite_wrong,1,0,106,300,True,True,True,True,True,22,60,True,True,correct,libero_goal,6,15,put the cream cheese in the bowl,60.75766420457512,validation,7,7,task_26_demos_20,per_init_ordinal,20260911,15,26,26,libero_goal,6,[20],[20],[37],109,23,True,1,cross_suite_wrong,libero_goal,6,15,put the cream cheese in the bowl,109.831736815162,validation,7,7,task_26_control_cross_suite_wrong_video_39_demos_20,per_init_ordinal,20260911,15,26,39,libero_10,9,[20],[20],[37],286,58,True,1
libero_goal,6,16,put the cream cheese in the bowl,cross_suite_wrong,1,0,161,300,True,True,True,True,True,33,60,True,True,correct,libero_goal,6,16,put the cream cheese in the bowl,76.71590721048415,validation,7,7,task_26_demos_02,per_init_ordinal,20260911,16,26,26,libero_goal,6,[2],[2],[19],103,22,True,1,cross_suite_wrong,libero_goal,6,16,put the cream cheese in the bowl,126.50107340235263,validation,7,7,task_26_control_cross_suite_wrong_video_39_demos_02,per_init_ordinal,20260911,16,26,39,libero_10,9,[2],[2],[19],271,55,True,1
libero_goal,6,17,put the cream cheese in the bowl,cross_suite_wrong,1,0,101,300,True,True,True,True,True,21,60,True,True,correct,libero_goal,6,17,put the cream cheese in the bowl,55.32292712200433,validation,7,7,task_26_demos_00,per_init_ordinal,20260911,17,26,26,libero_goal,6,[0],[0],[17],92,20,True,1,cross_suite_wrong,libero_goal,6,17,put the cream cheese in the bowl,125.47894387412816,validation,7,7,task_26_control_cross_suite_wrong_video_39_demos_00,per_init_ordinal,20260911,17,26,39,libero_10,9,[0],[0],[17],329,67,True,1
libero_goal,6,18,put the cream cheese in the bowl,cross_suite_wrong,1,1,87,116,True,True,True,True,True,18,24,True,True,correct,libero_goal,6,18,put the cream cheese in the bowl,46.971096764318645,validation,7,7,task_26_demos_23,per_init_ordinal,20260911,18,26,26,libero_goal,6,[23],[23],[40],152,32,True,1,cross_suite_wrong,libero_goal,6,18,put the cream cheese in the bowl,66.60817225649953,validation,7,7,task_26_control_cross_suite_wrong_video_39_demos_23,per_init_ordinal,20260911,18,26,39,libero_10,9,[23],[23],[40],343,70,True,1
libero_goal,6,19,put the cream cheese in the bowl,cross_suite_wrong,1,0,95,300,True,True,True,True,True,19,60,True,True,correct,libero_goal,6,19,put the cream cheese in the bowl,48.692375265061855,validation,7,7,task_26_demos_36,per_init_ordinal,20260911,19,26,26,libero_goal,6,[36],[36],[3],94,20,True,1,cross_suite_wrong,libero_goal,6,19,put the cream cheese in the bowl,123.33146447874606,validation,7,7,task_26_control_cross_suite_wrong_video_39_demos_36,per_init_ordinal,20260911,19,26,39,libero_10,9,[36],[36],[3],449,91,True,1
libero_goal,6,20,put the cream cheese in the bowl,cross_suite_wrong,0,1,300,126,True,True,True,True,True,60,26,True,True,correct,libero_goal,6,20,put the cream cheese in the bowl,99.44141265470535,validation,7,7,task_26_demos_43,per_init_ordinal,20260911,20,26,26,libero_goal,6,[43],[43],[10],104,22,True,1,cross_suite_wrong,libero_goal,6,20,put the cream cheese in the bowl,69.24427662603557,validation,7,7,task_26_control_cross_suite_wrong_video_39_demos_43,per_init_ordinal,20260911,20,26,39,libero_10,9,[43],[43],[10],316,64,True,1
libero_goal,6,21,put the cream cheese in the bowl,cross_suite_wrong,1,1,106,141,True,True,True,True,True,22,29,True,True,correct,libero_goal,6,21,put the cream cheese in the bowl,52.79295653663576,validation,7,7,task_26_demos_21,per_init_ordinal,20260911,21,26,26,libero_goal,6,[21],[21],[38],169,35,True,1,cross_suite_wrong,libero_goal,6,21,put the cream cheese in the bowl,74.75845372397453,validation,7,7,task_26_control_cross_suite_wrong_video_39_demos_21,per_init_ordinal,20260911,21,26,39,libero_10,9,[21],[21],[38],302,62,True,1
libero_goal,6,22,put the cream cheese in the bowl,cross_suite_wrong,0,1,300,119,True,True,True,True,True,60,24,True,True,correct,libero_goal,6,22,put the cream cheese in the bowl,97.03350068163127,validation,7,7,task_26_demos_31,per_init_ordinal,20260911,22,26,26,libero_goal,6,[31],[31],[48],95,20,True,1,cross_suite_wrong,libero_goal,6,22,put the cream cheese in the bowl,62.97756315860897,validation,7,7,task_26_control_cross_suite_wrong_video_39_demos_31,per_init_ordinal,20260911,22,26,39,libero_10,9,[31],[31],[48],291,59,True,1
libero_goal,6,23,put the cream cheese in the bowl,cross_suite_wrong,1,1,121,148,True,True,True,True,True,25,30,True,True,correct,libero_goal,6,23,put the cream cheese in the bowl,56.74233405571431,validation,7,7,task_26_demos_27,per_init_ordinal,20260911,23,26,26,libero_goal,6,[27],[27],[44],113,24,True,1,cross_suite_wrong,libero_goal,6,23,put the cream cheese in the bowl,74.76009626593441,validation,7,7,task_26_control_cross_suite_wrong_video_39_demos_27,per_init_ordinal,20260911,23,26,39,libero_10,9,[27],[27],[44],373,76,True,1
libero_goal,6,24,put the cream cheese in the bowl,cross_suite_wrong,0,0,300,300,True,True,True,True,True,60,60,True,True,correct,libero_goal,6,24,put the cream cheese in the bowl,116.61679749842733,validation,7,7,task_26_demos_47,per_init_ordinal,20260911,24,26,26,libero_goal,6,[47],[47],[14],110,23,True,1,cross_suite_wrong,libero_goal,6,24,put the cream cheese in the bowl,114.35951024107635,validation,7,7,task_26_control_cross_suite_wrong_video_39_demos_47,per_init_ordinal,20260911,24,26,39,libero_10,9,[47],[47],[14],248,51,True,1
libero_goal,6,25,put the cream cheese in the bowl,cross_suite_wrong,1,1,90,167,True,True,True,True,True,18,34,True,True,correct,libero_goal,6,25,put the cream cheese in the bowl,49.015085039660335,validation,7,7,task_26_demos_05,per_init_ordinal,20260911,25,26,26,libero_goal,6,[5],[5],[22],92,20,True,1,cross_suite_wrong,libero_goal,6,25,put the cream cheese in the bowl,91.04511908255517,validation,7,7,task_26_control_cross_suite_wrong_video_39_demos_05,per_init_ordinal,20260911,25,26,39,libero_10,9,[5],[5],[22],293,60,True,1
libero_goal,6,26,put the cream cheese in the bowl,cross_suite_wrong,0,1,300,113,True,True,True,True,True,60,23,True,True,correct,libero_goal,6,26,put the cream cheese in the bowl,114.18311070185155,validation,7,7,task_26_demos_11,per_init_ordinal,20260911,26,26,26,libero_goal,6,[11],[11],[28],98,21,True,1,cross_suite_wrong,libero_goal,6,26,put the cream cheese in the bowl,73.59154313988984,validation,7,7,task_26_control_cross_suite_wrong_video_39_demos_11,per_init_ordinal,20260911,26,26,39,libero_10,9,[11],[11],[28],253,52,True,1
libero_goal,6,27,put the cream cheese in the bowl,cross_suite_wrong,0,1,300,107,True,True,True,True,True,60,22,True,True,correct,libero_goal,6,27,put the cream cheese in the bowl,112.9840573547408,validation,7,7,task_26_demos_24,per_init_ordinal,20260911,27,26,26,libero_goal,6,[24],[24],[41],104,22,True,1,cross_suite_wrong,libero_goal,6,27,put the cream cheese in the bowl,69.63211973384023,validation,7,7,task_26_control_cross_suite_wrong_video_39_demos_24,per_init_ordinal,20260911,27,26,39,libero_10,9,[24],[24],[41],267,55,True,1
libero_goal,6,28,put the cream cheese in the bowl,cross_suite_wrong,1,1,106,110,True,True,True,True,True,22,22,True,True,correct,libero_goal,6,28,put the cream cheese in the bowl,56.11297679878771,validation,7,7,task_26_demos_38,per_init_ordinal,20260911,28,26,26,libero_goal,6,[38],[38],[5],103,22,True,1,cross_suite_wrong,libero_goal,6,28,put the cream cheese in the bowl,68.65554730501026,validation,7,7,task_26_control_cross_suite_wrong_video_39_demos_38,per_init_ordinal,20260911,28,26,39,libero_10,9,[38],[38],[5],341,69,True,1
libero_goal,6,29,put the cream cheese in the bowl,cross_suite_wrong,1,1,97,212,True,True,True,True,True,20,43,True,True,correct,libero_goal,6,29,put the cream cheese in the bowl,49.450119622051716,validation,7,7,task_26_demos_16,per_init_ordinal,20260911,29,26,26,libero_goal,6,[16],[16],[33],105,22,True,1,cross_suite_wrong,libero_goal,6,29,put the cream cheese in the bowl,95.51646522711962,validation,7,7,task_26_control_cross_suite_wrong_video_39_demos_16,per_init_ordinal,20260911,29,26,39,libero_10,9,[16],[16],[33],268,55,True,1
libero_goal,6,30,put the cream cheese in the bowl,cross_suite_wrong,1,1,106,115,True,True,True,True,True,22,23,True,True,correct,libero_goal,6,30,put the cream cheese in the bowl,53.908639376051724,validation,7,7,task_26_demos_39,per_init_ordinal,20260911,30,26,26,libero_goal,6,[39],[39],[6],131,27,True,1,cross_suite_wrong,libero_goal,6,30,put the cream cheese in the bowl,68.21948330570012,validation,7,7,task_26_control_cross_suite_wrong_video_39_demos_39,per_init_ordinal,20260911,30,26,39,libero_10,9,[39],[39],[6],345,70,True,1
libero_goal,6,31,put the cream cheese in the bowl,cross_suite_wrong,1,1,111,116,True,True,True,True,True,23,24,True,True,correct,libero_goal,6,31,put the cream cheese in the bowl,55.33713801484555,validation,7,7,task_26_demos_12,per_init_ordinal,20260911,31,26,26,libero_goal,6,[12],[12],[29],136,28,True,1,cross_suite_wrong,libero_goal,6,31,put the cream cheese in the bowl,68.6319546950981,validation,7,7,task_26_control_cross_suite_wrong_video_39_demos_12,per_init_ordinal,20260911,31,26,39,libero_10,9,[12],[12],[29],334,68,True,1
libero_goal,6,32,put the cream cheese in the bowl,cross_suite_wrong,0,0,300,300,True,True,True,True,True,60,60,True,True,correct,libero_goal,6,32,put the cream cheese in the bowl,143.171616692096,validation,7,7,task_26_demos_42,per_init_ordinal,20260911,32,26,26,libero_goal,6,[42],[42],[9],112,24,True,1,cross_suite_wrong,libero_goal,6,32,put the cream cheese in the bowl,97.95728318206966,validation,7,7,task_26_control_cross_suite_wrong_video_39_demos_42,per_init_ordinal,20260911,32,26,39,libero_10,9,[42],[42],[9],288,59,True,1
libero_goal,6,33,put the cream cheese in the bowl,cross_suite_wrong,1,1,93,113,True,True,True,True,True,19,23,True,True,correct,libero_goal,6,33,put the cream cheese in the bowl,63.00720936246216,validation,7,7,task_26_demos_48,per_init_ordinal,20260911,33,26,26,libero_goal,6,[48],[48],[15],135,28,True,1,cross_suite_wrong,libero_goal,6,33,put the cream cheese in the bowl,72.84740705881268,validation,7,7,task_26_control_cross_suite_wrong_video_39_demos_48,per_init_ordinal,20260911,33,26,39,libero_10,9,[48],[48],[15],267,55,True,1
libero_goal,6,34,put the cream cheese in the bowl,cross_suite_wrong,1,1,123,126,True,True,True,True,True,25,26,True,True,correct,libero_goal,6,34,put the cream cheese in the bowl,76.16298708505929,validation,7,7,task_26_demos_32,per_init_ordinal,20260911,34,26,26,libero_goal,6,[32],[32],[49],85,18,True,1,cross_suite_wrong,libero_goal,6,34,put the cream cheese in the bowl,76.05273833591491,validation,7,7,task_26_control_cross_suite_wrong_video_39_demos_32,per_init_ordinal,20260911,34,26,39,libero_10,9,[32],[32],[49],265,54,True,1
libero_goal,6,35,put the cream cheese in the bowl,cross_suite_wrong,0,1,300,125,True,True,True,True,True,60,25,True,True,correct,libero_goal,6,35,put the cream cheese in the bowl,138.97093747090548,validation,7,7,task_26_demos_13,per_init_ordinal,20260911,35,26,26,libero_goal,6,[13],[13],[30],96,20,True,1,cross_suite_wrong,libero_goal,6,35,put the cream cheese in the bowl,73.94329536799341,validation,7,7,task_26_control_cross_suite_wrong_video_39_demos_13,per_init_ordinal,20260911,35,26,39,libero_10,9,[13],[13],[30],310,63,True,1
libero_goal,6,36,put the cream cheese in the bowl,cross_suite_wrong,1,1,112,125,True,True,True,True,True,23,25,True,True,correct,libero_goal,6,36,put the cream cheese in the bowl,69.22477368172258,validation,7,7,task_26_demos_04,per_init_ordinal,20260911,36,26,26,libero_goal,6,[4],[4],[21],94,20,True,1,cross_suite_wrong,libero_goal,6,36,put the cream cheese in the bowl,72.65617856476456,validation,7,7,task_26_control_cross_suite_wrong_video_39_demos_04,per_init_ordinal,20260911,36,26,39,libero_10,9,[4],[4],[21],364,74,True,1
libero_goal,6,37,put the cream cheese in the bowl,cross_suite_wrong,0,1,300,120,True,True,True,True,True,60,24,True,True,correct,libero_goal,6,37,put the cream cheese in the bowl,136.42518991976976,validation,7,7,task_26_demos_30,per_init_ordinal,20260911,37,26,26,libero_goal,6,[30],[30],[47],95,20,True,1,cross_suite_wrong,libero_goal,6,37,put the cream cheese in the bowl,70.12120267935097,validation,7,7,task_26_control_cross_suite_wrong_video_39_demos_30,per_init_ordinal,20260911,37,26,39,libero_10,9,[30],[30],[47],337,69,True,1
libero_goal,6,38,put the cream cheese in the bowl,cross_suite_wrong,0,1,300,96,True,True,True,True,True,60,20,True,True,correct,libero_goal,6,38,put the cream cheese in the bowl,135.1661966238171,validation,7,7,task_26_demos_03,per_init_ordinal,20260911,38,26,26,libero_goal,6,[3],[3],[20],104,22,True,1,cross_suite_wrong,libero_goal,6,38,put the cream cheese in the bowl,57.488600293174386,validation,7,7,task_26_control_cross_suite_wrong_video_39_demos_03,per_init_ordinal,20260911,38,26,39,libero_10,9,[3],[3],[20],415,84,True,1
libero_goal,6,39,put the cream cheese in the bowl,cross_suite_wrong,0,1,300,116,True,True,True,True,True,60,24,True,True,correct,libero_goal,6,39,put the cream cheese in the bowl,133.84718811232597,validation,7,7,task_26_demos_46,per_init_ordinal,20260911,39,26,26,libero_goal,6,[46],[46],[13],114,24,True,1,cross_suite_wrong,libero_goal,6,39,put the cream cheese in the bowl,67.15308154281229,validation,7,7,task_26_control_cross_suite_wrong_video_39_demos_46,per_init_ordinal,20260911,39,26,39,libero_10,9,[46],[46],[13],256,52,True,1
libero_goal,6,40,put the cream cheese in the bowl,cross_suite_wrong,0,1,300,175,True,True,True,True,True,60,35,True,True,correct,libero_goal,6,40,put the cream cheese in the bowl,125.47427474986762,validation,7,7,task_26_demos_14,per_init_ordinal,20260911,40,26,26,libero_goal,6,[14],[14],[31],106,22,True,1,cross_suite_wrong,libero_goal,6,40,put the cream cheese in the bowl,96.6025965437293,validation,7,7,task_26_control_cross_suite_wrong_video_39_demos_14,per_init_ordinal,20260911,40,26,39,libero_10,9,[14],[14],[31],329,67,True,1
libero_goal,6,41,put the cream cheese in the bowl,cross_suite_wrong,1,1,130,142,True,True,True,True,True,26,29,True,True,correct,libero_goal,6,41,put the cream cheese in the bowl,79.4982211496681,validation,7,7,task_26_demos_28,per_init_ordinal,20260911,41,26,26,libero_goal,6,[28],[28],[45],95,20,True,1,cross_suite_wrong,libero_goal,6,41,put the cream cheese in the bowl,89.66624070331454,validation,7,7,task_26_control_cross_suite_wrong_video_39_demos_28,per_init_ordinal,20260911,41,26,39,libero_10,9,[28],[28],[45],239,49,True,1
libero_goal,6,42,put the cream cheese in the bowl,cross_suite_wrong,1,1,89,133,True,True,True,True,True,18,27,True,True,correct,libero_goal,6,42,put the cream cheese in the bowl,61.24445872195065,validation,7,7,task_26_demos_19,per_init_ordinal,20260911,42,26,26,libero_goal,6,[19],[19],[36],92,20,True,1,cross_suite_wrong,libero_goal,6,42,put the cream cheese in the bowl,84.81361026875675,validation,7,7,task_26_control_cross_suite_wrong_video_39_demos_19,per_init_ordinal,20260911,42,26,39,libero_10,9,[19],[19],[36],317,65,True,1
libero_goal,6,43,put the cream cheese in the bowl,cross_suite_wrong,0,1,300,121,True,True,True,True,True,60,25,True,True,correct,libero_goal,6,43,put the cream cheese in the bowl,121.37019413616508,validation,7,7,task_26_demos_17,per_init_ordinal,20260911,43,26,26,libero_goal,6,[17],[17],[34],107,23,True,1,cross_suite_wrong,libero_goal,6,43,put the cream cheese in the bowl,78.82482904288918,validation,7,7,task_26_control_cross_suite_wrong_video_39_demos_17,per_init_ordinal,20260911,43,26,39,libero_10,9,[17],[17],[34],279,57,True,1
libero_goal,6,44,put the cream cheese in the bowl,cross_suite_wrong,0,1,300,114,True,True,True,True,True,60,23,True,True,correct,libero_goal,6,44,put the cream cheese in the bowl,120.14077770337462,validation,7,7,task_26_demos_33,per_init_ordinal,20260911,44,26,26,libero_goal,6,[33],[33],[0],111,23,True,1,cross_suite_wrong,libero_goal,6,44,put the cream cheese in the bowl,72.8548375396058,validation,7,7,task_26_control_cross_suite_wrong_video_39_demos_33,per_init_ordinal,20260911,44,26,39,libero_10,9,[33],[33],[0],256,52,True,1
libero_goal,6,45,put the cream cheese in the bowl,cross_suite_wrong,1,1,97,119,True,True,True,True,True,20,24,True,True,correct,libero_goal,6,45,put the cream cheese in the bowl,62.63941574282944,validation,7,7,task_26_demos_37,per_init_ordinal,20260911,45,26,26,libero_goal,6,[37],[37],[4],96,20,True,1,cross_suite_wrong,libero_goal,6,45,put the cream cheese in the bowl,74.381557286717,validation,7,7,task_26_control_cross_suite_wrong_video_39_demos_37,per_init_ordinal,20260911,45,26,39,libero_10,9,[37],[37],[4],278,57,True,1
libero_goal,6,46,put the cream cheese in the bowl,cross_suite_wrong,1,1,107,142,True,True,True,True,True,22,29,True,True,correct,libero_goal,6,46,put the cream cheese in the bowl,65.54972986876965,validation,7,7,task_26_demos_15,per_init_ordinal,20260911,46,26,26,libero_goal,6,[15],[15],[32],86,18,True,1,cross_suite_wrong,libero_goal,6,46,put the cream cheese in the bowl,83.31557217054069,validation,7,7,task_26_control_cross_suite_wrong_video_39_demos_15,per_init_ordinal,20260911,46,26,39,libero_10,9,[15],[15],[32],316,64,True,1
libero_goal,6,47,put the cream cheese in the bowl,cross_suite_wrong,1,0,103,300,True,True,True,True,True,21,60,True,True,correct,libero_goal,6,47,put the cream cheese in the bowl,62.19483163300902,validation,7,7,task_26_demos_25,per_init_ordinal,20260911,47,26,26,libero_goal,6,[25],[25],[42],108,23,True,1,cross_suite_wrong,libero_goal,6,47,put the cream cheese in the bowl,103.55045631248504,validation,7,7,task_26_control_cross_suite_wrong_video_39_demos_25,per_init_ordinal,20260911,47,26,39,libero_10,9,[25],[25],[42],255,52,True,1
libero_goal,6,48,put the cream cheese in the bowl,cross_suite_wrong,0,1,300,111,True,True,True,True,True,60,23,True,True,correct,libero_goal,6,48,put the cream cheese in the bowl,48.70533032901585,validation,7,7,task_26_demos_06,per_init_ordinal,20260911,48,26,26,libero_goal,6,[6],[6],[23],110,23,True,1,cross_suite_wrong,libero_goal,6,48,put the cream cheese in the bowl,24.311650772579014,validation,7,7,task_26_control_cross_suite_wrong_video_39_demos_06,per_init_ordinal,20260911,48,26,39,libero_10,9,[6],[6],[23],317,65,True,1
libero_goal,6,49,put the cream cheese in the bowl,cross_suite_wrong,1,0,103,300,True,True,True,True,True,21,60,True,True,correct,libero_goal,6,49,put the cream cheese in the bowl,21.944074200466275,validation,7,7,task_26_demos_18,per_init_ordinal,20260911,49,26,26,libero_goal,6,[18],[18],[35],96,20,True,1,cross_suite_wrong,libero_goal,6,49,put the cream cheese in the bowl,45.44819082971662,validation,7,7,task_26_control_cross_suite_wrong_video_39_demos_18,per_init_ordinal,20260911,49,26,39,libero_10,9,[18],[18],[35],260,53,True,1
libero_object,1,0,pick up the cream cheese and place it in the basket,cross_suite_wrong,0,0,280,280,True,True,True,True,True,56,56,True,True,correct,libero_object,1,0,pick up the cream cheese and place it in the basket,140.3010015701875,validation,7,7,task_11_demos_34,per_init_ordinal,20260911,0,11,11,libero_object,1,[34],[34],[1],127,27,True,1,cross_suite_wrong,libero_object,1,0,pick up the cream cheese and place it in the basket,162.3820185828954,validation,7,7,task_11_control_cross_suite_wrong_video_23_demos_34,per_init_ordinal,20260911,0,11,23,libero_goal,3,[34],[34],[1],198,41,True,1
libero_object,1,1,pick up the cream cheese and place it in the basket,cross_suite_wrong,0,0,280,280,True,True,True,True,True,56,56,True,True,correct,libero_object,1,1,pick up the cream cheese and place it in the basket,139.1618628660217,validation,7,7,task_11_demos_10,per_init_ordinal,20260911,1,11,11,libero_object,1,[10],[10],[27],132,28,True,1,cross_suite_wrong,libero_object,1,1,pick up the cream cheese and place it in the basket,161.07857597898692,validation,7,7,task_11_control_cross_suite_wrong_video_23_demos_10,per_init_ordinal,20260911,1,11,23,libero_goal,3,[10],[10],[27],299,61,True,1
libero_object,1,2,pick up the cream cheese and place it in the basket,cross_suite_wrong,1,0,244,280,True,True,True,True,True,49,56,True,True,correct,libero_object,1,2,pick up the cream cheese and place it in the basket,126.8541322434321,validation,7,7,task_11_demos_12,per_init_ordinal,20260911,2,11,11,libero_object,1,[12],[12],[29],133,28,True,1,cross_suite_wrong,libero_object,1,2,pick up the cream cheese and place it in the basket,159.68537809420377,validation,7,7,task_11_control_cross_suite_wrong_video_23_demos_12,per_init_ordinal,20260911,2,11,23,libero_goal,3,[12],[12],[29],215,44,True,1
libero_object,1,3,pick up the cream cheese and place it in the basket,cross_suite_wrong,1,0,225,280,True,True,True,True,True,45,56,True,True,correct,libero_object,1,3,pick up the cream cheese and place it in the basket,116.78647944144905,validation,7,7,task_11_demos_02,per_init_ordinal,20260911,3,11,11,libero_object,1,[2],[2],[19],125,26,True,1,cross_suite_wrong,libero_object,1,3,pick up the cream cheese and place it in the basket,158.3835357381031,validation,7,7,task_11_control_cross_suite_wrong_video_23_demos_02,per_init_ordinal,20260911,3,11,23,libero_goal,3,[2],[2],[19],284,58,True,1
libero_object,1,4,pick up the cream cheese and place it in the basket,cross_suite_wrong,1,0,217,280,True,True,True,True,True,44,56,True,True,correct,libero_object,1,4,pick up the cream cheese and place it in the basket,112.5369364079088,validation,7,7,task_11_demos_39,per_init_ordinal,20260911,4,11,11,libero_object,1,[39],[39],[6],164,34,True,1,cross_suite_wrong,libero_object,1,4,pick up the cream cheese and place it in the basket,156.93252903129905,validation,7,7,task_11_control_cross_suite_wrong_video_23_demos_39,per_init_ordinal,20260911,4,11,23,libero_goal,3,[39],[39],[6],184,38,True,1
libero_object,1,5,pick up the cream cheese and place it in the basket,cross_suite_wrong,0,0,280,280,True,True,True,True,True,56,56,True,True,correct,libero_object,1,5,pick up the cream cheese and place it in the basket,134.78204654809088,validation,7,7,task_11_demos_08,per_init_ordinal,20260911,5,11,11,libero_object,1,[8],[8],[25],176,36,True,1,cross_suite_wrong,libero_object,1,5,pick up the cream cheese and place it in the basket,155.4069700697437,validation,7,7,task_11_control_cross_suite_wrong_video_23_demos_08,per_init_ordinal,20260911,5,11,23,libero_goal,3,[8],[8],[25],184,38,True,1
libero_object,1,6,pick up the cream cheese and place it in the basket,cross_suite_wrong,1,1,238,214,True,True,True,True,True,48,43,True,True,correct,libero_object,1,6,pick up the cream cheese and place it in the basket,120.52747821435332,validation,7,7,task_11_demos_35,per_init_ordinal,20260911,6,11,11,libero_object,1,[35],[35],[2],139,29,True,1,cross_suite_wrong,libero_object,1,6,pick up the cream cheese and place it in the basket,117.27523217629641,validation,7,7,task_11_control_cross_suite_wrong_video_23_demos_35,per_init_ordinal,20260911,6,11,23,libero_goal,3,[35],[35],[2],186,38,True,1
libero_object,1,7,pick up the cream cheese and place it in the basket,cross_suite_wrong,0,0,280,280,True,True,True,True,True,56,56,True,True,correct,libero_object,1,7,pick up the cream cheese and place it in the basket,132.61504846811295,validation,7,7,task_11_demos_41,per_init_ordinal,20260911,7,11,11,libero_object,1,[41],[41],[8],136,28,True,1,cross_suite_wrong,libero_object,1,7,pick up the cream cheese and place it in the basket,152.40478513855487,validation,7,7,task_11_control_cross_suite_wrong_video_23_demos_41,per_init_ordinal,20260911,7,11,23,libero_goal,3,[41],[41],[8],178,37,True,1
libero_object,1,8,pick up the cream cheese and place it in the basket,cross_suite_wrong,1,1,192,227,True,True,True,True,True,39,46,True,True,correct,libero_object,1,8,pick up the cream cheese and place it in the basket,112.52621525526047,validation,7,7,task_11_demos_45,per_init_ordinal,20260911,8,11,11,libero_object,1,[45],[45],[12],163,34,True,1,cross_suite_wrong,libero_object,1,8,pick up the cream cheese and place it in the basket,141.97422031126916,validation,7,7,task_11_control_cross_suite_wrong_video_23_demos_45,per_init_ordinal,20260911,8,11,23,libero_goal,3,[45],[45],[12],219,45,True,1
libero_object,1,9,pick up the cream cheese and place it in the basket,cross_suite_wrong,1,1,254,259,True,True,True,True,True,51,52,True,True,correct,libero_object,1,9,pick up the cream cheese and place it in the basket,131.28061301168054,validation,7,7,task_11_demos_16,per_init_ordinal,20260911,9,11,11,libero_object,1,[16],[16],[33],119,25,True,1,cross_suite_wrong,libero_object,1,9,pick up the cream cheese and place it in the basket,154.3643856830895,validation,7,7,task_11_control_cross_suite_wrong_video_23_demos_16,per_init_ordinal,20260911,9,11,23,libero_goal,3,[16],[16],[33],249,51,True,1
libero_object,1,10,pick up the cream cheese and place it in the basket,cross_suite_wrong,0,1,280,244,True,True,True,True,True,56,49,True,True,correct,libero_object,1,10,pick up the cream cheese and place it in the basket,136.21814349852502,validation,7,7,task_11_demos_04,per_init_ordinal,20260911,10,11,11,libero_object,1,[4],[4],[21],127,27,True,1,cross_suite_wrong,libero_object,1,10,pick up the cream cheese and place it in the basket,145.9932749159634,validation,7,7,task_11_control_cross_suite_wrong_video_23_demos_04,per_init_ordinal,20260911,10,11,23,libero_goal,3,[4],[4],[21],250,51,True,1
libero_object,1,11,pick up the cream cheese and place it in the basket,cross_suite_wrong,0,0,280,280,True,True,True,True,True,56,56,True,True,correct,libero_object,1,11,pick up the cream cheese and place it in the basket,135.17163792345673,validation,7,7,task_11_demos_03,per_init_ordinal,20260911,11,11,11,libero_object,1,[3],[3],[20],133,28,True,1,cross_suite_wrong,libero_object,1,11,pick up the cream cheese and place it in the basket,156.64179000630975,validation,7,7,task_11_control_cross_suite_wrong_video_23_demos_03,per_init_ordinal,20260911,11,11,23,libero_goal,3,[3],[3],[20],199,41,True,1
libero_object,1,12,pick up the cream cheese and place it in the basket,cross_suite_wrong,1,1,162,260,True,True,True,True,True,33,52,True,True,correct,libero_object,1,12,pick up the cream cheese and place it in the basket,91.59535126946867,validation,7,7,task_11_demos_30,per_init_ordinal,20260911,12,11,11,libero_object,1,[30],[30],[47],171,35,True,1,cross_suite_wrong,libero_object,1,12,pick up the cream cheese and place it in the basket,150.81537891365588,validation,7,7,task_11_control_cross_suite_wrong_video_23_demos_30,per_init_ordinal,20260911,12,11,23,libero_goal,3,[30],[30],[47],199,41,True,1
libero_object,1,13,pick up the cream cheese and place it in the basket,cross_suite_wrong,1,1,183,192,True,True,True,True,True,37,39,True,True,correct,libero_object,1,13,pick up the cream cheese and place it in the basket,102.27788935322315,validation,7,7,task_11_demos_23,per_init_ordinal,20260911,13,11,11,libero_object,1,[23],[23],[40],140,29,True,1,cross_suite_wrong,libero_object,1,13,pick up the cream cheese and place it in the basket,117.28921816963702,validation,7,7,task_11_control_cross_suite_wrong_video_23_demos_23,per_init_ordinal,20260911,13,11,23,libero_goal,3,[23],[23],[40],200,41,True,1
libero_object,1,14,pick up the cream cheese and place it in the basket,cross_suite_wrong,1,0,198,280,True,True,True,True,True,40,56,True,True,correct,libero_object,1,14,pick up the cream cheese and place it in the basket,108.34226904157549,validation,7,7,task_11_demos_14,per_init_ordinal,20260911,14,11,11,libero_object,1,[14],[14],[31],157,33,True,1,cross_suite_wrong,libero_object,1,14,pick up the cream cheese and place it in the basket,152.87663024012,validation,7,7,task_11_control_cross_suite_wrong_video_23_demos_14,per_init_ordinal,20260911,14,11,23,libero_goal,3,[14],[14],[31],178,37,True,1
libero_object,1,15,pick up the cream cheese and place it in the basket,cross_suite_wrong,1,0,226,280,True,True,True,True,True,46,56,True,True,correct,libero_object,1,15,pick up the cream cheese and place it in the basket,117.6647200929001,validation,7,7,task_11_demos_48,per_init_ordinal,20260911,15,11,11,libero_object,1,[48],[48],[15],137,29,True,1,cross_suite_wrong,libero_object,1,15,pick up the cream cheese and place it in the basket,151.76637925300747,validation,7,7,task_11_control_cross_suite_wrong_video_23_demos_48,per_init_ordinal,20260911,15,11,23,libero_goal,3,[48],[48],[15],206,42,True,1
libero_object,1,16,pick up the cream cheese and place it in the basket,cross_suite_wrong,1,0,205,280,True,True,True,True,True,41,56,True,True,correct,libero_object,1,16,pick up the cream cheese and place it in the basket,114.84651430044323,validation,7,7,task_11_demos_33,per_init_ordinal,20260911,16,11,11,libero_object,1,[33],[33],[0],145,30,True,1,cross_suite_wrong,libero_object,1,16,pick up the cream cheese and place it in the basket,161.69373605772853,validation,7,7,task_11_control_cross_suite_wrong_video_23_demos_33,per_init_ordinal,20260911,16,11,23,libero_goal,3,[33],[33],[0],203,42,True,1
libero_object,1,17,pick up the cream cheese and place it in the basket,cross_suite_wrong,0,0,280,280,True,True,True,True,True,56,56,True,True,correct,libero_object,1,17,pick up the cream cheese and place it in the basket,148.22132652252913,validation,7,7,task_11_demos_18,per_init_ordinal,20260911,17,11,11,libero_object,1,[18],[18],[35],177,37,True,1,cross_suite_wrong,libero_object,1,17,pick up the cream cheese and place it in the basket,160.6228191750124,validation,7,7,task_11_control_cross_suite_wrong_video_23_demos_18,per_init_ordinal,20260911,17,11,23,libero_goal,3,[18],[18],[35],184,38,True,1
libero_object,1,18,pick up the cream cheese and place it in the basket,cross_suite_wrong,0,0,280,280,True,True,True,True,True,56,56,True,True,correct,libero_object,1,18,pick up the cream cheese and place it in the basket,146.99544869177043,validation,7,7,task_11_demos_13,per_init_ordinal,20260911,18,11,11,libero_object,1,[13],[13],[30],142,30,True,1,cross_suite_wrong,libero_object,1,18,pick up the cream cheese and place it in the basket,159.54083338286728,validation,7,7,task_11_control_cross_suite_wrong_video_23_demos_13,per_init_ordinal,20260911,18,11,23,libero_goal,3,[13],[13],[30],190,39,True,1
libero_object,1,19,pick up the cream cheese and place it in the basket,cross_suite_wrong,1,0,198,280,True,True,True,True,True,40,56,True,True,correct,libero_object,1,19,pick up the cream cheese and place it in the basket,108.42581627517939,validation,7,7,task_11_demos_46,per_init_ordinal,20260911,19,11,11,libero_object,1,[46],[46],[13],135,28,True,1,cross_suite_wrong,libero_object,1,19,pick up the cream cheese and place it in the basket,158.54227544460446,validation,7,7,task_11_control_cross_suite_wrong_video_23_demos_46,per_init_ordinal,20260911,19,11,23,libero_goal,3,[46],[46],[13],190,39,True,1
libero_object,1,20,pick up the cream cheese and place it in the basket,cross_suite_wrong,0,0,280,280,True,True,True,True,True,56,56,True,True,correct,libero_object,1,20,pick up the cream cheese and place it in the basket,144.65959892608225,validation,7,7,task_11_demos_43,per_init_ordinal,20260911,20,11,11,libero_object,1,[43],[43],[10],142,30,True,1,cross_suite_wrong,libero_object,1,20,pick up the cream cheese and place it in the basket,157.45274205785245,validation,7,7,task_11_control_cross_suite_wrong_video_23_demos_43,per_init_ordinal,20260911,20,11,23,libero_goal,3,[43],[43],[10],194,40,True,1
libero_object,1,21,pick up the cream cheese and place it in the basket,cross_suite_wrong,1,0,245,280,True,True,True,True,True,49,56,True,True,correct,libero_object,1,21,pick up the cream cheese and place it in the basket,128.46044450253248,validation,7,7,task_11_demos_28,per_init_ordinal,20260911,21,11,11,libero_object,1,[28],[28],[45],140,29,True,1,cross_suite_wrong,libero_object,1,21,pick up the cream cheese and place it in the basket,156.31523171346635,validation,7,7,task_11_control_cross_suite_wrong_video_23_demos_28,per_init_ordinal,20260911,21,11,23,libero_goal,3,[28],[28],[45],270,55,True,1
libero_object,1,22,pick up the cream cheese and place it in the basket,cross_suite_wrong,0,0,280,280,True,True,True,True,True,56,56,True,True,correct,libero_object,1,22,pick up the cream cheese and place it in the basket,142.59414139389992,validation,7,7,task_11_demos_29,per_init_ordinal,20260911,22,11,11,libero_object,1,[29],[29],[46],178,37,True,1,cross_suite_wrong,libero_object,1,22,pick up the cream cheese and place it in the basket,155.1048066597432,validation,7,7,task_11_control_cross_suite_wrong_video_23_demos_29,per_init_ordinal,20260911,22,11,23,libero_goal,3,[29],[29],[46],202,42,True,1
libero_object,1,23,pick up the cream cheese and place it in the basket,cross_suite_wrong,1,1,255,207,True,True,True,True,True,51,42,True,True,correct,libero_object,1,23,pick up the cream cheese and place it in the basket,130.91581604629755,validation,7,7,task_11_demos_17,per_init_ordinal,20260911,23,11,11,libero_object,1,[17],[17],[34],144,30,True,1,cross_suite_wrong,libero_object,1,23,pick up the cream cheese and place it in the basket,117.5068644778803,validation,7,7,task_11_control_cross_suite_wrong_video_23_demos_17,per_init_ordinal,20260911,23,11,23,libero_goal,3,[17],[17],[34],177,37,True,1
libero_object,1,24,pick up the cream cheese and place it in the basket,cross_suite_wrong,1,1,198,227,True,True,True,True,True,40,46,True,True,correct,libero_object,1,24,pick up the cream cheese and place it in the basket,115.59893444180489,validation,7,7,task_11_demos_37,per_init_ordinal,20260911,24,11,11,libero_object,1,[37],[37],[4],135,28,True,1,cross_suite_wrong,libero_object,1,24,pick up the cream cheese and place it in the basket,127.36936142016202,validation,7,7,task_11_control_cross_suite_wrong_video_23_demos_37,per_init_ordinal,20260911,24,11,23,libero_goal,3,[37],[37],[4],221,45,True,1
libero_object,1,25,pick up the cream cheese and place it in the basket,cross_suite_wrong,0,1,280,278,True,True,True,True,True,56,56,True,True,correct,libero_object,1,25,pick up the cream cheese and place it in the basket,130.66770142223686,validation,7,7,task_11_demos_31,per_init_ordinal,20260911,25,11,11,libero_object,1,[31],[31],[48],151,31,True,1,cross_suite_wrong,libero_object,1,25,pick up the cream cheese and place it in the basket,147.57342605944723,validation,7,7,task_11_control_cross_suite_wrong_video_23_demos_31,per_init_ordinal,20260911,25,11,23,libero_goal,3,[31],[31],[48],206,42,True,1
libero_object,1,26,pick up the cream cheese and place it in the basket,cross_suite_wrong,1,1,212,222,True,True,True,True,True,43,45,True,True,correct,libero_object,1,26,pick up the cream cheese and place it in the basket,118.0206099562347,validation,7,7,task_11_demos_26,per_init_ordinal,20260911,26,11,11,libero_object,1,[26],[26],[43],138,29,True,1,cross_suite_wrong,libero_object,1,26,pick up the cream cheese and place it in the basket,122.56642440892756,validation,7,7,task_11_control_cross_suite_wrong_video_23_demos_26,per_init_ordinal,20260911,26,11,23,libero_goal,3,[26],[26],[43],229,47,True,1
libero_object,1,27,pick up the cream cheese and place it in the basket,cross_suite_wrong,1,0,207,280,True,True,True,True,True,42,56,True,True,correct,libero_object,1,27,pick up the cream cheese and place it in the basket,115.48943685460836,validation,7,7,task_11_demos_40,per_init_ordinal,20260911,27,11,11,libero_object,1,[40],[40],[7],151,31,True,1,cross_suite_wrong,libero_object,1,27,pick up the cream cheese and place it in the basket,145.22222533728927,validation,7,7,task_11_control_cross_suite_wrong_video_23_demos_40,per_init_ordinal,20260911,27,11,23,libero_goal,3,[40],[40],[7],187,39,True,1
libero_object,1,28,pick up the cream cheese and place it in the basket,cross_suite_wrong,1,1,178,228,True,True,True,True,True,36,46,True,True,correct,libero_object,1,28,pick up the cream cheese and place it in the basket,104.34581115748733,validation,7,7,task_11_demos_42,per_init_ordinal,20260911,28,11,11,libero_object,1,[42],[42],[9],139,29,True,1,cross_suite_wrong,libero_object,1,28,pick up the cream cheese and place it in the basket,122.94079506024718,validation,7,7,task_11_control_cross_suite_wrong_video_23_demos_42,per_init_ordinal,20260911,28,11,23,libero_goal,3,[42],[42],[9],204,42,True,1
libero_object,1,29,pick up the cream cheese and place it in the basket,cross_suite_wrong,1,0,195,280,True,True,True,True,True,39,56,True,True,correct,libero_object,1,29,pick up the cream cheese and place it in the basket,108.64620394166559,validation,7,7,task_11_demos_32,per_init_ordinal,20260911,29,11,11,libero_object,1,[32],[32],[49],172,36,True,1,cross_suite_wrong,libero_object,1,29,pick up the cream cheese and place it in the basket,142.82262718584388,validation,7,7,task_11_control_cross_suite_wrong_video_23_demos_32,per_init_ordinal,20260911,29,11,23,libero_goal,3,[32],[32],[49],199,41,True,1
libero_object,1,30,pick up the cream cheese and place it in the basket,cross_suite_wrong,1,1,257,276,True,True,True,True,True,52,56,True,True,correct,libero_object,1,30,pick up the cream cheese and place it in the basket,122.1986825754866,validation,7,7,task_11_demos_24,per_init_ordinal,20260911,30,11,11,libero_object,1,[24],[24],[41],127,27,True,1,cross_suite_wrong,libero_object,1,30,pick up the cream cheese and place it in the basket,141.43359165918082,validation,7,7,task_11_control_cross_suite_wrong_video_23_demos_24,per_init_ordinal,20260911,30,11,23,libero_goal,3,[24],[24],[41],219,45,True,1
libero_object,1,31,pick up the cream cheese and place it in the basket,cross_suite_wrong,1,0,205,280,True,True,True,True,True,41,56,True,True,correct,libero_object,1,31,pick up the cream cheese and place it in the basket,109.81399930641055,validation,7,7,task_11_demos_19,per_init_ordinal,20260911,31,11,11,libero_object,1,[19],[19],[36],127,27,True,1,cross_suite_wrong,libero_object,1,31,pick up the cream cheese and place it in the basket,140.5728083010763,validation,7,7,task_11_control_cross_suite_wrong_video_23_demos_19,per_init_ordinal,20260911,31,11,23,libero_goal,3,[19],[19],[36],196,40,True,1
libero_object,1,32,pick up the cream cheese and place it in the basket,cross_suite_wrong,1,0,208,280,True,True,True,True,True,42,56,True,True,correct,libero_object,1,32,pick up the cream cheese and place it in the basket,120.15434768237174,validation,7,7,task_11_demos_47,per_init_ordinal,20260911,32,11,11,libero_object,1,[47],[47],[14],156,32,True,1,cross_suite_wrong,libero_object,1,32,pick up the cream cheese and place it in the basket,146.42634631693363,validation,7,7,task_11_control_cross_suite_wrong_video_23_demos_47,per_init_ordinal,20260911,32,11,23,libero_goal,3,[47],[47],[14],251,51,True,1
libero_object,1,33,pick up the cream cheese and place it in the basket,cross_suite_wrong,1,1,186,167,True,True,True,True,True,38,34,True,True,correct,libero_object,1,33,pick up the cream cheese and place it in the basket,110.56785092689097,validation,7,7,task_11_demos_38,per_init_ordinal,20260911,33,11,11,libero_object,1,[38],[38],[5],130,27,True,1,cross_suite_wrong,libero_object,1,33,pick up the cream cheese and place it in the basket,103.13847628701478,validation,7,7,task_11_control_cross_suite_wrong_video_23_demos_38,per_init_ordinal,20260911,33,11,23,libero_goal,3,[38],[38],[5],183,38,True,1
libero_object,1,34,pick up the cream cheese and place it in the basket,cross_suite_wrong,1,0,226,280,True,True,True,True,True,46,56,True,True,correct,libero_object,1,34,pick up the cream cheese and place it in the basket,122.66714254114777,validation,7,7,task_11_demos_11,per_init_ordinal,20260911,34,11,11,libero_object,1,[11],[11],[28],162,34,True,1,cross_suite_wrong,libero_object,1,34,pick up the cream cheese and place it in the basket,143.48218503966928,validation,7,7,task_11_control_cross_suite_wrong_video_23_demos_11,per_init_ordinal,20260911,34,11,23,libero_goal,3,[11],[11],[28],228,47,True,1
libero_object,1,35,pick up the cream cheese and place it in the basket,cross_suite_wrong,1,1,168,222,True,True,True,True,True,34,45,True,True,correct,libero_object,1,35,pick up the cream cheese and place it in the basket,101.10142571572214,validation,7,7,task_11_demos_22,per_init_ordinal,20260911,35,11,11,libero_object,1,[22],[22],[39],125,26,True,1,cross_suite_wrong,libero_object,1,35,pick up the cream cheese and place it in the basket,128.93594009894878,validation,7,7,task_11_control_cross_suite_wrong_video_23_demos_22,per_init_ordinal,20260911,35,11,23,libero_goal,3,[22],[22],[39],218,45,True,1
libero_object,1,36,pick up the cream cheese and place it in the basket,cross_suite_wrong,1,1,204,253,True,True,True,True,True,41,51,True,True,correct,libero_object,1,36,pick up the cream cheese and place it in the basket,113.40603519696742,validation,7,7,task_11_demos_25,per_init_ordinal,20260911,36,11,11,libero_object,1,[25],[25],[42],131,27,True,1,cross_suite_wrong,libero_object,1,36,pick up the cream cheese and place it in the basket,136.03127673082054,validation,7,7,task_11_control_cross_suite_wrong_video_23_demos_25,per_init_ordinal,20260911,36,11,23,libero_goal,3,[25],[25],[42],188,39,True,1
libero_object,1,37,pick up the cream cheese and place it in the basket,cross_suite_wrong,0,1,280,209,True,True,True,True,True,56,42,True,True,correct,libero_object,1,37,pick up the cream cheese and place it in the basket,128.0241515012458,validation,7,7,task_11_demos_15,per_init_ordinal,20260911,37,11,11,libero_object,1,[15],[15],[32],130,27,True,1,cross_suite_wrong,libero_object,1,37,pick up the cream cheese and place it in the basket,120.49676962662488,validation,7,7,task_11_control_cross_suite_wrong_video_23_demos_15,per_init_ordinal,20260911,37,11,23,libero_goal,3,[15],[15],[32],185,38,True,1
libero_object,1,38,pick up the cream cheese and place it in the basket,cross_suite_wrong,0,1,280,209,True,True,True,True,True,56,42,True,True,correct,libero_object,1,38,pick up the cream cheese and place it in the basket,126.87688626442105,validation,7,7,task_11_demos_09,per_init_ordinal,20260911,38,11,11,libero_object,1,[9],[9],[26],150,31,True,1,cross_suite_wrong,libero_object,1,38,pick up the cream cheese and place it in the basket,118.89956455864012,validation,7,7,task_11_control_cross_suite_wrong_video_23_demos_09,per_init_ordinal,20260911,38,11,23,libero_goal,3,[9],[9],[26],173,36,True,1
libero_object,1,39,pick up the cream cheese and place it in the basket,cross_suite_wrong,1,1,217,206,True,True,True,True,True,44,42,True,True,correct,libero_object,1,39,pick up the cream cheese and place it in the basket,115.2779729636386,validation,7,7,task_11_demos_05,per_init_ordinal,20260911,39,11,11,libero_object,1,[5],[5],[22],156,32,True,1,cross_suite_wrong,libero_object,1,39,pick up the cream cheese and place it in the basket,116.92680206894875,validation,7,7,task_11_control_cross_suite_wrong_video_23_demos_05,per_init_ordinal,20260911,39,11,23,libero_goal,3,[5],[5],[22],176,36,True,1
libero_object,1,40,pick up the cream cheese and place it in the basket,cross_suite_wrong,0,1,280,207,True,True,True,True,True,56,42,True,True,correct,libero_object,1,40,pick up the cream cheese and place it in the basket,142.36499220039696,validation,7,7,task_11_demos_07,per_init_ordinal,20260911,40,11,11,libero_object,1,[7],[7],[24],141,29,True,1,cross_suite_wrong,libero_object,1,40,pick up the cream cheese and place it in the basket,124.54864551965147,validation,7,7,task_11_control_cross_suite_wrong_video_23_demos_07,per_init_ordinal,20260911,40,11,23,libero_goal,3,[7],[7],[24],202,42,True,1
libero_object,1,41,pick up the cream cheese and place it in the basket,cross_suite_wrong,1,1,214,210,True,True,True,True,True,43,42,True,True,correct,libero_object,1,41,pick up the cream cheese and place it in the basket,119.79560033790767,validation,7,7,task_11_demos_01,per_init_ordinal,20260911,41,11,11,libero_object,1,[1],[1],[18],187,39,True,1,cross_suite_wrong,libero_object,1,41,pick up the cream cheese and place it in the basket,123.61906955670565,validation,7,7,task_11_control_cross_suite_wrong_video_23_demos_01,per_init_ordinal,20260911,41,11,23,libero_goal,3,[1],[1],[18],187,39,True,1
libero_object,1,42,pick up the cream cheese and place it in the basket,cross_suite_wrong,0,0,280,280,True,True,True,True,True,56,56,True,True,correct,libero_object,1,42,pick up the cream cheese and place it in the basket,140.0855603525415,validation,7,7,task_11_demos_27,per_init_ordinal,20260911,42,11,11,libero_object,1,[27],[27],[44],121,25,True,1,cross_suite_wrong,libero_object,1,42,pick up the cream cheese and place it in the basket,132.7402434507385,validation,7,7,task_11_control_cross_suite_wrong_video_23_demos_27,per_init_ordinal,20260911,42,11,23,libero_goal,3,[27],[27],[44],184,38,True,1
libero_object,1,43,pick up the cream cheese and place it in the basket,cross_suite_wrong,0,1,280,243,True,True,True,True,True,56,49,True,True,correct,libero_object,1,43,pick up the cream cheese and place it in the basket,138.91094533819705,validation,7,7,task_11_demos_20,per_init_ordinal,20260911,43,11,11,libero_object,1,[20],[20],[37],123,26,True,1,cross_suite_wrong,libero_object,1,43,pick up the cream cheese and place it in the basket,127.5413905531168,validation,7,7,task_11_control_cross_suite_wrong_video_23_demos_20,per_init_ordinal,20260911,43,11,23,libero_goal,3,[20],[20],[37],185,38,True,1
libero_object,1,44,pick up the cream cheese and place it in the basket,cross_suite_wrong,1,1,257,175,True,True,True,True,True,52,35,True,True,correct,libero_object,1,44,pick up the cream cheese and place it in the basket,131.80397608689964,validation,7,7,task_11_demos_00,per_init_ordinal,20260911,44,11,11,libero_object,1,[0],[0],[17],139,29,True,1,cross_suite_wrong,libero_object,1,44,pick up the cream cheese and place it in the basket,106.26212884765118,validation,7,7,task_11_control_cross_suite_wrong_video_23_demos_00,per_init_ordinal,20260911,44,11,23,libero_goal,3,[0],[0],[17],170,35,True,1
libero_object,1,45,pick up the cream cheese and place it in the basket,cross_suite_wrong,1,1,219,182,True,True,True,True,True,44,37,True,True,correct,libero_object,1,45,pick up the cream cheese and place it in the basket,117.15814362373203,validation,7,7,task_11_demos_49,per_init_ordinal,20260911,45,11,11,libero_object,1,[49],[49],[16],128,27,True,1,cross_suite_wrong,libero_object,1,45,pick up the cream cheese and place it in the basket,109.08712254464626,validation,7,7,task_11_control_cross_suite_wrong_video_23_demos_49,per_init_ordinal,20260911,45,11,23,libero_goal,3,[49],[49],[16],209,43,True,1
libero_object,1,46,pick up the cream cheese and place it in the basket,cross_suite_wrong,1,1,239,214,True,True,True,True,True,48,43,True,True,correct,libero_object,1,46,pick up the cream cheese and place it in the basket,123.21877318993211,validation,7,7,task_11_demos_44,per_init_ordinal,20260911,46,11,11,libero_object,1,[44],[44],[11],137,29,True,1,cross_suite_wrong,libero_object,1,46,pick up the cream cheese and place it in the basket,118.82749928161502,validation,7,7,task_11_control_cross_suite_wrong_video_23_demos_44,per_init_ordinal,20260911,46,11,23,libero_goal,3,[44],[44],[11],195,40,True,1
libero_object,1,47,pick up the cream cheese and place it in the basket,cross_suite_wrong,1,1,171,261,True,True,True,True,True,35,53,True,True,correct,libero_object,1,47,pick up the cream cheese and place it in the basket,92.47808539960533,validation,7,7,task_11_demos_36,per_init_ordinal,20260911,47,11,11,libero_object,1,[36],[36],[3],141,29,True,1,cross_suite_wrong,libero_object,1,47,pick up the cream cheese and place it in the basket,125.55050825048238,validation,7,7,task_11_control_cross_suite_wrong_video_23_demos_36,per_init_ordinal,20260911,47,11,23,libero_goal,3,[36],[36],[3],227,47,True,1
libero_object,1,48,pick up the cream cheese and place it in the basket,cross_suite_wrong,1,0,172,280,True,True,True,True,True,35,56,True,True,correct,libero_object,1,48,pick up the cream cheese and place it in the basket,41.29897198174149,validation,7,7,task_11_demos_06,per_init_ordinal,20260911,48,11,11,libero_object,1,[6],[6],[23],168,35,True,1,cross_suite_wrong,libero_object,1,48,pick up the cream cheese and place it in the basket,49.81900633312762,validation,7,7,task_11_control_cross_suite_wrong_video_23_demos_06,per_init_ordinal,20260911,48,11,23,libero_goal,3,[6],[6],[23],178,37,True,1
libero_object,1,49,pick up the cream cheese and place it in the basket,cross_suite_wrong,0,0,280,280,True,True,True,True,True,56,56,True,True,correct,libero_object,1,49,pick up the cream cheese and place it in the basket,55.76995212864131,validation,7,7,task_11_demos_21,per_init_ordinal,20260911,49,11,11,libero_object,1,[21],[21],[38],147,31,True,1,cross_suite_wrong,libero_object,1,49,pick up the cream cheese and place it in the basket,48.25987784471363,validation,7,7,task_11_control_cross_suite_wrong_video_23_demos_21,per_init_ordinal,20260911,49,11,23,libero_goal,3,[21],[21],[38],170,35,True,1
libero_object,6,0,pick up the butter and place it in the basket,cross_suite_wrong,0,0,280,280,True,True,True,True,True,56,56,True,True,correct,libero_object,6,0,pick up the butter and place it in the basket,154.00700800400227,validation,7,7,task_16_demos_48,per_init_ordinal,20260911,0,16,16,libero_object,6,[48],[48],[15],146,30,True,1,cross_suite_wrong,libero_object,6,0,pick up the butter and place it in the basket,166.53970999177545,validation,7,7,task_16_control_cross_suite_wrong_video_26_demos_48,per_init_ordinal,20260911,0,16,26,libero_goal,6,[48],[48],[15],135,28,True,1
libero_object,6,1,pick up the butter and place it in the basket,cross_suite_wrong,0,0,280,280,True,True,True,True,True,56,56,True,True,correct,libero_object,6,1,pick up the butter and place it in the basket,152.56177455186844,validation,7,7,task_16_demos_23,per_init_ordinal,20260911,1,16,16,libero_object,6,[23],[23],[40],158,33,True,1,cross_suite_wrong,libero_object,6,1,pick up the butter and place it in the basket,165.2507121330127,validation,7,7,task_16_control_cross_suite_wrong_video_26_demos_23,per_init_ordinal,20260911,1,16,26,libero_goal,6,[23],[23],[40],152,32,True,1
libero_object,6,2,pick up the butter and place it in the basket,cross_suite_wrong,1,0,135,280,True,True,True,True,True,27,56,True,True,correct,libero_object,6,2,pick up the butter and place it in the basket,79.56409413553774,validation,7,7,task_16_demos_31,per_init_ordinal,20260911,2,16,16,libero_object,6,[31],[31],[48],164,34,True,1,cross_suite_wrong,libero_object,6,2,pick up the butter and place it in the basket,163.928306709975,validation,7,7,task_16_control_cross_suite_wrong_video_26_demos_31,per_init_ordinal,20260911,2,16,26,libero_goal,6,[31],[31],[48],95,20,True,1
libero_object,6,3,pick up the butter and place it in the basket,cross_suite_wrong,0,0,280,280,True,True,True,True,True,56,56,True,True,correct,libero_object,6,3,pick up the butter and place it in the basket,149.7708122190088,validation,7,7,task_16_demos_00,per_init_ordinal,20260911,3,16,16,libero_object,6,[0],[0],[17],169,35,True,1,cross_suite_wrong,libero_object,6,3,pick up the butter and place it in the basket,162.70188812725246,validation,7,7,task_16_control_cross_suite_wrong_video_26_demos_00,per_init_ordinal,20260911,3,16,26,libero_goal,6,[0],[0],[17],92,20,True,1
libero_object,6,4,pick up the butter and place it in the basket,cross_suite_wrong,0,0,280,280,True,True,True,True,True,56,56,True,True,correct,libero_object,6,4,pick up the butter and place it in the basket,148.51033411640674,validation,7,7,task_16_demos_25,per_init_ordinal,20260911,4,16,16,libero_object,6,[25],[25],[42],177,37,True,1,cross_suite_wrong,libero_object,6,4,pick up the butter and place it in the basket,161.572512938641,validation,7,7,task_16_control_cross_suite_wrong_video_26_demos_25,per_init_ordinal,20260911,4,16,26,libero_goal,6,[25],[25],[42],108,23,True,1
libero_object,6,5,pick up the butter and place it in the basket,cross_suite_wrong,0,0,280,280,True,True,True,True,True,56,56,True,True,correct,libero_object,6,5,pick up the butter and place it in the basket,147.0514228856191,validation,7,7,task_16_demos_39,per_init_ordinal,20260911,5,16,16,libero_object,6,[39],[39],[6],165,34,True,1,cross_suite_wrong,libero_object,6,5,pick up the butter and place it in the basket,160.1708410354331,validation,7,7,task_16_control_cross_suite_wrong_video_26_demos_39,per_init_ordinal,20260911,5,16,26,libero_goal,6,[39],[39],[6],131,27,True,1
libero_object,6,6,pick up the butter and place it in the basket,cross_suite_wrong,0,0,280,280,True,True,True,True,True,56,56,True,True,correct,libero_object,6,6,pick up the butter and place it in the basket,145.58072587382048,validation,7,7,task_16_demos_02,per_init_ordinal,20260911,6,16,16,libero_object,6,[2],[2],[19],159,33,True,1,cross_suite_wrong,libero_object,6,6,pick up the butter and place it in the basket,158.93990995455533,validation,7,7,task_16_control_cross_suite_wrong_video_26_demos_02,per_init_ordinal,20260911,6,16,26,libero_goal,6,[2],[2],[19],103,22,True,1
libero_object,6,7,pick up the butter and place it in the basket,cross_suite_wrong,0,0,280,280,True,True,True,True,True,56,56,True,True,correct,libero_object,6,7,pick up the butter and place it in the basket,144.11403008177876,validation,7,7,task_16_demos_20,per_init_ordinal,20260911,7,16,16,libero_object,6,[20],[20],[37],146,30,True,1,cross_suite_wrong,libero_object,6,7,pick up the butter and place it in the basket,157.64815445896238,validation,7,7,task_16_control_cross_suite_wrong_video_26_demos_20,per_init_ordinal,20260911,7,16,26,libero_goal,6,[20],[20],[37],109,23,True,1
libero_object,6,8,pick up the butter and place it in the basket,cross_suite_wrong,0,0,280,280,True,True,True,True,True,56,56,True,True,correct,libero_object,6,8,pick up the butter and place it in the basket,149.64530059229583,validation,7,7,task_16_demos_10,per_init_ordinal,20260911,8,16,16,libero_object,6,[10],[10],[27],152,32,True,1,cross_suite_wrong,libero_object,6,8,pick up the butter and place it in the basket,164.85492461640388,validation,7,7,task_16_control_cross_suite_wrong_video_26_demos_10,per_init_ordinal,20260911,8,16,26,libero_goal,6,[10],[10],[27],107,23,True,1
libero_object,6,9,pick up the butter and place it in the basket,cross_suite_wrong,0,0,280,280,True,True,True,True,True,56,56,True,True,correct,libero_object,6,9,pick up the butter and place it in the basket,148.1343675320968,validation,7,7,task_16_demos_04,per_init_ordinal,20260911,9,16,16,libero_object,6,[4],[4],[21],178,37,True,1,cross_suite_wrong,libero_object,6,9,pick up the butter and place it in the basket,163.54323037248105,validation,7,7,task_16_control_cross_suite_wrong_video_26_demos_04,per_init_ordinal,20260911,9,16,26,libero_goal,6,[4],[4],[21],94,20,True,1
libero_object,6,10,pick up the butter and place it in the basket,cross_suite_wrong,0,0,280,280,True,True,True,True,True,56,56,True,True,correct,libero_object,6,10,pick up the butter and place it in the basket,146.66548597998917,validation,7,7,task_16_demos_03,per_init_ordinal,20260911,10,16,16,libero_object,6,[3],[3],[20],154,32,True,1,cross_suite_wrong,libero_object,6,10,pick up the butter and place it in the basket,162.0337734213099,validation,7,7,task_16_control_cross_suite_wrong_video_26_demos_03,per_init_ordinal,20260911,10,16,26,libero_goal,6,[3],[3],[20],104,22,True,1
libero_object,6,11,pick up the butter and place it in the basket,cross_suite_wrong,0,0,280,280,True,True,True,True,True,56,56,True,True,correct,libero_object,6,11,pick up the butter and place it in the basket,145.25024082232267,validation,7,7,task_16_demos_22,per_init_ordinal,20260911,11,16,16,libero_object,6,[22],[22],[39],153,32,True,1,cross_suite_wrong,libero_object,6,11,pick up the butter and place it in the basket,160.70518153812736,validation,7,7,task_16_control_cross_suite_wrong_video_26_demos_22,per_init_ordinal,20260911,11,16,26,libero_goal,6,[22],[22],[39],95,20,True,1
libero_object,6,12,pick up the butter and place it in the basket,cross_suite_wrong,0,0,280,280,True,True,True,True,True,56,56,True,True,correct,libero_object,6,12,pick up the butter and place it in the basket,143.76821654010564,validation,7,7,task_16_demos_46,per_init_ordinal,20260911,12,16,16,libero_object,6,[46],[46],[13],157,33,True,1,cross_suite_wrong,libero_object,6,12,pick up the butter and place it in the basket,159.07830019202083,validation,7,7,task_16_control_cross_suite_wrong_video_26_demos_46,per_init_ordinal,20260911,12,16,26,libero_goal,6,[46],[46],[13],114,24,True,1
libero_object,6,13,pick up the butter and place it in the basket,cross_suite_wrong,0,0,280,280,True,True,True,True,True,56,56,True,True,correct,libero_object,6,13,pick up the butter and place it in the basket,142.29498282354325,validation,7,7,task_16_demos_17,per_init_ordinal,20260911,13,16,16,libero_object,6,[17],[17],[34],167,35,True,1,cross_suite_wrong,libero_object,6,13,pick up the butter and place it in the basket,157.67139692325145,validation,7,7,task_16_control_cross_suite_wrong_video_26_demos_17,per_init_ordinal,20260911,13,16,26,libero_goal,6,[17],[17],[34],107,23,True,1
libero_object,6,14,pick up the butter and place it in the basket,cross_suite_wrong,0,0,280,280,True,True,True,True,True,56,56,True,True,correct,libero_object,6,14,pick up the butter and place it in the basket,140.8294253461063,validation,7,7,task_16_demos_33,per_init_ordinal,20260911,14,16,16,libero_object,6,[33],[33],[0],144,30,True,1,cross_suite_wrong,libero_object,6,14,pick up the butter and place it in the basket,156.16451652348042,validation,7,7,task_16_control_cross_suite_wrong_video_26_demos_33,per_init_ordinal,20260911,14,16,26,libero_goal,6,[33],[33],[0],111,23,True,1
libero_object,6,15,pick up the butter and place it in the basket,cross_suite_wrong,0,0,280,280,True,True,True,True,True,56,56,True,True,correct,libero_object,6,15,pick up the butter and place it in the basket,139.33489652443677,validation,7,7,task_16_demos_08,per_init_ordinal,20260911,15,16,16,libero_object,6,[8],[8],[25],150,31,True,1,cross_suite_wrong,libero_object,6,15,pick up the butter and place it in the basket,154.67680968996137,validation,7,7,task_16_control_cross_suite_wrong_video_26_demos_08,per_init_ordinal,20260911,15,16,26,libero_goal,6,[8],[8],[25],99,21,True,1
libero_object,6,16,pick up the butter and place it in the basket,cross_suite_wrong,0,0,280,280,True,True,True,True,True,56,56,True,True,correct,libero_object,6,16,pick up the butter and place it in the basket,156.64940519537777,validation,7,7,task_16_demos_34,per_init_ordinal,20260911,16,16,16,libero_object,6,[34],[34],[1],164,34,True,1,cross_suite_wrong,libero_object,6,16,pick up the butter and place it in the basket,161.83883629832417,validation,7,7,task_16_control_cross_suite_wrong_video_26_demos_34,per_init_ordinal,20260911,16,16,26,libero_goal,6,[34],[34],[1],107,23,True,1
libero_object,6,17,pick up the butter and place it in the basket,cross_suite_wrong,0,0,280,280,True,True,True,True,True,56,56,True,True,correct,libero_object,6,17,pick up the butter and place it in the basket,155.30695236567408,validation,7,7,task_16_demos_32,per_init_ordinal,20260911,17,16,16,libero_object,6,[32],[32],[49],152,32,True,1,cross_suite_wrong,libero_object,6,17,pick up the butter and place it in the basket,160.63394511677325,validation,7,7,task_16_control_cross_suite_wrong_video_26_demos_32,per_init_ordinal,20260911,17,16,26,libero_goal,6,[32],[32],[49],85,18,True,1
libero_object,6,18,pick up the butter and place it in the basket,cross_suite_wrong,0,0,280,280,True,True,True,True,True,56,56,True,True,correct,libero_object,6,18,pick up the butter and place it in the basket,154.05605436954647,validation,7,7,task_16_demos_28,per_init_ordinal,20260911,18,16,16,libero_object,6,[28],[28],[45],151,31,True,1,cross_suite_wrong,libero_object,6,18,pick up the butter and place it in the basket,159.34023654088378,validation,7,7,task_16_control_cross_suite_wrong_video_26_demos_28,per_init_ordinal,20260911,18,16,26,libero_goal,6,[28],[28],[45],95,20,True,1
libero_object,6,19,pick up the butter and place it in the basket,cross_suite_wrong,0,0,280,280,True,True,True,True,True,56,56,True,True,correct,libero_object,6,19,pick up the butter and place it in the basket,152.97518020588905,validation,7,7,task_16_demos_19,per_init_ordinal,20260911,19,16,16,libero_object,6,[19],[19],[36],149,31,True,1,cross_suite_wrong,libero_object,6,19,pick up the butter and place it in the basket,158.23656680155545,validation,7,7,task_16_control_cross_suite_wrong_video_26_demos_19,per_init_ordinal,20260911,19,16,26,libero_goal,6,[19],[19],[36],92,20,True,1
libero_object,6,20,pick up the butter and place it in the basket,cross_suite_wrong,0,0,280,280,True,True,True,True,True,56,56,True,True,correct,libero_object,6,20,pick up the butter and place it in the basket,151.77629901841283,validation,7,7,task_16_demos_24,per_init_ordinal,20260911,20,16,16,libero_object,6,[24],[24],[41],150,31,True,1,cross_suite_wrong,libero_object,6,20,pick up the butter and place it in the basket,156.8148927781731,validation,7,7,task_16_control_cross_suite_wrong_video_26_demos_24,per_init_ordinal,20260911,20,16,26,libero_goal,6,[24],[24],[41],104,22,True,1
libero_object,6,21,pick up the butter and place it in the basket,cross_suite_wrong,0,0,280,280,True,True,True,True,True,56,56,True,True,correct,libero_object,6,21,pick up the butter and place it in the basket,150.68935414589942,validation,7,7,task_16_demos_35,per_init_ordinal,20260911,21,16,16,libero_object,6,[35],[35],[2],175,36,True,1,cross_suite_wrong,libero_object,6,21,pick up the butter and place it in the basket,155.4999042749405,validation,7,7,task_16_control_cross_suite_wrong_video_26_demos_35,per_init_ordinal,20260911,21,16,26,libero_goal,6,[35],[35],[2],96,20,True,1
libero_object,6,22,pick up the butter and place it in the basket,cross_suite_wrong,0,0,280,280,True,True,True,True,True,56,56,True,True,correct,libero_object,6,22,pick up the butter and place it in the basket,149.52418081648648,validation,7,7,task_16_demos_40,per_init_ordinal,20260911,22,16,16,libero_object,6,[40],[40],[7],155,32,True,1,cross_suite_wrong,libero_object,6,22,pick up the butter and place it in the basket,154.28343554306775,validation,7,7,task_16_control_cross_suite_wrong_video_26_demos_40,per_init_ordinal,20260911,22,16,26,libero_goal,6,[40],[40],[7],135,28,True,1
libero_object,6,23,pick up the butter and place it in the basket,cross_suite_wrong,0,0,280,280,True,True,True,True,True,56,56,True,True,correct,libero_object,6,23,pick up the butter and place it in the basket,148.1309266174212,validation,7,7,task_16_demos_12,per_init_ordinal,20260911,23,16,16,libero_object,6,[12],[12],[29],154,32,True,1,cross_suite_wrong,libero_object,6,23,pick up the butter and place it in the basket,153.09425805322826,validation,7,7,task_16_control_cross_suite_wrong_video_26_demos_12,per_init_ordinal,20260911,23,16,26,libero_goal,6,[12],[12],[29],136,28,True,1
libero_object,6,24,pick up the butter and place it in the basket,cross_suite_wrong,0,0,280,280,True,True,True,True,True,56,56,True,True,correct,libero_object,6,24,pick up the butter and place it in the basket,145.1155650326982,validation,7,7,task_16_demos_01,per_init_ordinal,20260911,24,16,16,libero_object,6,[1],[1],[18],149,31,True,1,cross_suite_wrong,libero_object,6,24,pick up the butter and place it in the basket,153.8757859840989,validation,7,7,task_16_control_cross_suite_wrong_video_26_demos_01,per_init_ordinal,20260911,24,16,26,libero_goal,6,[1],[1],[18],113,24,True,1
libero_object,6,25,pick up the butter and place it in the basket,cross_suite_wrong,0,0,280,280,True,True,True,True,True,56,56,True,True,correct,libero_object,6,25,pick up the butter and place it in the basket,143.5368165196851,validation,7,7,task_16_demos_18,per_init_ordinal,20260911,25,16,16,libero_object,6,[18],[18],[35],144,30,True,1,cross_suite_wrong,libero_object,6,25,pick up the butter and place it in the basket,152.42321991361678,validation,7,7,task_16_control_cross_suite_wrong_video_26_demos_18,per_init_ordinal,20260911,25,16,26,libero_goal,6,[18],[18],[35],96,20,True,1
libero_object,6,26,pick up the butter and place it in the basket,cross_suite_wrong,0,0,280,280,True,True,True,True,True,56,56,True,True,correct,libero_object,6,26,pick up the butter and place it in the basket,142.14770347159356,validation,7,7,task_16_demos_06,per_init_ordinal,20260911,26,16,16,libero_object,6,[6],[6],[23],148,31,True,1,cross_suite_wrong,libero_object,6,26,pick up the butter and place it in the basket,151.08976101037115,validation,7,7,task_16_control_cross_suite_wrong_video_26_demos_06,per_init_ordinal,20260911,26,16,26,libero_goal,6,[6],[6],[23],110,23,True,1
libero_object,6,27,pick up the butter and place it in the basket,cross_suite_wrong,0,0,280,280,True,True,True,True,True,56,56,True,True,correct,libero_object,6,27,pick up the butter and place it in the basket,140.7313604913652,validation,7,7,task_16_demos_14,per_init_ordinal,20260911,27,16,16,libero_object,6,[14],[14],[31],154,32,True,1,cross_suite_wrong,libero_object,6,27,pick up the butter and place it in the basket,150.02147289551795,validation,7,7,task_16_control_cross_suite_wrong_video_26_demos_14,per_init_ordinal,20260911,27,16,26,libero_goal,6,[14],[14],[31],106,22,True,1
libero_object,6,28,pick up the butter and place it in the basket,cross_suite_wrong,0,0,280,280,True,True,True,True,True,56,56,True,True,correct,libero_object,6,28,pick up the butter and place it in the basket,139.31304671615362,validation,7,7,task_16_demos_09,per_init_ordinal,20260911,28,16,16,libero_object,6,[9],[9],[26],155,32,True,1,cross_suite_wrong,libero_object,6,28,pick up the butter and place it in the basket,148.95271448232234,validation,7,7,task_16_control_cross_suite_wrong_video_26_demos_09,per_init_ordinal,20260911,28,16,26,libero_goal,6,[9],[9],[26],95,20,True,1
libero_object,6,29,pick up the butter and place it in the basket,cross_suite_wrong,0,0,280,280,True,True,True,True,True,56,56,True,True,correct,libero_object,6,29,pick up the butter and place it in the basket,137.94550018198788,validation,7,7,task_16_demos_37,per_init_ordinal,20260911,29,16,16,libero_object,6,[37],[37],[4],158,33,True,1,cross_suite_wrong,libero_object,6,29,pick up the butter and place it in the basket,147.6567388381809,validation,7,7,task_16_control_cross_suite_wrong_video_26_demos_37,per_init_ordinal,20260911,29,16,26,libero_goal,6,[37],[37],[4],96,20,True,1
libero_object,6,30,pick up the butter and place it in the basket,cross_suite_wrong,0,0,280,280,True,True,True,True,True,56,56,True,True,correct,libero_object,6,30,pick up the butter and place it in the basket,136.44345898460597,validation,7,7,task_16_demos_05,per_init_ordinal,20260911,30,16,16,libero_object,6,[5],[5],[22],146,30,True,1,cross_suite_wrong,libero_object,6,30,pick up the butter and place it in the basket,146.40967466775328,validation,7,7,task_16_control_cross_suite_wrong_video_26_demos_05,per_init_ordinal,20260911,30,16,26,libero_goal,6,[5],[5],[22],92,20,True,1
libero_object,6,31,pick up the butter and place it in the basket,cross_suite_wrong,0,0,280,280,True,True,True,True,True,56,56,True,True,correct,libero_object,6,31,pick up the butter and place it in the basket,134.91543391346931,validation,7,7,task_16_demos_30,per_init_ordinal,20260911,31,16,16,libero_object,6,[30],[30],[47],162,34,True,1,cross_suite_wrong,libero_object,6,31,pick up the butter and place it in the basket,145.08454555924982,validation,7,7,task_16_control_cross_suite_wrong_video_26_demos_30,per_init_ordinal,20260911,31,16,26,libero_goal,6,[30],[30],[47],95,20,True,1
libero_object,6,32,pick up the butter and place it in the basket,cross_suite_wrong,0,0,280,280,True,True,True,True,True,56,56,True,True,correct,libero_object,6,32,pick up the butter and place it in the basket,149.7582849310711,validation,7,7,task_16_demos_15,per_init_ordinal,20260911,32,16,16,libero_object,6,[15],[15],[32],173,36,True,1,cross_suite_wrong,libero_object,6,32,pick up the butter and place it in the basket,157.50209165737033,validation,7,7,task_16_control_cross_suite_wrong_video_26_demos_15,per_init_ordinal,20260911,32,16,26,libero_goal,6,[15],[15],[32],86,18,True,1
libero_object,6,33,pick up the butter and place it in the basket,cross_suite_wrong,0,0,280,280,True,True,True,True,True,56,56,True,True,correct,libero_object,6,33,pick up the butter and place it in the basket,148.50181786343455,validation,7,7,task_16_demos_36,per_init_ordinal,20260911,33,16,16,libero_object,6,[36],[36],[3],151,31,True,1,cross_suite_wrong,libero_object,6,33,pick up the butter and place it in the basket,156.39164829440415,validation,7,7,task_16_control_cross_suite_wrong_video_26_demos_36,per_init_ordinal,20260911,33,16,26,libero_goal,6,[36],[36],[3],94,20,True,1
libero_object,6,34,pick up the butter and place it in the basket,cross_suite_wrong,0,0,280,280,True,True,True,True,True,56,56,True,True,correct,libero_object,6,34,pick up the butter and place it in the basket,147.1631948603317,validation,7,7,task_16_demos_47,per_init_ordinal,20260911,34,16,16,libero_object,6,[47],[47],[14],155,32,True,1,cross_suite_wrong,libero_object,6,34,pick up the butter and place it in the basket,155.2433673068881,validation,7,7,task_16_control_cross_suite_wrong_video_26_demos_47,per_init_ordinal,20260911,34,16,26,libero_goal,6,[47],[47],[14],110,23,True,1
libero_object,6,35,pick up the butter and place it in the basket,cross_suite_wrong,0,0,280,280,True,True,True,True,True,56,56,True,True,correct,libero_object,6,35,pick up the butter and place it in the basket,145.85965859889984,validation,7,7,task_16_demos_49,per_init_ordinal,20260911,35,16,16,libero_object,6,[49],[49],[16],151,31,True,1,cross_suite_wrong,libero_object,6,35,pick up the butter and place it in the basket,154.07848911732435,validation,7,7,task_16_control_cross_suite_wrong_video_26_demos_49,per_init_ordinal,20260911,35,16,26,libero_goal,6,[49],[49],[16],102,22,True,1
libero_object,6,36,pick up the butter and place it in the basket,cross_suite_wrong,0,0,280,280,True,True,True,True,True,56,56,True,True,correct,libero_object,6,36,pick up the butter and place it in the basket,144.67738704103976,validation,7,7,task_16_demos_42,per_init_ordinal,20260911,36,16,16,libero_object,6,[42],[42],[9],153,32,True,1,cross_suite_wrong,libero_object,6,36,pick up the butter and place it in the basket,153.00704542640597,validation,7,7,task_16_control_cross_suite_wrong_video_26_demos_42,per_init_ordinal,20260911,36,16,26,libero_goal,6,[42],[42],[9],112,24,True,1
libero_object,6,37,pick up the butter and place it in the basket,cross_suite_wrong,1,0,215,280,True,True,True,True,True,43,56,True,True,correct,libero_object,6,37,pick up the butter and place it in the basket,115.94863619003445,validation,7,7,task_16_demos_44,per_init_ordinal,20260911,37,16,16,libero_object,6,[44],[44],[11],152,32,True,1,cross_suite_wrong,libero_object,6,37,pick up the butter and place it in the basket,151.84263043291867,validation,7,7,task_16_control_cross_suite_wrong_video_26_demos_44,per_init_ordinal,20260911,37,16,26,libero_goal,6,[44],[44],[11],99,21,True,1
libero_object,6,38,pick up the butter and place it in the basket,cross_suite_wrong,0,0,280,280,True,True,True,True,True,56,56,True,True,correct,libero_object,6,38,pick up the butter and place it in the basket,142.1275775078684,validation,7,7,task_16_demos_07,per_init_ordinal,20260911,38,16,16,libero_object,6,[7],[7],[24],154,32,True,1,cross_suite_wrong,libero_object,6,38,pick up the butter and place it in the basket,150.6631523249671,validation,7,7,task_16_control_cross_suite_wrong_video_26_demos_07,per_init_ordinal,20260911,38,16,26,libero_goal,6,[7],[7],[24],95,20,True,1
libero_object,6,39,pick up the butter and place it in the basket,cross_suite_wrong,0,0,280,280,True,True,True,True,True,56,56,True,True,correct,libero_object,6,39,pick up the butter and place it in the basket,141.0701484689489,validation,7,7,task_16_demos_11,per_init_ordinal,20260911,39,16,16,libero_object,6,[11],[11],[28],171,35,True,1,cross_suite_wrong,libero_object,6,39,pick up the butter and place it in the basket,149.5885743610561,validation,7,7,task_16_control_cross_suite_wrong_video_26_demos_11,per_init_ordinal,20260911,39,16,26,libero_goal,6,[11],[11],[28],98,21,True,1
libero_object,6,40,pick up the butter and place it in the basket,cross_suite_wrong,0,0,280,280,True,True,True,True,True,56,56,True,True,correct,libero_object,6,40,pick up the butter and place it in the basket,153.0568691054359,validation,7,7,task_16_demos_45,per_init_ordinal,20260911,40,16,16,libero_object,6,[45],[45],[12],207,43,True,1,cross_suite_wrong,libero_object,6,40,pick up the butter and place it in the basket,159.69571364764124,validation,7,7,task_16_control_cross_suite_wrong_video_26_demos_45,per_init_ordinal,20260911,40,16,26,libero_goal,6,[45],[45],[12],113,24,True,1
libero_object,6,41,pick up the butter and place it in the basket,cross_suite_wrong,0,0,280,280,True,True,True,True,True,56,56,True,True,correct,libero_object,6,41,pick up the butter and place it in the basket,151.33330711908638,validation,7,7,task_16_demos_43,per_init_ordinal,20260911,41,16,16,libero_object,6,[43],[43],[10],146,30,True,1,cross_suite_wrong,libero_object,6,41,pick up the butter and place it in the basket,158.24393063411117,validation,7,7,task_16_control_cross_suite_wrong_video_26_demos_43,per_init_ordinal,20260911,41,16,26,libero_goal,6,[43],[43],[10],104,22,True,1
libero_object,6,42,pick up the butter and place it in the basket,cross_suite_wrong,0,0,280,280,True,True,True,True,True,56,56,True,True,correct,libero_object,6,42,pick up the butter and place it in the basket,149.95835660398006,validation,7,7,task_16_demos_38,per_init_ordinal,20260911,42,16,16,libero_object,6,[38],[38],[5],164,34,True,1,cross_suite_wrong,libero_object,6,42,pick up the butter and place it in the basket,156.60675816889852,validation,7,7,task_16_control_cross_suite_wrong_video_26_demos_38,per_init_ordinal,20260911,42,16,26,libero_goal,6,[38],[38],[5],103,22,True,1
libero_object,6,43,pick up the butter and place it in the basket,cross_suite_wrong,0,0,280,280,True,True,True,True,True,56,56,True,True,correct,libero_object,6,43,pick up the butter and place it in the basket,148.5339146591723,validation,7,7,task_16_demos_41,per_init_ordinal,20260911,43,16,16,libero_object,6,[41],[41],[8],156,32,True,1,cross_suite_wrong,libero_object,6,43,pick up the butter and place it in the basket,155.2304963460192,validation,7,7,task_16_control_cross_suite_wrong_video_26_demos_41,per_init_ordinal,20260911,43,16,26,libero_goal,6,[41],[41],[8],90,19,True,1
libero_object,6,44,pick up the butter and place it in the basket,cross_suite_wrong,0,0,280,280,True,True,True,True,True,56,56,True,True,correct,libero_object,6,44,pick up the butter and place it in the basket,146.9432872235775,validation,7,7,task_16_demos_29,per_init_ordinal,20260911,44,16,16,libero_object,6,[29],[29],[46],164,34,True,1,cross_suite_wrong,libero_object,6,44,pick up the butter and place it in the basket,153.73755579907447,validation,7,7,task_16_control_cross_suite_wrong_video_26_demos_29,per_init_ordinal,20260911,44,16,26,libero_goal,6,[29],[29],[46],104,22,True,1
libero_object,6,45,pick up the butter and place it in the basket,cross_suite_wrong,0,0,280,280,True,True,True,True,True,56,56,True,True,correct,libero_object,6,45,pick up the butter and place it in the basket,145.43469705153257,validation,7,7,task_16_demos_26,per_init_ordinal,20260911,45,16,16,libero_object,6,[26],[26],[43],156,32,True,1,cross_suite_wrong,libero_object,6,45,pick up the butter and place it in the basket,152.32852473761886,validation,7,7,task_16_control_cross_suite_wrong_video_26_demos_26,per_init_ordinal,20260911,45,16,26,libero_goal,6,[26],[26],[43],147,31,True,1
libero_object,6,46,pick up the butter and place it in the basket,cross_suite_wrong,0,0,280,280,True,True,True,True,True,56,56,True,True,correct,libero_object,6,46,pick up the butter and place it in the basket,143.78552608378232,validation,7,7,task_16_demos_13,per_init_ordinal,20260911,46,16,16,libero_object,6,[13],[13],[30],149,31,True,1,cross_suite_wrong,libero_object,6,46,pick up the butter and place it in the basket,150.9805159540847,validation,7,7,task_16_control_cross_suite_wrong_video_26_demos_13,per_init_ordinal,20260911,46,16,26,libero_goal,6,[13],[13],[30],96,20,True,1
libero_object,6,47,pick up the butter and place it in the basket,cross_suite_wrong,0,0,280,280,True,True,True,True,True,56,56,True,True,correct,libero_object,6,47,pick up the butter and place it in the basket,142.3074500290677,validation,7,7,task_16_demos_27,per_init_ordinal,20260911,47,16,16,libero_object,6,[27],[27],[44],149,31,True,1,cross_suite_wrong,libero_object,6,47,pick up the butter and place it in the basket,149.38912201765925,validation,7,7,task_16_control_cross_suite_wrong_video_26_demos_27,per_init_ordinal,20260911,47,16,26,libero_goal,6,[27],[27],[44],113,24,True,1
libero_object,6,48,pick up the butter and place it in the basket,cross_suite_wrong,0,0,280,280,True,True,True,True,True,56,56,True,True,correct,libero_object,6,48,pick up the butter and place it in the basket,58.39035429991782,validation,7,7,task_16_demos_21,per_init_ordinal,20260911,48,16,16,libero_object,6,[21],[21],[38],162,34,True,1,cross_suite_wrong,libero_object,6,48,pick up the butter and place it in the basket,47.33346973452717,validation,7,7,task_16_control_cross_suite_wrong_video_26_demos_21,per_init_ordinal,20260911,48,16,26,libero_goal,6,[21],[21],[38],169,35,True,1
libero_object,6,49,pick up the butter and place it in the basket,cross_suite_wrong,0,0,280,280,True,True,True,True,True,56,56,True,True,correct,libero_object,6,49,pick up the butter and place it in the basket,56.731549911201,validation,7,7,task_16_demos_16,per_init_ordinal,20260911,49,16,16,libero_object,6,[16],[16],[33],147,31,True,1,cross_suite_wrong,libero_object,6,49,pick up the butter and place it in the basket,45.93837987910956,validation,7,7,task_16_control_cross_suite_wrong_video_26_demos_16,per_init_ordinal,20260911,49,16,26,libero_goal,6,[16],[16],[33],105,22,True,1
libero_spatial,3,0,pick up the black bowl on the cookie box and place it on the plate,cross_suite_wrong,1,1,105,108,True,True,True,True,True,21,22,True,True,correct,libero_spatial,3,0,pick up the black bowl on the cookie box and place it on the plate,64.31113636121154,validation,7,7,task_03_demos_02,per_init_ordinal,20260911,0,3,3,libero_spatial,3,[2],[2],[19],95,20,True,1,cross_suite_wrong,libero_spatial,3,0,pick up the black bowl on the cookie box and place it on the plate,64.49962275940925,validation,7,7,task_03_control_cross_suite_wrong_video_11_demos_02,per_init_ordinal,20260911,0,3,11,libero_object,1,[2],[2],[19],125,26,True,1
libero_spatial,3,1,pick up the black bowl on the cookie box and place it on the plate,cross_suite_wrong,1,1,106,118,True,True,True,True,True,22,24,True,True,correct,libero_spatial,3,1,pick up the black bowl on the cookie box and place it on the plate,64.16364082787186,validation,7,7,task_03_demos_36,per_init_ordinal,20260911,1,3,3,libero_spatial,3,[36],[36],[3],92,20,True,1,cross_suite_wrong,libero_spatial,3,1,pick up the black bowl on the cookie box and place it on the plate,67.33946658112109,validation,7,7,task_03_control_cross_suite_wrong_video_11_demos_36,per_init_ordinal,20260911,1,3,11,libero_object,1,[36],[36],[3],141,29,True,1
libero_spatial,3,2,pick up the black bowl on the cookie box and place it on the plate,cross_suite_wrong,1,1,135,102,True,True,True,True,True,27,21,True,True,correct,libero_spatial,3,2,pick up the black bowl on the cookie box and place it on the plate,71.03831691108644,validation,7,7,task_03_demos_43,per_init_ordinal,20260911,2,3,3,libero_spatial,3,[43],[43],[10],102,22,True,1,cross_suite_wrong,libero_spatial,3,2,pick up the black bowl on the cookie box and place it on the plate,58.288639592938125,validation,7,7,task_03_control_cross_suite_wrong_video_11_demos_43,per_init_ordinal,20260911,2,3,11,libero_object,1,[43],[43],[10],142,30,True,1
libero_spatial,3,3,pick up the black bowl on the cookie box and place it on the plate,cross_suite_wrong,0,1,220,123,True,True,True,True,True,44,25,True,True,correct,libero_spatial,3,3,pick up the black bowl on the cookie box and place it on the plate,80.6911980137229,validation,7,7,task_03_demos_16,per_init_ordinal,20260911,3,3,3,libero_spatial,3,[16],[16],[33],101,21,True,1,cross_suite_wrong,libero_spatial,3,3,pick up the black bowl on the cookie box and place it on the plate,65.96810555178672,validation,7,7,task_03_control_cross_suite_wrong_video_11_demos_16,per_init_ordinal,20260911,3,3,11,libero_object,1,[16],[16],[33],119,25,True,1
libero_spatial,3,4,pick up the black bowl on the cookie box and place it on the plate,cross_suite_wrong,1,1,110,123,True,True,True,True,True,22,25,True,True,correct,libero_spatial,3,4,pick up the black bowl on the cookie box and place it on the plate,61.240046127699316,validation,7,7,task_03_demos_07,per_init_ordinal,20260911,4,3,3,libero_spatial,3,[7],[7],[24],95,20,True,1,cross_suite_wrong,libero_spatial,3,4,pick up the black bowl on the cookie box and place it on the plate,64.09322463069111,validation,7,7,task_03_control_cross_suite_wrong_video_11_demos_07,per_init_ordinal,20260911,4,3,11,libero_object,1,[7],[7],[24],141,29,True,1
libero_spatial,3,5,pick up the black bowl on the cookie box and place it on the plate,cross_suite_wrong,1,1,109,208,True,True,True,True,True,22,42,True,True,correct,libero_spatial,3,5,pick up the black bowl on the cookie box and place it on the plate,59.902395660057664,validation,7,7,task_03_demos_08,per_init_ordinal,20260911,5,3,3,libero_spatial,3,[8],[8],[25],111,23,True,1,cross_suite_wrong,libero_spatial,3,5,pick up the black bowl on the cookie box and place it on the plate,84.04959892109036,validation,7,7,task_03_control_cross_suite_wrong_video_11_demos_08,per_init_ordinal,20260911,5,3,11,libero_object,1,[8],[8],[25],176,36,True,1
libero_spatial,3,6,pick up the black bowl on the cookie box and place it on the plate,cross_suite_wrong,1,1,111,106,True,True,True,True,True,23,22,True,True,correct,libero_spatial,3,6,pick up the black bowl on the cookie box and place it on the plate,59.41172791738063,validation,7,7,task_03_demos_14,per_init_ordinal,20260911,6,3,3,libero_spatial,3,[14],[14],[31],100,21,True,1,cross_suite_wrong,libero_spatial,3,6,pick up the black bowl on the cookie box and place it on the plate,54.48563713300973,validation,7,7,task_03_control_cross_suite_wrong_video_11_demos_14,per_init_ordinal,20260911,6,3,11,libero_object,1,[14],[14],[31],157,33,True,1
libero_spatial,3,7,pick up the black bowl on the cookie box and place it on the plate,cross_suite_wrong,1,0,132,220,True,True,True,True,True,27,44,True,True,correct,libero_spatial,3,7,pick up the black bowl on the cookie box and place it on the plate,64.62591074220836,validation,7,7,task_03_demos_38,per_init_ordinal,20260911,7,3,3,libero_spatial,3,[38],[38],[5],97,21,True,1,cross_suite_wrong,libero_spatial,3,7,pick up the black bowl on the cookie box and place it on the plate,82.5385537398979,validation,7,7,task_03_control_cross_suite_wrong_video_11_demos_38,per_init_ordinal,20260911,7,3,11,libero_object,1,[38],[38],[5],130,27,True,1
libero_spatial,3,8,pick up the black bowl on the cookie box and place it on the plate,cross_suite_wrong,0,0,220,220,True,True,True,True,True,44,44,True,True,correct,libero_spatial,3,8,pick up the black bowl on the cookie box and place it on the plate,81.38600273709744,validation,7,7,task_03_demos_33,per_init_ordinal,20260911,8,3,3,libero_spatial,3,[33],[33],[0],111,23,True,1,cross_suite_wrong,libero_spatial,3,8,pick up the black bowl on the cookie box and place it on the plate,97.59257100336254,validation,7,7,task_03_control_cross_suite_wrong_video_11_demos_33,per_init_ordinal,20260911,8,3,11,libero_object,1,[33],[33],[0],145,30,True,1
libero_spatial,3,9,pick up the black bowl on the cookie box and place it on the plate,cross_suite_wrong,1,1,117,130,True,True,True,True,True,24,26,True,True,correct,libero_spatial,3,9,pick up the black bowl on the cookie box and place it on the plate,64.644935650751,validation,7,7,task_03_demos_01,per_init_ordinal,20260911,9,3,3,libero_spatial,3,[1],[1],[18],101,21,True,1,cross_suite_wrong,libero_spatial,3,9,pick up the black bowl on the cookie box and place it on the plate,77.88702483754605,validation,7,7,task_03_control_cross_suite_wrong_video_11_demos_01,per_init_ordinal,20260911,9,3,11,libero_object,1,[1],[1],[18],187,39,True,1
libero_spatial,3,10,pick up the black bowl on the cookie box and place it on the plate,cross_suite_wrong,1,1,106,106,True,True,True,True,True,22,22,True,True,correct,libero_spatial,3,10,pick up the black bowl on the cookie box and place it on the plate,59.20884616393596,validation,7,7,task_03_demos_21,per_init_ordinal,20260911,10,3,3,libero_spatial,3,[21],[21],[38],96,20,True,1,cross_suite_wrong,libero_spatial,3,10,pick up the black bowl on the cookie box and place it on the plate,68.06769642420113,validation,7,7,task_03_control_cross_suite_wrong_video_11_demos_21,per_init_ordinal,20260911,10,3,11,libero_object,1,[21],[21],[38],147,31,True,1
libero_spatial,3,11,pick up the black bowl on the cookie box and place it on the plate,cross_suite_wrong,1,1,107,122,True,True,True,True,True,22,25,True,True,correct,libero_spatial,3,11,pick up the black bowl on the cookie box and place it on the plate,58.17187107633799,validation,7,7,task_03_demos_05,per_init_ordinal,20260911,11,3,3,libero_spatial,3,[5],[5],[22],99,21,True,1,cross_suite_wrong,libero_spatial,3,11,pick up the black bowl on the cookie box and place it on the plate,73.09833705052733,validation,7,7,task_03_control_cross_suite_wrong_video_11_demos_05,per_init_ordinal,20260911,11,3,11,libero_object,1,[5],[5],[22],156,32,True,1
libero_spatial,3,12,pick up the black bowl on the cookie box and place it on the plate,cross_suite_wrong,1,1,107,123,True,True,True,True,True,22,25,True,True,correct,libero_spatial,3,12,pick up the black bowl on the cookie box and place it on the plate,57.08812287636101,validation,7,7,task_03_demos_49,per_init_ordinal,20260911,12,3,3,libero_spatial,3,[49],[49],[16],90,19,True,1,cross_suite_wrong,libero_spatial,3,12,pick up the black bowl on the cookie box and place it on the plate,71.45382727310061,validation,7,7,task_03_control_cross_suite_wrong_video_11_demos_49,per_init_ordinal,20260911,12,3,11,libero_object,1,[49],[49],[16],128,27,True,1
libero_spatial,3,13,pick up the black bowl on the cookie box and place it on the plate,cross_suite_wrong,1,1,108,107,True,True,True,True,True,22,22,True,True,correct,libero_spatial,3,13,pick up the black bowl on the cookie box and place it on the plate,55.95248176716268,validation,7,7,task_03_demos_29,per_init_ordinal,20260911,13,3,3,libero_spatial,3,[29],[29],[46],106,22,True,1,cross_suite_wrong,libero_spatial,3,13,pick up the black bowl on the cookie box and place it on the plate,63.60478223860264,validation,7,7,task_03_control_cross_suite_wrong_video_11_demos_29,per_init_ordinal,20260911,13,3,11,libero_object,1,[29],[29],[46],178,37,True,1
libero_spatial,3,14,pick up the black bowl on the cookie box and place it on the plate,cross_suite_wrong,1,1,127,186,True,True,True,True,True,26,38,True,True,correct,libero_spatial,3,14,pick up the black bowl on the cookie box and place it on the plate,61.164246344938874,validation,7,7,task_03_demos_24,per_init_ordinal,20260911,14,3,3,libero_spatial,3,[24],[24],[41],96,20,True,1,cross_suite_wrong,libero_spatial,3,14,pick up the black bowl on the cookie box and place it on the plate,83.48476150631905,validation,7,7,task_03_control_cross_suite_wrong_video_11_demos_24,per_init_ordinal,20260911,14,3,11,libero_object,1,[24],[24],[41],127,27,True,1
libero_spatial,3,15,pick up the black bowl on the cookie box and place it on the plate,cross_suite_wrong,1,1,116,108,True,True,True,True,True,24,22,True,True,correct,libero_spatial,3,15,pick up the black bowl on the cookie box and place it on the plate,56.92895071301609,validation,7,7,task_03_demos_10,per_init_ordinal,20260911,15,3,3,libero_spatial,3,[10],[10],[27],89,19,True,1,cross_suite_wrong,libero_spatial,3,15,pick up the black bowl on the cookie box and place it on the plate,60.62325913924724,validation,7,7,task_03_control_cross_suite_wrong_video_11_demos_10,per_init_ordinal,20260911,15,3,11,libero_object,1,[10],[10],[27],132,28,True,1
libero_spatial,3,16,pick up the black bowl on the cookie box and place it on the plate,cross_suite_wrong,1,1,109,173,True,True,True,True,True,22,35,True,True,correct,libero_spatial,3,16,pick up the black bowl on the cookie box and place it on the plate,66.8873390359804,validation,7,7,task_03_demos_44,per_init_ordinal,20260911,16,3,3,libero_spatial,3,[44],[44],[11],113,24,True,1,cross_suite_wrong,libero_spatial,3,16,pick up the black bowl on the cookie box and place it on the plate,90.99425454251468,validation,7,7,task_03_control_cross_suite_wrong_video_11_demos_44,per_init_ordinal,20260911,16,3,11,libero_object,1,[44],[44],[11],137,29,True,1
libero_spatial,3,17,pick up the black bowl on the cookie box and place it on the plate,cross_suite_wrong,1,1,130,140,True,True,True,True,True,26,28,True,True,correct,libero_spatial,3,17,pick up the black bowl on the cookie box and place it on the plate,73.70350928418338,validation,7,7,task_03_demos_15,per_init_ordinal,20260911,17,3,3,libero_spatial,3,[15],[15],[32],119,25,True,1,cross_suite_wrong,libero_spatial,3,17,pick up the black bowl on the cookie box and place it on the plate,83.20835856720805,validation,7,7,task_03_control_cross_suite_wrong_video_11_demos_15,per_init_ordinal,20260911,17,3,11,libero_object,1,[15],[15],[32],130,27,True,1
libero_spatial,3,18,pick up the black bowl on the cookie box and place it on the plate,cross_suite_wrong,1,1,128,119,True,True,True,True,True,26,24,True,True,correct,libero_spatial,3,18,pick up the black bowl on the cookie box and place it on the plate,72.10110868420452,validation,7,7,task_03_demos_19,per_init_ordinal,20260911,18,3,3,libero_spatial,3,[19],[19],[36],100,21,True,1,cross_suite_wrong,libero_spatial,3,18,pick up the black bowl on the cookie box and place it on the plate,75.25432419218123,validation,7,7,task_03_control_cross_suite_wrong_video_11_demos_19,per_init_ordinal,20260911,18,3,11,libero_object,1,[19],[19],[36],127,27,True,1
libero_spatial,3,19,pick up the black bowl on the cookie box and place it on the plate,cross_suite_wrong,1,1,87,88,True,True,True,True,True,18,18,True,True,correct,libero_spatial,3,19,pick up the black bowl on the cookie box and place it on the plate,51.57406769320369,validation,7,7,task_03_demos_39,per_init_ordinal,20260911,19,3,3,libero_spatial,3,[39],[39],[6],92,20,True,1,cross_suite_wrong,libero_spatial,3,19,pick up the black bowl on the cookie box and place it on the plate,59.16968935262412,validation,7,7,task_03_control_cross_suite_wrong_video_11_demos_39,per_init_ordinal,20260911,19,3,11,libero_object,1,[39],[39],[6],164,34,True,1
libero_spatial,3,20,pick up the black bowl on the cookie box and place it on the plate,cross_suite_wrong,1,1,114,114,True,True,True,True,True,23,23,True,True,correct,libero_spatial,3,20,pick up the black bowl on the cookie box and place it on the plate,64.05008373502642,validation,7,7,task_03_demos_06,per_init_ordinal,20260911,20,3,3,libero_spatial,3,[6],[6],[23],111,23,True,1,cross_suite_wrong,libero_spatial,3,20,pick up the black bowl on the cookie box and place it on the plate,70.07713576313108,validation,7,7,task_03_control_cross_suite_wrong_video_11_demos_06,per_init_ordinal,20260911,20,3,11,libero_object,1,[6],[6],[23],168,35,True,1
libero_spatial,3,21,pick up the black bowl on the cookie box and place it on the plate,cross_suite_wrong,1,1,107,102,True,True,True,True,True,22,21,True,True,correct,libero_spatial,3,21,pick up the black bowl on the cookie box and place it on the plate,59.679799313656986,validation,7,7,task_03_demos_30,per_init_ordinal,20260911,21,3,3,libero_spatial,3,[30],[30],[47],86,18,True,1,cross_suite_wrong,libero_spatial,3,21,pick up the black bowl on the cookie box and place it on the plate,63.27200811449438,validation,7,7,task_03_control_cross_suite_wrong_video_11_demos_30,per_init_ordinal,20260911,21,3,11,libero_object,1,[30],[30],[47],171,35,True,1
libero_spatial,3,22,pick up the black bowl on the cookie box and place it on the plate,cross_suite_wrong,1,1,175,156,True,True,True,True,True,35,32,True,True,correct,libero_spatial,3,22,pick up the black bowl on the cookie box and place it on the plate,77.82343512866646,validation,7,7,task_03_demos_28,per_init_ordinal,20260911,22,3,3,libero_spatial,3,[28],[28],[45],95,20,True,1,cross_suite_wrong,libero_spatial,3,22,pick up the black bowl on the cookie box and place it on the plate,79.30311506520957,validation,7,7,task_03_control_cross_suite_wrong_video_11_demos_28,per_init_ordinal,20260911,22,3,11,libero_object,1,[28],[28],[45],140,29,True,1
libero_spatial,3,23,pick up the black bowl on the cookie box and place it on the plate,cross_suite_wrong,0,1,220,115,True,True,True,True,True,44,23,True,True,correct,libero_spatial,3,23,pick up the black bowl on the cookie box and place it on the plate,82.83653542585671,validation,7,7,task_03_demos_34,per_init_ordinal,20260911,23,3,3,libero_spatial,3,[34],[34],[1],89,19,True,1,cross_suite_wrong,libero_spatial,3,23,pick up the black bowl on the cookie box and place it on the plate,65.49381519295275,validation,7,7,task_03_control_cross_suite_wrong_video_11_demos_34,per_init_ordinal,20260911,23,3,11,libero_object,1,[34],[34],[1],127,27,True,1
libero_spatial,3,24,pick up the black bowl on the cookie box and place it on the plate,cross_suite_wrong,1,1,129,118,True,True,True,True,True,26,24,True,True,correct,libero_spatial,3,24,pick up the black bowl on the cookie box and place it on the plate,66.69818835146725,validation,7,7,task_03_demos_03,per_init_ordinal,20260911,24,3,3,libero_spatial,3,[3],[3],[20],115,24,True,1,cross_suite_wrong,libero_spatial,3,24,pick up the black bowl on the cookie box and place it on the plate,63.73474515043199,validation,7,7,task_03_control_cross_suite_wrong_video_11_demos_03,per_init_ordinal,20260911,24,3,11,libero_object,1,[3],[3],[20],133,28,True,1
libero_spatial,3,25,pick up the black bowl on the cookie box and place it on the plate,cross_suite_wrong,1,1,100,98,True,True,True,True,True,20,20,True,True,correct,libero_spatial,3,25,pick up the black bowl on the cookie box and place it on the plate,54.49587365612388,validation,7,7,task_03_demos_45,per_init_ordinal,20260911,25,3,3,libero_spatial,3,[45],[45],[12],99,21,True,1,cross_suite_wrong,libero_spatial,3,25,pick up the black bowl on the cookie box and place it on the plate,54.46667493227869,validation,7,7,task_03_control_cross_suite_wrong_video_11_demos_45,per_init_ordinal,20260911,25,3,11,libero_object,1,[45],[45],[12],163,34,True,1
libero_spatial,3,26,pick up the black bowl on the cookie box and place it on the plate,cross_suite_wrong,1,1,116,107,True,True,True,True,True,24,22,True,True,correct,libero_spatial,3,26,pick up the black bowl on the cookie box and place it on the plate,60.041422963142395,validation,7,7,task_03_demos_32,per_init_ordinal,20260911,26,3,3,libero_spatial,3,[32],[32],[49],99,21,True,1,cross_suite_wrong,libero_spatial,3,26,pick up the black bowl on the cookie box and place it on the plate,56.372504205442965,validation,7,7,task_03_control_cross_suite_wrong_video_11_demos_32,per_init_ordinal,20260911,26,3,11,libero_object,1,[32],[32],[49],172,36,True,1
libero_spatial,3,27,pick up the black bowl on the cookie box and place it on the plate,cross_suite_wrong,1,1,189,170,True,True,True,True,True,38,34,True,True,correct,libero_spatial,3,27,pick up the black bowl on the cookie box and place it on the plate,79.56397520098835,validation,7,7,task_03_demos_22,per_init_ordinal,20260911,27,3,3,libero_spatial,3,[22],[22],[39],96,20,True,1,cross_suite_wrong,libero_spatial,3,27,pick up the black bowl on the cookie box and place it on the plate,76.2688739746809,validation,7,7,task_03_control_cross_suite_wrong_video_11_demos_22,per_init_ordinal,20260911,27,3,11,libero_object,1,[22],[22],[39],125,26,True,1
libero_spatial,3,28,pick up the black bowl on the cookie box and place it on the plate,cross_suite_wrong,0,1,220,156,True,True,True,True,True,44,32,True,True,correct,libero_spatial,3,28,pick up the black bowl on the cookie box and place it on the plate,86.00861211679876,validation,7,7,task_03_demos_20,per_init_ordinal,20260911,28,3,3,libero_spatial,3,[20],[20],[37],96,20,True,1,cross_suite_wrong,libero_spatial,3,28,pick up the black bowl on the cookie box and place it on the plate,71.85801740642637,validation,7,7,task_03_control_cross_suite_wrong_video_11_demos_20,per_init_ordinal,20260911,28,3,11,libero_object,1,[20],[20],[37],123,26,True,1
libero_spatial,3,29,pick up the black bowl on the cookie box and place it on the plate,cross_suite_wrong,1,1,129,129,True,True,True,True,True,26,26,True,True,correct,libero_spatial,3,29,pick up the black bowl on the cookie box and place it on the plate,60.430797818116844,validation,7,7,task_03_demos_23,per_init_ordinal,20260911,29,3,3,libero_spatial,3,[23],[23],[40],97,21,True,1,cross_suite_wrong,libero_spatial,3,29,pick up the black bowl on the cookie box and place it on the plate,60.26051571406424,validation,7,7,task_03_control_cross_suite_wrong_video_11_demos_23,per_init_ordinal,20260911,29,3,11,libero_object,1,[23],[23],[40],140,29,True,1
libero_spatial,3,30,pick up the black bowl on the cookie box and place it on the plate,cross_suite_wrong,1,1,112,183,True,True,True,True,True,23,37,True,True,correct,libero_spatial,3,30,pick up the black bowl on the cookie box and place it on the plate,53.454408562742174,validation,7,7,task_03_demos_09,per_init_ordinal,20260911,30,3,3,libero_spatial,3,[9],[9],[26],129,27,True,1,cross_suite_wrong,libero_spatial,3,30,pick up the black bowl on the cookie box and place it on the plate,74.96717062871903,validation,7,7,task_03_control_cross_suite_wrong_video_11_demos_09,per_init_ordinal,20260911,30,3,11,libero_object,1,[9],[9],[26],150,31,True,1
libero_spatial,3,31,pick up the black bowl on the cookie box and place it on the plate,cross_suite_wrong,0,1,220,209,True,True,True,True,True,44,42,True,True,correct,libero_spatial,3,31,pick up the black bowl on the cookie box and place it on the plate,82.16524610482156,validation,7,7,task_03_demos_00,per_init_ordinal,20260911,31,3,3,libero_spatial,3,[0],[0],[17],99,21,True,1,cross_suite_wrong,libero_spatial,3,31,pick up the black bowl on the cookie box and place it on the plate,77.32739358954132,validation,7,7,task_03_control_cross_suite_wrong_video_11_demos_00,per_init_ordinal,20260911,31,3,11,libero_object,1,[0],[0],[17],139,29,True,1
libero_spatial,3,32,pick up the black bowl on the cookie box and place it on the plate,cross_suite_wrong,1,0,80,220,True,True,True,True,True,16,44,True,True,correct,libero_spatial,3,32,pick up the black bowl on the cookie box and place it on the plate,54.98052969388664,validation,7,7,task_03_demos_04,per_init_ordinal,20260911,32,3,3,libero_spatial,3,[4],[4],[21],103,22,True,1,cross_suite_wrong,libero_spatial,3,32,pick up the black bowl on the cookie box and place it on the plate,100.92818056140095,validation,7,7,task_03_control_cross_suite_wrong_video_11_demos_04,per_init_ordinal,20260911,32,3,11,libero_object,1,[4],[4],[21],127,27,True,1
libero_spatial,3,33,pick up the black bowl on the cookie box and place it on the plate,cross_suite_wrong,1,1,113,150,True,True,True,True,True,23,30,True,True,correct,libero_spatial,3,33,pick up the black bowl on the cookie box and place it on the plate,64.79450080543756,validation,7,7,task_03_demos_47,per_init_ordinal,20260911,33,3,3,libero_spatial,3,[47],[47],[14],90,19,True,1,cross_suite_wrong,libero_spatial,3,33,pick up the black bowl on the cookie box and place it on the plate,81.05380952171981,validation,7,7,task_03_control_cross_suite_wrong_video_11_demos_47,per_init_ordinal,20260911,33,3,11,libero_object,1,[47],[47],[14],156,32,True,1
libero_spatial,3,34,pick up the black bowl on the cookie box and place it on the plate,cross_suite_wrong,1,1,103,211,True,True,True,True,True,21,43,True,True,correct,libero_spatial,3,34,pick up the black bowl on the cookie box and place it on the plate,60.863867627456784,validation,7,7,task_03_demos_31,per_init_ordinal,20260911,34,3,3,libero_spatial,3,[31],[31],[48],99,21,True,1,cross_suite_wrong,libero_spatial,3,34,pick up the black bowl on the cookie box and place it on the plate,96.8325134376064,validation,7,7,task_03_control_cross_suite_wrong_video_11_demos_31,per_init_ordinal,20260911,34,3,11,libero_object,1,[31],[31],[48],151,31,True,1
libero_spatial,3,35,pick up the black bowl on the cookie box and place it on the plate,cross_suite_wrong,0,0,220,220,True,True,True,True,True,44,44,True,True,correct,libero_spatial,3,35,pick up the black bowl on the cookie box and place it on the plate,84.29650171753019,validation,7,7,task_03_demos_27,per_init_ordinal,20260911,35,3,3,libero_spatial,3,[27],[27],[44],101,21,True,1,cross_suite_wrong,libero_spatial,3,35,pick up the black bowl on the cookie box and place it on the plate,96.73173920996487,validation,7,7,task_03_control_cross_suite_wrong_video_11_demos_27,per_init_ordinal,20260911,35,3,11,libero_object,1,[27],[27],[44],121,25,True,1
libero_spatial,3,36,pick up the black bowl on the cookie box and place it on the plate,cross_suite_wrong,0,1,220,106,True,True,True,True,True,44,22,True,True,correct,libero_spatial,3,36,pick up the black bowl on the cookie box and place it on the plate,83.07567828707397,validation,7,7,task_03_demos_17,per_init_ordinal,20260911,36,3,3,libero_spatial,3,[17],[17],[34],94,20,True,1,cross_suite_wrong,libero_spatial,3,36,pick up the black bowl on the cookie box and place it on the plate,58.815282793715596,validation,7,7,task_03_control_cross_suite_wrong_video_11_demos_17,per_init_ordinal,20260911,36,3,11,libero_object,1,[17],[17],[34],144,30,True,1
libero_spatial,3,37,pick up the black bowl on the cookie box and place it on the plate,cross_suite_wrong,1,1,115,123,True,True,True,True,True,23,25,True,True,correct,libero_spatial,3,37,pick up the black bowl on the cookie box and place it on the plate,60.1552732847631,validation,7,7,task_03_demos_41,per_init_ordinal,20260911,37,3,3,libero_spatial,3,[41],[41],[8],114,24,True,1,cross_suite_wrong,libero_spatial,3,37,pick up the black bowl on the cookie box and place it on the plate,64.5460333544761,validation,7,7,task_03_control_cross_suite_wrong_video_11_demos_41,per_init_ordinal,20260911,37,3,11,libero_object,1,[41],[41],[8],136,28,True,1
libero_spatial,3,38,pick up the black bowl on the cookie box and place it on the plate,cross_suite_wrong,0,1,220,113,True,True,True,True,True,44,23,True,True,correct,libero_spatial,3,38,pick up the black bowl on the cookie box and place it on the plate,80.37665841542184,validation,7,7,task_03_demos_25,per_init_ordinal,20260911,38,3,3,libero_spatial,3,[25],[25],[42],98,21,True,1,cross_suite_wrong,libero_spatial,3,38,pick up the black bowl on the cookie box and place it on the plate,58.881027191877365,validation,7,7,task_03_control_cross_suite_wrong_video_11_demos_25,per_init_ordinal,20260911,38,3,11,libero_object,1,[25],[25],[42],131,27,True,1
libero_spatial,3,39,pick up the black bowl on the cookie box and place it on the plate,cross_suite_wrong,1,1,95,113,True,True,True,True,True,19,23,True,True,correct,libero_spatial,3,39,pick up the black bowl on the cookie box and place it on the plate,51.625839981250465,validation,7,7,task_03_demos_35,per_init_ordinal,20260911,39,3,3,libero_spatial,3,[35],[35],[2],101,21,True,1,cross_suite_wrong,libero_spatial,3,39,pick up the black bowl on the cookie box and place it on the plate,57.3656550925225,validation,7,7,task_03_control_cross_suite_wrong_video_11_demos_35,per_init_ordinal,20260911,39,3,11,libero_object,1,[35],[35],[2],139,29,True,1
libero_spatial,3,40,pick up the black bowl on the cookie box and place it on the plate,cross_suite_wrong,1,1,110,149,True,True,True,True,True,22,30,True,True,correct,libero_spatial,3,40,pick up the black bowl on the cookie box and place it on the plate,67.31078846752644,validation,7,7,task_03_demos_46,per_init_ordinal,20260911,40,3,3,libero_spatial,3,[46],[46],[13],103,22,True,1,cross_suite_wrong,libero_spatial,3,40,pick up the black bowl on the cookie box and place it on the plate,81.75829957518727,validation,7,7,task_03_control_cross_suite_wrong_video_11_demos_46,per_init_ordinal,20260911,40,3,11,libero_object,1,[46],[46],[13],135,28,True,1
libero_spatial,3,41,pick up the black bowl on the cookie box and place it on the plate,cross_suite_wrong,1,1,148,152,True,True,True,True,True,30,31,True,True,correct,libero_spatial,3,41,pick up the black bowl on the cookie box and place it on the plate,74.99255001079291,validation,7,7,task_03_demos_40,per_init_ordinal,20260911,41,3,3,libero_spatial,3,[40],[40],[7],95,20,True,1,cross_suite_wrong,libero_spatial,3,41,pick up the black bowl on the cookie box and place it on the plate,82.14300965797156,validation,7,7,task_03_control_cross_suite_wrong_video_11_demos_40,per_init_ordinal,20260911,41,3,11,libero_object,1,[40],[40],[7],151,31,True,1
libero_spatial,3,42,pick up the black bowl on the cookie box and place it on the plate,cross_suite_wrong,1,1,104,116,True,True,True,True,True,21,24,True,True,correct,libero_spatial,3,42,pick up the black bowl on the cookie box and place it on the plate,61.46079983282834,validation,7,7,task_03_demos_42,per_init_ordinal,20260911,42,3,3,libero_spatial,3,[42],[42],[9],89,19,True,1,cross_suite_wrong,libero_spatial,3,42,pick up the black bowl on the cookie box and place it on the plate,65.30135357379913,validation,7,7,task_03_control_cross_suite_wrong_video_11_demos_42,per_init_ordinal,20260911,42,3,11,libero_object,1,[42],[42],[9],139,29,True,1
libero_spatial,3,43,pick up the black bowl on the cookie box and place it on the plate,cross_suite_wrong,1,1,112,211,True,True,True,True,True,23,43,True,True,correct,libero_spatial,3,43,pick up the black bowl on the cookie box and place it on the plate,64.64708981942385,validation,7,7,task_03_demos_48,per_init_ordinal,20260911,43,3,3,libero_spatial,3,[48],[48],[15],100,21,True,1,cross_suite_wrong,libero_spatial,3,43,pick up the black bowl on the cookie box and place it on the plate,91.38851046189666,validation,7,7,task_03_control_cross_suite_wrong_video_11_demos_48,per_init_ordinal,20260911,43,3,11,libero_object,1,[48],[48],[15],137,29,True,1
libero_spatial,3,44,pick up the black bowl on the cookie box and place it on the plate,cross_suite_wrong,0,0,220,220,True,True,True,True,True,44,44,True,True,correct,libero_spatial,3,44,pick up the black bowl on the cookie box and place it on the plate,78.56279562693089,validation,7,7,task_03_demos_26,per_init_ordinal,20260911,44,3,3,libero_spatial,3,[26],[26],[43],92,20,True,1,cross_suite_wrong,libero_spatial,3,44,pick up the black bowl on the cookie box and place it on the plate,90.74787237402052,validation,7,7,task_03_control_cross_suite_wrong_video_11_demos_26,per_init_ordinal,20260911,44,3,11,libero_object,1,[26],[26],[43],138,29,True,1
libero_spatial,3,45,pick up the black bowl on the cookie box and place it on the plate,cross_suite_wrong,1,1,197,143,True,True,True,True,True,40,29,True,True,correct,libero_spatial,3,45,pick up the black bowl on the cookie box and place it on the plate,75.27881926484406,validation,7,7,task_03_demos_11,per_init_ordinal,20260911,45,3,3,libero_spatial,3,[11],[11],[28],97,21,True,1,cross_suite_wrong,libero_spatial,3,45,pick up the black bowl on the cookie box and place it on the plate,71.92712670378387,validation,7,7,task_03_control_cross_suite_wrong_video_11_demos_11,per_init_ordinal,20260911,45,3,11,libero_object,1,[11],[11],[28],162,34,True,1
libero_spatial,3,46,pick up the black bowl on the cookie box and place it on the plate,cross_suite_wrong,1,1,128,133,True,True,True,True,True,26,27,True,True,correct,libero_spatial,3,46,pick up the black bowl on the cookie box and place it on the plate,63.92817846965045,validation,7,7,task_03_demos_18,per_init_ordinal,20260911,46,3,3,libero_spatial,3,[18],[18],[35],171,35,True,1,cross_suite_wrong,libero_spatial,3,46,pick up the black bowl on the cookie box and place it on the plate,65.64278162643313,validation,7,7,task_03_control_cross_suite_wrong_video_11_demos_18,per_init_ordinal,20260911,46,3,11,libero_object,1,[18],[18],[35],177,37,True,1
libero_spatial,3,47,pick up the black bowl on the cookie box and place it on the plate,cross_suite_wrong,1,1,111,112,True,True,True,True,True,23,23,True,True,correct,libero_spatial,3,47,pick up the black bowl on the cookie box and place it on the plate,58.23539866972715,validation,7,7,task_03_demos_13,per_init_ordinal,20260911,47,3,3,libero_spatial,3,[13],[13],[30],99,21,True,1,cross_suite_wrong,libero_spatial,3,47,pick up the black bowl on the cookie box and place it on the plate,56.203110496513546,validation,7,7,task_03_control_cross_suite_wrong_video_11_demos_13,per_init_ordinal,20260911,47,3,11,libero_object,1,[13],[13],[30],142,30,True,1
libero_spatial,3,48,pick up the black bowl on the cookie box and place it on the plate,cross_suite_wrong,1,1,101,127,True,True,True,True,True,21,26,True,True,correct,libero_spatial,3,48,pick up the black bowl on the cookie box and place it on the plate,24.525705866515636,validation,7,7,task_03_demos_12,per_init_ordinal,20260911,48,3,3,libero_spatial,3,[12],[12],[29],93,20,True,1,cross_suite_wrong,libero_spatial,3,48,pick up the black bowl on the cookie box and place it on the plate,30.164020740427077,validation,7,7,task_03_control_cross_suite_wrong_video_11_demos_12,per_init_ordinal,20260911,48,3,11,libero_object,1,[12],[12],[29],133,28,True,1
libero_spatial,3,49,pick up the black bowl on the cookie box and place it on the plate,cross_suite_wrong,1,1,110,121,True,True,True,True,True,22,25,True,True,correct,libero_spatial,3,49,pick up the black bowl on the cookie box and place it on the plate,24.08135783392936,validation,7,7,task_03_demos_37,per_init_ordinal,20260911,49,3,3,libero_spatial,3,[37],[37],[4],97,21,True,1,cross_suite_wrong,libero_spatial,3,49,pick up the black bowl on the cookie box and place it on the plate,27.791775466874242,validation,7,7,task_03_control_cross_suite_wrong_video_11_demos_37,per_init_ordinal,20260911,49,3,11,libero_object,1,[37],[37],[4],135,28,True,1
libero_spatial,6,0,pick up the black bowl next to the cookie box and place it on the plate,cross_suite_wrong,1,0,206,220,True,True,True,True,True,42,44,True,True,correct,libero_spatial,6,0,pick up the black bowl next to the cookie box and place it on the plate,114.00424135569483,validation,7,7,task_06_demos_25,per_init_ordinal,20260911,0,6,6,libero_spatial,6,[25],[25],[42],146,30,True,1,cross_suite_wrong,libero_spatial,6,0,pick up the black bowl next to the cookie box and place it on the plate,116.67105248384178,validation,7,7,task_06_control_cross_suite_wrong_video_16_demos_25,per_init_ordinal,20260911,0,6,16,libero_object,6,[25],[25],[42],177,37,True,1
libero_spatial,6,1,pick up the black bowl next to the cookie box and place it on the plate,cross_suite_wrong,1,1,137,206,True,True,True,True,True,28,42,True,True,correct,libero_spatial,6,1,pick up the black bowl next to the cookie box and place it on the plate,74.75971663091332,validation,7,7,task_06_demos_43,per_init_ordinal,20260911,1,6,6,libero_spatial,6,[43],[43],[10],107,23,True,1,cross_suite_wrong,libero_spatial,6,1,pick up the black bowl next to the cookie box and place it on the plate,111.75381945446134,validation,7,7,task_06_control_cross_suite_wrong_video_16_demos_43,per_init_ordinal,20260911,1,6,16,libero_object,6,[43],[43],[10],146,30,True,1
libero_spatial,6,2,pick up the black bowl next to the cookie box and place it on the plate,cross_suite_wrong,0,0,220,220,True,True,True,True,True,44,44,True,True,correct,libero_spatial,6,2,pick up the black bowl next to the cookie box and place it on the plate,116.36180375423282,validation,7,7,task_06_demos_03,per_init_ordinal,20260911,2,6,6,libero_spatial,6,[3],[3],[20],108,23,True,1,cross_suite_wrong,libero_spatial,6,2,pick up the black bowl next to the cookie box and place it on the plate,113.9438929464668,validation,7,7,task_06_control_cross_suite_wrong_video_16_demos_03,per_init_ordinal,20260911,2,6,16,libero_object,6,[3],[3],[20],154,32,True,1
libero_spatial,6,3,pick up the black bowl next to the cookie box and place it on the plate,cross_suite_wrong,0,0,220,220,True,True,True,True,True,44,44,True,True,correct,libero_spatial,6,3,pick up the black bowl next to the cookie box and place it on the plate,114.96027546282858,validation,7,7,task_06_demos_26,per_init_ordinal,20260911,3,6,6,libero_spatial,6,[26],[26],[43],122,26,True,1,cross_suite_wrong,libero_spatial,6,3,pick up the black bowl next to the cookie box and place it on the plate,112.66348975058645,validation,7,7,task_06_control_cross_suite_wrong_video_16_demos_26,per_init_ordinal,20260911,3,6,16,libero_object,6,[26],[26],[43],156,32,True,1
libero_spatial,6,4,pick up the black bowl next to the cookie box and place it on the plate,cross_suite_wrong,0,0,220,220,True,True,True,True,True,44,44,True,True,correct,libero_spatial,6,4,pick up the black bowl next to the cookie box and place it on the plate,113.735795407556,validation,7,7,task_06_demos_38,per_init_ordinal,20260911,4,6,6,libero_spatial,6,[38],[38],[5],131,27,True,1,cross_suite_wrong,libero_spatial,6,4,pick up the black bowl next to the cookie box and place it on the plate,111.15195256564766,validation,7,7,task_06_control_cross_suite_wrong_video_16_demos_38,per_init_ordinal,20260911,4,6,16,libero_object,6,[38],[38],[5],164,34,True,1
libero_spatial,6,5,pick up the black bowl next to the cookie box and place it on the plate,cross_suite_wrong,0,0,220,220,True,True,True,True,True,44,44,True,True,correct,libero_spatial,6,5,pick up the black bowl next to the cookie box and place it on the plate,112.54303895123303,validation,7,7,task_06_demos_48,per_init_ordinal,20260911,5,6,6,libero_spatial,6,[48],[48],[15],159,33,True,1,cross_suite_wrong,libero_spatial,6,5,pick up the black bowl next to the cookie box and place it on the plate,109.9286636877805,validation,7,7,task_06_control_cross_suite_wrong_video_16_demos_48,per_init_ordinal,20260911,5,6,16,libero_object,6,[48],[48],[15],146,30,True,1
libero_spatial,6,6,pick up the black bowl next to the cookie box and place it on the plate,cross_suite_wrong,0,1,220,149,True,True,True,True,True,44,30,True,True,correct,libero_spatial,6,6,pick up the black bowl next to the cookie box and place it on the plate,111.22236657422036,validation,7,7,task_06_demos_00,per_init_ordinal,20260911,6,6,6,libero_spatial,6,[0],[0],[17],123,26,True,1,cross_suite_wrong,libero_spatial,6,6,pick up the black bowl next to the cookie box and place it on the plate,76.86125871539116,validation,7,7,task_06_control_cross_suite_wrong_video_16_demos_00,per_init_ordinal,20260911,6,6,16,libero_object,6,[0],[0],[17],169,35,True,1
libero_spatial,6,7,pick up the black bowl next to the cookie box and place it on the plate,cross_suite_wrong,0,0,220,220,True,True,True,True,True,44,44,True,True,correct,libero_spatial,6,7,pick up the black bowl next to the cookie box and place it on the plate,110.02969607058913,validation,7,7,task_06_demos_46,per_init_ordinal,20260911,7,6,6,libero_spatial,6,[46],[46],[13],122,26,True,1,cross_suite_wrong,libero_spatial,6,7,pick up the black bowl next to the cookie box and place it on the plate,107.23357707913965,validation,7,7,task_06_control_cross_suite_wrong_video_16_demos_46,per_init_ordinal,20260911,7,6,16,libero_object,6,[46],[46],[13],157,33,True,1
libero_spatial,6,8,pick up the black bowl next to the cookie box and place it on the plate,cross_suite_wrong,1,0,125,220,True,True,True,True,True,25,44,True,True,correct,libero_spatial,6,8,pick up the black bowl next to the cookie box and place it on the plate,75.78830772824585,validation,7,7,task_06_demos_42,per_init_ordinal,20260911,8,6,6,libero_spatial,6,[42],[42],[9],114,24,True,1,cross_suite_wrong,libero_spatial,6,8,pick up the black bowl next to the cookie box and place it on the plate,116.61340264882892,validation,7,7,task_06_control_cross_suite_wrong_video_16_demos_42,per_init_ordinal,20260911,8,6,16,libero_object,6,[42],[42],[9],153,32,True,1
libero_spatial,6,9,pick up the black bowl next to the cookie box and place it on the plate,cross_suite_wrong,1,1,129,141,True,True,True,True,True,26,29,True,True,correct,libero_spatial,6,9,pick up the black bowl next to the cookie box and place it on the plate,75.72281348425895,validation,7,7,task_06_demos_18,per_init_ordinal,20260911,9,6,6,libero_spatial,6,[18],[18],[35],130,27,True,1,cross_suite_wrong,libero_spatial,6,9,pick up the black bowl next to the cookie box and place it on the plate,78.8406922686845,validation,7,7,task_06_control_cross_suite_wrong_video_16_demos_18,per_init_ordinal,20260911,9,6,16,libero_object,6,[18],[18],[35],144,30,True,1
libero_spatial,6,10,pick up the black bowl next to the cookie box and place it on the plate,cross_suite_wrong,0,0,220,220,True,True,True,True,True,44,44,True,True,correct,libero_spatial,6,10,pick up the black bowl next to the cookie box and place it on the plate,95.78483856655657,validation,7,7,task_06_demos_17,per_init_ordinal,20260911,10,6,6,libero_spatial,6,[17],[17],[34],141,29,True,1,cross_suite_wrong,libero_spatial,6,10,pick up the black bowl next to the cookie box and place it on the plate,114.06863811053336,validation,7,7,task_06_control_cross_suite_wrong_video_16_demos_17,per_init_ordinal,20260911,10,6,16,libero_object,6,[17],[17],[34],167,35,True,1
libero_spatial,6,11,pick up the black bowl next to the cookie box and place it on the plate,cross_suite_wrong,1,0,140,220,True,True,True,True,True,28,44,True,True,correct,libero_spatial,6,11,pick up the black bowl next to the cookie box and place it on the plate,75.45626544672996,validation,7,7,task_06_demos_08,per_init_ordinal,20260911,11,6,6,libero_spatial,6,[8],[8],[25],133,28,True,1,cross_suite_wrong,libero_spatial,6,11,pick up the black bowl next to the cookie box and place it on the plate,112.914531102404,validation,7,7,task_06_control_cross_suite_wrong_video_16_demos_08,per_init_ordinal,20260911,11,6,16,libero_object,6,[8],[8],[25],150,31,True,1
libero_spatial,6,12,pick up the black bowl next to the cookie box and place it on the plate,cross_suite_wrong,1,1,138,154,True,True,True,True,True,28,31,True,True,correct,libero_spatial,6,12,pick up the black bowl next to the cookie box and place it on the plate,73.7660736804828,validation,7,7,task_06_demos_45,per_init_ordinal,20260911,12,6,6,libero_spatial,6,[45],[45],[12],154,32,True,1,cross_suite_wrong,libero_spatial,6,12,pick up the black bowl next to the cookie box and place it on the plate,81.2093098713085,validation,7,7,task_06_control_cross_suite_wrong_video_16_demos_45,per_init_ordinal,20260911,12,6,16,libero_object,6,[45],[45],[12],207,43,True,1
libero_spatial,6,13,pick up the black bowl next to the cookie box and place it on the plate,cross_suite_wrong,0,0,220,220,True,True,True,True,True,44,44,True,True,correct,libero_spatial,6,13,pick up the black bowl next to the cookie box and place it on the plate,91.00226038414985,validation,7,7,task_06_demos_33,per_init_ordinal,20260911,13,6,6,libero_spatial,6,[33],[33],[0],113,24,True,1,cross_suite_wrong,libero_spatial,6,13,pick up the black bowl next to the cookie box and place it on the plate,110.3522414797917,validation,7,7,task_06_control_cross_suite_wrong_video_16_demos_33,per_init_ordinal,20260911,13,6,16,libero_object,6,[33],[33],[0],144,30,True,1
libero_spatial,6,14,pick up the black bowl next to the cookie box and place it on the plate,cross_suite_wrong,0,0,220,220,True,True,True,True,True,44,44,True,True,correct,libero_spatial,6,14,pick up the black bowl next to the cookie box and place it on the plate,89.4217976834625,validation,7,7,task_06_demos_09,per_init_ordinal,20260911,14,6,6,libero_spatial,6,[9],[9],[26],113,24,True,1,cross_suite_wrong,libero_spatial,6,14,pick up the black bowl next to the cookie box and place it on the plate,109.0348151344806,validation,7,7,task_06_control_cross_suite_wrong_video_16_demos_09,per_init_ordinal,20260911,14,6,16,libero_object,6,[9],[9],[26],155,32,True,1
libero_spatial,6,15,pick up the black bowl next to the cookie box and place it on the plate,cross_suite_wrong,0,0,220,220,True,True,True,True,True,44,44,True,True,correct,libero_spatial,6,15,pick up the black bowl next to the cookie box and place it on the plate,87.94046767614782,validation,7,7,task_06_demos_12,per_init_ordinal,20260911,15,6,6,libero_spatial,6,[12],[12],[29],124,26,True,1,cross_suite_wrong,libero_spatial,6,15,pick up the black bowl next to the cookie box and place it on the plate,107.81732678599656,validation,7,7,task_06_control_cross_suite_wrong_video_16_demos_12,per_init_ordinal,20260911,15,6,16,libero_object,6,[12],[12],[29],154,32,True,1
libero_spatial,6,16,pick up the black bowl next to the cookie box and place it on the plate,cross_suite_wrong,0,0,220,220,True,True,True,True,True,44,44,True,True,correct,libero_spatial,6,16,pick up the black bowl next to the cookie box and place it on the plate,108.57461714558303,validation,7,7,task_06_demos_34,per_init_ordinal,20260911,16,6,6,libero_spatial,6,[34],[34],[1],115,24,True,1,cross_suite_wrong,libero_spatial,6,16,pick up the black bowl next to the cookie box and place it on the plate,116.49971036985517,validation,7,7,task_06_control_cross_suite_wrong_video_16_demos_34,per_init_ordinal,20260911,16,6,16,libero_object,6,[34],[34],[1],164,34,True,1
libero_spatial,6,17,pick up the black bowl next to the cookie box and place it on the plate,cross_suite_wrong,0,1,220,158,True,True,True,True,True,44,32,True,True,correct,libero_spatial,6,17,pick up the black bowl next to the cookie box and place it on the plate,107.05786774680018,validation,7,7,task_06_demos_22,per_init_ordinal,20260911,17,6,6,libero_spatial,6,[22],[22],[39],124,26,True,1,cross_suite_wrong,libero_spatial,6,17,pick up the black bowl next to the cookie box and place it on the plate,97.00722933467478,validation,7,7,task_06_control_cross_suite_wrong_video_16_demos_22,per_init_ordinal,20260911,17,6,16,libero_object,6,[22],[22],[39],153,32,True,1
libero_spatial,6,18,pick up the black bowl next to the cookie box and place it on the plate,cross_suite_wrong,0,1,220,156,True,True,True,True,True,44,32,True,True,correct,libero_spatial,6,18,pick up the black bowl next to the cookie box and place it on the plate,105.56608961336315,validation,7,7,task_06_demos_13,per_init_ordinal,20260911,18,6,6,libero_spatial,6,[13],[13],[30],124,26,True,1,cross_suite_wrong,libero_spatial,6,18,pick up the black bowl next to the cookie box and place it on the plate,95.21161306835711,validation,7,7,task_06_control_cross_suite_wrong_video_16_demos_13,per_init_ordinal,20260911,18,6,16,libero_object,6,[13],[13],[30],149,31,True,1
libero_spatial,6,19,pick up the black bowl next to the cookie box and place it on the plate,cross_suite_wrong,0,0,220,220,True,True,True,True,True,44,44,True,True,correct,libero_spatial,6,19,pick up the black bowl next to the cookie box and place it on the plate,103.88662495836616,validation,7,7,task_06_demos_27,per_init_ordinal,20260911,19,6,6,libero_spatial,6,[27],[27],[44],129,27,True,1,cross_suite_wrong,libero_spatial,6,19,pick up the black bowl next to the cookie box and place it on the plate,112.07143403310329,validation,7,7,task_06_control_cross_suite_wrong_video_16_demos_27,per_init_ordinal,20260911,19,6,16,libero_object,6,[27],[27],[44],149,31,True,1
libero_spatial,6,20,pick up the black bowl next to the cookie box and place it on the plate,cross_suite_wrong,0,1,220,163,True,True,True,True,True,44,33,True,True,correct,libero_spatial,6,20,pick up the black bowl next to the cookie box and place it on the plate,102.24131377600133,validation,7,7,task_06_demos_05,per_init_ordinal,20260911,20,6,6,libero_spatial,6,[5],[5],[22],130,27,True,1,cross_suite_wrong,libero_spatial,6,20,pick up the black bowl next to the cookie box and place it on the plate,94.62531570997089,validation,7,7,task_06_control_cross_suite_wrong_video_16_demos_05,per_init_ordinal,20260911,20,6,16,libero_object,6,[5],[5],[22],146,30,True,1
libero_spatial,6,21,pick up the black bowl next to the cookie box and place it on the plate,cross_suite_wrong,1,1,131,138,True,True,True,True,True,27,28,True,True,correct,libero_spatial,6,21,pick up the black bowl next to the cookie box and place it on the plate,73.1408710507676,validation,7,7,task_06_demos_49,per_init_ordinal,20260911,21,6,6,libero_spatial,6,[49],[49],[16],152,32,True,1,cross_suite_wrong,libero_spatial,6,21,pick up the black bowl next to the cookie box and place it on the plate,79.68782030697912,validation,7,7,task_06_control_cross_suite_wrong_video_16_demos_49,per_init_ordinal,20260911,21,6,16,libero_object,6,[49],[49],[16],151,31,True,1
libero_spatial,6,22,pick up the black bowl next to the cookie box and place it on the plate,cross_suite_wrong,0,0,220,220,True,True,True,True,True,44,44,True,True,correct,libero_spatial,6,22,pick up the black bowl next to the cookie box and place it on the plate,99.13221644423902,validation,7,7,task_06_demos_20,per_init_ordinal,20260911,22,6,6,libero_spatial,6,[20],[20],[37],122,26,True,1,cross_suite_wrong,libero_spatial,6,22,pick up the black bowl next to the cookie box and place it on the plate,107.40563468169421,validation,7,7,task_06_control_cross_suite_wrong_video_16_demos_20,per_init_ordinal,20260911,22,6,16,libero_object,6,[20],[20],[37],146,30,True,1
libero_spatial,6,23,pick up the black bowl next to the cookie box and place it on the plate,cross_suite_wrong,0,0,220,220,True,True,True,True,True,44,44,True,True,correct,libero_spatial,6,23,pick up the black bowl next to the cookie box and place it on the plate,97.5118710892275,validation,7,7,task_06_demos_19,per_init_ordinal,20260911,23,6,6,libero_spatial,6,[19],[19],[36],113,24,True,1,cross_suite_wrong,libero_spatial,6,23,pick up the black bowl next to the cookie box and place it on the plate,105.99408209510148,validation,7,7,task_06_control_cross_suite_wrong_video_16_demos_19,per_init_ordinal,20260911,23,6,16,libero_object,6,[19],[19],[36],149,31,True,1
libero_spatial,6,24,pick up the black bowl next to the cookie box and place it on the plate,cross_suite_wrong,1,1,128,145,True,True,True,True,True,26,29,True,True,correct,libero_spatial,6,24,pick up the black bowl next to the cookie box and place it on the plate,69.03394561540335,validation,7,7,task_06_demos_14,per_init_ordinal,20260911,24,6,6,libero_spatial,6,[14],[14],[31],141,29,True,1,cross_suite_wrong,libero_spatial,6,24,pick up the black bowl next to the cookie box and place it on the plate,94.37518600467592,validation,7,7,task_06_control_cross_suite_wrong_video_16_demos_14,per_init_ordinal,20260911,24,6,16,libero_object,6,[14],[14],[31],154,32,True,1
libero_spatial,6,25,pick up the black bowl next to the cookie box and place it on the plate,cross_suite_wrong,1,1,141,148,True,True,True,True,True,29,30,True,True,correct,libero_spatial,6,25,pick up the black bowl next to the cookie box and place it on the plate,73.92650691233575,validation,7,7,task_06_demos_30,per_init_ordinal,20260911,25,6,6,libero_spatial,6,[30],[30],[47],135,28,True,1,cross_suite_wrong,libero_spatial,6,25,pick up the black bowl next to the cookie box and place it on the plate,94.25969053152949,validation,7,7,task_06_control_cross_suite_wrong_video_16_demos_30,per_init_ordinal,20260911,25,6,16,libero_object,6,[30],[30],[47],162,34,True,1
libero_spatial,6,26,pick up the black bowl next to the cookie box and place it on the plate,cross_suite_wrong,1,1,124,131,True,True,True,True,True,25,27,True,True,correct,libero_spatial,6,26,pick up the black bowl next to the cookie box and place it on the plate,63.934311338700354,validation,7,7,task_06_demos_16,per_init_ordinal,20260911,26,6,6,libero_spatial,6,[16],[16],[33],118,25,True,1,cross_suite_wrong,libero_spatial,6,26,pick up the black bowl next to the cookie box and place it on the plate,85.34330217726529,validation,7,7,task_06_control_cross_suite_wrong_video_16_demos_16,per_init_ordinal,20260911,26,6,16,libero_object,6,[16],[16],[33],147,31,True,1
libero_spatial,6,27,pick up the black bowl next to the cookie box and place it on the plate,cross_suite_wrong,0,0,220,220,True,True,True,True,True,44,44,True,True,correct,libero_spatial,6,27,pick up the black bowl next to the cookie box and place it on the plate,93.85634344816208,validation,7,7,task_06_demos_07,per_init_ordinal,20260911,27,6,6,libero_spatial,6,[7],[7],[24],123,26,True,1,cross_suite_wrong,libero_spatial,6,27,pick up the black bowl next to the cookie box and place it on the plate,106.38540941849351,validation,7,7,task_06_control_cross_suite_wrong_video_16_demos_07,per_init_ordinal,20260911,27,6,16,libero_object,6,[7],[7],[24],154,32,True,1
libero_spatial,6,28,pick up the black bowl next to the cookie box and place it on the plate,cross_suite_wrong,1,0,137,220,True,True,True,True,True,28,44,True,True,correct,libero_spatial,6,28,pick up the black bowl next to the cookie box and place it on the plate,68.22295111324638,validation,7,7,task_06_demos_02,per_init_ordinal,20260911,28,6,6,libero_spatial,6,[2],[2],[19],125,26,True,1,cross_suite_wrong,libero_spatial,6,28,pick up the black bowl next to the cookie box and place it on the plate,104.86779544875026,validation,7,7,task_06_control_cross_suite_wrong_video_16_demos_02,per_init_ordinal,20260911,28,6,16,libero_object,6,[2],[2],[19],159,33,True,1
libero_spatial,6,29,pick up the black bowl next to the cookie box and place it on the plate,cross_suite_wrong,0,1,220,159,True,True,True,True,True,44,32,True,True,correct,libero_spatial,6,29,pick up the black bowl next to the cookie box and place it on the plate,91.52585913613439,validation,7,7,task_06_demos_23,per_init_ordinal,20260911,29,6,6,libero_spatial,6,[23],[23],[40],120,25,True,1,cross_suite_wrong,libero_spatial,6,29,pick up the black bowl next to the cookie box and place it on the plate,90.62806546408683,validation,7,7,task_06_control_cross_suite_wrong_video_16_demos_23,per_init_ordinal,20260911,29,6,16,libero_object,6,[23],[23],[40],158,33,True,1
libero_spatial,6,30,pick up the black bowl next to the cookie box and place it on the plate,cross_suite_wrong,1,0,140,220,True,True,True,True,True,28,44,True,True,correct,libero_spatial,6,30,pick up the black bowl next to the cookie box and place it on the plate,66.20213919505477,validation,7,7,task_06_demos_01,per_init_ordinal,20260911,30,6,6,libero_spatial,6,[1],[1],[18],137,29,True,1,cross_suite_wrong,libero_spatial,6,30,pick up the black bowl next to the cookie box and place it on the plate,101.79372660536319,validation,7,7,task_06_control_cross_suite_wrong_video_16_demos_01,per_init_ordinal,20260911,30,6,16,libero_object,6,[1],[1],[18],149,31,True,1
libero_spatial,6,31,pick up the black bowl next to the cookie box and place it on the plate,cross_suite_wrong,0,0,220,220,True,True,True,True,True,44,44,True,True,correct,libero_spatial,6,31,pick up the black bowl next to the cookie box and place it on the plate,88.82764557376504,validation,7,7,task_06_demos_15,per_init_ordinal,20260911,31,6,6,libero_spatial,6,[15],[15],[32],106,22,True,1,cross_suite_wrong,libero_spatial,6,31,pick up the black bowl next to the cookie box and place it on the plate,100.2711933888495,validation,7,7,task_06_control_cross_suite_wrong_video_16_demos_15,per_init_ordinal,20260911,31,6,16,libero_object,6,[15],[15],[32],173,36,True,1
libero_spatial,6,32,pick up the black bowl next to the cookie box and place it on the plate,cross_suite_wrong,1,1,191,207,True,True,True,True,True,39,42,True,True,correct,libero_spatial,6,32,pick up the black bowl next to the cookie box and place it on the plate,97.05774625763297,validation,7,7,task_06_demos_31,per_init_ordinal,20260911,32,6,6,libero_spatial,6,[31],[31],[48],141,29,True,1,cross_suite_wrong,libero_spatial,6,32,pick up the black bowl next to the cookie box and place it on the plate,101.75686845369637,validation,7,7,task_06_control_cross_suite_wrong_video_16_demos_31,per_init_ordinal,20260911,32,6,16,libero_object,6,[31],[31],[48],164,34,True,1
libero_spatial,6,33,pick up the black bowl next to the cookie box and place it on the plate,cross_suite_wrong,0,0,220,220,True,True,True,True,True,44,44,True,True,correct,libero_spatial,6,33,pick up the black bowl next to the cookie box and place it on the plate,103.19724490027875,validation,7,7,task_06_demos_11,per_init_ordinal,20260911,33,6,6,libero_spatial,6,[11],[11],[28],111,23,True,1,cross_suite_wrong,libero_spatial,6,33,pick up the black bowl next to the cookie box and place it on the plate,102.03541041444987,validation,7,7,task_06_control_cross_suite_wrong_video_16_demos_11,per_init_ordinal,20260911,33,6,16,libero_object,6,[11],[11],[28],171,35,True,1
libero_spatial,6,34,pick up the black bowl next to the cookie box and place it on the plate,cross_suite_wrong,1,1,148,151,True,True,True,True,True,30,31,True,True,correct,libero_spatial,6,34,pick up the black bowl next to the cookie box and place it on the plate,76.70432773511857,validation,7,7,task_06_demos_37,per_init_ordinal,20260911,34,6,6,libero_spatial,6,[37],[37],[4],125,26,True,1,cross_suite_wrong,libero_spatial,6,34,pick up the black bowl next to the cookie box and place it on the plate,86.9033361915499,validation,7,7,task_06_control_cross_suite_wrong_video_16_demos_37,per_init_ordinal,20260911,34,6,16,libero_object,6,[37],[37],[4],158,33,True,1
libero_spatial,6,35,pick up the black bowl next to the cookie box and place it on the plate,cross_suite_wrong,0,0,220,220,True,True,True,True,True,44,44,True,True,correct,libero_spatial,6,35,pick up the black bowl next to the cookie box and place it on the plate,99.86379907652736,validation,7,7,task_06_demos_21,per_init_ordinal,20260911,35,6,6,libero_spatial,6,[21],[21],[38],108,23,True,1,cross_suite_wrong,libero_spatial,6,35,pick up the black bowl next to the cookie box and place it on the plate,99.50076104234904,validation,7,7,task_06_control_cross_suite_wrong_video_16_demos_21,per_init_ordinal,20260911,35,6,16,libero_object,6,[21],[21],[38],162,34,True,1
libero_spatial,6,36,pick up the black bowl next to the cookie box and place it on the plate,cross_suite_wrong,1,0,121,220,True,True,True,True,True,25,44,True,True,correct,libero_spatial,6,36,pick up the black bowl next to the cookie box and place it on the plate,63.73558792471886,validation,7,7,task_06_demos_39,per_init_ordinal,20260911,36,6,6,libero_spatial,6,[39],[39],[6],117,25,True,1,cross_suite_wrong,libero_spatial,6,36,pick up the black bowl next to the cookie box and place it on the plate,98.12235177773982,validation,7,7,task_06_control_cross_suite_wrong_video_16_demos_39,per_init_ordinal,20260911,36,6,16,libero_object,6,[39],[39],[6],165,34,True,1
libero_spatial,6,37,pick up the black bowl next to the cookie box and place it on the plate,cross_suite_wrong,0,1,220,138,True,True,True,True,True,44,28,True,True,correct,libero_spatial,6,37,pick up the black bowl next to the cookie box and place it on the plate,96.93319332506508,validation,7,7,task_06_demos_44,per_init_ordinal,20260911,37,6,6,libero_spatial,6,[44],[44],[11],133,28,True,1,cross_suite_wrong,libero_spatial,6,37,pick up the black bowl next to the cookie box and place it on the plate,77.22793570253998,validation,7,7,task_06_control_cross_suite_wrong_video_16_demos_44,per_init_ordinal,20260911,37,6,16,libero_object,6,[44],[44],[11],152,32,True,1
libero_spatial,6,38,pick up the black bowl next to the cookie box and place it on the plate,cross_suite_wrong,0,1,220,169,True,True,True,True,True,44,34,True,True,correct,libero_spatial,6,38,pick up the black bowl next to the cookie box and place it on the plate,95.52543006557971,validation,7,7,task_06_demos_06,per_init_ordinal,20260911,38,6,6,libero_spatial,6,[6],[6],[23],124,26,True,1,cross_suite_wrong,libero_spatial,6,38,pick up the black bowl next to the cookie box and place it on the plate,85.38903104141355,validation,7,7,task_06_control_cross_suite_wrong_video_16_demos_06,per_init_ordinal,20260911,38,6,16,libero_object,6,[6],[6],[23],148,31,True,1
libero_spatial,6,39,pick up the black bowl next to the cookie box and place it on the plate,cross_suite_wrong,1,1,154,144,True,True,True,True,True,31,29,True,True,correct,libero_spatial,6,39,pick up the black bowl next to the cookie box and place it on the plate,71.18897521868348,validation,7,7,task_06_demos_32,per_init_ordinal,20260911,39,6,6,libero_spatial,6,[32],[32],[49],124,26,True,1,cross_suite_wrong,libero_spatial,6,39,pick up the black bowl next to the cookie box and place it on the plate,76.82075496017933,validation,7,7,task_06_control_cross_suite_wrong_video_16_demos_32,per_init_ordinal,20260911,39,6,16,libero_object,6,[32],[32],[49],152,32,True,1
libero_spatial,6,40,pick up the black bowl next to the cookie box and place it on the plate,cross_suite_wrong,1,0,126,220,True,True,True,True,True,26,44,True,True,correct,libero_spatial,6,40,pick up the black bowl next to the cookie box and place it on the plate,63.62130150105804,validation,7,7,task_06_demos_40,per_init_ordinal,20260911,40,6,6,libero_spatial,6,[40],[40],[7],110,23,True,1,cross_suite_wrong,libero_spatial,6,40,pick up the black bowl next to the cookie box and place it on the plate,104.37656893022358,validation,7,7,task_06_control_cross_suite_wrong_video_16_demos_40,per_init_ordinal,20260911,40,6,16,libero_object,6,[40],[40],[7],155,32,True,1
libero_spatial,6,41,pick up the black bowl next to the cookie box and place it on the plate,cross_suite_wrong,1,1,129,146,True,True,True,True,True,26,30,True,True,correct,libero_spatial,6,41,pick up the black bowl next to the cookie box and place it on the plate,62.77993093803525,validation,7,7,task_06_demos_24,per_init_ordinal,20260911,41,6,6,libero_spatial,6,[24],[24],[41],133,28,True,1,cross_suite_wrong,libero_spatial,6,41,pick up the black bowl next to the cookie box and place it on the plate,82.86473508924246,validation,7,7,task_06_control_cross_suite_wrong_video_16_demos_24,per_init_ordinal,20260911,41,6,16,libero_object,6,[24],[24],[41],150,31,True,1
libero_spatial,6,42,pick up the black bowl next to the cookie box and place it on the plate,cross_suite_wrong,0,0,220,220,True,True,True,True,True,44,44,True,True,correct,libero_spatial,6,42,pick up the black bowl next to the cookie box and place it on the plate,84.76592397782952,validation,7,7,task_06_demos_41,per_init_ordinal,20260911,42,6,6,libero_spatial,6,[41],[41],[8],133,28,True,1,cross_suite_wrong,libero_spatial,6,42,pick up the black bowl next to the cookie box and place it on the plate,101.74495915323496,validation,7,7,task_06_control_cross_suite_wrong_video_16_demos_41,per_init_ordinal,20260911,42,6,16,libero_object,6,[41],[41],[8],156,32,True,1
libero_spatial,6,43,pick up the black bowl next to the cookie box and place it on the plate,cross_suite_wrong,0,0,220,220,True,True,True,True,True,44,44,True,True,correct,libero_spatial,6,43,pick up the black bowl next to the cookie box and place it on the plate,83.58086994104087,validation,7,7,task_06_demos_10,per_init_ordinal,20260911,43,6,6,libero_spatial,6,[10],[10],[27],127,27,True,1,cross_suite_wrong,libero_spatial,6,43,pick up the black bowl next to the cookie box and place it on the plate,100.58225165307522,validation,7,7,task_06_control_cross_suite_wrong_video_16_demos_10,per_init_ordinal,20260911,43,6,16,libero_object,6,[10],[10],[27],152,32,True,1
libero_spatial,6,44,pick up the black bowl next to the cookie box and place it on the plate,cross_suite_wrong,0,0,220,220,True,True,True,True,True,44,44,True,True,correct,libero_spatial,6,44,pick up the black bowl next to the cookie box and place it on the plate,82.3799147438258,validation,7,7,task_06_demos_35,per_init_ordinal,20260911,44,6,6,libero_spatial,6,[35],[35],[2],122,26,True,1,cross_suite_wrong,libero_spatial,6,44,pick up the black bowl next to the cookie box and place it on the plate,99.40370628144592,validation,7,7,task_06_control_cross_suite_wrong_video_16_demos_35,per_init_ordinal,20260911,44,6,16,libero_object,6,[35],[35],[2],175,36,True,1
libero_spatial,6,45,pick up the black bowl next to the cookie box and place it on the plate,cross_suite_wrong,0,0,220,220,True,True,True,True,True,44,44,True,True,correct,libero_spatial,6,45,pick up the black bowl next to the cookie box and place it on the plate,81.32288279384375,validation,7,7,task_06_demos_29,per_init_ordinal,20260911,45,6,6,libero_spatial,6,[29],[29],[46],123,26,True,1,cross_suite_wrong,libero_spatial,6,45,pick up the black bowl next to the cookie box and place it on the plate,98.26288113091141,validation,7,7,task_06_control_cross_suite_wrong_video_16_demos_29,per_init_ordinal,20260911,45,6,16,libero_object,6,[29],[29],[46],164,34,True,1
libero_spatial,6,46,pick up the black bowl next to the cookie box and place it on the plate,cross_suite_wrong,1,0,210,220,True,True,True,True,True,42,44,True,True,correct,libero_spatial,6,46,pick up the black bowl next to the cookie box and place it on the plate,78.18089249916375,validation,7,7,task_06_demos_28,per_init_ordinal,20260911,46,6,6,libero_spatial,6,[28],[28],[45],155,32,True,1,cross_suite_wrong,libero_spatial,6,46,pick up the black bowl next to the cookie box and place it on the plate,97.0510969394818,validation,7,7,task_06_control_cross_suite_wrong_video_16_demos_28,per_init_ordinal,20260911,46,6,16,libero_object,6,[28],[28],[45],151,31,True,1
libero_spatial,6,47,pick up the black bowl next to the cookie box and place it on the plate,cross_suite_wrong,1,1,149,144,True,True,True,True,True,30,29,True,True,correct,libero_spatial,6,47,pick up the black bowl next to the cookie box and place it on the plate,62.495215454138815,validation,7,7,task_06_demos_36,per_init_ordinal,20260911,47,6,6,libero_spatial,6,[36],[36],[3],130,27,True,1,cross_suite_wrong,libero_spatial,6,47,pick up the black bowl next to the cookie box and place it on the plate,73.87674065399915,validation,7,7,task_06_control_cross_suite_wrong_video_16_demos_36,per_init_ordinal,20260911,47,6,16,libero_object,6,[36],[36],[3],151,31,True,1
libero_spatial,6,48,pick up the black bowl next to the cookie box and place it on the plate,cross_suite_wrong,1,1,188,192,True,True,True,True,True,38,39,True,True,correct,libero_spatial,6,48,pick up the black bowl next to the cookie box and place it on the plate,39.04098402149975,validation,7,7,task_06_demos_04,per_init_ordinal,20260911,48,6,6,libero_spatial,6,[4],[4],[21],123,26,True,1,cross_suite_wrong,libero_spatial,6,48,pick up the black bowl next to the cookie box and place it on the plate,40.69429959356785,validation,7,7,task_06_control_cross_suite_wrong_video_16_demos_04,per_init_ordinal,20260911,48,6,16,libero_object,6,[4],[4],[21],178,37,True,1
libero_spatial,6,49,pick up the black bowl next to the cookie box and place it on the plate,cross_suite_wrong,1,0,134,220,True,True,True,True,True,27,44,True,True,correct,libero_spatial,6,49,pick up the black bowl next to the cookie box and place it on the plate,30.07722999434918,validation,7,7,task_06_demos_47,per_init_ordinal,20260911,49,6,6,libero_spatial,6,[47],[47],[14],119,25,True,1,cross_suite_wrong,libero_spatial,6,49,pick up the black bowl next to the cookie box and place it on the plate,42.41705875098705,validation,7,7,task_06_control_cross_suite_wrong_video_16_demos_47,per_init_ordinal,20260911,49,6,16,libero_object,6,[47],[47],[14],155,32,True,1
