panel,suite,task_id,global_task_id,init_state_id,teacher_demo,video_ordinal,env_seed,policy_seed_root,success,steps
A64,libero_spatial,3,3,0,24,0,7,7,1,113
A64,libero_spatial,3,3,1,13,1,7,7,1,107
A64,libero_spatial,3,3,2,5,2,7,7,0,220
A64,libero_spatial,3,3,3,47,3,7,7,1,97
A64,libero_spatial,3,3,4,28,4,7,7,0,220
A64,libero_spatial,3,3,5,3,5,7,7,0,220
A64,libero_spatial,3,3,6,45,6,7,7,0,220
A64,libero_spatial,3,3,7,29,7,7,7,1,97
A64,libero_spatial,3,3,8,38,8,7,7,0,220
A64,libero_spatial,3,3,9,25,9,7,7,1,118
A64,libero_spatial,3,3,10,22,10,7,7,1,115
A64,libero_spatial,3,3,11,14,11,7,7,1,100
A64,libero_spatial,3,3,12,15,12,7,7,1,105
A64,libero_spatial,3,3,13,9,13,7,7,0,220
A64,libero_spatial,3,3,14,7,14,7,7,1,97
A64,libero_spatial,3,3,15,36,15,7,7,1,113
A64,libero_spatial,3,3,16,39,16,7,7,1,132
A64,libero_spatial,3,3,17,26,17,7,7,1,108
A64,libero_spatial,3,3,18,42,18,7,7,1,107
A64,libero_spatial,3,3,19,12,19,7,7,1,88
A64,libero_spatial,3,3,20,8,20,7,7,0,220
A64,libero_spatial,3,3,21,4,21,7,7,1,136
A64,libero_spatial,3,3,22,46,22,7,7,1,95
A64,libero_spatial,3,3,23,49,23,7,7,1,97
A64,libero_spatial,3,3,24,27,24,7,7,0,220
A64,libero_spatial,3,3,25,40,25,7,7,0,220
A64,libero_spatial,3,3,26,31,26,7,7,1,98
A64,libero_spatial,3,3,27,21,27,7,7,0,220
A64,libero_spatial,3,3,28,10,28,7,7,0,220
A64,libero_spatial,3,3,29,17,29,7,7,1,88
A64,libero_spatial,3,3,30,30,30,7,7,1,153
A64,libero_spatial,3,3,31,32,31,7,7,0,220
A64,libero_spatial,3,3,32,6,32,7,7,1,82
A64,libero_spatial,3,3,33,34,33,7,7,1,106
A64,libero_spatial,3,3,34,41,34,7,7,0,220
A64,libero_spatial,3,3,35,16,35,7,7,0,220
A64,libero_spatial,3,3,36,20,36,7,7,1,102
A64,libero_spatial,3,3,37,1,37,7,7,1,110
A64,libero_spatial,3,3,38,23,38,7,7,0,220
A64,libero_spatial,3,3,39,48,39,7,7,1,93
A64,libero_spatial,3,3,40,43,40,7,7,0,220
A64,libero_spatial,3,3,41,11,41,7,7,0,220
A64,libero_spatial,3,3,42,33,42,7,7,1,99
A64,libero_spatial,3,3,43,44,43,7,7,1,97
A64,libero_spatial,3,3,44,37,44,7,7,0,220
A64,libero_spatial,3,3,45,35,45,7,7,1,96
A64,libero_spatial,3,3,46,19,46,7,7,0,220
A64,libero_spatial,3,3,47,18,47,7,7,0,220
A64,libero_spatial,3,3,48,2,48,7,7,0,220
A64,libero_spatial,3,3,49,0,49,7,7,1,153
A64,libero_spatial,6,6,0,34,0,7,7,0,220
A64,libero_spatial,6,6,1,27,1,7,7,0,220
A64,libero_spatial,6,6,2,16,2,7,7,0,220
A64,libero_spatial,6,6,3,49,3,7,7,0,220
A64,libero_spatial,6,6,4,14,4,7,7,0,220
A64,libero_spatial,6,6,5,40,5,7,7,0,220
A64,libero_spatial,6,6,6,39,6,7,7,1,126
A64,libero_spatial,6,6,7,23,7,7,7,0,220
A64,libero_spatial,6,6,8,22,8,7,7,0,220
A64,libero_spatial,6,6,9,28,9,7,7,0,220
A64,libero_spatial,6,6,10,37,10,7,7,0,220
A64,libero_spatial,6,6,11,25,11,7,7,0,220
A64,libero_spatial,6,6,12,46,12,7,7,0,220
A64,libero_spatial,6,6,13,35,13,7,7,0,220
A64,libero_spatial,6,6,14,10,14,7,7,0,220
A64,libero_spatial,6,6,15,8,15,7,7,0,220
A64,libero_spatial,6,6,16,41,16,7,7,0,220
A64,libero_spatial,6,6,17,43,17,7,7,0,220
A64,libero_spatial,6,6,18,48,18,7,7,0,220
A64,libero_spatial,6,6,19,36,19,7,7,0,220
A64,libero_spatial,6,6,20,26,20,7,7,0,220
A64,libero_spatial,6,6,21,31,21,7,7,0,220
A64,libero_spatial,6,6,22,20,22,7,7,0,220
A64,libero_spatial,6,6,23,13,23,7,7,0,220
A64,libero_spatial,6,6,24,44,24,7,7,0,220
A64,libero_spatial,6,6,25,32,25,7,7,0,220
A64,libero_spatial,6,6,26,18,26,7,7,1,112
A64,libero_spatial,6,6,27,19,27,7,7,0,220
A64,libero_spatial,6,6,28,2,28,7,7,0,220
A64,libero_spatial,6,6,29,47,29,7,7,0,220
A64,libero_spatial,6,6,30,9,30,7,7,0,220
A64,libero_spatial,6,6,31,0,31,7,7,0,220
A64,libero_spatial,6,6,32,38,32,7,7,0,220
A64,libero_spatial,6,6,33,7,33,7,7,0,220
A64,libero_spatial,6,6,34,17,34,7,7,0,220
A64,libero_spatial,6,6,35,24,35,7,7,0,220
A64,libero_spatial,6,6,36,30,36,7,7,0,220
A64,libero_spatial,6,6,37,11,37,7,7,0,220
A64,libero_spatial,6,6,38,33,38,7,7,0,220
A64,libero_spatial,6,6,39,4,39,7,7,0,220
A64,libero_spatial,6,6,40,6,40,7,7,0,220
A64,libero_spatial,6,6,41,15,41,7,7,0,220
A64,libero_spatial,6,6,42,45,42,7,7,0,220
A64,libero_spatial,6,6,43,3,43,7,7,0,220
A64,libero_spatial,6,6,44,29,44,7,7,0,220
A64,libero_spatial,6,6,45,12,45,7,7,0,220
A64,libero_spatial,6,6,46,21,46,7,7,0,220
A64,libero_spatial,6,6,47,1,47,7,7,0,220
A64,libero_spatial,6,6,48,5,48,7,7,0,220
A64,libero_spatial,6,6,49,42,49,7,7,0,220
A64,libero_object,1,11,0,22,0,7,7,1,214
A64,libero_object,1,11,1,0,1,7,7,1,149
A64,libero_object,1,11,2,33,2,7,7,1,142
A64,libero_object,1,11,3,35,3,7,7,1,137
A64,libero_object,1,11,4,7,4,7,7,1,138
A64,libero_object,1,11,5,11,5,7,7,1,154
A64,libero_object,1,11,6,15,6,7,7,1,143
A64,libero_object,1,11,7,44,7,7,7,1,141
A64,libero_object,1,11,8,5,8,7,7,1,146
A64,libero_object,1,11,9,17,9,7,7,1,131
A64,libero_object,1,11,10,3,10,7,7,0,280
A64,libero_object,1,11,11,32,11,7,7,1,156
A64,libero_object,1,11,12,21,12,7,7,1,237
A64,libero_object,1,11,13,39,13,7,7,1,128
A64,libero_object,1,11,14,41,14,7,7,1,154
A64,libero_object,1,11,15,2,15,7,7,1,212
A64,libero_object,1,11,16,31,16,7,7,1,162
A64,libero_object,1,11,17,23,17,7,7,1,187
A64,libero_object,1,11,18,42,18,7,7,1,209
A64,libero_object,1,11,19,18,19,7,7,1,278
A64,libero_object,1,11,20,37,20,7,7,0,280
A64,libero_object,1,11,21,26,21,7,7,1,233
A64,libero_object,1,11,22,19,22,7,7,1,137
A64,libero_object,1,11,23,9,23,7,7,1,138
A64,libero_object,1,11,24,10,24,7,7,1,130
A64,libero_object,1,11,25,49,25,7,7,1,138
A64,libero_object,1,11,26,48,26,7,7,1,133
A64,libero_object,1,11,27,14,27,7,7,1,123
A64,libero_object,1,11,28,6,28,7,7,1,138
A64,libero_object,1,11,29,13,29,7,7,1,138
A64,libero_object,1,11,30,24,30,7,7,0,280
A64,libero_object,1,11,31,16,31,7,7,1,171
A64,libero_object,1,11,32,40,32,7,7,1,192
A64,libero_object,1,11,33,20,33,7,7,1,262
A64,libero_object,1,11,34,25,34,7,7,1,142
A64,libero_object,1,11,35,47,35,7,7,1,142
A64,libero_object,1,11,36,4,36,7,7,1,137
A64,libero_object,1,11,37,1,37,7,7,1,187
A64,libero_object,1,11,38,38,38,7,7,1,162
A64,libero_object,1,11,39,36,39,7,7,1,133
A64,libero_object,1,11,40,27,40,7,7,0,280
A64,libero_object,1,11,41,12,41,7,7,1,128
A64,libero_object,1,11,42,46,42,7,7,1,133
A64,libero_object,1,11,43,29,43,7,7,1,132
A64,libero_object,1,11,44,43,44,7,7,1,141
A64,libero_object,1,11,45,8,45,7,7,1,140
A64,libero_object,1,11,46,45,46,7,7,1,107
A64,libero_object,1,11,47,34,47,7,7,1,128
A64,libero_object,1,11,48,28,48,7,7,1,192
A64,libero_object,1,11,49,30,49,7,7,1,145
A64,libero_object,6,16,0,47,0,7,7,0,280
A64,libero_object,6,16,1,33,1,7,7,0,280
A64,libero_object,6,16,2,28,2,7,7,0,280
A64,libero_object,6,16,3,46,3,7,7,0,280
A64,libero_object,6,16,4,32,4,7,7,0,280
A64,libero_object,6,16,5,1,5,7,7,0,280
A64,libero_object,6,16,6,24,6,7,7,0,280
A64,libero_object,6,16,7,43,7,7,7,0,280
A64,libero_object,6,16,8,39,8,7,7,0,280
A64,libero_object,6,16,9,42,9,7,7,0,280
A64,libero_object,6,16,10,49,10,7,7,0,280
A64,libero_object,6,16,11,5,11,7,7,0,280
A64,libero_object,6,16,12,25,12,7,7,0,280
A64,libero_object,6,16,13,37,13,7,7,0,280
A64,libero_object,6,16,14,31,14,7,7,0,280
A64,libero_object,6,16,15,15,15,7,7,0,280
A64,libero_object,6,16,16,26,16,7,7,0,280
A64,libero_object,6,16,17,19,17,7,7,0,280
A64,libero_object,6,16,18,17,18,7,7,0,280
A64,libero_object,6,16,19,23,19,7,7,0,280
A64,libero_object,6,16,20,34,20,7,7,0,280
A64,libero_object,6,16,21,4,21,7,7,0,280
A64,libero_object,6,16,22,35,22,7,7,0,280
A64,libero_object,6,16,23,6,23,7,7,0,280
A64,libero_object,6,16,24,36,24,7,7,0,280
A64,libero_object,6,16,25,8,25,7,7,0,280
A64,libero_object,6,16,26,44,26,7,7,0,280
A64,libero_object,6,16,27,0,27,7,7,0,280
A64,libero_object,6,16,28,3,28,7,7,0,280
A64,libero_object,6,16,29,30,29,7,7,0,280
A64,libero_object,6,16,30,29,30,7,7,0,280
A64,libero_object,6,16,31,41,31,7,7,0,280
A64,libero_object,6,16,32,13,32,7,7,0,280
A64,libero_object,6,16,33,18,33,7,7,0,280
A64,libero_object,6,16,34,21,34,7,7,0,280
A64,libero_object,6,16,35,2,35,7,7,0,280
A64,libero_object,6,16,36,38,36,7,7,0,280
A64,libero_object,6,16,37,10,37,7,7,0,280
A64,libero_object,6,16,38,48,38,7,7,0,280
A64,libero_object,6,16,39,11,39,7,7,0,280
A64,libero_object,6,16,40,16,40,7,7,0,280
A64,libero_object,6,16,41,12,41,7,7,0,280
A64,libero_object,6,16,42,27,42,7,7,0,280
A64,libero_object,6,16,43,9,43,7,7,0,280
A64,libero_object,6,16,44,14,44,7,7,0,280
A64,libero_object,6,16,45,20,45,7,7,0,280
A64,libero_object,6,16,46,40,46,7,7,1,177
A64,libero_object,6,16,47,7,47,7,7,0,280
A64,libero_object,6,16,48,22,48,7,7,0,280
A64,libero_object,6,16,49,45,49,7,7,0,280
A64,libero_goal,3,23,0,30,0,7,7,0,300
A64,libero_goal,3,23,1,46,1,7,7,0,300
A64,libero_goal,3,23,2,40,2,7,7,0,300
A64,libero_goal,3,23,3,38,3,7,7,0,300
A64,libero_goal,3,23,4,17,4,7,7,0,300
A64,libero_goal,3,23,5,4,5,7,7,0,300
A64,libero_goal,3,23,6,1,6,7,7,0,300
A64,libero_goal,3,23,7,36,7,7,7,0,300
A64,libero_goal,3,23,8,20,8,7,7,0,300
A64,libero_goal,3,23,9,43,9,7,7,0,300
A64,libero_goal,3,23,10,0,10,7,7,0,300
A64,libero_goal,3,23,11,8,11,7,7,0,300
A64,libero_goal,3,23,12,18,12,7,7,0,300
A64,libero_goal,3,23,13,29,13,7,7,0,300
A64,libero_goal,3,23,14,12,14,7,7,0,300
A64,libero_goal,3,23,15,33,15,7,7,0,300
A64,libero_goal,3,23,16,39,16,7,7,0,300
A64,libero_goal,3,23,17,26,17,7,7,0,300
A64,libero_goal,3,23,18,23,18,7,7,0,300
A64,libero_goal,3,23,19,7,19,7,7,0,300
A64,libero_goal,3,23,20,9,20,7,7,0,300
A64,libero_goal,3,23,21,11,21,7,7,0,300
A64,libero_goal,3,23,22,3,22,7,7,0,300
A64,libero_goal,3,23,23,31,23,7,7,0,300
A64,libero_goal,3,23,24,45,24,7,7,0,300
A64,libero_goal,3,23,25,44,25,7,7,0,300
A64,libero_goal,3,23,26,27,26,7,7,0,300
A64,libero_goal,3,23,27,42,27,7,7,0,300
A64,libero_goal,3,23,28,10,28,7,7,0,300
A64,libero_goal,3,23,29,2,29,7,7,0,300
A64,libero_goal,3,23,30,34,30,7,7,0,300
A64,libero_goal,3,23,31,13,31,7,7,0,300
A64,libero_goal,3,23,32,25,32,7,7,0,300
A64,libero_goal,3,23,33,47,33,7,7,0,300
A64,libero_goal,3,23,34,37,34,7,7,0,300
A64,libero_goal,3,23,35,28,35,7,7,0,300
A64,libero_goal,3,23,36,21,36,7,7,1,213
A64,libero_goal,3,23,37,49,37,7,7,0,300
A64,libero_goal,3,23,38,16,38,7,7,1,270
A64,libero_goal,3,23,39,35,39,7,7,0,300
A64,libero_goal,3,23,40,19,40,7,7,0,300
A64,libero_goal,3,23,41,15,41,7,7,0,300
A64,libero_goal,3,23,42,41,42,7,7,0,300
A64,libero_goal,3,23,43,48,43,7,7,0,300
A64,libero_goal,3,23,44,5,44,7,7,0,300
A64,libero_goal,3,23,45,6,45,7,7,0,300
A64,libero_goal,3,23,46,32,46,7,7,0,300
A64,libero_goal,3,23,47,22,47,7,7,0,300
A64,libero_goal,3,23,48,14,48,7,7,0,300
A64,libero_goal,3,23,49,24,49,7,7,0,300
A64,libero_goal,6,26,0,29,0,7,7,1,97
A64,libero_goal,6,26,1,8,1,7,7,1,111
A64,libero_goal,6,26,2,11,2,7,7,1,106
A64,libero_goal,6,26,3,30,3,7,7,1,97
A64,libero_goal,6,26,4,38,4,7,7,1,95
A64,libero_goal,6,26,5,37,5,7,7,1,125
A64,libero_goal,6,26,6,45,6,7,7,1,113
A64,libero_goal,6,26,7,24,7,7,7,1,89
A64,libero_goal,6,26,8,39,8,7,7,1,99
A64,libero_goal,6,26,9,18,9,7,7,1,84
A64,libero_goal,6,26,10,23,10,7,7,0,300
A64,libero_goal,6,26,11,6,11,7,7,1,102
A64,libero_goal,6,26,12,5,12,7,7,1,104
A64,libero_goal,6,26,13,19,13,7,7,1,94
A64,libero_goal,6,26,14,17,14,7,7,1,92
A64,libero_goal,6,26,15,20,15,7,7,1,96
A64,libero_goal,6,26,16,4,16,7,7,0,300
A64,libero_goal,6,26,17,2,17,7,7,1,101
A64,libero_goal,6,26,18,1,18,7,7,1,87
A64,libero_goal,6,26,19,43,19,7,7,1,112
A64,libero_goal,6,26,20,28,20,7,7,1,105
A64,libero_goal,6,26,21,7,21,7,7,1,105
A64,libero_goal,6,26,22,3,22,7,7,1,112
A64,libero_goal,6,26,23,21,23,7,7,1,128
A64,libero_goal,6,26,24,25,24,7,7,1,96
A64,libero_goal,6,26,25,9,25,7,7,1,87
A64,libero_goal,6,26,26,42,26,7,7,1,107
A64,libero_goal,6,26,27,27,27,7,7,1,92
A64,libero_goal,6,26,28,48,28,7,7,1,95
A64,libero_goal,6,26,29,33,29,7,7,1,102
A64,libero_goal,6,26,30,35,30,7,7,1,97
A64,libero_goal,6,26,31,47,31,7,7,1,97
A64,libero_goal,6,26,32,49,32,7,7,0,300
A64,libero_goal,6,26,33,34,33,7,7,1,92
A64,libero_goal,6,26,34,16,34,7,7,1,92
A64,libero_goal,6,26,35,36,35,7,7,1,109
A64,libero_goal,6,26,36,44,36,7,7,1,105
A64,libero_goal,6,26,37,13,37,7,7,0,300
A64,libero_goal,6,26,38,40,38,7,7,1,90
A64,libero_goal,6,26,39,15,39,7,7,1,107
A64,libero_goal,6,26,40,32,40,7,7,0,300
A64,libero_goal,6,26,41,14,41,7,7,1,97
A64,libero_goal,6,26,42,31,42,7,7,1,88
A64,libero_goal,6,26,43,46,43,7,7,1,107
A64,libero_goal,6,26,44,10,44,7,7,1,109
A64,libero_goal,6,26,45,12,45,7,7,1,97
A64,libero_goal,6,26,46,22,46,7,7,1,107
A64,libero_goal,6,26,47,41,47,7,7,1,106
A64,libero_goal,6,26,48,0,48,7,7,0,300
A64,libero_goal,6,26,49,26,49,7,7,1,110
A64,libero_10,1,31,0,20,0,7,7,0,520
A64,libero_10,1,31,1,45,1,7,7,0,520
A64,libero_10,1,31,2,46,2,7,7,0,520
A64,libero_10,1,31,3,44,3,7,7,0,520
A64,libero_10,1,31,4,7,4,7,7,0,520
A64,libero_10,1,31,5,0,5,7,7,0,520
A64,libero_10,1,31,6,12,6,7,7,1,509
A64,libero_10,1,31,7,39,7,7,7,0,520
A64,libero_10,1,31,8,37,8,7,7,0,520
A64,libero_10,1,31,9,26,9,7,7,0,520
A64,libero_10,1,31,10,18,10,7,7,0,520
A64,libero_10,1,31,11,23,11,7,7,1,409
A64,libero_10,1,31,12,27,12,7,7,1,396
A64,libero_10,1,31,13,2,13,7,7,0,520
A64,libero_10,1,31,14,17,14,7,7,1,464
A64,libero_10,1,31,15,1,15,7,7,0,520
A64,libero_10,1,31,16,28,16,7,7,1,307
A64,libero_10,1,31,17,30,17,7,7,0,520
A64,libero_10,1,31,18,41,18,7,7,1,349
A64,libero_10,1,31,19,35,19,7,7,0,520
A64,libero_10,1,31,20,33,20,7,7,1,364
A64,libero_10,1,31,21,40,21,7,7,0,520
A64,libero_10,1,31,22,22,22,7,7,0,520
A64,libero_10,1,31,23,15,23,7,7,1,382
A64,libero_10,1,31,24,38,24,7,7,1,474
A64,libero_10,1,31,25,32,25,7,7,1,437
A64,libero_10,1,31,26,31,26,7,7,0,520
A64,libero_10,1,31,27,16,27,7,7,0,520
A64,libero_10,1,31,28,21,28,7,7,0,520
A64,libero_10,1,31,29,14,29,7,7,0,520
A64,libero_10,1,31,30,49,30,7,7,1,362
A64,libero_10,1,31,31,3,31,7,7,0,520
A64,libero_10,1,31,32,24,32,7,7,1,492
A64,libero_10,1,31,33,6,33,7,7,0,520
A64,libero_10,1,31,34,34,34,7,7,0,520
A64,libero_10,1,31,35,29,35,7,7,0,520
A64,libero_10,1,31,36,11,36,7,7,1,428
A64,libero_10,1,31,37,48,37,7,7,1,392
A64,libero_10,1,31,38,36,38,7,7,1,445
A64,libero_10,1,31,39,43,39,7,7,0,520
A64,libero_10,1,31,40,13,40,7,7,0,520
A64,libero_10,1,31,41,47,41,7,7,1,487
A64,libero_10,1,31,42,25,42,7,7,0,520
A64,libero_10,1,31,43,8,43,7,7,1,462
A64,libero_10,1,31,44,19,44,7,7,0,520
A64,libero_10,1,31,45,9,45,7,7,0,520
A64,libero_10,1,31,46,4,46,7,7,1,365
A64,libero_10,1,31,47,42,47,7,7,0,520
A64,libero_10,1,31,48,10,48,7,7,1,427
A64,libero_10,1,31,49,5,49,7,7,0,520
A64,libero_10,9,39,0,49,0,7,7,0,520
A64,libero_10,9,39,1,6,1,7,7,0,520
A64,libero_10,9,39,2,34,2,7,7,0,520
A64,libero_10,9,39,3,37,3,7,7,0,520
A64,libero_10,9,39,4,21,4,7,7,0,520
A64,libero_10,9,39,5,33,5,7,7,0,520
A64,libero_10,9,39,6,0,6,7,7,0,520
A64,libero_10,9,39,7,45,7,7,7,0,520
A64,libero_10,9,39,8,35,8,7,7,0,520
A64,libero_10,9,39,9,13,9,7,7,0,520
A64,libero_10,9,39,10,38,10,7,7,0,520
A64,libero_10,9,39,11,30,11,7,7,0,520
A64,libero_10,9,39,12,3,12,7,7,0,520
A64,libero_10,9,39,13,42,13,7,7,0,520
A64,libero_10,9,39,14,1,14,7,7,0,520
A64,libero_10,9,39,15,9,15,7,7,0,520
A64,libero_10,9,39,16,2,16,7,7,0,520
A64,libero_10,9,39,17,20,17,7,7,0,520
A64,libero_10,9,39,18,24,18,7,7,0,520
A64,libero_10,9,39,19,48,19,7,7,0,520
A64,libero_10,9,39,20,16,20,7,7,0,520
A64,libero_10,9,39,21,40,21,7,7,0,520
A64,libero_10,9,39,22,43,22,7,7,0,520
A64,libero_10,9,39,23,14,23,7,7,0,520
A64,libero_10,9,39,24,32,24,7,7,0,520
A64,libero_10,9,39,25,17,25,7,7,0,520
A64,libero_10,9,39,26,15,26,7,7,0,520
A64,libero_10,9,39,27,8,27,7,7,0,520
A64,libero_10,9,39,28,26,28,7,7,0,520
A64,libero_10,9,39,29,27,29,7,7,0,520
A64,libero_10,9,39,30,22,30,7,7,0,520
A64,libero_10,9,39,31,12,31,7,7,0,520
A64,libero_10,9,39,32,46,32,7,7,0,520
A64,libero_10,9,39,33,5,33,7,7,0,520
A64,libero_10,9,39,34,47,34,7,7,0,520
A64,libero_10,9,39,35,31,35,7,7,0,520
A64,libero_10,9,39,36,19,36,7,7,0,520
A64,libero_10,9,39,37,44,37,7,7,0,520
A64,libero_10,9,39,38,7,38,7,7,0,520
A64,libero_10,9,39,39,25,39,7,7,0,520
A64,libero_10,9,39,40,4,40,7,7,0,520
A64,libero_10,9,39,41,11,41,7,7,0,520
A64,libero_10,9,39,42,41,42,7,7,0,520
A64,libero_10,9,39,43,18,43,7,7,0,520
A64,libero_10,9,39,44,10,44,7,7,0,520
A64,libero_10,9,39,45,28,45,7,7,0,520
A64,libero_10,9,39,46,23,46,7,7,0,520
A64,libero_10,9,39,47,29,47,7,7,0,520
A64,libero_10,9,39,48,36,48,7,7,0,520
A64,libero_10,9,39,49,39,49,7,7,0,520
AJ_A,libero_spatial,0,0,0,11,,7,7,1,75
AJ_A,libero_spatial,0,0,0,40,,7,7,1,75
AJ_A,libero_spatial,0,0,1,11,,7,7,1,74
AJ_A,libero_spatial,0,0,1,40,,7,7,1,75
AJ_A,libero_spatial,0,0,2,11,,7,7,0,220
AJ_A,libero_spatial,0,0,2,40,,7,7,1,100
AJ_A,libero_spatial,0,0,3,11,,7,7,1,79
AJ_A,libero_spatial,0,0,3,40,,7,7,1,78
AJ_A,libero_object,2,12,0,14,,7,7,1,115
AJ_A,libero_object,2,12,0,25,,7,7,1,117
AJ_A,libero_object,2,12,1,14,,7,7,0,280
AJ_A,libero_object,2,12,1,25,,7,7,0,280
AJ_A,libero_object,2,12,2,14,,7,7,1,112
AJ_A,libero_object,2,12,2,25,,7,7,1,112
AJ_A,libero_object,2,12,3,14,,7,7,0,280
AJ_A,libero_object,2,12,3,25,,7,7,0,280
AJ_A,libero_goal,0,20,0,38,,7,7,0,300
AJ_A,libero_goal,0,20,0,42,,7,7,1,135
AJ_A,libero_goal,0,20,1,38,,7,7,1,134
AJ_A,libero_goal,0,20,1,42,,7,7,1,139
AJ_A,libero_goal,0,20,2,38,,7,7,0,300
AJ_A,libero_goal,0,20,2,42,,7,7,1,161
AJ_A,libero_goal,0,20,3,38,,7,7,1,131
AJ_A,libero_goal,0,20,3,42,,7,7,1,124
AJ_A,libero_10,2,32,0,17,,7,7,1,251
AJ_A,libero_10,2,32,0,43,,7,7,1,261
AJ_A,libero_10,2,32,1,17,,7,7,1,223
AJ_A,libero_10,2,32,1,43,,7,7,1,240
AJ_A,libero_10,2,32,2,17,,7,7,0,520
AJ_A,libero_10,2,32,2,43,,7,7,1,327
AJ_A,libero_10,2,32,3,17,,7,7,1,256
AJ_A,libero_10,2,32,3,43,,7,7,1,367
AJ_J,libero_spatial,0,0,0,11,,7,7,1,71
AJ_J,libero_spatial,0,0,0,40,,7,7,1,74
AJ_J,libero_spatial,0,0,1,11,,7,7,1,75
AJ_J,libero_spatial,0,0,1,40,,7,7,1,75
AJ_J,libero_spatial,0,0,2,11,,7,7,0,220
AJ_J,libero_spatial,0,0,2,40,,7,7,0,220
AJ_J,libero_spatial,0,0,3,11,,7,7,1,79
AJ_J,libero_spatial,0,0,3,40,,7,7,1,83
AJ_J,libero_object,2,12,0,14,,7,7,1,179
AJ_J,libero_object,2,12,0,25,,7,7,1,221
AJ_J,libero_object,2,12,1,14,,7,7,0,280
AJ_J,libero_object,2,12,1,25,,7,7,0,280
AJ_J,libero_object,2,12,2,14,,7,7,1,117
AJ_J,libero_object,2,12,2,25,,7,7,1,117
AJ_J,libero_object,2,12,3,14,,7,7,0,280
AJ_J,libero_object,2,12,3,25,,7,7,0,280
AJ_J,libero_goal,0,20,0,38,,7,7,1,247
AJ_J,libero_goal,0,20,0,42,,7,7,1,138
AJ_J,libero_goal,0,20,1,38,,7,7,0,300
AJ_J,libero_goal,0,20,1,42,,7,7,1,122
AJ_J,libero_goal,0,20,2,38,,7,7,1,229
AJ_J,libero_goal,0,20,2,42,,7,7,0,300
AJ_J,libero_goal,0,20,3,38,,7,7,1,168
AJ_J,libero_goal,0,20,3,42,,7,7,1,125
AJ_J,libero_10,2,32,0,17,,7,7,1,340
AJ_J,libero_10,2,32,0,43,,7,7,1,266
AJ_J,libero_10,2,32,1,17,,7,7,1,261
AJ_J,libero_10,2,32,1,43,,7,7,1,338
AJ_J,libero_10,2,32,2,17,,7,7,0,520
AJ_J,libero_10,2,32,2,43,,7,7,0,520
AJ_J,libero_10,2,32,3,17,,7,7,1,287
AJ_J,libero_10,2,32,3,43,,7,7,1,349
AJ_parent,libero_spatial,0,0,0,11,,7,7,1,78
AJ_parent,libero_spatial,0,0,0,40,,7,7,1,78
AJ_parent,libero_spatial,0,0,1,11,,7,7,1,79
AJ_parent,libero_spatial,0,0,1,40,,7,7,1,75
AJ_parent,libero_spatial,0,0,2,11,,7,7,1,98
AJ_parent,libero_spatial,0,0,2,40,,7,7,1,99
AJ_parent,libero_spatial,0,0,3,11,,7,7,1,80
AJ_parent,libero_spatial,0,0,3,40,,7,7,1,82
AJ_parent,libero_object,2,12,0,14,,7,7,0,280
AJ_parent,libero_object,2,12,0,25,,7,7,0,280
AJ_parent,libero_object,2,12,1,14,,7,7,0,280
AJ_parent,libero_object,2,12,1,25,,7,7,0,280
AJ_parent,libero_object,2,12,2,14,,7,7,1,112
AJ_parent,libero_object,2,12,2,25,,7,7,1,112
AJ_parent,libero_object,2,12,3,14,,7,7,0,280
AJ_parent,libero_object,2,12,3,25,,7,7,0,280
AJ_parent,libero_goal,0,20,0,38,,7,7,0,300
AJ_parent,libero_goal,0,20,0,42,,7,7,0,300
AJ_parent,libero_goal,0,20,1,38,,7,7,0,300
AJ_parent,libero_goal,0,20,1,42,,7,7,0,300
AJ_parent,libero_goal,0,20,2,38,,7,7,1,155
AJ_parent,libero_goal,0,20,2,42,,7,7,1,159
AJ_parent,libero_goal,0,20,3,38,,7,7,0,300
AJ_parent,libero_goal,0,20,3,42,,7,7,0,300
AJ_parent,libero_10,2,32,0,17,,7,7,0,520
AJ_parent,libero_10,2,32,0,43,,7,7,0,520
AJ_parent,libero_10,2,32,1,17,,7,7,0,520
AJ_parent,libero_10,2,32,1,43,,7,7,0,520
AJ_parent,libero_10,2,32,2,17,,7,7,1,277
AJ_parent,libero_10,2,32,2,43,,7,7,0,520
AJ_parent,libero_10,2,32,3,17,,7,7,0,520
AJ_parent,libero_10,2,32,3,43,,7,7,0,520
C450,libero_spatial,3,3,0,24,0,7,7,1,89
C450,libero_spatial,3,3,1,13,1,7,7,1,113
C450,libero_spatial,3,3,2,5,2,7,7,0,220
C450,libero_spatial,3,3,3,47,3,7,7,1,77
C450,libero_spatial,3,3,4,28,4,7,7,0,220
C450,libero_spatial,3,3,5,3,5,7,7,1,105
C450,libero_spatial,3,3,6,45,6,7,7,1,159
C450,libero_spatial,3,3,7,29,7,7,7,1,129
C450,libero_spatial,3,3,8,38,8,7,7,0,220
C450,libero_spatial,3,3,9,25,9,7,7,1,93
C450,libero_spatial,3,3,10,22,10,7,7,1,110
C450,libero_spatial,3,3,11,14,11,7,7,1,154
C450,libero_spatial,3,3,12,15,12,7,7,0,220
C450,libero_spatial,3,3,13,9,13,7,7,1,97
C450,libero_spatial,3,3,14,7,14,7,7,1,93
C450,libero_spatial,3,3,15,36,15,7,7,1,78
C450,libero_spatial,3,3,16,39,16,7,7,0,220
C450,libero_spatial,3,3,17,26,17,7,7,1,88
C450,libero_spatial,3,3,18,42,18,7,7,1,101
C450,libero_spatial,3,3,19,12,19,7,7,1,123
C450,libero_spatial,3,3,20,8,20,7,7,1,175
C450,libero_spatial,3,3,21,4,21,7,7,0,220
C450,libero_spatial,3,3,22,46,22,7,7,1,100
C450,libero_spatial,3,3,23,49,23,7,7,1,96
C450,libero_spatial,3,3,24,27,24,7,7,1,103
C450,libero_spatial,3,3,25,40,25,7,7,1,99
C450,libero_spatial,3,3,26,31,26,7,7,1,99
C450,libero_spatial,3,3,27,21,27,7,7,0,220
C450,libero_spatial,3,3,28,10,28,7,7,0,220
C450,libero_spatial,3,3,29,17,29,7,7,1,91
C450,libero_spatial,3,3,30,30,30,7,7,1,103
C450,libero_spatial,3,3,31,32,31,7,7,0,220
C450,libero_spatial,3,3,32,6,32,7,7,1,76
C450,libero_spatial,3,3,33,34,33,7,7,1,112
C450,libero_spatial,3,3,34,41,34,7,7,1,95
C450,libero_spatial,3,3,35,16,35,7,7,1,200
C450,libero_spatial,3,3,36,20,36,7,7,1,93
C450,libero_spatial,3,3,37,1,37,7,7,1,110
C450,libero_spatial,3,3,38,23,38,7,7,1,92
C450,libero_spatial,3,3,39,48,39,7,7,1,87
C450,libero_spatial,3,3,40,43,40,7,7,1,96
C450,libero_spatial,3,3,41,11,41,7,7,0,220
C450,libero_spatial,3,3,42,33,42,7,7,1,99
C450,libero_spatial,3,3,43,44,43,7,7,0,220
C450,libero_spatial,3,3,44,37,44,7,7,0,220
C450,libero_spatial,3,3,45,35,45,7,7,1,143
C450,libero_spatial,3,3,46,19,46,7,7,1,115
C450,libero_spatial,3,3,47,18,47,7,7,0,220
C450,libero_spatial,3,3,48,2,48,7,7,1,77
C450,libero_spatial,3,3,49,0,49,7,7,1,88
C450,libero_spatial,6,6,0,34,0,7,7,0,220
C450,libero_spatial,6,6,1,27,1,7,7,0,220
C450,libero_spatial,6,6,2,16,2,7,7,0,220
C450,libero_spatial,6,6,3,49,3,7,7,0,220
C450,libero_spatial,6,6,4,14,4,7,7,0,220
C450,libero_spatial,6,6,5,40,5,7,7,0,220
C450,libero_spatial,6,6,6,39,6,7,7,1,124
C450,libero_spatial,6,6,7,23,7,7,7,0,220
C450,libero_spatial,6,6,8,22,8,7,7,0,220
C450,libero_spatial,6,6,9,28,9,7,7,0,220
C450,libero_spatial,6,6,10,37,10,7,7,0,220
C450,libero_spatial,6,6,11,25,11,7,7,0,220
C450,libero_spatial,6,6,12,46,12,7,7,0,220
C450,libero_spatial,6,6,13,35,13,7,7,0,220
C450,libero_spatial,6,6,14,10,14,7,7,0,220
C450,libero_spatial,6,6,15,8,15,7,7,0,220
C450,libero_spatial,6,6,16,41,16,7,7,0,220
C450,libero_spatial,6,6,17,43,17,7,7,0,220
C450,libero_spatial,6,6,18,48,18,7,7,1,115
C450,libero_spatial,6,6,19,36,19,7,7,0,220
C450,libero_spatial,6,6,20,26,20,7,7,1,127
C450,libero_spatial,6,6,21,31,21,7,7,0,220
C450,libero_spatial,6,6,22,20,22,7,7,0,220
C450,libero_spatial,6,6,23,13,23,7,7,0,220
C450,libero_spatial,6,6,24,44,24,7,7,0,220
C450,libero_spatial,6,6,25,32,25,7,7,0,220
C450,libero_spatial,6,6,26,18,26,7,7,1,114
C450,libero_spatial,6,6,27,19,27,7,7,0,220
C450,libero_spatial,6,6,28,2,28,7,7,0,220
C450,libero_spatial,6,6,29,47,29,7,7,0,220
C450,libero_spatial,6,6,30,9,30,7,7,0,220
C450,libero_spatial,6,6,31,0,31,7,7,0,220
C450,libero_spatial,6,6,32,38,32,7,7,0,220
C450,libero_spatial,6,6,33,7,33,7,7,0,220
C450,libero_spatial,6,6,34,17,34,7,7,0,220
C450,libero_spatial,6,6,35,24,35,7,7,0,220
C450,libero_spatial,6,6,36,30,36,7,7,0,220
C450,libero_spatial,6,6,37,11,37,7,7,1,132
C450,libero_spatial,6,6,38,33,38,7,7,0,220
C450,libero_spatial,6,6,39,4,39,7,7,0,220
C450,libero_spatial,6,6,40,6,40,7,7,0,220
C450,libero_spatial,6,6,41,15,41,7,7,0,220
C450,libero_spatial,6,6,42,45,42,7,7,0,220
C450,libero_spatial,6,6,43,3,43,7,7,0,220
C450,libero_spatial,6,6,44,29,44,7,7,0,220
C450,libero_spatial,6,6,45,12,45,7,7,0,220
C450,libero_spatial,6,6,46,21,46,7,7,0,220
C450,libero_spatial,6,6,47,1,47,7,7,1,133
C450,libero_spatial,6,6,48,5,48,7,7,0,220
C450,libero_spatial,6,6,49,42,49,7,7,0,220
C450,libero_object,1,11,0,22,0,7,7,0,280
C450,libero_object,1,11,1,0,1,7,7,0,280
C450,libero_object,1,11,2,33,2,7,7,1,209
C450,libero_object,1,11,3,35,3,7,7,1,141
C450,libero_object,1,11,4,7,4,7,7,1,138
C450,libero_object,1,11,5,11,5,7,7,1,133
C450,libero_object,1,11,6,15,6,7,7,1,134
C450,libero_object,1,11,7,44,7,7,7,1,142
C450,libero_object,1,11,8,5,8,7,7,1,162
C450,libero_object,1,11,9,17,9,7,7,1,184
C450,libero_object,1,11,10,3,10,7,7,0,280
C450,libero_object,1,11,11,32,11,7,7,1,218
C450,libero_object,1,11,12,21,12,7,7,0,280
C450,libero_object,1,11,13,39,13,7,7,1,192
C450,libero_object,1,11,14,41,14,7,7,0,280
C450,libero_object,1,11,15,2,15,7,7,1,215
C450,libero_object,1,11,16,31,16,7,7,1,153
C450,libero_object,1,11,17,23,17,7,7,1,189
C450,libero_object,1,11,18,42,18,7,7,0,280
C450,libero_object,1,11,19,18,19,7,7,1,236
C450,libero_object,1,11,20,37,20,7,7,0,280
C450,libero_object,1,11,21,26,21,7,7,0,280
C450,libero_object,1,11,22,19,22,7,7,1,140
C450,libero_object,1,11,23,9,23,7,7,1,139
C450,libero_object,1,11,24,10,24,7,7,1,118
C450,libero_object,1,11,25,49,25,7,7,1,138
C450,libero_object,1,11,26,48,26,7,7,1,133
C450,libero_object,1,11,27,14,27,7,7,1,125
C450,libero_object,1,11,28,6,28,7,7,0,280
C450,libero_object,1,11,29,13,29,7,7,1,139
C450,libero_object,1,11,30,24,30,7,7,0,280
C450,libero_object,1,11,31,16,31,7,7,0,280
C450,libero_object,1,11,32,40,32,7,7,1,173
C450,libero_object,1,11,33,20,33,7,7,0,280
C450,libero_object,1,11,34,25,34,7,7,1,143
C450,libero_object,1,11,35,47,35,7,7,1,148
C450,libero_object,1,11,36,4,36,7,7,0,280
C450,libero_object,1,11,37,1,37,7,7,1,178
C450,libero_object,1,11,38,38,38,7,7,0,280
C450,libero_object,1,11,39,36,39,7,7,1,132
C450,libero_object,1,11,40,27,40,7,7,1,154
C450,libero_object,1,11,41,12,41,7,7,1,136
C450,libero_object,1,11,42,46,42,7,7,1,127
C450,libero_object,1,11,43,29,43,7,7,1,174
C450,libero_object,1,11,44,43,44,7,7,1,141
C450,libero_object,1,11,45,8,45,7,7,1,141
C450,libero_object,1,11,46,45,46,7,7,1,115
C450,libero_object,1,11,47,34,47,7,7,1,139
C450,libero_object,1,11,48,28,48,7,7,0,280
C450,libero_object,1,11,49,30,49,7,7,0,280
C450,libero_object,6,16,0,47,0,7,7,0,280
C450,libero_object,6,16,1,33,1,7,7,0,280
C450,libero_object,6,16,2,28,2,7,7,0,280
C450,libero_object,6,16,3,46,3,7,7,0,280
C450,libero_object,6,16,4,32,4,7,7,0,280
C450,libero_object,6,16,5,1,5,7,7,0,280
C450,libero_object,6,16,6,24,6,7,7,0,280
C450,libero_object,6,16,7,43,7,7,7,0,280
C450,libero_object,6,16,8,39,8,7,7,0,280
C450,libero_object,6,16,9,42,9,7,7,0,280
C450,libero_object,6,16,10,49,10,7,7,0,280
C450,libero_object,6,16,11,5,11,7,7,0,280
C450,libero_object,6,16,12,25,12,7,7,0,280
C450,libero_object,6,16,13,37,13,7,7,0,280
C450,libero_object,6,16,14,31,14,7,7,0,280
C450,libero_object,6,16,15,15,15,7,7,0,280
C450,libero_object,6,16,16,26,16,7,7,0,280
C450,libero_object,6,16,17,19,17,7,7,0,280
C450,libero_object,6,16,18,17,18,7,7,0,280
C450,libero_object,6,16,19,23,19,7,7,0,280
C450,libero_object,6,16,20,34,20,7,7,0,280
C450,libero_object,6,16,21,4,21,7,7,0,280
C450,libero_object,6,16,22,35,22,7,7,0,280
C450,libero_object,6,16,23,6,23,7,7,0,280
C450,libero_object,6,16,24,36,24,7,7,0,280
C450,libero_object,6,16,25,8,25,7,7,0,280
C450,libero_object,6,16,26,44,26,7,7,0,280
C450,libero_object,6,16,27,0,27,7,7,0,280
C450,libero_object,6,16,28,3,28,7,7,0,280
C450,libero_object,6,16,29,30,29,7,7,0,280
C450,libero_object,6,16,30,29,30,7,7,0,280
C450,libero_object,6,16,31,41,31,7,7,0,280
C450,libero_object,6,16,32,13,32,7,7,0,280
C450,libero_object,6,16,33,18,33,7,7,0,280
C450,libero_object,6,16,34,21,34,7,7,0,280
C450,libero_object,6,16,35,2,35,7,7,0,280
C450,libero_object,6,16,36,38,36,7,7,0,280
C450,libero_object,6,16,37,10,37,7,7,0,280
C450,libero_object,6,16,38,48,38,7,7,0,280
C450,libero_object,6,16,39,11,39,7,7,0,280
C450,libero_object,6,16,40,16,40,7,7,0,280
C450,libero_object,6,16,41,12,41,7,7,0,280
C450,libero_object,6,16,42,27,42,7,7,0,280
C450,libero_object,6,16,43,9,43,7,7,0,280
C450,libero_object,6,16,44,14,44,7,7,0,280
C450,libero_object,6,16,45,20,45,7,7,0,280
C450,libero_object,6,16,46,40,46,7,7,0,280
C450,libero_object,6,16,47,7,47,7,7,0,280
C450,libero_object,6,16,48,22,48,7,7,0,280
C450,libero_object,6,16,49,45,49,7,7,0,280
C450,libero_goal,3,23,0,30,0,7,7,0,300
C450,libero_goal,3,23,1,46,1,7,7,0,300
C450,libero_goal,3,23,2,40,2,7,7,0,300
C450,libero_goal,3,23,3,38,3,7,7,0,300
C450,libero_goal,3,23,4,17,4,7,7,0,300
C450,libero_goal,3,23,5,4,5,7,7,0,300
C450,libero_goal,3,23,6,1,6,7,7,0,300
C450,libero_goal,3,23,7,36,7,7,7,0,300
C450,libero_goal,3,23,8,20,8,7,7,0,300
C450,libero_goal,3,23,9,43,9,7,7,0,300
C450,libero_goal,3,23,10,0,10,7,7,0,300
C450,libero_goal,3,23,11,8,11,7,7,0,300
C450,libero_goal,3,23,12,18,12,7,7,0,300
C450,libero_goal,3,23,13,29,13,7,7,0,300
C450,libero_goal,3,23,14,12,14,7,7,0,300
C450,libero_goal,3,23,15,33,15,7,7,0,300
C450,libero_goal,3,23,16,39,16,7,7,0,300
C450,libero_goal,3,23,17,26,17,7,7,0,300
C450,libero_goal,3,23,18,23,18,7,7,0,300
C450,libero_goal,3,23,19,7,19,7,7,0,300
C450,libero_goal,3,23,20,9,20,7,7,0,300
C450,libero_goal,3,23,21,11,21,7,7,0,300
C450,libero_goal,3,23,22,3,22,7,7,0,300
C450,libero_goal,3,23,23,31,23,7,7,0,300
C450,libero_goal,3,23,24,45,24,7,7,0,300
C450,libero_goal,3,23,25,44,25,7,7,0,300
C450,libero_goal,3,23,26,27,26,7,7,0,300
C450,libero_goal,3,23,27,42,27,7,7,0,300
C450,libero_goal,3,23,28,10,28,7,7,0,300
C450,libero_goal,3,23,29,2,29,7,7,0,300
C450,libero_goal,3,23,30,34,30,7,7,0,300
C450,libero_goal,3,23,31,13,31,7,7,0,300
C450,libero_goal,3,23,32,25,32,7,7,0,300
C450,libero_goal,3,23,33,47,33,7,7,0,300
C450,libero_goal,3,23,34,37,34,7,7,0,300
C450,libero_goal,3,23,35,28,35,7,7,0,300
C450,libero_goal,3,23,36,21,36,7,7,0,300
C450,libero_goal,3,23,37,49,37,7,7,0,300
C450,libero_goal,3,23,38,16,38,7,7,0,300
C450,libero_goal,3,23,39,35,39,7,7,0,300
C450,libero_goal,3,23,40,19,40,7,7,0,300
C450,libero_goal,3,23,41,15,41,7,7,0,300
C450,libero_goal,3,23,42,41,42,7,7,0,300
C450,libero_goal,3,23,43,48,43,7,7,0,300
C450,libero_goal,3,23,44,5,44,7,7,0,300
C450,libero_goal,3,23,45,6,45,7,7,0,300
C450,libero_goal,3,23,46,32,46,7,7,0,300
C450,libero_goal,3,23,47,22,47,7,7,0,300
C450,libero_goal,3,23,48,14,48,7,7,0,300
C450,libero_goal,3,23,49,24,49,7,7,0,300
C450,libero_goal,6,26,0,29,0,7,7,1,97
C450,libero_goal,6,26,1,8,1,7,7,1,106
C450,libero_goal,6,26,2,11,2,7,7,1,97
C450,libero_goal,6,26,3,30,3,7,7,1,96
C450,libero_goal,6,26,4,38,4,7,7,1,84
C450,libero_goal,6,26,5,37,5,7,7,0,300
C450,libero_goal,6,26,6,45,6,7,7,1,111
C450,libero_goal,6,26,7,24,7,7,7,1,89
C450,libero_goal,6,26,8,39,8,7,7,1,99
C450,libero_goal,6,26,9,18,9,7,7,1,99
C450,libero_goal,6,26,10,23,10,7,7,0,300
C450,libero_goal,6,26,11,6,11,7,7,1,172
C450,libero_goal,6,26,12,5,12,7,7,0,300
C450,libero_goal,6,26,13,19,13,7,7,0,300
C450,libero_goal,6,26,14,17,14,7,7,1,91
C450,libero_goal,6,26,15,20,15,7,7,1,96
C450,libero_goal,6,26,16,4,16,7,7,1,96
C450,libero_goal,6,26,17,2,17,7,7,1,99
C450,libero_goal,6,26,18,1,18,7,7,1,83
C450,libero_goal,6,26,19,43,19,7,7,1,105
C450,libero_goal,6,26,20,28,20,7,7,1,97
C450,libero_goal,6,26,21,7,21,7,7,1,102
C450,libero_goal,6,26,22,3,22,7,7,0,300
C450,libero_goal,6,26,23,21,23,7,7,0,300
C450,libero_goal,6,26,24,25,24,7,7,1,147
C450,libero_goal,6,26,25,9,25,7,7,1,79
C450,libero_goal,6,26,26,42,26,7,7,1,114
C450,libero_goal,6,26,27,27,27,7,7,1,91
C450,libero_goal,6,26,28,48,28,7,7,1,95
C450,libero_goal,6,26,29,33,29,7,7,1,97
C450,libero_goal,6,26,30,35,30,7,7,0,300
C450,libero_goal,6,26,31,47,31,7,7,1,96
C450,libero_goal,6,26,32,49,32,7,7,1,110
C450,libero_goal,6,26,33,34,33,7,7,1,87
C450,libero_goal,6,26,34,16,34,7,7,1,92
C450,libero_goal,6,26,35,36,35,7,7,0,300
C450,libero_goal,6,26,36,44,36,7,7,1,93
C450,libero_goal,6,26,37,13,37,7,7,0,300
C450,libero_goal,6,26,38,40,38,7,7,1,92
C450,libero_goal,6,26,39,15,39,7,7,0,300
C450,libero_goal,6,26,40,32,40,7,7,0,300
C450,libero_goal,6,26,41,14,41,7,7,1,97
C450,libero_goal,6,26,42,31,42,7,7,1,86
C450,libero_goal,6,26,43,46,43,7,7,1,104
C450,libero_goal,6,26,44,10,44,7,7,0,300
C450,libero_goal,6,26,45,12,45,7,7,1,95
C450,libero_goal,6,26,46,22,46,7,7,1,107
C450,libero_goal,6,26,47,41,47,7,7,0,300
C450,libero_goal,6,26,48,0,48,7,7,0,300
C450,libero_goal,6,26,49,26,49,7,7,1,103
C450,libero_10,1,31,0,20,0,7,7,1,348
C450,libero_10,1,31,1,45,1,7,7,0,520
C450,libero_10,1,31,2,46,2,7,7,0,520
C450,libero_10,1,31,3,44,3,7,7,0,520
C450,libero_10,1,31,4,7,4,7,7,0,520
C450,libero_10,1,31,5,0,5,7,7,1,331
C450,libero_10,1,31,6,12,6,7,7,1,429
C450,libero_10,1,31,7,39,7,7,7,0,520
C450,libero_10,1,31,8,37,8,7,7,0,520
C450,libero_10,1,31,9,26,9,7,7,1,422
C450,libero_10,1,31,10,18,10,7,7,1,326
C450,libero_10,1,31,11,23,11,7,7,1,287
C450,libero_10,1,31,12,27,12,7,7,1,298
C450,libero_10,1,31,13,2,13,7,7,1,327
C450,libero_10,1,31,14,17,14,7,7,0,520
C450,libero_10,1,31,15,1,15,7,7,0,520
C450,libero_10,1,31,16,28,16,7,7,1,301
C450,libero_10,1,31,17,30,17,7,7,0,520
C450,libero_10,1,31,18,41,18,7,7,1,348
C450,libero_10,1,31,19,35,19,7,7,1,337
C450,libero_10,1,31,20,33,20,7,7,1,284
C450,libero_10,1,31,21,40,21,7,7,0,520
C450,libero_10,1,31,22,22,22,7,7,0,520
C450,libero_10,1,31,23,15,23,7,7,1,382
C450,libero_10,1,31,24,38,24,7,7,0,520
C450,libero_10,1,31,25,32,25,7,7,1,368
C450,libero_10,1,31,26,31,26,7,7,0,520
C450,libero_10,1,31,27,16,27,7,7,1,332
C450,libero_10,1,31,28,21,28,7,7,0,520
C450,libero_10,1,31,29,14,29,7,7,0,520
C450,libero_10,1,31,30,49,30,7,7,0,520
C450,libero_10,1,31,31,3,31,7,7,1,425
C450,libero_10,1,31,32,24,32,7,7,0,520
C450,libero_10,1,31,33,6,33,7,7,0,520
C450,libero_10,1,31,34,34,34,7,7,1,302
C450,libero_10,1,31,35,29,35,7,7,0,520
C450,libero_10,1,31,36,11,36,7,7,1,445
C450,libero_10,1,31,37,48,37,7,7,1,283
C450,libero_10,1,31,38,36,38,7,7,1,347
C450,libero_10,1,31,39,43,39,7,7,0,520
C450,libero_10,1,31,40,13,40,7,7,0,520
C450,libero_10,1,31,41,47,41,7,7,1,353
C450,libero_10,1,31,42,25,42,7,7,0,520
C450,libero_10,1,31,43,8,43,7,7,0,520
C450,libero_10,1,31,44,19,44,7,7,1,385
C450,libero_10,1,31,45,9,45,7,7,0,520
C450,libero_10,1,31,46,4,46,7,7,1,472
C450,libero_10,1,31,47,42,47,7,7,0,520
C450,libero_10,1,31,48,10,48,7,7,1,304
C450,libero_10,1,31,49,5,49,7,7,0,520
C450,libero_10,9,39,0,49,0,7,7,0,520
C450,libero_10,9,39,1,6,1,7,7,0,520
C450,libero_10,9,39,2,34,2,7,7,0,520
C450,libero_10,9,39,3,37,3,7,7,0,520
C450,libero_10,9,39,4,21,4,7,7,0,520
C450,libero_10,9,39,5,33,5,7,7,0,520
C450,libero_10,9,39,6,0,6,7,7,0,520
C450,libero_10,9,39,7,45,7,7,7,0,520
C450,libero_10,9,39,8,35,8,7,7,0,520
C450,libero_10,9,39,9,13,9,7,7,0,520
C450,libero_10,9,39,10,38,10,7,7,0,520
C450,libero_10,9,39,11,30,11,7,7,0,520
C450,libero_10,9,39,12,3,12,7,7,0,520
C450,libero_10,9,39,13,42,13,7,7,0,520
C450,libero_10,9,39,14,1,14,7,7,0,520
C450,libero_10,9,39,15,9,15,7,7,0,520
C450,libero_10,9,39,16,2,16,7,7,0,520
C450,libero_10,9,39,17,20,17,7,7,0,520
C450,libero_10,9,39,18,24,18,7,7,0,520
C450,libero_10,9,39,19,48,19,7,7,0,520
C450,libero_10,9,39,20,16,20,7,7,0,520
C450,libero_10,9,39,21,40,21,7,7,0,520
C450,libero_10,9,39,22,43,22,7,7,0,520
C450,libero_10,9,39,23,14,23,7,7,0,520
C450,libero_10,9,39,24,32,24,7,7,0,520
C450,libero_10,9,39,25,17,25,7,7,0,520
C450,libero_10,9,39,26,15,26,7,7,0,520
C450,libero_10,9,39,27,8,27,7,7,0,520
C450,libero_10,9,39,28,26,28,7,7,0,520
C450,libero_10,9,39,29,27,29,7,7,0,520
C450,libero_10,9,39,30,22,30,7,7,0,520
C450,libero_10,9,39,31,12,31,7,7,0,520
C450,libero_10,9,39,32,46,32,7,7,0,520
C450,libero_10,9,39,33,5,33,7,7,0,520
C450,libero_10,9,39,34,47,34,7,7,0,520
C450,libero_10,9,39,35,31,35,7,7,0,520
C450,libero_10,9,39,36,19,36,7,7,0,520
C450,libero_10,9,39,37,44,37,7,7,0,520
C450,libero_10,9,39,38,7,38,7,7,0,520
C450,libero_10,9,39,39,25,39,7,7,0,520
C450,libero_10,9,39,40,4,40,7,7,0,520
C450,libero_10,9,39,41,11,41,7,7,0,520
C450,libero_10,9,39,42,41,42,7,7,0,520
C450,libero_10,9,39,43,18,43,7,7,0,520
C450,libero_10,9,39,44,10,44,7,7,0,520
C450,libero_10,9,39,45,28,45,7,7,0,520
C450,libero_10,9,39,46,23,46,7,7,0,520
C450,libero_10,9,39,47,29,47,7,7,0,520
C450,libero_10,9,39,48,36,48,7,7,0,520
C450,libero_10,9,39,49,39,49,7,7,0,520
C450_seen,libero_spatial,0,0,32,37,32,7,7,0,220
C450_seen,libero_spatial,0,0,33,24,33,7,7,0,220
C450_seen,libero_spatial,0,0,34,41,34,7,7,1,77
C450_seen,libero_spatial,0,0,35,44,35,7,7,1,77
C450_seen,libero_spatial,1,1,32,11,32,7,7,0,220
C450_seen,libero_spatial,1,1,33,47,33,7,7,0,220
C450_seen,libero_spatial,1,1,34,0,34,7,7,0,220
C450_seen,libero_spatial,1,1,35,4,35,7,7,0,220
C450_seen,libero_spatial,2,2,32,12,32,7,7,1,95
C450_seen,libero_spatial,2,2,33,39,33,7,7,1,181
C450_seen,libero_spatial,2,2,34,19,34,7,7,1,97
C450_seen,libero_spatial,2,2,35,15,35,7,7,1,97
C450_seen,libero_spatial,4,4,32,28,32,7,7,0,220
C450_seen,libero_spatial,4,4,33,8,33,7,7,0,220
C450_seen,libero_spatial,4,4,34,0,34,7,7,0,220
C450_seen,libero_spatial,4,4,35,30,35,7,7,0,220
C450_seen,libero_spatial,5,5,32,44,32,7,7,0,220
C450_seen,libero_spatial,5,5,33,9,33,7,7,0,220
C450_seen,libero_spatial,5,5,34,46,34,7,7,0,220
C450_seen,libero_spatial,5,5,35,1,35,7,7,1,121
C450_seen,libero_spatial,7,7,32,12,32,7,7,0,220
C450_seen,libero_spatial,7,7,33,13,33,7,7,0,220
C450_seen,libero_spatial,7,7,34,8,34,7,7,1,160
C450_seen,libero_spatial,7,7,35,18,35,7,7,1,133
C450_seen,libero_object,2,12,32,23,32,7,7,0,280
C450_seen,libero_object,2,12,33,0,33,7,7,1,143
C450_seen,libero_object,2,12,34,30,34,7,7,1,146
C450_seen,libero_object,2,12,35,24,35,7,7,1,121
C450_seen,libero_object,3,13,32,15,32,7,7,1,225
C450_seen,libero_object,3,13,33,8,33,7,7,1,181
C450_seen,libero_object,3,13,34,31,34,7,7,0,280
C450_seen,libero_object,3,13,35,30,35,7,7,1,125
C450_seen,libero_object,4,14,32,7,32,7,7,1,161
C450_seen,libero_object,4,14,33,24,33,7,7,1,180
C450_seen,libero_object,4,14,34,48,34,7,7,1,147
C450_seen,libero_object,4,14,35,12,35,7,7,1,225
C450_seen,libero_object,5,15,32,14,32,7,7,1,272
C450_seen,libero_object,5,15,33,15,33,7,7,1,167
C450_seen,libero_object,5,15,34,33,34,7,7,0,280
C450_seen,libero_object,5,15,35,46,35,7,7,1,121
C450_seen,libero_object,7,17,32,16,32,7,7,0,280
C450_seen,libero_object,7,17,33,44,33,7,7,1,130
C450_seen,libero_object,7,17,34,31,34,7,7,0,280
C450_seen,libero_object,7,17,35,30,35,7,7,0,280
C450_seen,libero_object,9,19,32,23,32,7,7,1,175
C450_seen,libero_object,9,19,33,7,33,7,7,1,105
C450_seen,libero_object,9,19,34,49,34,7,7,1,120
C450_seen,libero_object,9,19,35,20,35,7,7,1,123
C450_seen,libero_goal,0,20,32,34,32,7,7,0,300
C450_seen,libero_goal,0,20,33,39,33,7,7,0,300
C450_seen,libero_goal,0,20,34,47,34,7,7,1,237
C450_seen,libero_goal,0,20,35,27,35,7,7,0,300
C450_seen,libero_goal,1,21,32,28,32,7,7,0,300
C450_seen,libero_goal,1,21,33,48,33,7,7,1,81
C450_seen,libero_goal,1,21,34,13,34,7,7,1,153
C450_seen,libero_goal,1,21,35,22,35,7,7,1,80
C450_seen,libero_goal,2,22,32,33,32,7,7,1,104
C450_seen,libero_goal,2,22,33,4,33,7,7,1,154
C450_seen,libero_goal,2,22,34,44,34,7,7,1,108
C450_seen,libero_goal,2,22,35,41,35,7,7,0,300
C450_seen,libero_goal,5,25,32,35,32,7,7,0,300
C450_seen,libero_goal,5,25,33,40,33,7,7,0,300
C450_seen,libero_goal,5,25,34,2,34,7,7,0,300
C450_seen,libero_goal,5,25,35,16,35,7,7,0,300
C450_seen,libero_goal,8,28,32,16,32,7,7,1,91
C450_seen,libero_goal,8,28,33,7,33,7,7,1,87
C450_seen,libero_goal,8,28,34,43,34,7,7,1,78
C450_seen,libero_goal,8,28,35,38,35,7,7,1,79
C450_seen,libero_goal,9,29,32,15,32,7,7,0,300
C450_seen,libero_goal,9,29,33,0,33,7,7,0,300
C450_seen,libero_goal,9,29,34,14,34,7,7,0,300
C450_seen,libero_goal,9,29,35,16,35,7,7,0,300
C450_seen,libero_10,2,32,32,38,32,7,7,0,520
C450_seen,libero_10,2,32,33,29,33,7,7,0,520
C450_seen,libero_10,2,32,34,39,34,7,7,0,520
C450_seen,libero_10,2,32,35,16,35,7,7,1,421
C450_seen,libero_10,4,34,32,36,32,7,7,1,281
C450_seen,libero_10,4,34,33,33,33,7,7,1,233
C450_seen,libero_10,4,34,34,38,34,7,7,1,357
C450_seen,libero_10,4,34,35,1,35,7,7,0,520
C450_seen,libero_10,5,35,32,33,32,7,7,1,195
C450_seen,libero_10,5,35,33,44,33,7,7,0,520
C450_seen,libero_10,5,35,34,21,34,7,7,1,291
C450_seen,libero_10,5,35,35,25,35,7,7,1,174
C450_seen,libero_10,6,36,32,41,32,7,7,0,520
C450_seen,libero_10,6,36,33,40,33,7,7,0,520
C450_seen,libero_10,6,36,34,49,34,7,7,0,520
C450_seen,libero_10,6,36,35,43,35,7,7,0,520
C450_seen,libero_10,7,37,32,19,32,7,7,0,520
C450_seen,libero_10,7,37,33,13,33,7,7,0,520
C450_seen,libero_10,7,37,34,8,34,7,7,0,520
C450_seen,libero_10,7,37,35,25,35,7,7,0,520
C450_seen,libero_10,8,38,32,46,32,7,7,0,520
C450_seen,libero_10,8,38,33,13,33,7,7,0,520
C450_seen,libero_10,8,38,34,23,34,7,7,0,520
C450_seen,libero_10,8,38,35,20,35,7,7,0,520
C450_seen,libero_90,2,42,32,30,32,7,7,1,99
C450_seen,libero_90,2,42,33,14,33,7,7,1,102
C450_seen,libero_90,2,42,34,43,34,7,7,1,121
C450_seen,libero_90,2,42,35,9,35,7,7,1,162
C450_seen,libero_90,3,43,32,18,32,7,7,1,185
C450_seen,libero_90,3,43,33,38,33,7,7,1,173
C450_seen,libero_90,3,43,34,4,34,7,7,1,187
C450_seen,libero_90,3,43,35,49,35,7,7,0,400
C450_seen,libero_90,11,51,32,17,32,7,7,1,70
C450_seen,libero_90,11,51,33,22,33,7,7,1,64
C450_seen,libero_90,11,51,34,19,34,7,7,1,61
C450_seen,libero_90,11,51,35,14,35,7,7,1,66
C450_seen,libero_90,15,55,32,25,32,7,7,1,147
C450_seen,libero_90,15,55,33,5,33,7,7,1,138
C450_seen,libero_90,15,55,34,32,34,7,7,1,130
C450_seen,libero_90,15,55,35,1,35,7,7,1,120
C450_seen,libero_90,16,56,32,4,32,7,7,1,112
C450_seen,libero_90,16,56,33,47,33,7,7,1,161
C450_seen,libero_90,16,56,34,30,34,7,7,1,120
C450_seen,libero_90,16,56,35,24,35,7,7,1,105
C450_seen,libero_90,22,62,32,46,32,7,7,1,93
C450_seen,libero_90,22,62,33,47,33,7,7,1,103
C450_seen,libero_90,22,62,34,44,34,7,7,1,93
C450_seen,libero_90,22,62,35,37,35,7,7,1,102
C450_seen,libero_90,24,64,32,31,32,7,7,1,108
C450_seen,libero_90,24,64,33,44,33,7,7,1,120
C450_seen,libero_90,24,64,34,21,34,7,7,1,108
C450_seen,libero_90,24,64,35,38,35,7,7,1,120
C450_seen,libero_90,33,73,32,10,32,7,7,1,336
C450_seen,libero_90,33,73,33,17,33,7,7,0,400
C450_seen,libero_90,33,73,34,44,34,7,7,1,201
C450_seen,libero_90,33,73,35,47,35,7,7,1,163
C450_seen,libero_90,55,95,32,43,32,7,7,1,100
C450_seen,libero_90,55,95,33,15,33,7,7,1,190
C450_seen,libero_90,55,95,34,9,34,7,7,1,105
C450_seen,libero_90,55,95,35,38,35,7,7,1,108
C450_seen,libero_90,56,96,32,1,32,7,7,1,78
C450_seen,libero_90,56,96,33,15,33,7,7,1,86
C450_seen,libero_90,56,96,34,49,34,7,7,1,83
C450_seen,libero_90,56,96,35,0,35,7,7,1,77
C450_seen,libero_90,57,97,32,16,32,7,7,1,138
C450_seen,libero_90,57,97,33,9,33,7,7,1,143
C450_seen,libero_90,57,97,34,0,34,7,7,1,148
C450_seen,libero_90,57,97,35,6,35,7,7,1,155
C450_seen,libero_90,61,101,32,31,32,7,7,1,140
C450_seen,libero_90,61,101,33,18,33,7,7,1,163
C450_seen,libero_90,61,101,34,32,34,7,7,1,128
C450_seen,libero_90,61,101,35,7,35,7,7,1,145
C900,libero_spatial,3,3,0,24,0,7,7,0,220
C900,libero_spatial,3,3,1,13,1,7,7,1,103
C900,libero_spatial,3,3,2,5,2,7,7,0,220
C900,libero_spatial,3,3,3,47,3,7,7,1,100
C900,libero_spatial,3,3,4,28,4,7,7,0,220
C900,libero_spatial,3,3,5,3,5,7,7,0,220
C900,libero_spatial,3,3,6,45,6,7,7,0,220
C900,libero_spatial,3,3,7,29,7,7,7,1,109
C900,libero_spatial,3,3,8,38,8,7,7,0,220
C900,libero_spatial,3,3,9,25,9,7,7,1,101
C900,libero_spatial,3,3,10,22,10,7,7,1,113
C900,libero_spatial,3,3,11,14,11,7,7,1,126
C900,libero_spatial,3,3,12,15,12,7,7,1,105
C900,libero_spatial,3,3,13,9,13,7,7,0,220
C900,libero_spatial,3,3,14,7,14,7,7,1,93
C900,libero_spatial,3,3,15,36,15,7,7,1,86
C900,libero_spatial,3,3,16,39,16,7,7,1,85
C900,libero_spatial,3,3,17,26,17,7,7,1,108
C900,libero_spatial,3,3,18,42,18,7,7,1,109
C900,libero_spatial,3,3,19,12,19,7,7,1,90
C900,libero_spatial,3,3,20,8,20,7,7,0,220
C900,libero_spatial,3,3,21,4,21,7,7,1,140
C900,libero_spatial,3,3,22,46,22,7,7,1,94
C900,libero_spatial,3,3,23,49,23,7,7,1,95
C900,libero_spatial,3,3,24,27,24,7,7,1,117
C900,libero_spatial,3,3,25,40,25,7,7,1,96
C900,libero_spatial,3,3,26,31,26,7,7,1,99
C900,libero_spatial,3,3,27,21,27,7,7,0,220
C900,libero_spatial,3,3,28,10,28,7,7,0,220
C900,libero_spatial,3,3,29,17,29,7,7,1,88
C900,libero_spatial,3,3,30,30,30,7,7,0,220
C900,libero_spatial,3,3,31,32,31,7,7,0,220
C900,libero_spatial,3,3,32,6,32,7,7,1,156
C900,libero_spatial,3,3,33,34,33,7,7,1,106
C900,libero_spatial,3,3,34,41,34,7,7,0,220
C900,libero_spatial,3,3,35,16,35,7,7,0,220
C900,libero_spatial,3,3,36,20,36,7,7,1,104
C900,libero_spatial,3,3,37,1,37,7,7,1,106
C900,libero_spatial,3,3,38,23,38,7,7,1,112
C900,libero_spatial,3,3,39,48,39,7,7,1,92
C900,libero_spatial,3,3,40,43,40,7,7,0,220
C900,libero_spatial,3,3,41,11,41,7,7,0,220
C900,libero_spatial,3,3,42,33,42,7,7,1,100
C900,libero_spatial,3,3,43,44,43,7,7,1,101
C900,libero_spatial,3,3,44,37,44,7,7,1,165
C900,libero_spatial,3,3,45,35,45,7,7,1,96
C900,libero_spatial,3,3,46,19,46,7,7,1,129
C900,libero_spatial,3,3,47,18,47,7,7,0,220
C900,libero_spatial,3,3,48,2,48,7,7,1,113
C900,libero_spatial,3,3,49,0,49,7,7,0,220
C900,libero_spatial,6,6,0,34,0,7,7,0,220
C900,libero_spatial,6,6,1,27,1,7,7,0,220
C900,libero_spatial,6,6,2,16,2,7,7,0,220
C900,libero_spatial,6,6,3,49,3,7,7,0,220
C900,libero_spatial,6,6,4,14,4,7,7,0,220
C900,libero_spatial,6,6,5,40,5,7,7,0,220
C900,libero_spatial,6,6,6,39,6,7,7,1,127
C900,libero_spatial,6,6,7,23,7,7,7,0,220
C900,libero_spatial,6,6,8,22,8,7,7,0,220
C900,libero_spatial,6,6,9,28,9,7,7,0,220
C900,libero_spatial,6,6,10,37,10,7,7,0,220
C900,libero_spatial,6,6,11,25,11,7,7,0,220
C900,libero_spatial,6,6,12,46,12,7,7,0,220
C900,libero_spatial,6,6,13,35,13,7,7,0,220
C900,libero_spatial,6,6,14,10,14,7,7,0,220
C900,libero_spatial,6,6,15,8,15,7,7,0,220
C900,libero_spatial,6,6,16,41,16,7,7,0,220
C900,libero_spatial,6,6,17,43,17,7,7,0,220
C900,libero_spatial,6,6,18,48,18,7,7,1,117
C900,libero_spatial,6,6,19,36,19,7,7,0,220
C900,libero_spatial,6,6,20,26,20,7,7,0,220
C900,libero_spatial,6,6,21,31,21,7,7,0,220
C900,libero_spatial,6,6,22,20,22,7,7,0,220
C900,libero_spatial,6,6,23,13,23,7,7,0,220
C900,libero_spatial,6,6,24,44,24,7,7,0,220
C900,libero_spatial,6,6,25,32,25,7,7,0,220
C900,libero_spatial,6,6,26,18,26,7,7,1,112
C900,libero_spatial,6,6,27,19,27,7,7,0,220
C900,libero_spatial,6,6,28,2,28,7,7,0,220
C900,libero_spatial,6,6,29,47,29,7,7,0,220
C900,libero_spatial,6,6,30,9,30,7,7,0,220
C900,libero_spatial,6,6,31,0,31,7,7,0,220
C900,libero_spatial,6,6,32,38,32,7,7,0,220
C900,libero_spatial,6,6,33,7,33,7,7,0,220
C900,libero_spatial,6,6,34,17,34,7,7,0,220
C900,libero_spatial,6,6,35,24,35,7,7,0,220
C900,libero_spatial,6,6,36,30,36,7,7,1,116
C900,libero_spatial,6,6,37,11,37,7,7,1,129
C900,libero_spatial,6,6,38,33,38,7,7,0,220
C900,libero_spatial,6,6,39,4,39,7,7,0,220
C900,libero_spatial,6,6,40,6,40,7,7,0,220
C900,libero_spatial,6,6,41,15,41,7,7,0,220
C900,libero_spatial,6,6,42,45,42,7,7,0,220
C900,libero_spatial,6,6,43,3,43,7,7,0,220
C900,libero_spatial,6,6,44,29,44,7,7,0,220
C900,libero_spatial,6,6,45,12,45,7,7,0,220
C900,libero_spatial,6,6,46,21,46,7,7,0,220
C900,libero_spatial,6,6,47,1,47,7,7,1,129
C900,libero_spatial,6,6,48,5,48,7,7,0,220
C900,libero_spatial,6,6,49,42,49,7,7,1,131
C900,libero_object,1,11,0,22,0,7,7,1,177
C900,libero_object,1,11,1,0,1,7,7,1,248
C900,libero_object,1,11,2,33,2,7,7,1,150
C900,libero_object,1,11,3,35,3,7,7,1,147
C900,libero_object,1,11,4,7,4,7,7,1,138
C900,libero_object,1,11,5,11,5,7,7,1,155
C900,libero_object,1,11,6,15,6,7,7,1,132
C900,libero_object,1,11,7,44,7,7,7,1,152
C900,libero_object,1,11,8,5,8,7,7,1,137
C900,libero_object,1,11,9,17,9,7,7,1,183
C900,libero_object,1,11,10,3,10,7,7,1,202
C900,libero_object,1,11,11,32,11,7,7,1,218
C900,libero_object,1,11,12,21,12,7,7,1,243
C900,libero_object,1,11,13,39,13,7,7,1,192
C900,libero_object,1,11,14,41,14,7,7,1,222
C900,libero_object,1,11,15,2,15,7,7,1,132
C900,libero_object,1,11,16,31,16,7,7,1,163
C900,libero_object,1,11,17,23,17,7,7,1,219
C900,libero_object,1,11,18,42,18,7,7,0,280
C900,libero_object,1,11,19,18,19,7,7,1,198
C900,libero_object,1,11,20,37,20,7,7,0,280
C900,libero_object,1,11,21,26,21,7,7,1,266
C900,libero_object,1,11,22,19,22,7,7,1,138
C900,libero_object,1,11,23,9,23,7,7,1,135
C900,libero_object,1,11,24,10,24,7,7,1,130
C900,libero_object,1,11,25,49,25,7,7,1,134
C900,libero_object,1,11,26,48,26,7,7,1,123
C900,libero_object,1,11,27,14,27,7,7,1,128
C900,libero_object,1,11,28,6,28,7,7,1,138
C900,libero_object,1,11,29,13,29,7,7,1,138
C900,libero_object,1,11,30,24,30,7,7,0,280
C900,libero_object,1,11,31,16,31,7,7,1,147
C900,libero_object,1,11,32,40,32,7,7,1,162
C900,libero_object,1,11,33,20,33,7,7,0,280
C900,libero_object,1,11,34,25,34,7,7,1,142
C900,libero_object,1,11,35,47,35,7,7,1,143
C900,libero_object,1,11,36,4,36,7,7,1,137
C900,libero_object,1,11,37,1,37,7,7,1,178
C900,libero_object,1,11,38,38,38,7,7,0,280
C900,libero_object,1,11,39,36,39,7,7,1,132
C900,libero_object,1,11,40,27,40,7,7,1,204
C900,libero_object,1,11,41,12,41,7,7,1,137
C900,libero_object,1,11,42,46,42,7,7,1,127
C900,libero_object,1,11,43,29,43,7,7,1,172
C900,libero_object,1,11,44,43,44,7,7,1,128
C900,libero_object,1,11,45,8,45,7,7,1,140
C900,libero_object,1,11,46,45,46,7,7,1,116
C900,libero_object,1,11,47,34,47,7,7,1,123
C900,libero_object,1,11,48,28,48,7,7,1,218
C900,libero_object,1,11,49,30,49,7,7,1,142
C900,libero_object,6,16,0,47,0,7,7,0,280
C900,libero_object,6,16,1,33,1,7,7,0,280
C900,libero_object,6,16,2,28,2,7,7,0,280
C900,libero_object,6,16,3,46,3,7,7,0,280
C900,libero_object,6,16,4,32,4,7,7,0,280
C900,libero_object,6,16,5,1,5,7,7,0,280
C900,libero_object,6,16,6,24,6,7,7,0,280
C900,libero_object,6,16,7,43,7,7,7,0,280
C900,libero_object,6,16,8,39,8,7,7,0,280
C900,libero_object,6,16,9,42,9,7,7,0,280
C900,libero_object,6,16,10,49,10,7,7,0,280
C900,libero_object,6,16,11,5,11,7,7,0,280
C900,libero_object,6,16,12,25,12,7,7,0,280
C900,libero_object,6,16,13,37,13,7,7,0,280
C900,libero_object,6,16,14,31,14,7,7,0,280
C900,libero_object,6,16,15,15,15,7,7,0,280
C900,libero_object,6,16,16,26,16,7,7,0,280
C900,libero_object,6,16,17,19,17,7,7,0,280
C900,libero_object,6,16,18,17,18,7,7,0,280
C900,libero_object,6,16,19,23,19,7,7,0,280
C900,libero_object,6,16,20,34,20,7,7,0,280
C900,libero_object,6,16,21,4,21,7,7,0,280
C900,libero_object,6,16,22,35,22,7,7,0,280
C900,libero_object,6,16,23,6,23,7,7,0,280
C900,libero_object,6,16,24,36,24,7,7,0,280
C900,libero_object,6,16,25,8,25,7,7,0,280
C900,libero_object,6,16,26,44,26,7,7,0,280
C900,libero_object,6,16,27,0,27,7,7,0,280
C900,libero_object,6,16,28,3,28,7,7,0,280
C900,libero_object,6,16,29,30,29,7,7,0,280
C900,libero_object,6,16,30,29,30,7,7,0,280
C900,libero_object,6,16,31,41,31,7,7,0,280
C900,libero_object,6,16,32,13,32,7,7,0,280
C900,libero_object,6,16,33,18,33,7,7,0,280
C900,libero_object,6,16,34,21,34,7,7,0,280
C900,libero_object,6,16,35,2,35,7,7,0,280
C900,libero_object,6,16,36,38,36,7,7,0,280
C900,libero_object,6,16,37,10,37,7,7,0,280
C900,libero_object,6,16,38,48,38,7,7,0,280
C900,libero_object,6,16,39,11,39,7,7,0,280
C900,libero_object,6,16,40,16,40,7,7,0,280
C900,libero_object,6,16,41,12,41,7,7,0,280
C900,libero_object,6,16,42,27,42,7,7,0,280
C900,libero_object,6,16,43,9,43,7,7,0,280
C900,libero_object,6,16,44,14,44,7,7,0,280
C900,libero_object,6,16,45,20,45,7,7,0,280
C900,libero_object,6,16,46,40,46,7,7,1,269
C900,libero_object,6,16,47,7,47,7,7,0,280
C900,libero_object,6,16,48,22,48,7,7,0,280
C900,libero_object,6,16,49,45,49,7,7,0,280
C900,libero_goal,3,23,0,30,0,7,7,0,300
C900,libero_goal,3,23,1,46,1,7,7,0,300
C900,libero_goal,3,23,2,40,2,7,7,0,300
C900,libero_goal,3,23,3,38,3,7,7,0,300
C900,libero_goal,3,23,4,17,4,7,7,0,300
C900,libero_goal,3,23,5,4,5,7,7,0,300
C900,libero_goal,3,23,6,1,6,7,7,0,300
C900,libero_goal,3,23,7,36,7,7,7,0,300
C900,libero_goal,3,23,8,20,8,7,7,0,300
C900,libero_goal,3,23,9,43,9,7,7,0,300
C900,libero_goal,3,23,10,0,10,7,7,0,300
C900,libero_goal,3,23,11,8,11,7,7,0,300
C900,libero_goal,3,23,12,18,12,7,7,0,300
C900,libero_goal,3,23,13,29,13,7,7,0,300
C900,libero_goal,3,23,14,12,14,7,7,0,300
C900,libero_goal,3,23,15,33,15,7,7,0,300
C900,libero_goal,3,23,16,39,16,7,7,0,300
C900,libero_goal,3,23,17,26,17,7,7,0,300
C900,libero_goal,3,23,18,23,18,7,7,0,300
C900,libero_goal,3,23,19,7,19,7,7,0,300
C900,libero_goal,3,23,20,9,20,7,7,0,300
C900,libero_goal,3,23,21,11,21,7,7,0,300
C900,libero_goal,3,23,22,3,22,7,7,0,300
C900,libero_goal,3,23,23,31,23,7,7,0,300
C900,libero_goal,3,23,24,45,24,7,7,0,300
C900,libero_goal,3,23,25,44,25,7,7,0,300
C900,libero_goal,3,23,26,27,26,7,7,0,300
C900,libero_goal,3,23,27,42,27,7,7,0,300
C900,libero_goal,3,23,28,10,28,7,7,0,300
C900,libero_goal,3,23,29,2,29,7,7,0,300
C900,libero_goal,3,23,30,34,30,7,7,0,300
C900,libero_goal,3,23,31,13,31,7,7,0,300
C900,libero_goal,3,23,32,25,32,7,7,0,300
C900,libero_goal,3,23,33,47,33,7,7,0,300
C900,libero_goal,3,23,34,37,34,7,7,0,300
C900,libero_goal,3,23,35,28,35,7,7,0,300
C900,libero_goal,3,23,36,21,36,7,7,0,300
C900,libero_goal,3,23,37,49,37,7,7,0,300
C900,libero_goal,3,23,38,16,38,7,7,1,274
C900,libero_goal,3,23,39,35,39,7,7,0,300
C900,libero_goal,3,23,40,19,40,7,7,0,300
C900,libero_goal,3,23,41,15,41,7,7,0,300
C900,libero_goal,3,23,42,41,42,7,7,0,300
C900,libero_goal,3,23,43,48,43,7,7,0,300
C900,libero_goal,3,23,44,5,44,7,7,0,300
C900,libero_goal,3,23,45,6,45,7,7,0,300
C900,libero_goal,3,23,46,32,46,7,7,0,300
C900,libero_goal,3,23,47,22,47,7,7,0,300
C900,libero_goal,3,23,48,14,48,7,7,0,300
C900,libero_goal,3,23,49,24,49,7,7,0,300
C900,libero_goal,6,26,0,29,0,7,7,1,97
C900,libero_goal,6,26,1,8,1,7,7,1,106
C900,libero_goal,6,26,2,11,2,7,7,1,99
C900,libero_goal,6,26,3,30,3,7,7,1,95
C900,libero_goal,6,26,4,38,4,7,7,1,85
C900,libero_goal,6,26,5,37,5,7,7,0,300
C900,libero_goal,6,26,6,45,6,7,7,1,112
C900,libero_goal,6,26,7,24,7,7,7,1,89
C900,libero_goal,6,26,8,39,8,7,7,1,99
C900,libero_goal,6,26,9,18,9,7,7,1,80
C900,libero_goal,6,26,10,23,10,7,7,0,300
C900,libero_goal,6,26,11,6,11,7,7,1,102
C900,libero_goal,6,26,12,5,12,7,7,1,103
C900,libero_goal,6,26,13,19,13,7,7,1,87
C900,libero_goal,6,26,14,17,14,7,7,1,91
C900,libero_goal,6,26,15,20,15,7,7,0,300
C900,libero_goal,6,26,16,4,16,7,7,0,300
C900,libero_goal,6,26,17,2,17,7,7,1,102
C900,libero_goal,6,26,18,1,18,7,7,1,87
C900,libero_goal,6,26,19,43,19,7,7,1,112
C900,libero_goal,6,26,20,28,20,7,7,1,97
C900,libero_goal,6,26,21,7,21,7,7,1,104
C900,libero_goal,6,26,22,3,22,7,7,0,300
C900,libero_goal,6,26,23,21,23,7,7,1,129
C900,libero_goal,6,26,24,25,24,7,7,1,94
C900,libero_goal,6,26,25,9,25,7,7,1,80
C900,libero_goal,6,26,26,42,26,7,7,1,107
C900,libero_goal,6,26,27,27,27,7,7,1,92
C900,libero_goal,6,26,28,48,28,7,7,1,94
C900,libero_goal,6,26,29,33,29,7,7,1,91
C900,libero_goal,6,26,30,35,30,7,7,1,96
C900,libero_goal,6,26,31,47,31,7,7,1,97
C900,libero_goal,6,26,32,49,32,7,7,0,300
C900,libero_goal,6,26,33,34,33,7,7,1,92
C900,libero_goal,6,26,34,16,34,7,7,1,84
C900,libero_goal,6,26,35,36,35,7,7,1,111
C900,libero_goal,6,26,36,44,36,7,7,1,102
C900,libero_goal,6,26,37,13,37,7,7,0,300
C900,libero_goal,6,26,38,40,38,7,7,1,92
C900,libero_goal,6,26,39,15,39,7,7,1,105
C900,libero_goal,6,26,40,32,40,7,7,0,300
C900,libero_goal,6,26,41,14,41,7,7,1,106
C900,libero_goal,6,26,42,31,42,7,7,1,88
C900,libero_goal,6,26,43,46,43,7,7,1,104
C900,libero_goal,6,26,44,10,44,7,7,1,101
C900,libero_goal,6,26,45,12,45,7,7,1,97
C900,libero_goal,6,26,46,22,46,7,7,1,107
C900,libero_goal,6,26,47,41,47,7,7,1,107
C900,libero_goal,6,26,48,0,48,7,7,0,300
C900,libero_goal,6,26,49,26,49,7,7,1,110
C900,libero_10,1,31,0,20,0,7,7,0,520
C900,libero_10,1,31,1,45,1,7,7,0,520
C900,libero_10,1,31,2,46,2,7,7,0,520
C900,libero_10,1,31,3,44,3,7,7,0,520
C900,libero_10,1,31,4,7,4,7,7,0,520
C900,libero_10,1,31,5,0,5,7,7,0,520
C900,libero_10,1,31,6,12,6,7,7,0,520
C900,libero_10,1,31,7,39,7,7,7,0,520
C900,libero_10,1,31,8,37,8,7,7,1,369
C900,libero_10,1,31,9,26,9,7,7,0,520
C900,libero_10,1,31,10,18,10,7,7,0,520
C900,libero_10,1,31,11,23,11,7,7,1,410
C900,libero_10,1,31,12,27,12,7,7,0,520
C900,libero_10,1,31,13,2,13,7,7,1,495
C900,libero_10,1,31,14,17,14,7,7,0,520
C900,libero_10,1,31,15,1,15,7,7,0,520
C900,libero_10,1,31,16,28,16,7,7,1,308
C900,libero_10,1,31,17,30,17,7,7,0,520
C900,libero_10,1,31,18,41,18,7,7,0,520
C900,libero_10,1,31,19,35,19,7,7,0,520
C900,libero_10,1,31,20,33,20,7,7,1,469
C900,libero_10,1,31,21,40,21,7,7,0,520
C900,libero_10,1,31,22,22,22,7,7,1,410
C900,libero_10,1,31,23,15,23,7,7,1,495
C900,libero_10,1,31,24,38,24,7,7,0,520
C900,libero_10,1,31,25,32,25,7,7,0,520
C900,libero_10,1,31,26,31,26,7,7,1,507
C900,libero_10,1,31,27,16,27,7,7,1,393
C900,libero_10,1,31,28,21,28,7,7,0,520
C900,libero_10,1,31,29,14,29,7,7,0,520
C900,libero_10,1,31,30,49,30,7,7,1,426
C900,libero_10,1,31,31,3,31,7,7,0,520
C900,libero_10,1,31,32,24,32,7,7,1,497
C900,libero_10,1,31,33,6,33,7,7,0,520
C900,libero_10,1,31,34,34,34,7,7,1,441
C900,libero_10,1,31,35,29,35,7,7,0,520
C900,libero_10,1,31,36,11,36,7,7,0,520
C900,libero_10,1,31,37,48,37,7,7,0,520
C900,libero_10,1,31,38,36,38,7,7,0,520
C900,libero_10,1,31,39,43,39,7,7,0,520
C900,libero_10,1,31,40,13,40,7,7,0,520
C900,libero_10,1,31,41,47,41,7,7,0,520
C900,libero_10,1,31,42,25,42,7,7,0,520
C900,libero_10,1,31,43,8,43,7,7,0,520
C900,libero_10,1,31,44,19,44,7,7,0,520
C900,libero_10,1,31,45,9,45,7,7,0,520
C900,libero_10,1,31,46,4,46,7,7,0,520
C900,libero_10,1,31,47,42,47,7,7,0,520
C900,libero_10,1,31,48,10,48,7,7,1,350
C900,libero_10,1,31,49,5,49,7,7,0,520
C900,libero_10,9,39,0,49,0,7,7,0,520
C900,libero_10,9,39,1,6,1,7,7,0,520
C900,libero_10,9,39,2,34,2,7,7,0,520
C900,libero_10,9,39,3,37,3,7,7,0,520
C900,libero_10,9,39,4,21,4,7,7,0,520
C900,libero_10,9,39,5,33,5,7,7,0,520
C900,libero_10,9,39,6,0,6,7,7,0,520
C900,libero_10,9,39,7,45,7,7,7,0,520
C900,libero_10,9,39,8,35,8,7,7,0,520
C900,libero_10,9,39,9,13,9,7,7,0,520
C900,libero_10,9,39,10,38,10,7,7,0,520
C900,libero_10,9,39,11,30,11,7,7,0,520
C900,libero_10,9,39,12,3,12,7,7,0,520
C900,libero_10,9,39,13,42,13,7,7,0,520
C900,libero_10,9,39,14,1,14,7,7,0,520
C900,libero_10,9,39,15,9,15,7,7,0,520
C900,libero_10,9,39,16,2,16,7,7,0,520
C900,libero_10,9,39,17,20,17,7,7,0,520
C900,libero_10,9,39,18,24,18,7,7,0,520
C900,libero_10,9,39,19,48,19,7,7,0,520
C900,libero_10,9,39,20,16,20,7,7,0,520
C900,libero_10,9,39,21,40,21,7,7,0,520
C900,libero_10,9,39,22,43,22,7,7,0,520
C900,libero_10,9,39,23,14,23,7,7,0,520
C900,libero_10,9,39,24,32,24,7,7,0,520
C900,libero_10,9,39,25,17,25,7,7,0,520
C900,libero_10,9,39,26,15,26,7,7,0,520
C900,libero_10,9,39,27,8,27,7,7,0,520
C900,libero_10,9,39,28,26,28,7,7,0,520
C900,libero_10,9,39,29,27,29,7,7,0,520
C900,libero_10,9,39,30,22,30,7,7,0,520
C900,libero_10,9,39,31,12,31,7,7,0,520
C900,libero_10,9,39,32,46,32,7,7,0,520
C900,libero_10,9,39,33,5,33,7,7,0,520
C900,libero_10,9,39,34,47,34,7,7,0,520
C900,libero_10,9,39,35,31,35,7,7,0,520
C900,libero_10,9,39,36,19,36,7,7,0,520
C900,libero_10,9,39,37,44,37,7,7,0,520
C900,libero_10,9,39,38,7,38,7,7,0,520
C900,libero_10,9,39,39,25,39,7,7,0,520
C900,libero_10,9,39,40,4,40,7,7,0,520
C900,libero_10,9,39,41,11,41,7,7,0,520
C900,libero_10,9,39,42,41,42,7,7,0,520
C900,libero_10,9,39,43,18,43,7,7,0,520
C900,libero_10,9,39,44,10,44,7,7,0,520
C900,libero_10,9,39,45,28,45,7,7,0,520
C900,libero_10,9,39,46,23,46,7,7,0,520
C900,libero_10,9,39,47,29,47,7,7,0,520
C900,libero_10,9,39,48,36,48,7,7,0,520
C900,libero_10,9,39,49,39,49,7,7,0,520
C900_seen,libero_spatial,0,0,32,37,32,7,7,1,76
C900_seen,libero_spatial,0,0,33,24,33,7,7,1,83
C900_seen,libero_spatial,0,0,34,41,34,7,7,1,83
C900_seen,libero_spatial,0,0,35,44,35,7,7,1,106
C900_seen,libero_spatial,1,1,32,11,32,7,7,0,220
C900_seen,libero_spatial,1,1,33,47,33,7,7,1,118
C900_seen,libero_spatial,1,1,34,0,34,7,7,0,220
C900_seen,libero_spatial,1,1,35,4,35,7,7,0,220
C900_seen,libero_spatial,2,2,32,12,32,7,7,1,103
C900_seen,libero_spatial,2,2,33,39,33,7,7,1,125
C900_seen,libero_spatial,2,2,34,19,34,7,7,1,101
C900_seen,libero_spatial,2,2,35,15,35,7,7,1,95
C900_seen,libero_spatial,4,4,32,28,32,7,7,0,220
C900_seen,libero_spatial,4,4,33,8,33,7,7,1,132
C900_seen,libero_spatial,4,4,34,0,34,7,7,1,134
C900_seen,libero_spatial,4,4,35,30,35,7,7,1,174
C900_seen,libero_spatial,5,5,32,44,32,7,7,0,220
C900_seen,libero_spatial,5,5,33,9,33,7,7,1,96
C900_seen,libero_spatial,5,5,34,46,34,7,7,1,90
C900_seen,libero_spatial,5,5,35,1,35,7,7,1,87
C900_seen,libero_spatial,7,7,32,12,32,7,7,1,130
C900_seen,libero_spatial,7,7,33,13,33,7,7,1,173
C900_seen,libero_spatial,7,7,34,8,34,7,7,0,220
C900_seen,libero_spatial,7,7,35,18,35,7,7,1,150
C900_seen,libero_object,2,12,32,23,32,7,7,0,280
C900_seen,libero_object,2,12,33,0,33,7,7,1,136
C900_seen,libero_object,2,12,34,30,34,7,7,1,131
C900_seen,libero_object,2,12,35,24,35,7,7,1,124
C900_seen,libero_object,3,13,32,15,32,7,7,1,169
C900_seen,libero_object,3,13,33,8,33,7,7,1,107
C900_seen,libero_object,3,13,34,31,34,7,7,1,117
C900_seen,libero_object,3,13,35,30,35,7,7,1,126
C900_seen,libero_object,4,14,32,7,32,7,7,1,147
C900_seen,libero_object,4,14,33,24,33,7,7,0,280
C900_seen,libero_object,4,14,34,48,34,7,7,1,130
C900_seen,libero_object,4,14,35,12,35,7,7,1,137
C900_seen,libero_object,5,15,32,14,32,7,7,1,131
C900_seen,libero_object,5,15,33,15,33,7,7,1,280
C900_seen,libero_object,5,15,34,33,34,7,7,0,280
C900_seen,libero_object,5,15,35,46,35,7,7,1,208
C900_seen,libero_object,7,17,32,16,32,7,7,1,273
C900_seen,libero_object,7,17,33,44,33,7,7,1,115
C900_seen,libero_object,7,17,34,31,34,7,7,0,280
C900_seen,libero_object,7,17,35,30,35,7,7,1,134
C900_seen,libero_object,9,19,32,23,32,7,7,1,175
C900_seen,libero_object,9,19,33,7,33,7,7,1,104
C900_seen,libero_object,9,19,34,49,34,7,7,1,107
C900_seen,libero_object,9,19,35,20,35,7,7,1,122
C900_seen,libero_goal,0,20,32,34,32,7,7,1,107
C900_seen,libero_goal,0,20,33,39,33,7,7,1,134
C900_seen,libero_goal,0,20,34,47,34,7,7,0,300
C900_seen,libero_goal,0,20,35,27,35,7,7,1,297
C900_seen,libero_goal,1,21,32,28,32,7,7,1,79
C900_seen,libero_goal,1,21,33,48,33,7,7,1,85
C900_seen,libero_goal,1,21,34,13,34,7,7,1,72
C900_seen,libero_goal,1,21,35,22,35,7,7,1,79
C900_seen,libero_goal,2,22,32,33,32,7,7,1,98
C900_seen,libero_goal,2,22,33,4,33,7,7,1,137
C900_seen,libero_goal,2,22,34,44,34,7,7,1,98
C900_seen,libero_goal,2,22,35,41,35,7,7,1,102
C900_seen,libero_goal,5,25,32,35,32,7,7,0,300
C900_seen,libero_goal,5,25,33,40,33,7,7,0,300
C900_seen,libero_goal,5,25,34,2,34,7,7,1,108
C900_seen,libero_goal,5,25,35,16,35,7,7,0,300
C900_seen,libero_goal,8,28,32,16,32,7,7,1,75
C900_seen,libero_goal,8,28,33,7,33,7,7,1,80
C900_seen,libero_goal,8,28,34,43,34,7,7,1,76
C900_seen,libero_goal,8,28,35,38,35,7,7,1,68
C900_seen,libero_goal,9,29,32,15,32,7,7,1,181
C900_seen,libero_goal,9,29,33,0,33,7,7,0,300
C900_seen,libero_goal,9,29,34,14,34,7,7,1,144
C900_seen,libero_goal,9,29,35,16,35,7,7,0,300
C900_seen,libero_10,2,32,32,38,32,7,7,1,411
C900_seen,libero_10,2,32,33,29,33,7,7,0,520
C900_seen,libero_10,2,32,34,39,34,7,7,0,520
C900_seen,libero_10,2,32,35,16,35,7,7,1,231
C900_seen,libero_10,4,34,32,36,32,7,7,1,236
C900_seen,libero_10,4,34,33,33,33,7,7,1,309
C900_seen,libero_10,4,34,34,38,34,7,7,1,249
C900_seen,libero_10,4,34,35,1,35,7,7,0,520
C900_seen,libero_10,5,35,32,33,32,7,7,1,193
C900_seen,libero_10,5,35,33,44,33,7,7,0,520
C900_seen,libero_10,5,35,34,21,34,7,7,1,185
C900_seen,libero_10,5,35,35,25,35,7,7,1,225
C900_seen,libero_10,6,36,32,41,32,7,7,1,505
C900_seen,libero_10,6,36,33,40,33,7,7,1,207
C900_seen,libero_10,6,36,34,49,34,7,7,1,287
C900_seen,libero_10,6,36,35,43,35,7,7,1,292
C900_seen,libero_10,7,37,32,19,32,7,7,0,520
C900_seen,libero_10,7,37,33,13,33,7,7,1,517
C900_seen,libero_10,7,37,34,8,34,7,7,1,367
C900_seen,libero_10,7,37,35,25,35,7,7,0,520
C900_seen,libero_10,8,38,32,46,32,7,7,0,520
C900_seen,libero_10,8,38,33,13,33,7,7,0,520
C900_seen,libero_10,8,38,34,23,34,7,7,0,520
C900_seen,libero_10,8,38,35,20,35,7,7,0,520
C900_seen,libero_90,2,42,32,30,32,7,7,1,100
C900_seen,libero_90,2,42,33,14,33,7,7,1,112
C900_seen,libero_90,2,42,34,43,34,7,7,1,114
C900_seen,libero_90,2,42,35,9,35,7,7,1,117
C900_seen,libero_90,3,43,32,18,32,7,7,1,180
C900_seen,libero_90,3,43,33,38,33,7,7,1,175
C900_seen,libero_90,3,43,34,4,34,7,7,1,184
C900_seen,libero_90,3,43,35,49,35,7,7,0,400
C900_seen,libero_90,11,51,32,17,32,7,7,1,68
C900_seen,libero_90,11,51,33,22,33,7,7,1,64
C900_seen,libero_90,11,51,34,19,34,7,7,1,61
C900_seen,libero_90,11,51,35,14,35,7,7,1,69
C900_seen,libero_90,15,55,32,25,32,7,7,1,135
C900_seen,libero_90,15,55,33,5,33,7,7,1,138
C900_seen,libero_90,15,55,34,32,34,7,7,1,130
C900_seen,libero_90,15,55,35,1,35,7,7,1,120
C900_seen,libero_90,16,56,32,4,32,7,7,1,113
C900_seen,libero_90,16,56,33,47,33,7,7,1,162
C900_seen,libero_90,16,56,34,30,34,7,7,1,270
C900_seen,libero_90,16,56,35,24,35,7,7,1,117
C900_seen,libero_90,22,62,32,46,32,7,7,1,107
C900_seen,libero_90,22,62,33,47,33,7,7,1,108
C900_seen,libero_90,22,62,34,44,34,7,7,1,99
C900_seen,libero_90,22,62,35,37,35,7,7,1,116
C900_seen,libero_90,24,64,32,31,32,7,7,1,109
C900_seen,libero_90,24,64,33,44,33,7,7,1,113
C900_seen,libero_90,24,64,34,21,34,7,7,1,110
C900_seen,libero_90,24,64,35,38,35,7,7,1,121
C900_seen,libero_90,33,73,32,10,32,7,7,1,381
C900_seen,libero_90,33,73,33,17,33,7,7,0,400
C900_seen,libero_90,33,73,34,44,34,7,7,0,400
C900_seen,libero_90,33,73,35,47,35,7,7,1,157
C900_seen,libero_90,55,95,32,43,32,7,7,1,100
C900_seen,libero_90,55,95,33,15,33,7,7,1,245
C900_seen,libero_90,55,95,34,9,34,7,7,1,104
C900_seen,libero_90,55,95,35,38,35,7,7,1,107
C900_seen,libero_90,56,96,32,1,32,7,7,1,82
C900_seen,libero_90,56,96,33,15,33,7,7,1,97
C900_seen,libero_90,56,96,34,49,34,7,7,1,92
C900_seen,libero_90,56,96,35,0,35,7,7,1,82
C900_seen,libero_90,57,97,32,16,32,7,7,1,137
C900_seen,libero_90,57,97,33,9,33,7,7,1,142
C900_seen,libero_90,57,97,34,0,34,7,7,1,143
C900_seen,libero_90,57,97,35,6,35,7,7,1,155
C900_seen,libero_90,61,101,32,31,32,7,7,1,139
C900_seen,libero_90,61,101,33,18,33,7,7,1,164
C900_seen,libero_90,61,101,34,32,34,7,7,1,132
C900_seen,libero_90,61,101,35,7,35,7,7,1,138
Calibrated450,libero_spatial,3,3,0,24,0,7,7,1,144
Calibrated450,libero_spatial,3,3,1,13,1,7,7,1,106
Calibrated450,libero_spatial,3,3,2,5,2,7,7,0,220
Calibrated450,libero_spatial,3,3,3,47,3,7,7,1,100
Calibrated450,libero_spatial,3,3,4,28,4,7,7,0,220
Calibrated450,libero_spatial,3,3,5,3,5,7,7,0,220
Calibrated450,libero_spatial,3,3,6,45,6,7,7,1,155
Calibrated450,libero_spatial,3,3,7,29,7,7,7,1,92
Calibrated450,libero_spatial,3,3,8,38,8,7,7,0,220
Calibrated450,libero_spatial,3,3,9,25,9,7,7,1,131
Calibrated450,libero_spatial,3,3,10,22,10,7,7,0,220
Calibrated450,libero_spatial,3,3,11,14,11,7,7,1,95
Calibrated450,libero_spatial,3,3,12,15,12,7,7,1,110
Calibrated450,libero_spatial,3,3,13,9,13,7,7,0,220
Calibrated450,libero_spatial,3,3,14,7,14,7,7,0,220
Calibrated450,libero_spatial,3,3,15,36,15,7,7,1,87
Calibrated450,libero_spatial,3,3,16,39,16,7,7,1,81
Calibrated450,libero_spatial,3,3,17,26,17,7,7,1,132
Calibrated450,libero_spatial,3,3,18,42,18,7,7,1,100
Calibrated450,libero_spatial,3,3,19,12,19,7,7,1,87
Calibrated450,libero_spatial,3,3,20,8,20,7,7,0,220
Calibrated450,libero_spatial,3,3,21,4,21,7,7,0,220
Calibrated450,libero_spatial,3,3,22,46,22,7,7,1,107
Calibrated450,libero_spatial,3,3,23,49,23,7,7,1,93
Calibrated450,libero_spatial,3,3,24,27,24,7,7,1,108
Calibrated450,libero_spatial,3,3,25,40,25,7,7,1,98
Calibrated450,libero_spatial,3,3,26,31,26,7,7,1,96
Calibrated450,libero_spatial,3,3,27,21,27,7,7,0,220
Calibrated450,libero_spatial,3,3,28,10,28,7,7,0,220
Calibrated450,libero_spatial,3,3,29,17,29,7,7,1,92
Calibrated450,libero_spatial,3,3,30,30,30,7,7,0,220
Calibrated450,libero_spatial,3,3,31,32,31,7,7,0,220
Calibrated450,libero_spatial,3,3,32,6,32,7,7,0,220
Calibrated450,libero_spatial,3,3,33,34,33,7,7,1,106
Calibrated450,libero_spatial,3,3,34,41,34,7,7,0,220
Calibrated450,libero_spatial,3,3,35,16,35,7,7,1,147
Calibrated450,libero_spatial,3,3,36,20,36,7,7,1,104
Calibrated450,libero_spatial,3,3,37,1,37,7,7,1,113
Calibrated450,libero_spatial,3,3,38,23,38,7,7,1,92
Calibrated450,libero_spatial,3,3,39,48,39,7,7,1,100
Calibrated450,libero_spatial,3,3,40,43,40,7,7,1,121
Calibrated450,libero_spatial,3,3,41,11,41,7,7,0,220
Calibrated450,libero_spatial,3,3,42,33,42,7,7,0,220
Calibrated450,libero_spatial,3,3,43,44,43,7,7,1,100
Calibrated450,libero_spatial,3,3,44,37,44,7,7,0,220
Calibrated450,libero_spatial,3,3,45,35,45,7,7,1,96
Calibrated450,libero_spatial,3,3,46,19,46,7,7,0,220
Calibrated450,libero_spatial,3,3,47,18,47,7,7,0,220
Calibrated450,libero_spatial,3,3,48,2,48,7,7,1,129
Calibrated450,libero_spatial,3,3,49,0,49,7,7,1,118
Calibrated450,libero_spatial,6,6,0,34,0,7,7,0,220
Calibrated450,libero_spatial,6,6,1,27,1,7,7,0,220
Calibrated450,libero_spatial,6,6,2,16,2,7,7,0,220
Calibrated450,libero_spatial,6,6,3,49,3,7,7,0,220
Calibrated450,libero_spatial,6,6,4,14,4,7,7,0,220
Calibrated450,libero_spatial,6,6,5,40,5,7,7,0,220
Calibrated450,libero_spatial,6,6,6,39,6,7,7,0,220
Calibrated450,libero_spatial,6,6,7,23,7,7,7,0,220
Calibrated450,libero_spatial,6,6,8,22,8,7,7,0,220
Calibrated450,libero_spatial,6,6,9,28,9,7,7,0,220
Calibrated450,libero_spatial,6,6,10,37,10,7,7,0,220
Calibrated450,libero_spatial,6,6,11,25,11,7,7,0,220
Calibrated450,libero_spatial,6,6,12,46,12,7,7,0,220
Calibrated450,libero_spatial,6,6,13,35,13,7,7,0,220
Calibrated450,libero_spatial,6,6,14,10,14,7,7,0,220
Calibrated450,libero_spatial,6,6,15,8,15,7,7,0,220
Calibrated450,libero_spatial,6,6,16,41,16,7,7,0,220
Calibrated450,libero_spatial,6,6,17,43,17,7,7,0,220
Calibrated450,libero_spatial,6,6,18,48,18,7,7,1,131
Calibrated450,libero_spatial,6,6,19,36,19,7,7,0,220
Calibrated450,libero_spatial,6,6,20,26,20,7,7,1,129
Calibrated450,libero_spatial,6,6,21,31,21,7,7,0,220
Calibrated450,libero_spatial,6,6,22,20,22,7,7,0,220
Calibrated450,libero_spatial,6,6,23,13,23,7,7,0,220
Calibrated450,libero_spatial,6,6,24,44,24,7,7,0,220
Calibrated450,libero_spatial,6,6,25,32,25,7,7,0,220
Calibrated450,libero_spatial,6,6,26,18,26,7,7,1,110
Calibrated450,libero_spatial,6,6,27,19,27,7,7,0,220
Calibrated450,libero_spatial,6,6,28,2,28,7,7,0,220
Calibrated450,libero_spatial,6,6,29,47,29,7,7,0,220
Calibrated450,libero_spatial,6,6,30,9,30,7,7,0,220
Calibrated450,libero_spatial,6,6,31,0,31,7,7,0,220
Calibrated450,libero_spatial,6,6,32,38,32,7,7,0,220
Calibrated450,libero_spatial,6,6,33,7,33,7,7,0,220
Calibrated450,libero_spatial,6,6,34,17,34,7,7,0,220
Calibrated450,libero_spatial,6,6,35,24,35,7,7,0,220
Calibrated450,libero_spatial,6,6,36,30,36,7,7,1,157
Calibrated450,libero_spatial,6,6,37,11,37,7,7,0,220
Calibrated450,libero_spatial,6,6,38,33,38,7,7,1,126
Calibrated450,libero_spatial,6,6,39,4,39,7,7,1,128
Calibrated450,libero_spatial,6,6,40,6,40,7,7,1,118
Calibrated450,libero_spatial,6,6,41,15,41,7,7,0,220
Calibrated450,libero_spatial,6,6,42,45,42,7,7,0,220
Calibrated450,libero_spatial,6,6,43,3,43,7,7,0,220
Calibrated450,libero_spatial,6,6,44,29,44,7,7,0,220
Calibrated450,libero_spatial,6,6,45,12,45,7,7,0,220
Calibrated450,libero_spatial,6,6,46,21,46,7,7,1,200
Calibrated450,libero_spatial,6,6,47,1,47,7,7,1,132
Calibrated450,libero_spatial,6,6,48,5,48,7,7,1,144
Calibrated450,libero_spatial,6,6,49,42,49,7,7,1,135
Calibrated450,libero_object,1,11,0,22,0,7,7,0,280
Calibrated450,libero_object,1,11,1,0,1,7,7,1,188
Calibrated450,libero_object,1,11,2,33,2,7,7,0,280
Calibrated450,libero_object,1,11,3,35,3,7,7,1,224
Calibrated450,libero_object,1,11,4,7,4,7,7,1,138
Calibrated450,libero_object,1,11,5,11,5,7,7,0,280
Calibrated450,libero_object,1,11,6,15,6,7,7,1,193
Calibrated450,libero_object,1,11,7,44,7,7,7,1,112
Calibrated450,libero_object,1,11,8,5,8,7,7,1,208
Calibrated450,libero_object,1,11,9,17,9,7,7,1,259
Calibrated450,libero_object,1,11,10,3,10,7,7,1,266
Calibrated450,libero_object,1,11,11,32,11,7,7,1,122
Calibrated450,libero_object,1,11,12,21,12,7,7,1,232
Calibrated450,libero_object,1,11,13,39,13,7,7,1,184
Calibrated450,libero_object,1,11,14,41,14,7,7,0,280
Calibrated450,libero_object,1,11,15,2,15,7,7,0,280
Calibrated450,libero_object,1,11,16,31,16,7,7,1,172
Calibrated450,libero_object,1,11,17,23,17,7,7,0,280
Calibrated450,libero_object,1,11,18,42,18,7,7,0,280
Calibrated450,libero_object,1,11,19,18,19,7,7,0,280
Calibrated450,libero_object,1,11,20,37,20,7,7,0,280
Calibrated450,libero_object,1,11,21,26,21,7,7,0,280
Calibrated450,libero_object,1,11,22,19,22,7,7,0,280
Calibrated450,libero_object,1,11,23,9,23,7,7,1,188
Calibrated450,libero_object,1,11,24,10,24,7,7,1,198
Calibrated450,libero_object,1,11,25,49,25,7,7,1,117
Calibrated450,libero_object,1,11,26,48,26,7,7,1,188
Calibrated450,libero_object,1,11,27,14,27,7,7,1,129
Calibrated450,libero_object,1,11,28,6,28,7,7,0,280
Calibrated450,libero_object,1,11,29,13,29,7,7,0,280
Calibrated450,libero_object,1,11,30,24,30,7,7,0,280
Calibrated450,libero_object,1,11,31,16,31,7,7,0,280
Calibrated450,libero_object,1,11,32,40,32,7,7,0,280
Calibrated450,libero_object,1,11,33,20,33,7,7,1,160
Calibrated450,libero_object,1,11,34,25,34,7,7,0,280
Calibrated450,libero_object,1,11,35,47,35,7,7,0,280
Calibrated450,libero_object,1,11,36,4,36,7,7,1,225
Calibrated450,libero_object,1,11,37,1,37,7,7,1,178
Calibrated450,libero_object,1,11,38,38,38,7,7,0,280
Calibrated450,libero_object,1,11,39,36,39,7,7,1,139
Calibrated450,libero_object,1,11,40,27,40,7,7,1,172
Calibrated450,libero_object,1,11,41,12,41,7,7,0,280
Calibrated450,libero_object,1,11,42,46,42,7,7,1,214
Calibrated450,libero_object,1,11,43,29,43,7,7,0,280
Calibrated450,libero_object,1,11,44,43,44,7,7,1,130
Calibrated450,libero_object,1,11,45,8,45,7,7,0,280
Calibrated450,libero_object,1,11,46,45,46,7,7,1,216
Calibrated450,libero_object,1,11,47,34,47,7,7,1,121
Calibrated450,libero_object,1,11,48,28,48,7,7,0,280
Calibrated450,libero_object,1,11,49,30,49,7,7,0,280
Calibrated450,libero_object,6,16,0,47,0,7,7,0,280
Calibrated450,libero_object,6,16,1,33,1,7,7,0,280
Calibrated450,libero_object,6,16,2,28,2,7,7,0,280
Calibrated450,libero_object,6,16,3,46,3,7,7,0,280
Calibrated450,libero_object,6,16,4,32,4,7,7,0,280
Calibrated450,libero_object,6,16,5,1,5,7,7,0,280
Calibrated450,libero_object,6,16,6,24,6,7,7,0,280
Calibrated450,libero_object,6,16,7,43,7,7,7,0,280
Calibrated450,libero_object,6,16,8,39,8,7,7,0,280
Calibrated450,libero_object,6,16,9,42,9,7,7,0,280
Calibrated450,libero_object,6,16,10,49,10,7,7,0,280
Calibrated450,libero_object,6,16,11,5,11,7,7,0,280
Calibrated450,libero_object,6,16,12,25,12,7,7,0,280
Calibrated450,libero_object,6,16,13,37,13,7,7,0,280
Calibrated450,libero_object,6,16,14,31,14,7,7,0,280
Calibrated450,libero_object,6,16,15,15,15,7,7,0,280
Calibrated450,libero_object,6,16,16,26,16,7,7,0,280
Calibrated450,libero_object,6,16,17,19,17,7,7,0,280
Calibrated450,libero_object,6,16,18,17,18,7,7,0,280
Calibrated450,libero_object,6,16,19,23,19,7,7,0,280
Calibrated450,libero_object,6,16,20,34,20,7,7,0,280
Calibrated450,libero_object,6,16,21,4,21,7,7,0,280
Calibrated450,libero_object,6,16,22,35,22,7,7,0,280
Calibrated450,libero_object,6,16,23,6,23,7,7,0,280
Calibrated450,libero_object,6,16,24,36,24,7,7,0,280
Calibrated450,libero_object,6,16,25,8,25,7,7,0,280
Calibrated450,libero_object,6,16,26,44,26,7,7,0,280
Calibrated450,libero_object,6,16,27,0,27,7,7,0,280
Calibrated450,libero_object,6,16,28,3,28,7,7,0,280
Calibrated450,libero_object,6,16,29,30,29,7,7,0,280
Calibrated450,libero_object,6,16,30,29,30,7,7,0,280
Calibrated450,libero_object,6,16,31,41,31,7,7,0,280
Calibrated450,libero_object,6,16,32,13,32,7,7,0,280
Calibrated450,libero_object,6,16,33,18,33,7,7,0,280
Calibrated450,libero_object,6,16,34,21,34,7,7,0,280
Calibrated450,libero_object,6,16,35,2,35,7,7,0,280
Calibrated450,libero_object,6,16,36,38,36,7,7,0,280
Calibrated450,libero_object,6,16,37,10,37,7,7,0,280
Calibrated450,libero_object,6,16,38,48,38,7,7,0,280
Calibrated450,libero_object,6,16,39,11,39,7,7,0,280
Calibrated450,libero_object,6,16,40,16,40,7,7,0,280
Calibrated450,libero_object,6,16,41,12,41,7,7,0,280
Calibrated450,libero_object,6,16,42,27,42,7,7,0,280
Calibrated450,libero_object,6,16,43,9,43,7,7,0,280
Calibrated450,libero_object,6,16,44,14,44,7,7,0,280
Calibrated450,libero_object,6,16,45,20,45,7,7,0,280
Calibrated450,libero_object,6,16,46,40,46,7,7,0,280
Calibrated450,libero_object,6,16,47,7,47,7,7,0,280
Calibrated450,libero_object,6,16,48,22,48,7,7,0,280
Calibrated450,libero_object,6,16,49,45,49,7,7,0,280
Calibrated450,libero_goal,3,23,0,30,0,7,7,0,300
Calibrated450,libero_goal,3,23,1,46,1,7,7,0,300
Calibrated450,libero_goal,3,23,2,40,2,7,7,0,300
Calibrated450,libero_goal,3,23,3,38,3,7,7,0,300
Calibrated450,libero_goal,3,23,4,17,4,7,7,0,300
Calibrated450,libero_goal,3,23,5,4,5,7,7,0,300
Calibrated450,libero_goal,3,23,6,1,6,7,7,0,300
Calibrated450,libero_goal,3,23,7,36,7,7,7,0,300
Calibrated450,libero_goal,3,23,8,20,8,7,7,0,300
Calibrated450,libero_goal,3,23,9,43,9,7,7,0,300
Calibrated450,libero_goal,3,23,10,0,10,7,7,0,300
Calibrated450,libero_goal,3,23,11,8,11,7,7,0,300
Calibrated450,libero_goal,3,23,12,18,12,7,7,0,300
Calibrated450,libero_goal,3,23,13,29,13,7,7,0,300
Calibrated450,libero_goal,3,23,14,12,14,7,7,0,300
Calibrated450,libero_goal,3,23,15,33,15,7,7,0,300
Calibrated450,libero_goal,3,23,16,39,16,7,7,0,300
Calibrated450,libero_goal,3,23,17,26,17,7,7,0,300
Calibrated450,libero_goal,3,23,18,23,18,7,7,0,300
Calibrated450,libero_goal,3,23,19,7,19,7,7,0,300
Calibrated450,libero_goal,3,23,20,9,20,7,7,0,300
Calibrated450,libero_goal,3,23,21,11,21,7,7,0,300
Calibrated450,libero_goal,3,23,22,3,22,7,7,0,300
Calibrated450,libero_goal,3,23,23,31,23,7,7,0,300
Calibrated450,libero_goal,3,23,24,45,24,7,7,0,300
Calibrated450,libero_goal,3,23,25,44,25,7,7,0,300
Calibrated450,libero_goal,3,23,26,27,26,7,7,0,300
Calibrated450,libero_goal,3,23,27,42,27,7,7,0,300
Calibrated450,libero_goal,3,23,28,10,28,7,7,0,300
Calibrated450,libero_goal,3,23,29,2,29,7,7,0,300
Calibrated450,libero_goal,3,23,30,34,30,7,7,0,300
Calibrated450,libero_goal,3,23,31,13,31,7,7,0,300
Calibrated450,libero_goal,3,23,32,25,32,7,7,0,300
Calibrated450,libero_goal,3,23,33,47,33,7,7,0,300
Calibrated450,libero_goal,3,23,34,37,34,7,7,0,300
Calibrated450,libero_goal,3,23,35,28,35,7,7,0,300
Calibrated450,libero_goal,3,23,36,21,36,7,7,0,300
Calibrated450,libero_goal,3,23,37,49,37,7,7,0,300
Calibrated450,libero_goal,3,23,38,16,38,7,7,0,300
Calibrated450,libero_goal,3,23,39,35,39,7,7,0,300
Calibrated450,libero_goal,3,23,40,19,40,7,7,0,300
Calibrated450,libero_goal,3,23,41,15,41,7,7,0,300
Calibrated450,libero_goal,3,23,42,41,42,7,7,0,300
Calibrated450,libero_goal,3,23,43,48,43,7,7,0,300
Calibrated450,libero_goal,3,23,44,5,44,7,7,0,300
Calibrated450,libero_goal,3,23,45,6,45,7,7,0,300
Calibrated450,libero_goal,3,23,46,32,46,7,7,0,300
Calibrated450,libero_goal,3,23,47,22,47,7,7,0,300
Calibrated450,libero_goal,3,23,48,14,48,7,7,0,300
Calibrated450,libero_goal,3,23,49,24,49,7,7,0,300
Calibrated450,libero_goal,6,26,0,29,0,7,7,1,97
Calibrated450,libero_goal,6,26,1,8,1,7,7,1,112
Calibrated450,libero_goal,6,26,2,11,2,7,7,1,99
Calibrated450,libero_goal,6,26,3,30,3,7,7,1,96
Calibrated450,libero_goal,6,26,4,38,4,7,7,1,98
Calibrated450,libero_goal,6,26,5,37,5,7,7,0,300
Calibrated450,libero_goal,6,26,6,45,6,7,7,1,115
Calibrated450,libero_goal,6,26,7,24,7,7,7,1,90
Calibrated450,libero_goal,6,26,8,39,8,7,7,1,91
Calibrated450,libero_goal,6,26,9,18,9,7,7,1,79
Calibrated450,libero_goal,6,26,10,23,10,7,7,0,300
Calibrated450,libero_goal,6,26,11,6,11,7,7,1,102
Calibrated450,libero_goal,6,26,12,5,12,7,7,1,104
Calibrated450,libero_goal,6,26,13,19,13,7,7,0,300
Calibrated450,libero_goal,6,26,14,17,14,7,7,1,94
Calibrated450,libero_goal,6,26,15,20,15,7,7,1,96
Calibrated450,libero_goal,6,26,16,4,16,7,7,0,300
Calibrated450,libero_goal,6,26,17,2,17,7,7,1,98
Calibrated450,libero_goal,6,26,18,1,18,7,7,1,83
Calibrated450,libero_goal,6,26,19,43,19,7,7,1,103
Calibrated450,libero_goal,6,26,20,28,20,7,7,1,106
Calibrated450,libero_goal,6,26,21,7,21,7,7,1,104
Calibrated450,libero_goal,6,26,22,3,22,7,7,0,300
Calibrated450,libero_goal,6,26,23,21,23,7,7,0,300
Calibrated450,libero_goal,6,26,24,25,24,7,7,1,96
Calibrated450,libero_goal,6,26,25,9,25,7,7,0,300
Calibrated450,libero_goal,6,26,26,42,26,7,7,1,107
Calibrated450,libero_goal,6,26,27,27,27,7,7,0,300
Calibrated450,libero_goal,6,26,28,48,28,7,7,1,95
Calibrated450,libero_goal,6,26,29,33,29,7,7,1,97
Calibrated450,libero_goal,6,26,30,35,30,7,7,0,300
Calibrated450,libero_goal,6,26,31,47,31,7,7,0,300
Calibrated450,libero_goal,6,26,32,49,32,7,7,1,110
Calibrated450,libero_goal,6,26,33,34,33,7,7,1,87
Calibrated450,libero_goal,6,26,34,16,34,7,7,1,92
Calibrated450,libero_goal,6,26,35,36,35,7,7,1,236
Calibrated450,libero_goal,6,26,36,44,36,7,7,1,102
Calibrated450,libero_goal,6,26,37,13,37,7,7,0,300
Calibrated450,libero_goal,6,26,38,40,38,7,7,1,91
Calibrated450,libero_goal,6,26,39,15,39,7,7,1,128
Calibrated450,libero_goal,6,26,40,32,40,7,7,0,300
Calibrated450,libero_goal,6,26,41,14,41,7,7,1,99
Calibrated450,libero_goal,6,26,42,31,42,7,7,1,87
Calibrated450,libero_goal,6,26,43,46,43,7,7,1,104
Calibrated450,libero_goal,6,26,44,10,44,7,7,0,300
Calibrated450,libero_goal,6,26,45,12,45,7,7,1,92
Calibrated450,libero_goal,6,26,46,22,46,7,7,1,106
Calibrated450,libero_goal,6,26,47,41,47,7,7,1,75
Calibrated450,libero_goal,6,26,48,0,48,7,7,0,300
Calibrated450,libero_goal,6,26,49,26,49,7,7,1,98
Calibrated450,libero_10,1,31,0,20,0,7,7,1,291
Calibrated450,libero_10,1,31,1,45,1,7,7,0,520
Calibrated450,libero_10,1,31,2,46,2,7,7,0,520
Calibrated450,libero_10,1,31,3,44,3,7,7,1,357
Calibrated450,libero_10,1,31,4,7,4,7,7,0,520
Calibrated450,libero_10,1,31,5,0,5,7,7,0,520
Calibrated450,libero_10,1,31,6,12,6,7,7,1,267
Calibrated450,libero_10,1,31,7,39,7,7,7,0,520
Calibrated450,libero_10,1,31,8,37,8,7,7,1,470
Calibrated450,libero_10,1,31,9,26,9,7,7,0,520
Calibrated450,libero_10,1,31,10,18,10,7,7,0,520
Calibrated450,libero_10,1,31,11,23,11,7,7,0,520
Calibrated450,libero_10,1,31,12,27,12,7,7,1,347
Calibrated450,libero_10,1,31,13,2,13,7,7,1,280
Calibrated450,libero_10,1,31,14,17,14,7,7,0,520
Calibrated450,libero_10,1,31,15,1,15,7,7,0,520
Calibrated450,libero_10,1,31,16,28,16,7,7,1,477
Calibrated450,libero_10,1,31,17,30,17,7,7,0,520
Calibrated450,libero_10,1,31,18,41,18,7,7,1,350
Calibrated450,libero_10,1,31,19,35,19,7,7,1,338
Calibrated450,libero_10,1,31,20,33,20,7,7,0,520
Calibrated450,libero_10,1,31,21,40,21,7,7,1,359
Calibrated450,libero_10,1,31,22,22,22,7,7,0,520
Calibrated450,libero_10,1,31,23,15,23,7,7,0,520
Calibrated450,libero_10,1,31,24,38,24,7,7,0,520
Calibrated450,libero_10,1,31,25,32,25,7,7,1,311
Calibrated450,libero_10,1,31,26,31,26,7,7,1,479
Calibrated450,libero_10,1,31,27,16,27,7,7,0,520
Calibrated450,libero_10,1,31,28,21,28,7,7,0,520
Calibrated450,libero_10,1,31,29,14,29,7,7,0,520
Calibrated450,libero_10,1,31,30,49,30,7,7,0,520
Calibrated450,libero_10,1,31,31,3,31,7,7,1,360
Calibrated450,libero_10,1,31,32,24,32,7,7,0,520
Calibrated450,libero_10,1,31,33,6,33,7,7,0,520
Calibrated450,libero_10,1,31,34,34,34,7,7,1,307
Calibrated450,libero_10,1,31,35,29,35,7,7,0,520
Calibrated450,libero_10,1,31,36,11,36,7,7,1,422
Calibrated450,libero_10,1,31,37,48,37,7,7,1,362
Calibrated450,libero_10,1,31,38,36,38,7,7,0,520
Calibrated450,libero_10,1,31,39,43,39,7,7,0,520
Calibrated450,libero_10,1,31,40,13,40,7,7,0,520
Calibrated450,libero_10,1,31,41,47,41,7,7,0,520
Calibrated450,libero_10,1,31,42,25,42,7,7,0,520
Calibrated450,libero_10,1,31,43,8,43,7,7,0,520
Calibrated450,libero_10,1,31,44,19,44,7,7,1,382
Calibrated450,libero_10,1,31,45,9,45,7,7,1,454
Calibrated450,libero_10,1,31,46,4,46,7,7,0,520
Calibrated450,libero_10,1,31,47,42,47,7,7,0,520
Calibrated450,libero_10,1,31,48,10,48,7,7,1,295
Calibrated450,libero_10,1,31,49,5,49,7,7,0,520
Calibrated450,libero_10,9,39,0,49,0,7,7,0,520
Calibrated450,libero_10,9,39,1,6,1,7,7,0,520
Calibrated450,libero_10,9,39,2,34,2,7,7,0,520
Calibrated450,libero_10,9,39,3,37,3,7,7,0,520
Calibrated450,libero_10,9,39,4,21,4,7,7,0,520
Calibrated450,libero_10,9,39,5,33,5,7,7,0,520
Calibrated450,libero_10,9,39,6,0,6,7,7,0,520
Calibrated450,libero_10,9,39,7,45,7,7,7,0,520
Calibrated450,libero_10,9,39,8,35,8,7,7,0,520
Calibrated450,libero_10,9,39,9,13,9,7,7,0,520
Calibrated450,libero_10,9,39,10,38,10,7,7,0,520
Calibrated450,libero_10,9,39,11,30,11,7,7,0,520
Calibrated450,libero_10,9,39,12,3,12,7,7,0,520
Calibrated450,libero_10,9,39,13,42,13,7,7,0,520
Calibrated450,libero_10,9,39,14,1,14,7,7,0,520
Calibrated450,libero_10,9,39,15,9,15,7,7,0,520
Calibrated450,libero_10,9,39,16,2,16,7,7,0,520
Calibrated450,libero_10,9,39,17,20,17,7,7,0,520
Calibrated450,libero_10,9,39,18,24,18,7,7,0,520
Calibrated450,libero_10,9,39,19,48,19,7,7,0,520
Calibrated450,libero_10,9,39,20,16,20,7,7,0,520
Calibrated450,libero_10,9,39,21,40,21,7,7,0,520
Calibrated450,libero_10,9,39,22,43,22,7,7,0,520
Calibrated450,libero_10,9,39,23,14,23,7,7,0,520
Calibrated450,libero_10,9,39,24,32,24,7,7,0,520
Calibrated450,libero_10,9,39,25,17,25,7,7,0,520
Calibrated450,libero_10,9,39,26,15,26,7,7,0,520
Calibrated450,libero_10,9,39,27,8,27,7,7,0,520
Calibrated450,libero_10,9,39,28,26,28,7,7,0,520
Calibrated450,libero_10,9,39,29,27,29,7,7,0,520
Calibrated450,libero_10,9,39,30,22,30,7,7,0,520
Calibrated450,libero_10,9,39,31,12,31,7,7,0,520
Calibrated450,libero_10,9,39,32,46,32,7,7,0,520
Calibrated450,libero_10,9,39,33,5,33,7,7,0,520
Calibrated450,libero_10,9,39,34,47,34,7,7,0,520
Calibrated450,libero_10,9,39,35,31,35,7,7,0,520
Calibrated450,libero_10,9,39,36,19,36,7,7,0,520
Calibrated450,libero_10,9,39,37,44,37,7,7,0,520
Calibrated450,libero_10,9,39,38,7,38,7,7,0,520
Calibrated450,libero_10,9,39,39,25,39,7,7,0,520
Calibrated450,libero_10,9,39,40,4,40,7,7,0,520
Calibrated450,libero_10,9,39,41,11,41,7,7,0,520
Calibrated450,libero_10,9,39,42,41,42,7,7,0,520
Calibrated450,libero_10,9,39,43,18,43,7,7,0,520
Calibrated450,libero_10,9,39,44,10,44,7,7,0,520
Calibrated450,libero_10,9,39,45,28,45,7,7,0,520
Calibrated450,libero_10,9,39,46,23,46,7,7,0,520
Calibrated450,libero_10,9,39,47,29,47,7,7,0,520
Calibrated450,libero_10,9,39,48,36,48,7,7,0,520
Calibrated450,libero_10,9,39,49,39,49,7,7,0,520
Calibrated450_seen,libero_spatial,0,0,32,37,32,7,7,1,75
Calibrated450_seen,libero_spatial,0,0,33,24,33,7,7,0,220
Calibrated450_seen,libero_spatial,0,0,34,41,34,7,7,1,74
Calibrated450_seen,libero_spatial,0,0,35,44,35,7,7,1,116
Calibrated450_seen,libero_spatial,1,1,32,11,32,7,7,0,220
Calibrated450_seen,libero_spatial,1,1,33,47,33,7,7,0,220
Calibrated450_seen,libero_spatial,1,1,34,0,34,7,7,0,220
Calibrated450_seen,libero_spatial,1,1,35,4,35,7,7,0,220
Calibrated450_seen,libero_spatial,2,2,32,12,32,7,7,1,95
Calibrated450_seen,libero_spatial,2,2,33,39,33,7,7,1,115
Calibrated450_seen,libero_spatial,2,2,34,19,34,7,7,1,129
Calibrated450_seen,libero_spatial,2,2,35,15,35,7,7,1,91
Calibrated450_seen,libero_spatial,4,4,32,28,32,7,7,1,196
Calibrated450_seen,libero_spatial,4,4,33,8,33,7,7,1,151
Calibrated450_seen,libero_spatial,4,4,34,0,34,7,7,1,152
Calibrated450_seen,libero_spatial,4,4,35,30,35,7,7,1,175
Calibrated450_seen,libero_spatial,5,5,32,44,32,7,7,0,220
Calibrated450_seen,libero_spatial,5,5,33,9,33,7,7,0,220
Calibrated450_seen,libero_spatial,5,5,34,46,34,7,7,0,220
Calibrated450_seen,libero_spatial,5,5,35,1,35,7,7,1,91
Calibrated450_seen,libero_spatial,7,7,32,12,32,7,7,0,220
Calibrated450_seen,libero_spatial,7,7,33,13,33,7,7,0,220
Calibrated450_seen,libero_spatial,7,7,34,8,34,7,7,1,149
Calibrated450_seen,libero_spatial,7,7,35,18,35,7,7,1,140
Calibrated450_seen,libero_object,2,12,32,23,32,7,7,0,280
Calibrated450_seen,libero_object,2,12,33,0,33,7,7,0,280
Calibrated450_seen,libero_object,2,12,34,30,34,7,7,0,280
Calibrated450_seen,libero_object,2,12,35,24,35,7,7,0,280
Calibrated450_seen,libero_object,3,13,32,15,32,7,7,0,280
Calibrated450_seen,libero_object,3,13,33,8,33,7,7,0,280
Calibrated450_seen,libero_object,3,13,34,31,34,7,7,0,280
Calibrated450_seen,libero_object,3,13,35,30,35,7,7,0,280
Calibrated450_seen,libero_object,4,14,32,7,32,7,7,1,174
Calibrated450_seen,libero_object,4,14,33,24,33,7,7,0,280
Calibrated450_seen,libero_object,4,14,34,48,34,7,7,1,126
Calibrated450_seen,libero_object,4,14,35,12,35,7,7,1,246
Calibrated450_seen,libero_object,5,15,32,14,32,7,7,0,280
Calibrated450_seen,libero_object,5,15,33,15,33,7,7,0,280
Calibrated450_seen,libero_object,5,15,34,33,34,7,7,0,280
Calibrated450_seen,libero_object,5,15,35,46,35,7,7,0,280
Calibrated450_seen,libero_object,7,17,32,16,32,7,7,0,280
Calibrated450_seen,libero_object,7,17,33,44,33,7,7,1,116
Calibrated450_seen,libero_object,7,17,34,31,34,7,7,1,141
Calibrated450_seen,libero_object,7,17,35,30,35,7,7,0,280
Calibrated450_seen,libero_object,9,19,32,23,32,7,7,0,280
Calibrated450_seen,libero_object,9,19,33,7,33,7,7,1,95
Calibrated450_seen,libero_object,9,19,34,49,34,7,7,1,111
Calibrated450_seen,libero_object,9,19,35,20,35,7,7,0,280
Calibrated450_seen,libero_goal,0,20,32,34,32,7,7,0,300
Calibrated450_seen,libero_goal,0,20,33,39,33,7,7,0,300
Calibrated450_seen,libero_goal,0,20,34,47,34,7,7,0,300
Calibrated450_seen,libero_goal,0,20,35,27,35,7,7,0,300
Calibrated450_seen,libero_goal,1,21,32,28,32,7,7,1,72
Calibrated450_seen,libero_goal,1,21,33,48,33,7,7,1,84
Calibrated450_seen,libero_goal,1,21,34,13,34,7,7,1,70
Calibrated450_seen,libero_goal,1,21,35,22,35,7,7,1,75
Calibrated450_seen,libero_goal,2,22,32,33,32,7,7,1,94
Calibrated450_seen,libero_goal,2,22,33,4,33,7,7,1,110
Calibrated450_seen,libero_goal,2,22,34,44,34,7,7,0,300
Calibrated450_seen,libero_goal,2,22,35,41,35,7,7,0,300
Calibrated450_seen,libero_goal,5,25,32,35,32,7,7,0,300
Calibrated450_seen,libero_goal,5,25,33,40,33,7,7,0,300
Calibrated450_seen,libero_goal,5,25,34,2,34,7,7,0,300
Calibrated450_seen,libero_goal,5,25,35,16,35,7,7,0,300
Calibrated450_seen,libero_goal,8,28,32,16,32,7,7,1,83
Calibrated450_seen,libero_goal,8,28,33,7,33,7,7,1,85
Calibrated450_seen,libero_goal,8,28,34,43,34,7,7,1,142
Calibrated450_seen,libero_goal,8,28,35,38,35,7,7,1,76
Calibrated450_seen,libero_goal,9,29,32,15,32,7,7,0,300
Calibrated450_seen,libero_goal,9,29,33,0,33,7,7,0,300
Calibrated450_seen,libero_goal,9,29,34,14,34,7,7,0,300
Calibrated450_seen,libero_goal,9,29,35,16,35,7,7,0,300
Calibrated450_seen,libero_10,2,32,32,38,32,7,7,1,423
Calibrated450_seen,libero_10,2,32,33,29,33,7,7,0,520
Calibrated450_seen,libero_10,2,32,34,39,34,7,7,0,520
Calibrated450_seen,libero_10,2,32,35,16,35,7,7,0,520
Calibrated450_seen,libero_10,4,34,32,36,32,7,7,0,520
Calibrated450_seen,libero_10,4,34,33,33,33,7,7,1,233
Calibrated450_seen,libero_10,4,34,34,38,34,7,7,1,290
Calibrated450_seen,libero_10,4,34,35,1,35,7,7,0,520
Calibrated450_seen,libero_10,5,35,32,33,32,7,7,0,520
Calibrated450_seen,libero_10,5,35,33,44,33,7,7,0,520
Calibrated450_seen,libero_10,5,35,34,21,34,7,7,1,169
Calibrated450_seen,libero_10,5,35,35,25,35,7,7,1,153
Calibrated450_seen,libero_10,6,36,32,41,32,7,7,0,520
Calibrated450_seen,libero_10,6,36,33,40,33,7,7,0,520
Calibrated450_seen,libero_10,6,36,34,49,34,7,7,0,520
Calibrated450_seen,libero_10,6,36,35,43,35,7,7,0,520
Calibrated450_seen,libero_10,7,37,32,19,32,7,7,0,520
Calibrated450_seen,libero_10,7,37,33,13,33,7,7,0,520
Calibrated450_seen,libero_10,7,37,34,8,34,7,7,0,520
Calibrated450_seen,libero_10,7,37,35,25,35,7,7,0,520
Calibrated450_seen,libero_10,8,38,32,46,32,7,7,0,520
Calibrated450_seen,libero_10,8,38,33,13,33,7,7,0,520
Calibrated450_seen,libero_10,8,38,34,23,34,7,7,0,520
Calibrated450_seen,libero_10,8,38,35,20,35,7,7,0,520
Calibrated450_seen,libero_90,2,42,32,30,32,7,7,1,99
Calibrated450_seen,libero_90,2,42,33,14,33,7,7,1,104
Calibrated450_seen,libero_90,2,42,34,43,34,7,7,1,121
Calibrated450_seen,libero_90,2,42,35,9,35,7,7,1,121
Calibrated450_seen,libero_90,3,43,32,18,32,7,7,1,172
Calibrated450_seen,libero_90,3,43,33,38,33,7,7,1,182
Calibrated450_seen,libero_90,3,43,34,4,34,7,7,1,187
Calibrated450_seen,libero_90,3,43,35,49,35,7,7,0,400
Calibrated450_seen,libero_90,11,51,32,17,32,7,7,1,76
Calibrated450_seen,libero_90,11,51,33,22,33,7,7,1,69
Calibrated450_seen,libero_90,11,51,34,19,34,7,7,1,62
Calibrated450_seen,libero_90,11,51,35,14,35,7,7,1,62
Calibrated450_seen,libero_90,15,55,32,25,32,7,7,1,145
Calibrated450_seen,libero_90,15,55,33,5,33,7,7,1,133
Calibrated450_seen,libero_90,15,55,34,32,34,7,7,1,187
Calibrated450_seen,libero_90,15,55,35,1,35,7,7,1,121
Calibrated450_seen,libero_90,16,56,32,4,32,7,7,0,400
Calibrated450_seen,libero_90,16,56,33,47,33,7,7,0,400
Calibrated450_seen,libero_90,16,56,34,30,34,7,7,0,400
Calibrated450_seen,libero_90,16,56,35,24,35,7,7,1,106
Calibrated450_seen,libero_90,22,62,32,46,32,7,7,1,99
Calibrated450_seen,libero_90,22,62,33,47,33,7,7,1,106
Calibrated450_seen,libero_90,22,62,34,44,34,7,7,1,99
Calibrated450_seen,libero_90,22,62,35,37,35,7,7,1,110
Calibrated450_seen,libero_90,24,64,32,31,32,7,7,1,102
Calibrated450_seen,libero_90,24,64,33,44,33,7,7,1,112
Calibrated450_seen,libero_90,24,64,34,21,34,7,7,1,104
Calibrated450_seen,libero_90,24,64,35,38,35,7,7,1,120
Calibrated450_seen,libero_90,33,73,32,10,32,7,7,1,194
Calibrated450_seen,libero_90,33,73,33,17,33,7,7,0,400
Calibrated450_seen,libero_90,33,73,34,44,34,7,7,1,201
Calibrated450_seen,libero_90,33,73,35,47,35,7,7,1,220
Calibrated450_seen,libero_90,55,95,32,43,32,7,7,1,99
Calibrated450_seen,libero_90,55,95,33,15,33,7,7,1,159
Calibrated450_seen,libero_90,55,95,34,9,34,7,7,1,104
Calibrated450_seen,libero_90,55,95,35,38,35,7,7,0,400
Calibrated450_seen,libero_90,56,96,32,1,32,7,7,1,77
Calibrated450_seen,libero_90,56,96,33,15,33,7,7,1,86
Calibrated450_seen,libero_90,56,96,34,49,34,7,7,1,89
Calibrated450_seen,libero_90,56,96,35,0,35,7,7,1,77
Calibrated450_seen,libero_90,57,97,32,16,32,7,7,1,133
Calibrated450_seen,libero_90,57,97,33,9,33,7,7,1,126
Calibrated450_seen,libero_90,57,97,34,0,34,7,7,1,137
Calibrated450_seen,libero_90,57,97,35,6,35,7,7,0,400
Calibrated450_seen,libero_90,61,101,32,31,32,7,7,1,168
Calibrated450_seen,libero_90,61,101,33,18,33,7,7,1,137
Calibrated450_seen,libero_90,61,101,34,32,34,7,7,1,126
Calibrated450_seen,libero_90,61,101,35,7,35,7,7,1,138
RL_63_official_ODE,libero_spatial,3,3,0,24,0,7,7,1,115
RL_63_official_ODE,libero_spatial,3,3,1,13,1,7,7,1,95
RL_63_official_ODE,libero_spatial,3,3,2,5,2,7,7,1,95
RL_63_official_ODE,libero_spatial,3,3,3,47,3,7,7,1,100
RL_63_official_ODE,libero_spatial,3,3,4,28,4,7,7,1,105
RL_63_official_ODE,libero_spatial,3,3,5,3,5,7,7,1,106
RL_63_official_ODE,libero_spatial,3,3,6,45,6,7,7,1,80
RL_63_official_ODE,libero_spatial,3,3,7,29,7,7,7,1,97
RL_63_official_ODE,libero_spatial,3,3,8,38,8,7,7,1,103
RL_63_official_ODE,libero_spatial,3,3,9,25,9,7,7,1,97
RL_63_official_ODE,libero_spatial,3,3,10,22,10,7,7,1,96
RL_63_official_ODE,libero_spatial,3,3,11,14,11,7,7,1,185
RL_63_official_ODE,libero_spatial,3,3,12,15,12,7,7,1,107
RL_63_official_ODE,libero_spatial,3,3,13,9,13,7,7,1,94
RL_63_official_ODE,libero_spatial,3,3,14,7,14,7,7,1,96
RL_63_official_ODE,libero_spatial,3,3,15,36,15,7,7,1,75
RL_63_official_ODE,libero_spatial,3,3,16,39,16,7,7,1,117
RL_63_official_ODE,libero_spatial,3,3,17,26,17,7,7,1,94
RL_63_official_ODE,libero_spatial,3,3,18,42,18,7,7,1,106
RL_63_official_ODE,libero_spatial,3,3,19,12,19,7,7,1,83
RL_63_official_ODE,libero_spatial,3,3,20,8,20,7,7,1,111
RL_63_official_ODE,libero_spatial,3,3,21,4,21,7,7,1,93
RL_63_official_ODE,libero_spatial,3,3,22,46,22,7,7,1,93
RL_63_official_ODE,libero_spatial,3,3,23,49,23,7,7,1,101
RL_63_official_ODE,libero_spatial,3,3,24,27,24,7,7,1,103
RL_63_official_ODE,libero_spatial,3,3,25,40,25,7,7,1,89
RL_63_official_ODE,libero_spatial,3,3,26,31,26,7,7,1,84
RL_63_official_ODE,libero_spatial,3,3,27,21,27,7,7,0,220
RL_63_official_ODE,libero_spatial,3,3,28,10,28,7,7,0,220
RL_63_official_ODE,libero_spatial,3,3,29,17,29,7,7,0,220
RL_63_official_ODE,libero_spatial,3,3,30,30,30,7,7,1,102
RL_63_official_ODE,libero_spatial,3,3,31,32,31,7,7,1,157
RL_63_official_ODE,libero_spatial,3,3,32,6,32,7,7,1,78
RL_63_official_ODE,libero_spatial,3,3,33,34,33,7,7,1,102
RL_63_official_ODE,libero_spatial,3,3,34,41,34,7,7,1,95
RL_63_official_ODE,libero_spatial,3,3,35,16,35,7,7,1,85
RL_63_official_ODE,libero_spatial,3,3,36,20,36,7,7,1,95
RL_63_official_ODE,libero_spatial,3,3,37,1,37,7,7,1,107
RL_63_official_ODE,libero_spatial,3,3,38,23,38,7,7,1,99
RL_63_official_ODE,libero_spatial,3,3,39,48,39,7,7,1,91
RL_63_official_ODE,libero_spatial,3,3,40,43,40,7,7,1,93
RL_63_official_ODE,libero_spatial,3,3,41,11,41,7,7,0,220
RL_63_official_ODE,libero_spatial,3,3,42,33,42,7,7,1,136
RL_63_official_ODE,libero_spatial,3,3,43,44,43,7,7,1,87
RL_63_official_ODE,libero_spatial,3,3,44,37,44,7,7,1,100
RL_63_official_ODE,libero_spatial,3,3,45,35,45,7,7,1,97
RL_63_official_ODE,libero_spatial,3,3,46,19,46,7,7,1,100
RL_63_official_ODE,libero_spatial,3,3,47,18,47,7,7,1,95
RL_63_official_ODE,libero_spatial,3,3,48,2,48,7,7,1,107
RL_63_official_ODE,libero_spatial,3,3,49,0,49,7,7,0,220
RL_63_official_ODE,libero_spatial,6,6,0,34,0,7,7,0,220
RL_63_official_ODE,libero_spatial,6,6,1,27,1,7,7,0,220
RL_63_official_ODE,libero_spatial,6,6,2,16,2,7,7,0,220
RL_63_official_ODE,libero_spatial,6,6,3,49,3,7,7,0,220
RL_63_official_ODE,libero_spatial,6,6,4,14,4,7,7,0,220
RL_63_official_ODE,libero_spatial,6,6,5,40,5,7,7,0,220
RL_63_official_ODE,libero_spatial,6,6,6,39,6,7,7,1,152
RL_63_official_ODE,libero_spatial,6,6,7,23,7,7,7,0,220
RL_63_official_ODE,libero_spatial,6,6,8,22,8,7,7,0,220
RL_63_official_ODE,libero_spatial,6,6,9,28,9,7,7,0,220
RL_63_official_ODE,libero_spatial,6,6,10,37,10,7,7,0,220
RL_63_official_ODE,libero_spatial,6,6,11,25,11,7,7,0,220
RL_63_official_ODE,libero_spatial,6,6,12,46,12,7,7,0,220
RL_63_official_ODE,libero_spatial,6,6,13,35,13,7,7,0,220
RL_63_official_ODE,libero_spatial,6,6,14,10,14,7,7,0,220
RL_63_official_ODE,libero_spatial,6,6,15,8,15,7,7,0,220
RL_63_official_ODE,libero_spatial,6,6,16,41,16,7,7,0,220
RL_63_official_ODE,libero_spatial,6,6,17,43,17,7,7,0,220
RL_63_official_ODE,libero_spatial,6,6,18,48,18,7,7,0,220
RL_63_official_ODE,libero_spatial,6,6,19,36,19,7,7,0,220
RL_63_official_ODE,libero_spatial,6,6,20,26,20,7,7,0,220
RL_63_official_ODE,libero_spatial,6,6,21,31,21,7,7,0,220
RL_63_official_ODE,libero_spatial,6,6,22,20,22,7,7,0,220
RL_63_official_ODE,libero_spatial,6,6,23,13,23,7,7,0,220
RL_63_official_ODE,libero_spatial,6,6,24,44,24,7,7,0,220
RL_63_official_ODE,libero_spatial,6,6,25,32,25,7,7,0,220
RL_63_official_ODE,libero_spatial,6,6,26,18,26,7,7,1,112
RL_63_official_ODE,libero_spatial,6,6,27,19,27,7,7,0,220
RL_63_official_ODE,libero_spatial,6,6,28,2,28,7,7,0,220
RL_63_official_ODE,libero_spatial,6,6,29,47,29,7,7,0,220
RL_63_official_ODE,libero_spatial,6,6,30,9,30,7,7,0,220
RL_63_official_ODE,libero_spatial,6,6,31,0,31,7,7,0,220
RL_63_official_ODE,libero_spatial,6,6,32,38,32,7,7,0,220
RL_63_official_ODE,libero_spatial,6,6,33,7,33,7,7,0,220
RL_63_official_ODE,libero_spatial,6,6,34,17,34,7,7,0,220
RL_63_official_ODE,libero_spatial,6,6,35,24,35,7,7,0,220
RL_63_official_ODE,libero_spatial,6,6,36,30,36,7,7,1,114
RL_63_official_ODE,libero_spatial,6,6,37,11,37,7,7,0,220
RL_63_official_ODE,libero_spatial,6,6,38,33,38,7,7,0,220
RL_63_official_ODE,libero_spatial,6,6,39,4,39,7,7,0,220
RL_63_official_ODE,libero_spatial,6,6,40,6,40,7,7,0,220
RL_63_official_ODE,libero_spatial,6,6,41,15,41,7,7,0,220
RL_63_official_ODE,libero_spatial,6,6,42,45,42,7,7,0,220
RL_63_official_ODE,libero_spatial,6,6,43,3,43,7,7,0,220
RL_63_official_ODE,libero_spatial,6,6,44,29,44,7,7,0,220
RL_63_official_ODE,libero_spatial,6,6,45,12,45,7,7,0,220
RL_63_official_ODE,libero_spatial,6,6,46,21,46,7,7,0,220
RL_63_official_ODE,libero_spatial,6,6,47,1,47,7,7,1,130
RL_63_official_ODE,libero_spatial,6,6,48,5,48,7,7,0,220
RL_63_official_ODE,libero_spatial,6,6,49,42,49,7,7,1,121
RL_63_official_ODE,libero_object,1,11,0,22,0,7,7,1,213
RL_63_official_ODE,libero_object,1,11,1,0,1,7,7,1,207
RL_63_official_ODE,libero_object,1,11,2,33,2,7,7,0,280
RL_63_official_ODE,libero_object,1,11,3,35,3,7,7,1,148
RL_63_official_ODE,libero_object,1,11,4,7,4,7,7,1,143
RL_63_official_ODE,libero_object,1,11,5,11,5,7,7,1,155
RL_63_official_ODE,libero_object,1,11,6,15,6,7,7,1,155
RL_63_official_ODE,libero_object,1,11,7,44,7,7,7,1,182
RL_63_official_ODE,libero_object,1,11,8,5,8,7,7,1,143
RL_63_official_ODE,libero_object,1,11,9,17,9,7,7,1,215
RL_63_official_ODE,libero_object,1,11,10,3,10,7,7,1,193
RL_63_official_ODE,libero_object,1,11,11,32,11,7,7,1,132
RL_63_official_ODE,libero_object,1,11,12,21,12,7,7,1,256
RL_63_official_ODE,libero_object,1,11,13,39,13,7,7,1,145
RL_63_official_ODE,libero_object,1,11,14,41,14,7,7,1,142
RL_63_official_ODE,libero_object,1,11,15,2,15,7,7,1,196
RL_63_official_ODE,libero_object,1,11,16,31,16,7,7,1,172
RL_63_official_ODE,libero_object,1,11,17,23,17,7,7,1,229
RL_63_official_ODE,libero_object,1,11,18,42,18,7,7,0,280
RL_63_official_ODE,libero_object,1,11,19,18,19,7,7,1,155
RL_63_official_ODE,libero_object,1,11,20,37,20,7,7,0,280
RL_63_official_ODE,libero_object,1,11,21,26,21,7,7,0,280
RL_63_official_ODE,libero_object,1,11,22,19,22,7,7,1,168
RL_63_official_ODE,libero_object,1,11,23,9,23,7,7,1,170
RL_63_official_ODE,libero_object,1,11,24,10,24,7,7,1,132
RL_63_official_ODE,libero_object,1,11,25,49,25,7,7,1,133
RL_63_official_ODE,libero_object,1,11,26,48,26,7,7,1,143
RL_63_official_ODE,libero_object,1,11,27,14,27,7,7,1,133
RL_63_official_ODE,libero_object,1,11,28,6,28,7,7,1,152
RL_63_official_ODE,libero_object,1,11,29,13,29,7,7,1,145
RL_63_official_ODE,libero_object,1,11,30,24,30,7,7,0,280
RL_63_official_ODE,libero_object,1,11,31,16,31,7,7,1,165
RL_63_official_ODE,libero_object,1,11,32,40,32,7,7,1,178
RL_63_official_ODE,libero_object,1,11,33,20,33,7,7,1,257
RL_63_official_ODE,libero_object,1,11,34,25,34,7,7,1,146
RL_63_official_ODE,libero_object,1,11,35,47,35,7,7,1,147
RL_63_official_ODE,libero_object,1,11,36,4,36,7,7,1,142
RL_63_official_ODE,libero_object,1,11,37,1,37,7,7,1,198
RL_63_official_ODE,libero_object,1,11,38,38,38,7,7,0,280
RL_63_official_ODE,libero_object,1,11,39,36,39,7,7,1,138
RL_63_official_ODE,libero_object,1,11,40,27,40,7,7,1,205
RL_63_official_ODE,libero_object,1,11,41,12,41,7,7,1,152
RL_63_official_ODE,libero_object,1,11,42,46,42,7,7,1,133
RL_63_official_ODE,libero_object,1,11,43,29,43,7,7,1,180
RL_63_official_ODE,libero_object,1,11,44,43,44,7,7,1,147
RL_63_official_ODE,libero_object,1,11,45,8,45,7,7,1,140
RL_63_official_ODE,libero_object,1,11,46,45,46,7,7,1,145
RL_63_official_ODE,libero_object,1,11,47,34,47,7,7,1,142
RL_63_official_ODE,libero_object,1,11,48,28,48,7,7,1,195
RL_63_official_ODE,libero_object,1,11,49,30,49,7,7,0,280
RL_63_official_ODE,libero_object,6,16,0,47,0,7,7,0,280
RL_63_official_ODE,libero_object,6,16,1,33,1,7,7,0,280
RL_63_official_ODE,libero_object,6,16,2,28,2,7,7,1,167
RL_63_official_ODE,libero_object,6,16,3,46,3,7,7,0,280
RL_63_official_ODE,libero_object,6,16,4,32,4,7,7,0,280
RL_63_official_ODE,libero_object,6,16,5,1,5,7,7,0,280
RL_63_official_ODE,libero_object,6,16,6,24,6,7,7,0,280
RL_63_official_ODE,libero_object,6,16,7,43,7,7,7,0,280
RL_63_official_ODE,libero_object,6,16,8,39,8,7,7,1,276
RL_63_official_ODE,libero_object,6,16,9,42,9,7,7,0,280
RL_63_official_ODE,libero_object,6,16,10,49,10,7,7,0,280
RL_63_official_ODE,libero_object,6,16,11,5,11,7,7,0,280
RL_63_official_ODE,libero_object,6,16,12,25,12,7,7,0,280
RL_63_official_ODE,libero_object,6,16,13,37,13,7,7,0,280
RL_63_official_ODE,libero_object,6,16,14,31,14,7,7,0,280
RL_63_official_ODE,libero_object,6,16,15,15,15,7,7,0,280
RL_63_official_ODE,libero_object,6,16,16,26,16,7,7,0,280
RL_63_official_ODE,libero_object,6,16,17,19,17,7,7,0,280
RL_63_official_ODE,libero_object,6,16,18,17,18,7,7,0,280
RL_63_official_ODE,libero_object,6,16,19,23,19,7,7,1,239
RL_63_official_ODE,libero_object,6,16,20,34,20,7,7,0,280
RL_63_official_ODE,libero_object,6,16,21,4,21,7,7,0,280
RL_63_official_ODE,libero_object,6,16,22,35,22,7,7,0,280
RL_63_official_ODE,libero_object,6,16,23,6,23,7,7,0,280
RL_63_official_ODE,libero_object,6,16,24,36,24,7,7,0,280
RL_63_official_ODE,libero_object,6,16,25,8,25,7,7,0,280
RL_63_official_ODE,libero_object,6,16,26,44,26,7,7,0,280
RL_63_official_ODE,libero_object,6,16,27,0,27,7,7,0,280
RL_63_official_ODE,libero_object,6,16,28,3,28,7,7,0,280
RL_63_official_ODE,libero_object,6,16,29,30,29,7,7,0,280
RL_63_official_ODE,libero_object,6,16,30,29,30,7,7,0,280
RL_63_official_ODE,libero_object,6,16,31,41,31,7,7,0,280
RL_63_official_ODE,libero_object,6,16,32,13,32,7,7,0,280
RL_63_official_ODE,libero_object,6,16,33,18,33,7,7,0,280
RL_63_official_ODE,libero_object,6,16,34,21,34,7,7,0,280
RL_63_official_ODE,libero_object,6,16,35,2,35,7,7,0,280
RL_63_official_ODE,libero_object,6,16,36,38,36,7,7,0,280
RL_63_official_ODE,libero_object,6,16,37,10,37,7,7,1,226
RL_63_official_ODE,libero_object,6,16,38,48,38,7,7,0,280
RL_63_official_ODE,libero_object,6,16,39,11,39,7,7,0,280
RL_63_official_ODE,libero_object,6,16,40,16,40,7,7,0,280
RL_63_official_ODE,libero_object,6,16,41,12,41,7,7,0,280
RL_63_official_ODE,libero_object,6,16,42,27,42,7,7,0,280
RL_63_official_ODE,libero_object,6,16,43,9,43,7,7,1,245
RL_63_official_ODE,libero_object,6,16,44,14,44,7,7,0,280
RL_63_official_ODE,libero_object,6,16,45,20,45,7,7,1,218
RL_63_official_ODE,libero_object,6,16,46,40,46,7,7,1,182
RL_63_official_ODE,libero_object,6,16,47,7,47,7,7,0,280
RL_63_official_ODE,libero_object,6,16,48,22,48,7,7,0,280
RL_63_official_ODE,libero_object,6,16,49,45,49,7,7,0,280
RL_63_official_ODE,libero_goal,3,23,0,30,0,7,7,0,300
RL_63_official_ODE,libero_goal,3,23,1,46,1,7,7,0,300
RL_63_official_ODE,libero_goal,3,23,2,40,2,7,7,0,300
RL_63_official_ODE,libero_goal,3,23,3,38,3,7,7,0,300
RL_63_official_ODE,libero_goal,3,23,4,17,4,7,7,0,300
RL_63_official_ODE,libero_goal,3,23,5,4,5,7,7,0,300
RL_63_official_ODE,libero_goal,3,23,6,1,6,7,7,0,300
RL_63_official_ODE,libero_goal,3,23,7,36,7,7,7,0,300
RL_63_official_ODE,libero_goal,3,23,8,20,8,7,7,0,300
RL_63_official_ODE,libero_goal,3,23,9,43,9,7,7,0,300
RL_63_official_ODE,libero_goal,3,23,10,0,10,7,7,0,300
RL_63_official_ODE,libero_goal,3,23,11,8,11,7,7,0,300
RL_63_official_ODE,libero_goal,3,23,12,18,12,7,7,0,300
RL_63_official_ODE,libero_goal,3,23,13,29,13,7,7,0,300
RL_63_official_ODE,libero_goal,3,23,14,12,14,7,7,0,300
RL_63_official_ODE,libero_goal,3,23,15,33,15,7,7,0,300
RL_63_official_ODE,libero_goal,3,23,16,39,16,7,7,0,300
RL_63_official_ODE,libero_goal,3,23,17,26,17,7,7,0,300
RL_63_official_ODE,libero_goal,3,23,18,23,18,7,7,0,300
RL_63_official_ODE,libero_goal,3,23,19,7,19,7,7,0,300
RL_63_official_ODE,libero_goal,3,23,20,9,20,7,7,0,300
RL_63_official_ODE,libero_goal,3,23,21,11,21,7,7,0,300
RL_63_official_ODE,libero_goal,3,23,22,3,22,7,7,0,300
RL_63_official_ODE,libero_goal,3,23,23,31,23,7,7,0,300
RL_63_official_ODE,libero_goal,3,23,24,45,24,7,7,0,300
RL_63_official_ODE,libero_goal,3,23,25,44,25,7,7,0,300
RL_63_official_ODE,libero_goal,3,23,26,27,26,7,7,0,300
RL_63_official_ODE,libero_goal,3,23,27,42,27,7,7,0,300
RL_63_official_ODE,libero_goal,3,23,28,10,28,7,7,0,300
RL_63_official_ODE,libero_goal,3,23,29,2,29,7,7,0,300
RL_63_official_ODE,libero_goal,3,23,30,34,30,7,7,0,300
RL_63_official_ODE,libero_goal,3,23,31,13,31,7,7,0,300
RL_63_official_ODE,libero_goal,3,23,32,25,32,7,7,0,300
RL_63_official_ODE,libero_goal,3,23,33,47,33,7,7,0,300
RL_63_official_ODE,libero_goal,3,23,34,37,34,7,7,0,300
RL_63_official_ODE,libero_goal,3,23,35,28,35,7,7,0,300
RL_63_official_ODE,libero_goal,3,23,36,21,36,7,7,0,300
RL_63_official_ODE,libero_goal,3,23,37,49,37,7,7,0,300
RL_63_official_ODE,libero_goal,3,23,38,16,38,7,7,0,300
RL_63_official_ODE,libero_goal,3,23,39,35,39,7,7,0,300
RL_63_official_ODE,libero_goal,3,23,40,19,40,7,7,0,300
RL_63_official_ODE,libero_goal,3,23,41,15,41,7,7,0,300
RL_63_official_ODE,libero_goal,3,23,42,41,42,7,7,0,300
RL_63_official_ODE,libero_goal,3,23,43,48,43,7,7,0,300
RL_63_official_ODE,libero_goal,3,23,44,5,44,7,7,0,300
RL_63_official_ODE,libero_goal,3,23,45,6,45,7,7,0,300
RL_63_official_ODE,libero_goal,3,23,46,32,46,7,7,0,300
RL_63_official_ODE,libero_goal,3,23,47,22,47,7,7,0,300
RL_63_official_ODE,libero_goal,3,23,48,14,48,7,7,0,300
RL_63_official_ODE,libero_goal,3,23,49,24,49,7,7,0,300
RL_63_official_ODE,libero_goal,6,26,0,29,0,7,7,1,104
RL_63_official_ODE,libero_goal,6,26,1,8,1,7,7,1,128
RL_63_official_ODE,libero_goal,6,26,2,11,2,7,7,1,107
RL_63_official_ODE,libero_goal,6,26,3,30,3,7,7,1,104
RL_63_official_ODE,libero_goal,6,26,4,38,4,7,7,1,105
RL_63_official_ODE,libero_goal,6,26,5,37,5,7,7,0,300
RL_63_official_ODE,libero_goal,6,26,6,45,6,7,7,1,116
RL_63_official_ODE,libero_goal,6,26,7,24,7,7,7,1,96
RL_63_official_ODE,libero_goal,6,26,8,39,8,7,7,1,106
RL_63_official_ODE,libero_goal,6,26,9,18,9,7,7,1,84
RL_63_official_ODE,libero_goal,6,26,10,23,10,7,7,0,300
RL_63_official_ODE,libero_goal,6,26,11,6,11,7,7,1,102
RL_63_official_ODE,libero_goal,6,26,12,5,12,7,7,1,125
RL_63_official_ODE,libero_goal,6,26,13,19,13,7,7,1,92
RL_63_official_ODE,libero_goal,6,26,14,17,14,7,7,1,97
RL_63_official_ODE,libero_goal,6,26,15,20,15,7,7,1,128
RL_63_official_ODE,libero_goal,6,26,16,4,16,7,7,0,300
RL_63_official_ODE,libero_goal,6,26,17,2,17,7,7,1,112
RL_63_official_ODE,libero_goal,6,26,18,1,18,7,7,1,87
RL_63_official_ODE,libero_goal,6,26,19,43,19,7,7,1,180
RL_63_official_ODE,libero_goal,6,26,20,28,20,7,7,0,300
RL_63_official_ODE,libero_goal,6,26,21,7,21,7,7,1,116
RL_63_official_ODE,libero_goal,6,26,22,3,22,7,7,0,300
RL_63_official_ODE,libero_goal,6,26,23,21,23,7,7,1,127
RL_63_official_ODE,libero_goal,6,26,24,25,24,7,7,0,300
RL_63_official_ODE,libero_goal,6,26,25,9,25,7,7,1,98
RL_63_official_ODE,libero_goal,6,26,26,42,26,7,7,1,134
RL_63_official_ODE,libero_goal,6,26,27,27,27,7,7,1,94
RL_63_official_ODE,libero_goal,6,26,28,48,28,7,7,1,116
RL_63_official_ODE,libero_goal,6,26,29,33,29,7,7,1,117
RL_63_official_ODE,libero_goal,6,26,30,35,30,7,7,1,103
RL_63_official_ODE,libero_goal,6,26,31,47,31,7,7,0,300
RL_63_official_ODE,libero_goal,6,26,32,49,32,7,7,0,300
RL_63_official_ODE,libero_goal,6,26,33,34,33,7,7,1,108
RL_63_official_ODE,libero_goal,6,26,34,16,34,7,7,1,123
RL_63_official_ODE,libero_goal,6,26,35,36,35,7,7,0,300
RL_63_official_ODE,libero_goal,6,26,36,44,36,7,7,1,121
RL_63_official_ODE,libero_goal,6,26,37,13,37,7,7,0,300
RL_63_official_ODE,libero_goal,6,26,38,40,38,7,7,0,300
RL_63_official_ODE,libero_goal,6,26,39,15,39,7,7,1,107
RL_63_official_ODE,libero_goal,6,26,40,32,40,7,7,0,300
RL_63_official_ODE,libero_goal,6,26,41,14,41,7,7,1,127
RL_63_official_ODE,libero_goal,6,26,42,31,42,7,7,1,90
RL_63_official_ODE,libero_goal,6,26,43,46,43,7,7,0,300
RL_63_official_ODE,libero_goal,6,26,44,10,44,7,7,0,300
RL_63_official_ODE,libero_goal,6,26,45,12,45,7,7,1,109
RL_63_official_ODE,libero_goal,6,26,46,22,46,7,7,1,118
RL_63_official_ODE,libero_goal,6,26,47,41,47,7,7,1,113
RL_63_official_ODE,libero_goal,6,26,48,0,48,7,7,0,300
RL_63_official_ODE,libero_goal,6,26,49,26,49,7,7,1,197
RL_63_official_ODE,libero_10,1,31,0,20,0,7,7,1,302
RL_63_official_ODE,libero_10,1,31,1,45,1,7,7,0,520
RL_63_official_ODE,libero_10,1,31,2,46,2,7,7,0,520
RL_63_official_ODE,libero_10,1,31,3,44,3,7,7,0,520
RL_63_official_ODE,libero_10,1,31,4,7,4,7,7,0,520
RL_63_official_ODE,libero_10,1,31,5,0,5,7,7,0,520
RL_63_official_ODE,libero_10,1,31,6,12,6,7,7,1,428
RL_63_official_ODE,libero_10,1,31,7,39,7,7,7,0,520
RL_63_official_ODE,libero_10,1,31,8,37,8,7,7,0,520
RL_63_official_ODE,libero_10,1,31,9,26,9,7,7,1,422
RL_63_official_ODE,libero_10,1,31,10,18,10,7,7,0,520
RL_63_official_ODE,libero_10,1,31,11,23,11,7,7,0,520
RL_63_official_ODE,libero_10,1,31,12,27,12,7,7,1,297
RL_63_official_ODE,libero_10,1,31,13,2,13,7,7,1,319
RL_63_official_ODE,libero_10,1,31,14,17,14,7,7,0,520
RL_63_official_ODE,libero_10,1,31,15,1,15,7,7,0,520
RL_63_official_ODE,libero_10,1,31,16,28,16,7,7,0,520
RL_63_official_ODE,libero_10,1,31,17,30,17,7,7,0,520
RL_63_official_ODE,libero_10,1,31,18,41,18,7,7,1,423
RL_63_official_ODE,libero_10,1,31,19,35,19,7,7,0,520
RL_63_official_ODE,libero_10,1,31,20,33,20,7,7,1,365
RL_63_official_ODE,libero_10,1,31,21,40,21,7,7,0,520
RL_63_official_ODE,libero_10,1,31,22,22,22,7,7,0,520
RL_63_official_ODE,libero_10,1,31,23,15,23,7,7,0,520
RL_63_official_ODE,libero_10,1,31,24,38,24,7,7,0,520
RL_63_official_ODE,libero_10,1,31,25,32,25,7,7,0,520
RL_63_official_ODE,libero_10,1,31,26,31,26,7,7,1,382
RL_63_official_ODE,libero_10,1,31,27,16,27,7,7,1,347
RL_63_official_ODE,libero_10,1,31,28,21,28,7,7,0,520
RL_63_official_ODE,libero_10,1,31,29,14,29,7,7,0,520
RL_63_official_ODE,libero_10,1,31,30,49,30,7,7,1,431
RL_63_official_ODE,libero_10,1,31,31,3,31,7,7,1,427
RL_63_official_ODE,libero_10,1,31,32,24,32,7,7,0,520
RL_63_official_ODE,libero_10,1,31,33,6,33,7,7,0,520
RL_63_official_ODE,libero_10,1,31,34,34,34,7,7,0,520
RL_63_official_ODE,libero_10,1,31,35,29,35,7,7,0,520
RL_63_official_ODE,libero_10,1,31,36,11,36,7,7,1,362
RL_63_official_ODE,libero_10,1,31,37,48,37,7,7,1,373
RL_63_official_ODE,libero_10,1,31,38,36,38,7,7,0,520
RL_63_official_ODE,libero_10,1,31,39,43,39,7,7,1,438
RL_63_official_ODE,libero_10,1,31,40,13,40,7,7,0,520
RL_63_official_ODE,libero_10,1,31,41,47,41,7,7,1,446
RL_63_official_ODE,libero_10,1,31,42,25,42,7,7,0,520
RL_63_official_ODE,libero_10,1,31,43,8,43,7,7,0,520
RL_63_official_ODE,libero_10,1,31,44,19,44,7,7,1,486
RL_63_official_ODE,libero_10,1,31,45,9,45,7,7,0,520
RL_63_official_ODE,libero_10,1,31,46,4,46,7,7,1,365
RL_63_official_ODE,libero_10,1,31,47,42,47,7,7,0,520
RL_63_official_ODE,libero_10,1,31,48,10,48,7,7,1,423
RL_63_official_ODE,libero_10,1,31,49,5,49,7,7,1,362
RL_63_official_ODE,libero_10,9,39,0,49,0,7,7,0,520
RL_63_official_ODE,libero_10,9,39,1,6,1,7,7,0,520
RL_63_official_ODE,libero_10,9,39,2,34,2,7,7,0,520
RL_63_official_ODE,libero_10,9,39,3,37,3,7,7,0,520
RL_63_official_ODE,libero_10,9,39,4,21,4,7,7,0,520
RL_63_official_ODE,libero_10,9,39,5,33,5,7,7,0,520
RL_63_official_ODE,libero_10,9,39,6,0,6,7,7,0,520
RL_63_official_ODE,libero_10,9,39,7,45,7,7,7,0,520
RL_63_official_ODE,libero_10,9,39,8,35,8,7,7,0,520
RL_63_official_ODE,libero_10,9,39,9,13,9,7,7,0,520
RL_63_official_ODE,libero_10,9,39,10,38,10,7,7,0,520
RL_63_official_ODE,libero_10,9,39,11,30,11,7,7,0,520
RL_63_official_ODE,libero_10,9,39,12,3,12,7,7,0,520
RL_63_official_ODE,libero_10,9,39,13,42,13,7,7,0,520
RL_63_official_ODE,libero_10,9,39,14,1,14,7,7,0,520
RL_63_official_ODE,libero_10,9,39,15,9,15,7,7,0,520
RL_63_official_ODE,libero_10,9,39,16,2,16,7,7,0,520
RL_63_official_ODE,libero_10,9,39,17,20,17,7,7,0,520
RL_63_official_ODE,libero_10,9,39,18,24,18,7,7,0,520
RL_63_official_ODE,libero_10,9,39,19,48,19,7,7,0,520
RL_63_official_ODE,libero_10,9,39,20,16,20,7,7,0,520
RL_63_official_ODE,libero_10,9,39,21,40,21,7,7,0,520
RL_63_official_ODE,libero_10,9,39,22,43,22,7,7,0,520
RL_63_official_ODE,libero_10,9,39,23,14,23,7,7,0,520
RL_63_official_ODE,libero_10,9,39,24,32,24,7,7,0,520
RL_63_official_ODE,libero_10,9,39,25,17,25,7,7,0,520
RL_63_official_ODE,libero_10,9,39,26,15,26,7,7,0,520
RL_63_official_ODE,libero_10,9,39,27,8,27,7,7,0,520
RL_63_official_ODE,libero_10,9,39,28,26,28,7,7,0,520
RL_63_official_ODE,libero_10,9,39,29,27,29,7,7,0,520
RL_63_official_ODE,libero_10,9,39,30,22,30,7,7,0,520
RL_63_official_ODE,libero_10,9,39,31,12,31,7,7,0,520
RL_63_official_ODE,libero_10,9,39,32,46,32,7,7,0,520
RL_63_official_ODE,libero_10,9,39,33,5,33,7,7,0,520
RL_63_official_ODE,libero_10,9,39,34,47,34,7,7,0,520
RL_63_official_ODE,libero_10,9,39,35,31,35,7,7,0,520
RL_63_official_ODE,libero_10,9,39,36,19,36,7,7,0,520
RL_63_official_ODE,libero_10,9,39,37,44,37,7,7,0,520
RL_63_official_ODE,libero_10,9,39,38,7,38,7,7,0,520
RL_63_official_ODE,libero_10,9,39,39,25,39,7,7,0,520
RL_63_official_ODE,libero_10,9,39,40,4,40,7,7,0,520
RL_63_official_ODE,libero_10,9,39,41,11,41,7,7,0,520
RL_63_official_ODE,libero_10,9,39,42,41,42,7,7,0,520
RL_63_official_ODE,libero_10,9,39,43,18,43,7,7,0,520
RL_63_official_ODE,libero_10,9,39,44,10,44,7,7,0,520
RL_63_official_ODE,libero_10,9,39,45,28,45,7,7,0,520
RL_63_official_ODE,libero_10,9,39,46,23,46,7,7,0,520
RL_63_official_ODE,libero_10,9,39,47,29,47,7,7,0,520
RL_63_official_ODE,libero_10,9,39,48,36,48,7,7,0,520
RL_63_official_ODE,libero_10,9,39,49,39,49,7,7,0,520
RL_72_official_ODE,libero_spatial,3,3,0,24,0,7,7,0,220
RL_72_official_ODE,libero_spatial,3,3,1,13,1,7,7,1,94
RL_72_official_ODE,libero_spatial,3,3,2,5,2,7,7,1,89
RL_72_official_ODE,libero_spatial,3,3,3,47,3,7,7,1,101
RL_72_official_ODE,libero_spatial,3,3,4,28,4,7,7,1,102
RL_72_official_ODE,libero_spatial,3,3,5,3,5,7,7,1,108
RL_72_official_ODE,libero_spatial,3,3,6,45,6,7,7,1,82
RL_72_official_ODE,libero_spatial,3,3,7,29,7,7,7,1,100
RL_72_official_ODE,libero_spatial,3,3,8,38,8,7,7,1,100
RL_72_official_ODE,libero_spatial,3,3,9,25,9,7,7,1,97
RL_72_official_ODE,libero_spatial,3,3,10,22,10,7,7,1,96
RL_72_official_ODE,libero_spatial,3,3,11,14,11,7,7,1,181
RL_72_official_ODE,libero_spatial,3,3,12,15,12,7,7,0,220
RL_72_official_ODE,libero_spatial,3,3,13,9,13,7,7,1,93
RL_72_official_ODE,libero_spatial,3,3,14,7,14,7,7,1,97
RL_72_official_ODE,libero_spatial,3,3,15,36,15,7,7,1,83
RL_72_official_ODE,libero_spatial,3,3,16,39,16,7,7,1,155
RL_72_official_ODE,libero_spatial,3,3,17,26,17,7,7,1,95
RL_72_official_ODE,libero_spatial,3,3,18,42,18,7,7,1,106
RL_72_official_ODE,libero_spatial,3,3,19,12,19,7,7,1,85
RL_72_official_ODE,libero_spatial,3,3,20,8,20,7,7,1,107
RL_72_official_ODE,libero_spatial,3,3,21,4,21,7,7,1,97
RL_72_official_ODE,libero_spatial,3,3,22,46,22,7,7,1,95
RL_72_official_ODE,libero_spatial,3,3,23,49,23,7,7,1,101
RL_72_official_ODE,libero_spatial,3,3,24,27,24,7,7,1,105
RL_72_official_ODE,libero_spatial,3,3,25,40,25,7,7,1,92
RL_72_official_ODE,libero_spatial,3,3,26,31,26,7,7,1,85
RL_72_official_ODE,libero_spatial,3,3,27,21,27,7,7,0,220
RL_72_official_ODE,libero_spatial,3,3,28,10,28,7,7,0,220
RL_72_official_ODE,libero_spatial,3,3,29,17,29,7,7,1,165
RL_72_official_ODE,libero_spatial,3,3,30,30,30,7,7,1,103
RL_72_official_ODE,libero_spatial,3,3,31,32,31,7,7,1,176
RL_72_official_ODE,libero_spatial,3,3,32,6,32,7,7,1,78
RL_72_official_ODE,libero_spatial,3,3,33,34,33,7,7,1,102
RL_72_official_ODE,libero_spatial,3,3,34,41,34,7,7,1,97
RL_72_official_ODE,libero_spatial,3,3,35,16,35,7,7,1,85
RL_72_official_ODE,libero_spatial,3,3,36,20,36,7,7,1,94
RL_72_official_ODE,libero_spatial,3,3,37,1,37,7,7,1,107
RL_72_official_ODE,libero_spatial,3,3,38,23,38,7,7,1,98
RL_72_official_ODE,libero_spatial,3,3,39,48,39,7,7,1,91
RL_72_official_ODE,libero_spatial,3,3,40,43,40,7,7,1,92
RL_72_official_ODE,libero_spatial,3,3,41,11,41,7,7,0,220
RL_72_official_ODE,libero_spatial,3,3,42,33,42,7,7,1,138
RL_72_official_ODE,libero_spatial,3,3,43,44,43,7,7,1,87
RL_72_official_ODE,libero_spatial,3,3,44,37,44,7,7,0,220
RL_72_official_ODE,libero_spatial,3,3,45,35,45,7,7,1,97
RL_72_official_ODE,libero_spatial,3,3,46,19,46,7,7,1,102
RL_72_official_ODE,libero_spatial,3,3,47,18,47,7,7,1,94
RL_72_official_ODE,libero_spatial,3,3,48,2,48,7,7,1,108
RL_72_official_ODE,libero_spatial,3,3,49,0,49,7,7,0,220
RL_72_official_ODE,libero_spatial,6,6,0,34,0,7,7,0,220
RL_72_official_ODE,libero_spatial,6,6,1,27,1,7,7,0,220
RL_72_official_ODE,libero_spatial,6,6,2,16,2,7,7,0,220
RL_72_official_ODE,libero_spatial,6,6,3,49,3,7,7,0,220
RL_72_official_ODE,libero_spatial,6,6,4,14,4,7,7,0,220
RL_72_official_ODE,libero_spatial,6,6,5,40,5,7,7,0,220
RL_72_official_ODE,libero_spatial,6,6,6,39,6,7,7,1,150
RL_72_official_ODE,libero_spatial,6,6,7,23,7,7,7,0,220
RL_72_official_ODE,libero_spatial,6,6,8,22,8,7,7,0,220
RL_72_official_ODE,libero_spatial,6,6,9,28,9,7,7,0,220
RL_72_official_ODE,libero_spatial,6,6,10,37,10,7,7,0,220
RL_72_official_ODE,libero_spatial,6,6,11,25,11,7,7,0,220
RL_72_official_ODE,libero_spatial,6,6,12,46,12,7,7,1,153
RL_72_official_ODE,libero_spatial,6,6,13,35,13,7,7,0,220
RL_72_official_ODE,libero_spatial,6,6,14,10,14,7,7,0,220
RL_72_official_ODE,libero_spatial,6,6,15,8,15,7,7,0,220
RL_72_official_ODE,libero_spatial,6,6,16,41,16,7,7,0,220
RL_72_official_ODE,libero_spatial,6,6,17,43,17,7,7,0,220
RL_72_official_ODE,libero_spatial,6,6,18,48,18,7,7,0,220
RL_72_official_ODE,libero_spatial,6,6,19,36,19,7,7,0,220
RL_72_official_ODE,libero_spatial,6,6,20,26,20,7,7,0,220
RL_72_official_ODE,libero_spatial,6,6,21,31,21,7,7,0,220
RL_72_official_ODE,libero_spatial,6,6,22,20,22,7,7,0,220
RL_72_official_ODE,libero_spatial,6,6,23,13,23,7,7,0,220
RL_72_official_ODE,libero_spatial,6,6,24,44,24,7,7,0,220
RL_72_official_ODE,libero_spatial,6,6,25,32,25,7,7,0,220
RL_72_official_ODE,libero_spatial,6,6,26,18,26,7,7,1,111
RL_72_official_ODE,libero_spatial,6,6,27,19,27,7,7,0,220
RL_72_official_ODE,libero_spatial,6,6,28,2,28,7,7,0,220
RL_72_official_ODE,libero_spatial,6,6,29,47,29,7,7,0,220
RL_72_official_ODE,libero_spatial,6,6,30,9,30,7,7,0,220
RL_72_official_ODE,libero_spatial,6,6,31,0,31,7,7,0,220
RL_72_official_ODE,libero_spatial,6,6,32,38,32,7,7,0,220
RL_72_official_ODE,libero_spatial,6,6,33,7,33,7,7,0,220
RL_72_official_ODE,libero_spatial,6,6,34,17,34,7,7,0,220
RL_72_official_ODE,libero_spatial,6,6,35,24,35,7,7,0,220
RL_72_official_ODE,libero_spatial,6,6,36,30,36,7,7,1,117
RL_72_official_ODE,libero_spatial,6,6,37,11,37,7,7,0,220
RL_72_official_ODE,libero_spatial,6,6,38,33,38,7,7,0,220
RL_72_official_ODE,libero_spatial,6,6,39,4,39,7,7,0,220
RL_72_official_ODE,libero_spatial,6,6,40,6,40,7,7,0,220
RL_72_official_ODE,libero_spatial,6,6,41,15,41,7,7,1,190
RL_72_official_ODE,libero_spatial,6,6,42,45,42,7,7,0,220
RL_72_official_ODE,libero_spatial,6,6,43,3,43,7,7,0,220
RL_72_official_ODE,libero_spatial,6,6,44,29,44,7,7,0,220
RL_72_official_ODE,libero_spatial,6,6,45,12,45,7,7,0,220
RL_72_official_ODE,libero_spatial,6,6,46,21,46,7,7,0,220
RL_72_official_ODE,libero_spatial,6,6,47,1,47,7,7,1,130
RL_72_official_ODE,libero_spatial,6,6,48,5,48,7,7,0,220
RL_72_official_ODE,libero_spatial,6,6,49,42,49,7,7,1,127
RL_72_official_ODE,libero_object,1,11,0,22,0,7,7,1,213
RL_72_official_ODE,libero_object,1,11,1,0,1,7,7,1,158
RL_72_official_ODE,libero_object,1,11,2,33,2,7,7,0,280
RL_72_official_ODE,libero_object,1,11,3,35,3,7,7,1,156
RL_72_official_ODE,libero_object,1,11,4,7,4,7,7,1,144
RL_72_official_ODE,libero_object,1,11,5,11,5,7,7,1,155
RL_72_official_ODE,libero_object,1,11,6,15,6,7,7,1,155
RL_72_official_ODE,libero_object,1,11,7,44,7,7,7,1,183
RL_72_official_ODE,libero_object,1,11,8,5,8,7,7,1,144
RL_72_official_ODE,libero_object,1,11,9,17,9,7,7,1,205
RL_72_official_ODE,libero_object,1,11,10,3,10,7,7,1,204
RL_72_official_ODE,libero_object,1,11,11,32,11,7,7,1,132
RL_72_official_ODE,libero_object,1,11,12,21,12,7,7,1,237
RL_72_official_ODE,libero_object,1,11,13,39,13,7,7,1,145
RL_72_official_ODE,libero_object,1,11,14,41,14,7,7,0,280
RL_72_official_ODE,libero_object,1,11,15,2,15,7,7,1,222
RL_72_official_ODE,libero_object,1,11,16,31,16,7,7,1,172
RL_72_official_ODE,libero_object,1,11,17,23,17,7,7,1,196
RL_72_official_ODE,libero_object,1,11,18,42,18,7,7,0,280
RL_72_official_ODE,libero_object,1,11,19,18,19,7,7,1,155
RL_72_official_ODE,libero_object,1,11,20,37,20,7,7,0,280
RL_72_official_ODE,libero_object,1,11,21,26,21,7,7,1,222
RL_72_official_ODE,libero_object,1,11,22,19,22,7,7,1,147
RL_72_official_ODE,libero_object,1,11,23,9,23,7,7,1,163
RL_72_official_ODE,libero_object,1,11,24,10,24,7,7,1,136
RL_72_official_ODE,libero_object,1,11,25,49,25,7,7,1,136
RL_72_official_ODE,libero_object,1,11,26,48,26,7,7,1,143
RL_72_official_ODE,libero_object,1,11,27,14,27,7,7,1,133
RL_72_official_ODE,libero_object,1,11,28,6,28,7,7,1,222
RL_72_official_ODE,libero_object,1,11,29,13,29,7,7,1,145
RL_72_official_ODE,libero_object,1,11,30,24,30,7,7,0,280
RL_72_official_ODE,libero_object,1,11,31,16,31,7,7,1,163
RL_72_official_ODE,libero_object,1,11,32,40,32,7,7,1,173
RL_72_official_ODE,libero_object,1,11,33,20,33,7,7,1,262
RL_72_official_ODE,libero_object,1,11,34,25,34,7,7,1,143
RL_72_official_ODE,libero_object,1,11,35,47,35,7,7,1,148
RL_72_official_ODE,libero_object,1,11,36,4,36,7,7,1,138
RL_72_official_ODE,libero_object,1,11,37,1,37,7,7,1,192
RL_72_official_ODE,libero_object,1,11,38,38,38,7,7,0,280
RL_72_official_ODE,libero_object,1,11,39,36,39,7,7,1,138
RL_72_official_ODE,libero_object,1,11,40,27,40,7,7,1,205
RL_72_official_ODE,libero_object,1,11,41,12,41,7,7,1,156
RL_72_official_ODE,libero_object,1,11,42,46,42,7,7,1,133
RL_72_official_ODE,libero_object,1,11,43,29,43,7,7,0,280
RL_72_official_ODE,libero_object,1,11,44,43,44,7,7,1,147
RL_72_official_ODE,libero_object,1,11,45,8,45,7,7,1,140
RL_72_official_ODE,libero_object,1,11,46,45,46,7,7,1,147
RL_72_official_ODE,libero_object,1,11,47,34,47,7,7,1,142
RL_72_official_ODE,libero_object,1,11,48,28,48,7,7,1,195
RL_72_official_ODE,libero_object,1,11,49,30,49,7,7,0,280
RL_72_official_ODE,libero_object,6,16,0,47,0,7,7,0,280
RL_72_official_ODE,libero_object,6,16,1,33,1,7,7,0,280
RL_72_official_ODE,libero_object,6,16,2,28,2,7,7,1,167
RL_72_official_ODE,libero_object,6,16,3,46,3,7,7,0,280
RL_72_official_ODE,libero_object,6,16,4,32,4,7,7,0,280
RL_72_official_ODE,libero_object,6,16,5,1,5,7,7,0,280
RL_72_official_ODE,libero_object,6,16,6,24,6,7,7,0,280
RL_72_official_ODE,libero_object,6,16,7,43,7,7,7,0,280
RL_72_official_ODE,libero_object,6,16,8,39,8,7,7,0,280
RL_72_official_ODE,libero_object,6,16,9,42,9,7,7,0,280
RL_72_official_ODE,libero_object,6,16,10,49,10,7,7,0,280
RL_72_official_ODE,libero_object,6,16,11,5,11,7,7,0,280
RL_72_official_ODE,libero_object,6,16,12,25,12,7,7,0,280
RL_72_official_ODE,libero_object,6,16,13,37,13,7,7,0,280
RL_72_official_ODE,libero_object,6,16,14,31,14,7,7,1,276
RL_72_official_ODE,libero_object,6,16,15,15,15,7,7,0,280
RL_72_official_ODE,libero_object,6,16,16,26,16,7,7,0,280
RL_72_official_ODE,libero_object,6,16,17,19,17,7,7,0,280
RL_72_official_ODE,libero_object,6,16,18,17,18,7,7,0,280
RL_72_official_ODE,libero_object,6,16,19,23,19,7,7,0,280
RL_72_official_ODE,libero_object,6,16,20,34,20,7,7,0,280
RL_72_official_ODE,libero_object,6,16,21,4,21,7,7,0,280
RL_72_official_ODE,libero_object,6,16,22,35,22,7,7,0,280
RL_72_official_ODE,libero_object,6,16,23,6,23,7,7,0,280
RL_72_official_ODE,libero_object,6,16,24,36,24,7,7,0,280
RL_72_official_ODE,libero_object,6,16,25,8,25,7,7,0,280
RL_72_official_ODE,libero_object,6,16,26,44,26,7,7,0,280
RL_72_official_ODE,libero_object,6,16,27,0,27,7,7,0,280
RL_72_official_ODE,libero_object,6,16,28,3,28,7,7,0,280
RL_72_official_ODE,libero_object,6,16,29,30,29,7,7,0,280
RL_72_official_ODE,libero_object,6,16,30,29,30,7,7,0,280
RL_72_official_ODE,libero_object,6,16,31,41,31,7,7,0,280
RL_72_official_ODE,libero_object,6,16,32,13,32,7,7,0,280
RL_72_official_ODE,libero_object,6,16,33,18,33,7,7,0,280
RL_72_official_ODE,libero_object,6,16,34,21,34,7,7,0,280
RL_72_official_ODE,libero_object,6,16,35,2,35,7,7,0,280
RL_72_official_ODE,libero_object,6,16,36,38,36,7,7,0,280
RL_72_official_ODE,libero_object,6,16,37,10,37,7,7,1,222
RL_72_official_ODE,libero_object,6,16,38,48,38,7,7,0,280
RL_72_official_ODE,libero_object,6,16,39,11,39,7,7,0,280
RL_72_official_ODE,libero_object,6,16,40,16,40,7,7,0,280
RL_72_official_ODE,libero_object,6,16,41,12,41,7,7,0,280
RL_72_official_ODE,libero_object,6,16,42,27,42,7,7,0,280
RL_72_official_ODE,libero_object,6,16,43,9,43,7,7,1,245
RL_72_official_ODE,libero_object,6,16,44,14,44,7,7,0,280
RL_72_official_ODE,libero_object,6,16,45,20,45,7,7,1,201
RL_72_official_ODE,libero_object,6,16,46,40,46,7,7,1,182
RL_72_official_ODE,libero_object,6,16,47,7,47,7,7,0,280
RL_72_official_ODE,libero_object,6,16,48,22,48,7,7,0,280
RL_72_official_ODE,libero_object,6,16,49,45,49,7,7,0,280
RL_72_official_ODE,libero_goal,3,23,0,30,0,7,7,0,300
RL_72_official_ODE,libero_goal,3,23,1,46,1,7,7,0,300
RL_72_official_ODE,libero_goal,3,23,2,40,2,7,7,0,300
RL_72_official_ODE,libero_goal,3,23,3,38,3,7,7,0,300
RL_72_official_ODE,libero_goal,3,23,4,17,4,7,7,0,300
RL_72_official_ODE,libero_goal,3,23,5,4,5,7,7,0,300
RL_72_official_ODE,libero_goal,3,23,6,1,6,7,7,0,300
RL_72_official_ODE,libero_goal,3,23,7,36,7,7,7,0,300
RL_72_official_ODE,libero_goal,3,23,8,20,8,7,7,0,300
RL_72_official_ODE,libero_goal,3,23,9,43,9,7,7,0,300
RL_72_official_ODE,libero_goal,3,23,10,0,10,7,7,0,300
RL_72_official_ODE,libero_goal,3,23,11,8,11,7,7,0,300
RL_72_official_ODE,libero_goal,3,23,12,18,12,7,7,0,300
RL_72_official_ODE,libero_goal,3,23,13,29,13,7,7,0,300
RL_72_official_ODE,libero_goal,3,23,14,12,14,7,7,0,300
RL_72_official_ODE,libero_goal,3,23,15,33,15,7,7,0,300
RL_72_official_ODE,libero_goal,3,23,16,39,16,7,7,0,300
RL_72_official_ODE,libero_goal,3,23,17,26,17,7,7,0,300
RL_72_official_ODE,libero_goal,3,23,18,23,18,7,7,0,300
RL_72_official_ODE,libero_goal,3,23,19,7,19,7,7,0,300
RL_72_official_ODE,libero_goal,3,23,20,9,20,7,7,0,300
RL_72_official_ODE,libero_goal,3,23,21,11,21,7,7,0,300
RL_72_official_ODE,libero_goal,3,23,22,3,22,7,7,0,300
RL_72_official_ODE,libero_goal,3,23,23,31,23,7,7,0,300
RL_72_official_ODE,libero_goal,3,23,24,45,24,7,7,0,300
RL_72_official_ODE,libero_goal,3,23,25,44,25,7,7,0,300
RL_72_official_ODE,libero_goal,3,23,26,27,26,7,7,0,300
RL_72_official_ODE,libero_goal,3,23,27,42,27,7,7,0,300
RL_72_official_ODE,libero_goal,3,23,28,10,28,7,7,0,300
RL_72_official_ODE,libero_goal,3,23,29,2,29,7,7,0,300
RL_72_official_ODE,libero_goal,3,23,30,34,30,7,7,0,300
RL_72_official_ODE,libero_goal,3,23,31,13,31,7,7,0,300
RL_72_official_ODE,libero_goal,3,23,32,25,32,7,7,0,300
RL_72_official_ODE,libero_goal,3,23,33,47,33,7,7,0,300
RL_72_official_ODE,libero_goal,3,23,34,37,34,7,7,0,300
RL_72_official_ODE,libero_goal,3,23,35,28,35,7,7,0,300
RL_72_official_ODE,libero_goal,3,23,36,21,36,7,7,0,300
RL_72_official_ODE,libero_goal,3,23,37,49,37,7,7,0,300
RL_72_official_ODE,libero_goal,3,23,38,16,38,7,7,0,300
RL_72_official_ODE,libero_goal,3,23,39,35,39,7,7,0,300
RL_72_official_ODE,libero_goal,3,23,40,19,40,7,7,0,300
RL_72_official_ODE,libero_goal,3,23,41,15,41,7,7,0,300
RL_72_official_ODE,libero_goal,3,23,42,41,42,7,7,0,300
RL_72_official_ODE,libero_goal,3,23,43,48,43,7,7,0,300
RL_72_official_ODE,libero_goal,3,23,44,5,44,7,7,0,300
RL_72_official_ODE,libero_goal,3,23,45,6,45,7,7,0,300
RL_72_official_ODE,libero_goal,3,23,46,32,46,7,7,0,300
RL_72_official_ODE,libero_goal,3,23,47,22,47,7,7,0,300
RL_72_official_ODE,libero_goal,3,23,48,14,48,7,7,0,300
RL_72_official_ODE,libero_goal,3,23,49,24,49,7,7,0,300
RL_72_official_ODE,libero_goal,6,26,0,29,0,7,7,1,106
RL_72_official_ODE,libero_goal,6,26,1,8,1,7,7,1,128
RL_72_official_ODE,libero_goal,6,26,2,11,2,7,7,1,107
RL_72_official_ODE,libero_goal,6,26,3,30,3,7,7,1,105
RL_72_official_ODE,libero_goal,6,26,4,38,4,7,7,1,105
RL_72_official_ODE,libero_goal,6,26,5,37,5,7,7,0,300
RL_72_official_ODE,libero_goal,6,26,6,45,6,7,7,1,117
RL_72_official_ODE,libero_goal,6,26,7,24,7,7,7,1,96
RL_72_official_ODE,libero_goal,6,26,8,39,8,7,7,1,106
RL_72_official_ODE,libero_goal,6,26,9,18,9,7,7,1,84
RL_72_official_ODE,libero_goal,6,26,10,23,10,7,7,1,123
RL_72_official_ODE,libero_goal,6,26,11,6,11,7,7,1,106
RL_72_official_ODE,libero_goal,6,26,12,5,12,7,7,1,125
RL_72_official_ODE,libero_goal,6,26,13,19,13,7,7,1,92
RL_72_official_ODE,libero_goal,6,26,14,17,14,7,7,1,97
RL_72_official_ODE,libero_goal,6,26,15,20,15,7,7,1,127
RL_72_official_ODE,libero_goal,6,26,16,4,16,7,7,0,300
RL_72_official_ODE,libero_goal,6,26,17,2,17,7,7,1,110
RL_72_official_ODE,libero_goal,6,26,18,1,18,7,7,0,300
RL_72_official_ODE,libero_goal,6,26,19,43,19,7,7,1,151
RL_72_official_ODE,libero_goal,6,26,20,28,20,7,7,0,300
RL_72_official_ODE,libero_goal,6,26,21,7,21,7,7,1,117
RL_72_official_ODE,libero_goal,6,26,22,3,22,7,7,0,300
RL_72_official_ODE,libero_goal,6,26,23,21,23,7,7,1,127
RL_72_official_ODE,libero_goal,6,26,24,25,24,7,7,0,300
RL_72_official_ODE,libero_goal,6,26,25,9,25,7,7,1,97
RL_72_official_ODE,libero_goal,6,26,26,42,26,7,7,1,134
RL_72_official_ODE,libero_goal,6,26,27,27,27,7,7,1,95
RL_72_official_ODE,libero_goal,6,26,28,48,28,7,7,0,300
RL_72_official_ODE,libero_goal,6,26,29,33,29,7,7,1,116
RL_72_official_ODE,libero_goal,6,26,30,35,30,7,7,1,104
RL_72_official_ODE,libero_goal,6,26,31,47,31,7,7,0,300
RL_72_official_ODE,libero_goal,6,26,32,49,32,7,7,0,300
RL_72_official_ODE,libero_goal,6,26,33,34,33,7,7,1,156
RL_72_official_ODE,libero_goal,6,26,34,16,34,7,7,1,123
RL_72_official_ODE,libero_goal,6,26,35,36,35,7,7,0,300
RL_72_official_ODE,libero_goal,6,26,36,44,36,7,7,1,112
RL_72_official_ODE,libero_goal,6,26,37,13,37,7,7,0,300
RL_72_official_ODE,libero_goal,6,26,38,40,38,7,7,0,300
RL_72_official_ODE,libero_goal,6,26,39,15,39,7,7,1,106
RL_72_official_ODE,libero_goal,6,26,40,32,40,7,7,0,300
RL_72_official_ODE,libero_goal,6,26,41,14,41,7,7,1,127
RL_72_official_ODE,libero_goal,6,26,42,31,42,7,7,0,300
RL_72_official_ODE,libero_goal,6,26,43,46,43,7,7,0,300
RL_72_official_ODE,libero_goal,6,26,44,10,44,7,7,0,300
RL_72_official_ODE,libero_goal,6,26,45,12,45,7,7,1,110
RL_72_official_ODE,libero_goal,6,26,46,22,46,7,7,1,118
RL_72_official_ODE,libero_goal,6,26,47,41,47,7,7,1,113
RL_72_official_ODE,libero_goal,6,26,48,0,48,7,7,0,300
RL_72_official_ODE,libero_goal,6,26,49,26,49,7,7,1,197
RL_72_official_ODE,libero_10,1,31,0,20,0,7,7,1,296
RL_72_official_ODE,libero_10,1,31,1,45,1,7,7,0,520
RL_72_official_ODE,libero_10,1,31,2,46,2,7,7,0,520
RL_72_official_ODE,libero_10,1,31,3,44,3,7,7,0,520
RL_72_official_ODE,libero_10,1,31,4,7,4,7,7,0,520
RL_72_official_ODE,libero_10,1,31,5,0,5,7,7,0,520
RL_72_official_ODE,libero_10,1,31,6,12,6,7,7,1,324
RL_72_official_ODE,libero_10,1,31,7,39,7,7,7,0,520
RL_72_official_ODE,libero_10,1,31,8,37,8,7,7,1,367
RL_72_official_ODE,libero_10,1,31,9,26,9,7,7,1,422
RL_72_official_ODE,libero_10,1,31,10,18,10,7,7,1,417
RL_72_official_ODE,libero_10,1,31,11,23,11,7,7,0,520
RL_72_official_ODE,libero_10,1,31,12,27,12,7,7,0,520
RL_72_official_ODE,libero_10,1,31,13,2,13,7,7,1,397
RL_72_official_ODE,libero_10,1,31,14,17,14,7,7,0,520
RL_72_official_ODE,libero_10,1,31,15,1,15,7,7,0,520
RL_72_official_ODE,libero_10,1,31,16,28,16,7,7,1,342
RL_72_official_ODE,libero_10,1,31,17,30,17,7,7,0,520
RL_72_official_ODE,libero_10,1,31,18,41,18,7,7,1,341
RL_72_official_ODE,libero_10,1,31,19,35,19,7,7,1,347
RL_72_official_ODE,libero_10,1,31,20,33,20,7,7,1,337
RL_72_official_ODE,libero_10,1,31,21,40,21,7,7,1,365
RL_72_official_ODE,libero_10,1,31,22,22,22,7,7,0,520
RL_72_official_ODE,libero_10,1,31,23,15,23,7,7,0,520
RL_72_official_ODE,libero_10,1,31,24,38,24,7,7,0,520
RL_72_official_ODE,libero_10,1,31,25,32,25,7,7,1,472
RL_72_official_ODE,libero_10,1,31,26,31,26,7,7,1,387
RL_72_official_ODE,libero_10,1,31,27,16,27,7,7,1,381
RL_72_official_ODE,libero_10,1,31,28,21,28,7,7,0,520
RL_72_official_ODE,libero_10,1,31,29,14,29,7,7,1,346
RL_72_official_ODE,libero_10,1,31,30,49,30,7,7,1,516
RL_72_official_ODE,libero_10,1,31,31,3,31,7,7,1,379
RL_72_official_ODE,libero_10,1,31,32,24,32,7,7,0,520
RL_72_official_ODE,libero_10,1,31,33,6,33,7,7,0,520
RL_72_official_ODE,libero_10,1,31,34,34,34,7,7,1,476
RL_72_official_ODE,libero_10,1,31,35,29,35,7,7,0,520
RL_72_official_ODE,libero_10,1,31,36,11,36,7,7,1,442
RL_72_official_ODE,libero_10,1,31,37,48,37,7,7,1,380
RL_72_official_ODE,libero_10,1,31,38,36,38,7,7,0,520
RL_72_official_ODE,libero_10,1,31,39,43,39,7,7,1,423
RL_72_official_ODE,libero_10,1,31,40,13,40,7,7,0,520
RL_72_official_ODE,libero_10,1,31,41,47,41,7,7,1,372
RL_72_official_ODE,libero_10,1,31,42,25,42,7,7,0,520
RL_72_official_ODE,libero_10,1,31,43,8,43,7,7,0,520
RL_72_official_ODE,libero_10,1,31,44,19,44,7,7,0,520
RL_72_official_ODE,libero_10,1,31,45,9,45,7,7,1,402
RL_72_official_ODE,libero_10,1,31,46,4,46,7,7,1,417
RL_72_official_ODE,libero_10,1,31,47,42,47,7,7,1,441
RL_72_official_ODE,libero_10,1,31,48,10,48,7,7,1,315
RL_72_official_ODE,libero_10,1,31,49,5,49,7,7,1,382
RL_72_official_ODE,libero_10,9,39,0,49,0,7,7,0,520
RL_72_official_ODE,libero_10,9,39,1,6,1,7,7,0,520
RL_72_official_ODE,libero_10,9,39,2,34,2,7,7,0,520
RL_72_official_ODE,libero_10,9,39,3,37,3,7,7,0,520
RL_72_official_ODE,libero_10,9,39,4,21,4,7,7,0,520
RL_72_official_ODE,libero_10,9,39,5,33,5,7,7,0,520
RL_72_official_ODE,libero_10,9,39,6,0,6,7,7,0,520
RL_72_official_ODE,libero_10,9,39,7,45,7,7,7,0,520
RL_72_official_ODE,libero_10,9,39,8,35,8,7,7,0,520
RL_72_official_ODE,libero_10,9,39,9,13,9,7,7,0,520
RL_72_official_ODE,libero_10,9,39,10,38,10,7,7,0,520
RL_72_official_ODE,libero_10,9,39,11,30,11,7,7,0,520
RL_72_official_ODE,libero_10,9,39,12,3,12,7,7,0,520
RL_72_official_ODE,libero_10,9,39,13,42,13,7,7,0,520
RL_72_official_ODE,libero_10,9,39,14,1,14,7,7,0,520
RL_72_official_ODE,libero_10,9,39,15,9,15,7,7,0,520
RL_72_official_ODE,libero_10,9,39,16,2,16,7,7,0,520
RL_72_official_ODE,libero_10,9,39,17,20,17,7,7,0,520
RL_72_official_ODE,libero_10,9,39,18,24,18,7,7,0,520
RL_72_official_ODE,libero_10,9,39,19,48,19,7,7,0,520
RL_72_official_ODE,libero_10,9,39,20,16,20,7,7,0,520
RL_72_official_ODE,libero_10,9,39,21,40,21,7,7,0,520
RL_72_official_ODE,libero_10,9,39,22,43,22,7,7,0,520
RL_72_official_ODE,libero_10,9,39,23,14,23,7,7,0,520
RL_72_official_ODE,libero_10,9,39,24,32,24,7,7,0,520
RL_72_official_ODE,libero_10,9,39,25,17,25,7,7,0,520
RL_72_official_ODE,libero_10,9,39,26,15,26,7,7,0,520
RL_72_official_ODE,libero_10,9,39,27,8,27,7,7,0,520
RL_72_official_ODE,libero_10,9,39,28,26,28,7,7,0,520
RL_72_official_ODE,libero_10,9,39,29,27,29,7,7,0,520
RL_72_official_ODE,libero_10,9,39,30,22,30,7,7,0,520
RL_72_official_ODE,libero_10,9,39,31,12,31,7,7,0,520
RL_72_official_ODE,libero_10,9,39,32,46,32,7,7,0,520
RL_72_official_ODE,libero_10,9,39,33,5,33,7,7,0,520
RL_72_official_ODE,libero_10,9,39,34,47,34,7,7,0,520
RL_72_official_ODE,libero_10,9,39,35,31,35,7,7,0,520
RL_72_official_ODE,libero_10,9,39,36,19,36,7,7,0,520
RL_72_official_ODE,libero_10,9,39,37,44,37,7,7,0,520
RL_72_official_ODE,libero_10,9,39,38,7,38,7,7,0,520
RL_72_official_ODE,libero_10,9,39,39,25,39,7,7,0,520
RL_72_official_ODE,libero_10,9,39,40,4,40,7,7,0,520
RL_72_official_ODE,libero_10,9,39,41,11,41,7,7,0,520
RL_72_official_ODE,libero_10,9,39,42,41,42,7,7,0,520
RL_72_official_ODE,libero_10,9,39,43,18,43,7,7,0,520
RL_72_official_ODE,libero_10,9,39,44,10,44,7,7,0,520
RL_72_official_ODE,libero_10,9,39,45,28,45,7,7,0,520
RL_72_official_ODE,libero_10,9,39,46,23,46,7,7,0,520
RL_72_official_ODE,libero_10,9,39,47,29,47,7,7,0,520
RL_72_official_ODE,libero_10,9,39,48,36,48,7,7,0,520
RL_72_official_ODE,libero_10,9,39,49,39,49,7,7,0,520
RL_72_seen_ODE,libero_spatial,0,0,32,37,32,7,7,1,77
RL_72_seen_ODE,libero_spatial,0,0,33,24,33,7,7,1,77
RL_72_seen_ODE,libero_spatial,0,0,34,41,34,7,7,1,73
RL_72_seen_ODE,libero_spatial,0,0,35,44,35,7,7,1,78
RL_72_seen_ODE,libero_spatial,1,1,32,11,32,7,7,1,104
RL_72_seen_ODE,libero_spatial,1,1,33,47,33,7,7,0,220
RL_72_seen_ODE,libero_spatial,1,1,34,0,34,7,7,0,220
RL_72_seen_ODE,libero_spatial,1,1,35,4,35,7,7,0,220
RL_72_seen_ODE,libero_spatial,2,2,32,12,32,7,7,1,88
RL_72_seen_ODE,libero_spatial,2,2,33,39,33,7,7,1,89
RL_72_seen_ODE,libero_spatial,2,2,34,19,34,7,7,1,98
RL_72_seen_ODE,libero_spatial,2,2,35,15,35,7,7,1,98
RL_72_seen_ODE,libero_spatial,4,4,32,28,32,7,7,0,220
RL_72_seen_ODE,libero_spatial,4,4,33,8,33,7,7,1,138
RL_72_seen_ODE,libero_spatial,4,4,34,0,34,7,7,1,117
RL_72_seen_ODE,libero_spatial,4,4,35,30,35,7,7,0,220
RL_72_seen_ODE,libero_spatial,5,5,32,44,32,7,7,0,220
RL_72_seen_ODE,libero_spatial,5,5,33,9,33,7,7,1,101
RL_72_seen_ODE,libero_spatial,5,5,34,46,34,7,7,1,93
RL_72_seen_ODE,libero_spatial,5,5,35,1,35,7,7,0,220
RL_72_seen_ODE,libero_spatial,7,7,32,12,32,7,7,1,147
RL_72_seen_ODE,libero_spatial,7,7,33,13,33,7,7,1,156
RL_72_seen_ODE,libero_spatial,7,7,34,8,34,7,7,0,220
RL_72_seen_ODE,libero_spatial,7,7,35,18,35,7,7,1,161
RL_72_seen_ODE,libero_object,2,12,32,23,32,7,7,0,280
RL_72_seen_ODE,libero_object,2,12,33,0,33,7,7,1,235
RL_72_seen_ODE,libero_object,2,12,34,30,34,7,7,1,123
RL_72_seen_ODE,libero_object,2,12,35,24,35,7,7,1,126
RL_72_seen_ODE,libero_object,3,13,32,15,32,7,7,1,227
RL_72_seen_ODE,libero_object,3,13,33,8,33,7,7,0,280
RL_72_seen_ODE,libero_object,3,13,34,31,34,7,7,0,280
RL_72_seen_ODE,libero_object,3,13,35,30,35,7,7,1,135
RL_72_seen_ODE,libero_object,4,14,32,7,32,7,7,1,122
RL_72_seen_ODE,libero_object,4,14,33,24,33,7,7,1,150
RL_72_seen_ODE,libero_object,4,14,34,48,34,7,7,1,120
RL_72_seen_ODE,libero_object,4,14,35,12,35,7,7,1,137
RL_72_seen_ODE,libero_object,5,15,32,14,32,7,7,0,280
RL_72_seen_ODE,libero_object,5,15,33,15,33,7,7,0,280
RL_72_seen_ODE,libero_object,5,15,34,33,34,7,7,0,280
RL_72_seen_ODE,libero_object,5,15,35,46,35,7,7,1,203
RL_72_seen_ODE,libero_object,7,17,32,16,32,7,7,0,280
RL_72_seen_ODE,libero_object,7,17,33,44,33,7,7,0,280
RL_72_seen_ODE,libero_object,7,17,34,31,34,7,7,0,280
RL_72_seen_ODE,libero_object,7,17,35,30,35,7,7,0,280
RL_72_seen_ODE,libero_object,9,19,32,23,32,7,7,1,121
RL_72_seen_ODE,libero_object,9,19,33,7,33,7,7,1,104
RL_72_seen_ODE,libero_object,9,19,34,49,34,7,7,1,109
RL_72_seen_ODE,libero_object,9,19,35,20,35,7,7,1,116
RL_72_seen_ODE,libero_goal,0,20,32,34,32,7,7,1,119
RL_72_seen_ODE,libero_goal,0,20,33,39,33,7,7,1,226
RL_72_seen_ODE,libero_goal,0,20,34,47,34,7,7,1,203
RL_72_seen_ODE,libero_goal,0,20,35,27,35,7,7,1,213
RL_72_seen_ODE,libero_goal,1,21,32,28,32,7,7,1,80
RL_72_seen_ODE,libero_goal,1,21,33,48,33,7,7,1,84
RL_72_seen_ODE,libero_goal,1,21,34,13,34,7,7,1,75
RL_72_seen_ODE,libero_goal,1,21,35,22,35,7,7,1,85
RL_72_seen_ODE,libero_goal,2,22,32,33,32,7,7,1,88
RL_72_seen_ODE,libero_goal,2,22,33,4,33,7,7,1,111
RL_72_seen_ODE,libero_goal,2,22,34,44,34,7,7,1,95
RL_72_seen_ODE,libero_goal,2,22,35,41,35,7,7,1,83
RL_72_seen_ODE,libero_goal,5,25,32,35,32,7,7,0,300
RL_72_seen_ODE,libero_goal,5,25,33,40,33,7,7,0,300
RL_72_seen_ODE,libero_goal,5,25,34,2,34,7,7,0,300
RL_72_seen_ODE,libero_goal,5,25,35,16,35,7,7,0,300
RL_72_seen_ODE,libero_goal,8,28,32,16,32,7,7,1,81
RL_72_seen_ODE,libero_goal,8,28,33,7,33,7,7,1,87
RL_72_seen_ODE,libero_goal,8,28,34,43,34,7,7,1,79
RL_72_seen_ODE,libero_goal,8,28,35,38,35,7,7,1,67
RL_72_seen_ODE,libero_goal,9,29,32,15,32,7,7,0,300
RL_72_seen_ODE,libero_goal,9,29,33,0,33,7,7,0,300
RL_72_seen_ODE,libero_goal,9,29,34,14,34,7,7,1,144
RL_72_seen_ODE,libero_goal,9,29,35,16,35,7,7,1,258
RL_72_seen_ODE,libero_10,2,32,32,38,32,7,7,1,248
RL_72_seen_ODE,libero_10,2,32,33,29,33,7,7,0,520
RL_72_seen_ODE,libero_10,2,32,34,39,34,7,7,1,228
RL_72_seen_ODE,libero_10,2,32,35,16,35,7,7,0,520
RL_72_seen_ODE,libero_10,4,34,32,36,32,7,7,0,520
RL_72_seen_ODE,libero_10,4,34,33,33,33,7,7,1,212
RL_72_seen_ODE,libero_10,4,34,34,38,34,7,7,1,258
RL_72_seen_ODE,libero_10,4,34,35,1,35,7,7,0,520
RL_72_seen_ODE,libero_10,5,35,32,33,32,7,7,0,520
RL_72_seen_ODE,libero_10,5,35,33,44,33,7,7,0,520
RL_72_seen_ODE,libero_10,5,35,34,21,34,7,7,1,184
RL_72_seen_ODE,libero_10,5,35,35,25,35,7,7,1,170
RL_72_seen_ODE,libero_10,6,36,32,41,32,7,7,0,520
RL_72_seen_ODE,libero_10,6,36,33,40,33,7,7,1,298
RL_72_seen_ODE,libero_10,6,36,34,49,34,7,7,1,266
RL_72_seen_ODE,libero_10,6,36,35,43,35,7,7,0,520
RL_72_seen_ODE,libero_10,7,37,32,19,32,7,7,0,520
RL_72_seen_ODE,libero_10,7,37,33,13,33,7,7,1,307
RL_72_seen_ODE,libero_10,7,37,34,8,34,7,7,0,520
RL_72_seen_ODE,libero_10,7,37,35,25,35,7,7,0,520
RL_72_seen_ODE,libero_10,8,38,32,46,32,7,7,0,520
RL_72_seen_ODE,libero_10,8,38,33,13,33,7,7,0,520
RL_72_seen_ODE,libero_10,8,38,34,23,34,7,7,0,520
RL_72_seen_ODE,libero_10,8,38,35,20,35,7,7,0,520
RL_72_seen_ODE,libero_90,2,42,32,30,32,7,7,1,97
RL_72_seen_ODE,libero_90,2,42,33,14,33,7,7,1,118
RL_72_seen_ODE,libero_90,2,42,34,43,34,7,7,1,113
RL_72_seen_ODE,libero_90,2,42,35,9,35,7,7,1,126
RL_72_seen_ODE,libero_90,3,43,32,18,32,7,7,1,184
RL_72_seen_ODE,libero_90,3,43,33,38,33,7,7,1,175
RL_72_seen_ODE,libero_90,3,43,34,4,34,7,7,1,188
RL_72_seen_ODE,libero_90,3,43,35,49,35,7,7,0,400
RL_72_seen_ODE,libero_90,11,51,32,17,32,7,7,1,66
RL_72_seen_ODE,libero_90,11,51,33,22,33,7,7,1,66
RL_72_seen_ODE,libero_90,11,51,34,19,34,7,7,1,61
RL_72_seen_ODE,libero_90,11,51,35,14,35,7,7,1,62
RL_72_seen_ODE,libero_90,15,55,32,25,32,7,7,1,136
RL_72_seen_ODE,libero_90,15,55,33,5,33,7,7,1,138
RL_72_seen_ODE,libero_90,15,55,34,32,34,7,7,1,118
RL_72_seen_ODE,libero_90,15,55,35,1,35,7,7,1,120
RL_72_seen_ODE,libero_90,16,56,32,4,32,7,7,1,110
RL_72_seen_ODE,libero_90,16,56,33,47,33,7,7,1,181
RL_72_seen_ODE,libero_90,16,56,34,30,34,7,7,1,128
RL_72_seen_ODE,libero_90,16,56,35,24,35,7,7,1,123
RL_72_seen_ODE,libero_90,22,62,32,46,32,7,7,1,89
RL_72_seen_ODE,libero_90,22,62,33,47,33,7,7,1,105
RL_72_seen_ODE,libero_90,22,62,34,44,34,7,7,1,105
RL_72_seen_ODE,libero_90,22,62,35,37,35,7,7,1,116
RL_72_seen_ODE,libero_90,24,64,32,31,32,7,7,1,111
RL_72_seen_ODE,libero_90,24,64,33,44,33,7,7,1,115
RL_72_seen_ODE,libero_90,24,64,34,21,34,7,7,1,112
RL_72_seen_ODE,libero_90,24,64,35,38,35,7,7,1,122
RL_72_seen_ODE,libero_90,33,73,32,10,32,7,7,1,151
RL_72_seen_ODE,libero_90,33,73,33,17,33,7,7,0,400
RL_72_seen_ODE,libero_90,33,73,34,44,34,7,7,1,190
RL_72_seen_ODE,libero_90,33,73,35,47,35,7,7,1,205
RL_72_seen_ODE,libero_90,55,95,32,43,32,7,7,1,100
RL_72_seen_ODE,libero_90,55,95,33,15,33,7,7,1,191
RL_72_seen_ODE,libero_90,55,95,34,9,34,7,7,1,104
RL_72_seen_ODE,libero_90,55,95,35,38,35,7,7,0,400
RL_72_seen_ODE,libero_90,56,96,32,1,32,7,7,1,83
RL_72_seen_ODE,libero_90,56,96,33,15,33,7,7,1,97
RL_72_seen_ODE,libero_90,56,96,34,49,34,7,7,1,92
RL_72_seen_ODE,libero_90,56,96,35,0,35,7,7,1,82
RL_72_seen_ODE,libero_90,57,97,32,16,32,7,7,1,143
RL_72_seen_ODE,libero_90,57,97,33,9,33,7,7,1,143
RL_72_seen_ODE,libero_90,57,97,34,0,34,7,7,1,143
RL_72_seen_ODE,libero_90,57,97,35,6,35,7,7,1,155
RL_72_seen_ODE,libero_90,61,101,32,31,32,7,7,1,140
RL_72_seen_ODE,libero_90,61,101,33,18,33,7,7,1,164
RL_72_seen_ODE,libero_90,61,101,34,32,34,7,7,1,144
RL_72_seen_ODE,libero_90,61,101,35,7,35,7,7,1,145
RL_72_seen_SDE,libero_spatial,0,0,32,37,32,7,7,1,72
RL_72_seen_SDE,libero_spatial,0,0,33,24,33,7,7,0,220
RL_72_seen_SDE,libero_spatial,0,0,34,41,34,7,7,1,74
RL_72_seen_SDE,libero_spatial,0,0,35,44,35,7,7,1,74
RL_72_seen_SDE,libero_spatial,1,1,32,11,32,7,7,1,197
RL_72_seen_SDE,libero_spatial,1,1,33,47,33,7,7,0,220
RL_72_seen_SDE,libero_spatial,1,1,34,0,34,7,7,1,216
RL_72_seen_SDE,libero_spatial,1,1,35,4,35,7,7,1,207
RL_72_seen_SDE,libero_spatial,2,2,32,12,32,7,7,1,83
RL_72_seen_SDE,libero_spatial,2,2,33,39,33,7,7,1,139
RL_72_seen_SDE,libero_spatial,2,2,34,19,34,7,7,1,99
RL_72_seen_SDE,libero_spatial,2,2,35,15,35,7,7,1,84
RL_72_seen_SDE,libero_spatial,4,4,32,28,32,7,7,0,220
RL_72_seen_SDE,libero_spatial,4,4,33,8,33,7,7,0,220
RL_72_seen_SDE,libero_spatial,4,4,34,0,34,7,7,1,133
RL_72_seen_SDE,libero_spatial,4,4,35,30,35,7,7,0,220
RL_72_seen_SDE,libero_spatial,5,5,32,44,32,7,7,1,84
RL_72_seen_SDE,libero_spatial,5,5,33,9,33,7,7,1,105
RL_72_seen_SDE,libero_spatial,5,5,34,46,34,7,7,1,103
RL_72_seen_SDE,libero_spatial,5,5,35,1,35,7,7,1,101
RL_72_seen_SDE,libero_spatial,7,7,32,12,32,7,7,1,139
RL_72_seen_SDE,libero_spatial,7,7,33,13,33,7,7,1,140
RL_72_seen_SDE,libero_spatial,7,7,34,8,34,7,7,1,141
RL_72_seen_SDE,libero_spatial,7,7,35,18,35,7,7,1,131
RL_72_seen_SDE,libero_object,2,12,32,23,32,7,7,0,280
RL_72_seen_SDE,libero_object,2,12,33,0,33,7,7,0,280
RL_72_seen_SDE,libero_object,2,12,34,30,34,7,7,0,280
RL_72_seen_SDE,libero_object,2,12,35,24,35,7,7,1,121
RL_72_seen_SDE,libero_object,3,13,32,15,32,7,7,1,132
RL_72_seen_SDE,libero_object,3,13,33,8,33,7,7,1,107
RL_72_seen_SDE,libero_object,3,13,34,31,34,7,7,0,280
RL_72_seen_SDE,libero_object,3,13,35,30,35,7,7,1,131
RL_72_seen_SDE,libero_object,4,14,32,7,32,7,7,1,166
RL_72_seen_SDE,libero_object,4,14,33,24,33,7,7,1,156
RL_72_seen_SDE,libero_object,4,14,34,48,34,7,7,1,135
RL_72_seen_SDE,libero_object,4,14,35,12,35,7,7,1,145
RL_72_seen_SDE,libero_object,5,15,32,14,32,7,7,1,149
RL_72_seen_SDE,libero_object,5,15,33,15,33,7,7,1,180
RL_72_seen_SDE,libero_object,5,15,34,33,34,7,7,1,231
RL_72_seen_SDE,libero_object,5,15,35,46,35,7,7,0,280
RL_72_seen_SDE,libero_object,7,17,32,16,32,7,7,1,224
RL_72_seen_SDE,libero_object,7,17,33,44,33,7,7,0,280
RL_72_seen_SDE,libero_object,7,17,34,31,34,7,7,0,280
RL_72_seen_SDE,libero_object,7,17,35,30,35,7,7,0,280
RL_72_seen_SDE,libero_object,9,19,32,23,32,7,7,0,280
RL_72_seen_SDE,libero_object,9,19,33,7,33,7,7,1,104
RL_72_seen_SDE,libero_object,9,19,34,49,34,7,7,1,109
RL_72_seen_SDE,libero_object,9,19,35,20,35,7,7,1,121
RL_72_seen_SDE,libero_goal,0,20,32,34,32,7,7,0,300
RL_72_seen_SDE,libero_goal,0,20,33,39,33,7,7,1,222
RL_72_seen_SDE,libero_goal,0,20,34,47,34,7,7,1,235
RL_72_seen_SDE,libero_goal,0,20,35,27,35,7,7,1,300
RL_72_seen_SDE,libero_goal,1,21,32,28,32,7,7,1,82
RL_72_seen_SDE,libero_goal,1,21,33,48,33,7,7,1,88
RL_72_seen_SDE,libero_goal,1,21,34,13,34,7,7,1,82
RL_72_seen_SDE,libero_goal,1,21,35,22,35,7,7,1,96
RL_72_seen_SDE,libero_goal,2,22,32,33,32,7,7,1,117
RL_72_seen_SDE,libero_goal,2,22,33,4,33,7,7,1,109
RL_72_seen_SDE,libero_goal,2,22,34,44,34,7,7,1,99
RL_72_seen_SDE,libero_goal,2,22,35,41,35,7,7,0,300
RL_72_seen_SDE,libero_goal,5,25,32,35,32,7,7,0,300
RL_72_seen_SDE,libero_goal,5,25,33,40,33,7,7,0,300
RL_72_seen_SDE,libero_goal,5,25,34,2,34,7,7,0,300
RL_72_seen_SDE,libero_goal,5,25,35,16,35,7,7,0,300
RL_72_seen_SDE,libero_goal,8,28,32,16,32,7,7,1,79
RL_72_seen_SDE,libero_goal,8,28,33,7,33,7,7,1,86
RL_72_seen_SDE,libero_goal,8,28,34,43,34,7,7,1,80
RL_72_seen_SDE,libero_goal,8,28,35,38,35,7,7,1,73
RL_72_seen_SDE,libero_goal,9,29,32,15,32,7,7,1,152
RL_72_seen_SDE,libero_goal,9,29,33,0,33,7,7,1,146
RL_72_seen_SDE,libero_goal,9,29,34,14,34,7,7,1,153
RL_72_seen_SDE,libero_goal,9,29,35,16,35,7,7,0,300
RL_72_seen_SDE,libero_10,2,32,32,38,32,7,7,1,241
RL_72_seen_SDE,libero_10,2,32,33,29,33,7,7,1,376
RL_72_seen_SDE,libero_10,2,32,34,39,34,7,7,1,226
RL_72_seen_SDE,libero_10,2,32,35,16,35,7,7,0,520
RL_72_seen_SDE,libero_10,4,34,32,36,32,7,7,1,318
RL_72_seen_SDE,libero_10,4,34,33,33,33,7,7,1,254
RL_72_seen_SDE,libero_10,4,34,34,38,34,7,7,1,403
RL_72_seen_SDE,libero_10,4,34,35,1,35,7,7,0,520
RL_72_seen_SDE,libero_10,5,35,32,33,32,7,7,0,520
RL_72_seen_SDE,libero_10,5,35,33,44,33,7,7,0,520
RL_72_seen_SDE,libero_10,5,35,34,21,34,7,7,1,195
RL_72_seen_SDE,libero_10,5,35,35,25,35,7,7,1,216
RL_72_seen_SDE,libero_10,6,36,32,41,32,7,7,1,362
RL_72_seen_SDE,libero_10,6,36,33,40,33,7,7,1,300
RL_72_seen_SDE,libero_10,6,36,34,49,34,7,7,1,284
RL_72_seen_SDE,libero_10,6,36,35,43,35,7,7,0,520
RL_72_seen_SDE,libero_10,7,37,32,19,32,7,7,0,520
RL_72_seen_SDE,libero_10,7,37,33,13,33,7,7,1,359
RL_72_seen_SDE,libero_10,7,37,34,8,34,7,7,1,298
RL_72_seen_SDE,libero_10,7,37,35,25,35,7,7,1,268
RL_72_seen_SDE,libero_10,8,38,32,46,32,7,7,0,520
RL_72_seen_SDE,libero_10,8,38,33,13,33,7,7,0,520
RL_72_seen_SDE,libero_10,8,38,34,23,34,7,7,0,520
RL_72_seen_SDE,libero_10,8,38,35,20,35,7,7,0,520
RL_72_seen_SDE,libero_90,2,42,32,30,32,7,7,1,110
RL_72_seen_SDE,libero_90,2,42,33,14,33,7,7,1,128
RL_72_seen_SDE,libero_90,2,42,34,43,34,7,7,1,113
RL_72_seen_SDE,libero_90,2,42,35,9,35,7,7,1,122
RL_72_seen_SDE,libero_90,3,43,32,18,32,7,7,1,179
RL_72_seen_SDE,libero_90,3,43,33,38,33,7,7,1,178
RL_72_seen_SDE,libero_90,3,43,34,4,34,7,7,1,174
RL_72_seen_SDE,libero_90,3,43,35,49,35,7,7,1,176
RL_72_seen_SDE,libero_90,11,51,32,17,32,7,7,1,84
RL_72_seen_SDE,libero_90,11,51,33,22,33,7,7,1,60
RL_72_seen_SDE,libero_90,11,51,34,19,34,7,7,1,66
RL_72_seen_SDE,libero_90,11,51,35,14,35,7,7,1,59
RL_72_seen_SDE,libero_90,15,55,32,25,32,7,7,1,146
RL_72_seen_SDE,libero_90,15,55,33,5,33,7,7,1,133
RL_72_seen_SDE,libero_90,15,55,34,32,34,7,7,1,140
RL_72_seen_SDE,libero_90,15,55,35,1,35,7,7,1,168
RL_72_seen_SDE,libero_90,16,56,32,4,32,7,7,0,400
RL_72_seen_SDE,libero_90,16,56,33,47,33,7,7,1,114
RL_72_seen_SDE,libero_90,16,56,34,30,34,7,7,1,128
RL_72_seen_SDE,libero_90,16,56,35,24,35,7,7,1,120
RL_72_seen_SDE,libero_90,22,62,32,46,32,7,7,0,400
RL_72_seen_SDE,libero_90,22,62,33,47,33,7,7,1,97
RL_72_seen_SDE,libero_90,22,62,34,44,34,7,7,1,102
RL_72_seen_SDE,libero_90,22,62,35,37,35,7,7,0,400
RL_72_seen_SDE,libero_90,24,64,32,31,32,7,7,1,125
RL_72_seen_SDE,libero_90,24,64,33,44,33,7,7,1,107
RL_72_seen_SDE,libero_90,24,64,34,21,34,7,7,1,110
RL_72_seen_SDE,libero_90,24,64,35,38,35,7,7,1,120
RL_72_seen_SDE,libero_90,33,73,32,10,32,7,7,1,230
RL_72_seen_SDE,libero_90,33,73,33,17,33,7,7,1,192
RL_72_seen_SDE,libero_90,33,73,34,44,34,7,7,0,400
RL_72_seen_SDE,libero_90,33,73,35,47,35,7,7,1,185
RL_72_seen_SDE,libero_90,55,95,32,43,32,7,7,1,102
RL_72_seen_SDE,libero_90,55,95,33,15,33,7,7,1,95
RL_72_seen_SDE,libero_90,55,95,34,9,34,7,7,1,105
RL_72_seen_SDE,libero_90,55,95,35,38,35,7,7,1,105
RL_72_seen_SDE,libero_90,56,96,32,1,32,7,7,1,84
RL_72_seen_SDE,libero_90,56,96,33,15,33,7,7,1,97
RL_72_seen_SDE,libero_90,56,96,34,49,34,7,7,1,97
RL_72_seen_SDE,libero_90,56,96,35,0,35,7,7,1,92
RL_72_seen_SDE,libero_90,57,97,32,16,32,7,7,1,133
RL_72_seen_SDE,libero_90,57,97,33,9,33,7,7,1,148
RL_72_seen_SDE,libero_90,57,97,34,0,34,7,7,1,138
RL_72_seen_SDE,libero_90,57,97,35,6,35,7,7,1,148
RL_72_seen_SDE,libero_90,61,101,32,31,32,7,7,1,152
RL_72_seen_SDE,libero_90,61,101,33,18,33,7,7,1,152
RL_72_seen_SDE,libero_90,61,101,34,32,34,7,7,1,135
RL_72_seen_SDE,libero_90,61,101,35,7,35,7,7,1,138
RL_parent_seen_ODE,libero_spatial,0,0,32,37,32,7,7,1,77
RL_parent_seen_ODE,libero_spatial,0,0,33,24,33,7,7,1,78
RL_parent_seen_ODE,libero_spatial,0,0,34,41,34,7,7,0,220
RL_parent_seen_ODE,libero_spatial,0,0,35,44,35,7,7,1,78
RL_parent_seen_ODE,libero_spatial,1,1,32,11,32,7,7,1,102
RL_parent_seen_ODE,libero_spatial,1,1,33,47,33,7,7,0,220
RL_parent_seen_ODE,libero_spatial,1,1,34,0,34,7,7,0,220
RL_parent_seen_ODE,libero_spatial,1,1,35,4,35,7,7,0,220
RL_parent_seen_ODE,libero_spatial,2,2,32,12,32,7,7,1,86
RL_parent_seen_ODE,libero_spatial,2,2,33,39,33,7,7,1,96
RL_parent_seen_ODE,libero_spatial,2,2,34,19,34,7,7,1,97
RL_parent_seen_ODE,libero_spatial,2,2,35,15,35,7,7,1,98
RL_parent_seen_ODE,libero_spatial,4,4,32,28,32,7,7,0,220
RL_parent_seen_ODE,libero_spatial,4,4,33,8,33,7,7,1,140
RL_parent_seen_ODE,libero_spatial,4,4,34,0,34,7,7,1,124
RL_parent_seen_ODE,libero_spatial,4,4,35,30,35,7,7,0,220
RL_parent_seen_ODE,libero_spatial,5,5,32,44,32,7,7,1,102
RL_parent_seen_ODE,libero_spatial,5,5,33,9,33,7,7,1,90
RL_parent_seen_ODE,libero_spatial,5,5,34,46,34,7,7,1,93
RL_parent_seen_ODE,libero_spatial,5,5,35,1,35,7,7,0,220
RL_parent_seen_ODE,libero_spatial,7,7,32,12,32,7,7,1,134
RL_parent_seen_ODE,libero_spatial,7,7,33,13,33,7,7,1,162
RL_parent_seen_ODE,libero_spatial,7,7,34,8,34,7,7,0,220
RL_parent_seen_ODE,libero_spatial,7,7,35,18,35,7,7,1,150
RL_parent_seen_ODE,libero_object,2,12,32,23,32,7,7,0,280
RL_parent_seen_ODE,libero_object,2,12,33,0,33,7,7,1,236
RL_parent_seen_ODE,libero_object,2,12,34,30,34,7,7,1,123
RL_parent_seen_ODE,libero_object,2,12,35,24,35,7,7,1,122
RL_parent_seen_ODE,libero_object,3,13,32,15,32,7,7,1,170
RL_parent_seen_ODE,libero_object,3,13,33,8,33,7,7,1,166
RL_parent_seen_ODE,libero_object,3,13,34,31,34,7,7,0,280
RL_parent_seen_ODE,libero_object,3,13,35,30,35,7,7,0,280
RL_parent_seen_ODE,libero_object,4,14,32,7,32,7,7,1,131
RL_parent_seen_ODE,libero_object,4,14,33,24,33,7,7,1,151
RL_parent_seen_ODE,libero_object,4,14,34,48,34,7,7,1,120
RL_parent_seen_ODE,libero_object,4,14,35,12,35,7,7,1,137
RL_parent_seen_ODE,libero_object,5,15,32,14,32,7,7,1,128
RL_parent_seen_ODE,libero_object,5,15,33,15,33,7,7,1,219
RL_parent_seen_ODE,libero_object,5,15,34,33,34,7,7,1,185
RL_parent_seen_ODE,libero_object,5,15,35,46,35,7,7,1,149
RL_parent_seen_ODE,libero_object,7,17,32,16,32,7,7,1,276
RL_parent_seen_ODE,libero_object,7,17,33,44,33,7,7,0,280
RL_parent_seen_ODE,libero_object,7,17,34,31,34,7,7,1,148
RL_parent_seen_ODE,libero_object,7,17,35,30,35,7,7,0,280
RL_parent_seen_ODE,libero_object,9,19,32,23,32,7,7,1,120
RL_parent_seen_ODE,libero_object,9,19,33,7,33,7,7,1,104
RL_parent_seen_ODE,libero_object,9,19,34,49,34,7,7,1,108
RL_parent_seen_ODE,libero_object,9,19,35,20,35,7,7,1,116
RL_parent_seen_ODE,libero_goal,0,20,32,34,32,7,7,1,116
RL_parent_seen_ODE,libero_goal,0,20,33,39,33,7,7,0,300
RL_parent_seen_ODE,libero_goal,0,20,34,47,34,7,7,0,300
RL_parent_seen_ODE,libero_goal,0,20,35,27,35,7,7,1,165
RL_parent_seen_ODE,libero_goal,1,21,32,28,32,7,7,1,79
RL_parent_seen_ODE,libero_goal,1,21,33,48,33,7,7,1,84
RL_parent_seen_ODE,libero_goal,1,21,34,13,34,7,7,1,75
RL_parent_seen_ODE,libero_goal,1,21,35,22,35,7,7,1,85
RL_parent_seen_ODE,libero_goal,2,22,32,33,32,7,7,1,85
RL_parent_seen_ODE,libero_goal,2,22,33,4,33,7,7,1,109
RL_parent_seen_ODE,libero_goal,2,22,34,44,34,7,7,1,98
RL_parent_seen_ODE,libero_goal,2,22,35,41,35,7,7,1,82
RL_parent_seen_ODE,libero_goal,5,25,32,35,32,7,7,0,300
RL_parent_seen_ODE,libero_goal,5,25,33,40,33,7,7,0,300
RL_parent_seen_ODE,libero_goal,5,25,34,2,34,7,7,0,300
RL_parent_seen_ODE,libero_goal,5,25,35,16,35,7,7,0,300
RL_parent_seen_ODE,libero_goal,8,28,32,16,32,7,7,1,78
RL_parent_seen_ODE,libero_goal,8,28,33,7,33,7,7,1,86
RL_parent_seen_ODE,libero_goal,8,28,34,43,34,7,7,1,78
RL_parent_seen_ODE,libero_goal,8,28,35,38,35,7,7,1,69
RL_parent_seen_ODE,libero_goal,9,29,32,15,32,7,7,0,300
RL_parent_seen_ODE,libero_goal,9,29,33,0,33,7,7,0,300
RL_parent_seen_ODE,libero_goal,9,29,34,14,34,7,7,1,141
RL_parent_seen_ODE,libero_goal,9,29,35,16,35,7,7,1,208
RL_parent_seen_ODE,libero_10,2,32,32,38,32,7,7,0,520
RL_parent_seen_ODE,libero_10,2,32,33,29,33,7,7,1,384
RL_parent_seen_ODE,libero_10,2,32,34,39,34,7,7,0,520
RL_parent_seen_ODE,libero_10,2,32,35,16,35,7,7,0,520
RL_parent_seen_ODE,libero_10,4,34,32,36,32,7,7,1,249
RL_parent_seen_ODE,libero_10,4,34,33,33,33,7,7,1,214
RL_parent_seen_ODE,libero_10,4,34,34,38,34,7,7,1,259
RL_parent_seen_ODE,libero_10,4,34,35,1,35,7,7,0,520
RL_parent_seen_ODE,libero_10,5,35,32,33,32,7,7,0,520
RL_parent_seen_ODE,libero_10,5,35,33,44,33,7,7,0,520
RL_parent_seen_ODE,libero_10,5,35,34,21,34,7,7,1,184
RL_parent_seen_ODE,libero_10,5,35,35,25,35,7,7,1,170
RL_parent_seen_ODE,libero_10,6,36,32,41,32,7,7,0,520
RL_parent_seen_ODE,libero_10,6,36,33,40,33,7,7,1,304
RL_parent_seen_ODE,libero_10,6,36,34,49,34,7,7,1,212
RL_parent_seen_ODE,libero_10,6,36,35,43,35,7,7,1,415
RL_parent_seen_ODE,libero_10,7,37,32,19,32,7,7,0,520
RL_parent_seen_ODE,libero_10,7,37,33,13,33,7,7,0,520
RL_parent_seen_ODE,libero_10,7,37,34,8,34,7,7,1,411
RL_parent_seen_ODE,libero_10,7,37,35,25,35,7,7,1,441
RL_parent_seen_ODE,libero_10,8,38,32,46,32,7,7,0,520
RL_parent_seen_ODE,libero_10,8,38,33,13,33,7,7,0,520
RL_parent_seen_ODE,libero_10,8,38,34,23,34,7,7,0,520
RL_parent_seen_ODE,libero_10,8,38,35,20,35,7,7,0,520
RL_parent_seen_ODE,libero_90,2,42,32,30,32,7,7,1,101
RL_parent_seen_ODE,libero_90,2,42,33,14,33,7,7,1,117
RL_parent_seen_ODE,libero_90,2,42,34,43,34,7,7,1,113
RL_parent_seen_ODE,libero_90,2,42,35,9,35,7,7,1,127
RL_parent_seen_ODE,libero_90,3,43,32,18,32,7,7,1,183
RL_parent_seen_ODE,libero_90,3,43,33,38,33,7,7,1,176
RL_parent_seen_ODE,libero_90,3,43,34,4,34,7,7,1,188
RL_parent_seen_ODE,libero_90,3,43,35,49,35,7,7,1,189
RL_parent_seen_ODE,libero_90,11,51,32,17,32,7,7,1,67
RL_parent_seen_ODE,libero_90,11,51,33,22,33,7,7,1,69
RL_parent_seen_ODE,libero_90,11,51,34,19,34,7,7,1,61
RL_parent_seen_ODE,libero_90,11,51,35,14,35,7,7,1,58
RL_parent_seen_ODE,libero_90,15,55,32,25,32,7,7,1,137
RL_parent_seen_ODE,libero_90,15,55,33,5,33,7,7,1,138
RL_parent_seen_ODE,libero_90,15,55,34,32,34,7,7,1,118
RL_parent_seen_ODE,libero_90,15,55,35,1,35,7,7,1,120
RL_parent_seen_ODE,libero_90,16,56,32,4,32,7,7,1,113
RL_parent_seen_ODE,libero_90,16,56,33,47,33,7,7,1,153
RL_parent_seen_ODE,libero_90,16,56,34,30,34,7,7,1,127
RL_parent_seen_ODE,libero_90,16,56,35,24,35,7,7,1,123
RL_parent_seen_ODE,libero_90,22,62,32,46,32,7,7,1,89
RL_parent_seen_ODE,libero_90,22,62,33,47,33,7,7,1,104
RL_parent_seen_ODE,libero_90,22,62,34,44,34,7,7,1,105
RL_parent_seen_ODE,libero_90,22,62,35,37,35,7,7,1,116
RL_parent_seen_ODE,libero_90,24,64,32,31,32,7,7,1,109
RL_parent_seen_ODE,libero_90,24,64,33,44,33,7,7,1,115
RL_parent_seen_ODE,libero_90,24,64,34,21,34,7,7,1,112
RL_parent_seen_ODE,libero_90,24,64,35,38,35,7,7,1,122
RL_parent_seen_ODE,libero_90,33,73,32,10,32,7,7,1,161
RL_parent_seen_ODE,libero_90,33,73,33,17,33,7,7,0,400
RL_parent_seen_ODE,libero_90,33,73,34,44,34,7,7,1,190
RL_parent_seen_ODE,libero_90,33,73,35,47,35,7,7,1,202
RL_parent_seen_ODE,libero_90,55,95,32,43,32,7,7,1,99
RL_parent_seen_ODE,libero_90,55,95,33,15,33,7,7,1,165
RL_parent_seen_ODE,libero_90,55,95,34,9,34,7,7,1,103
RL_parent_seen_ODE,libero_90,55,95,35,38,35,7,7,1,237
RL_parent_seen_ODE,libero_90,56,96,32,1,32,7,7,1,83
RL_parent_seen_ODE,libero_90,56,96,33,15,33,7,7,1,99
RL_parent_seen_ODE,libero_90,56,96,34,49,34,7,7,1,92
RL_parent_seen_ODE,libero_90,56,96,35,0,35,7,7,1,82
RL_parent_seen_ODE,libero_90,57,97,32,16,32,7,7,1,143
RL_parent_seen_ODE,libero_90,57,97,33,9,33,7,7,1,143
RL_parent_seen_ODE,libero_90,57,97,34,0,34,7,7,1,148
RL_parent_seen_ODE,libero_90,57,97,35,6,35,7,7,1,155
RL_parent_seen_ODE,libero_90,61,101,32,31,32,7,7,1,143
RL_parent_seen_ODE,libero_90,61,101,33,18,33,7,7,1,163
RL_parent_seen_ODE,libero_90,61,101,34,32,34,7,7,1,144
RL_parent_seen_ODE,libero_90,61,101,35,7,35,7,7,1,145
RL_parent_seen_SDE,libero_spatial,0,0,32,37,32,7,7,1,72
RL_parent_seen_SDE,libero_spatial,0,0,33,24,33,7,7,0,220
RL_parent_seen_SDE,libero_spatial,0,0,34,41,34,7,7,1,70
RL_parent_seen_SDE,libero_spatial,0,0,35,44,35,7,7,1,75
RL_parent_seen_SDE,libero_spatial,1,1,32,11,32,7,7,0,220
RL_parent_seen_SDE,libero_spatial,1,1,33,47,33,7,7,1,190
RL_parent_seen_SDE,libero_spatial,1,1,34,0,34,7,7,0,220
RL_parent_seen_SDE,libero_spatial,1,1,35,4,35,7,7,0,220
RL_parent_seen_SDE,libero_spatial,2,2,32,12,32,7,7,1,82
RL_parent_seen_SDE,libero_spatial,2,2,33,39,33,7,7,1,121
RL_parent_seen_SDE,libero_spatial,2,2,34,19,34,7,7,1,114
RL_parent_seen_SDE,libero_spatial,2,2,35,15,35,7,7,1,89
RL_parent_seen_SDE,libero_spatial,4,4,32,28,32,7,7,0,220
RL_parent_seen_SDE,libero_spatial,4,4,33,8,33,7,7,1,157
RL_parent_seen_SDE,libero_spatial,4,4,34,0,34,7,7,1,132
RL_parent_seen_SDE,libero_spatial,4,4,35,30,35,7,7,1,194
RL_parent_seen_SDE,libero_spatial,5,5,32,44,32,7,7,1,84
RL_parent_seen_SDE,libero_spatial,5,5,33,9,33,7,7,1,105
RL_parent_seen_SDE,libero_spatial,5,5,34,46,34,7,7,1,108
RL_parent_seen_SDE,libero_spatial,5,5,35,1,35,7,7,1,102
RL_parent_seen_SDE,libero_spatial,7,7,32,12,32,7,7,1,133
RL_parent_seen_SDE,libero_spatial,7,7,33,13,33,7,7,1,137
RL_parent_seen_SDE,libero_spatial,7,7,34,8,34,7,7,1,138
RL_parent_seen_SDE,libero_spatial,7,7,35,18,35,7,7,1,126
RL_parent_seen_SDE,libero_object,2,12,32,23,32,7,7,0,280
RL_parent_seen_SDE,libero_object,2,12,33,0,33,7,7,1,161
RL_parent_seen_SDE,libero_object,2,12,34,30,34,7,7,0,280
RL_parent_seen_SDE,libero_object,2,12,35,24,35,7,7,1,115
RL_parent_seen_SDE,libero_object,3,13,32,15,32,7,7,1,136
RL_parent_seen_SDE,libero_object,3,13,33,8,33,7,7,0,280
RL_parent_seen_SDE,libero_object,3,13,34,31,34,7,7,0,280
RL_parent_seen_SDE,libero_object,3,13,35,30,35,7,7,1,126
RL_parent_seen_SDE,libero_object,4,14,32,7,32,7,7,1,152
RL_parent_seen_SDE,libero_object,4,14,33,24,33,7,7,1,166
RL_parent_seen_SDE,libero_object,4,14,34,48,34,7,7,1,135
RL_parent_seen_SDE,libero_object,4,14,35,12,35,7,7,1,183
RL_parent_seen_SDE,libero_object,5,15,32,14,32,7,7,1,120
RL_parent_seen_SDE,libero_object,5,15,33,15,33,7,7,0,280
RL_parent_seen_SDE,libero_object,5,15,34,33,34,7,7,0,280
RL_parent_seen_SDE,libero_object,5,15,35,46,35,7,7,1,196
RL_parent_seen_SDE,libero_object,7,17,32,16,32,7,7,0,280
RL_parent_seen_SDE,libero_object,7,17,33,44,33,7,7,0,280
RL_parent_seen_SDE,libero_object,7,17,34,31,34,7,7,1,128
RL_parent_seen_SDE,libero_object,7,17,35,30,35,7,7,0,280
RL_parent_seen_SDE,libero_object,9,19,32,23,32,7,7,0,280
RL_parent_seen_SDE,libero_object,9,19,33,7,33,7,7,1,117
RL_parent_seen_SDE,libero_object,9,19,34,49,34,7,7,1,109
RL_parent_seen_SDE,libero_object,9,19,35,20,35,7,7,1,118
RL_parent_seen_SDE,libero_goal,0,20,32,34,32,7,7,0,300
RL_parent_seen_SDE,libero_goal,0,20,33,39,33,7,7,1,215
RL_parent_seen_SDE,libero_goal,0,20,34,47,34,7,7,1,237
RL_parent_seen_SDE,libero_goal,0,20,35,27,35,7,7,1,300
RL_parent_seen_SDE,libero_goal,1,21,32,28,32,7,7,1,82
RL_parent_seen_SDE,libero_goal,1,21,33,48,33,7,7,1,87
RL_parent_seen_SDE,libero_goal,1,21,34,13,34,7,7,1,82
RL_parent_seen_SDE,libero_goal,1,21,35,22,35,7,7,1,94
RL_parent_seen_SDE,libero_goal,2,22,32,33,32,7,7,1,111
RL_parent_seen_SDE,libero_goal,2,22,33,4,33,7,7,1,104
RL_parent_seen_SDE,libero_goal,2,22,34,44,34,7,7,1,100
RL_parent_seen_SDE,libero_goal,2,22,35,41,35,7,7,0,300
RL_parent_seen_SDE,libero_goal,5,25,32,35,32,7,7,0,300
RL_parent_seen_SDE,libero_goal,5,25,33,40,33,7,7,0,300
RL_parent_seen_SDE,libero_goal,5,25,34,2,34,7,7,0,300
RL_parent_seen_SDE,libero_goal,5,25,35,16,35,7,7,0,300
RL_parent_seen_SDE,libero_goal,8,28,32,16,32,7,7,1,283
RL_parent_seen_SDE,libero_goal,8,28,33,7,33,7,7,1,85
RL_parent_seen_SDE,libero_goal,8,28,34,43,34,7,7,1,80
RL_parent_seen_SDE,libero_goal,8,28,35,38,35,7,7,1,67
RL_parent_seen_SDE,libero_goal,9,29,32,15,32,7,7,1,153
RL_parent_seen_SDE,libero_goal,9,29,33,0,33,7,7,0,300
RL_parent_seen_SDE,libero_goal,9,29,34,14,34,7,7,1,157
RL_parent_seen_SDE,libero_goal,9,29,35,16,35,7,7,0,300
RL_parent_seen_SDE,libero_10,2,32,32,38,32,7,7,1,234
RL_parent_seen_SDE,libero_10,2,32,33,29,33,7,7,1,358
RL_parent_seen_SDE,libero_10,2,32,34,39,34,7,7,1,325
RL_parent_seen_SDE,libero_10,2,32,35,16,35,7,7,1,381
RL_parent_seen_SDE,libero_10,4,34,32,36,32,7,7,1,319
RL_parent_seen_SDE,libero_10,4,34,33,33,33,7,7,1,268
RL_parent_seen_SDE,libero_10,4,34,34,38,34,7,7,1,285
RL_parent_seen_SDE,libero_10,4,34,35,1,35,7,7,0,520
RL_parent_seen_SDE,libero_10,5,35,32,33,32,7,7,0,520
RL_parent_seen_SDE,libero_10,5,35,33,44,33,7,7,0,520
RL_parent_seen_SDE,libero_10,5,35,34,21,34,7,7,1,196
RL_parent_seen_SDE,libero_10,5,35,35,25,35,7,7,1,217
RL_parent_seen_SDE,libero_10,6,36,32,41,32,7,7,1,362
RL_parent_seen_SDE,libero_10,6,36,33,40,33,7,7,1,296
RL_parent_seen_SDE,libero_10,6,36,34,49,34,7,7,1,279
RL_parent_seen_SDE,libero_10,6,36,35,43,35,7,7,1,279
RL_parent_seen_SDE,libero_10,7,37,32,19,32,7,7,0,520
RL_parent_seen_SDE,libero_10,7,37,33,13,33,7,7,0,520
RL_parent_seen_SDE,libero_10,7,37,34,8,34,7,7,1,294
RL_parent_seen_SDE,libero_10,7,37,35,25,35,7,7,1,268
RL_parent_seen_SDE,libero_10,8,38,32,46,32,7,7,0,520
RL_parent_seen_SDE,libero_10,8,38,33,13,33,7,7,0,520
RL_parent_seen_SDE,libero_10,8,38,34,23,34,7,7,0,520
RL_parent_seen_SDE,libero_10,8,38,35,20,35,7,7,0,520
RL_parent_seen_SDE,libero_90,2,42,32,30,32,7,7,1,122
RL_parent_seen_SDE,libero_90,2,42,33,14,33,7,7,1,122
RL_parent_seen_SDE,libero_90,2,42,34,43,34,7,7,1,114
RL_parent_seen_SDE,libero_90,2,42,35,9,35,7,7,1,124
RL_parent_seen_SDE,libero_90,3,43,32,18,32,7,7,1,180
RL_parent_seen_SDE,libero_90,3,43,33,38,33,7,7,1,178
RL_parent_seen_SDE,libero_90,3,43,34,4,34,7,7,1,173
RL_parent_seen_SDE,libero_90,3,43,35,49,35,7,7,1,176
RL_parent_seen_SDE,libero_90,11,51,32,17,32,7,7,1,83
RL_parent_seen_SDE,libero_90,11,51,33,22,33,7,7,1,60
RL_parent_seen_SDE,libero_90,11,51,34,19,34,7,7,1,65
RL_parent_seen_SDE,libero_90,11,51,35,14,35,7,7,1,59
RL_parent_seen_SDE,libero_90,15,55,32,25,32,7,7,1,147
RL_parent_seen_SDE,libero_90,15,55,33,5,33,7,7,1,133
RL_parent_seen_SDE,libero_90,15,55,34,32,34,7,7,1,139
RL_parent_seen_SDE,libero_90,15,55,35,1,35,7,7,1,193
RL_parent_seen_SDE,libero_90,16,56,32,4,32,7,7,1,183
RL_parent_seen_SDE,libero_90,16,56,33,47,33,7,7,1,118
RL_parent_seen_SDE,libero_90,16,56,34,30,34,7,7,1,127
RL_parent_seen_SDE,libero_90,16,56,35,24,35,7,7,1,118
RL_parent_seen_SDE,libero_90,22,62,32,46,32,7,7,0,400
RL_parent_seen_SDE,libero_90,22,62,33,47,33,7,7,1,97
RL_parent_seen_SDE,libero_90,22,62,34,44,34,7,7,1,102
RL_parent_seen_SDE,libero_90,22,62,35,37,35,7,7,0,400
RL_parent_seen_SDE,libero_90,24,64,32,31,32,7,7,1,136
RL_parent_seen_SDE,libero_90,24,64,33,44,33,7,7,1,106
RL_parent_seen_SDE,libero_90,24,64,34,21,34,7,7,1,110
RL_parent_seen_SDE,libero_90,24,64,35,38,35,7,7,1,119
RL_parent_seen_SDE,libero_90,33,73,32,10,32,7,7,1,219
RL_parent_seen_SDE,libero_90,33,73,33,17,33,7,7,1,184
RL_parent_seen_SDE,libero_90,33,73,34,44,34,7,7,0,400
RL_parent_seen_SDE,libero_90,33,73,35,47,35,7,7,1,174
RL_parent_seen_SDE,libero_90,55,95,32,43,32,7,7,1,103
RL_parent_seen_SDE,libero_90,55,95,33,15,33,7,7,1,95
RL_parent_seen_SDE,libero_90,55,95,34,9,34,7,7,1,366
RL_parent_seen_SDE,libero_90,55,95,35,38,35,7,7,1,105
RL_parent_seen_SDE,libero_90,56,96,32,1,32,7,7,1,84
RL_parent_seen_SDE,libero_90,56,96,33,15,33,7,7,1,99
RL_parent_seen_SDE,libero_90,56,96,34,49,34,7,7,1,97
RL_parent_seen_SDE,libero_90,56,96,35,0,35,7,7,1,92
RL_parent_seen_SDE,libero_90,57,97,32,16,32,7,7,1,133
RL_parent_seen_SDE,libero_90,57,97,33,9,33,7,7,1,148
RL_parent_seen_SDE,libero_90,57,97,34,0,34,7,7,1,138
RL_parent_seen_SDE,libero_90,57,97,35,6,35,7,7,1,148
RL_parent_seen_SDE,libero_90,61,101,32,31,32,7,7,1,152
RL_parent_seen_SDE,libero_90,61,101,33,18,33,7,7,1,152
RL_parent_seen_SDE,libero_90,61,101,34,32,34,7,7,1,136
RL_parent_seen_SDE,libero_90,61,101,35,7,35,7,7,1,138
